datetime;open;high;low;close;volume;adjclose
2008-11-19;20.291667938232422;20.38888931274414;13.88888931274414;14.5625;2392848;12.09526538848877
2008-11-20;13.909722328186035;14.5625;9.590277671813965;10.17361068725586;8704656;8.44996166229248
2008-11-21;12.256943702697754;13.125;8.13888931274414;11.11111068725586;11770416;9.228623390197754
2008-11-24;12.9375;16.63194465637207;12.027777671813965;14.57638931274414;8626320;12.10680103302002
2008-11-25;17.01388931274414;18.48611068725586;15.055556297302246;17.22222137451172;9135936;14.304369926452637
2008-11-26;16.0;20.13888931274414;15.625;19.958332061767578;5217984;16.576915740966797
2008-11-28;20.15277862548828;21.97222137451172;19.61805534362793;21.333332061767578;1990368;17.71895980834961
2008-12-01;19.11805534362793;19.24305534362793;11.86111068725586;12.152777671813965;7285680;10.093806266784668
2008-12-02;12.715277671813965;13.993056297302246;11.270833015441895;13.75;12267792;11.420422554016113
2008-12-03;12.541666984558105;16.0625;12.368056297302246;15.79861068725586;12839904;13.1219482421875
2008-12-04;15.159722328186035;17.979167938232422;14.48611068725586;15.1875;11968992;12.614375114440918
2008-12-05;14.57638931274414;18.92361068725586;14.51388931274414;18.59027862548828;14646096;15.440638542175293
2008-12-08;21.07638931274414;22.69444465637207;20.34722137451172;21.88194465637207;14047200;18.174623489379883
2008-12-09;20.94444465637207;22.56944465637207;18.93055534362793;19.11805534362793;13600656;15.87900447845459
2008-12-10;20.125;20.23611068725586;17.63888931274414;19.23611068725586;12672000;15.977060317993164
2008-12-11;18.166667938232422;18.645832061767578;14.583333015441895;15.11111068725586;13038480;12.550929069519043
2008-12-12;12.98611068725586;15.98611068725586;12.715277671813965;15.73611068725586;17100288;13.070038795471191
2008-12-15;15.881943702697754;15.881943702697754;13.38888931274414;14.083333015441895;10703232;11.697280883789062
2008-12-16;14.875;18.25;14.805556297302246;18.11805534362793;15984288;15.048426628112793
2008-12-17;17.29861068725586;19.40972137451172;16.90972137451172;17.84722137451172;16822368;14.850231170654297
2008-12-18;18.395832061767578;18.82638931274414;15.854166984558105;16.50694465637207;11686752;13.735017776489258
2008-12-19;16.72222137451172;17.68055534362793;15.743056297302246;16.38888931274414;11412288;13.63679027557373
2008-12-22;16.72222137451172;16.78472137451172;14.3125;15.118056297302246;9411552;12.57935619354248
2008-12-23;15.430556297302246;15.604166984558105;14.23611068725586;14.23611068725586;9400032;11.845514297485352
2008-12-24;14.36111068725586;14.86111068725586;14.041666984558105;14.6875;3300768;12.22110652923584
2008-12-26;15.277777671813965;15.625;14.5;14.86111068725586;3337200;12.365561485290527
2008-12-29;15.104166984558105;15.145833015441895;13.805556297302246;14.416666984558105;5497056;11.99575138092041
2008-12-30;14.520833015441895;16.0625;14.520833015441895;15.972222328186035;6333120;13.29008960723877
2008-12-31;16.09722137451172;17.8125;15.909722328186035;17.6875;9345888;14.717328071594238
2009-01-02;17.63194465637207;18.51388931274414;16.38194465637207;17.979167938232422;10192176;14.9600191116333
2009-01-05;17.65972137451172;18.36111068725586;16.916667938232422;17.31944465637207;9434160;14.411080360412598
2009-01-06;17.86111068725586;18.75;17.53472137451172;18.15277862548828;11635920;15.104471206665039
2009-01-07;17.24305534362793;17.36111068725586;15.625;15.659722328186035;10223136;13.03006649017334
2009-01-08;15.354166984558105;16.11111068725586;15.055556297302246;15.875;9951840;13.209192276000977
2009-01-09;16.0625;16.11111068725586;14.11111068725586;14.215277671813965;11605680;11.828179359436035
2009-01-12;14.131943702697754;14.20138931274414;11.631943702697754;12.0625;15686928;10.036909103393555
2009-01-13;11.479166984558105;12.9375;11.333333015441895;12.472222328186035;21438864;10.377829551696777
2009-01-14;11.42361068725586;11.666666984558105;10.430556297302246;10.541666984558105;26588880;8.771459579467773
2009-01-15;10.61111068725586;10.6875;8.368056297302246;9.42361068725586;57221280;7.841152191162109
2009-01-16;10.48611068725586;10.680556297302246;7.840278148651123;8.895833015441895;58245408;7.402002811431885
2009-01-20;7.840278148651123;7.881944179534912;5.2083330154418945;5.298611164093018;104164272;4.40884256362915
2009-01-21;5.7916669845581055;6.965278148651123;5.277778148651123;6.875;106899408;5.720515727996826
2009-01-22;6.055555820465088;6.75;5.375;5.819444179534912;119303136;4.8422136306762695
2009-01-23;5.131944179534912;6.472221851348877;5.006944179534912;6.256944179534912;114519600;5.2062482833862305
2009-01-26;6.576388835906982;7.0625;5.7708330154418945;6.006944179534912;105678864;4.998229026794434
2009-01-27;6.402778148651123;6.631944179534912;6.0625;6.4583330154418945;82338336;5.373819351196289
2009-01-28;7.736111164093018;8.70138931274414;7.659721851348877;8.569443702697754;125130816;7.130422592163086
2009-01-29;7.736111164093018;7.9791669845581055;6.763888835906982;6.861111164093018;85907376;5.708960056304932
2009-01-30;7.097221851348877;7.2708330154418945;6.076388835906982;6.368055820465088;117647424;5.298701763153076
2009-02-02;5.8125;6.493055820465088;5.736111164093018;6.368055820465088;94885344;5.298701763153076
2009-02-03;6.638888835906982;6.6666669845581055;5.798611164093018;6.055555820465088;99944208;5.038677215576172
2009-02-04;6.215278148651123;6.5625;5.7916669845581055;5.8541669845581055;99108576;4.871108055114746
2009-02-05;5.722221851348877;6.597221851348877;5.305555820465088;6.222221851348877;160409952;5.177356719970703
2009-02-06;6.6875;7.590278148651123;6.5833330154418945;7.4375;113983344;6.188558578491211
2009-02-09;7.638888835906982;8.006943702697754;7.298611164093018;7.7291669845581055;94314096;6.431248664855957
2009-02-10;7.472221851348877;7.625;5.5;5.652778148651123;232251696;4.7035369873046875
2009-02-11;5.8541669845581055;6.284721851348877;5.75;6.243055820465088;128451600;5.1946916580200195
2009-02-12;5.763888835906982;6.138888835906982;5.138888835906982;6.0416669845581055;198871920;5.0271220207214355
2009-02-13;5.756944179534912;6.006944179534912;5.4583330154418945;5.506944179534912;140429520;4.582192420959473
2009-02-17;4.875;4.902778148651123;4.159721851348877;4.1666669845581055;192653712;3.4669806957244873
2009-02-18;4.4166669845581055;4.430555820465088;3.784722089767456;4.055555820465088;215870544;3.3745274543762207
2009-02-19;4.263888835906982;4.3541669845581055;3.444443941116333;3.5;178989264;2.9122633934020996
2009-02-20;2.965277910232544;3.75;2.722222089767456;3.402777910232544;295937280;2.8313674926757812
2009-02-23;3.7083330154418945;3.7708330154418945;3.0625;3.0625;223358832;2.5482301712036133
2009-02-24;3.1388890743255615;3.9583330154418945;3.0416669845581055;3.902777910232544;250673616;3.2474050521850586
2009-02-25;3.8125;4.375;3.3333330154418945;3.8888890743255615;324347328;3.2358481884002686
2009-02-26;4.277778148651123;4.569444179534912;3.909722089767456;4.034721851348877;249564384;3.357192039489746
2009-02-27;3.368056058883667;3.868056058883667;3.3263890743255615;3.402777910232544;226744128;2.8313674926757812
2009-03-02;3.1111109256744385;3.194443941116333;2.7083330154418945;2.756943941116333;231408432;2.2939844131469727
2009-03-03;2.972222089767456;3.006943941116333;2.506943941116333;2.652777910232544;264354192;2.2073111534118652
2009-03-04;2.8958330154418945;2.902777910232544;2.381943941116333;2.5833330154418945;343426464;2.1495273113250732
2009-03-05;2.4166669845581055;2.4375;1.7777780294418335;1.9097219705581665;421725312;1.5890322923660278
2009-03-06;1.9722219705581665;2.0833330154418945;1.611111044883728;1.8333330154418945;337931136;1.5254710912704468
2009-03-09;1.756943941116333;2.055556058883667;1.701388955116272;1.875;427149504;1.5601410865783691
2009-03-10;2.194443941116333;2.625;2.1458330154418945;2.590277910232544;423921168;2.1553056240081787
2009-03-11;2.868056058883667;3.034722089767456;2.6111109256744385;2.7916669845581055;505814832;2.3228774070739746
2009-03-12;2.7361109256744385;3.597222089767456;2.6388890743255615;3.506943941116333;440954640;2.918041706085205
2009-03-13;3.7013890743255615;3.8263890743255615;3.1875;3.5763890743255615;500768640;2.975825309753418
2009-03-16;3.819443941116333;4.097221851348877;3.340277910232544;3.381943941116333;392534208;2.8140313625335693
2009-03-17;3.3541669845581055;3.9583330154418945;3.2013890743255615;3.8958330154418945;342897120;3.241626501083374
2009-03-18;3.777777910232544;5.0;3.7291669845581055;4.972221851348877;544582368;4.137262344360352
2009-03-19;5.381944179534912;5.4166669845581055;3.9583330154418945;3.9791669845581055;515622528;3.310966730117798
2009-03-20;4.0;4.027778148651123;3.402777910232544;3.4791669845581055;402910416;2.894928455352783
2009-03-23;4.298611164093018;4.972221851348877;4.013888835906982;4.9166669845581055;423081936;4.091036796569824
2009-03-24;4.513888835906982;5.1458330154418945;4.201388835906982;4.25;456431184;3.5443294048309326
2009-03-25;4.527778148651123;4.861111164093018;3.819443941116333;4.569444179534912;593010720;3.8107335567474365
2009-03-26;4.7708330154418945;4.861111164093018;4.3125;4.763888835906982;465209136;3.9728922843933105
2009-03-27;4.430555820465088;4.798611164093018;4.3541669845581055;4.402778148651123;365288544;3.6717400550842285
2009-03-30;3.743056058883667;3.8958330154418945;3.305556058883667;3.368056058883667;428119344;2.808823585510254
2009-03-31;3.6111109256744385;4.013888835906982;3.472222089767456;3.819443941116333;436733568;3.185263156890869
2009-04-01;3.555556058883667;4.201388835906982;3.5416669845581055;4.125;419792544;3.440084457397461
2009-04-02;4.715278148651123;4.75;4.319444179534912;4.4583330154418945;484571664;3.7180700302124023
2009-04-03;4.319444179534912;5.0;4.305555820465088;5.0;331127280;4.1697998046875
2009-04-06;4.6041669845581055;4.826388835906982;4.4583330154418945;4.659721851348877;363407040;3.886021852493286
2009-04-07;4.3541669845581055;4.5833330154418945;4.236111164093018;4.243055820465088;294896304;3.5385384559631348
2009-04-08;4.402778148651123;4.493055820465088;4.069444179534912;4.298611164093018;290395584;3.5848686695098877
2009-04-09;5.159721851348877;6.097221851348877;5.111111164093018;6.048611164093018;463005504;5.044297695159912
2009-04-13;5.763888835906982;6.9791669845581055;5.631944179534912;6.7708330154418945;476010432;5.646603584289551
2009-04-14;6.5833330154418945;6.756944179534912;5.361111164093018;5.444444179534912;537480288;4.540447235107422
2009-04-15;5.138888835906982;6.222221851348877;5.006944179534912;6.159721851348877;398514960;5.136961936950684
2009-04-16;6.3958330154418945;6.590278148651123;5.722221851348877;6.277778148651123;444719952;5.235414505004883
2009-04-17;6.194444179534912;6.819444179534912;5.951388835906982;6.527778148651123;460764432;5.443902969360352
2009-04-20;5.8125;5.840278148651123;4.534721851348877;4.555555820465088;494976672;3.7991504669189453
2009-04-21;3.944443941116333;5.4375;3.8888890743255615;5.423611164093018;715300128;4.523075103759766
2009-04-22;4.909721851348877;5.798611164093018;4.861111164093018;4.9375;609362496;4.117677211761475
2009-04-23;5.180555820465088;5.5208330154418945;4.875;5.451388835906982;436762800;4.546239852905273
2009-04-24;5.534721851348877;6.118055820465088;5.298611164093018;5.840278148651123;581256000;4.8705573081970215
2009-04-27;5.430555820465088;5.8333330154418945;5.263888835906982;5.381944179534912;384874128;4.488325595855713
2009-04-28;5.055555820465088;5.472221851348877;4.9791669845581055;5.1666669845581055;323154288;4.308792591094971
2009-04-29;5.361111164093018;5.888888835906982;5.3541669845581055;5.715278148651123;378220320;4.766313076019287
2009-04-30;6.034721851348877;6.1875;5.618055820465088;5.6458330154418945;343729296;4.708398342132568
2009-05-01;5.611111164093018;5.784721851348877;5.347221851348877;5.430555820465088;271593216;4.528865814208984
2009-05-04;5.618055820465088;6.8958330154418945;5.4166669845581055;6.888888835906982;392658192;5.74505615234375
2009-05-05;6.548611164093018;6.944444179534912;6.4583330154418945;6.6458330154418945;322735104;5.5423583984375
2009-05-06;7.076388835906982;8.055556297302246;7.006944179534912;7.9375;519660000;6.619555473327637
2009-05-07;8.868056297302246;9.215277671813965;6.951388835906982;7.243055820465088;482511312;6.040417671203613
2009-05-08;7.722221851348877;8.791666984558105;7.409721851348877;8.715277671813965;396524448;7.268192291259766
2009-05-11;7.840278148651123;8.23611068725586;7.25;7.305555820465088;298819440;6.0925397872924805
2009-05-12;7.5625;7.597221851348877;6.305555820465088;6.8958330154418945;474497136;5.750847816467285
2009-05-13;6.430555820465088;6.506944179534912;5.784721851348877;5.902778148651123;383688144;4.922680854797363
2009-05-14;5.777778148651123;6.5625;5.75;6.409721851348877;401858784;5.345451831817627
2009-05-15;6.4166669845581055;6.597221851348877;5.909721851348877;6.069444179534912;302571648;5.061672210693359
2009-05-18;6.4583330154418945;7.256944179534912;6.3958330154418945;7.159721851348877;309964464;5.970919609069824
2009-05-19;7.173611164093018;7.4375;6.694444179534912;6.743055820465088;356543856;5.623437881469727
2009-05-20;7.1666669845581055;7.263888835906982;6.1666669845581055;6.2916669845581055;434448000;5.246996879577637
2009-05-21;6.013888835906982;6.465278148651123;5.972221851348877;6.2916669845581055;372771360;5.246996879577637
2009-05-22;6.409721851348877;6.451388835906982;6.090278148651123;6.097221851348877;212469552;5.084837436676025
2009-05-26;5.951388835906982;6.805555820465088;5.944444179534912;6.743055820465088;312516576;5.623437881469727
2009-05-27;6.875;6.9375;6.111111164093018;6.138888835906982;325952496;5.119586944580078
2009-05-28;6.305555820465088;6.618055820465088;5.993055820465088;6.576388835906982;347244912;5.484443664550781
2009-05-29;6.6458330154418945;7.006944179534912;6.423611164093018;6.944444179534912;246464352;5.79138708114624
2009-06-01;7.180555820465088;7.548611164093018;6.993055820465088;7.263888835906982;344202624;6.057793140411377
2009-06-02;7.090278148651123;7.159721851348877;6.8333330154418945;6.993055820465088;252324432;5.8319268226623535
2009-06-03;6.798611164093018;6.951388835906982;6.527778148651123;6.722221851348877;209716704;5.606064796447754
2009-06-04;6.875;7.340278148651123;6.819444179534912;7.305555820465088;263302704;6.0925397872924805
2009-06-05;7.6041669845581055;7.6875;7.027778148651123;7.1458330154418945;320356656;5.9593377113342285
2009-06-08;7.006944179534912;7.465278148651123;6.944444179534912;7.243055820465088;228453696;6.040417671203613
2009-06-09;7.368055820465088;7.465278148651123;7.201388835906982;7.381944179534912;226417824;6.15624475479126
2009-06-10;7.513888835906982;7.527778148651123;6.8958330154418945;7.111111164093018;268521120;5.9303812980651855
2009-06-11;7.1458330154418945;7.5;7.1041669845581055;7.222221851348877;233825472;6.02304220199585
2009-06-12;7.256944179534912;7.3333330154418945;7.138888835906982;7.326388835906982;126464688;6.1099138259887695
2009-06-15;7.138888835906982;7.1666669845581055;6.722221851348877;6.763888835906982;222935616;5.640811920166016
2009-06-16;6.840278148651123;6.875;6.388888835906982;6.430555820465088;234332784;5.362826824188232
2009-06-17;6.375;6.409721851348877;5.840278148651123;5.993055820465088;339837840;4.997966289520264
2009-06-18;6.0416669845581055;6.388888835906982;6.006944179534912;6.340278148651123;220700736;5.287538051605225
2009-06-19;6.5;6.680555820465088;6.305555820465088;6.618055820465088;228415104;5.519192218780518
2009-06-22;6.368055820465088;6.4791669845581055;5.569444179534912;5.576388835906982;330008256;4.650484085083008
2009-06-23;5.680555820465088;5.868055820465088;5.506944179534912;5.763888835906982;319119552;4.813446044921875
2009-06-24;5.951388835906982;6.152778148651123;5.7916669845581055;5.923611164093018;247668048;4.946830749511719
2009-06-25;5.826388835906982;6.243055820465088;5.756944179534912;6.236111164093018;256744656;5.207800388336182
2009-06-26;6.194444179534912;6.451388835906982;6.125;6.3541669845581055;193204368;5.306390285491943
2009-06-29;6.4166669845581055;6.631944179534912;6.236111164093018;6.576388835906982;190005264;5.491966724395752
2009-06-30;6.6041669845581055;6.6458330154418945;6.2916669845581055;6.4166669845581055;220608288;5.358583927154541
2009-07-01;6.5;6.569444179534912;6.3541669845581055;6.368055820465088;146233728;5.31798791885376
2009-07-02;6.173611164093018;6.173611164093018;5.777778148651123;5.7916669845581055;208772784;4.836642742156982
2009-07-06;5.6041669845581055;5.805555820465088;5.4791669845581055;5.7916669845581055;221347008;4.836642742156982
2009-07-07;5.777778148651123;5.8125;5.451388835906982;5.4791669845581055;214001856;4.575673580169678
2009-07-08;5.534721851348877;5.548611164093018;4.875;5.215278148651123;71687232;4.355299472808838
2009-07-09;5.434721946716309;5.548611164093018;5.283332824707031;5.402778148651123;368895600;4.511879920959473
2009-07-10;5.269443988800049;5.331943988800049;5.138888835906982;5.202777862548828;294616080;4.3448591232299805
2009-07-13;5.47777795791626;6.105556011199951;5.4069437980651855;6.08472204208374;378661680;5.081374645233154
2009-07-14;6.1430559158325195;6.1458330154418945;5.838889122009277;6.051389217376709;259286400;5.053537845611572
2009-07-15;6.275000095367432;6.920833110809326;6.255556106567383;6.737500190734863;408332880;5.626511096954346
2009-07-16;6.569444179534912;6.904167175292969;6.4194440841674805;6.755556106567383;321716160;5.641589641571045
2009-07-17;6.745832920074463;6.8125;6.487500190734863;6.601388931274414;244476720;5.512843608856201
2009-07-20;6.726388931274414;6.863889217376709;6.672222137451172;6.805555820465088;228965040;5.683346271514893
2009-07-21;6.800000190734863;6.868055820465088;6.461111068725586;6.661110877990723;242370000;5.562717914581299
2009-07-22;6.3444437980651855;6.815278053283691;6.308332920074463;6.673611164093018;274161600;5.5731587409973145
2009-07-23;6.6694440841674805;7.2916669845581055;6.591667175292969;7.1777777671813965;305105760;5.994189739227295
2009-07-24;7.011110782623291;7.2194437980651855;6.881944179534912;7.151389122009277;193185360;5.972152233123779
2009-07-27;7.161110877990723;7.466667175292969;7.090278148651123;7.462500095367432;220694400;6.231962203979492
2009-07-28;7.27222204208374;7.462500095367432;7.2194437980651855;7.377778053283691;203329440;6.1612114906311035
2009-07-29;7.255556106567383;7.454166889190674;7.223610877990723;7.359722137451172;175332240;6.1461310386657715
2009-07-30;7.577777862548828;8.090277671813965;7.577777862548828;7.855556011199951;279713520;6.560204982757568
2009-07-31;7.829166889190674;8.058333396911621;7.737500190734863;7.995832920074463;225531360;6.6773505210876465
2009-08-03;8.461111068725586;8.634721755981445;8.32361125946045;8.627778053283691;211891680;7.2050909996032715
2009-08-04;8.512499809265137;9.255556106567383;8.441666603088379;9.152777671813965;253010160;7.643519401550293
2009-08-05;9.283332824707031;10.108332633972168;9.147221565246582;9.984722137451172;309785760;8.338277816772461
2009-08-06;10.495833396911621;10.555556297302246;9.583333015441895;9.79444408416748;315527760;8.179375648498535
2009-08-07;10.220832824707031;11.022221565246582;10.059721946716309;10.568056106567383;318583440;8.825422286987305
2009-08-10;10.565278053283691;10.75;10.07361125946045;10.365278244018555;212224320;8.656083106994629
2009-08-11;10.184721946716309;10.241666793823242;9.333333015441895;9.380556106567383;274022640;7.833737373352051
2009-08-12;9.255556106567383;10.090277671813965;9.248611450195312;9.881943702697754;316667520;8.252449035644531
2009-08-13;10.272221565246582;10.413888931274414;9.800000190734863;10.409722328186035;282345840;8.693196296691895
2009-08-14;10.362500190734863;10.390277862548828;9.776389122009277;10.223610877990723;249851520;8.537775039672852
2009-08-17;9.362500190734863;9.402777671813965;8.972222328186035;9.023611068725586;275884560;7.5356526374816895
2009-08-18;9.251388549804688;9.579167366027832;9.194443702697754;9.45555591583252;223931520;7.8963727951049805
2009-08-19;9.052778244018555;9.609722137451172;9.009721755981445;9.461111068725586;229438080;7.901011943817139
2009-08-20;9.541666984558105;10.13888931274414;9.51388931274414;10.126388549804688;251447760;8.456583976745605
2009-08-21;10.45138931274414;10.872221946716309;10.318056106567383;10.754166603088379;270797040;8.980844497680664
2009-08-24;11.148611068725586;11.319443702697754;10.409722328186035;10.48888874053955;315959760;8.75931167602539
2009-08-25;10.727778434753418;11.109722137451172;10.70138931274414;10.79444408416748;316371600;9.014482498168945
2009-08-26;10.711111068725586;10.972222328186035;10.452777862548828;10.784722328186035;258261120;9.006362915039062
2009-08-27;10.76805591583252;11.147221565246582;10.427778244018555;11.070833206176758;233388000;9.245295524597168
2009-08-28;11.347222328186035;11.431943893432617;10.790278434753418;11.13888931274414;238584240;9.302129745483398
2009-08-31;10.574999809265137;11.040278434753418;10.555556297302246;10.993056297302246;193511520;9.180343627929688
2009-09-01;10.834721565246582;11.152777671813965;9.376388549804688;9.458333015441895;430595280;7.898691654205322
2009-09-02;9.181943893432617;9.568056106567383;9.081944465637207;9.141667366027832;254588400;7.634243011474609
2009-09-03;9.438888549804688;9.756943702697754;9.241666793823242;9.727778434753418;194823360;8.123705863952637
2009-09-04;9.822221755981445;9.968055725097656;9.54861068725586;9.9375;189149760;8.298846244812012
2009-09-08;10.334721565246582;10.379166603088379;9.95138931274414;10.166666984558105;193286880;8.490221977233887
2009-09-09;10.172222137451172;10.652777671813965;10.090277671813965;10.552778244018555;214210080;8.812665939331055
2009-09-10;10.484722137451172;10.865278244018555;10.118056297302246;10.824999809265137;232067520;9.039999961853027
2009-09-11;10.887499809265137;10.930556297302246;10.598610877990723;10.649999618530273;202205520;8.8938570022583
2009-09-14;10.3125;11.109722137451172;10.26388931274414;11.05138874053955;206365680;9.229056358337402
2009-09-15;11.102778434753418;11.45555591583252;10.777777671813965;11.1875;277014960;9.342723846435547
2009-09-16;11.33055591583252;12.266667366027832;11.266667366027832;12.227778434753418;292227120;10.21146297454834
2009-09-17;12.251388549804688;12.645833015441895;11.876388549804688;12.100000381469727;322156800;10.104757308959961
2009-09-18;12.26111125946045;12.333333015441895;11.877778053283691;12.081944465637207;199082880;10.089676856994629
2009-09-21;11.805556297302246;11.940278053283691;11.648611068725586;11.770833015441895;151574400;9.82986831665039
2009-09-22;12.183333396911621;12.5;12.01388931274414;12.45138931274414;181602720;10.418610572814941
2009-09-23;12.529167175292969;12.686111450195312;11.737500190734863;11.765277862548828;245161440;9.844511985778809
2009-09-24;11.977778434753418;12.041666984558105;10.895833015441895;11.122221946716309;235366560;9.306439399719238
2009-09-25;10.869443893432617;11.13888931274414;10.556943893432617;10.790278434753418;189233280;9.028687477111816
2009-09-28;10.962499618530273;11.837499618530273;10.902777671813965;11.811111450195312;184083840;9.882863998413086
2009-09-29;11.936111450195312;12.17361068725586;11.581944465637207;11.629166603088379;213550560;9.730622291564941
2009-09-30;11.833333015441895;11.916666984558105;11.094444274902344;11.406944274902344;279768960;9.544676780700684
2009-10-01;11.279167175292969;11.352778434753418;10.069443702697754;10.083333015441895;286359120;8.437154769897461
2009-10-02;9.556943893432617;10.408332824707031;9.480555534362793;10.022221565246582;283047120;8.386021614074707
2009-10-05;10.387499809265137;10.945833206176758;10.297222137451172;10.89305591583252;216649440;9.11468505859375
2009-10-06;11.26388931274414;11.61111068725586;10.837499618530273;11.291666984558105;274354560;9.448222160339355
2009-10-07;11.115278244018555;11.595832824707031;11.055556297302246;11.586111068725586;213002640;9.694598197937012
2009-10-08;11.895833015441895;12.07361125946045;11.61111068725586;11.69861125946045;229636080;9.788731575012207
2009-10-09;11.623611450195312;12.023611068725586;11.550000190734863;12.002778053283691;149733360;10.043235778808594
2009-10-12;12.251388549804688;12.304166793823242;12.002778053283691;12.251388549804688;155540880;10.251259803771973
2009-10-13;12.030555725097656;12.151389122009277;11.631943702697754;11.931943893432617;187974720;9.983966827392578
2009-10-14;12.615278244018555;13.130556106567383;12.422222137451172;13.040278434753418;253954800;10.911357879638672
2009-10-15;12.726388931274414;12.806943893432617;12.443056106567383;12.772221565246582;213536160;10.68706226348877
2009-10-16;12.118056297302246;12.212499618530273;11.851388931274414;11.927778244018555;204350400;9.980484962463379
2009-10-19;12.087499618530273;12.276389122009277;11.777777671813965;12.100000381469727;175515120;10.124589920043945
2009-10-20;12.077777862548828;12.20138931274414;11.754166603088379;11.834721565246582;169050240;9.902616500854492
2009-10-21;11.699999809265137;12.279167175292969;11.194443702697754;11.227778434753418;237813840;9.394762992858887
2009-10-22;11.344444274902344;12.149999618530273;11.19861125946045;12.100000381469727;248807520;10.124589920043945
2009-10-23;12.197221755981445;12.255556106567383;11.404167175292969;11.600000381469727;211860720;9.706214904785156
2009-10-26;11.618056297302246;11.715277671813965;10.63611125946045;10.809721946716309;255497040;9.04495906829834
2009-10-27;10.819443702697754;10.95138931274414;10.399999618530273;10.597222328186035;244623600;8.867149353027344
2009-10-28;10.487500190734863;10.590277671813965;9.593055725097656;9.649999618530273;311914800;8.074567794799805
2009-10-29;10.13888931274414;10.76111125946045;9.943056106567383;10.743056297302246;298079280;8.989173889160156
2009-10-30;10.458333015441895;10.5;9.208333015441895;9.387499809265137;404249760;7.854922771453857
2009-11-02;9.609722137451172;10.004166603088379;8.86111068725586;9.5625;436562640;8.00135326385498
2009-11-03;9.177778244018555;9.756943702697754;9.122221946716309;9.668055534362793;355322880;8.089677810668945
2009-11-04;10.054166793823242;10.163888931274414;9.291666984558105;9.33055591583252;337597920;7.807274341583252
2009-11-05;9.520833015441895;10.0;9.370833396911621;9.993056297302246;272486160;8.361616134643555
2009-11-06;9.512499809265137;9.990278244018555;9.493056297302246;9.881943702697754;245144880;8.268643379211426
2009-11-09;10.241666793823242;10.911110877990723;10.126388549804688;10.911110877990723;246571200;9.129794120788574
2009-11-10;10.76805591583252;10.995833396911621;10.506943702697754;10.806943893432617;249521760;9.04262924194336
2009-11-11;11.083333015441895;11.498611450195312;10.979166984558105;11.190278053283691;321585120;9.363385200500488
2009-11-12;11.094444274902344;11.318056106567383;10.536110877990723;10.629166603088379;282260160;8.893877983093262
2009-11-13;10.654167175292969;10.769444465637207;10.327777862548828;10.58055591583252;227944080;8.853204727172852
2009-11-16;10.9375;11.265277862548828;10.755556106567383;10.941666603088379;297946800;9.155363082885742
2009-11-17;10.829167366027832;11.016667366027832;10.73888874053955;10.966667175292969;196746480;9.176279067993164
2009-11-18;10.98611068725586;11.227778434753418;10.902777671813965;11.186111450195312;202083120;9.359898567199707
2009-11-19;10.979166984558105;10.994443893432617;10.472222328186035;10.579167366027832;235645200;8.852043151855469
2009-11-20;10.320833206176758;10.555556297302246;10.297222137451172;10.420832633972168;167394240;8.71955680847168
2009-11-23;10.75;11.01388931274414;10.662500381469727;10.811111450195312;197074800;9.04611873626709
2009-11-24;10.729166984558105;10.75;10.429166793823242;10.60694408416748;186186960;8.875283241271973
2009-11-25;10.797222137451172;10.80138874053955;10.51111125946045;10.57638931274414;126097920;8.849716186523438
2009-11-27;9.694443702697754;10.212499618530273;9.618056297302246;9.73611068725586;178231680;8.146622657775879
2009-11-30;9.890277862548828;10.520833015441895;9.844444274902344;10.476388931274414;233129520;8.76604175567627
2009-12-01;10.680556297302246;10.754166603088379;10.381943702697754;10.556943893432617;180623520;8.833446502685547
2009-12-02;10.472222328186035;10.6875;10.390277862548828;10.524999618530273;174706560;8.806717872619629
2009-12-03;10.762499809265137;11.05138874053955;9.884721755981445;9.965277671813965;277516080;8.338371276855469
2009-12-04;10.5;10.601388931274414;9.993056297302246;10.438888549804688;309579840;8.734662055969238
2009-12-07;10.368056297302246;10.526389122009277;9.931943893432617;10.027777671813965;155182320;8.390668869018555
2009-12-08;9.894444465637207;9.987500190734863;9.725000381469727;9.791666984558105;186278400;8.193108558654785
2009-12-09;9.833333015441895;10.020833015441895;9.631943702697754;9.876388549804688;190154160;8.263997077941895
2009-12-10;9.965277671813965;10.08055591583252;9.743056297302246;9.855555534362793;144416880;8.246563911437988
2009-12-11;9.891667366027832;10.055556297302246;9.811111450195312;10.043055534362793;129321360;8.403454780578613
2009-12-14;10.152777671813965;10.276389122009277;9.894444465637207;10.276389122009277;116750880;8.598694801330566
2009-12-15;10.127778053283691;10.181943893432617;9.747221946716309;9.834721565246582;128340720;8.229130744934082
2009-12-16;10.0;10.166666984558105;9.902777671813965;10.005556106567383;135990720;8.372076034545898
2009-12-17;9.772221565246582;9.85694408416748;9.55138874053955;9.563888549804688;153416160;8.00251293182373
2009-12-18;9.708333015441895;9.934721946716309;9.554166793823242;9.934721946716309;150030720;8.3128080368042
2009-12-21;10.069443702697754;10.295832633972168;10.04861068725586;10.277777671813965;99930240;8.599855422973633
2009-12-22;10.281944274902344;10.415278434753418;10.244443893432617;10.397221565246582;82158480;8.69980239868164
2009-12-23;10.429166793823242;10.48611068725586;10.251388549804688;10.337499618530273;63241920;8.64982795715332
2009-12-24;10.416666984558105;10.57638931274414;10.395833015441895;10.561111450195312;34684560;8.836935043334961
2009-12-28;10.637499809265137;10.713889122009277;10.394444465637207;10.519444465637207;46575360;8.802069664001465
2009-12-29;10.588889122009277;10.60694408416748;10.412500381469727;10.412500381469727;48851280;8.712584495544434
2009-12-30;10.277777671813965;10.430556297302246;10.243056297302246;10.425000190734863;50420880;8.723045349121094
2009-12-31;10.468055725097656;10.54861068725586;10.280555725097656;10.295832633972168;49806720;8.614962577819824
2010-01-04;10.520833015441895;10.895833015441895;10.504166603088379;10.822221755981445;105567840;9.055416107177734
2010-01-05;10.770833015441895;11.274999618530273;10.75;11.237500190734863;137583360;9.402896881103516
2010-01-06;11.20138931274414;11.427778244018555;11.05138874053955;11.313888549804688;101596320;9.466813087463379
2010-01-07;11.338889122009277;12.102778434753418;11.281944274902344;11.952777862548828;173774160;10.001397132873535
2010-01-08;11.744443893432617;11.936111450195312;11.520833015441895;11.804166793823242;120600720;9.87704849243164
2010-01-11;12.065278053283691;12.086111068725586;11.61388874053955;11.80138874053955;146490480;9.874728202819824
2010-01-12;11.531944274902344;11.677778244018555;11.133333206176758;11.33055591583252;168538320;9.48076057434082
2010-01-13;11.362500190734863;11.82361125946045;11.127778053283691;11.704167366027832;165080880;9.793376922607422
2010-01-14;11.608332633972168;11.962499618530273;11.527777671813965;11.86388874053955;130124880;9.927023887634277
2010-01-15;11.655555725097656;11.718055725097656;11.195833206176758;11.26805591583252;170771760;9.428465843200684
2010-01-19;11.100000381469727;11.663888931274414;11.006943702697754;11.640277862548828;136512000;9.739917755126953
2010-01-20;11.443056106567383;11.722222328186035;11.218055725097656;11.593055725097656;174473280;9.700407981872559
2010-01-21;11.569443702697754;11.76805591583252;10.583333015441895;10.741666793823242;336062160;8.988011360168457
2010-01-22;10.601388931274414;10.752778053283691;9.601388931274414;9.762499809265137;315470880;8.168702125549316
2010-01-25;10.120833396911621;10.20555591583252;9.591667175292969;9.881943702697754;228276720;8.268643379211426
2010-01-26;9.718055725097656;10.145833015441895;9.395833015441895;9.431943893432617;230572800;7.892113208770752
2010-01-27;9.559721946716309;10.095832824707031;9.370833396911621;10.022221565246582;276329520;8.386021614074707
2010-01-28;10.276389122009277;10.300000190734863;9.526389122009277;9.86111068725586;295235280;8.251213073730469
2010-01-29;10.008333206176758;10.254166603088379;9.566666603088379;9.63888931274414;270720720;8.065271377563477
2010-02-01;9.82638931274414;10.13888931274414;9.797222137451172;10.058333396911621;183118320;8.416237831115723
2010-02-02;10.112500190734863;10.415278434753418;10.0;10.341667175292969;184574160;8.653314590454102
2010-02-03;10.241666793823242;10.375;9.945833206176758;10.016667366027832;190293120;8.38137435913086
2010-02-04;9.784722328186035;9.808333396911621;8.819443702697754;8.833333015441895;353311200;7.391226291656494
2010-02-05;8.98194408416748;9.131943702697754;8.308333396911621;9.098610877990723;427062960;7.613197326660156
2010-02-08;9.105555534362793;9.162500381469727;8.569443702697754;8.586111068725586;264970080;7.184365749359131
2010-02-09;8.88888931274414;8.993056297302246;8.48611068725586;8.795832633972168;352267200;7.359849452972412
2010-02-10;8.816666603088379;9.244443893432617;8.683333396911621;8.995833396911621;287787600;7.527196884155273
2010-02-11;9.01388931274414;9.184721946716309;8.777777671813965;9.070833206176758;222932160;7.589954376220703
2010-02-12;8.808333396911621;9.098610877990723;8.648611068725586;9.086111068725586;235800720;7.602735996246338
2010-02-16;9.32638931274414;9.73194408416748;9.186111450195312;9.722222328186035;196473600;8.135001182556152
2010-02-17;9.902777671813965;9.941666603088379;9.67361068725586;9.815278053283691;186829200;8.212862014770508
2010-02-18;9.6875;10.058333396911621;9.666666984558105;9.970832824707031;178476480;8.343021392822266
2010-02-19;9.80138874053955;10.20138931274414;9.790278434753418;10.087499618530273;188355600;8.44063949584961
2010-02-22;10.208333015441895;10.581944465637207;10.152777671813965;10.394444465637207;200883600;8.697477340698242
2010-02-23;10.300000190734863;10.509721755981445;9.811111450195312;9.912500381469727;274174560;8.294212341308594
2010-02-24;9.934721946716309;10.397221565246582;9.933333396911621;10.355555534362793;216104400;8.664937019348145
2010-02-25;9.995833396911621;10.29444408416748;9.805556297302246;10.281944274902344;269275680;8.60334300994873
2010-02-26;10.283332824707031;10.54861068725586;10.133333206176758;10.411110877990723;185101200;8.711420059204102
2010-03-01;10.540278434753418;10.625;10.416666984558105;10.529167175292969;148355280;8.810205459594727
2010-03-02;10.609722137451172;10.894444465637207;10.588889122009277;10.668055534362793;213585120;8.92641544342041
2010-03-03;10.69861125946045;10.905555725097656;10.277777671813965;10.645833015441895;188876160;8.90782356262207
2010-03-04;10.716667175292969;10.941666603088379;10.670832633972168;10.897221565246582;172237680;9.118172645568848
2010-03-05;11.112500190734863;11.609722137451172;11.043055534362793;11.568056106567383;220213440;9.679487228393555
2010-03-08;11.615278244018555;11.781944274902344;11.58055591583252;11.694443702697754;137399040;9.78524112701416
2010-03-09;11.529167175292969;12.027777671813965;11.434721946716309;11.783332824707031;210460320;9.859620094299316
2010-03-10;12.015277862548828;12.36111068725586;11.94861125946045;12.17638874053955;261555120;10.188504219055176
2010-03-11;12.094444274902344;12.495833396911621;12.07361125946045;12.465277671813965;178475040;10.430230140686035
2010-03-12;12.76388931274414;12.8125;12.23611068725586;12.38888931274414;185638320;10.366314888000488
2010-03-15;12.181943893432617;12.456944465637207;11.987500190734863;12.380556106567383;211121280;10.359342575073242
2010-03-16;12.533332824707031;12.868056297302246;12.42361068725586;12.852778434753418;183608640;10.754469871520996
2010-03-17;13.023611068725586;13.449999809265137;13.008333206176758;13.279167175292969;195126480;11.111249923706055
2010-03-18;13.243056297302246;13.295832633972168;12.909722328186035;13.120833396911621;151356960;10.978761672973633
2010-03-19;12.824999809265137;13.262499809265137;12.708333015441895;12.824999809265137;180977040;10.731226921081543
2010-03-22;12.466667175292969;13.077777862548828;12.449999809265137;13.055556297302246;186351120;10.92414379119873
2010-03-23;13.087499618530273;13.306943893432617;12.891667366027832;13.274999618530273;165255120;11.142372131347656
2010-03-24;13.077777862548828;13.501388549804688;13.065278053283691;13.358332633972168;206113680;11.212318420410156
2010-03-25;13.61111068725586;14.305556297302246;13.458333015441895;13.501388549804688;273240720;11.332393646240234
2010-03-26;13.690278053283691;14.01388931274414;13.324999809265137;13.531944274902344;256708080;11.358040809631348
2010-03-29;13.774999618530273;13.845832824707031;13.338889122009277;13.608332633972168;162218160;11.422155380249023
2010-03-30;13.591667175292969;13.744443893432617;13.26111125946045;13.359722137451172;184442400;11.213486671447754
2010-03-31;13.130556106567383;13.588889122009277;13.105555534362793;13.398611068725586;192922560;11.24612808227539
2010-04-01;13.709721565246582;13.82638931274414;13.48888874053955;13.726388931274414;150606000;11.521244049072266
2010-04-05;13.9375;14.195833206176758;13.845832824707031;14.195833206176758;128594880;11.915274620056152
2010-04-06;14.133333206176758;14.754166603088379;14.084721565246582;14.67638874053955;158347440;12.318629264831543
2010-04-07;14.711111068725586;14.922222137451172;14.243056297302246;14.440278053283691;190879200;12.120448112487793
2010-04-08;14.305556297302246;14.904167175292969;14.17361068725586;14.777777671813965;163609200;12.403730392456055
2010-04-09;14.962499618530273;15.059721946716309;14.726388931274414;14.983332633972168;149425200;12.576266288757324
2010-04-12;15.090277671813965;15.315278053283691;15.05138874053955;15.16944408416748;128728800;12.732474327087402
2010-04-13;15.100000381469727;15.315278053283691;14.95555591583252;15.219444274902344;134612640;12.774446487426758
2010-04-14;15.779167175292969;16.391666412353516;15.706944465637207;16.372222900390625;173635920;13.742024421691895
2010-04-15;16.45694351196289;16.558332443237305;16.05555534362793;16.19444465637207;170156160;13.59281063079834
2010-04-16;15.977778434753418;16.03333282470703;13.894444465637207;14.498611450195312;388727280;12.169412612915039
2010-04-19;14.043055534362793;14.991666793823242;14.029167175292969;14.875;360423360;12.485331535339355
2010-04-20;15.237500190734863;15.48611068725586;14.944443702697754;15.484722137451172;202260960;12.997102737426758
2010-04-21;15.512499809265137;15.902777671813965;14.834721565246582;15.287500381469727;274495680;12.831567764282227
2010-04-22;14.902777671813965;15.73611068725586;14.694443702697754;15.645833015441895;249529680;13.132333755493164
2010-04-23;15.722222328186035;15.95555591583252;15.466667175292969;15.82361125946045;170367120;13.281551361083984
2010-04-26;15.804166793823242;15.82361125946045;15.01111125946045;15.068056106567383;146167200;12.647377014160156
2010-04-27;14.630556106567383;15.104166984558105;13.545832633972168;13.631943702697754;262736640;11.441971778869629
2010-04-28;14.155555725097656;14.4375;13.808333396911621;14.155555725097656;218124720;11.881465911865234
2010-04-29;14.554166793823242;15.297222137451172;14.468055725097656;15.070833206176758;142616160;12.649707794189453
2010-04-30;14.858332633972168;14.998611450195312;13.933333396911621;14.019444465637207;187954560;11.767224311828613
2010-05-03;14.354166984558105;14.805556297302246;14.184721946716309;14.699999809265137;124995600;12.338445663452148
2010-05-04;14.154167175292969;14.227778434753418;13.333333015441895;13.586111068725586;618676560;11.40350341796875
2010-05-05;12.908332824707031;13.975000381469727;12.800000190734863;13.354166984558105;109128000;11.208821296691895
2010-05-06;13.199999809265137;13.524999618530273;9.783332824707031;11.737500190734863;198786960;9.851871490478516
2010-05-07;11.75;12.324999809265137;10.783332824707031;11.274999618530273;229759200;9.463671684265137
2010-05-10;12.9375;13.179166793823242;12.5;13.033332824707031;140366640;10.939531326293945
2010-05-11;12.466667175292969;13.475000381469727;12.449999809265137;12.895833015441895;117561120;10.824122428894043
2010-05-12;13.166666984558105;13.395833015441895;12.895833015441895;13.358332633972168;83742960;11.212318420410156
2010-05-13;13.283332824707031;13.404167175292969;12.745833396911621;12.783332824707031;84026400;10.72968864440918
2010-05-14;12.266667366027832;12.266667366027832;11.304166793823242;11.666666984558105;145675680;9.79241943359375
2010-05-17;11.666666984558105;11.979166984558105;10.866666793823242;11.666666984558105;130570560;9.79241943359375
2010-05-18;12.029167175292969;12.037500381469727;10.416666984558105;10.641667366027832;172263600;8.932087898254395
2010-05-19;10.358332633972168;11.024999618530273;10.074999809265137;10.662500381469727;212840880;8.94957160949707
2010-05-20;10.087499618530273;10.204167366027832;9.225000381469727;9.245833396911621;233862480;7.760491371154785
2010-05-21;8.716667175292969;10.245833396911621;8.699999809265137;10.1875;262616880;8.550878524780273
2010-05-24;10.333333015441895;10.333333015441895;9.345832824707031;9.416666984558105;161957280;7.903878211975098
2010-05-25;8.645833015441895;9.612500190734863;8.462499618530273;9.579167366027832;222527520;8.040277481079102
2010-05-26;10.087499618530273;10.145833015441895;9.287500381469727;9.4375;149983920;7.921364784240723
2010-05-27;10.054166793823242;10.662500381469727;9.879166603088379;10.645833015441895;137413920;8.93558120727539
2010-05-28;10.570833206176758;10.591667175292969;9.925000190734863;10.058333396911621;125404560;8.442464828491211
2010-06-01;9.729166984558105;10.116666793823242;9.370833396911621;9.416666984558105;121657200;7.903878211975098
2010-06-02;9.645833015441895;10.183333396911621;9.416666984558105;10.175000190734863;123536160;8.540388107299805
2010-06-03;10.329167366027832;10.370833396911621;9.783332824707031;10.070833206176758;128644320;8.452956199645996
2010-06-04;9.5;9.649999618530273;8.762499809265137;8.858332633972168;201592800;7.435244560241699
2010-06-07;9.008333206176758;9.145833015441895;8.345832824707031;8.395833015441895;159231360;7.047046184539795
2010-06-08;8.520833015441895;8.841667175292969;8.050000190734863;8.779167175292969;229754160;7.368793964385986
2010-06-09;9.008333206176758;9.220832824707031;8.483332633972168;8.600000381469727;142205520;7.218410491943359
2010-06-10;8.954167366027832;9.462499618530273;8.862500190734863;9.416666984558105;141289680;7.903878211975098
2010-06-11;9.141667366027832;9.591667175292969;9.091667175292969;9.508333206176758;114043440;7.980819225311279
2010-06-14;9.758333206176758;9.858332633972168;9.333333015441895;9.370833396911621;131595120;7.865410327911377
2010-06-15;9.566666603088379;10.066666603088379;9.420832633972168;10.016667366027832;121904160;8.407489776611328
2010-06-16;9.8125;10.183333396911621;9.770833015441895;10.012499809265137;111290160;8.403992652893066
2010-06-17;10.104166984558105;10.145833015441895;9.666666984558105;9.966667175292969;101382000;8.365525245666504
2010-06-18;10.045832633972168;10.133333206176758;9.883333206176758;10.079167366027832;76005600;8.459951400756836
2010-06-21;10.416666984558105;10.479166984558105;9.887499809265137;10.037500381469727;102464640;8.42497730255127
2010-06-22;10.024999618530273;10.191666603088379;9.520833015441895;9.541666984558105;109896960;8.008800506591797
2010-06-23;9.541666984558105;9.683333396911621;9.229166984558105;9.429166793823242;112421280;7.914373397827148
2010-06-24;9.262499809265137;9.283332824707031;8.791666984558105;8.866666793823242;151200960;7.4422383308410645
2010-06-25;9.191666603088379;9.600000381469727;8.920832633972168;9.5;156294480;7.973827838897705
2010-06-28;9.520833015441895;9.574999809265137;9.191666603088379;9.25;78552720;7.763988018035889
2010-06-29;8.841667175292969;8.883333206176758;8.079167366027832;8.262499809265137;212959680;6.935131072998047
2010-06-30;8.229166984558105;8.491666793823242;7.900000095367432;7.954166889190674;129930480;6.676330089569092
2010-07-01;7.966667175292969;8.108332633972168;7.25;7.804166793823242;205769040;6.550426959991455
2010-07-02;7.966667175292969;7.991666793823242;7.379167079925537;7.574999809265137;143328960;6.358077049255371
2010-07-06;7.9791669845581055;8.116666793823242;7.387499809265137;7.629167079925537;151867200;6.403542995452881
2010-07-07;7.741666793823242;8.625;7.7291669845581055;8.574999809265137;164420160;7.197428226470947
2010-07-08;8.875;8.920832633972168;8.404167175292969;8.766667366027832;124994880;7.358304500579834
2010-07-09;8.720832824707031;9.204167366027832;8.691666603088379;9.1875;108630000;7.711528301239014
2010-07-12;9.133333206176758;9.258333206176758;8.883333206176758;9.170832633972168;91062240;7.69753885269165
2010-07-13;9.508333206176758;9.9375;9.504166603088379;9.820833206176758;128983440;8.24311637878418
2010-07-14;9.691666603088379;9.716667175292969;9.341667175292969;9.608332633972168;99800160;8.064754486083984
2010-07-15;9.645833015441895;9.679166793823242;8.983332633972168;9.558333396911621;141885600;8.022788047790527
2010-07-16;9.170832633972168;9.25;8.333333015441895;8.391667366027832;165769680;7.043546199798584
2010-07-19;8.429166793823242;8.533332824707031;8.016667366027832;8.379166603088379;105339600;7.033053874969482
2010-07-20;7.912499904632568;8.708333015441895;7.908332824707031;8.675000190734863;123863520;7.281362056732178
2010-07-21;9.083333015441895;9.083333015441895;8.1875;8.25;149331120;6.924638271331787
2010-07-22;8.558333396911621;9.045832633972168;8.541666984558105;8.954167366027832;150407760;7.515682220458984
2010-07-23;8.883333206176758;9.225000381469727;8.6875;9.158332824707031;117964080;7.687047958374023
2010-07-26;9.183333396911621;9.604166984558105;9.091667175292969;9.558333396911621;101039280;8.022788047790527
2010-07-27;9.862500190734863;10.016667366027832;9.5625;9.633333206176758;100777200;8.08574104309082
2010-07-28;9.508333206176758;9.683333396911621;9.279167175292969;9.375;80220720;7.868907928466797
2010-07-29;9.629166603088379;9.695833206176758;9.104166984558105;9.416666984558105;109487760;7.903878211975098
2010-07-30;9.074999809265137;9.574999809265137;9.070833206176758;9.420832633972168;105704400;7.907374858856201
2010-08-02;9.783332824707031;10.079167366027832;9.675000190734863;10.050000190734863;111871920;8.435467720031738
2010-08-03;9.933333396911621;10.108332633972168;9.712499618530273;9.783332824707031;81603120;8.211642265319824
2010-08-04;9.875;9.945833206176758;9.695833206176758;9.875;84104880;8.28858470916748
2010-08-05;9.683333396911621;9.791666984558105;9.600000381469727;9.725000381469727;64654320;8.162679672241211
2010-08-06;9.470832824707031;9.616666793823242;9.179166793823242;9.566666603088379;122275200;8.02978229522705
2010-08-09;9.683333396911621;9.791666984558105;9.454167366027832;9.725000381469727;51186960;8.162679672241211
2010-08-10;9.487500190734863;9.708333015441895;9.279167175292969;9.470832824707031;91923360;7.949345588684082
2010-08-11;9.079167366027832;9.083333015441895;8.495833396911621;8.520833015441895;135147120;7.1519622802734375
2010-08-12;8.266667366027832;8.479166984558105;8.199999809265137;8.341667175292969;87494880;7.001576900482178
2010-08-13;8.350000381469727;8.533332824707031;8.270833015441895;8.287500381469727;71790720;6.956114292144775
2010-08-16;8.208333015441895;8.324999809265137;8.112500190734863;8.237500190734863;65738160;6.914146423339844
2010-08-17;8.475000381469727;8.658332824707031;8.304166793823242;8.433333396911621;77268480;7.078519344329834
2010-08-18;8.458333015441895;8.708333015441895;8.345832824707031;8.529167175292969;68998320;7.158957004547119
2010-08-19;8.404167175292969;8.491666793823242;7.9375;7.991666793823242;123369120;6.707805156707764
2010-08-20;7.9166669845581055;7.962500095367432;7.7083330154418945;7.912499904632568;100887600;6.641357421875
2010-08-23;8.045832633972168;8.0625;7.758333206176758;7.775000095367432;68644080;6.525947570800781
2010-08-24;7.508333206176758;7.616666793823242;7.320833206176758;7.408332824707031;127588080;6.218186378479004
2010-08-25;7.2916669845581055;7.570833206176758;7.1041669845581055;7.491666793823242;106680720;6.288133144378662
2010-08-26;7.625;7.733333110809326;7.258333206176758;7.320833206176758;97216800;6.144741535186768
2010-08-27;7.4166669845581055;7.775000095367432;7.179166793823242;7.766666889190674;108055440;6.518950939178467
2010-08-30;7.658332824707031;7.7083330154418945;7.300000190734863;7.3333330154418945;75893760;6.155234336853027
2010-08-31;7.283332824707031;7.545833110809326;7.137499809265137;7.4583330154418945;101888880;6.2601518630981445
2010-09-01;7.724999904632568;8.291666984558105;7.716667175292969;8.274999618530273;121103760;6.945621013641357
2010-09-02;8.258333206176758;8.520833015441895;8.237500190734863;8.495833396911621;72433920;7.130980014801025
2010-09-03;8.820833206176758;9.020833015441895;8.720832824707031;9.008333206176758;110506800;7.561147212982178
2010-09-07;8.766667366027832;8.779167175292969;8.425000190734863;8.4375;86379840;7.082017421722412
2010-09-08;8.541666984558105;8.804166793823242;8.516667366027832;8.637499809265137;81088080;7.2498860359191895
2010-09-09;9.0;9.100000381469727;8.741666793823242;8.879166603088379;85887360;7.452729225158691
2010-09-10;8.916666984558105;9.029167175292969;8.837499618530273;8.933333396911621;49541520;7.498195171356201
2010-09-13;9.316666603088379;9.5;9.295832633972168;9.462499618530273;85223040;7.942351818084717
2010-09-14;9.354166984558105;9.462499618530273;9.125;9.279167175292969;83053440;7.7884697914123535
2010-09-15;9.0625;9.4375;9.041666984558105;9.387499809265137;67208160;7.879397869110107
2010-09-16;9.316666603088379;9.333333015441895;9.170832633972168;9.304166793823242;55048320;7.809453010559082
2010-09-17;9.433333396911621;9.470832824707031;9.179166793823242;9.225000381469727;57775200;7.743005752563477
2010-09-20;9.291666984558105;9.804166793823242;9.233332633972168;9.741666793823242;92863440;8.176669120788574
2010-09-21;9.8125;9.854166984558105;9.391667366027832;9.504166603088379;95578560;7.977321147918701
2010-09-22;9.287500381469727;9.537500381469727;9.020833015441895;9.079167366027832;79549200;7.620598793029785
2010-09-23;8.816666603088379;9.041666984558105;8.545832633972168;8.612500190734863;92898480;7.228903293609619
2010-09-24;8.904167175292969;9.25;8.887499809265137;9.237500190734863;87142320;7.753497123718262
2010-09-27;9.254166603088379;9.266667366027832;8.945833206176758;8.995833396911621;61227120;7.550651550292969
2010-09-28;9.083333015441895;9.120833396911621;8.754166603088379;9.058333396911621;82926240;7.603114128112793
2010-09-29;8.979166984558105;9.104166984558105;8.779167175292969;8.904167175292969;72876960;7.4737138748168945
2010-09-30;9.050000190734863;9.329167366027832;8.862500190734863;8.891667366027832;108810240;7.463221549987793
2010-10-01;9.125;9.166666984558105;8.837499618530273;9.091667175292969;93638400;7.6310906410217285
2010-10-04;9.029167175292969;9.225000381469727;8.791666984558105;8.933333396911621;80688480;7.498195171356201
2010-10-05;9.137499809265137;9.5625;8.9375;9.479166984558105;131512800;7.95634126663208
2010-10-06;9.483332633972168;9.574999809265137;9.379166603088379;9.454167366027832;71246640;7.935355186462402
2010-10-07;9.570833206176758;9.654167175292969;9.212499618530273;9.354166984558105;71763600;7.851419925689697
2010-10-08;9.358332633972168;9.454167366027832;9.254166603088379;9.408332824707031;54592560;7.896884918212891
2010-10-11;9.466667175292969;9.479166984558105;9.291666984558105;9.387499809265137;40974480;7.879397869110107
2010-10-12;9.258333206176758;9.708333015441895;9.1875;9.662500381469727;63935760;8.110218048095703
2010-10-13;9.837499618530273;9.966667175292969;9.641667366027832;9.745833396911621;79365840;8.180164337158203
2010-10-14;9.574999809265137;9.612500190734863;9.112500190734863;9.350000381469727;121899120;7.847924709320068
2010-10-15;9.433333396911621;9.512499809265137;8.816666603088379;8.962499618530273;119689440;7.522674560546875
2010-10-18;8.887499809265137;9.487500190734863;8.883333206176758;9.425000190734863;69912960;7.910873889923096
2010-10-19;9.287500381469727;9.645833015441895;9.024999618530273;9.120833396911621;116768400;7.655571460723877
2010-10-20;9.154167175292969;9.524999618530273;8.979166984558105;9.441666603088379;103416720;7.924864292144775
2010-10-21;9.533332824707031;9.704167366027832;9.216667175292969;9.387499809265137;80550000;7.879397869110107
2010-10-22;9.441666603088379;9.545832633972168;9.304166793823242;9.399999618530273;41647680;7.889892578125
2010-10-25;9.620833396911621;9.637499809265137;9.291666984558105;9.341667175292969;69201360;7.840928554534912
2010-10-26;9.229166984558105;9.387499809265137;9.154167175292969;9.350000381469727;51045360;7.847924709320068
2010-10-27;9.233332633972168;9.404167175292969;9.166666984558105;9.350000381469727;67809360;7.847924709320068
2010-10-28;9.449999809265137;9.5;9.125;9.270833015441895;74832720;7.7814764976501465
2010-10-29;9.208333015441895;9.291666984558105;9.137499809265137;9.241666793823242;51292560;7.75699520111084
2010-11-01;9.295832633972168;9.483332633972168;9.020833015441895;9.25;71914080;7.763988018035889
2010-11-02;9.391667366027832;9.433333396911621;9.279167175292969;9.350000381469727;53921280;7.847924709320068
2010-11-03;9.375;9.591667175292969;9.1875;9.574999809265137;100508880;8.036775588989258
2010-11-04;9.824999809265137;10.495833396911621;9.820833206176758;10.449999809265137;131241600;8.771210670471191
2010-11-05;10.491666793823242;11.237500190734863;10.449999809265137;11.033332824707031;143250720;9.260828018188477
2010-11-08;11.024999618530273;11.033332824707031;10.533332824707031;10.791666984558105;76124400;9.057989120483398
2010-11-09;10.904167175292969;10.916666984558105;10.054166793823242;10.204167366027832;104799120;8.564868927001953
2010-11-10;10.225000381469727;10.554166793823242;10.004166603088379;10.537500381469727;110175600;8.844651222229004
2010-11-11;10.279167175292969;10.441666603088379;10.133333206176758;10.287500381469727;77772480;8.634814262390137
2010-11-12;10.108332633972168;10.225000381469727;9.725000381469727;9.804166793823242;102701760;8.2291259765625
2010-11-15;9.954167366027832;10.233332633972168;9.858332633972168;9.866666793823242;82666320;8.281588554382324
2010-11-16;9.745833396911621;9.75;9.166666984558105;9.375;140056320;7.868907928466797
2010-11-17;9.379166603088379;9.449999809265137;9.179166793823242;9.241666793823242;95196240;7.75699520111084
2010-11-18;9.579167366027832;9.758333206176758;9.5;9.587499618530273;84910800;8.047269821166992
2010-11-19;9.433333396911621;9.604166984558105;9.333333015441895;9.587499618530273;56746080;8.047269821166992
2010-11-22;9.466667175292969;9.466667175292969;9.087499618530273;9.270833015441895;106842000;7.7814764976501465
2010-11-23;8.954167366027832;9.050000190734863;8.824999809265137;8.866666793823242;107115840;7.4422383308410645
2010-11-24;9.033332824707031;9.266667366027832;8.975000381469727;9.258333206176758;71130000;7.7709832191467285
2010-11-26;9.020833015441895;9.158332824707031;8.941666603088379;8.945833206176758;33418800;7.508686065673828
2010-11-29;8.891667366027832;9.166666984558105;8.779167175292969;9.112500190734863;96068400;7.648577690124512
2010-11-30;8.858332633972168;9.100000381469727;8.837499618530273;8.916666984558105;78507840;7.484202861785889
2010-12-01;9.283332824707031;9.433333396911621;9.195833206176758;9.425000190734863;93594480;7.910873889923096
2010-12-02;9.541666984558105;10.112500190734863;9.516667366027832;10.104166984558105;114021600;8.480935096740723
2010-12-03;9.887499809265137;10.233332633972168;9.770833015441895;10.183333396911621;90772080;8.547383308410645
2010-12-06;10.104166984558105;10.233332633972168;10.004166603088379;10.145833015441895;55855440;8.515908241271973
2010-12-07;10.554166793823242;10.558333396911621;10.095832824707031;10.100000381469727;89913120;8.477435111999512
2010-12-08;10.154167175292969;10.566666603088379;10.137499809265137;10.554166793823242;86304480;8.858642578125
2010-12-09;10.75;10.9375;10.591667175292969;10.879166603088379;73677600;9.131431579589844
2010-12-10;10.945833206176758;11.195833206176758;10.816666603088379;11.170832633972168;67384560;9.376238822937012
2010-12-13;11.316666603088379;11.391667366027832;11.087499618530273;11.162500381469727;64524240;9.369247436523438
2010-12-14;11.199999809265137;11.304166793823242;10.791666984558105;10.899999618530273;60114240;9.148916244506836
2010-12-15;10.774999618530273;11.020833015441895;10.591667175292969;10.616666793823242;71665200;8.911099433898926
2010-12-16;10.729166984558105;10.895833015441895;10.5;10.591667175292969;70906320;8.890116691589355
2010-12-17;10.629166603088379;10.762499809265137;10.5;10.679166793823242;51481200;8.963560104370117
2010-12-20;10.808333396911621;10.866666793823242;10.670832633972168;10.779167175292969;45423840;9.04749584197998
2010-12-21;10.899999618530273;11.262499809265137;10.891667366027832;11.229166984558105;55413840;9.425203323364258
2010-12-22;11.358332633972168;11.6875;11.308333396911621;11.600000381469727;69453840;9.73646068572998
2010-12-23;11.554166793823242;11.579167366027832;11.300000190734863;11.404167175292969;39465120;9.572088241577148
2010-12-27;11.237500190734863;11.6875;11.220832824707031;11.683333396911621;31330800;9.806408882141113
2010-12-28;11.683333396911621;11.766667366027832;11.608332633972168;11.691666603088379;35072160;9.813401222229004
2010-12-29;11.725000381469727;11.75;11.600000381469727;11.654167175292969;23837760;9.781927108764648
2010-12-30;11.658332824707031;11.666666984558105;11.458333015441895;11.554166793823242;29152560;9.697990417480469
2010-12-31;11.487500190734863;11.645833015441895;11.466667175292969;11.600000381469727;19604880;9.73646068572998
2011-01-03;12.016667366027832;12.333333015441895;11.966667175292969;12.266667366027832;60077040;10.29603099822998
2011-01-04;12.379166603088379;12.404167175292969;11.891667366027832;12.149999618530273;60715680;10.198104858398438
2011-01-05;12.050000190734863;12.600000381469727;12.020833015441895;12.550000190734863;69775920;10.533841133117676
2011-01-06;12.616666793823242;12.679166793823242;12.354166984558105;12.379166603088379;59394240;10.390453338623047
2011-01-07;12.479166984558105;12.537500381469727;11.699999809265137;12.083333015441895;103583760;10.142149925231934
2011-01-10;11.887499809265137;12.091667175292969;11.699999809265137;12.008333206176758;78757920;10.079197883605957
2011-01-11;12.229166984558105;12.362500190734863;11.983332633972168;12.170832633972168;55874400;10.215588569641113
2011-01-12;12.487500190734863;12.6875;12.462499618530273;12.670832633972168;69776880;10.63526439666748
2011-01-13;12.6875;12.762499809265137;12.458333015441895;12.566666603088379;58964880;10.547833442687988
2011-01-14;12.533332824707031;13.166666984558105;12.504166603088379;13.108332633972168;69562080;11.002482414245605
2011-01-18;13.0;13.091667175292969;12.795832633972168;12.983332633972168;51313440;10.897561073303223
2011-01-19;12.704167366027832;12.8125;12.083333015441895;12.179166793823242;83181120;10.222580909729004
2011-01-20;12.112500190734863;12.433333396911621;12.0;12.287500381469727;83505360;10.313515663146973
2011-01-21;12.537500381469727;12.708333015441895;12.404167175292969;12.541666984558105;59410560;10.526847839355469
2011-01-24;12.583333015441895;12.679166793823242;12.454167366027832;12.5625;45816960;10.54433536529541
2011-01-25;12.416666984558105;12.608332633972168;12.145833015441895;12.570833206176758;64426320;10.5513334274292
2011-01-26;12.675000190734863;12.75;12.495833396911621;12.541666984558105;48616320;10.526847839355469
2011-01-27;12.533332824707031;12.854166984558105;12.524999618530273;12.824999809265137;48938400;10.764668464660645
2011-01-28;12.879166603088379;13.083333015441895;12.149999618530273;12.175000190734863;89334960;10.219088554382324
2011-01-31;12.295832633972168;12.5625;12.241666793823242;12.479166984558105;50280000;10.47439193725586
2011-02-01;12.695833206176758;13.241666793823242;12.691666603088379;13.166666984558105;72562080;11.051444053649902
2011-02-02;13.066666603088379;13.233332633972168;12.925000190734863;12.958333015441895;43839840;10.876578330993652
2011-02-03;12.929166793823242;13.037500381469727;12.604166984558105;12.958333015441895;54526560;10.876578330993652
2011-02-04;12.983332633972168;12.995833396911621;12.716667175292969;12.966667175292969;38798400;10.883575439453125
2011-02-07;13.120833396911621;13.554166793823242;13.083333015441895;13.483332633972168;52992960;11.317237854003906
2011-02-08;13.483332633972168;13.783332824707031;13.404167175292969;13.733332633972168;54599520;11.527076721191406
2011-02-09;13.512499809265137;13.704167366027832;13.254166603088379;13.495833396911621;57910800;11.327729225158691
2011-02-10;13.291666984558105;13.579167366027832;13.266667366027832;13.541666984558105;47176800;11.36620044708252
2011-02-11;13.416666984558105;14.133333206176758;13.333333015441895;14.029167175292969;59090640;11.775382041931152
2011-02-14;13.991666793823242;14.137499809265137;13.879166603088379;14.104166984558105;36391920;11.838334083557129
2011-02-15;14.020833015441895;14.191666603088379;13.904167175292969;14.012499809265137;43719360;11.761396408081055
2011-02-16;14.166666984558105;14.287500381469727;14.024999618530273;14.212499618530273;48460800;11.929265975952148
2011-02-17;14.083333015441895;14.266667366027832;14.024999618530273;14.199999809265137;38040240;11.918773651123047
2011-02-18;14.25;14.283332824707031;14.133333206176758;14.274999618530273;38298240;11.981720924377441
2011-02-22;13.695833206176758;13.899999618530273;13.020833015441895;13.104166984558105;91307520;10.998984336853027
2011-02-23;13.079167366027832;13.333333015441895;12.462499618530273;12.891667366027832;75554400;10.820622444152832
2011-02-24;12.795832633972168;12.941666603088379;12.345832824707031;12.791666984558105;81903840;10.736688613891602
2011-02-25;13.037500381469727;13.379166603088379;13.004166603088379;13.341667175292969;54847680;11.198333740234375
2011-02-28;13.570833206176758;13.712499618530273;13.370833396911621;13.554166793823242;47201760;11.376693725585938
2011-03-01;13.637499809265137;13.649999618530273;12.733332633972168;12.75;82740960;10.701712608337402
2011-03-02;12.704167366027832;12.854166984558105;12.412500381469727;12.554166793823242;62005680;10.537342071533203
2011-03-03;12.925000190734863;13.320833206176758;12.920832633972168;13.283332824707031;60028080;11.14936637878418
2011-03-04;13.212499618530273;13.220832824707031;12.541666984558105;12.800000190734863;75120960;10.743680953979492
2011-03-07;12.891667366027832;13.054166793823242;12.387499809265137;12.554166793823242;64745520;10.537342071533203
2011-03-08;12.704167366027832;13.333333015441895;12.662500381469727;13.266667366027832;67201200;11.135376930236816
2011-03-09;13.195833206176758;13.433333396911621;12.970832824707031;13.220832824707031;60557760;11.096909523010254
2011-03-10;12.800000190734863;12.8125;11.633333206176758;12.466667175292969;78944880;10.463900566101074
2011-03-11;12.258333206176758;12.770833015441895;12.245833396911621;12.695833206176758;58540320;10.65625
2011-03-14;12.408332824707031;12.504166603088379;12.087499618530273;12.416666984558105;62305200;10.4219331741333
2011-03-15;11.529167175292969;12.137499809265137;11.329167366027832;11.9375;85597680;10.019742965698242
2011-03-16;12.020833015441895;12.037500381469727;11.158332824707031;11.354166984558105;118716480;9.530120849609375
2011-03-17;11.754166603088379;11.824999809265137;11.358332633972168;11.733332633972168;74174880;9.848374366760254
2011-03-18;12.112500190734863;12.354166984558105;12.008333206176758;12.070833206176758;77483280;10.1316556930542
2011-03-21;12.516667366027832;12.520833015441895;12.229166984558105;12.366666793823242;50615040;10.379962921142578
2011-03-22;12.375;12.416666984558105;12.195833206176758;12.199999809265137;38058480;10.240073204040527
2011-03-23;12.083333015441895;12.208333015441895;11.729166984558105;12.108332633972168;50566080;10.163130760192871
2011-03-24;12.216667175292969;12.3125;11.895833015441895;12.270833015441895;40681920;10.299528121948242
2011-03-25;12.345832824707031;12.520833015441895;12.212499618530273;12.366666793823242;40224480;10.379962921142578
2011-03-28;12.395833015441895;12.529167175292969;12.270833015441895;12.274999618530273;29665920;10.303020477294922
2011-03-29;12.229166984558105;12.362500190734863;12.037500381469727;12.362500190734863;33722880;10.376463890075684
2011-03-30;12.550000190734863;12.804166793823242;12.479166984558105;12.695833206176758;46687680;10.65625
2011-03-31;12.533332824707031;12.691666603088379;12.483332633972168;12.616666793823242;32085120;10.589799880981445
2011-04-01;12.854166984558105;13.066666603088379;12.774999618530273;12.899999618530273;45306000;10.827618598937988
2011-04-04;12.983332633972168;13.083333015441895;12.787500381469727;12.912500381469727;30001920;10.838109016418457
2011-04-05;12.850000381469727;12.987500190734863;12.766667366027832;12.887499809265137;32129040;10.817124366760254
2011-04-06;13.066666603088379;13.316666603088379;12.962499618530273;13.274999618530273;45041520;11.142372131347656
2011-04-07;13.283332824707031;13.395833015441895;12.995833396911621;13.112500190734863;49962480;11.00597858428955
2011-04-08;13.270833015441895;13.324999809265137;12.6875;12.758333206176758;41975280;10.708707809448242
2011-04-11;12.8125;13.037500381469727;12.699999809265137;12.779167175292969;29719680;10.7261962890625
2011-04-12;12.5625;12.8125;12.416666984558105;12.604166984558105;40458000;10.579310417175293
2011-04-13;12.895833015441895;12.908332824707031;12.291666984558105;12.379166603088379;50553360;10.390453338623047
2011-04-14;12.154167175292969;12.229166984558105;11.962499618530273;12.141667366027832;45336960;10.191108703613281
2011-04-15;12.283332824707031;12.354166984558105;12.091667175292969;12.199999809265137;34874160;10.240073204040527
2011-04-18;11.829167366027832;11.841667175292969;11.529167175292969;11.720832824707031;58322400;9.837882995605469
2011-04-19;11.866666793823242;11.895833015441895;11.608332633972168;11.808333396911621;38174640;9.91132640838623
2011-04-20;12.116666793823242;12.120833396911621;11.858332633972168;11.975000381469727;41208240;10.05121898651123
2011-04-21;12.095832824707031;12.216667175292969;11.916666984558105;12.170832633972168;32219280;10.215588569641113
2011-04-25;12.087499618530273;12.241666793823242;12.087499618530273;12.145833015441895;23375760;10.194604873657227
2011-04-26;12.254166603088379;12.4375;12.175000190734863;12.354166984558105;34539120;10.369470596313477
2011-04-27;12.425000190734863;12.633333206176758;12.270833015441895;12.579167366027832;33020160;10.558327674865723
2011-04-28;12.529167175292969;12.875;12.508333206176758;12.824999809265137;32478960;10.764668464660645
2011-04-29;12.787500381469727;12.816666603088379;12.620833396911621;12.783332824707031;20449680;10.72968864440918
2011-05-02;12.895833015441895;12.941666603088379;12.591667175292969;12.666666984558105;29680320;10.631769180297852
2011-05-03;12.558333396911621;12.862500190734863;12.512499809265137;12.770833015441895;36719280;10.719200134277344
2011-05-04;12.791666984558105;12.800000190734863;12.362500190734863;12.449999809265137;40029360;10.449908256530762
2011-05-05;12.25;12.362500190734863;11.916666984558105;12.058333396911621;51702000;10.121163368225098
2011-05-06;12.395833015441895;12.495833396911621;12.050000190734863;12.145833015441895;44483520;10.194604873657227
2011-05-09;12.079167366027832;12.204167366027832;11.954167366027832;12.125;29608320;10.17712116241455
2011-05-10;12.183333396911621;12.520833015441895;12.183333396911621;12.466667175292969;32802240;10.463900566101074
2011-05-11;12.412500381469727;12.429166793823242;11.949999809265137;12.029167175292969;39756240;10.09668254852295
2011-05-12;11.904167175292969;12.074999809265137;11.641667366027832;12.033332824707031;37369920;10.100177764892578
2011-05-13;12.020833015441895;12.074999809265137;11.520833015441895;11.545832633972168;44384880;9.691000938415527
2011-05-16;11.412500381469727;11.879166603088379;11.362500190734863;11.512499809265137;36343200;9.663017272949219
2011-05-17;11.399999618530273;11.716667175292969;11.362500190734863;11.695833206176758;41574960;9.816898345947266
2011-05-18;11.6875;11.916666984558105;11.583333015441895;11.895833015441895;30800160;9.984766960144043
2011-05-19;12.012499809265137;12.024999618530273;11.774999618530273;11.920832633972168;27075360;10.005755424499512
2011-05-20;11.829167366027832;11.9375;11.429166793823242;11.466667175292969;36434160;9.62454891204834
2011-05-23;11.079167366027832;11.204167366027832;10.991666793823242;11.004166603088379;45589680;9.236348152160645
2011-05-24;11.095832824707031;11.116666793823242;10.783332824707031;10.958333015441895;38240640;9.197879791259766
2011-05-25;10.8125;11.145833015441895;10.787500381469727;10.987500190734863;37518720;9.222357749938965
2011-05-26;10.925000190734863;11.274999618530273;10.841667175292969;11.179166793823242;39012720;9.3832368850708
2011-05-27;11.266667366027832;11.508333206176758;11.258333206176758;11.425000190734863;29887440;9.58957576751709
2011-05-31;11.733332633972168;11.8125;11.533332824707031;11.758333206176758;30424320;9.869359016418457
2011-06-01;11.629166603088379;11.641667366027832;10.625;10.637499809265137;65652960;8.928586959838867
2011-06-02;10.708333015441895;10.875;10.475000381469727;10.691666603088379;68639280;8.974053382873535
2011-06-03;10.320833206176758;10.783332824707031;10.295832633972168;10.462499618530273;53993760;8.781699180603027
2011-06-06;10.333333015441895;10.387499809265137;9.858332633972168;9.904167175292969;56423280;8.313063621520996
2011-06-07;10.108332633972168;10.1875;9.883333206176758;9.895833015441895;38676960;8.306066513061523
2011-06-08;9.800000190734863;9.958333015441895;9.579167366027832;9.625;51539280;8.078744888305664
2011-06-09;9.720832824707031;9.987500190734863;9.587499618530273;9.875;35953680;8.28858470916748
2011-06-10;9.729166984558105;9.845832824707031;9.274999618530273;9.604166984558105;80082960;8.061263084411621
2011-06-13;9.741666793823242;9.916666984558105;9.579167366027832;9.845832824707031;57338880;8.264100074768066
2011-06-14;10.091667175292969;10.237500190734863;10.0;10.054166793823242;57430320;8.438965797424316
2011-06-15;9.762499809265137;9.858332633972168;9.283332824707031;9.4375;66061440;7.921364784240723
2011-06-16;9.425000190734863;9.737500190734863;9.283332824707031;9.574999809265137;78854400;8.036775588989258
2011-06-17;9.879166603088379;9.908332824707031;9.666666984558105;9.791666984558105;57154080;8.218637466430664
2011-06-20;9.658332824707031;9.962499618530273;9.595832824707031;9.804166793823242;41159280;8.2291259765625
2011-06-21;9.970832824707031;10.229166984558105;9.829167366027832;10.175000190734863;43549680;8.540388107299805
2011-06-22;10.066666603088379;10.345832824707031;9.970832824707031;9.991666793823242;46917600;8.386506080627441
2011-06-23;9.675000190734863;9.783332824707031;9.375;9.704167366027832;84978240;8.145195007324219
2011-06-24;9.729166984558105;9.783332824707031;9.395833015441895;9.495833396911621;47503920;7.970332145690918
2011-06-27;9.470832824707031;9.845832824707031;9.470832824707031;9.766667366027832;48431760;8.197654724121094
2011-06-28;9.879166603088379;9.916666984558105;9.741666793823242;9.912500381469727;38183280;8.320058822631836
2011-06-29;10.1875;10.633333206176758;10.104166984558105;10.595832824707031;62435040;8.8936128616333
2011-06-30;10.679166793823242;10.787500381469727;10.466667175292969;10.683333396911621;41268240;8.967059135437012
2011-07-01;10.675000190734863;11.308333396911621;10.658332824707031;11.245833396911621;46939440;9.439189910888672
2011-07-05;11.179166793823242;11.195833206176758;10.866666793823242;11.020833015441895;39392880;9.250335693359375
2011-07-06;10.824999809265137;10.925000190734863;10.645833015441895;10.916666984558105;37009200;9.162906646728516
2011-07-07;11.262499809265137;11.466667175292969;11.237500190734863;11.379166603088379;43261200;9.551105499267578
2011-07-08;10.883333206176758;11.020833015441895;10.791666984558105;10.995833396911621;43716720;9.229353904724121
2011-07-11;10.595832824707031;10.604166984558105;10.050000190734863;10.154167175292969;53015520;8.522900581359863
2011-07-12;10.033332824707031;10.449999809265137;10.004166603088379;10.0625;53024400;8.445960998535156
2011-07-13;10.25;10.487500190734863;10.0625;10.095832824707031;54593040;8.47393798828125
2011-07-14;10.329167366027832;10.350000381469727;9.820833206176758;9.866666793823242;70123200;8.281588554382324
2011-07-15;10.070833206176758;10.070833206176758;9.600000381469727;9.824999809265137;50517120;8.246612548828125
2011-07-18;9.670832633972168;9.695833206176758;9.145833015441895;9.429166793823242;74130960;7.914373397827148
2011-07-19;9.520833015441895;9.833333015441895;9.466667175292969;9.791666984558105;64629840;8.218637466430664
2011-07-20;9.916666984558105;10.170832633972168;9.899999618530273;10.050000190734863;48790800;8.435467720031738
2011-07-21;10.324999809265137;10.770833015441895;10.3125;10.683333396911621;91402800;8.967059135437012
2011-07-22;10.716667175292969;10.733332633972168;10.483332633972168;10.629166603088379;35745360;8.921590805053711
2011-07-25;10.320833206176758;10.508333206176758;10.158332824707031;10.375;42732480;8.708256721496582
2011-07-26;10.379166603088379;10.533332824707031;10.208333015441895;10.366666793823242;45586560;8.701263427734375
2011-07-27;10.204167366027832;10.225000381469727;9.604166984558105;9.637499809265137;72297600;8.089238166809082
2011-07-28;9.704167366027832;9.979166984558105;9.587499618530273;9.649999618530273;58455600;8.09972858428955
2011-07-29;9.345832824707031;9.800000190734863;9.229166984558105;9.558333396911621;81887040;8.022788047790527
2011-08-01;10.012499809265137;10.029167175292969;9.266667366027832;9.441666603088379;110253840;7.924864292144775
2011-08-02;9.300000190734863;9.379166603088379;8.679166793823242;8.704167366027832;90883200;7.305843353271484
2011-08-03;8.779167175292969;8.912500381469727;8.3125;8.887499809265137;120933120;7.4597249031066895
2011-08-04;8.600000381469727;8.625;7.533332824707031;7.629167079925537;123869280;6.403542995452881
2011-08-05;7.7708330154418945;7.891666889190674;6.7291669845581055;7.175000190734863;158388720;6.022336959838867
2011-08-08;6.474999904632568;6.862500190734863;5.033332824707031;5.191667079925537;226747680;4.357626438140869
2011-08-09;5.625;6.3333330154418945;5.033332824707031;6.300000190734863;248453280;5.287906646728516
2011-08-10;5.900000095367432;5.983333110809326;5.150000095367432;5.199999809265137;231238080;4.364621162414551
2011-08-11;5.375;6.279167175292969;5.224999904632568;6.012499809265137;208128960;5.04659366607666
2011-08-12;6.3541669845581055;6.525000095367432;5.754167079925537;5.862500190734863;203529120;4.920690536499023
2011-08-15;6.112500190734863;6.408332824707031;6.070833206176758;6.400000095367432;121406400;5.371840476989746
2011-08-16;6.116666793823242;6.362500190734863;5.9375;6.1041669845581055;115217040;5.123533725738525
2011-08-17;6.224999904632568;6.400000095367432;6.025000095367432;6.154167175292969;97392720;5.165501117706299
2011-08-18;5.508333206176758;5.545833110809326;5.129167079925537;5.266666889190674;138060720;4.420576095581055
2011-08-19;5.004167079925537;5.491666793823242;5.0;5.004167079925537;110086800;4.200250625610352
2011-08-22;5.370832920074463;5.375;4.795833110809326;4.829166889190674;120940080;4.0533623695373535
2011-08-23;4.883333206176758;5.295833110809326;4.6666669845581055;5.283332824707031;180230640;4.434566020965576
2011-08-24;5.266666889190674;5.704166889190674;5.216667175292969;5.675000190734863;161591520;4.763311862945557
2011-08-25;6.1458330154418945;6.366666793823242;5.362500190734863;5.545833110809326;233946720;4.654896259307861
2011-08-26;5.375;5.8333330154418945;5.133333206176758;5.724999904632568;220012800;4.8052802085876465
2011-08-29;6.016666889190674;6.404167175292969;6.008333206176758;6.400000095367432;116262960;5.371840476989746
2011-08-30;6.258333206176758;6.445833206176758;6.0208330154418945;6.304166793823242;146420640;5.291402816772461
2011-08-31;6.4583330154418945;6.6458330154418945;6.320833206176758;6.504167079925537;141915120;5.459273338317871
2011-09-01;6.487500190734863;6.5625;6.074999809265137;6.095832824707031;120106320;5.116539001464844
2011-09-02;5.620832920074463;5.699999809265137;5.391666889190674;5.454166889190674;115730400;4.577956676483154
2011-09-06;4.908332824707031;5.191667079925537;4.858333110809326;5.158332824707031;103475280;4.329648017883301
2011-09-07;5.491666793823242;5.866666793823242;5.349999904632568;5.8541669845581055;85770960;4.913695812225342
2011-09-08;5.629167079925537;5.829166889190674;5.4583330154418945;5.504167079925537;137644800;4.619924068450928
2011-09-09;5.341667175292969;5.420833110809326;4.949999809265137;5.037499904632568;182963280;4.228226661682129
2011-09-12;4.758333206176758;5.179166793823242;4.737500190734863;5.1666669845581055;123172320;4.336642742156982
2011-09-13;5.258333206176758;5.391666889190674;5.0833330154418945;5.254167079925537;141617520;4.410085678100586
2011-09-14;5.3958330154418945;5.625;5.079166889190674;5.462500095367432;150505440;4.5849504470825195
2011-09-15;5.658332824707031;5.841667175292969;5.516666889190674;5.8333330154418945;142477200;4.896209239959717
2011-09-16;5.887499809265137;6.033332824707031;5.608333110809326;5.870832920074463;122427120;4.927685260772705
2011-09-19;5.537499904632568;5.591667175292969;5.300000190734863;5.441667079925537;131638080;4.567463397979736
2011-09-20;5.516666889190674;5.675000190734863;5.4166669845581055;5.425000190734863;112876800;4.553473949432373
2011-09-21;5.4583330154418945;5.4791669845581055;4.7916669845581055;4.7916669845581055;157709280;4.021886348724365
2011-09-22;4.366666793823242;4.441667079925537;4.0625;4.25;194981040;3.5672378540039062
2011-09-23;4.183332920074463;4.429166793823242;4.1666669845581055;4.387499809265137;124593360;3.6826486587524414
2011-09-26;4.554166793823242;4.908332824707031;4.420833110809326;4.862500190734863;169454640;4.0813398361206055
2011-09-27;5.170833110809326;5.3125;4.849999904632568;4.9583330154418945;196964400;4.161776065826416
2011-09-28;4.995832920074463;5.058332920074463;4.529167175292969;4.558332920074463;160730640;3.826037645339966
2011-09-29;4.887499809265137;4.962500095367432;4.533332824707031;4.887499809265137;173071680;4.102323532104492
2011-09-30;4.637499809265137;4.737500190734863;4.4166669845581055;4.425000190734863;147951120;3.7141239643096924
2011-10-03;4.324999809265137;4.537499904632568;3.891666889190674;3.8958330154418945;212453760;3.269968271255493
2011-10-04;3.704166889190674;4.2916669845581055;3.512500047683716;4.25;259440000;3.5672378540039062
2011-10-05;4.224999904632568;4.487500190734863;3.9791669845581055;4.400000095367432;246186720;3.693140983581543
2011-10-06;4.345832824707031;4.820833206176758;4.2083330154418945;4.795833110809326;224263440;4.025382995605469
2011-10-07;4.875;4.875;4.316667079925537;4.337500095367432;228387120;3.640681028366089
2011-10-10;4.620832920074463;4.954166889190674;4.612500190734863;4.954166889190674;162928080;4.158280849456787
2011-10-11;4.7708330154418945;5.066667079925537;4.733333110809326;4.929166793823242;164496480;4.1372971534729
2011-10-12;5.091667175292969;5.508333206176758;5.070833206176758;5.2708330154418945;190138560;4.424074172973633
2011-10-13;5.079166889190674;5.116666793823242;4.7708330154418945;4.991666793823242;177024720;4.189755916595459
2011-10-14;5.1875;5.262499809265137;4.9375;5.179166793823242;138320160;4.347134590148926
2011-10-17;5.045833110809326;5.0833330154418945;4.6875;4.720832824707031;131182320;3.9624316692352295
2011-10-18;4.800000190734863;5.487500190734863;4.720832824707031;5.345832824707031;270504240;4.487026214599609
2011-10-19;5.329166889190674;5.550000190734863;5.0416669845581055;5.087500095367432;197575440;4.270194053649902
2011-10-20;5.095832824707031;5.362500190734863;4.9166669845581055;5.316667079925537;185590080;4.462544918060303
2011-10-21;5.508333206176758;5.704166889190674;5.462500095367432;5.695833206176758;179875200;4.78079891204834
2011-10-24;5.758333206176758;6.108333110809326;5.7291669845581055;6.070833206176758;165709200;5.095553874969482
2011-10-25;5.887499809265137;5.891666889190674;5.504167079925537;5.566667079925537;144131520;4.672382831573486
2011-10-26;5.862500190734863;5.941667079925537;5.5208330154418945;5.8541669845581055;180441120;4.913695812225342
2011-10-27;6.608333110809326;6.970832824707031;6.375;6.820833206176758;270716640;5.725067615509033
2011-10-28;6.6666669845581055;6.879167079925537;6.574999809265137;6.804166793823242;151723200;5.71107816696167
2011-10-31;6.404167175292969;6.5208330154418945;6.112500190734863;6.112500190734863;129094320;5.130527973175049
2011-11-01;5.341667175292969;5.733333110809326;5.300000190734863;5.316667079925537;225977520;4.462544918060303
2011-11-02;5.650000095367432;5.800000190734863;5.487500190734863;5.7291669845581055;135804720;4.808777332305908
2011-11-03;5.945833206176758;6.087500095367432;5.462500095367432;6.033332824707031;199828320;5.0640788078308105
2011-11-04;5.8541669845581055;5.887499809265137;5.612500190734863;5.820833206176758;133711440;4.885716915130615
2011-11-07;5.775000095367432;5.9375;5.620832920074463;5.904167175292969;127893120;4.955663681030273
2011-11-08;6.0625;6.275000095367432;5.849999904632568;6.224999904632568;171887520;5.224954128265381
2011-11-09;5.733333110809326;5.762499809265137;5.254167079925537;5.300000190734863;32690640;4.4485554695129395
2011-11-10;5.550000190734863;5.55916690826416;5.25;5.366666793823242;122494800;4.504512310028076
2011-11-11;5.5883331298828125;5.780832767486572;5.579166889190674;5.71999979019165;172260000;4.801082611083984
2011-11-14;5.600832939147949;5.622499942779541;5.297500133514404;5.40500020980835;149042400;4.536687850952148
2011-11-15;5.271667003631592;5.5833330154418945;5.248332977294922;5.470832824707031;171672000;4.591945648193359
2011-11-16;5.3125;5.449166774749756;5.0833330154418945;5.112500190734863;177175200;4.291177272796631
2011-11-17;5.123332977294922;5.15749979019165;4.727499961853027;4.800000190734863;300627600;4.0288801193237305
2011-11-18;4.892499923706055;4.9375;4.771667003631592;4.874166965484619;210224400;4.091131687164307
2011-11-21;4.59250020980835;4.633333206176758;4.427499771118164;4.5341668128967285;218781600;3.8057541847229004
2011-11-22;4.542500019073486;4.5908331871032715;4.3958330154418945;4.426667213439941;219158400;3.715524911880493
2011-11-23;4.277500152587891;4.284999847412109;4.055832862854004;4.057499885559082;284820000;3.4056637287139893
2011-11-25;4.071667194366455;4.269999980926514;4.054166793823242;4.114999771118164;103797600;3.453925132751465
2011-11-28;4.545000076293945;4.56583309173584;4.3408331871032715;4.4658331871032715;230658000;3.748396873474121
2011-11-29;4.44083309173584;4.527500152587891;4.355833053588867;4.3933329582214355;161846400;3.687544584274292
2011-11-30;4.852499961853027;5.195833206176758;4.7916669845581055;5.170000076293945;301826400;4.339440822601318
2011-12-01;5.049167156219482;5.133333206176758;4.913332939147949;5.074166774749756;170968800;4.259003162384033
2011-12-02;5.21750020980835;5.5;5.206666946411133;5.235000133514404;268802400;4.3939995765686035
2011-12-05;5.5208330154418945;5.693333148956299;5.387499809265137;5.505833148956299;237595200;4.621322154998779
2011-12-06;5.4166669845581055;5.59499979019165;5.33916711807251;5.495832920074463;154902000;4.612926959991455
2011-12-07;5.369999885559082;5.736667156219482;5.266666889190674;5.691667079925537;238730400;4.7773027420043945
2011-12-08;5.5233330726623535;5.533332824707031;5.058332920074463;5.118332862854004;269979600;4.296072959899902
2011-12-09;5.262499809265137;5.486667156219482;5.21416711807251;5.426667213439941;128697600;4.554873943328857
2011-12-12;5.174167156219482;5.186666965484619;4.960000038146973;5.086667060852051;195075600;4.269494533538818
2011-12-13;5.200832843780518;5.247499942779541;4.71416711807251;4.861667156219482;212258400;4.080639362335205
2011-12-14;4.7158331871032715;4.97333288192749;4.715000152587891;4.823332786560059;259485600;4.048466205596924
2011-12-15;5.047500133514404;5.054999828338623;4.825832843780518;4.844167232513428;168564000;4.065952301025391
2011-12-16;4.942500114440918;5.1016669273376465;4.863333225250244;4.914999961853027;177356400;4.125405788421631
2011-12-19;4.933332920074463;4.9716668128967285;4.5833330154418945;4.616666793823242;171499200;3.874999523162842
2011-12-20;4.864167213439941;5.16083288192749;4.858333110809326;5.124166965484619;173209200;4.300970077514648
2011-12-21;5.0908331871032715;5.22333288192749;4.992499828338623;5.191667079925537;146230800;4.357626438140869
2011-12-22;5.27666711807251;5.506667137145996;5.241666793823242;5.4791669845581055;125804400;4.598939895629883
2011-12-23;5.553332805633545;5.597499847412109;5.4583330154418945;5.594167232513428;85516800;4.6954665184021
2011-12-27;5.5233330726623535;5.65500020980835;5.50333309173584;5.517499923706055;67028400;4.631114482879639
2011-12-28;5.53000020980835;5.533332824707031;5.262499809265137;5.272500038146973;105637200;4.425474166870117
2011-12-29;5.322500228881836;5.5;5.302499771118164;5.491666793823242;86940000;4.609431266784668
2011-12-30;5.441667079925537;5.497499942779541;5.4033331871032715;5.405832767486572;60072000;4.5373854637146
2012-01-03;5.748332977294922;5.930832862854004;5.730000019073486;5.7708330154418945;162774000;4.843748092651367
2012-01-04;5.639999866485596;5.739999771118164;5.5233330726623535;5.6875;103693200;4.7738037109375
2012-01-05;5.548333168029785;5.966667175292969;5.469167232513428;5.889166831970215;158694000;4.943072319030762
2012-01-06;5.906667232513428;5.913332939147949;5.688333034515381;5.790832996368408;145666800;4.860536098480225
2012-01-09;5.872499942779541;5.940000057220459;5.775000095367432;5.865832805633545;140812800;4.923486709594727
2012-01-10;6.125833034515381;6.2083330154418945;6.056666851043701;6.176667213439941;169041600;5.184386253356934
2012-01-11;6.075832843780518;6.3383331298828125;6.019166946411133;6.319167137145996;138769200;5.303994178771973
2012-01-12;6.415832996368408;6.469167232513428;6.183332920074463;6.4008331298828125;170245200;5.372540473937988
2012-01-13;6.052499771118164;6.2783331871032715;5.986667156219482;6.2708330154418945;178832400;5.263423919677734
2012-01-17;6.277500152587891;6.454166889190674;6.107500076293945;6.172500133514404;140968800;5.18088960647583
2012-01-18;6.1508331298828125;6.444167137145996;6.072500228881836;6.430832862854004;158688000;5.397721290588379
2012-01-19;6.624166965484619;6.638332843780518;6.505000114440918;6.58916711807251;169816800;5.530618667602539
2012-01-20;6.513332843780518;6.704166889190674;6.4716668128967285;6.699999809265137;120529200;5.6236443519592285
2012-01-23;6.695833206176758;6.880833148956299;6.62833309173584;6.738333225250244;150135600;5.655822277069092
2012-01-24;6.543333053588867;6.755833148956299;6.466667175292969;6.724999904632568;115068000;5.6446309089660645
2012-01-25;6.619166851043701;6.835000038146973;6.575832843780518;6.795000076293945;147039600;5.703383922576904
2012-01-26;6.9008331298828125;6.980000019073486;6.568333148956299;6.6666669845581055;170115600;5.595668315887451
2012-01-27;6.557499885559082;6.771667003631592;6.534999847412109;6.71999979019165;127640400;5.6404314041137695
2012-01-30;6.516666889190674;6.576666831970215;6.4008331298828125;6.537499904632568;132880800;5.4872517585754395
2012-01-31;6.678332805633545;6.699999809265137;6.497499942779541;6.613333225250244;92587200;5.5509033203125
2012-02-01;6.764999866485596;7.0283331871032715;6.760832786560059;6.921667098999023;153423600;5.809702396392822
2012-02-02;6.991666793823242;7.120832920074463;6.9166669845581055;7.049167156219482;98085600;5.916718482971191
2012-02-03;7.367499828338623;7.567500114440918;7.3491668701171875;7.566667079925537;135205200;6.351082801818848
2012-02-06;7.4608330726623535;7.483333110809326;7.3541669845581055;7.4766669273376465;90765600;6.275541305541992
2012-02-07;7.377500057220459;7.524167060852051;7.320833206176758;7.4583330154418945;97628400;6.2601518630981445
2012-02-08;7.515832901000977;7.595832824707031;7.404167175292969;7.579166889190674;104497200;6.361574649810791
2012-02-09;7.690000057220459;7.748332977294922;7.431666851043701;7.534999847412109;117067200;6.324503421783447
2012-02-10;7.313333034515381;7.383333206176758;7.244999885559082;7.3408331871032715;89391600;6.161530017852783
2012-02-13;7.6041669845581055;7.610000133514404;7.46416711807251;7.52666711807251;81534000;6.31751012802124
2012-02-14;7.436666965484619;7.44083309173584;7.173333168029785;7.345832824707031;101973600;6.165727615356445
2012-02-15;7.423333168029785;7.502500057220459;7.198332786560059;7.236667156219482;119995200;6.074098587036133
2012-02-16;7.199166774749756;7.538332939147949;7.155832767486572;7.529167175292969;132442800;6.319607257843018
2012-02-17;7.578332901000977;7.681666851043701;7.550833225250244;7.65500020980835;76879200;6.425224781036377
2012-02-21;7.673333168029785;7.75;7.538332939147949;7.629167079925537;102568800;6.403542995452881
2012-02-22;7.557499885559082;7.608333110809326;7.381667137145996;7.383333206176758;83941200;6.197202682495117
2012-02-23;7.387499809265137;7.610833168029785;7.3333330154418945;7.5833330154418945;86173200;6.365070819854736
2012-02-24;7.625833034515381;7.65500020980835;7.494999885559082;7.5441670417785645;46696800;6.332197666168213
2012-02-27;7.376667022705078;7.727499961853027;7.283332824707031;7.701666831970215;75096000;6.464394569396973
2012-02-28;7.7108330726623535;7.78249979019165;7.585000038146973;7.712500095367432;105560400;6.4734883308410645
2012-02-29;7.764166831970215;7.9166669845581055;7.5833330154418945;7.614999771118164;115512000;6.3916497230529785
2012-03-01;7.6875;7.9141669273376465;7.683332920074463;7.867499828338623;90405600;6.6035871505737305
2012-03-02;7.855000019073486;7.904167175292969;7.733333110809326;7.751667022705078;83754000;6.506364345550537
2012-03-05;7.698332786560059;7.7216668128967285;7.5833330154418945;7.697500228881836;73700400;6.460896968841553
2012-03-06;7.389166831970215;7.430832862854004;7.135000228881836;7.183332920074463;133057200;6.029331684112549
2012-03-07;7.288332939147949;7.461667060852051;7.227499961853027;7.436666965484619;80200800;6.241968154907227
2012-03-08;7.567500114440918;7.662499904632568;7.465000152587891;7.632500171661377;76207200;6.406340599060059
2012-03-09;7.699999809265137;7.905832767486572;7.644999980926514;7.803332805633545;92871600;6.549728870391846
2012-03-12;7.806666851043701;7.806666851043701;7.625;7.769166946411133;76882800;6.521050930023193
2012-03-13;7.938333034515381;8.572500228881836;7.90749979019165;8.555832862854004;164408400;7.181339263916016
2012-03-14;8.578332901000977;8.674166679382324;8.346667289733887;8.560832977294922;99310800;7.185537815093994
2012-03-15;8.662500381469727;8.986666679382324;8.467499732971191;8.949999809265137;132211200;7.512183666229248
2012-03-16;9.029999732971191;9.074999809265137;8.893333435058594;9.016667366027832;93207600;7.568142414093018
2012-03-19;9.0;9.39916706085205;8.917499542236328;9.160833358764648;103531200;7.689143657684326
2012-03-20;9.022500038146973;9.290833473205566;8.9399995803833;9.22249984741211;109844400;7.74090576171875
2012-03-21;9.324999809265137;9.348333358764648;9.066666603088379;9.117500305175781;95384400;7.652774810791016
2012-03-22;8.883333206176758;8.96166706085205;8.694999694824219;8.77750015258789;103298400;7.367399215698242
2012-03-23;8.743332862854004;9.024999618530273;8.691666603088379;9.0;95791200;7.554152488708496
2012-03-26;9.233332633972168;9.412500381469727;9.16333293914795;9.40583324432373;104784000;7.894783973693848
2012-03-27;9.395833015441895;9.457500457763672;9.166666984558105;9.176667213439941;87229200;7.702436447143555
2012-03-28;9.18416690826416;9.305000305175781;8.954167366027832;9.24666690826416;109029600;7.7611918449401855
2012-03-29;9.041666984558105;9.095832824707031;8.765000343322754;8.995833396911621;108494400;7.550651550292969
2012-03-30;9.131667137145996;9.149999618530273;8.886667251586914;9.095832824707031;79524000;7.63458776473999
2012-04-02;9.029999732971191;9.404167175292969;8.962499618530273;9.300000190734863;104840400;7.805957794189453
2012-04-03;9.229999542236328;9.290833473205566;8.97249984741211;9.195833206176758;87945600;7.718524932861328
2012-04-04;8.911666870117188;8.96916675567627;8.683333396911621;8.791666984558105;99931200;7.3792877197265625
2012-04-05;8.669166564941406;8.870833396911621;8.625;8.734167098999023;83538000;7.331024169921875
2012-04-09;8.28083324432373;8.487500190734863;8.223333358764648;8.364999771118164;106495200;7.0211639404296875
2012-04-10;8.342499732971191;8.435832977294922;7.820833206176758;7.831666946411133;172230000;6.573510646820068
2012-04-11;8.125;8.248332977294922;8.074999809265137;8.169166564941406;106412400;6.856791019439697
2012-04-12;8.221667289733887;8.637499809265137;8.175000190734863;8.614167213439941;126837600;7.230303764343262
2012-04-13;8.561667442321777;8.566666603088379;8.083333015441895;8.09749984741211;143432400;6.796638488769531
2012-04-16;8.308333396911621;8.409167289733887;8.066666603088379;8.257499694824219;122538000;6.930932521820068
2012-04-17;8.457500457763672;8.659167289733887;8.350000381469727;8.598333358764648;81062400;7.217012882232666
2012-04-18;8.414999961853027;8.600000381469727;8.382499694824219;8.404167175292969;71811600;7.054039478302002
2012-04-19;8.529999732971191;8.544166564941406;8.14916706085205;8.316666603088379;111279600;6.98059606552124
2012-04-20;8.4399995803833;8.445833206176758;8.227499961853027;8.234999656677246;77901600;6.912049770355225
2012-04-23;7.860000133514404;8.044166564941406;7.804999828338623;8.025833129882812;109777200;6.736485004425049
2012-04-24;8.050000190734863;8.28166675567627;8.050000190734863;8.270000457763672;68281200;6.941423416137695
2012-04-25;8.451666831970215;8.573332786560059;8.324999809265137;8.533332824707031;79827600;7.162452697753906
2012-04-26;8.442500114440918;8.78083324432373;8.439167022705078;8.757499694824219;72045600;7.35060977935791
2012-04-27;8.84333324432373;8.855833053588867;8.59749984741211;8.772500038146973;64232400;7.363199710845947
2012-04-30;8.720000267028809;8.733332633972168;8.489999771118164;8.613332748413086;43424400;7.229602813720703
2012-05-01;8.614167213439941;9.079167366027832;8.608332633972168;8.88083267211914;66344400;7.454127311706543
2012-05-02;8.691666603088379;8.762499809265137;8.5;8.676667213439941;79593600;7.282761573791504
2012-05-03;8.713333129882812;8.734999656677246;8.393333435058594;8.450833320617676;70800000;7.093207836151123
2012-05-04;8.273332595825195;8.33666706085205;8.029167175292969;8.083333015441895;76660800;6.784746170043945
2012-05-07;7.949166774749756;8.28833293914795;7.945833206176758;8.205833435058594;66000000;6.887566566467285
2012-05-08;8.057499885559082;8.161666870117188;7.849999904632568;8.053333282470703;85708800;6.759566783905029
2012-05-09;7.790832996368408;7.998332977294922;7.641666889190674;7.820833206176758;99518400;6.564416408538818
2012-05-10;8.074999809265137;8.1274995803833;7.858333110809326;7.918333053588867;80352000;6.646254062652588
2012-05-11;7.433332920074463;7.894999980926514;7.425000190734863;7.7083330154418945;80672400;6.469989776611328
2012-05-14;7.431666851043701;7.494166851043701;7.263332843780518;7.274167060852051;81070800;6.105573654174805
2012-05-15;7.298333168029785;7.409999847412109;7.127500057220459;7.163332939147949;99349200;6.01254415512085
2012-05-16;7.292500019073486;7.379167079925537;6.889166831970215;6.891666889190674;101056800;5.784523010253906
2012-05-17;6.884167194366455;6.892499923706055;6.4608330726623535;6.4608330726623535;110127600;5.4229021072387695
2012-05-18;6.531667232513428;6.540832996368408;6.180832862854004;6.239167213439941;102374400;5.236845970153809
2012-05-21;6.289999961853027;6.524167060852051;6.162499904632568;6.457499980926514;122000400;5.420103073120117
2012-05-22;6.56583309173584;6.858333110809326;6.477499961853027;6.605833053588867;148761600;5.544604778289795
2012-05-23;6.418333053588867;6.704999923706055;6.264166831970215;6.680832862854004;146546400;5.607558250427246
2012-05-24;6.762499809265137;6.801667213439941;6.50333309173584;6.7216668128967285;92644800;5.64183235168457
2012-05-25;6.675833225250244;6.7783331871032715;6.579166889190674;6.638332843780518;62242800;5.571887016296387
2012-05-29;6.804999828338623;6.905832767486572;6.7216668128967285;6.900000095367432;92180400;5.7915167808532715
2012-05-30;6.679166793823242;6.690000057220459;6.449999809265137;6.459167003631592;91184400;5.421504020690918
2012-05-31;6.4633331298828125;6.704166889190674;6.28000020980835;6.556666851043701;107464800;5.5033392906188965
2012-06-01;6.204166889190674;6.240832805633545;5.869166851043701;5.879167079925537;125414400;4.934679985046387
2012-06-04;5.918333053588867;5.941667079925537;5.649167060852051;5.741666793823242;75066000;4.81926965713501
2012-06-05;5.709167003631592;6.03583288192749;5.695833206176758;6.007500171661377;118562400;5.042396068572998
2012-06-06;6.173333168029785;6.510000228881836;6.118332862854004;6.510000228881836;132994800;5.464170932769775
2012-06-07;6.766666889190674;6.816667079925537;6.426667213439941;6.4583330154418945;125412000;5.420803070068359
2012-06-08;6.405832767486572;6.675000190734863;6.280832767486572;6.670000076293945;101098800;5.598466873168945
2012-06-11;6.920833110809326;6.925833225250244;6.3125;6.3333330154418945;124873200;5.315884113311768
2012-06-12;6.385000228881836;6.59833288192749;6.237500190734863;6.593332767486572;98449200;5.534114360809326
2012-06-13;6.490832805633545;6.745832920074463;6.413332939147949;6.490832805633545;124102800;5.44808292388916
2012-06-14;6.538332939147949;6.816667079925537;6.490832805633545;6.724999904632568;124080000;5.6446309089660645
2012-06-15;6.822500228881836;6.985833168029785;6.710000038146973;6.972499847412109;91960800;5.852369785308838
2012-06-18;6.847499847412109;7.055832862854004;6.788332939147949;6.9191670417785645;87360000;5.807605266571045
2012-06-19;7.045833110809326;7.31583309173584;7.022500038146973;7.21999979019165;75002400;6.060107707977295
2012-06-20;7.283332824707031;7.405832767486572;7.079999923706055;7.281667232513428;110001600;6.1118693351745605
2012-06-21;7.304999828338623;7.40500020980835;6.784999847412109;6.807499885559082;116520000;5.713877201080322
2012-06-22;6.940000057220459;7.063333034515381;6.876667022705078;7.006667137145996;88141200;5.881047248840332
2012-06-25;6.730833053588867;6.741666793823242;6.525000095367432;6.614999771118164;98485200;5.552300930023193
2012-06-26;6.667500019073486;6.8125;6.5625;6.722499847412109;98337600;5.642530918121338
2012-06-27;6.804166793823242;6.989167213439941;6.704166889190674;6.944167137145996;82922400;5.828588008880615
2012-06-28;6.7266669273376465;6.9375;6.602499961853027;6.920833110809326;107170800;5.80900239944458
2012-06-29;7.37833309173584;7.435832977294922;7.259167194366455;7.433332920074463;104289600;6.239168167114258
2012-07-02;7.5208330154418945;7.605833053588867;7.349999904632568;7.5966668128967285;62218800;6.376263618469238
2012-07-03;7.571667194366455;7.78249979019165;7.539999961853027;7.7266669273376465;49483200;6.485379695892334
2012-07-05;7.605000019073486;7.632500171661377;7.425833225250244;7.46750020980835;64407600;6.267847061157227
2012-07-06;7.189167022705078;7.357500076293945;7.1875;7.314167022705078;58076400;6.139147758483887
2012-07-09;7.2291669845581055;7.315000057220459;7.139999866485596;7.256667137145996;60294000;6.090883255004883
2012-07-10;7.388332843780518;7.436666965484619;6.982500076293945;7.0808329582214355;84369600;5.94329833984375
2012-07-11;7.09499979019165;7.238333225250244;7.033332824707031;7.179166793823242;82616400;6.025835037231445
2012-07-12;7.008333206176758;7.139999866485596;6.900000095367432;7.0366668701171875;92007600;5.906227111816406
2012-07-13;7.126667022705078;7.554166793823242;7.119166851043701;7.522500038146973;87727200;6.314012050628662
2012-07-16;7.554166793823242;7.618332862854004;7.440000057220459;7.506667137145996;75142800;6.300721168518066
2012-07-17;7.662499904632568;7.663332939147949;7.319167137145996;7.639166831970215;63738000;6.4119367599487305
2012-07-18;7.55916690826416;7.663332939147949;7.4791669845581055;7.547500133514404;42636000;6.334994792938232
2012-07-19;7.566667079925537;7.62166690826416;7.309999942779541;7.383333206176758;52291200;6.197202682495117
2012-07-20;7.2291669845581055;7.24666690826416;7.072500228881836;7.0858330726623535;53220000;5.947495937347412
2012-07-23;6.733333110809326;6.966667175292969;6.695833206176758;6.9191670417785645;73048800;5.807605266571045
2012-07-24;6.946667194366455;6.9633331298828125;6.671667098999023;6.8333330154418945;73026000;5.735558986663818
2012-07-25;6.94083309173584;7.005000114440918;6.781667232513428;6.885000228881836;53022000;5.778926372528076
2012-07-26;7.209167003631592;7.247499942779541;7.074999809265137;7.190000057220459;55418400;6.034926891326904
2012-07-27;7.301667213439941;7.681666851043701;7.237500190734863;7.5908331871032715;82543200;6.37136697769165
2012-07-30;7.519166946411133;7.683332920074463;7.505000114440918;7.548333168029785;36370800;6.335694789886475
2012-07-31;7.489167213439941;7.5441670417785645;7.386666774749756;7.451666831970215;37303200;6.254556655883789
2012-08-01;7.514999866485596;7.568333148956299;7.320000171661377;7.340000152587891;44973600;6.160830974578857
2012-08-02;7.1533331871032715;7.309999942779541;7.0;7.188333034515381;68128800;6.033528804779053
2012-08-03;7.470832824707031;7.7058329582214355;7.449999809265137;7.619999885559082;67077600;6.395847797393799
2012-08-06;7.725832939147949;7.8333330154418945;7.652500152587891;7.652500152587891;33877200;6.423125743865967
2012-08-07;7.7316670417785645;7.904167175292969;7.728332996368408;7.751667022705078;43088400;6.506364345550537
2012-08-08;7.6483330726623535;7.832499980926514;7.639999866485596;7.755000114440918;31496400;6.509160041809082
2012-08-09;7.7083330154418945;7.8491668701171875;7.686666965484619;7.748332977294922;27578400;6.503564834594727
2012-08-10;7.686666965484619;7.78583288192749;7.62166690826416;7.769166946411133;35521200;6.521050930023193
2012-08-13;7.728332996368408;7.780832767486572;7.614167213439941;7.759167194366455;30853200;6.512657642364502
2012-08-14;7.875;7.928332805633545;7.712500095367432;7.7708330154418945;41943600;6.522449493408203
2012-08-15;7.74666690826416;7.883333206176758;7.71999979019165;7.834167003631592;26163600;6.575608253479004
2012-08-16;7.881667137145996;8.016667366027832;7.764166831970215;7.9741668701171875;33848400;6.693116188049316
2012-08-17;8.014166831970215;8.041666984558105;7.9583330154418945;8.028332710266113;33103200;6.738583087921143
2012-08-20;8.006667137145996;8.092499732971191;7.961667060852051;8.073332786560059;36385200;6.776352882385254
2012-08-21;8.149999618530273;8.35083293914795;8.050832748413086;8.117500305175781;49465200;6.813425064086914
2012-08-22;8.041666984558105;8.160833358764648;7.9583330154418945;8.085832595825195;52429200;6.786843299865723
2012-08-23;8.039167404174805;8.070833206176758;7.873332977294922;7.894999980926514;42253200;6.6266679763793945
2012-08-24;7.820833206176758;8.0625;7.787499904632568;8.005000114440918;42456000;6.718997955322266
2012-08-27;8.089166641235352;8.098333358764648;7.949999809265137;8.010000228881836;42836400;6.723194599151611
2012-08-28;7.947500228881836;8.106666564941406;7.909999847412109;7.994999885559082;46813200;6.710604190826416
2012-08-29;8.032500267028809;8.09416675567627;7.966667175292969;8.047499656677246;26886000;6.7546706199646
2012-08-30;7.941667079925537;7.988333225250244;7.8125;7.933332920074463;35703600;6.658843994140625
2012-08-31;8.054166793823242;8.112500190734863;7.897500038146973;8.054166793823242;51694800;6.760265827178955
2012-09-04;8.023332595825195;8.171667098999023;7.949999809265137;8.103333473205566;41323200;6.801533222198486
2012-09-05;8.110833168029785;8.171667098999023;8.035833358764648;8.102499961853027;35612400;6.800835132598877
2012-09-06;8.237500190734863;8.6274995803833;8.22583293914795;8.608332633972168;64579200;7.225404739379883
2012-09-07;8.699999809265137;8.874167442321777;8.691666603088379;8.84333324432373;45196800;7.42265510559082
2012-09-10;8.823332786560059;8.875;8.63083267211914;8.65666675567627;30361200;7.265974521636963
2012-09-11;8.66333293914795;8.865833282470703;8.617500305175781;8.849166870117188;32036400;7.427550315856934
2012-09-12;8.989167213439941;9.045832633972168;8.893333435058594;8.963333129882812;28954800;7.52337646484375
2012-09-13;8.965832710266113;9.633333206176758;8.887499809265137;9.574999809265137;73436400;8.036775588989258
2012-09-14;9.775833129882812;9.9975004196167;9.6875;9.790833473205566;63442800;8.217938423156738
2012-09-17;9.666666984558105;9.774999618530273;9.466667175292969;9.516667366027832;33330000;7.987817764282227
2012-09-18;9.425000190734863;9.487500190734863;9.3100004196167;9.392499923706055;39332400;7.883596420288086
2012-09-19;9.474166870117188;9.533332824707031;9.364999771118164;9.374167442321777;49796400;7.868207931518555
2012-09-20;9.131667137145996;9.239167213439941;9.029999732971191;9.221667289733887;43958400;7.740206241607666
2012-09-21;9.454999923706055;9.458333015441895;9.159167289733887;9.16333293914795;41808000;7.691243648529053
2012-09-24;8.994999885559082;9.279167175292969;8.993332862854004;9.157500267028809;33741600;7.6863484382629395
2012-09-25;9.226667404174805;9.308333396911621;8.766667366027832;8.770833015441895;48915600;7.3617987632751465
2012-09-26;8.68166732788086;8.75583267211914;8.56583309173584;8.599166870117188;39988800;7.217711925506592
2012-09-27;8.760832786560059;8.947500228881836;8.669166564941406;8.84333324432373;39711600;7.42265510559082
2012-09-28;8.71500015258789;8.87833309173584;8.641667366027832;8.744999885559082;44412000;7.340117931365967
2012-10-01;8.920000076293945;9.125;8.771666526794434;8.845000267028809;48697200;7.424050331115723
2012-10-02;8.963333129882812;8.984167098999023;8.787500381469727;8.901666641235352;29838000;7.471614837646484
2012-10-03;8.96500015258789;9.1875;8.838333129882812;9.117500305175781;36278400;7.652774810791016
2012-10-04;9.268333435058594;9.477499961853027;9.203332901000977;9.457500457763672;44216400;7.93815279006958
2012-10-05;9.661666870117188;9.702500343322754;9.375;9.491666793823242;43903200;7.966830253601074
2012-10-08;9.33666706085205;9.476667404174805;9.304166793823242;9.429166793823242;24200400;7.914373397827148
2012-10-09;9.427499771118164;9.528332710266113;9.172499656677246;9.203332901000977;49450800;7.724820613861084
2012-10-10;9.224166870117188;9.320833206176758;9.087499618530273;9.22249984741211;32784000;7.74090576171875
2012-10-11;9.493332862854004;9.526666641235352;9.333333015441895;9.354166984558105;34389600;7.851419925689697
2012-10-12;9.171667098999023;9.313332557678223;8.966667175292969;9.041666984558105;42688800;7.589123725891113
2012-10-15;9.144166946411133;9.313332557678223;8.991666793823242;9.30666732788086;35409600;7.811553001403809
2012-10-16;9.412500381469727;9.557499885559082;9.375;9.483332633972168;37142400;7.959838390350342
2012-10-17;9.542499542236328;9.817500114440918;9.508333206176758;9.785833358764648;37761600;8.21374225616455
2012-10-18;9.729166984558105;9.94083309173584;9.704167366027832;9.842499732971191;41740800;8.261302947998047
2012-10-19;9.765832901000977;9.765832901000977;9.355833053588867;9.484999656677246;54487200;7.961237907409668
2012-10-22;9.475000381469727;9.550000190734863;9.236666679382324;9.46166706085205;54556800;7.941652297973633
2012-10-23;9.101667404174805;9.15583324432373;8.91333293914795;9.050000190734863;70394400;7.596119403839111
2012-10-24;9.205833435058594;9.241666793823242;9.0;9.048333168029785;46584000;7.594720363616943
2012-10-25;9.251667022705078;9.313332557678223;8.917499542236328;9.090832710266113;52543200;7.630391597747803
2012-10-26;9.043333053588867;9.091667175292969;8.792499542236328;8.950833320617676;49053600;7.512882709503174
2012-10-31;9.012499809265137;9.098333358764648;8.901666641235352;9.09416675567627;32484000;7.633192539215088
2012-11-01;9.132499694824219;9.4375;9.075833320617676;9.4375;30352800;7.921364784240723
2012-11-02;9.598333358764648;9.599166870117188;9.240833282470703;9.286666870117188;46833600;7.794766902923584
2012-11-05;9.195833206176758;9.266667366027832;8.970832824707031;9.209166526794434;37428000;7.729715824127197
2012-11-06;9.295832633972168;9.569167137145996;9.270833015441895;9.493332862854004;42523200;7.968227386474609
2012-11-07;9.114167213439941;9.150833129882812;8.600000381469727;8.678333282470703;101204400;7.284159183502197
2012-11-08;8.78166675567627;8.930832862854004;8.466667175292969;8.470000267028809;72518400;7.109298229217529
2012-11-09;8.39916706085205;8.72249984741211;8.335000038146973;8.491666793823242;63757200;7.127482891082764
2012-11-12;8.608332633972168;8.611666679382324;8.453332901000977;8.519166946411133;26480400;7.150564193725586
2012-11-13;8.335832595825195;8.671667098999023;8.295000076293945;8.367500305175781;53065200;7.0232625007629395
2012-11-14;8.442500114440918;8.488332748413086;7.858333110809326;7.929999828338623;67460400;6.656047344207764
2012-11-15;7.932499885559082;8.125;7.8541669845581055;7.980833053588867;80844000;6.698714256286621
2012-11-16;8.029999732971191;8.164999961853027;7.818333148956299;8.147500038146973;89562000;6.8386054039001465
2012-11-19;8.482500076293945;8.582500457763672;8.433333396911621;8.561667442321777;59524800;7.1862382888793945
2012-11-20;8.490833282470703;8.75;8.451666831970215;8.6899995803833;53044800;7.293951511383057
2012-11-21;8.727499961853027;8.74416732788086;8.574167251586914;8.708333015441895;35107200;7.30933952331543
2012-11-23;8.832500457763672;9.017499923706055;8.819999694824219;9.004166603088379;19390800;7.557648658752441
2012-11-26;8.84416675567627;8.936667442321777;8.774999618530273;8.925832748413086;41796000;7.491899013519287
2012-11-27;8.882499694824219;8.96916675567627;8.694999694824219;8.71166706085205;70720800;7.312138080596924
2012-11-28;8.577500343322754;8.833333015441895;8.401666641235352;8.821666717529297;69460800;7.404468059539795
2012-11-29;8.949999809265137;9.010000228881836;8.814167022705078;8.944167137145996;51810000;7.507287502288818
2012-11-30;8.90999984741211;9.022500038146973;8.852499961853027;8.936667442321777;49656000;7.500992298126221
2012-12-03;9.050000190734863;9.106666564941406;8.840832710266113;8.86916732788086;48630000;7.444337368011475
2012-12-04;8.864999771118164;8.920000076293945;8.686667442321777;8.78166675567627;37839600;7.370891571044922
2012-12-05;8.885000228881836;9.164167404174805;8.774999618530273;9.063332557678223;65805600;7.607310771942139
2012-12-06;9.071666717529297;9.154167175292969;8.995833396911621;9.154167175292969;39664800;7.683552265167236
2012-12-07;9.270000457763672;9.314167022705078;9.154999732971191;9.304166793823242;56256000;7.809453010559082
2012-12-10;9.229166984558105;9.339166641235352;9.170000076293945;9.265000343322754;34900800;7.776580810546875
2012-12-11;9.409167289733887;9.508333206176758;9.300832748413086;9.37166690826416;34389600;7.866106033325195
2012-12-12;9.47249984741211;9.69083309173584;9.429166793823242;9.478333473205566;47248800;7.9556403160095215
2012-12-13;9.458333015441895;9.528332710266113;9.279999732971191;9.325833320617676;40172400;7.827641010284424
2012-12-14;9.301667213439941;9.350000381469727;9.217499732971191;9.250832557678223;25288800;7.764688491821289
2012-12-17;9.375;9.757499694824219;9.374167442321777;9.7524995803833;45975600;8.18576431274414
2012-12-18;9.866666793823242;10.136667251586914;9.78499984741211;10.125;52412400;8.498419761657715
2012-12-19;10.18166732788086;10.202500343322754;9.954999923706055;9.970000267028809;41253600;8.368319511413574
2012-12-20;10.024999618530273;10.348333358764648;9.989167213439941;10.340832710266113;42914400;8.679579734802246
2012-12-21;9.839166641235352;10.140000343322754;9.830833435058594;10.021666526794434;72556800;8.411685943603516
2012-12-24;10.006667137145996;10.03833293914795;9.954999923706055;9.982500076293945;13270800;8.378811836242676
2012-12-26;10.047499656677246;10.069999694824219;9.854999542236328;9.929166793823242;35396400;8.334050178527832
2012-12-27;9.958333015441895;10.034167289733887;9.492500305175781;9.848333358764648;62820000;8.266200065612793
2012-12-28;9.635832786560059;9.854166984558105;9.610833168029785;9.63083267211914;50836800;8.083638191223145
2012-12-31;9.563332557678223;10.044166564941406;9.533332824707031;9.993332862854004;62611200;8.387906074523926
2013-01-02;10.626667022705078;10.81833267211914;10.569999694824219;10.791666984558105;59404800;9.057989120483398
2013-01-03;10.765832901000977;10.88083267211914;10.673333168029785;10.789999961853027;52640400;9.056586265563965
2013-01-04;10.820833206176758;11.199999809265137;10.766667366027832;11.162500381469727;43472400;9.369247436523438
2013-01-07;11.100000381469727;11.126667022705078;10.946666717529297;11.100000381469727;42038400;9.316784858703613
2013-01-08;10.995833396911621;11.071666717529297;10.8774995803833;11.028332710266113;34634400;9.256633758544922
2013-01-09;11.105833053588867;11.264166831970215;10.96833324432373;11.03499984741211;45439200;9.262228965759277
2013-01-10;11.265000343322754;11.412500381469727;11.135000228881836;11.412500381469727;45759600;9.579083442687988
2013-01-11;11.300000190734863;11.350000381469727;11.140000343322754;11.334166526794434;40645200;9.513333320617676
2013-01-14;11.274999618530273;11.328332901000977;11.096667289733887;11.274999618530273;31036800;9.463671684265137
2013-01-15;11.103333473205566;11.426667213439941;11.083333015441895;11.40250015258789;32226000;9.570691108703613
2013-01-16;11.350000381469727;11.451666831970215;11.241666793823242;11.404999732971191;33844800;9.57278823852539
2013-01-17;11.39916706085205;11.490833282470703;11.310832977294922;11.411666870117188;40263600;9.578383445739746
2013-01-18;11.424166679382324;11.456666946411133;11.225000381469727;11.441666603088379;39907200;9.603565216064453
2013-01-22;11.390832901000977;11.75333309173584;11.390832901000977;11.748332977294922;32457600;9.860965728759766
2013-01-23;11.702500343322754;11.754166603088379;11.58666706085205;11.708333015441895;25405200;9.827390670776367
2013-01-24;11.8100004196167;12.039167404174805;11.729999542236328;11.876667022705078;38635200;9.968682289123535
2013-01-25;12.010000228881836;12.012499809265137;11.795000076293945;12.0024995803833;29389200;10.074298858642578
2013-01-28;12.017499923706055;12.05666732788086;11.743332862854004;11.840832710266113;28022400;9.938605308532715
2013-01-29;11.779167175292969;12.029167175292969;11.774999618530273;12.004166603088379;25558800;10.075698852539062
2013-01-30;11.947500228881836;11.977499961853027;11.779167175292969;11.8725004196167;33542400;9.96518325805664
2013-01-31;11.816666603088379;11.912500381469727;11.71916675567627;11.859999656677246;24061200;9.954693794250488
2013-02-01;12.03499984741211;12.340832710266113;12.02750015258789;12.291666984558105;35348400;10.317011833190918
2013-02-04;12.069999694824219;12.138333320617676;11.857500076293945;11.8725004196167;40176000;9.96518325805664
2013-02-05;12.095832824707031;12.354166984558105;12.050000190734863;12.269166946411133;28776000;10.298127174377441
2013-02-06;12.106666564941406;12.375;12.0625;12.37166690826416;29440800;10.384160041809082
2013-02-07;12.385832786560059;12.470000267028809;12.0;12.210000038146973;47509200;10.248465538024902
2013-02-08;12.25583267211914;12.379166603088379;12.25;12.360833168029785;32583600;10.375065803527832
2013-02-11;12.350000381469727;12.520833015441895;12.299166679382324;12.455833435058594;36730800;10.454804420471191
2013-02-12;12.505000114440918;12.763333320617676;12.412500381469727;12.735833168029785;28006800;10.68982219696045
2013-02-13;12.802499771118164;12.832500457763672;12.529167175292969;12.645833015441895;34960800;10.614280700683594
2013-02-14;12.529167175292969;12.789999961853027;12.505000114440918;12.766667366027832;24272400;10.715704917907715
2013-02-15;12.805832862854004;12.828332901000977;12.526666641235352;12.680000305175781;41419200;10.642960548400879
2013-02-19;12.75;12.989167213439941;12.744999885559082;12.970832824707031;25891200;10.887070655822754
2013-02-20;12.958333015441895;12.994999885559082;12.430000305175781;12.453332901000977;45604800;10.452707290649414
2013-02-21;12.399999618530273;12.399999618530273;12.058333396911621;12.162500381469727;43782000;10.208597183227539
2013-02-22;12.399999618530273;12.595832824707031;12.34416675567627;12.595832824707031;33336000;10.572312355041504
2013-02-25;12.832500457763672;12.832500457763672;11.667499542236328;11.676667213439941;57463200;9.800811767578125
2013-02-26;11.854166984558105;11.94333267211914;11.53083324432373;11.859999656677246;81865200;9.954693794250488
2013-02-27;11.816666603088379;12.4350004196167;11.78499984741211;12.390832901000977;45336000;10.400246620178223
2013-02-28;12.334166526794434;12.588333129882812;12.236666679382324;12.308333396911621;32017200;10.331001281738281
2013-03-01;12.092499732971191;12.467499732971191;11.860833168029785;12.387499809265137;38247600;10.397449493408203
2013-03-04;12.283332824707031;12.704167366027832;12.265832901000977;12.704167366027832;31102800;10.663246154785156
2013-03-05;12.909167289733887;13.191666603088379;12.830833435058594;13.023332595825195;57187200;10.931137084960938
2013-03-06;13.25;13.333333015441895;13.064167022705078;13.228333473205566;43872000;11.103203773498535
2013-03-07;13.291666984558105;13.464166641235352;13.258333206176758;13.438332557678223;48673200;11.279465675354004
2013-03-08;13.604166984558105;13.675000190734863;13.303333282470703;13.558333396911621;49083600;11.380188941955566
2013-03-11;13.53083324432373;13.841667175292969;13.463333129882812;13.816666603088379;34644000;11.597021102905273
2013-03-12;13.765832901000977;13.8100004196167;13.5;13.606666564941406;35140800;11.420756340026855
2013-03-13;13.640000343322754;13.761667251586914;13.50583267211914;13.724166870117188;25844400;11.51938247680664
2013-03-14;13.833333015441895;14.006667137145996;13.791666984558105;13.978333473205566;34281600;11.732718467712402
2013-03-15;13.950833320617676;14.104166984558105;13.804166793823242;14.03833293914795;38515200;11.783075332641602
2013-03-18;13.573332786560059;13.885000228881836;13.521666526794434;13.703332901000977;56061600;11.501895904541016
2013-03-19;13.865833282470703;13.903332710266113;13.290833473205566;13.511667251586914;77144400;11.341022491455078
2013-03-20;13.71833324432373;13.852499961853027;13.658332824707031;13.77416706085205;42208800;11.561347961425781
2013-03-21;13.583333015441895;13.741666793823242;13.35083293914795;13.381667137145996;49192800;11.231903076171875
2013-03-22;13.533332824707031;13.647500038146973;13.399999618530273;13.582500457763672;34284000;11.400474548339844
2013-03-25;13.761667251586914;13.85083293914795;13.337499618530273;13.53833293914795;56782800;11.363401412963867
2013-03-26;13.695833206176758;13.823332786560059;13.561667442321777;13.790833473205566;37350000;11.575337409973145
2013-03-27;13.570833206176758;13.721667289733887;13.43416690826416;13.680000305175781;38398800;11.482306480407715
2013-03-28;13.666666984558105;13.828332901000977;13.600000381469727;13.767499923706055;18166800;11.555755615234375
2013-04-01;13.774999618530273;13.935832977294922;13.485833168029785;13.604999542236328;64258800;11.419358253479004
2013-04-02;13.762499809265137;13.862500190734863;13.682499885559082;13.78499984741211;15034800;11.570442199707031
2013-04-03;13.782500267028809;13.837499618530273;13.029999732971191;13.157500267028809;27899200;11.04374885559082
2013-04-04;13.212499618530273;13.512499809265137;13.199999809265137;13.487500190734863;22154400;11.3207368850708
2013-04-05;12.97249984741211;13.412500381469727;12.867500305175781;13.352499961853027;27093600;11.207422256469727
2013-04-08;13.3774995803833;13.742500305175781;13.182499885559082;13.737500190734863;18261600;11.530572891235352
2013-04-09;13.797499656677246;14.037500381469727;13.677499771118164;13.842499732971191;20161600;11.618703842163086
2013-04-10;14.0;14.364999771118164;13.970000267028809;14.342499732971191;22463600;12.038379669189453
2013-04-11;14.3125;14.649999618530273;14.279999732971191;14.470000267028809;21015200;12.14539623260498
2013-04-12;14.1899995803833;14.387499809265137;14.092499732971191;14.282500267028809;24532000;11.988018035888672
2013-04-15;14.1875;14.342499732971191;13.332500457763672;13.335000038146973;38447600;11.192730903625488
2013-04-16;13.760000228881836;13.97249984741211;13.492500305175781;13.947500228881836;30379600;11.706835746765137
2013-04-17;13.567500114440918;13.607500076293945;12.925000190734863;13.1875;38920800;11.06893253326416
2013-04-18;13.21500015258789;13.234999656677246;12.717499732971191;12.864999771118164;40391200;10.798239707946777
2013-04-19;13.039999961853027;13.380000114440918;12.917499542236328;13.354999542236328;32824000;11.209519386291504
2013-04-22;13.489999771118164;13.4975004196167;13.050000190734863;13.390000343322754;20700400;11.238899230957031
2013-04-23;13.625;14.050000190734863;13.6225004196167;14.012499809265137;31312400;11.761396408081055
2013-04-24;14.107500076293945;14.342499732971191;14.0649995803833;14.272500038146973;18112400;11.979626655578613
2013-04-25;14.4375;14.707500457763672;14.335000038146973;14.46500015258789;26750800;12.14120101928711
2013-04-26;14.412500381469727;14.517499923706055;14.1875;14.329999923706055;20591600;12.027884483337402
2013-04-29;14.510000228881836;14.574999809265137;14.350000381469727;14.510000228881836;15665600;12.178970336914062
2013-04-30;14.532500267028809;14.712499618530273;14.395000457763672;14.712499618530273;16202400;12.348938941955566
2013-05-01;14.557499885559082;14.619999885559082;14.194999694824219;14.239999771118164;23922400;11.952346801757812
2013-05-02;14.4350004196167;14.640000343322754;14.337499618530273;14.612500190734863;20906800;12.265003204345703
2013-05-03;15.012499809265137;15.197500228881836;14.949999809265137;14.9975004196167;22292400;12.588151931762695
2013-05-06;15.132499694824219;15.4375;15.104999542236328;15.412500381469727;18602000;12.93648624420166
2013-05-07;15.582500457763672;15.77750015258789;15.345000267028809;15.694999694824219;24383600;13.173601150512695
2013-05-08;15.649999618530273;16.047500610351562;15.567500114440918;16.024999618530273;19310000;13.450586318969727
2013-05-09;16.049999237060547;16.049999237060547;15.617500305175781;15.702500343322754;20400000;13.179893493652344
2013-05-10;15.760000228881836;15.875;15.647500038146973;15.857500076293945;18904000;13.309996604919434
2013-05-13;15.755000114440918;16.104999542236328;15.71500015258789;16.0049991607666;18924000;13.433797836303711
2013-05-14;16.072500228881836;16.762500762939453;16.05500030517578;16.75;23447200;14.059115409851074
2013-05-15;16.6875;17.260000228881836;16.625;17.167499542236328;32344000;14.409542083740234
2013-05-16;17.047500610351562;17.309999465942383;16.75749969482422;16.837499618530273;25296800;14.132558822631836
2013-05-17;17.087499618530273;17.520000457763672;17.072500228881836;17.512500762939453;21297600;14.699125289916992
2013-05-20;17.440000534057617;17.78499984741211;17.40250015258789;17.59000015258789;24172000;14.764165878295898
2013-05-21;17.68000030517578;17.887500762939453;17.552499771118164;17.657499313354492;21599200;14.820820808410645
2013-05-22;17.799999237060547;18.375;16.852500915527344;17.0625;48568000;14.321413040161133
2013-05-23;16.385000228881836;16.982500076293945;16.229999542236328;16.764999389648438;34513200;14.071704864501953
2013-05-24;16.47249984741211;16.782499313354492;16.272499084472656;16.782499313354492;25383200;14.086395263671875
2013-05-28;17.427499771118164;17.655000686645508;16.9325008392334;17.157499313354492;34608800;14.401150703430176
2013-05-29;16.895000457763672;17.274999618530273;16.649999618530273;17.05500030517578;34644800;14.315113067626953
2013-05-30;17.09000015258789;17.725000381469727;17.040000915527344;17.522499084472656;35887200;14.707508087158203
2013-05-31;17.447500228881836;17.6200008392334;16.75749969482422;16.78499984741211;34960400;14.08849048614502
2013-06-03;16.9424991607666;17.0;16.137500762939453;16.764999389648438;44116000;14.071704864501953
2013-06-04;16.842500686645508;17.125;16.252500534057617;16.38249969482422;42971600;13.750655174255371
2013-06-05;16.25;16.4325008392334;15.4975004196167;15.609999656677246;49693200;13.102259635925293
2013-06-06;15.547499656677246;16.28499984741211;15.335000038146973;16.235000610351562;48547600;13.626850128173828
2013-06-07;16.489999771118164;17.0;16.329999923706055;16.950000762939453;39220800;14.226985931396484
2013-06-10;17.1825008392334;17.235000610351562;16.8125;17.012500762939453;27876000;14.279444694519043
2013-06-11;16.517499923706055;16.71500015258789;16.167499542236328;16.202499389648438;37382800;13.59957218170166
2013-06-12;16.517499923706055;16.56999969482422;15.645000457763672;15.742500305175781;45522400;13.213470458984375
2013-06-13;15.702500343322754;16.670000076293945;15.5625;16.604999542236328;31094800;13.937408447265625
2013-06-14;16.522499084472656;16.700000762939453;15.970000267028809;16.072500228881836;29706800;13.490453720092773
2013-06-17;16.447500228881836;16.702499389648438;16.24250030517578;16.49250030517578;26013200;13.84298324584961
2013-06-18;16.50749969482422;16.9375;16.497499465942383;16.792499542236328;20819600;14.094785690307617
2013-06-19;16.797500610351562;16.8799991607666;16.09000015258789;16.100000381469727;61966400;13.51353931427002
2013-06-20;15.717499732971191;15.800000190734863;14.875;15.037500381469727;66202400;12.621728897094727
2013-06-21;15.385000228881836;15.399999618530273;14.604999542236328;15.09749984741211;52608400;12.672086715698242
2013-06-24;14.537500381469727;14.850000381469727;13.925000190734863;14.397500038146973;55453200;12.084545135498047
2013-06-25;14.869999885559082;15.300000190734863;14.635000228881836;15.114999771118164;43089600;12.686776161193848
2013-06-26;15.510000228881836;15.71500015258789;15.317500114440918;15.574999809265137;36204000;13.072877883911133
2013-06-27;15.869999885559082;16.27750015258789;15.845000267028809;16.184999465942383;32490800;13.584882736206055
2013-06-28;16.024999618530273;16.145000457763672;15.680000305175781;15.912500381469727;37976400;13.356157302856445
2013-07-01;16.207500457763672;16.582500457763672;16.127500534057617;16.1825008392334;24941200;13.58278751373291
2013-07-02;16.15250015258789;16.622499465942383;15.962499618530273;16.235000610351562;24188400;13.626850128173828
2013-07-03;15.864999771118164;16.1875;15.7524995803833;16.139999389648438;17132000;13.547109603881836
2013-07-05;16.5;16.829999923706055;16.162500381469727;16.829999923706055;29921200;14.126262664794922
2013-07-08;17.075000762939453;17.315000534057617;17.0;17.1299991607666;28845600;14.378067970275879
2013-07-09;17.434999465942383;17.56999969482422;17.084999084472656;17.542499542236328;25333200;14.724294662475586
2013-07-10;17.38249969482422;17.5;17.020000457763672;17.2549991607666;33531200;14.482986450195312
2013-07-11;17.844999313354492;17.907499313354492;17.450000762939453;17.822500228881836;32235600;14.959319114685059
2013-07-12;17.94499969482422;18.142499923706055;17.815000534057617;18.09000015258789;23452800;15.183844566345215
2013-07-15;18.372499465942383;18.450000762939453;18.139999389648438;18.325000762939453;16603600;15.381094932556152
2013-07-16;18.405000686645508;18.479999542236328;17.9375;18.102500915527344;21450000;15.194334983825684
2013-07-17;18.212499618530273;18.487499237060547;18.094999313354492;18.337499618530273;23367600;15.391584396362305
2013-07-18;18.497499465942383;19.042499542236328;18.477500915527344;19.037500381469727;20324400;15.979132652282715
2013-07-19;18.93000030517578;19.024999618530273;18.729999542236328;19.002500534057617;13984800;15.949750900268555
2013-07-22;19.06999969482422;19.377500534057617;18.962499618530273;19.362499237060547;16253600;16.251920700073242
2013-07-23;19.5;19.572500228881836;19.135000228881836;19.24250030517578;17361200;16.151199340820312
2013-07-24;19.387500762939453;19.412500381469727;18.607500076293945;18.727500915527344;22836400;15.718931198120117
2013-07-25;18.600000381469727;18.895000457763672;18.405000686645508;18.88249969482422;37812800;15.849032402038574
2013-07-26;18.594999313354492;18.799999237060547;18.329999923706055;18.77750015258789;29598400;15.76089859008789
2013-07-29;18.63249969482422;18.717500686645508;18.252500534057617;18.399999618530273;17486400;15.444042205810547
2013-07-30;18.610000610351562;18.75;18.280000686645508;18.389999389648438;19621200;15.435651779174805
2013-07-31;18.475000381469727;18.809999465942383;18.252500534057617;18.30500030517578;32140000;15.364304542541504
2013-08-01;18.790000915527344;19.209999084472656;18.75;19.139999389648438;21064000;16.065162658691406
2013-08-02;19.052499771118164;19.212499618530273;18.97249984741211;19.155000686645508;16886800;16.07775115966797
2013-08-05;19.072500228881836;19.225000381469727;18.947500228881836;19.065000534057617;16668800;16.0022029876709
2013-08-06;18.977500915527344;18.997499465942383;18.547500610351562;18.612499237060547;21113200;15.622405052185059
2013-08-07;18.322500228881836;18.364999771118164;17.989999771118164;18.2549991607666;24737200;15.32233715057373
2013-08-08;18.56999969482422;18.665000915527344;18.045000076293945;18.3799991607666;24936800;15.427254676818848
2013-08-09;18.24250030517578;18.510000228881836;18.13249969482422;18.267499923706055;15969600;15.33282470703125
2013-08-12;18.014999389648438;18.157499313354492;17.885000228881836;18.024999618530273;15478000;15.129284858703613
2013-08-13;18.149999618530273;18.309999465942383;17.752500534057617;18.165000915527344;23121600;15.246796607971191
2013-08-14;18.137500762939453;18.329999923706055;17.977500915527344;17.979999542236328;27400800;15.091513633728027
2013-08-15;17.59000015258789;17.614999771118164;17.049999237060547;17.172500610351562;26164400;14.413737297058105
2013-08-16;17.114999771118164;17.389999389648438;16.924999237060547;17.022499084472656;21245200;14.287840843200684
2013-08-19;16.9375;16.969999313354492;16.377500534057617;16.377500534057617;35864000;13.746459007263184
2013-08-20;16.489999771118164;17.012500762939453;16.360000610351562;16.887500762939453;21350400;14.174528121948242
2013-08-21;16.6924991607666;17.13249969482422;16.377500534057617;16.612499237060547;24978000;13.943702697753906
2013-08-22;16.790000915527344;17.197500228881836;16.7549991607666;17.1299991607666;16197200;14.378067970275879
2013-08-23;17.2450008392334;17.27750015258789;16.96500015258789;17.1825008392334;22449600;14.42213249206543
2013-08-26;17.2549991607666;17.3799991607666;16.8799991607666;16.88249969482422;24185200;14.170331001281738
2013-08-27;16.299999237060547;16.462499618530273;15.760000228881836;15.760000228881836;37683600;13.228158950805664
2013-08-28;15.699999809265137;16.107500076293945;15.555000305175781;15.869999885559082;27889600;13.320486068725586
2013-08-29;15.755000114440918;16.232500076293945;15.720000267028809;15.992500305175781;23448000;13.42330551147461
2013-08-30;16.03499984741211;16.06999969482422;15.5625;15.662500381469727;24133600;13.146323204040527
2013-09-03;16.21500015258789;16.434999465942383;15.725000381469727;16.020000457763672;34450000;13.446389198303223
2013-09-04;16.087499618530273;16.532499313354492;15.897500038146973;16.357500076293945;19742000;13.729669570922852
2013-09-05;16.427499771118164;16.665000915527344;16.31999969482422;16.4375;15553600;13.796819686889648
2013-09-06;16.665000915527344;16.7549991607666;15.970000267028809;16.489999771118164;22594400;13.840885162353516
2013-09-09;16.670000076293945;17.042499542236328;16.584999084472656;17.02750015258789;17526000;14.292035102844238
2013-09-10;17.424999237060547;17.647499084472656;17.40250015258789;17.645000457763672;27769200;14.810336112976074
2013-09-11;17.537500381469727;17.75;17.434999465942383;17.7450008392334;13647600;14.894270896911621
2013-09-12;17.74250030517578;17.780000686645508;17.364999771118164;17.422500610351562;15152400;14.623575210571289
2013-09-13;17.520000457763672;17.645000457763672;17.387500762939453;17.579999923706055;15299600;14.755780220031738
2013-09-16;18.170000076293945;18.280000686645508;18.0;18.084999084472656;18495200;15.179646492004395
2013-09-17;18.18000030517578;18.357500076293945;18.092500686645508;18.337499618530273;13016800;15.391584396362305
2013-09-18;18.239999771118164;19.1924991607666;18.11750030517578;18.97249984741211;32096800;15.92457389831543
2013-09-19;19.149999618530273;19.174999237060547;18.627500534057617;18.704999923706055;16915600;15.700045585632324
2013-09-20;18.767499923706055;18.829999923706055;18.322500228881836;18.354999542236328;16790000;15.406268119812012
2013-09-23;18.172500610351562;18.1875;17.662500381469727;17.72249984741211;21807600;14.875384330749512
2013-09-24;17.732500076293945;17.872499465942383;17.415000915527344;17.454999923706055;21012800;14.65085506439209
2013-09-25;17.52750015258789;17.822500228881836;17.30500030517578;17.684999465942383;23416800;14.843907356262207
2013-09-26;17.774999618530273;17.979999542236328;17.4950008392334;17.72249984741211;16891200;14.875384330749512
2013-09-27;17.424999237060547;17.639999389648438;17.405000686645508;17.545000076293945;18113600;14.726399421691895
2013-09-30;17.0;17.412500381469727;16.954999923706055;17.1924991607666;21494800;14.430526733398438
2013-10-01;17.2450008392334;17.712499618530273;17.217500686645508;17.612499237060547;15631600;14.783053398132324
2013-10-02;17.25749969482422;17.602500915527344;17.145000457763672;17.537500381469727;17129200;14.720104217529297
2013-10-03;17.462499618530273;17.524999618530273;16.797500610351562;17.127500534057617;34758800;14.37596607208252
2013-10-04;17.204999923706055;17.532499313354492;17.125;17.530000686645508;24482400;14.713804244995117
2013-10-07;17.075000762939453;17.262500762939453;16.9424991607666;16.952499389648438;30245600;14.229084968566895
2013-10-08;17.002500534057617;17.024999618530273;16.274999618530273;16.34749984741211;33166400;13.721278190612793
2013-10-09;16.4325008392334;16.627500534057617;16.094999313354492;16.44499969482422;32464000;13.803112983703613
2013-10-10;17.03499984741211;17.787500381469727;17.020000457763672;17.75;47420000;14.898460388183594
2013-10-11;17.61750030517578;18.135000228881836;17.514999389648438;18.114999771118164;23885200;15.204829216003418
2013-10-14;17.71500015258789;18.434999465942383;17.702499389648438;18.375;24802000;15.423056602478027
2013-10-15;18.3174991607666;18.5;17.885000228881836;17.950000762939453;26377200;15.06633472442627
2013-10-16;18.332500457763672;19.06999969482422;18.282499313354492;19.052499771118164;34877600;15.991711616516113
2013-10-17;18.690000534057617;19.655000686645508;18.667499542236328;19.600000381469727;26831200;16.451263427734375
2013-10-18;19.774999618530273;19.84000015258789;19.389999389648438;19.772499084472656;22181200;16.596050262451172
2013-10-21;19.747499465942383;19.834999084472656;19.559999465942383;19.662500381469727;16128000;16.50372314453125
2013-10-22;19.860000610351562;20.145000457763672;19.727500915527344;19.81999969482422;25750000;16.63591766357422
2013-10-23;19.592500686645508;19.63249969482422;19.239999771118164;19.399999618530273;18152400;16.28339195251465
2013-10-24;19.537500381469727;19.600000381469727;19.295000076293945;19.545000076293945;18317200;16.40509796142578
2013-10-25;19.584999084472656;19.797500610351562;19.52750015258789;19.77750015258789;15420800;16.600248336791992
2013-10-28;19.797500610351562;19.825000762939453;19.602500915527344;19.732500076293945;13310000;16.562477111816406
2013-10-29;19.864999771118164;19.905000686645508;19.662500381469727;19.857500076293945;12080800;16.667396545410156
2013-10-30;19.93000030517578;19.940000534057617;19.389999389648438;19.5674991607666;19631200;16.423978805541992
2013-10-31;19.5;19.517499923706055;18.97249984741211;19.002500534057617;13463600;15.949750900268555
2013-11-01;19.075000762939453;19.239999771118164;18.8700008392334;19.13249969482422;18157600;16.058860778808594
2013-11-04;19.3125;19.332500457763672;19.022499084472656;19.167499542236328;12575200;16.08824920654297
2013-11-05;18.950000762939453;19.065000534057617;18.75749969482422;18.872499465942383;11698000;15.840632438659668
2013-11-06;19.104999542236328;19.2450008392334;18.977500915527344;19.104999542236328;10725600;16.035789489746094
2013-11-07;19.290000915527344;19.325000762939453;18.424999237060547;18.462499618530273;20205200;15.496504783630371
2013-11-08;18.452499389648438;19.485000610351562;18.452499389648438;19.457500457763672;29069200;16.331661224365234
2013-11-11;19.457500457763672;19.670000076293945;19.352500915527344;19.537500381469727;12546800;16.3987979888916
2013-11-12;19.375;19.46500015258789;18.920000076293945;19.104999542236328;16275200;16.035789489746094
2013-11-13;18.872499465942383;19.5625;18.8125;19.5625;17082400;16.41978645324707
2013-11-14;19.674999237060547;20.0625;19.552499771118164;20.017499923706055;14750400;16.801687240600586
2013-11-15;20.084999084472656;20.322500228881836;20.012500762939453;20.27750015258789;13864000;17.019920349121094
2013-11-18;20.485000610351562;20.63249969482422;20.092500686645508;20.202499389648438;18124400;16.956974029541016
2013-11-19;20.28499984741211;20.5;20.072500228881836;20.1825008392334;16794400;16.940183639526367
2013-11-20;20.3075008392334;20.510000228881836;19.834999084472656;20.002500534057617;18739200;16.78910255432129
2013-11-21;20.260000228881836;20.877500534057617;20.162500381469727;20.797500610351562;21218800;17.456382751464844
2013-11-22;20.84749984741211;21.092500686645508;20.725000381469727;21.0625;13324000;17.678810119628906
2013-11-25;21.25;21.352500915527344;21.040000915527344;21.155000686645508;10572800;17.756454467773438
2013-11-26;21.142499923706055;21.327499389648438;21.075000762939453;21.079999923706055;11284000;17.693500518798828
2013-11-27;21.162500381469727;21.329999923706055;21.082500457763672;21.280000686645508;12709600;17.861371994018555
2013-11-29;21.440000534057617;21.440000534057617;21.0;21.037500381469727;6920800;17.65782928466797
2013-12-02;21.122499465942383;21.467500686645508;20.862499237060547;20.895000457763672;15096000;17.538219451904297
2013-12-03;20.690000534057617;20.802499771118164;20.149999618530273;20.427499771118164;19283600;17.145824432373047
2013-12-04;20.157499313354492;20.8174991607666;20.059999465942383;20.49250030517578;19744000;17.20037841796875
2013-12-05;20.3174991607666;20.43000030517578;20.024999618530273;20.092500686645508;15452800;16.864639282226562
2013-12-06;20.59000015258789;20.90250015258789;20.4424991607666;20.837499618530273;20358800;17.489953994750977
2013-12-09;21.0049991607666;21.149999618530273;20.94499969482422;21.049999237060547;9627600;17.668317794799805
2013-12-10;20.875;21.1875;20.850000381469727;20.850000381469727;11492400;17.500450134277344
2013-12-11;20.905000686645508;20.969999313354492;20.024999618530273;20.09000015258789;21238000;16.862546920776367
2013-12-12;20.13249969482422;20.329999923706055;19.94499969482422;20.0575008392334;15658400;16.835268020629883
2013-12-13;20.30500030517578;20.427499771118164;20.032499313354492;20.167499542236328;18076400;16.927593231201172
2013-12-16;20.487499237060547;20.662500381469727;20.4325008392334;20.510000228881836;11796800;17.215068817138672
2013-12-17;20.52750015258789;20.56999969482422;20.157499313354492;20.292499542236328;11824000;17.032514572143555
2013-12-18;20.5;21.587499618530273;19.99250030517578;21.577499389648438;27201200;18.11107635498047
2013-12-19;21.377500534057617;21.5575008392334;21.225000381469727;21.3700008392334;15273200;17.93691635131836
2013-12-20;21.5;21.915000915527344;21.462499618530273;21.802499771118164;16874400;18.2999324798584
2013-12-23;22.13249969482422;22.232500076293945;22.012500762939453;22.127500534057617;11259600;18.572723388671875
2013-12-24;22.25;22.28499984741211;22.077499389648438;22.2450008392334;3727200;18.67134666442871
2013-12-26;22.350000381469727;22.450000762939453;22.260000228881836;22.360000610351562;6997600;18.767864227294922
2013-12-27;22.360000610351562;22.4325008392334;22.25;22.337499618530273;7563200;18.74898338317871
2013-12-30;22.354999542236328;22.459999084472656;22.25;22.350000381469727;6280800;18.759469985961914
2013-12-31;22.450000762939453;22.645000457763672;22.415000915527344;22.575000762939453;7864400;18.948326110839844
2014-01-02;22.482500076293945;22.520000457763672;22.040000915527344;22.229999542236328;16179200;18.658750534057617
2014-01-03;22.352500915527344;22.780000686645508;22.325000762939453;22.549999237060547;14425600;18.927343368530273
2014-01-06;22.8799991607666;23.030000686645508;22.552499771118164;22.59749984741211;18257600;18.967212677001953
2014-01-07;22.9375;22.997499465942383;22.547500610351562;22.719999313354492;18677600;19.070037841796875
2014-01-08;22.802499771118164;22.969999313354492;22.6200008392334;22.892499923706055;18995200;19.214818954467773
2014-01-09;23.092500686645508;23.172500610351562;22.71500015258789;23.094999313354492;14794000;19.38478660583496
2014-01-10;23.075000762939453;23.1924991607666;22.75;23.02750015258789;12932000;19.328134536743164
2014-01-13;22.987499237060547;23.012500762939453;21.9375;22.077499389648438;19811200;18.5307559967041
2014-01-14;22.3700008392334;22.645000457763672;22.0575008392334;22.604999542236328;14354000;18.973506927490234
2014-01-15;22.875;23.309999465942383;22.84000015258789;23.295000076293945;18597600;19.55266571044922
2014-01-16;23.049999237060547;23.114999771118164;22.782499313354492;22.920000076293945;13105600;19.23790740966797
2014-01-17;22.967500686645508;23.125;22.647499084472656;22.780000686645508;12508000;19.120399475097656
2014-01-21;23.094999313354492;23.22249984741211;22.53499984741211;22.887500762939453;13882800;19.21062660217285
2014-01-22;22.997499465942383;23.142499923706055;22.84749984741211;23.082500457763672;8800800;19.374298095703125
2014-01-23;22.752500534057617;22.782499313354492;21.77750015258789;22.06999969482422;24088000;18.524457931518555
2014-01-24;21.612499237060547;21.625;20.530000686645508;20.530000686645508;27972000;17.231863021850586
2014-01-27;20.625;20.825000762939453;19.704999923706055;20.024999618530273;32519200;16.807985305786133
2014-01-28;20.332500457763672;20.872499465942383;20.25749969482422;20.790000915527344;19432000;17.450092315673828
2014-01-29;20.11750030517578;20.672500610351562;19.987499237060547;20.135000228881836;28350000;16.900314331054688
2014-01-30;20.677499771118164;21.0575008392334;20.49250030517578;20.90999984741211;20172400;17.55081558227539
2014-01-31;20.022499084472656;20.72249984741211;19.912500381469727;20.165000915527344;23525200;16.925495147705078
2014-02-03;20.137500762939453;20.292499542236328;18.65250015258789;18.729999542236328;35262400;15.721025466918945
2014-02-04;18.99250030517578;19.457500457763672;18.7549991607666;19.197500228881836;29724000;16.113422393798828
2014-02-05;19.072500228881836;19.332500457763672;18.75749969482422;19.1924991607666;23266400;16.109222412109375
2014-02-06;19.322500228881836;20.020000457763672;19.287500381469727;19.99250030517578;20395200;16.78070831298828
2014-02-07;20.3075008392334;20.747499465942383;20.077499389648438;20.704999923706055;24154000;17.37874412536621
2014-02-10;20.790000915527344;20.827499389648438;20.479999542236328;20.825000762939453;14189600;17.47946548461914
2014-02-11;20.950000762939453;21.537500381469727;20.74250030517578;21.377500534057617;17948800;17.943208694458008
2014-02-12;21.462499618530273;21.700000762939453;21.207500457763672;21.415000915527344;15066800;17.974681854248047
2014-02-13;20.962499618530273;21.684999465942383;20.84000015258789;21.622499465942383;17951200;18.148845672607422
2014-02-14;21.6200008392334;21.834999084472656;21.440000534057617;21.75;16051600;18.255857467651367
2014-02-18;21.790000915527344;22.040000915527344;21.6875;21.934999465942383;12532400;18.41114616394043
2014-02-19;21.737499237060547;22.18000030517578;21.122499465942383;21.202499389648438;26198400;17.796323776245117
2014-02-20;21.25;21.4325008392334;20.850000381469727;21.28499984741211;25188000;17.865568161010742
2014-02-21;21.3799991607666;21.607500076293945;21.174999237060547;21.344999313354492;21495600;17.915924072265625
2014-02-24;21.49250030517578;22.1825008392334;21.412500381469727;21.787500381469727;19034400;18.287338256835938
2014-02-25;21.764999389648438;21.947500228881836;21.459999084472656;21.577499389648438;20321600;18.11107635498047
2014-02-26;21.7549991607666;21.774999618530273;21.274999618530273;21.53499984741211;24639600;18.075408935546875
2014-02-27;21.482500076293945;21.837499618530273;21.302499771118164;21.834999084472656;18847600;18.327211380004883
2014-02-28;21.790000915527344;22.482500076293945;21.74250030517578;22.1299991607666;28514400;18.574817657470703
2014-03-03;21.462499618530273;21.725000381469727;21.204999923706055;21.635000228881836;25566400;18.159339904785156
2014-03-04;22.252500534057617;22.88249969482422;22.25;22.8125;28689600;19.147668838500977
2014-03-05;22.895000457763672;23.25;22.767499923706055;23.18000030517578;17665600;19.456132888793945
2014-03-06;23.420000076293945;23.69499969482422;23.334999084472656;23.572500228881836;18655600;19.78558349609375
2014-03-07;23.9950008392334;24.087499618530273;23.502500534057617;23.792499542236328;23160000;19.970237731933594
2014-03-10;23.607500076293945;23.854999542236328;23.387500762939453;23.75;14831200;19.9345645904541
2014-03-11;23.889999389648438;23.905000686645508;23.27750015258789;23.417499542236328;21744000;19.65548324584961
2014-03-12;23.082500457763672;23.362499237060547;22.834999084472656;23.332500457763672;16432000;19.584138870239258
2014-03-13;23.572500228881836;23.625;22.407499313354492;22.56999969482422;35340000;18.94413948059082
2014-03-14;22.427499771118164;22.850000381469727;22.145000457763672;22.280000686645508;27786800;18.700725555419922
2014-03-17;22.662500381469727;23.092500686645508;22.625;22.872499465942383;17175200;19.198040008544922
2014-03-18;23.075000762939453;23.3125;22.90250015258789;23.202499389648438;14277200;19.475019454956055
2014-03-19;23.2549991607666;23.56999969482422;22.602500915527344;23.082500457763672;26963600;19.374298095703125
2014-03-20;22.954999923706055;24.082500457763672;22.9375;23.989999771118164;24904400;20.13600730895996
2014-03-21;24.322500228881836;24.7450008392334;23.854999542236328;23.94499969482422;26896000;20.098237991333008
2014-03-24;24.239999771118164;24.31999969482422;23.47249984741211;23.767499923706055;21984400;19.949260711669922
2014-03-25;24.125;24.232500076293945;23.469999313354492;23.752500534057617;20645600;19.936662673950195
2014-03-26;24.075000762939453;24.100000381469727;23.032499313354492;23.037500381469727;26264800;19.336523056030273
2014-03-27;22.950000762939453;23.112499237060547;22.334999084472656;22.72249984741211;29782800;19.072132110595703
2014-03-28;22.957500457763672;23.354999542236328;22.71500015258789;22.895000457763672;20133600;19.216920852661133
2014-03-31;23.357500076293945;23.6924991607666;23.325000762939453;23.665000915527344;14829200;19.863222122192383
2014-04-01;23.864999771118164;23.9950008392334;23.610000610351562;23.917499542236328;17022800;20.07515525817871
2014-04-02;23.887500762939453;24.11750030517578;23.760000228881836;24.032499313354492;16250000;20.171680450439453
2014-04-03;24.102500915527344;24.112499237060547;23.6299991607666;23.895000457763672;13226800;20.05626678466797
2014-04-04;24.167499542236328;24.239999771118164;23.02750015258789;23.077499389648438;25043200;19.370101928710938
2014-04-07;22.885000228881836;23.024999618530273;22.002500534057617;22.09749984741211;19155600;18.547548294067383
2014-04-08;22.15999984741211;22.295000076293945;21.655000686645508;22.1825008392334;17643200;18.618885040283203
2014-04-09;22.4375;22.795000076293945;22.045000076293945;22.75;13764400;19.09521484375
2014-04-10;22.737499237060547;22.8125;21.209999084472656;21.25;27414000;17.836191177368164
2014-04-11;20.702499389648438;21.209999084472656;20.3075008392334;20.5;24908400;17.20667839050293
2014-04-14;21.147499084472656;21.200000762939453;20.360000610351562;20.952499389648438;15372400;17.58648681640625
2014-04-15;21.219999313354492;21.612499237060547;20.647499084472656;21.512500762939453;20488800;18.0565242767334
2014-04-16;21.8125;22.122499465942383;21.537500381469727;22.110000610351562;10271600;18.55803108215332
2014-04-17;22.125;22.3125;21.90999984741211;22.145000457763672;10639600;18.5874080657959
2014-04-21;22.170000076293945;22.267499923706055;21.987499237060547;22.122499465942383;8577200;18.56852149963379
2014-04-22;22.15250015258789;22.725000381469727;22.012500762939453;22.55500030517578;13480000;18.93153953552246
2014-04-23;22.552499771118164;22.6875;22.389999389648438;22.665000915527344;9681200;19.023876190185547
2014-04-24;22.854999542236328;22.899999618530273;22.375;22.645000457763672;11050000;19.007083892822266
2014-04-25;22.412500381469727;22.427499771118164;21.850000381469727;21.93000030517578;10907600;18.406949996948242
2014-04-28;21.912500381469727;22.112499237060547;21.045000076293945;21.65999984741211;12838800;18.180326461791992
2014-04-29;21.907499313354492;22.204999923706055;21.852500915527344;22.1875;8318800;18.623077392578125
2014-04-30;22.049999237060547;22.49250030517578;21.989999771118164;22.424999237060547;7626400;18.82242774963379
2014-05-01;22.397499084472656;22.672500610351562;22.239999771118164;22.572500228881836;7555600;18.946229934692383
2014-05-02;22.6299991607666;23.059999465942383;22.395000457763672;22.5674991607666;14402400;18.942033767700195
2014-05-05;22.047500610351562;22.395000457763672;21.737499237060547;22.375;7444000;18.78046417236328
2014-05-06;22.21500015258789;22.219999313354492;21.520000457763672;21.549999237060547;11426400;18.087995529174805
2014-05-07;21.774999618530273;22.357500076293945;21.604999542236328;22.342500686645508;10356400;18.753185272216797
2014-05-08;22.1875;22.837499618530273;22.1875;22.489999771118164;9836800;18.876983642578125
2014-05-09;22.477500915527344;22.489999771118164;22.042499542236328;22.424999237060547;6705200;18.82242774963379
2014-05-12;22.667499542236328;23.104999542236328;22.612499237060547;23.059999465942383;9160000;19.35541343688965
2014-05-13;23.0625;23.260000228881836;22.892499923706055;22.950000762939453;4990400;19.26308250427246
2014-05-14;22.877500534057617;22.96500015258789;22.377500534057617;22.459999084472656;6159600;18.851802825927734
2014-05-15;22.322500228881836;22.322500228881836;21.3125;21.787500381469727;15925600;18.287338256835938
2014-05-16;21.822500228881836;21.887500762939453;21.3799991607666;21.875;9617200;18.360782623291016
2014-05-19;21.739999771118164;22.252500534057617;21.700000762939453;22.19499969482422;8760800;18.62937355041504
2014-05-20;22.202499389648438;22.219999313354492;21.59000015258789;21.78499984741211;8662800;18.285242080688477
2014-05-21;22.012500762939453;22.399999618530273;22.0;22.237499237060547;8646400;18.66505241394043
2014-05-22;22.25;22.5625;22.09749984741211;22.440000534057617;5774400;18.835020065307617
2014-05-23;22.4424991607666;22.727500915527344;22.420000076293945;22.672500610351562;7684800;19.030166625976562
2014-05-27;23.0;23.497499465942383;22.93000030517578;23.299999237060547;10471600;19.556859970092773
2014-05-28;23.260000228881836;23.3075008392334;23.017499923706055;23.127500534057617;6377200;19.412067413330078
2014-05-29;23.197500228881836;23.325000762939453;23.022499084472656;23.287500381469727;5762000;19.546371459960938
2014-05-30;23.1924991607666;23.46500015258789;23.1924991607666;23.397499084472656;7835200;19.638696670532227
2014-06-02;23.497499465942383;23.6299991607666;23.155000686645508;23.592500686645508;7119200;19.802370071411133
2014-06-03;23.399999618530273;23.637500762939453;23.262500762939453;23.614999771118164;6762800;19.82125473022461
2014-06-04;23.450000762939453;23.90250015258789;23.450000762939453;23.86750030517578;6506000;20.033185958862305
2014-06-05;23.96500015258789;24.530000686645508;23.684999465942383;24.520000457763672;11734800;20.58086585998535
2014-06-06;24.582500457763672;25.030000686645508;24.559999465942383;24.975000381469727;10467600;20.962772369384766
2014-06-09;24.985000610351562;25.3125;24.952499389648438;25.18000030517578;9702400;21.134836196899414
2014-06-10;25.0;25.157499313354492;24.899999618530273;25.149999618530273;6749200;21.10965919494629
2014-06-11;24.774999618530273;24.8799991607666;24.467500686645508;24.690000534057617;10552800;20.72355842590332
2014-06-12;24.627500534057617;24.690000534057617;24.114999771118164;24.282499313354492;16610000;20.38152313232422
2014-06-13;24.334999084472656;24.5625;24.110000610351562;24.272499084472656;10137600;20.373126983642578
2014-06-16;24.177499771118164;24.200000762939453;23.790000915527344;23.997499465942383;7275600;20.142301559448242
2014-06-17;23.93000030517578;24.717500686645508;23.81999969482422;24.635000228881836;8592400;20.67738914489746
2014-06-18;24.635000228881836;25.114999771118164;24.3174991607666;25.024999618530273;9111600;21.004737854003906
2014-06-19;25.075000762939453;25.092500686645508;24.657499313354492;24.90999984741211;6988400;20.908212661743164
2014-06-20;25.102500915527344;25.212499618530273;24.962499618530273;25.110000610351562;7227200;21.076082229614258
2014-06-23;25.11750030517578;25.3075008392334;24.905000686645508;25.25749969482422;5424400;21.19988441467285
2014-06-24;25.077499389648438;25.459999084472656;24.709999084472656;24.7450008392334;9682400;20.769718170166016
2014-06-25;24.65250015258789;25.002500534057617;24.452499389648438;24.8700008392334;6435200;20.874637603759766
2014-06-26;24.8799991607666;24.887500762939453;24.19499969482422;24.697500228881836;10489200;20.72984504699707
2014-06-27;24.520000457763672;24.94499969482422;24.520000457763672;24.895000457763672;5884000;20.89562225341797
2014-06-30;24.897499084472656;25.06999969482422;24.78499984741211;24.989999771118164;5248400;20.975360870361328
2014-07-01;25.13249969482422;25.7549991607666;25.030000686645508;25.450000762939453;7660000;21.361467361450195
2014-07-02;25.559999465942383;25.637500762939453;25.350000381469727;25.427499771118164;4301200;21.342580795288086
2014-07-03;25.75;25.96500015258789;25.702499389648438;25.912500381469727;4451200;21.749662399291992
2014-07-07;25.727500915527344;25.767499923706055;25.399999618530273;25.587499618530273;7805600;21.476869583129883
2014-07-08;25.375;25.4424991607666;24.825000762939453;25.030000686645508;9726800;21.008935928344727
2014-07-09;25.232500076293945;25.260000228881836;24.954999923706055;25.204999923706055;7554000;21.155818939208984
2014-07-10;24.422500610351562;25.0049991607666;24.27750015258789;24.815000534057617;7156800;20.828474044799805
2014-07-11;24.700000762939453;24.962499618530273;24.399999618530273;24.895000457763672;5835200;20.89562225341797
2014-07-14;25.485000610351562;25.565000534057617;25.315000534057617;25.364999771118164;8136800;21.290119171142578
2014-07-15;25.792499542236328;26.030000686645508;25.434999465942383;25.829999923706055;10333600;21.68041229248047
2014-07-16;25.975000381469727;25.975000381469727;25.49250030517578;25.6924991607666;6043200;21.56500244140625
2014-07-17;25.399999618530273;25.635000228881836;24.647499084472656;24.737499237060547;10680800;20.76342010498047
2014-07-18;25.104999542236328;25.5674991607666;24.954999923706055;25.477500915527344;6974000;21.384544372558594
2014-07-21;25.27750015258789;25.40999984741211;25.024999618530273;25.327499389648438;6128800;21.258642196655273
2014-07-22;25.575000762939453;25.72249984741211;25.457500457763672;25.587499618530273;4580800;21.476869583129883
2014-07-23;25.700000762939453;25.86750030517578;25.522499084472656;25.752500534057617;3605600;21.6153621673584
2014-07-24;25.84749984741211;26.024999618530273;25.802499771118164;25.912500381469727;3705600;21.749662399291992
2014-07-25;25.700000762939453;25.709999084472656;25.315000534057617;25.434999465942383;5999600;21.348865509033203
2014-07-28;25.457500457763672;25.5575008392334;25.010000228881836;25.46500015258789;6659600;21.374048233032227
2014-07-29;25.59749984741211;25.667499542236328;25.065000534057617;25.077499389648438;8267600;21.048799514770508
2014-07-30;25.420000076293945;25.572500228881836;24.924999237060547;25.31999969482422;9203600;21.252342224121094
2014-07-31;24.950000762939453;25.0049991607666;23.8799991607666;23.889999389648438;14621600;20.052074432373047
2014-08-01;23.799999237060547;23.987499237060547;23.084999084472656;23.362499237060547;12837600;19.609317779541016
2014-08-04;23.5625;23.969999313354492;23.28499984741211;23.8700008392334;7243600;20.0352840423584
2014-08-05;23.575000762939453;23.764999389648438;22.959999084472656;23.209999084472656;9176400;19.481321334838867
2014-08-06;22.8799991607666;23.747499465942383;22.875;23.4424991607666;7063600;19.67646598815918
2014-08-07;23.787500381469727;23.860000610351562;22.977500915527344;23.11750030517578;7846400;19.403676986694336
2014-08-08;23.260000228881836;23.787500381469727;22.975000381469727;23.7549991607666;7332800;19.938766479492188
2014-08-11;24.02750015258789;24.142499923706055;23.8174991607666;23.897499084472656;8923200;20.058366775512695
2014-08-12;23.875;24.172500610351562;23.7549991607666;23.954999923706055;5966000;20.106632232666016
2014-08-13;24.165000915527344;24.5;24.094999313354492;24.417499542236328;5887600;20.49483299255371
2014-08-14;24.477500915527344;24.75;24.4375;24.739999771118164;4157200;20.765522003173828
2014-08-15;24.912500381469727;25.049999237060547;24.049999237060547;24.4950008392334;11000800;20.55988311767578
2014-08-18;24.887500762939453;25.274999618530273;24.864999771118164;25.227500915527344;7010800;21.174715042114258
2014-08-19;25.377500534057617;25.53499984741211;25.299999237060547;25.357500076293945;4708000;21.28382110595703
2014-08-20;25.225000381469727;25.674999237060547;25.170000076293945;25.59749984741211;6107200;21.48526382446289
2014-08-21;25.702499389648438;26.4375;25.63249969482422;26.3125;8064800;22.085399627685547
2014-08-22;26.264999389648438;26.475000381469727;25.989999771118164;26.059999465942383;5097200;21.87346839904785
2014-08-25;26.454999923706055;26.84749984741211;26.43000030517578;26.602500915527344;4958000;22.32881736755371
2014-08-26;26.725000381469727;27.037500381469727;26.667499542236328;26.815000534057617;3198800;22.507179260253906
2014-08-27;26.827499389648438;26.94499969482422;26.549999237060547;26.677499771118164;3688000;22.391765594482422
2014-08-28;26.467500686645508;26.487499237060547;26.149999618530273;26.3700008392334;3339600;22.133655548095703
2014-08-29;26.497499465942383;26.802499771118164;26.407499313354492;26.6825008392334;3117200;22.39596176147461
2014-09-02;26.844999313354492;27.09749984741211;26.607500076293945;26.989999771118164;6358800;22.654062271118164
2014-09-03;27.260000228881836;27.350000381469727;26.74250030517578;26.905000686645508;4900800;22.58271598815918
2014-09-04;27.02750015258789;27.350000381469727;26.662500381469727;26.899999618530273;5505200;22.578523635864258
2014-09-05;26.77750015258789;27.0625;26.40250015258789;27.040000915527344;5208000;22.69603157043457
2014-09-08;26.967500686645508;27.325000762939453;26.8174991607666;27.0575008392334;4601200;22.710710525512695
2014-09-09;26.854999542236328;26.920000076293945;26.207500457763672;26.327499389648438;5384800;22.097990036010742
2014-09-10;26.375;26.75749969482422;26.282499313354492;26.614999771118164;4201600;22.339305877685547
2014-09-11;26.299999237060547;26.815000534057617;26.274999618530273;26.747499465942383;3768000;22.45051383972168
2014-09-12;26.69499969482422;26.9325008392334;26.235000610351562;26.482500076293945;4556000;22.228092193603516
2014-09-15;26.469999313354492;26.614999771118164;26.2549991607666;26.43000030517578;5690000;22.184022903442383
2014-09-16;26.309999465942383;26.920000076293945;26.280000686645508;26.747499465942383;5192000;22.45051383972168
2014-09-17;26.842500686645508;27.434999465942383;26.625;27.020000457763672;7849200;22.679243087768555
2014-09-18;27.267499923706055;27.844999313354492;27.209999084472656;27.717500686645508;7618000;23.264686584472656
2014-09-19;28.0;28.174999237060547;27.25;27.440000534057617;8533600;23.031763076782227
2014-09-22;27.247499465942383;27.392499923706055;26.75;26.799999237060547;6260400;22.494577407836914
2014-09-23;26.637500762939453;26.997499465942383;26.209999084472656;26.225000381469727;7543200;22.0119571685791
2014-09-24;26.392499923706055;26.729999542236328;26.100000381469727;26.670000076293945;4811600;22.385461807250977
2014-09-25;26.452499389648438;26.5;25.440000534057617;25.447500228881836;10394800;21.35936164855957
2014-09-26;25.579999923706055;26.287500381469727;25.5;26.107500076293945;6182400;21.9133358001709
2014-09-29;25.482500076293945;25.985000610351562;25.3125;25.860000610351562;6436800;21.705598831176758
2014-09-30;26.049999237060547;26.162500381469727;25.565000534057617;25.74250030517578;5250800;21.60696792602539
2014-10-01;25.59000015258789;25.729999542236328;24.727500915527344;24.892499923706055;10348800;20.893526077270508
2014-10-02;24.799999237060547;25.282499313354492;24.334999084472656;25.0049991607666;8861200;20.987953186035156
2014-10-03;25.594999313354492;26.112499237060547;25.4375;26.0;7576800;21.823104858398438
2014-10-06;26.252500534057617;26.417499542236328;25.72249984741211;25.922500610351562;8328800;21.758054733276367
2014-10-07;25.625;25.684999465942383;24.540000915527344;24.604999542236328;10199200;20.652210235595703
2014-10-08;24.68000030517578;25.899999618530273;24.407499313354492;25.852500915527344;10564000;21.699298858642578
2014-10-09;25.684999465942383;25.832500457763672;24.337499618530273;24.3799991607666;15574400;20.463350296020508
2014-10-10;24.399999618530273;25.014999389648438;23.75;23.8125;12759200;19.987024307250977
2014-10-13;23.834999084472656;24.207500457763672;23.142499923706055;23.162500381469727;13466000;19.44144630432129
2014-10-14;23.447500228881836;24.022499084472656;23.200000762939453;23.497499465942383;11284800;19.72263526916504
2014-10-15;22.63249969482422;22.872499465942383;20.924999237060547;22.36750030517578;24771600;18.774166107177734
2014-10-16;21.252500534057617;22.837499618530273;21.252500534057617;22.452499389648438;11703200;18.84551239013672
2014-10-17;23.227500915527344;23.5;22.792499542236328;23.19499969482422;9713200;19.468727111816406
2014-10-20;23.0625;23.712499618530273;23.00749969482422;23.712499618530273;7707600;19.903095245361328
2014-10-21;24.032499313354492;25.05500030517578;24.0049991607666;25.0;13075600;20.983755111694336
2014-10-22;25.110000610351562;25.237499237060547;24.412500381469727;24.43000030517578;7481200;20.505327224731445
2014-10-23;25.087499618530273;25.520000457763672;24.989999771118164;25.092500686645508;9578800;21.061399459838867
2014-10-24;25.1299991607666;25.697500228881836;25.010000228881836;25.677499771118164;6119600;21.552412033081055
2014-10-27;25.389999389648438;25.842500686645508;25.3075008392334;25.842500686645508;5364000;21.690906524658203
2014-10-28;26.05500030517578;26.649999618530273;25.962499618530273;26.6299991607666;6610800;22.351898193359375
2014-10-29;26.700000762939453;26.934999465942383;26.15250015258789;26.7450008392334;8426400;22.448421478271484
2014-10-30;26.61750030517578;27.69499969482422;26.61750030517578;27.5;12827200;23.08213233947754
2014-10-31;28.217500686645508;28.55500030517578;28.100000381469727;28.440000534057617;7828400;23.871122360229492
2014-11-03;28.457500457763672;28.967500686645508;28.44499969482422;28.752500534057617;5050800;24.133419036865234
2014-11-04;28.587499618530273;28.822500228881836;28.114999771118164;28.809999465942383;4475600;24.181676864624023
2014-11-05;29.332500457763672;29.517499923706055;28.969999313354492;29.450000762939453;5446800;24.718856811523438
2014-11-06;29.452499389648438;29.5625;29.040000915527344;29.520000457763672;4524400;24.777620315551758
2014-11-07;29.450000762939453;29.75;29.162500381469727;29.5625;5429600;24.81328773498535
2014-11-10;29.50749969482422;30.0;29.50749969482422;29.982500076293945;3839200;25.165813446044922
2014-11-11;29.9950008392334;30.0625;29.690000534057617;29.762500762939453;3475600;24.98116111755371
2014-11-12;29.3799991607666;29.702499389648438;29.25;29.647499084472656;3368400;24.88463020324707
2014-11-13;29.75;29.852500915527344;29.235000610351562;29.552499771118164;3315600;24.804893493652344
2014-11-14;29.512500762939453;29.674999237060547;29.174999237060547;29.2549991607666;2945200;24.55518341064453
2014-11-17;29.040000915527344;29.377500534057617;29.00749969482422;29.280000686645508;3143600;24.576171875
2014-11-18;29.227500915527344;29.787500381469727;29.212499618530273;29.52750015258789;2614800;24.783906936645508
2014-11-19;29.485000610351562;29.540000915527344;28.982500076293945;29.377500534057617;4926400;24.658004760742188
2014-11-20;29.072500228881836;29.50749969482422;28.875;29.434999465942383;2880000;24.706270217895508
2014-11-21;30.1875;30.30500030517578;29.709999084472656;29.864999771118164;8670800;25.06719207763672
2014-11-24;30.107500076293945;30.5;30.084999084472656;30.387500762939453;5232400;25.50575065612793
2014-11-25;30.5625;30.592500686645508;30.137500762939453;30.372499465942383;4608400;25.493160247802734
2014-11-26;30.459999084472656;30.577499389648438;30.3174991607666;30.532499313354492;2228000;25.62746238708496
2014-11-28;30.61750030517578;31.02750015258789;30.530000686645508;30.622499465942383;2568400;25.702987670898438
2014-12-01;30.264999389648438;30.375;29.842500686645508;29.94499969482422;4871200;25.134336471557617
2014-12-02;30.010000228881836;30.782499313354492;30.0;30.6825008392334;4581200;25.75336265563965
2014-12-03;30.80500030517578;31.235000610351562;30.602500915527344;31.1299991607666;3925200;26.128965377807617
2014-12-04;31.075000762939453;31.364999771118164;30.717500686645508;31.262500762939453;4613200;26.240184783935547
2014-12-05;31.540000915527344;32.2599983215332;31.540000915527344;32.022499084472656;7435600;26.878084182739258
2014-12-08;31.962499618530273;32.869998931884766;31.857500076293945;32.33250045776367;9121600;27.138286590576172
2014-12-09;31.280000686645508;32.189998626708984;30.950000762939453;32.189998626708984;6047600;27.0186824798584
2014-12-10;31.862499237060547;32.16999816894531;30.787500381469727;30.88249969482422;5575600;25.921234130859375
2014-12-11;31.477500915527344;31.94499969482422;31.082500457763672;31.237499237060547;3530800;26.219196319580078
2014-12-12;30.537500381469727;31.0575008392334;29.327499389648438;29.375;8223200;24.655906677246094
2014-12-15;29.907499313354492;30.014999389648438;28.227500915527344;28.65999984741211;9809600;24.055768966674805
2014-12-16;28.2450008392334;29.454999923706055;27.84000015258789;27.8799991607666;8451600;23.401084899902344
2014-12-17;28.25749969482422;29.780000686645508;28.170000076293945;29.737499237060547;6512800;24.960172653198242
2014-12-18;30.729999542236328;31.725000381469727;30.522499084472656;31.719999313354492;8416000;26.624189376831055
2014-12-19;31.787500381469727;32.125;31.385000228881836;31.760000228881836;5685600;26.65776252746582
2014-12-22;31.912500381469727;32.4275016784668;31.737499237060547;32.34000015258789;4319600;27.144577026367188
2014-12-23;32.61000061035156;33.162498474121094;32.5625;32.83250045776367;4460800;27.557966232299805
2014-12-24;33.01250076293945;33.092498779296875;32.73249816894531;32.77000045776367;1708400;27.505508422851562
2014-12-26;33.0;33.1349983215332;32.724998474121094;32.747501373291016;2557600;27.486618041992188
2014-12-29;32.622501373291016;33.49250030517578;32.51750183105469;33.032501220703125;4158000;27.725830078125
2014-12-30;32.82500076293945;33.10749816894531;32.665000915527344;32.942501068115234;3682000;27.65029525756836
2014-12-31;33.084999084472656;33.19499969482422;31.762500762939453;31.787500381469727;4273200;26.680843353271484
2015-01-02;32.32749938964844;32.505001068115234;31.200000762939453;31.885000228881836;5265600;26.762680053710938
2015-01-05;31.3799991607666;31.5;29.8799991607666;30.072500228881836;6084000;25.241352081298828
2015-01-06;30.290000915527344;30.350000381469727;28.5;28.889999389648438;8520000;24.248823165893555
2015-01-07;29.674999237060547;30.0049991607666;29.125;29.8700008392334;6442000;25.071388244628906
2015-01-08;30.575000762939453;31.30500030517578;30.524999618530273;31.167499542236328;5347600;26.160446166992188
2015-01-09;31.1825008392334;31.274999618530273;29.920000076293945;30.084999084472656;5303200;25.251846313476562
2015-01-12;30.012500762939453;30.200000762939453;29.102500915527344;29.424999237060547;5044000;24.697877883911133
2015-01-13;29.899999618530273;30.524999618530273;28.50749969482422;29.165000915527344;7240000;24.479650497436523
2015-01-14;27.934999465942383;28.287500381469727;27.0;28.0674991607666;10266400;23.55846405029297
2015-01-15;27.8799991607666;28.237499237060547;26.982500076293945;27.165000915527344;8312400;22.800949096679688
2015-01-16;26.982500076293945;28.139999389648438;26.69499969482422;28.110000610351562;7598800;23.594125747680664
2015-01-20;28.405000686645508;28.637500762939453;27.420000076293945;27.767499923706055;5781200;23.306657791137695
2015-01-21;27.594999313354492;28.299999237060547;27.212499618530273;27.917499542236328;4322800;23.432559967041016
2015-01-22;28.385000228881836;29.93000030517578;27.822500228881836;29.802499771118164;8079200;25.014734268188477
2015-01-23;29.674999237060547;29.9424991607666;29.042499542236328;29.0674991607666;4764400;24.397811889648438
2015-01-26;29.002500534057617;29.524999618530273;28.649999618530273;29.50749969482422;2920400;24.767127990722656
2015-01-27;28.552499771118164;29.139999389648438;28.2549991607666;28.61750030517578;5821200;24.020103454589844
2015-01-28;28.9950008392334;29.045000076293945;27.110000610351562;27.147499084472656;7456400;22.786258697509766
2015-01-29;27.31999969482422;27.924999237060547;26.772499084472656;27.792499542236328;6692000;23.327640533447266
2015-01-30;27.34000015258789;27.860000610351562;26.6299991607666;26.690000534057617;7767600;22.402252197265625
2015-02-02;27.052499771118164;27.84000015258789;26.125;27.747499465942383;7355200;23.289871215820312
2015-02-03;28.107500076293945;29.110000610351562;28.017499923706055;29.075000762939453;7781200;24.404104232788086
2015-02-04;28.75;29.594999313354492;28.700000762939453;28.97249984741211;5682000;24.318073272705078
2015-02-05;29.28499984741211;29.982500076293945;29.125;29.924999237060547;4569600;25.117551803588867
2015-02-06;30.395000457763672;31.03499984741211;29.954999923706055;30.172500610351562;7967200;25.325286865234375
2015-02-09;29.802499771118164;30.1924991607666;29.579999923706055;29.799999237060547;4303600;25.012632369995117
2015-02-10;30.407499313354492;30.5;29.719999313354492;30.4325008392334;3898000;25.54352378845215
2015-02-11;30.270000457763672;30.642499923706055;29.862499237060547;30.3700008392334;3588000;25.49106216430664
2015-02-12;30.725000381469727;31.524999618530273;30.549999237060547;31.447500228881836;5846000;26.395458221435547
2015-02-13;31.487499237060547;31.645000457763672;31.0049991607666;31.38249969482422;4524800;26.34090805053711
2015-02-17;31.112499237060547;31.852500915527344;31.077499389648438;31.677499771118164;3331200;26.588516235351562
2015-02-18;31.43000030517578;31.524999618530273;31.010000228881836;31.262500762939453;3588400;26.240184783935547
2015-02-19;31.030000686645508;31.217500686645508;30.71500015258789;30.90250015258789;3693200;25.938016891479492
2015-02-20;30.604999542236328;31.74250030517578;30.272499084472656;31.672500610351562;6664800;26.584321975708008
2015-02-23;31.522499084472656;31.552499771118164;30.967500686645508;31.424999237060547;3815600;26.376577377319336
2015-02-24;31.53499984741211;31.957500457763672;31.387500762939453;31.6924991607666;5134800;26.601104736328125
2015-02-25;31.657499313354492;32.03499984741211;31.565000534057617;31.729999542236328;3541600;26.632577896118164
2015-02-26;31.610000610351562;31.71500015258789;31.147499084472656;31.457500457763672;3123600;26.403858184814453
2015-02-27;31.272499084472656;31.53499984741211;31.042499542236328;31.087499618530273;2124800;26.093292236328125
2015-03-02;31.077499389648438;31.850000381469727;31.05500030517578;31.842500686645508;3126000;26.727006912231445
2015-03-03;31.647499084472656;31.797500610351562;31.065000534057617;31.59749984741211;2776400;26.521360397338867
2015-03-04;31.25;31.357500076293945;30.684999465942383;30.9950008392334;3430000;26.01565933227539
2015-03-05;31.114999771118164;31.440000534057617;30.917499542236328;31.360000610351562;2301200;26.322021484375
2015-03-06;31.322500228881836;31.982500076293945;30.392499923706055;30.53499984741211;8440000;25.629552841186523
2015-03-09;30.5674991607666;31.075000762939453;30.5575008392334;30.90250015258789;3289200;25.938016891479492
2015-03-10;30.125;30.219999313354492;29.149999618530273;29.19499969482422;6640400;24.504831314086914
2015-03-11;29.415000915527344;29.852500915527344;29.290000915527344;29.610000610351562;4476000;24.85316276550293
2015-03-12;30.200000762939453;31.447500228881836;30.137500762939453;31.412500381469727;7206400;26.3660888671875
2015-03-13;31.297500610351562;31.299999237060547;30.219999313354492;30.770000457763672;4891600;25.826797485351562
2015-03-16;31.09000015258789;31.875;31.09000015258789;31.767499923706055;5236000;26.664058685302734
2015-03-17;31.387500762939453;31.8075008392334;31.040000915527344;31.6200008392334;3133600;26.540254592895508
2015-03-18;31.397499084472656;32.442501068115234;31.020000457763672;32.20000076293945;6978000;27.02707862854004
2015-03-19;32.095001220703125;32.095001220703125;31.107500076293945;31.522499084472656;4074800;26.45841407775879
2015-03-20;31.989999771118164;32.782501220703125;31.737499237060547;32.63999938964844;8418400;27.39638900756836
2015-03-23;32.689998626708984;32.994998931884766;32.247501373291016;32.27000045776367;2824000;27.085832595825195
2015-03-24;32.04999923706055;32.252498626708984;31.542499542236328;31.545000076293945;4020400;26.4773006439209
2015-03-25;31.677499771118164;31.677499771118164;30.137500762939453;30.170000076293945;7735600;25.323196411132812
2015-03-26;29.889999389648438;30.415000915527344;29.389999389648438;30.014999389648438;5289200;25.19309425354004
2015-03-27;29.997499465942383;30.092500686645508;29.61750030517578;29.927499771118164;3378800;25.11964225769043
2015-03-30;30.459999084472656;31.297500610351562;30.447500228881836;31.05500030517578;8750000;26.066024780273438
2015-03-31;30.625;30.9950008392334;30.375;30.55500030517578;4968800;25.64634132385254
2015-04-01;30.377500534057617;30.735000610351562;29.799999237060547;30.4375;5559200;25.547718048095703
2015-04-02;30.3700008392334;31.022499084472656;30.352500915527344;30.895000457763672;5172800;25.931726455688477
2015-04-06;30.405000686645508;31.295000076293945;30.107500076293945;31.047500610351562;6794400;26.059722900390625
2015-04-07;31.207500457763672;31.31999969482422;30.587499618530273;30.587499618530273;3013600;25.673625946044922
2015-04-08;30.690000534057617;31.302499771118164;30.690000534057617;31.0;4146000;26.019853591918945
2015-04-09;30.877500534057617;31.1875;30.395000457763672;31.0;3587600;26.019853591918945
2015-04-10;31.020000457763672;31.170000076293945;30.827499389648438;30.969999313354492;1708400;25.994672775268555
2015-04-13;30.782499313354492;31.47249984741211;30.782499313354492;31.114999771118164;3631600;26.11637306213379
2015-04-14;31.354999542236328;31.397499084472656;30.672500610351562;31.209999084472656;4503200;26.196121215820312
2015-04-15;31.315000534057617;31.815000534057617;31.1875;31.489999771118164;3536000;26.431133270263672
2015-04-16;31.5;31.86750030517578;30.969999313354492;31.559999465942383;4784000;26.48988914489746
2015-04-17;31.094999313354492;31.094999313354492;30.040000915527344;30.36750030517578;8714800;25.48896598815918
2015-04-20;30.850000381469727;30.99250030517578;30.625;30.735000610351562;4256000;25.797428131103516
2015-04-21;30.997499465942383;31.100000381469727;30.34749984741211;30.452499389648438;3639200;25.56031036376953
2015-04-22;30.530000686645508;31.3125;30.362499237060547;31.1924991607666;6630400;26.181427001953125
2015-04-23;30.962499618530273;31.530000686645508;30.892499923706055;31.3075008392334;3179200;26.277952194213867
2015-04-24;31.417499542236328;31.417499542236328;30.922500610351562;31.104999542236328;2376400;26.10798454284668
2015-04-27;31.2549991607666;31.604999542236328;30.6875;30.767499923706055;3561200;25.8247013092041
2015-04-28;30.802499771118164;31.217500686645508;30.274999618530273;31.217500686645508;3539600;26.202415466308594
2015-04-29;30.799999237060547;31.542499542236328;30.75749969482422;31.114999771118164;6339200;26.11637306213379
2015-04-30;31.017499923706055;31.270000457763672;30.024999618530273;30.40250015258789;5857600;25.518346786499023
2015-05-01;30.657499313354492;31.149999618530273;30.657499313354492;31.03499984741211;4094800;26.04922866821289
2015-05-04;31.21500015258789;31.852500915527344;31.1875;31.75749969482422;7722400;26.65566062927246
2015-05-05;31.61750030517578;31.977500915527344;30.889999389648438;31.047500610351562;6173200;26.059722900390625
2015-05-06;31.174999237060547;31.469999313354492;30.040000915527344;30.65999984741211;7445200;25.734479904174805
2015-05-07;30.434999465942383;31.4950008392334;30.34749984741211;31.290000915527344;5798800;26.26326560974121
2015-05-08;31.672500610351562;32.602500915527344;31.625;32.592498779296875;10004400;27.356523513793945
2015-05-11;32.52000045776367;32.834999084472656;32.095001220703125;32.227500915527344;4050400;27.050153732299805
2015-05-12;31.850000381469727;32.16749954223633;31.165000915527344;31.927499771118164;5017200;26.79836082458496
2015-05-13;32.032501220703125;32.287498474121094;31.7549991607666;31.97249984741211;3188800;26.836118698120117
2015-05-14;32.467498779296875;32.900001525878906;32.24250030517578;32.88999938964844;6258400;27.606225967407227
2015-05-15;32.83000183105469;32.997501373291016;32.244998931884766;32.529998779296875;2974400;27.304061889648438
2015-05-18;32.435001373291016;33.14500045776367;32.404998779296875;33.040000915527344;4932000;27.732128143310547
2015-05-19;33.25;33.782501220703125;33.130001068115234;33.60749816894531;4113600;28.20845603942871
2015-05-20;33.720001220703125;33.77000045776367;33.130001068115234;33.279998779296875;1857700;27.933570861816406
2015-05-21;33.11000061035156;33.25;32.91999816894531;33.0099983215332;1617500;27.706947326660156
2015-05-22;32.880001068115234;33.2400016784668;32.810001373291016;32.9900016784668;1255900;27.69015884399414
2015-05-26;32.75;32.84000015258789;31.8799991607666;32.11000061035156;3150800;26.9515323638916
2015-05-27;32.36000061035156;33.060001373291016;32.13999938964844;32.93000030517578;2115700;27.639801025390625
2015-05-28;32.75;32.91999816894531;32.34000015258789;32.86000061035156;1049800;27.5810546875
2015-05-29;32.66999816894531;32.77000045776367;31.8700008392334;32.0;2705700;26.859203338623047
2015-06-01;32.5099983215332;32.61000061035156;31.850000381469727;32.13999938964844;2128500;26.976713180541992
2015-06-02;32.099998474121094;32.56999969482422;31.68000030517578;32.279998779296875;1685000;27.094219207763672
2015-06-03;32.65999984741211;33.220001220703125;32.400001525878906;32.83000183105469;2922700;27.555862426757812
2015-06-04;32.77000045776367;32.81999969482422;31.920000076293945;32.060001373291016;3628400;26.909570693969727
2015-06-05;32.54999923706055;32.97999954223633;32.15999984741211;32.459999084472656;3881600;27.245309829711914
2015-06-08;32.5;32.66999816894531;31.8700008392334;31.889999389648438;2575400;26.766870498657227
2015-06-09;32.0;32.40999984741211;31.600000381469727;32.09000015258789;2609000;26.934751510620117
2015-06-10;32.5;33.650001525878906;32.41999816894531;33.58000183105469;4984400;28.185379028320312
2015-06-11;33.75;34.04999923706055;33.5;33.83000183105469;2678300;28.39521026611328
2015-06-12;33.540000915527344;33.77000045776367;33.18000030517578;33.459999084472656;2151300;28.08465576171875
2015-06-15;32.88999938964844;33.31999969482422;32.400001525878906;33.02000045776367;3344700;27.715335845947266
2015-06-16;33.060001373291016;33.650001525878906;32.77000045776367;33.56999969482422;2761200;28.17698097229004
2015-06-17;33.72999954223633;33.970001220703125;33.16999816894531;33.41999816894531;3763200;28.051076889038086
2015-06-18;33.720001220703125;34.560001373291016;33.540000915527344;34.36000061035156;4181800;28.840070724487305
2015-06-19;34.11000061035156;34.2400016784668;33.5;33.5;2585200;28.11823081970215
2015-06-22;34.34000015258789;34.630001068115234;34.130001068115234;34.20000076293945;2869000;28.705772399902344
2015-06-23;34.38999938964844;34.65999984741211;34.25;34.470001220703125;2381500;28.932395935058594
2015-06-24;34.220001220703125;34.40999984741211;33.58000183105469;33.58000183105469;3419400;28.185379028320312
2015-06-25;34.029998779296875;34.029998779296875;32.900001525878906;32.900001525878906;2817900;27.614633560180664
2015-06-26;33.25;33.5;32.970001220703125;33.290000915527344;2083900;27.941970825195312
2015-06-29;32.27000045776367;32.65999984741211;30.93000030517578;30.969999313354492;6630100;25.994672775268555
2015-06-30;31.84000015258789;31.940000534057617;31.0;31.299999237060547;5126000;26.271657943725586
2015-07-01;32.59000015258789;32.72999954223633;32.099998474121094;32.599998474121094;3577700;27.36281967163086
2015-07-02;32.58000183105469;32.84000015258789;31.889999389648438;32.220001220703125;2842900;27.043861389160156
2015-07-06;31.25;32.13999938964844;31.170000076293945;32.0099983215332;2766400;26.867595672607422
2015-07-07;32.099998474121094;32.25;30.56999969482422;32.25;4482200;27.06904411315918
2015-07-08;31.299999237060547;31.579999923706055;30.520000457763672;30.600000381469727;4006000;25.684112548828125
2015-07-09;31.65999984741211;31.979999542236328;31.079999923706055;31.209999084472656;3037100;26.196121215820312
2015-07-10;32.220001220703125;32.529998779296875;31.950000762939453;32.400001525878906;2870000;27.194942474365234
2015-07-13;33.0099983215332;33.400001525878906;32.88999938964844;33.33000183105469;3480700;27.975542068481445
2015-07-14;33.09000015258789;33.77000045776367;33.0;33.65999984741211;2499200;28.252525329589844
2015-07-15;33.90999984741211;34.380001068115234;33.66999816894531;34.2400016784668;4062300;28.739349365234375
2015-07-16;34.849998474121094;35.150001525878906;34.77000045776367;35.099998474121094;4534200;29.46118927001953
2015-07-17;35.15999984741211;35.16999816894531;34.5099983215332;34.88999938964844;3226800;29.28492546081543
2015-07-20;35.099998474121094;35.5099983215332;34.880001068115234;35.18000030517578;3179900;29.528331756591797
2015-07-21;35.029998779296875;35.59000015258789;34.75;34.939998626708984;2453600;29.326892852783203
2015-07-22;34.779998779296875;35.72999954223633;34.7599983215332;35.540000915527344;2689200;29.830509185791016
2015-07-23;35.65999984741211;35.720001220703125;34.400001525878906;34.650001525878906;2738800;29.083486557006836
2015-07-24;34.65999984741211;34.93000030517578;33.88999938964844;34.04999923706055;2974900;28.579870223999023
2015-07-27;33.45000076293945;33.540000915527344;33.0;33.2400016784668;3072000;27.900001525878906
2015-07-28;33.83000183105469;33.900001525878906;33.04999923706055;33.7599983215332;2886100;28.336469650268555
2015-07-29;33.83000183105469;34.83000183105469;33.7599983215332;34.689998626708984;2469500;29.117055892944336
2015-07-30;34.400001525878906;34.95000076293945;34.220001220703125;34.88999938964844;2106500;29.28492546081543
2015-07-31;34.790000915527344;35.06999969482422;34.43000030517578;34.529998779296875;1374100;28.982765197753906
2015-08-03;34.52000045776367;34.77000045776367;33.939998626708984;34.59000015258789;2019600;29.033124923706055
2015-08-04;34.560001373291016;35.02000045776367;34.33000183105469;34.45000076293945;1766300;28.915613174438477
2015-08-05;34.849998474121094;35.369998931884766;34.52000045776367;34.75;2215700;29.167415618896484
2015-08-06;34.810001373291016;35.02000045776367;33.91999816894531;34.22999954223633;2360600;28.73094940185547
2015-08-07;34.13999938964844;34.5099983215332;33.66999816894531;34.369998931884766;2951200;28.848459243774414
2015-08-10;34.970001220703125;35.380001068115234;34.93000030517578;35.369998931884766;2379900;29.687814712524414
2015-08-11;34.459999084472656;34.810001373291016;34.150001525878906;34.459999084472656;2620600;28.924013137817383
2015-08-12;33.70000076293945;33.900001525878906;32.27000045776367;33.83000183105469;5004600;28.39521026611328
2015-08-13;33.93000030517578;34.45000076293945;33.369998931884766;34.04999923706055;2237500;28.579870223999023
2015-08-14;33.88999938964844;34.75;33.88999938964844;34.75;1949300;29.167415618896484
2015-08-17;34.439998626708984;35.04999923706055;33.97999954223633;35.04999923706055;2141800;29.419221878051758
2015-08-18;34.88999938964844;35.18000030517578;34.72999954223633;34.939998626708984;1851700;29.326892852783203
2015-08-19;34.619998931884766;34.869998931884766;33.650001525878906;34.040000915527344;4105900;28.57148551940918
2015-08-20;33.25;33.25;32.0099983215332;32.150001525878906;4850600;26.985111236572266
2015-08-21;31.030000686645508;31.5;29.15999984741211;29.290000915527344;8827200;24.58456802368164
2015-08-24;25.0;27.920000076293945;24.600000381469727;25.719999313354492;8747000;21.588085174560547
2015-08-25;27.860000610351562;27.979999542236328;23.899999618530273;24.079999923706055;5771800;20.211545944213867
2015-08-26;26.0;26.690000534057617;24.399999618530273;26.540000915527344;8634800;22.27635955810547
2015-08-27;27.950000762939453;28.760000228881836;27.1200008392334;28.540000915527344;6877600;23.95505142211914
2015-08-28;28.100000381469727;28.549999237060547;27.81999969482422;28.43000030517578;3393800;23.86272430419922
2015-08-31;27.780000686645508;28.1299991607666;27.520000457763672;27.65999984741211;3241400;23.216428756713867
2015-09-01;25.75;26.309999465942383;24.549999237060547;25.030000686645508;7522400;21.008935928344727
2015-09-02;25.950000762939453;26.1299991607666;25.06999969482422;26.1299991607666;2966200;21.932220458984375
2015-09-03;26.299999237060547;27.18000030517578;26.1299991607666;26.43000030517578;4471100;22.184022903442383
2015-09-04;25.5;25.670000076293945;24.520000457763672;25.010000228881836;4960300;20.992151260375977
2015-09-08;26.239999771118164;26.84000015258789;25.860000610351562;26.760000228881836;4182600;22.461009979248047
2015-09-09;27.450000762939453;27.700000762939453;25.559999465942383;25.75;4532700;21.61326026916504
2015-09-10;25.399999618530273;26.59000015258789;25.399999618530273;25.93000030517578;5397100;21.76434326171875
2015-09-11;25.799999237060547;26.440000534057617;25.520000457763672;26.3799991607666;2951100;22.142053604125977
2015-09-14;26.229999542236328;26.479999542236328;26.010000228881836;26.18000030517578;2649300;21.974184036254883
2015-09-15;26.420000076293945;27.479999542236328;26.209999084472656;27.309999465942383;3550700;22.922653198242188
2015-09-16;27.34000015258789;27.920000076293945;26.969999313354492;27.770000457763672;3374500;23.30875587463379
2015-09-17;27.65999984741211;28.420000076293945;26.760000228881836;26.989999771118164;7473200;22.654062271118164
2015-09-18;25.93000030517578;26.360000610351562;25.420000076293945;25.610000610351562;6620000;21.495756149291992
2015-09-21;26.149999618530273;26.75;26.0;26.43000030517578;4583100;22.184022903442383
2015-09-22;25.479999542236328;25.739999771118164;24.950000762939453;25.469999313354492;5921100;21.378250122070312
2015-09-23;25.530000686645508;25.84000015258789;25.15999984741211;25.6200008392334;3531900;21.5041561126709
2015-09-24;25.010000228881836;25.209999084472656;24.43000030517578;25.100000381469727;5919600;21.06768226623535
2015-09-25;25.8799991607666;26.450000762939453;25.579999923706055;25.950000762939453;6276400;21.7811336517334
2015-09-28;25.510000228881836;25.59000015258789;23.850000381469727;24.059999465942383;7582100;20.194765090942383
2015-09-29;24.149999618530273;24.360000610351562;23.610000610351562;24.219999313354492;5868700;20.329055786132812
2015-09-30;25.0;25.200000762939453;24.350000381469727;25.110000610351562;5271600;21.076082229614258
2015-10-01;25.170000076293945;25.520000457763672;24.510000228881836;25.34000015258789;9771800;21.269134521484375
2015-10-02;24.0;25.5;23.25;25.5;16036000;21.403425216674805
2015-10-05;25.950000762939453;27.139999389648438;25.93000030517578;27.030000686645508;9814100;22.687641143798828
2015-10-06;26.899999618530273;27.15999984741211;26.56999969482422;26.709999084472656;7326900;22.419038772583008
2015-10-07;27.209999084472656;27.709999084472656;26.81999969482422;27.43000030517578;11907500;23.023380279541016
2015-10-08;27.25;28.010000228881836;26.989999771118164;27.899999618530273;5937000;23.417869567871094
2015-10-09;28.059999465942383;28.149999618530273;27.190000534057617;27.56999969482422;4010600;23.140884399414062
2015-10-12;27.649999618530273;27.850000381469727;27.3799991607666;27.780000686645508;3096300;23.31714630126953
2015-10-13;27.3700008392334;27.93000030517578;27.200000762939453;27.280000686645508;4625500;22.897470474243164
2015-10-14;27.270000457763672;27.3799991607666;26.399999618530273;26.530000686645508;4831900;22.267961502075195
2015-10-15;26.950000762939453;28.190000534057617;26.90999984741211;28.190000534057617;5472200;23.661277770996094
2015-10-16;28.280000686645508;28.65999984741211;28.139999389648438;28.510000228881836;4921800;23.92987060546875
2015-10-19;28.030000686645508;28.809999465942383;28.020000457763672;28.65999984741211;3279400;24.055768966674805
2015-10-20;28.670000076293945;29.190000534057617;28.559999465942383;29.059999465942383;3260300;24.39151382446289
2015-10-21;29.299999237060547;29.389999389648438;28.239999771118164;28.329999923706055;4290900;23.778793334960938
2015-10-22;28.829999923706055;29.959999084472656;28.65999984741211;29.65999984741211;6293000;24.895132064819336
2015-10-23;30.360000610351562;30.56999969482422;29.889999389648438;30.479999542236328;4931400;25.583391189575195
2015-10-26;30.43000030517578;30.549999237060547;29.959999084472656;30.34000015258789;2935600;25.465885162353516
2015-10-27;29.90999984741211;30.010000228881836;29.420000076293945;29.770000457763672;3467600;24.98745346069336
2015-10-28;29.989999771118164;31.770000457763672;29.8799991607666;31.700000762939453;5645600;26.607404708862305
2015-10-29;31.450000762939453;31.8700008392334;31.040000915527344;31.350000381469727;4316100;26.313623428344727
2015-10-30;31.43000030517578;31.479999542236328;30.18000030517578;30.260000228881836;3954900;25.39872932434082
2015-11-02;30.420000076293945;31.59000015258789;30.34000015258789;31.399999618530273;3901900;26.35559844970703
2015-11-03;31.1299991607666;31.739999771118164;30.850000381469727;31.40999984741211;3277200;26.363985061645508
2015-11-04;31.670000076293945;31.700000762939453;31.020000457763672;31.209999084472656;4055100;26.196121215820312
2015-11-05;31.270000457763672;31.809999465942383;31.139999389648438;31.68000030517578;3573900;26.590612411499023
2015-11-06;33.130001068115234;33.150001525878906;31.940000534057617;32.27000045776367;7203800;27.085832595825195
2015-11-09;32.45000076293945;32.4900016784668;30.780000686645508;31.270000457763672;6228700;26.246482849121094
2015-11-10;31.200000762939453;31.739999771118164;30.969999313354492;31.690000534057617;3895500;26.5990047454834
2015-11-11;32.060001373291016;32.119998931884766;31.450000762939453;31.530000686645508;2928100;26.464702606201172
2015-11-12;31.09000015258789;31.100000381469727;30.010000228881836;30.049999237060547;5240500;25.222469329833984
2015-11-13;29.690000534057617;30.15999984741211;29.079999923706055;29.260000228881836;5398400;24.559389114379883
2015-11-16;29.18000030517578;30.350000381469727;28.90999984741211;30.350000381469727;3414200;25.474279403686523
2015-11-17;30.559999465942383;30.979999542236328;30.020000457763672;30.190000534057617;4840100;25.33997917175293
2015-11-18;30.530000686645508;31.770000457763672;30.420000076293945;31.719999313354492;5399500;26.624189376831055
2015-11-19;31.6200008392334;31.940000534057617;31.420000076293945;31.770000457763672;4059000;26.66615104675293
2015-11-20;32.0;32.29999923706055;31.739999771118164;31.940000534057617;3203200;26.8088436126709
2015-11-23;31.940000534057617;32.25;31.59000015258789;31.729999542236328;2895400;26.632577896118164
2015-11-24;31.170000076293945;31.719999313354492;30.639999389648438;31.469999313354492;4699700;26.414348602294922
2015-11-25;31.68000030517578;31.690000534057617;31.34000015258789;31.489999771118164;2596900;26.431133270263672
2015-11-27;31.540000915527344;31.8799991607666;31.290000915527344;31.809999465942383;1463800;26.69972801208496
2015-11-30;31.989999771118164;32.040000915527344;31.5;31.559999465942383;2987100;26.48988914489746
2015-12-01;31.809999465942383;32.58000183105469;31.75;32.56999969482422;4341000;27.337636947631836
2015-12-02;32.650001525878906;32.66999816894531;31.290000915527344;31.459999084472656;3897800;26.405954360961914
2015-12-03;31.84000015258789;31.84000015258789;29.729999542236328;29.969999313354492;5329100;25.155323028564453
2015-12-04;30.299999237060547;32.290000915527344;30.260000228881836;32.13999938964844;6629400;26.976713180541992
2015-12-07;31.90999984741211;32.02000045776367;30.889999389648438;31.3799991607666;4132400;26.338804244995117
2015-12-08;30.5;31.010000228881836;30.09000015258789;30.350000381469727;4667100;25.474279403686523
2015-12-09;30.030000686645508;30.899999618530273;28.8799991607666;29.34000015258789;7020300;24.626535415649414
2015-12-10;29.399999618530273;30.15999984741211;29.09000015258789;29.3700008392334;3599100;24.651718139648438
2015-12-11;28.299999237060547;28.639999389648438;27.100000381469727;27.510000228881836;8687100;23.09052848815918
2015-12-14;27.549999237060547;28.18000030517578;26.760000228881836;27.670000076293945;7029100;23.224817276000977
2015-12-15;28.5;29.81999969482422;28.3700008392334;29.459999084472656;5408200;24.727252960205078
2015-12-16;30.149999618530273;30.979999542236328;29.389999389648438;30.75;8844300;25.810016632080078
2015-12-17;31.059999465942383;31.06999969482422;29.450000762939453;29.489999771118164;6362700;24.75244140625
2015-12-18;28.799999237060547;29.010000228881836;27.40999984741211;27.40999984741211;8270300;23.006589889526367
2015-12-21;28.149999618530273;28.350000381469727;27.440000534057617;28.1200008392334;5322300;23.602523803710938
2015-12-22;28.459999084472656;29.0;27.889999389648438;28.790000915527344;5005600;24.164894104003906
2015-12-23;29.229999542236328;29.899999618530273;29.09000015258789;29.889999389648438;6212600;25.08817481994629
2015-12-24;29.700000762939453;30.190000534057617;29.530000686645508;29.829999923706055;1444600;25.037818908691406
2015-12-28;29.399999618530273;29.719999313354492;28.969999313354492;29.670000076293945;2821000;24.903520584106445
2015-12-29;30.139999389648438;30.68000030517578;30.110000610351562;30.610000610351562;4218500;25.692502975463867
2015-12-30;30.440000534057617;30.5;29.809999465942383;29.889999389648438;2795900;25.08817481994629
2015-12-31;29.3799991607666;30.059999465942383;29.059999465942383;29.06999969482422;3945100;24.3999080657959
2016-01-04;27.34000015258789;27.469999313354492;26.510000228881836;27.40999984741211;9357400;23.006589889526367
2016-01-05;27.639999389648438;27.90999984741211;27.06999969482422;27.739999771118164;5957900;23.283571243286133
2016-01-06;26.729999542236328;27.040000915527344;26.18000030517578;26.56999969482422;6955000;22.301530838012695
2016-01-07;24.940000534057617;25.700000762939453;24.219999313354492;24.399999618530273;8874700;20.480146408081055
2016-01-08;25.170000076293945;25.270000457763672;23.18000030517578;23.260000228881836;8050500;19.523286819458008
2016-01-11;23.729999542236328;23.829999923706055;22.780000686645508;23.489999771118164;8075200;19.716339111328125
2016-01-12;24.200000762939453;24.25;23.0;23.8700008392334;7117200;20.0352840423584
2016-01-13;24.25;24.3799991607666;21.790000915527344;22.0;12508500;18.4657039642334
2016-01-14;22.329999923706055;23.170000076293945;21.579999923706055;22.65999984741211;10585200;19.019678115844727
2016-01-15;20.969999313354492;21.469999313354492;20.350000381469727;21.190000534057617;11108200;17.785825729370117
2016-01-19;21.959999084472656;22.030000686645508;20.700000762939453;21.049999237060547;6447300;17.668317794799805
2016-01-20;19.979999542236328;20.549999237060547;18.559999465942383;19.889999389648438;11814000;16.694673538208008
2016-01-21;19.940000534057617;20.780000686645508;19.610000610351562;19.770000457763672;4589700;16.593950271606445
2016-01-22;20.600000381469727;21.1299991607666;20.489999771118164;20.889999389648438;10258900;17.53402328491211
2016-01-25;20.719999313354492;20.829999923706055;19.579999923706055;19.6200008392334;5976700;16.468046188354492
2016-01-26;19.8799991607666;20.799999237060547;19.850000381469727;20.65999984741211;5723000;17.340970993041992
2016-01-27;20.5;21.3799991607666;19.8799991607666;20.219999313354492;6169200;16.971660614013672
2016-01-28;20.809999465942383;20.90999984741211;19.950000762939453;20.209999084472656;6236000;16.96326446533203
2016-01-29;20.5;22.049999237060547;20.459999084472656;21.989999771118164;6861300;18.457307815551758
2016-02-01;21.639999389648438;22.219999313354492;21.329999923706055;21.850000381469727;4528300;18.339801788330078
2016-02-02;21.040000915527344;21.1299991607666;20.059999465942383;20.270000457763672;6305100;17.013628005981445
2016-02-03;20.559999465942383;20.610000610351562;18.770000457763672;20.3700008392334;15091300;17.097566604614258
2016-02-04;20.040000915527344;21.1299991607666;20.020000457763672;20.790000915527344;8621500;17.450092315673828
2016-02-05;20.729999542236328;21.030000686645508;19.639999389648438;19.809999465942383;7204500;16.62752914428711
2016-02-08;19.09000015258789;19.100000381469727;17.5;18.219999313354492;14164100;15.29295539855957
2016-02-09;17.450000762939453;18.469999313354492;17.299999237060547;18.040000915527344;5097800;15.141878128051758
2016-02-10;18.479999542236328;19.15999984741211;17.969999313354492;17.969999313354492;13072200;15.083120346069336
2016-02-11;16.559999465942383;17.020000457763672;16.1299991607666;16.579999923706055;14138600;13.916425704956055
2016-02-12;17.469999313354492;18.40999984741211;17.329999923706055;18.350000381469727;6432200;15.402079582214355
2016-02-16;19.15999984741211;19.459999084472656;18.770000457763672;19.350000381469727;6461300;16.241430282592773
2016-02-17;19.799999237060547;20.299999237060547;19.700000762939453;20.06999969482422;5772300;16.84575843811035
2016-02-18;20.18000030517578;20.299999237060547;19.530000686645508;19.75;5136500;16.57716941833496
2016-02-19;19.510000228881836;20.010000228881836;19.25;19.8799991607666;4337100;16.686283111572266
2016-02-22;20.549999237060547;20.920000076293945;20.510000228881836;20.700000762939453;4094700;17.37454605102539
2016-02-23;20.40999984741211;20.450000762939453;19.639999389648438;19.719999313354492;5064400;16.55198860168457
2016-02-24;18.940000534057617;19.809999465942383;18.469999313354492;19.690000534057617;6936100;16.52680015563965
2016-02-25;19.739999771118164;20.540000915527344;19.690000534057617;20.540000915527344;4335800;17.240253448486328
2016-02-26;20.950000762939453;21.299999237060547;20.579999923706055;20.809999465942383;5333700;17.466873168945312
2016-02-29;20.84000015258789;21.110000610351562;20.18000030517578;20.18000030517578;4022100;16.93808364868164
2016-03-01;20.700000762939453;22.25;20.670000076293945;22.25;7159500;18.6755428314209
2016-03-02;22.110000610351562;22.75;22.059999465942383;22.75;6090500;19.09521484375
2016-03-03;22.790000915527344;23.190000534057617;22.450000762939453;23.170000076293945;4845700;19.44774627685547
2016-03-04;23.639999389648438;23.75;22.959999084472656;23.40999984741211;6430100;19.64919090270996
2016-03-07;23.190000534057617;23.43000030517578;22.799999237060547;23.290000915527344;5591300;19.5484676361084
2016-03-08;22.809999465942383;22.940000534057617;22.1299991607666;22.200000762939453;5328800;18.633569717407227
2016-03-09;22.530000686645508;22.600000381469727;22.040000915527344;22.290000915527344;4412900;18.709117889404297
2016-03-10;22.739999771118164;23.0;21.459999084472656;22.239999771118164;7114100;18.667146682739258
2016-03-11;22.799999237060547;23.920000076293945;22.780000686645508;23.889999389648438;6009200;20.052074432373047
2016-03-14;23.68000030517578;23.809999465942383;23.25;23.600000381469727;4125300;19.80866241455078
2016-03-15;23.299999237060547;23.549999237060547;22.950000762939453;23.5;3608300;19.724727630615234
2016-03-16;23.209999084472656;23.829999923706055;23.059999465942383;23.56999969482422;4591200;19.783479690551758
2016-03-17;23.399999618530273;24.6200008392334;23.170000076293945;24.40999984741211;5402200;20.488536834716797
2016-03-18;24.829999923706055;25.270000457763672;24.670000076293945;24.989999771118164;5023800;20.975360870361328
2016-03-21;24.899999618530273;25.329999923706055;24.649999618530273;24.899999618530273;3277400;20.899816513061523
2016-03-22;24.440000534057617;25.020000457763672;24.309999465942383;24.780000686645508;3452000;20.799091339111328
2016-03-23;24.670000076293945;24.729999542236328;24.229999542236328;24.270000457763672;2980700;20.37102508544922
2016-03-24;23.75;23.829999923706055;23.219999313354492;23.799999237060547;3753400;19.976531982421875
2016-03-28;24.09000015258789;24.239999771118164;23.709999084472656;24.020000457763672;3077900;20.16118621826172
2016-03-29;23.729999542236328;24.440000534057617;23.479999542236328;24.440000534057617;3804600;20.513717651367188
2016-03-30;24.799999237060547;25.299999237060547;24.719999313354492;24.860000610351562;3569900;20.86625099182129
2016-03-31;24.700000762939453;25.079999923706055;24.600000381469727;24.770000457763672;3188000;20.790700912475586
2016-04-01;24.350000381469727;25.440000534057617;24.100000381469727;25.3799991607666;4498500;21.302705764770508
2016-04-04;25.329999923706055;25.420000076293945;24.829999923706055;24.979999542236328;2911800;20.96696662902832
2016-04-05;24.3799991607666;24.479999542236328;23.899999618530273;24.0;4209200;20.14440155029297
2016-04-06;23.979999542236328;24.5;23.739999771118164;24.479999542236328;3348500;20.547290802001953
2016-04-07;24.049999237060547;24.049999237060547;22.829999923706055;23.149999618530273;4592500;19.430952072143555
2016-04-08;23.610000610351562;24.059999465942383;23.299999237060547;23.450000762939453;4645400;19.682762145996094
2016-04-11;23.760000228881836;24.270000457763672;23.600000381469727;23.600000381469727;4494400;19.80866241455078
2016-04-12;23.780000686645508;24.549999237060547;23.540000915527344;24.479999542236328;4916800;20.547290802001953
2016-04-13;25.200000762939453;25.989999771118164;25.049999237060547;25.979999542236328;6842200;21.80632209777832
2016-04-14;25.770000457763672;26.479999542236328;25.65999984741211;26.1299991607666;4970800;21.932220458984375
2016-04-15;26.219999313354492;26.350000381469727;25.799999237060547;25.959999084472656;3825900;21.789525985717773
2016-04-18;25.649999618530273;26.549999237060547;25.649999618530273;26.510000228881836;3974500;22.25116729736328
2016-04-19;26.75;27.299999237060547;26.700000762939453;27.239999771118164;4189900;22.8638973236084
2016-04-20;27.350000381469727;27.979999542236328;27.270000457763672;27.809999465942383;4359000;23.342330932617188
2016-04-21;28.0;28.06999969482422;26.8799991607666;27.030000686645508;4306600;22.687641143798828
2016-04-22;27.0;27.760000228881836;26.989999771118164;27.639999389648438;3732200;23.19963836669922
2016-04-25;27.389999389648438;27.520000457763672;26.93000030517578;27.459999084472656;2638000;23.048553466796875
2016-04-26;27.610000610351562;28.0;27.450000762939453;27.8700008392334;2906400;23.392688751220703
2016-04-27;27.979999542236328;28.280000686645508;27.610000610351562;28.079999923706055;3968900;23.568954467773438
2016-04-28;27.559999465942383;28.110000610351562;27.0;27.239999771118164;3489700;22.8638973236084
2016-04-29;26.889999389648438;27.1200008392334;26.149999618530273;26.719999313354492;4633200;22.42743492126465
2016-05-02;26.940000534057617;27.6299991607666;26.739999771118164;27.549999237060547;3382400;23.124094009399414
2016-05-03;26.950000762939453;26.950000762939453;25.90999984741211;26.549999237060547;3967100;22.284744262695312
2016-05-04;26.0;26.3700008392334;25.65999984741211;26.100000381469727;3695700;21.907041549682617
2016-05-05;26.360000610351562;26.479999542236328;25.889999389648438;26.06999969482422;3029400;21.881858825683594
2016-05-06;25.520000457763672;26.510000228881836;25.5;26.450000762939453;3352300;22.200815200805664
2016-05-09;26.3700008392334;26.770000457763672;26.110000610351562;26.43000030517578;2490900;22.184022903442383
2016-05-10;26.809999465942383;27.469999313354492;26.75;27.43000030517578;3466200;23.023380279541016
2016-05-11;27.280000686645508;27.420000076293945;26.549999237060547;26.579999923706055;2611300;22.30992317199707
2016-05-12;26.93000030517578;27.110000610351562;26.149999618530273;26.65999984741211;3591000;22.377073287963867
2016-05-13;26.649999618530273;26.90999984741211;25.610000610351562;25.790000915527344;3902600;21.6468448638916
2016-05-16;25.850000381469727;26.5;25.790000915527344;26.190000534057617;3380800;21.982585906982422
2016-05-17;26.200000762939453;26.239999771118164;25.3700008392334;25.610000610351562;3721700;21.495756149291992
2016-05-18;25.469999313354492;26.889999389648438;25.450000762939453;26.75;6803600;22.45262336730957
2016-05-19;26.40999984741211;26.68000030517578;25.530000686645508;26.06999969482422;5103800;21.881858825683594
2016-05-20;26.5;26.950000762939453;26.34000015258789;26.540000915527344;3279000;22.27635955810547
2016-05-23;26.469999313354492;26.729999542236328;26.219999313354492;26.5;2010400;22.242773056030273
2016-05-24;26.989999771118164;27.8799991607666;26.899999618530273;27.709999084472656;4553400;23.25838851928711
2016-05-25;28.15999984741211;28.780000686645508;28.110000610351562;28.3700008392334;4648300;23.812368392944336
2016-05-26;28.719999313354492;28.719999313354492;27.920000076293945;28.010000228881836;4442600;23.510196685791016
2016-05-27;28.149999618530273;28.579999923706055;28.049999237060547;28.540000915527344;2785100;23.95505142211914
2016-05-31;28.93000030517578;28.950000762939453;28.110000610351562;28.3799991607666;4536900;23.820756912231445
2016-06-01;27.8799991607666;28.65999984741211;27.549999237060547;28.59000015258789;3271500;23.99701690673828
2016-06-02;28.31999969482422;28.81999969482422;28.139999389648438;28.799999237060547;2550900;24.17328453063965
2016-06-03;27.68000030517578;27.989999771118164;26.940000534057617;27.829999923706055;5115500;23.35910987854004
2016-06-06;27.920000076293945;28.559999465942383;27.8700008392334;28.219999313354492;2911100;23.68645477294922
2016-06-07;28.329999923706055;28.5;28.020000457763672;28.059999465942383;2130500;23.55216407775879
2016-06-08;28.15999984741211;28.31999969482422;27.989999771118164;28.290000915527344;2654000;23.745214462280273
2016-06-09;27.780000686645508;27.860000610351562;27.3700008392334;27.719999313354492;3475400;23.266780853271484
2016-06-10;26.920000076293945;27.040000915527344;26.450000762939453;26.719999313354492;4598800;22.42743492126465
2016-06-13;26.3799991607666;27.020000457763672;26.0;26.0;4302800;21.823104858398438
2016-06-14;25.850000381469727;26.1299991607666;24.700000762939453;25.149999618530273;5796200;21.10965919494629
2016-06-15;25.350000381469727;25.899999618530273;25.06999969482422;25.149999618530273;4521300;21.10965919494629
2016-06-16;24.709999084472656;25.3700008392334;24.170000076293945;25.329999923706055;4881200;21.2607364654541
2016-06-17;25.469999313354492;25.510000228881836;24.8700008392334;25.149999618530273;3413600;21.10965919494629
2016-06-20;26.3799991607666;26.690000534057617;25.610000610351562;25.6299991607666;4201200;21.512542724609375
2016-06-21;25.81999969482422;26.1200008392334;25.610000610351562;25.940000534057617;2633700;21.772743225097656
2016-06-22;25.920000076293945;26.43000030517578;25.780000686645508;25.809999465942383;3006800;21.663623809814453
2016-06-23;26.600000381469727;27.350000381469727;26.59000015258789;27.34000015258789;4480400;22.94783592224121
2016-06-24;23.350000381469727;25.020000457763672;23.34000015258789;23.440000534057617;10562500;19.674365997314453
2016-06-27;22.700000762939453;22.739999771118164;21.139999389648438;21.489999771118164;8123000;18.037630081176758
2016-06-28;22.600000381469727;23.059999465942383;22.110000610351562;23.030000686645508;7689500;19.330236434936523
2016-06-29;23.459999084472656;24.549999237060547;23.459999084472656;24.520000457763672;8606900;20.58086585998535
2016-06-30;24.739999771118164;25.479999542236328;24.389999389648438;25.459999084472656;6703700;21.36985206604004
2016-07-01;25.219999313354492;25.65999984741211;25.059999465942383;25.18000030517578;3726100;21.134836196899414
2016-07-05;24.56999969482422;24.65999984741211;23.93000030517578;24.280000686645508;4401600;20.379423141479492
2016-07-06;23.850000381469727;24.479999542236328;23.549999237060547;24.420000076293945;4496400;20.496931076049805
2016-07-07;24.59000015258789;24.969999313354492;24.15999984741211;24.5;3746500;20.5640811920166
2016-07-08;25.309999465942383;25.899999618530273;25.280000686645508;25.780000686645508;5618000;21.638444900512695
2016-07-11;26.110000610351562;26.469999313354492;26.030000686645508;26.229999542236328;3896600;22.016151428222656
2016-07-12;26.780000686645508;27.229999542236328;26.700000762939453;27.139999389648438;3813500;22.77996063232422
2016-07-13;27.049999237060547;27.299999237060547;26.850000381469727;27.190000534057617;2870600;22.821935653686523
2016-07-14;28.440000534057617;28.56999969482422;27.700000762939453;27.829999923706055;4240200;23.35910987854004
2016-07-15;28.209999084472656;28.270000457763672;27.290000915527344;27.670000076293945;3290800;23.224817276000977
2016-07-18;27.729999542236328;28.040000915527344;27.649999618530273;27.899999618530273;2084600;23.417869567871094
2016-07-19;27.610000610351562;28.079999923706055;27.579999923706055;28.079999923706055;1961200;23.568954467773438
2016-07-20;28.299999237060547;28.389999389648438;27.899999618530273;28.270000457763672;2275000;23.728429794311523
2016-07-21;28.299999237060547;28.329999923706055;27.809999465942383;27.940000534057617;2568900;23.451448440551758
2016-07-22;28.040000915527344;28.489999771118164;27.90999984741211;28.43000030517578;2092700;23.86272430419922
2016-07-25;28.270000457763672;28.469999313354492;28.040000915527344;28.229999542236328;1950500;23.69485092163086
2016-07-26;28.15999984741211;28.469999313354492;28.0;28.3700008392334;2786800;23.812368392944336
2016-07-27;28.31999969482422;28.450000762939453;27.989999771118164;28.229999542236328;3305600;23.69485092163086
2016-07-28;28.049999237060547;28.68000030517578;27.829999923706055;28.520000457763672;2591900;23.938264846801758
2016-07-29;28.260000228881836;28.729999542236328;28.170000076293945;28.3700008392334;2175500;23.812368392944336
2016-08-01;28.399999618530273;28.729999542236328;28.030000686645508;28.200000762939453;2496400;23.6696720123291
2016-08-02;27.969999313354492;28.219999313354492;27.260000228881836;27.469999313354492;2649100;23.056947708129883
2016-08-03;27.280000686645508;28.139999389648438;27.280000686645508;28.1299991607666;1922900;23.610918045043945
2016-08-04;28.09000015258789;28.260000228881836;27.829999923706055;28.049999237060547;1369900;23.543771743774414
2016-08-05;28.649999618530273;29.450000762939453;28.530000686645508;29.440000534057617;4360200;24.710472106933594
2016-08-08;29.6200008392334;29.75;29.299999237060547;29.440000534057617;3190200;24.710472106933594
2016-08-09;29.549999237060547;29.670000076293945;29.360000610351562;29.559999465942383;2206800;24.81119155883789
2016-08-10;29.59000015258789;29.6200008392334;28.860000610351562;28.989999771118164;2103700;24.332754135131836
2016-08-11;29.270000457763672;29.420000076293945;28.8799991607666;29.06999969482422;1786400;24.3999080657959
2016-08-12;28.709999084472656;29.040000915527344;28.56999969482422;28.940000534057617;2218500;24.29079246520996
2016-08-15;29.209999084472656;29.489999771118164;29.100000381469727;29.389999389648438;2001500;24.668495178222656
2016-08-16;29.170000076293945;29.309999465942383;29.0;29.059999465942383;2168900;24.39151382446289
2016-08-17;29.1299991607666;29.3700008392334;28.850000381469727;29.299999237060547;2158300;24.59295654296875
2016-08-18;29.329999923706055;29.420000076293945;29.010000228881836;29.290000915527344;1843900;24.58456802368164
2016-08-19;29.049999237060547;29.219999313354492;28.719999313354492;29.139999389648438;1954100;24.458663940429688
2016-08-22;29.139999389648438;29.299999237060547;28.8799991607666;29.260000228881836;1648200;24.559389114379883
2016-08-23;29.549999237060547;29.799999237060547;29.399999618530273;29.399999618530273;2065600;24.676891326904297
2016-08-24;29.399999618530273;29.579999923706055;29.079999923706055;29.200000762939453;1513000;24.50902557373047
2016-08-25;29.190000534057617;29.600000381469727;29.049999237060547;29.420000076293945;1538400;24.693683624267578
2016-08-26;29.719999313354492;30.1299991607666;29.0;29.479999542236328;4744600;24.744037628173828
2016-08-29;29.670000076293945;30.469999313354492;29.510000228881836;30.209999084472656;2711000;25.356767654418945
2016-08-30;30.440000534057617;30.8799991607666;30.200000762939453;30.860000610351562;3208200;25.902347564697266
2016-08-31;30.829999923706055;30.989999771118164;30.270000457763672;30.920000076293945;2922500;25.952707290649414
2016-09-01;31.020000457763672;31.200000762939453;30.030000686645508;30.639999389648438;3511700;25.717687606811523
2016-09-02;30.850000381469727;31.399999618530273;30.770000457763672;31.18000030517578;3016500;26.17093276977539
2016-09-06;31.260000228881836;31.299999237060547;30.459999084472656;31.059999465942383;2888400;26.070213317871094
2016-09-07;30.860000610351562;31.309999465942383;30.670000076293945;31.260000228881836;2033400;26.238086700439453
2016-09-08;31.149999618530273;31.350000381469727;30.959999084472656;31.100000381469727;2376200;26.103790283203125
2016-09-09;30.829999923706055;30.829999923706055;29.200000762939453;29.209999084472656;5499600;24.517417907714844
2016-09-12;28.639999389648438;30.450000762939453;28.459999084472656;30.18000030517578;4479900;25.331588745117188
2016-09-13;29.360000610351562;29.440000534057617;28.360000610351562;28.700000762939453;5178300;24.08934783935547
2016-09-14;28.760000228881836;29.170000076293945;28.229999542236328;28.43000030517578;3523200;23.86272430419922
2016-09-15;28.479999542236328;29.200000762939453;28.149999618530273;29.010000228881836;3452600;24.34954261779785
2016-09-16;28.65999984741211;28.770000457763672;28.040000915527344;28.299999237060547;2491300;23.753610610961914
2016-09-19;28.860000610351562;29.219999313354492;28.489999771118164;28.790000915527344;2463000;24.164894104003906
2016-09-20;29.18000030517578;29.459999084472656;28.760000228881836;28.809999465942383;1801600;24.181676864624023
2016-09-21;29.209999084472656;29.649999618530273;28.690000534057617;29.56999969482422;5461800;24.819578170776367
2016-09-22;30.0;30.309999465942383;29.889999389648438;30.110000610351562;3535800;25.27283477783203
2016-09-23;29.860000610351562;30.079999923706055;29.670000076293945;29.700000762939453;2015800;24.92870330810547
2016-09-26;29.209999084472656;29.360000610351562;28.649999618530273;28.790000915527344;2614300;24.164894104003906
2016-09-27;28.6200008392334;29.270000457763672;28.389999389648438;29.110000610351562;2568900;24.43348503112793
2016-09-28;29.40999984741211;29.670000076293945;28.780000686645508;29.6299991607666;2655200;24.86994171142578
2016-09-29;29.540000915527344;29.770000457763672;28.1200008392334;28.420000076293945;4839500;23.854333877563477
2016-09-30;28.920000076293945;29.530000686645508;28.610000610351562;29.149999618530273;3627900;24.46705436706543
2016-10-03;28.940000534057617;29.049999237060547;28.399999618530273;28.559999465942383;2348600;23.971837997436523
2016-10-04;28.770000457763672;29.010000228881836;28.309999465942383;28.56999969482422;4068900;23.980236053466797
2016-10-05;28.829999923706055;29.270000457763672;28.829999923706055;29.06999969482422;2761000;24.3999080657959
2016-10-06;29.110000610351562;29.209999084472656;28.6200008392334;29.1299991607666;1793700;24.450273513793945
2016-10-07;29.200000762939453;29.440000534057617;28.59000015258789;29.040000915527344;2886100;24.37473487854004
2016-10-10;29.520000457763672;29.719999313354492;29.399999618530273;29.440000534057617;1760000;24.710472106933594
2016-10-11;29.290000915527344;29.360000610351562;28.18000030517578;28.540000915527344;3414900;23.95505142211914
2016-10-12;28.729999542236328;29.1200008392334;28.530000686645508;28.899999618530273;1845500;24.257217407226562
2016-10-13;28.25;28.440000534057617;27.579999923706055;28.329999923706055;3824800;23.778793334960938
2016-10-14;29.18000030517578;29.309999465942383;28.43000030517578;28.56999969482422;3730900;23.980236053466797
2016-10-17;28.649999618530273;28.84000015258789;28.209999084472656;28.31999969482422;1868100;23.770401000976562
2016-10-18;29.049999237060547;29.100000381469727;28.65999984741211;28.860000610351562;2289700;24.223642349243164
2016-10-19;29.1299991607666;29.639999389648438;28.989999771118164;29.459999084472656;2690600;24.727252960205078
2016-10-20;29.389999389648438;29.899999618530273;29.079999923706055;29.309999465942383;2389100;24.601348876953125
2016-10-21;28.93000030517578;29.469999313354492;28.760000228881836;29.43000030517578;1882600;24.70207405090332
2016-10-24;29.850000381469727;30.149999618530273;29.649999618530273;29.68000030517578;2638100;24.911916732788086
2016-10-25;29.649999618530273;29.760000228881836;29.290000915527344;29.479999542236328;1886800;24.744037628173828
2016-10-26;29.170000076293945;29.700000762939453;29.06999969482422;29.540000915527344;1672500;24.794404983520508
2016-10-27;29.809999465942383;29.81999969482422;29.100000381469727;29.190000534057617;2256500;24.500633239746094
2016-10-28;29.43000030517578;29.68000030517578;28.6299991607666;29.079999923706055;3490600;24.40830421447754
2016-10-31;29.350000381469727;29.549999237060547;29.219999313354492;29.360000610351562;1873600;24.64332389831543
2016-11-01;29.540000915527344;29.59000015258789;28.110000610351562;28.6299991607666;3410400;24.030593872070312
2016-11-02;28.329999923706055;28.489999771118164;27.649999618530273;27.860000610351562;3187100;23.384294509887695
2016-11-03;28.010000228881836;28.420000076293945;27.68000030517578;27.81999969482422;2262900;23.35072135925293
2016-11-04;27.84000015258789;28.270000457763672;27.420000076293945;27.65999984741211;2553700;23.216428756713867
2016-11-07;28.969999313354492;29.579999923706055;28.829999923706055;29.5;3960100;24.76082420349121
2016-11-08;29.290000915527344;30.049999237060547;28.979999542236328;29.770000457763672;3566000;24.98745346069336
2016-11-09;30.510000228881836;32.220001220703125;29.700000762939453;31.829999923706055;11119800;26.71651268005371
2016-11-10;32.779998779296875;34.130001068115234;32.31999969482422;33.720001220703125;11226100;28.302888870239258
2016-11-11;33.2400016784668;34.119998931884766;33.119998931884766;34.04999923706055;5841600;28.579870223999023
2016-11-14;34.56999969482422;35.939998626708984;34.47999954223633;35.75;8073900;30.006772994995117
2016-11-15;35.220001220703125;35.7400016784668;34.630001068115234;35.65999984741211;5116600;29.931224822998047
2016-11-16;34.84000015258789;35.15999984741211;34.529998779296875;34.86000061035156;3684100;29.25975227355957
2016-11-17;34.970001220703125;36.0;34.790000915527344;35.75;3719900;30.006772994995117
2016-11-18;35.95000076293945;36.119998931884766;35.61000061035156;35.9900016784668;2970200;30.20821762084961
2016-11-21;36.36000061035156;36.4900016784668;35.79999923706055;36.279998779296875;3630600;30.45162582397461
2016-11-22;36.790000915527344;36.790000915527344;36.0;36.61000061035156;2888300;30.728609085083008
2016-11-23;36.61000061035156;36.95000076293945;36.06999969482422;36.93000030517578;3530600;30.99720001220703
2016-11-25;37.040000915527344;37.18000030517578;36.880001068115234;37.18000030517578;1122600;31.207050323486328
2016-11-28;36.66999816894531;37.06999969482422;35.9900016784668;36.20000076293945;3052500;30.384477615356445
2016-11-29;36.209999084472656;36.810001373291016;36.18000030517578;36.47999954223633;2526600;30.619491577148438
2016-11-30;37.5;37.560001373291016;36.75;37.0099983215332;3595400;31.06435203552246
2016-12-01;37.40999984741211;38.040000915527344;37.08000183105469;37.65999984741211;3882400;31.60993194580078
2016-12-02;37.310001373291016;37.59000015258789;36.88999938964844;37.16999816894531;2907100;31.19864273071289
2016-12-05;37.849998474121094;38.56999969482422;37.810001373291016;38.439998626708984;3818600;32.26461410522461
2016-12-06;38.75;39.29999923706055;38.310001373291016;39.29999923706055;3400700;32.9864501953125
2016-12-07;39.380001068115234;41.31999969482422;39.220001220703125;41.22999954223633;5706600;34.60641098022461
2016-12-08;41.56999969482422;42.83000183105469;41.16999816894531;42.25;7871400;35.462554931640625
2016-12-09;42.279998779296875;42.41999816894531;41.68000030517578;42.41999816894531;4521300;35.6052131652832
2016-12-12;42.15999984741211;42.540000915527344;41.18000030517578;41.619998931884766;4181600;34.933746337890625
2016-12-13;41.88999938964844;42.40999984741211;41.06999969482422;41.790000915527344;5246300;35.076438903808594
2016-12-14;41.13999938964844;42.560001373291016;40.47999954223633;40.88999938964844;9009700;34.32102584838867
2016-12-15;41.720001220703125;42.54999923706055;41.029998779296875;41.630001068115234;6073500;34.942142486572266
2016-12-16;41.959999084472656;42.040000915527344;40.88999938964844;41.09000015258789;4594400;34.4888916015625
2016-12-19;41.34000015258789;41.47999954223633;40.63999938964844;41.439998626708984;2967200;34.78267288208008
2016-12-20;42.0;42.470001220703125;41.84000015258789;42.439998626708984;2938900;35.62201690673828
2016-12-21;42.349998474121094;42.400001525878906;42.0;42.0;2411000;35.25270462036133
2016-12-22;42.0;42.060001373291016;41.18000030517578;41.630001068115234;2292600;34.942142486572266
2016-12-23;41.59000015258789;41.88999938964844;41.43000030517578;41.83000183105469;1260500;35.110015869140625
2016-12-27;42.099998474121094;42.25;41.95000076293945;42.060001373291016;1362600;35.303070068359375
2016-12-28;42.349998474121094;42.349998474121094;40.81999969482422;40.95000076293945;2485400;34.37138748168945
2016-12-29;40.83000183105469;41.29999923706055;40.20000076293945;40.54999923706055;1840900;34.035640716552734
2016-12-30;40.709999084472656;41.18000030517578;40.439998626708984;40.900001525878906;2403800;34.32941818237305
2017-01-03;42.0;42.619998931884766;41.09000015258789;41.959999084472656;3802600;35.2191276550293
2017-01-04;42.119998931884766;43.41999816894531;42.119998931884766;43.27000045776367;4446000;36.31867980957031
2017-01-05;43.0099983215332;43.15999984741211;41.65999984741211;42.63999938964844;3979900;35.789886474609375
2017-01-06;42.959999084472656;43.47999954223633;42.4900016784668;43.02000045776367;3214100;36.10884475708008
2017-01-09;42.54999923706055;42.83000183105469;42.04999923706055;42.20000076293945;3351500;35.42057800292969
2017-01-10;42.25;42.970001220703125;41.810001373291016;42.2400016784668;3110000;35.454166412353516
2017-01-11;42.25;42.59000015258789;41.61000061035156;42.59000015258789;4672400;35.747928619384766
2017-01-12;42.040000915527344;42.220001220703125;40.93000030517578;42.04999923706055;4441900;35.2946662902832
2017-01-13;42.5;43.47999954223633;42.04999923706055;42.439998626708984;4966200;35.62201690673828
2017-01-17;41.849998474121094;41.900001525878906;40.380001068115234;40.650001525878906;4876200;34.11958312988281
2017-01-18;41.060001373291016;41.36000061035156;40.08000183105469;41.349998474121094;3288700;34.707130432128906
2017-01-19;41.45000076293945;41.54999923706055;40.22999954223633;40.59000015258789;3629300;34.06922912597656
2017-01-20;41.0;41.369998931884766;40.709999084472656;41.099998474121094;3393800;34.49729537963867
2017-01-23;40.939998626708984;41.36000061035156;40.369998931884766;40.900001525878906;2462900;34.32941818237305
2017-01-24;41.18000030517578;42.279998779296875;40.880001068115234;41.95000076293945;3675100;35.21074295043945
2017-01-25;42.97999954223633;43.380001068115234;42.54999923706055;43.29999923706055;3709900;36.34385299682617
2017-01-26;43.41999816894531;43.720001220703125;43.08000183105469;43.43000030517578;3376000;36.45296859741211
2017-01-27;43.380001068115234;43.40999984741211;42.59000015258789;42.75;2249800;35.88221740722656
2017-01-30;42.04999923706055;42.11000061035156;41.08000183105469;42.0099983215332;3559300;35.261104583740234
2017-01-31;41.52000045776367;42.189998626708984;41.04999923706055;41.5;3054200;34.83302688598633
2017-02-01;42.18000030517578;42.619998931884766;41.02000045776367;41.2400016784668;3540700;34.61480712890625
2017-02-02;40.900001525878906;41.630001068115234;40.45000076293945;41.25;2155000;34.623191833496094
2017-02-03;42.68000030517578;43.439998626708984;42.380001068115234;43.279998779296875;5771900;36.327064514160156
2017-02-06;42.70000076293945;43.560001373291016;42.689998626708984;42.880001068115234;2815400;35.991329193115234
2017-02-07;43.290000915527344;43.43000030517578;42.52000045776367;42.66999816894531;2839900;35.81507110595703
2017-02-08;42.31999969482422;42.40999984741211;41.7400016784668;42.25;2577100;35.462554931640625
2017-02-09;42.619998931884766;43.689998626708984;42.47999954223633;43.560001373291016;3606100;36.562095642089844
2017-02-10;43.95000076293945;44.2599983215332;43.54999923706055;44.0;3352600;36.9314079284668
2017-02-13;44.560001373291016;45.689998626708984;44.529998779296875;45.22999954223633;3465100;37.963802337646484
2017-02-14;45.29999923706055;46.400001525878906;44.900001525878906;46.33000183105469;4196200;38.8870849609375
2017-02-15;46.869998931884766;47.279998779296875;45.9900016784668;47.099998474121094;4719400;39.53339767456055
2017-02-16;47.0;47.25;46.34000015258789;47.060001373291016;4006700;39.49980163574219
2017-02-17;46.459999084472656;47.040000915527344;46.11000061035156;47.0;2917900;39.44945526123047
2017-02-21;47.470001220703125;48.0;47.400001525878906;47.869998931884766;4279200;40.179691314697266
2017-02-22;47.5;48.130001068115234;47.40999984741211;47.95000076293945;2985900;40.2468376159668
2017-02-23;48.27000045776367;48.33000183105469;47.349998474121094;48.2599983215332;3369400;40.50703811645508
2017-02-24;47.029998779296875;47.68000030517578;46.97999954223633;47.66999816894531;3591600;40.011817932128906
2017-02-27;47.61000061035156;48.369998931884766;47.61000061035156;48.220001220703125;2894900;40.47345733642578
2017-02-28;47.93000030517578;48.040000915527344;47.290000915527344;47.790000915527344;2792800;40.11253356933594
2017-03-01;49.79999923706055;51.11000061035156;49.560001373291016;50.65999984741211;5180300;42.5214729309082
2017-03-02;50.869998931884766;50.91999816894531;48.900001525878906;48.959999084472656;4262300;41.094581604003906
2017-03-03;49.18000030517578;49.54999923706055;48.75;49.31999969482422;3311200;41.396728515625
2017-03-06;48.540000915527344;48.81999969482422;47.91999816894531;48.54999923706055;2858500;40.75044631958008
2017-03-07;48.310001373291016;48.529998779296875;47.849998474121094;48.11000061035156;2382000;40.38113784790039
2017-03-08;49.130001068115234;49.290000915527344;47.56999969482422;47.630001068115234;3542800;39.9782600402832
2017-03-09;47.900001525878906;48.61000061035156;47.11000061035156;47.68000030517578;3125700;40.02022933959961
2017-03-10;48.47999954223633;48.5099983215332;46.810001373291016;47.58000183105469;3453900;39.936275482177734
2017-03-13;47.720001220703125;47.97999954223633;47.27000045776367;47.790000915527344;2130800;40.11253356933594
2017-03-14;47.380001068115234;47.560001373291016;46.720001220703125;47.5099983215332;2638300;39.877532958984375
2017-03-15;47.77000045776367;48.2400016784668;47.470001220703125;47.880001068115234;4544000;40.188087463378906
2017-03-16;48.25;48.849998474121094;47.91999816894531;48.22999954223633;2816300;40.481868743896484
2017-03-17;48.380001068115234;48.439998626708984;47.18000030517578;47.31999969482422;2737100;39.71804428100586
2017-03-20;47.06999969482422;47.209999084472656;46.279998779296875;46.310001373291016;3108100;38.87031555175781
2017-03-21;46.810001373291016;46.84000015258789;43.02000045776367;43.16999816894531;7186000;36.2347412109375
2017-03-22;42.869998931884766;43.470001220703125;41.939998626708984;43.130001068115234;6188900;36.201171875
2017-03-23;42.9900016784668;44.70000076293945;42.81999969482422;43.5099983215332;4827100;36.5201301574707
2017-03-24;43.88999938964844;44.220001220703125;42.689998626708984;43.45000076293945;4486500;36.46977233886719
2017-03-27;41.5099983215332;42.900001525878906;41.08000183105469;42.75;4749500;35.88221740722656
2017-03-28;42.58000183105469;44.540000915527344;42.58000183105469;44.119998931884766;4142200;37.03212356567383
2017-03-29;44.099998474121094;44.16999816894531;43.459999084472656;43.75;2981000;36.72156524658203
2017-03-30;43.689998626708984;45.25;43.650001525878906;45.02000045776367;3063700;37.787540435791016
2017-03-31;44.779998779296875;45.11000061035156;44.400001525878906;44.400001525878906;2840100;37.26713943481445
2017-04-03;44.560001373291016;44.790000915527344;42.97999954223633;44.150001525878906;3827200;37.057315826416016
2017-04-04;43.4900016784668;44.22999954223633;43.4900016784668;43.880001068115234;2330500;36.8306884765625
2017-04-05;44.7599983215332;45.22999954223633;43.18000030517578;43.27000045776367;5355700;36.31867980957031
2017-04-06;43.31999969482422;44.33000183105469;42.61000061035156;43.90999984741211;2972100;36.855873107910156
2017-04-07;43.400001525878906;44.310001373291016;43.06999969482422;43.650001525878906;3042000;36.63764190673828
2017-04-10;43.68000030517578;44.31999969482422;43.119998931884766;43.54999923706055;2842700;36.5536994934082
2017-04-11;43.220001220703125;43.54999923706055;42.34000015258789;43.54999923706055;3875800;36.5536994934082
2017-04-12;43.349998474121094;43.5;42.45000076293945;42.650001525878906;3762400;35.79828643798828
2017-04-13;42.349998474121094;43.20000076293945;41.400001525878906;41.45000076293945;5043600;34.79105758666992
2017-04-17;41.779998779296875;43.29999923706055;41.47999954223633;43.2599983215332;3245600;36.31028747558594
2017-04-18;42.599998474121094;43.099998474121094;41.939998626708984;42.630001068115234;3215900;35.781497955322266
2017-04-19;43.11000061035156;43.5099983215332;42.119998931884766;42.380001068115234;2958000;35.571651458740234
2017-04-20;43.0;44.09000015258789;42.560001373291016;43.93000030517578;3800300;36.87266540527344
2017-04-21;43.88999938964844;44.060001373291016;42.91999816894531;43.06999969482422;3080200;36.15081787109375
2017-04-24;44.97999954223633;45.25;44.470001220703125;44.810001373291016;3433300;37.61128234863281
2017-04-25;45.52000045776367;46.220001220703125;45.5;45.689998626708984;3335900;38.34989547729492
2017-04-26;45.810001373291016;46.540000915527344;45.41999816894531;45.61000061035156;3011900;38.28276443481445
2017-04-27;45.959999084472656;46.130001068115234;44.7599983215332;45.31999969482422;2402900;38.03935623168945
2017-04-28;45.25;45.31999969482422;44.02000045776367;44.099998474121094;2948500;37.01533889770508
2017-05-01;44.470001220703125;45.130001068115234;44.099998474121094;44.720001220703125;3224500;37.535728454589844
2017-05-02;44.869998931884766;45.04999923706055;44.209999084472656;44.7400016784668;2546700;37.55251693725586
2017-05-03;44.47999954223633;44.970001220703125;44.22999954223633;44.86000061035156;2034700;37.65325164794922
2017-05-04;45.43000030517578;45.650001525878906;44.45000076293945;45.060001373291016;2406600;37.82111358642578
2017-05-05;45.470001220703125;45.4900016784668;44.689998626708984;45.119998931884766;1912700;37.87147521972656
2017-05-08;45.43000030517578;45.439998626708984;44.56999969482422;44.849998474121094;1498600;37.64485549926758
2017-05-09;45.060001373291016;45.22999954223633;43.959999084472656;44.31999969482422;1872500;37.19999694824219
2017-05-10;44.04999923706055;44.81999969482422;43.970001220703125;44.75;1624900;37.56092834472656
2017-05-11;44.45000076293945;44.5;43.20000076293945;44.099998474121094;2269700;37.01533889770508
2017-05-12;43.709999084472656;43.900001525878906;43.09000015258789;43.59000015258789;1826400;36.587284088134766
2017-05-15;43.869998931884766;44.709999084472656;43.83000183105469;44.54999923706055;1453900;37.3930549621582
2017-05-16;44.75;44.79999923706055;44.06999969482422;44.47999954223633;1492000;37.334293365478516
2017-05-17;42.900001525878906;43.33000183105469;41.38999938964844;41.68000030517578;4740200;34.9841194152832
2017-05-18;41.58000183105469;42.560001373291016;41.31999969482422;41.970001220703125;2980000;35.2275276184082
2017-05-19;42.310001373291016;43.5;42.220001220703125;42.880001068115234;2134000;35.991329193115234
2017-05-22;43.38999938964844;43.63999938964844;42.83000183105469;43.38999938964844;1980400;36.41939926147461
2017-05-23;43.599998474121094;44.5099983215332;43.189998626708984;44.22999954223633;2022700;37.124454498291016
2017-05-24;44.45000076293945;44.63999938964844;44.06999969482422;44.540000915527344;1812700;37.38465881347656
2017-05-25;44.849998474121094;45.29999923706055;44.560001373291016;44.86000061035156;2375500;37.65325164794922
2017-05-26;44.529998779296875;44.93000030517578;44.29999923706055;44.70000076293945;1120300;37.51893997192383
2017-05-30;44.5;44.5;43.68000030517578;43.88999938964844;1322900;36.83906936645508
2017-05-31;43.95000076293945;44.0;42.529998779296875;43.36000061035156;2488600;36.39421844482422
2017-06-01;43.709999084472656;44.65999984741211;43.150001525878906;44.650001525878906;2247000;37.47698974609375
2017-06-02;44.060001373291016;44.939998626708984;43.900001525878906;44.5099983215332;2812800;37.35947036743164
2017-06-05;44.540000915527344;45.189998626708984;44.400001525878906;44.58000183105469;1398700;37.418235778808594
2017-06-06;43.970001220703125;44.400001525878906;43.650001525878906;44.040000915527344;1880700;36.96498107910156
2017-06-07;44.349998474121094;45.029998779296875;44.060001373291016;44.849998474121094;2528700;37.64485549926758
2017-06-08;44.79999923706055;46.34000015258789;44.709999084472656;45.790000915527344;3706500;38.433841705322266
2017-06-09;46.349998474121094;47.599998474121094;46.22999954223633;47.5099983215332;6970600;39.877532958984375
2017-06-12;47.599998474121094;48.119998931884766;47.11000061035156;47.75;3249500;40.07897186279297
2017-06-13;48.209999084472656;48.61000061035156;47.97999954223633;48.459999084472656;2909000;40.674903869628906
2017-06-14;48.060001373291016;48.81999969482422;47.27000045776367;48.66999816894531;4289000;40.851173400878906
2017-06-15;47.689998626708984;48.7599983215332;47.29999923706055;48.349998474121094;2819600;40.582584381103516
2017-06-16;48.529998779296875;48.529998779296875;47.88999938964844;48.25;1836700;40.49864959716797
2017-06-19;48.900001525878906;49.5;48.7599983215332;49.279998779296875;3485800;41.36317443847656
2017-06-20;49.13999938964844;49.18000030517578;48.25;48.36000061035156;1872800;40.59097671508789
2017-06-21;48.4900016784668;48.4900016784668;47.220001220703125;47.560001373291016;2278400;39.919490814208984
2017-06-22;47.34000015258789;47.380001068115234;46.59000015258789;46.93000030517578;2027100;39.39070510864258
2017-06-23;47.34000015258789;47.38999938964844;46.47999954223633;46.66999816894531;1818600;39.17246627807617
2017-06-26;47.20000076293945;47.939998626708984;46.84000015258789;47.40999984741211;2042900;39.7935905456543
2017-06-27;47.650001525878906;48.630001068115234;47.529998779296875;47.599998474121094;2980500;39.95306396484375
2017-06-28;48.2599983215332;49.5099983215332;48.2599983215332;49.369998931884766;3285300;41.43870544433594
2017-06-29;51.650001525878906;51.650001525878906;48.59000015258789;49.529998779296875;6439100;41.57301330566406
2017-06-30;50.20000076293945;50.25;49.18000030517578;49.38999938964844;3213300;41.45549774169922
2017-07-03;49.95000076293945;51.66999816894531;49.86000061035156;50.939998626708984;2891600;42.756500244140625
2017-07-05;51.31999969482422;51.380001068115234;50.459999084472656;50.9900016784668;2832300;42.79847717285156
2017-07-06;50.849998474121094;50.88999938964844;49.47999954223633;49.5099983215332;3252100;41.55622863769531
2017-07-07;50.15999984741211;50.66999816894531;49.63999938964844;50.380001068115234;2076800;42.28645324707031
2017-07-10;50.25;50.54999923706055;50.11000061035156;50.16999816894531;1897800;42.110206604003906
2017-07-11;50.13999938964844;50.13999938964844;48.810001373291016;49.54999923706055;2075900;41.58979797363281
2017-07-12;49.5;50.400001525878906;49.349998474121094;50.16999816894531;1753500;42.110206604003906
2017-07-13;50.290000915527344;50.939998626708984;50.2400016784668;50.90999984741211;1919800;42.73130798339844
2017-07-14;49.970001220703125;51.13999938964844;49.36000061035156;50.7599983215332;2562100;42.605411529541016
2017-07-17;50.52000045776367;50.939998626708984;50.18000030517578;50.619998931884766;1695200;42.4879035949707
2017-07-18;50.13999938964844;50.63999938964844;49.849998474121094;50.540000915527344;2473500;42.42076110839844
2017-07-19;50.79999923706055;51.029998779296875;50.4900016784668;51.0;1513600;42.80685043334961
2017-07-20;51.09000015258789;51.470001220703125;50.7400016784668;50.959999084472656;1843500;42.773277282714844
2017-07-21;50.54999923706055;51.27000045776367;50.5;50.970001220703125;1341700;42.78166961669922
2017-07-24;50.88999938964844;51.59000015258789;50.88999938964844;51.43000030517578;1444600;43.167781829833984
2017-07-25;52.5;53.209999084472656;52.43000030517578;52.75;2510700;44.27573013305664
2017-07-26;53.16999816894531;53.290000915527344;52.099998474121094;52.34000015258789;1991100;43.93159103393555
2017-07-27;52.5;52.58000183105469;50.91999816894531;51.68000030517578;2210300;43.37761688232422
2017-07-28;51.380001068115234;51.75;51.02000045776367;51.52000045776367;1251200;43.243324279785156
2017-07-31;52.060001373291016;52.560001373291016;51.790000915527344;52.279998779296875;1755000;43.88123321533203
2017-08-01;52.880001068115234;53.380001068115234;52.54999923706055;53.29999923706055;1908000;44.737369537353516
2017-08-02;53.45000076293945;53.47999954223633;52.619998931884766;53.290000915527344;1620400;44.72896957397461
2017-08-03;53.09000015258789;53.150001525878906;52.52000045776367;52.650001525878906;1432400;44.19179153442383
2017-08-04;53.5;53.900001525878906;53.209999084472656;53.38999938964844;2643500;44.81291580200195
2017-08-07;53.65999984741211;53.900001525878906;53.060001373291016;53.369998931884766;1316600;44.79612731933594
2017-08-08;53.349998474121094;54.2400016784668;52.68000030517578;52.95000076293945;2201400;44.44358825683594
2017-08-09;52.0099983215332;52.7400016784668;51.84000015258789;52.7400016784668;1898400;44.267311096191406
2017-08-10;52.0;52.08000183105469;50.209999084472656;50.279998779296875;2894700;42.202518463134766
2017-08-11;50.4900016784668;50.619998931884766;49.310001373291016;49.68000030517578;1944900;41.69892501831055
2017-08-14;50.650001525878906;52.04999923706055;50.61000061035156;51.70000076293945;2068800;43.394412994384766
2017-08-15;52.650001525878906;52.650001525878906;51.79999923706055;52.02000045776367;1266300;43.663002014160156
2017-08-16;52.470001220703125;52.75;51.7599983215332;52.04999923706055;1903300;43.68816375732422
2017-08-17;51.5;51.88999938964844;49.599998474121094;49.70000076293945;2390500;41.715702056884766
2017-08-18;49.29999923706055;50.25;48.880001068115234;49.38999938964844;2145000;41.45549774169922
2017-08-21;49.4900016784668;49.59000015258789;48.849998474121094;49.5099983215332;1335900;41.55622863769531
2017-08-22;50.060001373291016;50.900001525878906;49.900001525878906;50.63999938964844;1295300;42.50468444824219
2017-08-23;49.790000915527344;51.209999084472656;49.68000030517578;50.630001068115234;1144100;42.49630355834961
2017-08-24;51.08000183105469;51.25;50.45000076293945;50.54999923706055;949500;42.429141998291016
2017-08-25;50.970001220703125;51.41999816894531;50.75;50.93000030517578;1325500;42.74809646606445
2017-08-28;51.189998626708984;51.189998626708984;49.95000076293945;50.33000183105469;1246700;42.24449157714844
2017-08-29;49.09000015258789;50.04999923706055;48.81999969482422;49.849998474121094;1521600;41.84159851074219
2017-08-30;50.099998474121094;50.81999969482422;49.849998474121094;50.52000045776367;1275700;42.40396499633789
2017-08-31;50.869998931884766;51.09000015258789;50.470001220703125;50.77000045776367;1315200;42.61380386352539
2017-09-01;51.0;51.779998779296875;50.849998474121094;51.11000061035156;1535100;42.89917755126953
2017-09-05;50.34000015258789;50.52000045776367;48.130001068115234;48.560001373291016;3118100;40.758846282958984
2017-09-06;49.04999923706055;49.45000076293945;48.650001525878906;48.86000061035156;1525800;41.01065444946289
2017-09-07;49.0099983215332;49.189998626708984;47.16999816894531;47.650001525878906;2323500;39.99502944946289
2017-09-08;47.41999816894531;48.849998474121094;47.2599983215332;48.29999923706055;1800600;40.540611267089844
2017-09-11;49.599998474121094;50.90999984741211;49.459999084472656;50.56999969482422;2261400;42.44593811035156
2017-09-12;50.880001068115234;51.72999954223633;50.68000030517578;51.59000015258789;1862500;43.30207443237305
2017-09-13;51.369998931884766;51.54999923706055;50.97999954223633;51.470001220703125;1420100;43.20134353637695
2017-09-14;51.369998931884766;51.54999923706055;51.150001525878906;51.31999969482422;1079100;43.0754508972168
2017-09-15;51.04999923706055;51.77000045776367;51.04999923706055;51.65999984741211;1299100;43.36082458496094
2017-09-18;52.08000183105469;52.84000015258789;52.08000183105469;52.68000030517578;1843000;44.21696090698242
2017-09-19;52.849998474121094;53.66999816894531;52.709999084472656;53.34000015258789;1582800;44.77092361450195
2017-09-20;53.529998779296875;54.2400016784668;52.93000030517578;53.95000076293945;2299200;45.2829475402832
2017-09-21;53.880001068115234;54.4900016784668;53.75;54.22999954223633;1243200;45.51795959472656
2017-09-22;53.7599983215332;54.15999984741211;53.540000915527344;54.06999969482422;1104800;45.383663177490234
2017-09-25;53.84000015258789;54.22999954223633;52.93000030517578;53.63999938964844;1540700;45.02273941040039
2017-09-26;53.83000183105469;54.06999969482422;53.38999938964844;53.59000015258789;1082400;44.98077392578125
2017-09-27;54.93000030517578;55.400001525878906;54.33000183105469;54.93000030517578;2147200;46.10550308227539
2017-09-28;55.220001220703125;55.45000076293945;54.540000915527344;55.400001525878906;1230300;46.5
2017-09-29;55.279998779296875;55.9900016784668;55.189998626708984;55.970001220703125;1330500;46.978431701660156
2017-10-02;56.15999984741211;57.0;55.959999084472656;57.0;1798500;47.84295654296875
2017-10-03;57.29999923706055;57.470001220703125;56.689998626708984;57.470001220703125;1396200;48.23745346069336
2017-10-04;57.209999084472656;57.56999969482422;56.880001068115234;57.15999984741211;1275500;47.977256774902344
2017-10-05;57.16999816894531;59.040000915527344;57.04999923706055;58.720001220703125;1827100;49.28664779663086
2017-10-06;59.0;59.2400016784668;57.93000030517578;58.650001525878906;1273000;49.227874755859375
2017-10-09;58.970001220703125;59.119998931884766;58.06999969482422;58.279998779296875;1359600;48.917327880859375
2017-10-10;58.68000030517578;59.150001525878906;58.29999923706055;58.970001220703125;1482900;49.49647903442383
2017-10-11;58.81999969482422;59.13999938964844;58.4900016784668;59.06999969482422;1235600;49.580413818359375
2017-10-12;59.4900016784668;59.5;58.20000076293945;58.380001068115234;1752300;49.00126647949219
2017-10-13;58.099998474121094;58.939998626708984;57.43000030517578;58.45000076293945;1710100;49.06001281738281
2017-10-16;58.61000061035156;59.029998779296875;58.34000015258789;58.880001068115234;1312900;49.42094421386719
2017-10-17;59.25;59.29999923706055;57.91999816894531;58.189998626708984;1254800;48.8417854309082
2017-10-18;58.790000915527344;59.130001068115234;58.290000915527344;58.849998474121094;1295000;49.395755767822266
2017-10-19;57.849998474121094;58.9900016784668;57.83000183105469;58.970001220703125;1116700;49.49647903442383
2017-10-20;60.38999938964844;60.5;59.97999954223633;60.5;1940900;50.78068161010742
2017-10-23;60.779998779296875;60.79999923706055;59.880001068115234;60.06999969482422;1476200;50.419769287109375
2017-10-24;60.599998474121094;61.130001068115234;60.5;60.790000915527344;1453300;51.02409362792969
2017-10-25;61.13999938964844;61.22999954223633;59.22999954223633;60.220001220703125;1943600;50.54566955566406
2017-10-26;60.63999938964844;61.36000061035156;60.63999938964844;60.869998931884766;1365300;51.091251373291016
2017-10-27;60.7400016784668;61.16999816894531;59.810001373291016;61.02000045776367;1494500;51.21715545654297
2017-10-30;60.7400016784668;61.04999923706055;60.13999938964844;60.470001220703125;1644800;50.7554931640625
2017-10-31;60.41999816894531;60.72999954223633;60.189998626708984;60.349998474121094;1094800;50.654781341552734
2017-11-01;60.880001068115234;61.52000045776367;60.33000183105469;60.599998474121094;1295800;50.86461639404297
2017-11-02;60.7400016784668;62.04999923706055;60.13999938964844;61.88999938964844;1454100;51.94738006591797
2017-11-03;61.5099983215332;61.619998931884766;60.849998474121094;61.47999954223633;1561300;51.603248596191406
2017-11-06;61.25;62.18000030517578;61.189998626708984;61.93000030517578;992400;51.98094940185547
2017-11-07;61.900001525878906;62.47999954223633;60.040000915527344;60.41999816894531;1714600;50.71353530883789
2017-11-08;60.18000030517578;60.439998626708984;59.41999816894531;60.029998779296875;1164100;50.38618850708008
2017-11-09;59.0099983215332;59.880001068115234;58.029998779296875;59.54999923706055;2014000;49.98329544067383
2017-11-10;59.540000915527344;59.7400016784668;59.04999923706055;59.2400016784668;919700;49.723106384277344
2017-11-13;58.5099983215332;59.75;58.40999984741211;59.59000015258789;656600;50.016868591308594
2017-11-14;58.95000076293945;59.63999938964844;58.54999923706055;59.619998931884766;741600;50.04206085205078
2017-11-15;58.5;60.029998779296875;57.91999816894531;59.34000015258789;1153600;49.80704116821289
2017-11-16;60.0099983215332;60.45000076293945;59.790000915527344;59.81999969482422;1039000;50.209930419921875
2017-11-17;59.47999954223633;59.7400016784668;58.9900016784668;59.43000030517578;596200;49.8825798034668
2017-11-20;59.79999923706055;60.290000915527344;59.43000030517578;60.02000045776367;712600;50.37778854370117
2017-11-21;60.560001373291016;60.900001525878906;60.400001525878906;60.849998474121094;924100;51.07445526123047
2017-11-22;60.88999938964844;61.34000015258789;60.099998474121094;60.13999938964844;834100;50.478519439697266
2017-11-24;60.61000061035156;60.66999816894531;60.189998626708984;60.2599983215332;230000;50.57923126220703
2017-11-27;60.2400016784668;60.90999984741211;60.0099983215332;60.0099983215332;790200;50.36940002441406
2017-11-28;60.31999969482422;63.31999969482422;60.119998931884766;63.15999984741211;2493800;53.013343811035156
2017-11-29;64.29000091552734;65.52999877929688;63.77000045776367;64.73999786376953;2233400;54.33953094482422
2017-11-30;65.8499984741211;67.77999877929688;65.05999755859375;65.88999938964844;2710500;55.30476760864258
2017-12-01;66.05999755859375;66.80000305175781;62.29999923706055;66.1500015258789;2349600;55.52301025390625
2017-12-04;69.30000305175781;69.5;67.2300033569336;67.2300033569336;2587200;56.42951965332031
2017-12-05;67.80999755859375;68.12000274658203;66.05000305175781;66.31999969482422;1708400;55.66570281982422
2017-12-06;65.91000366210938;66.77999877929688;65.66999816894531;66.19999694824219;1137400;55.56496810913086
2017-12-07;65.76000213623047;67.4800033569336;65.4800033569336;66.93000030517578;911800;56.17771530151367
2017-12-08;67.75;67.94999694824219;66.83999633789062;67.94000244140625;1178400;57.02544403076172
2017-12-11;68.0;68.22000122070312;67.30999755859375;67.7300033569336;977700;56.849178314208984
2017-12-12;68.08999633789062;70.01000213623047;67.83000183105469;69.38999938964844;1558400;58.24250793457031
2017-12-13;69.5;69.63999938964844;67.44999694824219;67.5;1494900;56.6561393737793
2017-12-14;68.0999984741211;68.41000366210938;66.43000030517578;66.62000274658203;977100;55.91752624511719
2017-12-15;67.44999694824219;69.1500015258789;67.16000366210938;68.36000061035156;1259800;57.37798309326172
2017-12-18;69.63999938964844;70.5;69.4000015258789;69.79000091552734;1483100;58.578243255615234
2017-12-19;70.44000244140625;70.44000244140625;68.13999938964844;68.25;1310400;57.34892654418945
2017-12-20;69.31999969482422;69.48999786376953;67.4000015258789;67.5;1297200;56.718719482421875
2017-12-21;68.1500015258789;69.02999877929688;68.08999633789062;68.4800033569336;1132000;57.54218292236328
2017-12-22;68.88999938964844;68.91000366210938;67.5;68.37999725341797;989100;57.45815658569336
2017-12-26;68.30999755859375;68.7699966430664;67.61000061035156;68.0999984741211;876400;57.22287368774414
2017-12-27;68.08999633789062;68.55999755859375;67.91000366210938;68.38999938964844;650400;57.466552734375
2017-12-28;68.72000122070312;69.30000305175781;68.43000030517578;69.26000213623047;630600;58.19761276245117
2017-12-29;69.55000305175781;69.69999694824219;68.25;68.37999725341797;988100;57.45815658569336
2018-01-02;69.18000030517578;69.18000030517578;67.36000061035156;67.94000244140625;1648200;57.08842849731445
2018-01-03;67.98999786376953;69.04000091552734;67.83999633789062;68.86000061035156;1267800;57.861488342285156
2018-01-04;69.48999786376953;71.41000366210938;69.41000366210938;69.91999816894531;2629200;58.752166748046875
2018-01-05;70.73999786376953;71.02999877929688;69.80000305175781;70.94000244140625;1761500;59.6092643737793
2018-01-08;70.72000122070312;71.30000305175781;70.27999877929688;71.05000305175781;1492300;59.701690673828125
2018-01-09;71.5;72.66999816894531;71.38999938964844;71.79000091552734;1659600;60.323490142822266
2018-01-10;71.86000061035156;73.0999984741211;71.26000213623047;72.5;2335300;60.92008972167969
2018-01-11;73.22000122070312;73.37000274658203;72.41999816894531;73.33000183105469;1875100;61.617523193359375
2018-01-12;73.87000274658203;74.62999725341797;73.30000305175781;74.51000213623047;2231300;62.609046936035156
2018-01-16;76.01000213623047;76.66000366210938;73.22000122070312;74.05999755859375;2709100;62.23090744018555
2018-01-17;74.5999984741211;76.20999908447266;73.43000030517578;75.87999725341797;2225000;63.76024627685547
2018-01-18;76.06999969482422;76.19000244140625;75.01000213623047;75.33000183105469;1473800;63.29807662963867
2018-01-19;75.80000305175781;76.88999938964844;75.61000061035156;76.88999938964844;1607200;64.6089096069336
2018-01-22;76.5999984741211;78.81999969482422;76.5999984741211;78.79000091552734;2003000;66.20543670654297
2018-01-23;78.7699966430664;79.66999816894531;77.86000061035156;79.4800033569336;2593500;66.78522491455078
2018-01-24;80.27999877929688;81.08999633789062;78.81999969482422;80.38999938964844;2674600;67.54987335205078
2018-01-25;81.01000213623047;81.05000305175781;79.45999908447266;80.19000244140625;1940100;67.38182830810547
2018-01-26;80.77999877929688;81.70999908447266;79.8499984741211;81.70999908447266;1921500;68.65904998779297
2018-01-29;81.9800033569336;82.80000305175781;80.0;80.11000061035156;2605800;67.3145980834961
2018-01-30;77.61000061035156;79.58999633789062;77.02999877929688;77.69999694824219;2333200;65.2895278930664
2018-01-31;78.30000305175781;79.55000305175781;77.83999633789062;78.80000305175781;1474100;66.21385955810547
2018-02-01;78.4000015258789;80.02999877929688;77.98999786376953;79.69999694824219;1623200;66.97008514404297
2018-02-02;78.75;79.0;74.5999984741211;74.81999969482422;3301800;62.869544982910156
2018-02-05;71.80000305175781;74.1500015258789;63.45000076293945;65.02999877929688;4994800;54.643226623535156
2018-02-06;61.0;68.4000015258789;60.54999923706055;67.98999786376953;5040400;57.13044738769531
2018-02-07;67.41000366210938;70.79000091552734;66.9800033569336;67.93000030517578;3210700;57.080020904541016
2018-02-08;68.41000366210938;68.69999694824219;60.5;60.5099983215332;3781600;50.84518051147461
2018-02-09;62.9900016784668;64.25;57.11000061035156;63.0;4295900;52.93747329711914
2018-02-12;64.5;66.5;62.65999984741211;65.23999786376953;2585900;54.81968688964844
2018-02-13;64.05999755859375;66.55999755859375;63.91999816894531;66.18000030517578;1861000;55.60954284667969
2018-02-14;65.33999633789062;69.80999755859375;65.30999755859375;69.68000030517578;3086800;58.550506591796875
2018-02-15;71.13999938964844;71.37999725341797;69.01000213623047;71.2300033569336;3119100;59.852943420410156
2018-02-16;70.51000213623047;72.9000015258789;70.2699966430664;71.45999908447266;2093600;60.046199798583984
2018-02-20;70.6500015258789;72.75;69.83000183105469;70.51000213623047;1693600;59.24794006347656
2018-02-21;70.5199966430664;73.0999984741211;69.5999984741211;69.5999984741211;1550400;58.483280181884766
2018-02-22;70.38999938964844;71.44999694824219;68.44000244140625;68.87999725341797;1984000;57.87831497192383
2018-02-23;69.76000213623047;72.0;69.5;72.0;1779300;60.49996566772461
2018-02-26;73.05000305175781;74.5;72.05000305175781;74.48999786376953;1877900;62.592247009277344
2018-02-27;74.45999908447266;75.62999725341797;72.06999969482422;72.13999938964844;2100500;60.61760711669922
2018-02-28;72.86000061035156;74.08000183105469;69.91999816894531;69.94999694824219;1604900;58.77738571166992
2018-03-01;70.0199966430664;71.5199966430664;65.91999816894531;66.97000122070312;2990500;56.273372650146484
2018-03-02;65.5;68.0;64.05000305175781;67.6500015258789;2508400;56.84476089477539
2018-03-05;66.41999816894531;71.25;66.19999694824219;70.37999725341797;1731500;59.13871383666992
2018-03-06;71.45999908447266;71.58000183105469;69.27999877929688;71.18000030517578;1680400;59.810916900634766
2018-03-07;69.16000366210938;71.66999816894531;69.0;71.2699966430664;1485700;59.886539459228516
2018-03-08;71.75;72.08999633789062;70.0999984741211;71.87000274658203;1407300;60.39072799682617
2018-03-09;73.37000274658203;76.23999786376953;72.88999938964844;76.18000030517578;2742800;64.0123062133789
2018-03-12;76.2699966430664;76.79000091552734;75.37000274658203;75.83000183105469;1945200;63.718223571777344
2018-03-13;76.48999786376953;76.9800033569336;73.5;74.02999877929688;2005300;62.20572280883789
2018-03-14;74.9800033569336;74.9800033569336;71.87999725341797;72.44999694824219;1580900;60.87810516357422
2018-03-15;73.18000030517578;73.31999969482422;71.91999816894531;72.44999694824219;1040900;60.87810516357422
2018-03-16;72.66000366210938;74.1500015258789;72.66000366210938;73.16999816894531;1371900;61.483070373535156
2018-03-19;72.4800033569336;72.98999786376953;69.45999908447266;71.26000213623047;1931300;59.87814712524414
2018-03-20;71.5999984741211;72.41999816894531;71.33000183105469;71.79000091552734;796800;60.43119430541992
2018-03-21;71.94000244140625;73.68000030517578;71.01000213623047;71.19000244140625;1938100;59.926124572753906
2018-03-22;69.12999725341797;69.7699966430664;64.5;64.77999877929688;3804600;54.530338287353516
2018-03-23;65.0999984741211;65.37999725341797;59.36000061035156;59.68000030517578;4380400;50.23727035522461
2018-03-26;62.86000061035156;65.06999969482422;61.22999954223633;64.70999908447266;2746000;54.471412658691406
2018-03-27;65.30999755859375;65.79000091552734;60.13999938964844;61.41999816894531;2369400;51.70196533203125
2018-03-28;61.959999084472656;63.470001220703125;60.189998626708984;62.04999923706055;2010700;52.23229217529297
2018-03-29;63.040000915527344;65.30000305175781;62.13999938964844;64.27999877929688;1831400;54.109439849853516
2018-04-02;63.939998626708984;64.4000015258789;58.2400016784668;60.369998931884766;2837300;50.81809616088867
2018-04-03;61.52000045776367;62.83000183105469;59.9900016784668;62.459999084472656;2259100;52.57741928100586
2018-04-04;59.70000076293945;64.62000274658203;59.54999923706055;64.2300033569336;2536500;54.06736755371094
2018-04-05;65.41000366210938;66.52999877929688;64.69000244140625;65.44999694824219;2054900;55.09431838989258
2018-04-06;63.5099983215332;64.80000305175781;59.79999923706055;61.2599983215332;2874200;51.56728744506836
2018-04-09;62.29999923706055;65.08000183105469;61.65999984741211;61.869998931884766;2223500;52.080772399902344
2018-04-10;64.55000305175781;65.22000122070312;63.25;64.1500015258789;1874600;54.000022888183594
2018-04-11;62.97999954223633;64.01000213623047;62.20000076293945;62.470001220703125;1879600;52.58584213256836
2018-04-12;63.779998779296875;65.66000366210938;63.59000015258789;64.68000030517578;2798500;54.44614791870117
2018-04-13;66.5999984741211;66.6500015258789;61.70000076293945;62.63999938964844;3404000;52.72893142700195
2018-04-16;63.68000030517578;64.55000305175781;63.119998931884766;63.54999923706055;1504700;53.49496078491211
2018-04-17;64.8499984741211;65.44999694824219;63.88999938964844;64.27999877929688;2131300;54.109439849853516
2018-04-18;64.91999816894531;65.19000244140625;63.68000030517578;63.81999969482422;1569300;53.72223663330078
2018-04-19;63.70000076293945;65.37999725341797;63.70000076293945;65.11000061035156;1798400;54.80812454223633
2018-04-20;65.37000274658203;65.98999786376953;64.08000183105469;64.83999633789062;1643100;54.58084487915039
2018-04-23;65.2699966430664;65.44999694824219;63.97999954223633;64.66000366210938;1346900;54.4293212890625
2018-04-24;65.3499984741211;66.3499984741211;62.220001220703125;63.439998626708984;2463000;53.402366638183594
2018-04-25;63.189998626708984;63.849998474121094;61.560001373291016;63.130001068115234;1552700;53.141414642333984
2018-04-26;63.5099983215332;65.16000366210938;63.09000015258789;64.19999694824219;1707000;54.042118072509766
2018-04-27;64.06999969482422;64.94999694824219;63.79999923706055;64.56999969482422;1096000;54.35356903076172
2018-04-30;64.87000274658203;65.87000274658203;63.45000076293945;63.459999084472656;1308800;53.41919708251953
2018-05-01;63.29999923706055;64.0999984741211;62.08000183105469;64.0;1395900;53.87375259399414
2018-05-02;63.709999084472656;64.33999633789062;62.11000061035156;62.34000015258789;1405000;52.476402282714844
2018-05-03;61.79999923706055;62.15999984741211;59.02000045776367;61.47999954223633;3099000;51.75248336791992
2018-05-04;60.65999984741211;64.33000183105469;60.119998931884766;63.54999923706055;2221600;53.49496078491211
2018-05-07;64.08999633789062;65.36000061035156;63.54999923706055;64.7699966430664;1567100;54.52190399169922
2018-05-08;64.62999725341797;66.58000183105469;64.52999877929688;65.63999938964844;1408700;55.25428009033203
2018-05-09;66.1500015258789;68.31999969482422;65.79000091552734;67.94000244140625;2333500;57.190345764160156
2018-05-10;68.19000244140625;69.91999816894531;67.94000244140625;69.51000213623047;2012000;58.51194763183594
2018-05-11;69.83000183105469;70.48999786376953;69.05000305175781;69.43000030517578;1124100;58.44460678100586
2018-05-14;69.98999786376953;70.1500015258789;68.44999694824219;68.88999938964844;1242300;57.99005126953125
2018-05-15;68.58999633789062;68.80999755859375;67.37999725341797;68.0199966430664;1086200;57.2576789855957
2018-05-16;67.86000061035156;68.77999877929688;67.5199966430664;68.12999725341797;569200;57.350276947021484
2018-05-17;67.98999786376953;68.44000244140625;67.05000305175781;67.83000183105469;701100;57.09775924682617
2018-05-18;67.73999786376953;67.91999816894531;66.56999969482422;66.77999877929688;723500;56.21389389038086
2018-05-21;67.88999938964844;68.58000183105469;67.80999755859375;68.27999877929688;1044600;57.4765625
2018-05-22;68.48999786376953;69.93000030517578;68.48999786376953;68.9800033569336;934100;58.0658073425293
2018-05-23;68.12000274658203;68.58999633789062;66.94000244140625;68.54000091552734;1564200;57.6954231262207
2018-05-24;68.0;68.31999969482422;65.80000305175781;67.51000213623047;1375800;56.828399658203125
2018-05-25;67.0;67.41000366210938;66.29000091552734;66.94000244140625;970200;56.34858322143555
2018-05-29;65.51000213623047;65.7300033569336;61.25;62.380001068115234;4191400;52.510074615478516
2018-05-30;63.84000015258789;65.94000244140625;63.52000045776367;65.37999725341797;2538000;55.03540802001953
2018-05-31;64.95999908447266;65.3499984741211;63.56999969482422;64.16999816894531;1491100;54.016845703125
2018-06-01;65.75;66.38999938964844;65.4000015258789;65.80000305175781;2225900;55.388980865478516
2018-06-04;66.58999633789062;67.18000030517578;66.37000274658203;67.05999755859375;1189700;56.44959259033203
2018-06-05;66.9000015258789;67.05000305175781;65.70999908447266;66.5999984741211;1210700;56.0623664855957
2018-06-06;67.23999786376953;69.6500015258789;67.13999938964844;69.63999938964844;2497200;58.621368408203125
2018-06-07;70.06999969482422;70.48999786376953;68.4000015258789;69.36000061035156;1851300;58.385677337646484
2018-06-08;69.37000274658203;70.1500015258789;68.66999816894531;70.02999877929688;1187100;58.94966125488281
2018-06-11;70.5;70.87999725341797;69.43000030517578;69.55999755859375;1455100;58.55402755737305
2018-06-12;69.86000061035156;70.27999877929688;68.86000061035156;69.43000030517578;1356600;58.44460678100586
2018-06-13;69.73999786376953;70.12999725341797;68.20999908447266;68.31999969482422;1846900;57.510223388671875
2018-06-14;68.7699966430664;68.94999694824219;67.20999908447266;67.47000122070312;1496600;56.794742584228516
2018-06-15;67.0;67.93000030517578;65.66000366210938;67.3499984741211;1575300;56.69371795654297
2018-06-18;66.25;67.54000091552734;65.58999633789062;67.5199966430664;1049900;56.83681869506836
2018-06-19;65.6500015258789;67.05000305175781;65.45999908447266;66.7699966430664;1812900;56.34147644042969
2018-06-20;67.61000061035156;67.83999633789062;66.83000183105469;67.0;959800;56.53556823730469
2018-06-21;66.5199966430664;67.30999755859375;65.56999969482422;66.56999969482422;1502700;56.1727294921875
2018-06-22;67.33000183105469;67.58999633789062;66.0;66.06999969482422;787500;55.75082015991211
2018-06-25;65.55000305175781;65.70999908447266;62.58000183105469;63.81999969482422;2826200;53.85224151611328
2018-06-26;63.970001220703125;64.37000274658203;62.779998779296875;63.529998779296875;1055300;53.60753631591797
2018-06-27;63.72999954223633;64.54000091552734;61.310001373291016;61.310001373291016;2041600;51.7342643737793
2018-06-28;61.43000030517578;63.63999938964844;61.09000015258789;62.970001220703125;2251200;53.13499450683594
2018-06-29;64.6500015258789;65.47000122070312;62.90999984741211;63.0;2167500;53.16032028198242
2018-07-02;62.060001373291016;63.65999984741211;61.95000076293945;63.65999984741211;1323100;53.717227935791016
2018-07-03;64.05000305175781;64.36000061035156;62.29999923706055;62.5099983215332;702700;52.74683380126953
2018-07-05;63.470001220703125;63.63999938964844;62.66999816894531;63.599998474121094;1000000;53.66659164428711
2018-07-06;63.22999954223633;65.16000366210938;62.869998931884766;64.52999877929688;1829800;54.451351165771484
2018-07-09;65.12000274658203;67.5199966430664;65.04000091552734;67.5;2522800;56.957481384277344
2018-07-10;67.9000015258789;67.97000122070312;66.69000244140625;67.08000183105469;1386800;56.60307693481445
2018-07-11;66.0;67.37000274658203;65.9000015258789;66.62000274658203;1159300;56.214935302734375
2018-07-12;67.58999633789062;67.58999633789062;66.4000015258789;67.33000183105469;1614200;56.814029693603516
2018-07-13;66.5999984741211;67.05000305175781;65.0999984741211;66.29000091552734;1852300;55.93647384643555
2018-07-16;66.62000274658203;68.23999786376953;66.52999877929688;68.11000061035156;1912800;57.47219467163086
2018-07-17;68.16999816894531;68.95999908447266;67.7699966430664;68.37999725341797;1571900;57.700035095214844
2018-07-18;68.83999633789062;70.62000274658203;68.61000061035156;70.44000244140625;2192800;59.43829345703125
2018-07-19;69.79000091552734;69.97000122070312;68.52999877929688;68.80000305175781;1782800;58.05443572998047
2018-07-20;68.66999816894531;69.2699966430664;68.05999755859375;68.8499984741211;1587700;58.09661865234375
2018-07-23;68.88999938964844;70.7699966430664;68.70999908447266;70.58000183105469;1830800;59.556434631347656
2018-07-24;71.16000366210938;71.76000213623047;70.12999725341797;70.63999938964844;2322500;59.607051849365234
2018-07-25;70.48999786376953;72.0;70.29000091552734;71.8499984741211;1573300;60.628082275390625
2018-07-26;71.68000030517578;72.4000015258789;71.25;71.4000015258789;1202700;60.248355865478516
2018-07-27;71.7699966430664;72.2300033569336;69.72000122070312;70.6500015258789;1609600;59.61548614501953
2018-07-30;70.88999938964844;71.0999984741211;69.56999969482422;69.80000305175781;1455700;58.898250579833984
2018-07-31;70.33000183105469;70.5999984741211;69.18000030517578;69.5199966430664;1353800;58.66197204589844
2018-08-01;70.02999877929688;71.23999786376953;69.29000091552734;70.0999984741211;934600;59.15140151977539
2018-08-02;69.19999694824219;70.61000061035156;68.61000061035156;70.41999816894531;719900;59.421409606933594
2018-08-03;70.22000122070312;71.5;70.22000122070312;71.5;886100;60.332740783691406
2018-08-06;71.86000061035156;72.62999725341797;71.45999908447266;72.18000030517578;835500;60.906532287597656
2018-08-07;72.72000122070312;73.66999816894531;72.52999877929688;72.87999725341797;889100;61.497188568115234
2018-08-08;72.97000122070312;73.51000213623047;72.52999877929688;73.1500015258789;619200;61.72500991821289
2018-08-09;73.1500015258789;73.33999633789062;72.44000244140625;72.4800033569336;692900;61.15968322753906
2018-08-10;70.91000366210938;71.22000122070312;70.01000213623047;70.58000183105469;1158500;59.556434631347656
2018-08-13;70.51000213623047;71.18000030517578;69.05000305175781;69.16999816894531;1016000;58.36664581298828
2018-08-14;69.69000244140625;71.12999725341797;69.36000061035156;70.69000244140625;682800;59.64923858642578
2018-08-15;69.73999786376953;70.3499984741211;68.80000305175781;69.69999694824219;1056800;58.81387710571289
2018-08-16;70.75;72.47000122070312;70.26000213623047;71.94000244140625;1290400;60.70401382446289
2018-08-17;71.56999969482422;72.94999694824219;71.56999969482422;72.73999786376953;736600;61.37906265258789
2018-08-20;72.9800033569336;73.56999969482422;72.61000061035156;73.2699966430664;695300;61.82628631591797
2018-08-21;73.37999725341797;74.48999786376953;73.27999877929688;73.62000274658203;765700;62.12162780761719
2018-08-22;73.0999984741211;73.62000274658203;72.80000305175781;73.20999908447266;556700;61.77565383911133
2018-08-23;73.0;73.29000091552734;72.31999969482422;72.52999877929688;674500;61.20186233520508
2018-08-24;72.9800033569336;73.70999908447266;72.86000061035156;73.44999694824219;728000;61.97816467285156
2018-08-27;74.25;75.91999816894531;74.25;75.5;1289900;63.70799255371094
2018-08-28;75.9800033569336;76.05000305175781;75.18000030517578;75.7699966430664;886900;63.93581008911133
2018-08-29;76.0;76.5999984741211;75.36000061035156;76.0999984741211;890100;64.21428680419922
2018-08-30;75.55000305175781;75.8499984741211;74.4000015258789;74.75;1033300;63.07512283325195
2018-08-31;74.26000213623047;75.0;73.8499984741211;74.72000122070312;626800;63.0498161315918
2018-09-04;74.58999633789062;75.52999877929688;74.0199966430664;75.52999877929688;842800;63.73331069946289
2018-09-05;75.08000183105469;75.70999908447266;74.51000213623047;74.70999908447266;707600;63.041378021240234
2018-09-06;74.9000015258789;75.37999725341797;73.75;74.37999725341797;693400;62.76292419433594
2018-09-07;74.4000015258789;74.4000015258789;72.9800033569336;73.5;824000;62.02033996582031
2018-09-10;74.0199966430664;74.62000274658203;73.27999877929688;73.77999877929688;561100;62.25662612915039
2018-09-11;73.38999938964844;74.6500015258789;72.72000122070312;74.18000030517578;677200;62.59416198730469
2018-09-12;74.26000213623047;74.4000015258789;72.80000305175781;73.2300033569336;643200;61.79253005981445
2018-09-13;73.55000305175781;74.56999969482422;73.0199966430664;73.22000122070312;698300;61.78409194946289
2018-09-14;73.5199966430664;74.13999938964844;73.37999725341797;73.93000030517578;556700;62.38322067260742
2018-09-17;74.13999938964844;74.41000366210938;72.79000091552734;73.08999633789062;391800;61.67439651489258
2018-09-18;73.44999694824219;74.11000061035156;73.0;73.8499984741211;463400;62.31569290161133
2018-09-19;73.83000183105469;76.0;73.83000183105469;75.55999755859375;932400;63.75862121582031
2018-09-20;76.55999755859375;77.94000244140625;76.43000030517578;77.5;1443400;65.39561462402344
2018-09-21;78.3499984741211;78.3499984741211;76.73999786376953;76.88999938964844;769600;64.88089752197266
2018-09-24;76.63999938964844;76.80000305175781;74.20999908447266;74.47000122070312;1177100;62.83885955810547
2018-09-25;74.9800033569336;75.0999984741211;73.87000274658203;73.98999786376953;620300;62.59351348876953
2018-09-26;74.16000366210938;74.3499984741211;71.22000122070312;71.55000305175781;1387500;60.52936553955078
2018-09-27;71.9000015258789;72.55999755859375;71.1500015258789;71.26000213623047;859500;60.28403091430664
2018-09-28;70.62000274658203;71.12000274658203;70.0;70.33999633789062;1106200;59.50572204589844
2018-10-01;71.6500015258789;71.94000244140625;69.91000366210938;70.36000061035156;1164100;59.52263641357422
2018-10-02;70.05999755859375;70.47000122070312;69.0999984741211;70.0;816700;59.21810531616211
2018-10-03;71.12999725341797;72.05000305175781;70.5999984741211;71.01000213623047;1369500;60.07252502441406
2018-10-04;71.12999725341797;72.41000366210938;69.7300033569336;71.05000305175781;1810000;60.10636901855469
2018-10-05;71.26000213623047;71.95999908447266;69.43000030517578;70.0999984741211;1348600;59.302703857421875
2018-10-08;69.5199966430664;70.88999938964844;68.7300033569336;70.54000091552734;1133100;59.67493438720703
2018-10-09;70.0;70.8499984741211;69.19999694824219;70.0999984741211;776100;59.302703857421875
2018-10-10;70.12999725341797;70.62000274658203;63.66999816894531;63.84000015258789;2322400;54.00690841674805
2018-10-11;63.040000915527344;63.54999923706055;57.880001068115234;58.650001525878906;3143000;49.61629867553711
2018-10-12;62.0;62.20000076293945;57.11000061035156;59.58000183105469;2703700;50.40305709838867
2018-10-15;59.369998931884766;60.47999954223633;58.810001373291016;58.849998474121094;1342400;49.785499572753906
2018-10-16;59.959999084472656;62.279998779296875;58.93000030517578;62.08000183105469;1462100;52.51798629760742
2018-10-17;61.77000045776367;64.11000061035156;60.66999816894531;63.13999938964844;1542200;53.41472244262695
2018-10-18;62.540000915527344;63.5;59.959999084472656;60.63999938964844;1355200;51.2997932434082
2018-10-19;61.0;62.709999084472656;60.31999969482422;61.27000045776367;1172100;51.832759857177734
2018-10-22;61.650001525878906;62.13999938964844;58.5;58.560001373291016;1474200;49.5401611328125
2018-10-23;55.54999923706055;58.38999938964844;54.29999923706055;57.54999923706055;2309600;48.68574523925781
2018-10-24;57.58000183105469;57.58000183105469;53.5;53.81999969482422;2010400;45.53025817871094
2018-10-25;54.95000076293945;57.83000183105469;54.29999923706055;56.650001525878906;2075800;47.92435836791992
2018-10-26;54.709999084472656;55.619998931884766;52.25;53.790000915527344;2689400;45.504886627197266
2018-10-29;55.369998931884766;57.33000183105469;52.599998474121094;54.349998474121094;2481800;45.97861862182617
2018-10-30;54.83000183105469;56.59000015258789;54.29999923706055;56.45000076293945;1620600;47.75516891479492
2018-10-31;57.869998931884766;60.66999816894531;57.79999923706055;58.54999923706055;2195400;49.531715393066406
2018-11-01;59.2400016784668;59.869998931884766;58.279998779296875;59.619998931884766;1214500;50.43689727783203
2018-11-02;61.029998779296875;61.369998931884766;57.56999969482422;59.029998779296875;1626900;49.937774658203125
2018-11-05;59.36000061035156;61.77000045776367;59.34000015258789;61.16999816894531;1153900;51.74816131591797
2018-11-06;61.16999816894531;62.18000030517578;60.900001525878906;62.09000015258789;935300;52.52643966674805
2018-11-07;63.31999969482422;65.12999725341797;62.27000045776367;64.93000030517578;1801300;54.92902374267578
2018-11-08;64.20999908447266;65.94999694824219;63.91999816894531;65.43000030517578;1205300;55.35200500488281
2018-11-09;64.66999816894531;65.0199966430664;62.689998626708984;63.84000015258789;1198900;54.00690841674805
2018-11-12;63.72999954223633;64.02999877929688;60.27000045776367;60.58000183105469;1398600;51.24903106689453
2018-11-13;61.04999923706055;62.630001068115234;60.619998931884766;61.189998626708984;1191400;51.76508331298828
2018-11-14;62.400001525878906;62.65999984741211;57.63999938964844;59.310001373291016;1579600;50.17464828491211
2018-11-15;58.54999923706055;61.43000030517578;57.33000183105469;61.189998626708984;2075500;51.76508331298828
2018-11-16;60.5099983215332;62.29999923706055;59.66999816894531;61.470001220703125;1102000;52.001956939697266
2018-11-19;61.5;61.95000076293945;59.060001373291016;60.33000183105469;1281000;51.03754425048828
2018-11-20;58.22999954223633;58.68000030517578;56.38999938964844;56.970001220703125;2068800;48.195072174072266
2018-11-21;58.29999923706055;59.279998779296875;56.720001220703125;57.38999938964844;1127000;48.550376892089844
2018-11-23;56.58000183105469;57.20000076293945;55.75;56.11000061035156;653800;47.46753692626953
2018-11-26;57.540000915527344;59.31999969482422;57.36000061035156;59.13999938964844;1170100;50.03083038330078
2018-11-27;58.77000045776367;59.599998474121094;58.31999969482422;59.38999938964844;1095600;50.2423210144043
2018-11-28;60.0;62.790000915527344;58.849998474121094;62.779998779296875;1499800;53.11017990112305
2018-11-29;61.849998474121094;62.54999923706055;60.65999984741211;61.40999984741211;939800;51.95119857788086
2018-11-30;61.06999969482422;63.22999954223633;60.810001373291016;62.84000015258789;953900;53.16093444824219
2018-12-03;65.31999969482422;65.6500015258789;63.130001068115234;64.3499984741211;1345800;54.438358306884766
2018-12-04;63.5;63.72999954223633;56.66999816894531;57.16999816894531;2906200;48.36427688598633
2018-12-06;54.5;56.70000076293945;51.709999084472656;56.650001525878906;3199300;47.92435836791992
2018-12-07;56.279998779296875;58.08000183105469;52.61000061035156;53.470001220703125;2326200;45.23417282104492
2018-12-10;53.20000076293945;53.29999923706055;49.2599983215332;52.0099983215332;3538800;43.99903869628906
2018-12-11;53.790000915527344;54.33000183105469;50.5;51.02000045776367;2462800;43.161537170410156
2018-12-12;52.63999938964844;53.2599983215332;51.130001068115234;51.16999816894531;1949400;43.28843307495117
2018-12-13;51.540000915527344;52.0099983215332;50.099998474121094;50.619998931884766;1848300;42.823143005371094
2018-12-14;49.470001220703125;50.689998626708984;48.72999954223633;49.15999984741211;2486300;41.5880241394043
2018-12-17;48.599998474121094;49.529998779296875;45.79999923706055;46.61000061035156;2750900;39.430789947509766
2018-12-18;47.290000915527344;48.5099983215332;45.599998474121094;46.33000183105469;2296100;39.19392013549805
2018-12-19;46.380001068115234;49.0;43.7400016784668;44.63999938964844;2997100;37.76422882080078
2018-12-20;43.79999923706055;45.20000076293945;42.15999984741211;43.11000061035156;3550100;36.46989822387695
2018-12-21;43.2400016784668;45.34000015258789;40.15999984741211;40.540000915527344;4404000;34.29573440551758
2018-12-24;39.11000061035156;40.029998779296875;37.52000045776367;37.54999923706055;4006600;31.76627540588379
2018-12-26;38.11000061035156;42.7599983215332;36.72999954223633;42.650001525878906;5418000;36.08073806762695
2018-12-27;40.63999938964844;43.72999954223633;39.189998626708984;43.72999954223633;3432700;37.133697509765625
2018-12-28;44.099998474121094;45.33000183105469;43.04999923706055;43.66999816894531;3309100;37.082740783691406
2018-12-31;44.369998931884766;45.060001373291016;43.04999923706055;44.77000045776367;2594000;38.01683044433594
2019-01-02;42.95000076293945;45.369998931884766;42.599998474121094;44.95000076293945;2689600;38.16967010498047
2019-01-03;43.95000076293945;44.52000045776367;42.25;42.470001220703125;3080200;36.06376266479492
2019-01-04;44.29999923706055;46.7599983215332;44.150001525878906;46.290000915527344;3694400;39.30754089355469
2019-01-07;46.25;48.09000015258789;45.790000915527344;47.0;2022400;39.91044998168945
2019-01-08;48.2599983215332;48.400001525878906;46.2599983215332;47.72999954223633;1814300;40.53031921386719
2019-01-09;48.22999954223633;48.88999938964844;47.33000183105469;48.5;1636000;41.18418502807617
2019-01-10;47.709999084472656;49.279998779296875;47.29999923706055;49.119998931884766;1868800;41.710655212402344
2019-01-11;48.52000045776367;49.41999816894531;47.84000015258789;49.2400016784668;1478500;41.812557220458984
2019-01-14;48.0;50.099998474121094;47.90999984741211;49.66999816894531;1700700;42.17768859863281
2019-01-15;49.31999969482422;51.189998626708984;49.029998779296875;50.880001068115234;2833100;43.20519256591797
2019-01-16;52.58000183105469;54.029998779296875;52.040000915527344;53.34000015258789;2918300;45.294105529785156
2019-01-17;52.86000061035156;54.70000076293945;52.369998931884766;54.18000030517578;2165300;46.007408142089844
2019-01-18;54.959999084472656;56.560001373291016;54.29999923706055;56.47999954223633;2220400;47.96046829223633
2019-01-22;55.29999923706055;55.9900016784668;53.939998626708984;54.869998931884766;2853100;46.593326568603516
2019-01-23;55.54999923706055;55.63999938964844;53.40999984741211;55.0;1943100;46.703712463378906
2019-01-24;54.540000915527344;55.91999816894531;54.459999084472656;55.47999954223633;916000;47.111305236816406
2019-01-25;56.61000061035156;57.779998779296875;56.279998779296875;57.11000061035156;1456900;48.49544143676758
2019-01-28;55.630001068115234;56.95000076293945;55.4900016784668;56.880001068115234;937000;48.300140380859375
2019-01-29;56.83000183105469;57.099998474121094;56.040000915527344;56.45000076293945;782900;47.934993743896484
2019-01-30;57.060001373291016;58.599998474121094;56.2599983215332;57.75;1421800;49.03890609741211
2019-01-31;57.040000915527344;57.97999954223633;56.58000183105469;57.70000076293945;1139400;48.996437072753906
2019-02-01;58.0;59.029998779296875;57.869998931884766;58.630001068115234;982100;49.78615951538086
2019-02-04;58.650001525878906;59.619998931884766;57.79999923706055;59.599998474121094;965100;50.609832763671875
2019-02-05;59.79999923706055;59.869998931884766;58.849998474121094;59.7599983215332;1256400;50.74571228027344
2019-02-06;59.34000015258789;59.869998931884766;58.720001220703125;59.20000076293945;933400;50.27018356323242
2019-02-07;58.459999084472656;58.79999923706055;56.95000076293945;58.2400016784668;2095700;49.45500183105469
2019-02-08;57.25;57.90999984741211;55.9900016784668;57.869998931884766;1293100;49.140804290771484
2019-02-11;58.18000030517578;58.70000076293945;57.900001525878906;58.38999938964844;1021800;49.582374572753906
2019-02-12;59.4900016784668;60.560001373291016;59.400001525878906;60.09000015258789;1773500;51.02592849731445
2019-02-13;60.849998474121094;61.880001068115234;60.68000030517578;60.779998779296875;1085700;51.611854553222656
2019-02-14;59.779998779296875;60.529998779296875;58.5;59.47999954223633;1439100;50.507938385009766
2019-02-15;60.689998626708984;62.22999954223633;60.689998626708984;62.209999084472656;1345400;52.826141357421875
2019-02-19;61.7400016784668;62.900001525878906;61.099998474121094;62.4900016784668;1033400;53.06391525268555
2019-02-20;62.45000076293945;63.0;62.0;62.91999816894531;993800;53.429046630859375
2019-02-21;62.52000045776367;62.95000076293945;61.54999923706055;62.189998626708984;1150800;52.809165954589844
2019-02-22;62.529998779296875;62.95000076293945;62.099998474121094;62.61000061035156;1367700;53.165809631347656
2019-02-25;63.65999984741211;64.3499984741211;62.689998626708984;62.849998474121094;1141400;53.36960983276367
2019-02-26;62.25;63.439998626708984;62.0099983215332;62.59000015258789;805400;53.14883041381836
2019-02-27;62.2599983215332;63.18000030517578;61.970001220703125;62.97999954223633;751600;53.47999954223633
2019-02-28;62.86000061035156;63.779998779296875;62.83000183105469;62.95000076293945;836200;53.45452117919922
2019-03-01;64.18000030517578;64.87999725341797;62.79999923706055;63.810001373291016;1093500;54.18479919433594
2019-03-04;64.30000305175781;64.83000183105469;61.209999084472656;62.86000061035156;1555700;53.37811279296875
2019-03-05;62.959999084472656;62.959999084472656;61.58000183105469;62.47999954223633;797500;53.055419921875
2019-03-06;62.369998931884766;62.79999923706055;61.22999954223633;61.33000183105469;729000;52.07888412475586
2019-03-07;60.869998931884766;60.869998931884766;59.0;59.779998779296875;2556200;50.7626953125
2019-03-08;57.959999084472656;59.849998474121094;57.880001068115234;59.7400016784668;1417500;50.72872543334961
2019-03-11;60.13999938964844;61.939998626708984;60.13999938964844;61.81999969482422;846600;52.49496841430664
2019-03-12;62.11000061035156;62.95000076293945;62.02000045776367;62.439998626708984;771700;53.021461486816406
2019-03-13;63.0;64.44000244140625;62.86000061035156;63.619998931884766;1601500;54.02346420288086
2019-03-14;63.7599983215332;64.70999908447266;63.5;64.27999877929688;782700;54.58389663696289
2019-03-15;64.61000061035156;65.83999633789062;64.31999969482422;65.16000366210938;1635000;55.33116912841797
2019-03-18;65.66999816894531;66.86000061035156;65.44999694824219;66.29000091552734;1347100;56.29072189331055
2019-03-19;67.0;67.13999938964844;64.4800033569336;65.02999877929688;1741500;55.35102462768555
2019-03-20;64.81999969482422;64.81999969482422;62.16999816894531;62.34000015258789;1311100;53.061405181884766
2019-03-21;61.68000030517578;63.7599983215332;61.119998931884766;63.22999954223633;1492400;53.81893539428711
2019-03-22;61.970001220703125;62.41999816894531;58.66999816894531;59.099998474121094;3009600;50.30364227294922
2019-03-25;58.900001525878906;59.81999969482422;57.84000015258789;58.63999938964844;2054300;49.912109375
2019-03-26;59.86000061035156;60.59000015258789;59.16999816894531;60.529998779296875;1384000;51.52079772949219
2019-03-27;60.40999984741211;61.029998779296875;58.970001220703125;59.880001068115234;2105400;50.967552185058594
2019-03-28;60.31999969482422;61.43000030517578;59.63999938964844;61.349998474121094;1462100;52.21875762939453
2019-03-29;62.400001525878906;62.529998779296875;61.27000045776367;61.86000061035156;1387400;52.65284729003906
2019-04-01;63.0;65.16999816894531;63.0;64.97000122070312;1722000;55.29997253417969
2019-04-02;64.75;65.45999908447266;64.33000183105469;65.20999908447266;1106800;55.50423812866211
2019-04-03;66.29000091552734;66.66000366210938;65.04000091552734;65.68000030517578;1747700;55.90427780151367
2019-04-04;65.6500015258789;66.4800033569336;65.43000030517578;66.1500015258789;1165300;56.30432891845703
2019-04-05;66.7699966430664;66.83000183105469;66.0999984741211;66.58000183105469;1241100;56.67033767700195
2019-04-08;66.11000061035156;66.5999984741211;65.66999816894531;66.5999984741211;988300;56.68735122680664
2019-04-09;65.93000030517578;66.05999755859375;64.83000183105469;65.2699966430664;1494100;55.55530548095703
2019-04-10;65.58000183105469;66.26000213623047;65.05000305175781;66.16000366210938;1344100;56.31284713745117
2019-04-11;66.44000244140625;67.2699966430664;65.83999633789062;66.69000244140625;1038200;56.763973236083984
2019-04-12;68.94999694824219;69.69000244140625;67.8499984741211;69.52999877929688;2870200;59.18125915527344
2019-04-15;69.45999908447266;69.55999755859375;68.05000305175781;68.5999984741211;1355400;58.38967514038086
2019-04-16;69.0;69.66000366210938;68.54000091552734;69.44000244140625;1222100;59.10466384887695
2019-04-17;69.94999694824219;69.94999694824219;68.2699966430664;69.33999633789062;1523600;59.019527435302734
2019-04-18;69.30000305175781;69.63999938964844;68.66000366210938;69.06999969482422;991800;58.78971481323242
2019-04-22;68.95999908447266;68.95999908447266;67.83999633789062;68.48999786376953;719900;58.296043395996094
2019-04-23;68.5;70.22000122070312;68.25;69.95999908447266;1101300;59.54727554321289
2019-04-24;69.62999725341797;70.62000274658203;69.18000030517578;70.01000213623047;874700;59.589813232421875
2019-04-25;69.43000030517578;70.95999908447266;68.81999969482422;70.3499984741211;821500;59.879207611083984
2019-04-26;70.51000213623047;72.06999969482422;70.23999786376953;72.01000213623047;805200;61.292144775390625
2019-04-29;72.2699966430664;74.12000274658203;72.1500015258789;73.16000366210938;1284100;62.270973205566406
2019-04-30;73.43000030517578;74.43000030517578;72.52999877929688;74.12999725341797;959900;63.09659957885742
2019-05-01;74.5;74.80000305175781;72.47000122070312;72.4800033569336;1058900;61.692203521728516
2019-05-02;72.58999633789062;73.69000244140625;71.26000213623047;72.62999725341797;1618500;61.81986618041992
2019-05-03;73.55000305175781;74.55000305175781;73.13999938964844;74.30000305175781;1282800;63.24129867553711
2019-05-06;70.91999816894531;73.98999786376953;70.62999725341797;73.41999816894531;1147400;62.49229431152344
2019-05-07;71.69999694824219;72.11000061035156;68.29000091552734;69.80000305175781;2227400;59.41107177734375
2019-05-08;69.19000244140625;71.16999816894531;69.0999984741211;69.4000015258789;998200;59.070594787597656
2019-05-09;67.73999786376953;69.51000213623047;66.37999725341797;69.33000183105469;1254000;59.011016845703125
2019-05-10;68.86000061035156;71.19000244140625;66.76000213623047;70.62000274658203;1467900;60.10901641845703
2019-05-13;67.25;67.48999786376953;65.11000061035156;65.83000183105469;1683000;56.03197479248047
2019-05-14;66.45999908447266;68.87000274658203;66.12999725341797;67.5;955500;57.45340347290039
2019-05-15;66.0999984741211;68.51000213623047;65.80000305175781;67.6500015258789;965500;57.581077575683594
2019-05-16;68.33000183105469;70.80000305175781;68.31999969482422;69.79000091552734;794500;59.402549743652344
2019-05-17;68.4800033569336;70.26000213623047;67.55000305175781;68.62000274658203;724200;58.40671920776367
2019-05-20;67.75;69.1500015258789;67.51000213623047;68.22000122070312;621800;58.06621551513672
2019-05-21;69.19000244140625;70.05000305175781;69.1500015258789;69.83999633789062;539400;59.445098876953125
2019-05-22;69.20999908447266;70.16999816894531;69.0199966430664;69.5199966430664;494400;59.17273712158203
2019-05-23;67.79000091552734;67.86000061035156;65.6500015258789;66.91000366210938;1032400;56.95121383666992
2019-05-24;67.94000244140625;68.4800033569336;67.29000091552734;68.16999816894531;373100;58.0236701965332
2019-05-28;68.12000274658203;69.06999969482422;66.55999755859375;66.55999755859375;432800;56.65331268310547
2019-05-29;65.05999755859375;66.05000305175781;64.26000213623047;65.87000274658203;1154600;56.06601333618164
2019-05-30;66.23999786376953;67.02999877929688;64.76000213623047;65.5199966430664;664600;55.768096923828125
2019-05-31;63.400001525878906;64.72000122070312;63.0099983215332;63.66999816894531;1030700;54.19345474243164
2019-06-03;63.619998931884766;64.79000091552734;62.38999938964844;63.650001525878906;831200;54.176422119140625
2019-06-04;65.62000274658203;67.8499984741211;64.80999755859375;67.70999908447266;737500;57.63214111328125
2019-06-05;68.27999877929688;70.05999755859375;67.30999755859375;69.91999816894531;1138300;59.513214111328125
2019-06-06;70.08999633789062;71.44000244140625;69.2300033569336;70.97000122070312;600000;60.406925201416016
2019-06-07;71.16999816894531;72.38999938964844;70.79000091552734;71.36000061035156;684100;60.738887786865234
2019-06-10;72.66999816894531;73.81999969482422;72.55000305175781;72.55000305175781;650500;61.75177764892578
2019-06-11;73.5999984741211;74.0;71.58000183105469;72.44000244140625;536200;61.65812683105469
2019-06-12;72.27999877929688;72.5999984741211;70.9000015258789;71.56999969482422;392700;60.91761779785156
2019-06-13;71.8499984741211;72.30000305175781;70.95999908447266;71.62000274658203;396900;60.96017837524414
2019-06-14;71.72000122070312;72.72000122070312;70.47000122070312;72.18000030517578;342400;61.43684005737305
2019-06-17;71.93000030517578;72.80000305175781;71.08000183105469;71.2300033569336;584500;60.62823486328125
2019-06-18;71.76000213623047;73.7300033569336;71.6500015258789;72.7699966430664;1115800;61.93901824951172
2019-06-19;72.95999908447266;73.8499984741211;72.80000305175781;73.1500015258789;668000;62.26246643066406
2019-06-20;74.33000183105469;74.9800033569336;72.7699966430664;74.54000091552734;836100;63.445560455322266
2019-06-21;74.5;75.11000061035156;73.27999877929688;73.47000122070312;838900;62.53483200073242
2019-06-24;73.41999816894531;74.06999969482422;72.43000030517578;72.58000183105469;910000;61.77729034423828
2019-06-25;72.31999969482422;72.55000305175781;70.66999816894531;70.88999938964844;653500;60.480499267578125
2019-06-26;71.56999969482422;71.68000030517578;69.83000183105469;69.86000061035156;562900;59.601741790771484
2019-06-27;70.63999938964844;71.77999877929688;70.63999938964844;71.55000305175781;388600;61.043575286865234
2019-06-28;73.51000213623047;74.16999816894531;72.72000122070312;73.9800033569336;979100;63.11677551269531
2019-07-01;75.91000366210938;76.66999816894531;74.80000305175781;75.88999938964844;1122100;64.74633026123047
2019-07-02;75.69999694824219;76.87999725341797;75.44999694824219;76.5;577800;65.26671600341797
2019-07-03;77.19000244140625;78.68000030517578;76.95999908447266;78.55999755859375;805400;67.02422332763672
2019-07-05;78.93000030517578;79.27999877929688;77.1500015258789;78.94999694824219;849100;67.35696411132812
2019-07-08;78.05000305175781;78.56999969482422;77.66999816894531;78.0999984741211;481600;66.63178253173828
2019-07-09;77.08000183105469;79.2699966430664;77.0;79.13999938964844;630400;67.51905059814453
2019-07-10;79.19999694824219;80.29000091552734;78.52999877929688;78.8499984741211;575800;67.27164459228516
2019-07-11;79.18000030517578;79.66000366210938;78.7300033569336;79.5;545400;67.82618713378906
2019-07-12;79.88999938964844;80.54000091552734;79.11000061035156;80.41999816894531;874000;68.61111450195312
2019-07-15;80.91999816894531;81.22000122070312;79.31999969482422;79.79000091552734;700200;68.0736312866211
2019-07-16;79.6500015258789;80.04000091552734;78.66000366210938;78.94000244140625;460900;67.34845733642578
2019-07-17;78.56999969482422;79.08999633789062;77.30000305175781;77.41000366210938;423000;66.0431137084961
2019-07-18;77.01000213623047;79.30000305175781;76.62000274658203;78.94000244140625;584200;67.34845733642578
2019-07-19;79.69000244140625;79.75;77.04000091552734;77.20999908447266;338500;65.87248229980469
2019-07-22;77.19999694824219;78.01000213623047;76.7300033569336;77.55000305175781;462600;66.16253662109375
2019-07-23;78.27999877929688;79.8499984741211;78.08999633789062;79.77999877929688;571500;68.0650863647461
2019-07-24;79.37999725341797;81.47000122070312;79.13999938964844;81.41000366210938;751400;69.45575714111328
2019-07-25;81.27999877929688;81.37000274658203;79.55999755859375;79.9000015258789;468400;68.16746520996094
2019-07-26;80.45999908447266;82.37000274658203;80.33000183105469;82.22000122070312;742400;70.14678955078125
2019-07-29;82.08999633789062;82.5;80.9000015258789;80.94000244140625;469500;69.05474090576172
2019-07-30;79.68000030517578;80.88999938964844;79.0999984741211;80.76000213623047;302000;68.90119171142578
2019-07-31;80.9000015258789;81.41999816894531;78.0;79.31999969482422;676300;67.67264556884766
2019-08-01;79.31999969482422;80.75;75.43000030517578;75.95999908447266;1034400;64.80601501464844
2019-08-02;74.87999725341797;76.16999816894531;72.70999908447266;75.12999725341797;1003600;64.0978775024414
2019-08-05;71.05000305175781;71.30000305175781;65.91000366210938;68.12000274658203;1500300;58.11724853515625
2019-08-06;69.95999908447266;71.30000305175781;68.22000122070312;71.05000305175781;750000;60.61699676513672
2019-08-07;68.08000183105469;71.51000213623047;66.05000305175781;70.76000213623047;1282000;60.369598388671875
2019-08-08;71.87000274658203;74.5999984741211;71.38999938964844;74.44999694824219;878100;63.51775360107422
2019-08-09;73.54000091552734;74.5;71.87999725341797;73.5999984741211;601500;62.792545318603516
2019-08-12;71.9000015258789;72.31999969482422;69.58000183105469;70.19000244140625;858600;59.883296966552734
2019-08-13;69.7699966430664;73.33999633789062;69.25;72.33000183105469;774900;61.70903396606445
2019-08-14;68.9000015258789;69.55999755859375;65.66000366210938;66.0199966430664;1566600;56.32560729980469
2019-08-15;67.0;68.0;65.94999694824219;67.36000061035156;803500;57.468841552734375
2019-08-16;68.5199966430664;70.77999877929688;68.48999786376953;70.38999938964844;895500;60.053924560546875
2019-08-19;73.04000091552734;73.12999725341797;71.83000183105469;72.29000091552734;691100;61.674930572509766
2019-08-20;71.48999786376953;72.04000091552734;70.0999984741211;70.2300033569336;470900;59.91743087768555
2019-08-21;71.70999908447266;71.79000091552734;70.94000244140625;71.36000061035156;486500;60.881500244140625
2019-08-22;71.97000122070312;72.87000274658203;70.51000213623047;72.3499984741211;498500;61.726112365722656
2019-08-23;71.36000061035156;72.55000305175781;66.0999984741211;67.18000030517578;1368900;57.31528091430664
2019-08-26;68.87999725341797;69.31999969482422;67.48999786376953;69.27999877929688;688000;59.10689926147461
2019-08-27;69.66000366210938;70.48999786376953;67.55000305175781;68.22000122070312;747900;58.20253372192383
2019-08-28;67.2699966430664;69.69999694824219;67.0;69.5;690500;59.294612884521484
2019-08-29;71.08999633789062;72.80000305175781;70.75;72.19999694824219;1029300;61.59814453125
2019-08-30;73.0;73.54000091552734;71.77999877929688;72.52999877929688;603700;61.87968444824219
2019-09-03;71.30999755859375;71.69999694824219;70.08999633789062;71.3499984741211;504500;60.872947692871094
2019-09-04;72.77999877929688;73.8499984741211;72.52999877929688;73.7300033569336;432100;62.90348434448242
2019-09-05;75.9800033569336;78.16999816894531;75.80000305175781;76.7300033569336;1259500;65.46295166015625
2019-09-06;77.08000183105469;77.68000030517578;76.3499984741211;76.83000183105469;484800;65.54825592041016
2019-09-09;77.77999877929688;77.9800033569336;76.51000213623047;77.5999984741211;561500;66.20520782470703
2019-09-10;77.77999877929688;77.77999877929688;74.69999694824219;76.47000122070312;754700;65.24111938476562
2019-09-11;76.58000183105469;77.18000030517578;75.54000091552734;77.11000061035156;924200;65.78714752197266
2019-09-12;76.76000213623047;79.43000030517578;76.76000213623047;78.83000183105469;1041700;67.25460052490234
2019-09-13;79.58000183105469;80.05000305175781;78.69000244140625;79.13999938964844;715200;67.51905059814453
2019-09-16;77.8499984741211;79.05000305175781;76.98999786376953;78.9800033569336;342900;67.38256072998047
2019-09-17;78.7300033569336;79.7699966430664;78.54000091552734;79.7699966430664;357400;68.05654907226562
2019-09-18;79.31999969482422;80.25;78.0999984741211;79.98999786376953;596400;68.24425506591797
2019-09-19;79.94999694824219;81.25;79.4000015258789;79.66999816894531;706500;67.97124481201172
2019-09-20;79.9800033569336;80.30000305175781;77.75;78.33999633789062;641300;66.83655548095703
2019-09-23;77.33000183105469;79.0999984741211;77.0;78.62999725341797;337000;67.0839614868164
2019-09-24;78.94999694824219;79.76000213623047;75.95999908447266;76.87999725341797;739500;65.71713256835938
2019-09-25;76.91999816894531;78.5999984741211;76.0999984741211;78.19999694824219;361700;66.84547424316406
2019-09-26;78.26000213623047;78.8499984741211;77.4000015258789;78.16000366210938;271000;66.8112564086914
2019-09-27;79.48999786376953;79.56999969482422;76.19000244140625;77.4000015258789;483200;66.16163635253906
2019-09-30;77.81999969482422;78.27999877929688;77.30000305175781;77.63999938964844;293100;66.36676788330078
2019-10-01;78.5;78.5;73.88999938964844;73.94999694824219;990000;63.21256637573242
2019-10-02;72.68000030517578;72.8499984741211;69.1500015258789;70.12000274658203;1154300;59.93865966796875
2019-10-03;70.12000274658203;71.36000061035156;67.58999633789062;71.30000305175781;972400;60.94733428955078
2019-10-04;71.81999969482422;74.83000183105469;71.81999969482422;74.61000061035156;898500;63.7767333984375
2019-10-07;73.76000213623047;75.0999984741211;73.16000366210938;73.63999938964844;962400;62.947566986083984
2019-10-08;71.87000274658203;72.11000061035156;69.80000305175781;70.0;1414200;59.83610153198242
2019-10-09;71.43000030517578;72.56999969482422;71.12000274658203;71.83000183105469;560100;61.400386810302734
2019-10-10;72.04000091552734;74.36000061035156;71.73999786376953;73.38999938964844;632200;62.73387908935547
2019-10-11;75.75;77.69999694824219;75.22000122070312;75.30000305175781;1325300;64.3665542602539
2019-10-14;75.0;75.80999755859375;74.7300033569336;75.68000030517578;242000;64.69135284423828
2019-10-15;76.4800033569336;78.69000244140625;75.94999694824219;77.80999755859375;723800;66.51207733154297
2019-10-16;78.16999816894531;78.16999816894531;76.73999786376953;77.52999877929688;402100;66.27273559570312
2019-10-17;78.45999908447266;79.04000091552734;77.30000305175781;77.72000122070312;402900;66.4351577758789
2019-10-18;77.55000305175781;78.48999786376953;77.0199966430664;77.86000061035156;499000;66.55484008789062
2019-10-21;79.06999969482422;80.48999786376953;78.97000122070312;80.33999633789062;681100;68.67472839355469
2019-10-22;80.31999969482422;80.44999694824219;78.1500015258789;78.30000305175781;419300;66.93093872070312
2019-10-23;77.97000122070312;78.97000122070312;77.75;78.9000015258789;298200;67.44384765625
2019-10-24;79.4800033569336;80.12000274658203;78.87999725341797;79.91000366210938;322900;68.30717468261719
2019-10-25;79.43000030517578;80.9000015258789;79.25;80.41000366210938;360800;68.73457336425781
2019-10-28;81.23999786376953;81.87000274658203;81.05999755859375;81.16000366210938;452600;69.37570190429688
2019-10-29;81.0;82.8499984741211;80.66999816894531;81.63999938964844;827100;69.7859878540039
2019-10-30;81.68000030517578;82.36000061035156;79.9800033569336;82.13999938964844;413700;70.21337890625
2019-10-31;81.4000015258789;81.72000122070312;79.68000030517578;80.94999694824219;541200;69.19615936279297
2019-11-01;82.0;83.47000122070312;81.91000366210938;83.44999694824219;750300;71.33316040039062
2019-11-04;85.0;85.0;83.68000030517578;83.91000366210938;746800;71.72636413574219
2019-11-05;84.5;84.5;82.52999877929688;83.26000213623047;503500;71.17076873779297
2019-11-06;83.22000122070312;84.16999816894531;83.0;84.0;367200;71.80329895019531
2019-11-07;85.08000183105469;86.43000030517578;84.91999816894531;85.1500015258789;812700;72.78633117675781
2019-11-08;85.2300033569336;85.31999969482422;84.04000091552734;85.26000213623047;344900;72.8803482055664
2019-11-11;84.45999908447266;85.45999908447266;84.0;85.13999938964844;267300;72.77779388427734
2019-11-12;85.23999786376953;86.23999786376953;84.47000122070312;84.94000244140625;594800;72.60684204101562
2019-11-13;83.87999725341797;85.18000030517578;83.26000213623047;84.5;425300;72.23072814941406
2019-11-14;84.4000015258789;85.5;84.01000213623047;85.5;382100;73.08551788330078
2019-11-15;86.18000030517578;86.44999694824219;85.66000366210938;86.30999755859375;352400;73.77790832519531
2019-11-18;86.08999633789062;87.12999725341797;86.0;86.87000274658203;421700;74.25658416748047
2019-11-19;87.56999969482422;88.5;87.30000305175781;88.01000213623047;380800;75.23108673095703
2019-11-20;87.30999755859375;87.93000030517578;85.44999694824219;87.16000366210938;504400;74.5044937133789
2019-11-21;87.38999938964844;87.55999755859375;85.5;85.6500015258789;460500;73.2137451171875
2019-11-22;86.0;86.9000015258789;85.55999755859375;86.72000122070312;276800;74.12838745117188
2019-11-25;87.16000366210938;88.62000274658203;87.16000366210938;88.47000122070312;410400;75.62425231933594
2019-11-26;88.70999908447266;89.54000091552734;88.33000183105469;89.44999694824219;292400;76.46199798583984
2019-11-27;90.05999755859375;90.70999908447266;89.37000274658203;90.70999908447266;434500;77.53903198242188
2019-11-29;90.33999633789062;90.87000274658203;89.76000213623047;90.0999984741211;191900;77.01759338378906
2019-12-02;90.4000015258789;90.56999969482422;87.30000305175781;87.38999938964844;636900;74.70109558105469
2019-12-03;85.02999877929688;85.80000305175781;83.70999908447266;85.5999984741211;823200;73.1709976196289
2019-12-04;86.19999694824219;87.66999816894531;85.5199966430664;87.12000274658203;353400;74.47028350830078
2019-12-05;87.69999694824219;88.2699966430664;86.91999816894531;88.18000030517578;406000;75.37638854980469
2019-12-06;89.94999694824219;91.06999969482422;89.72000122070312;90.36000061035156;628500;77.23985290527344
2019-12-09;90.36000061035156;90.58000183105469;89.61000061035156;89.91999816894531;250700;76.86371612548828
2019-12-10;89.7699966430664;89.94999694824219;88.87999725341797;89.30000305175781;318800;76.3337631225586
2019-12-11;89.62999725341797;89.62999725341797;88.36000061035156;88.6500015258789;258400;75.77813720703125
2019-12-12;88.76000213623047;92.20999908447266;88.5199966430664;91.62999725341797;1095000;78.32542419433594
2019-12-13;91.31999969482422;92.73999786376953;89.94000244140625;91.48999786376953;672000;78.20577239990234
2019-12-16;93.31999969482422;93.69000244140625;92.68000030517578;92.68000030517578;559000;79.22300720214844
2019-12-17;93.16999816894531;93.47000122070312;92.3499984741211;92.9800033569336;363600;79.47943878173828
2019-12-18;93.62999725341797;93.73999786376953;92.5999984741211;92.69000244140625;211300;79.23152923583984
2019-12-19;92.56999969482422;93.58999633789062;92.43000030517578;93.4800033569336;265900;79.90682983398438
2019-12-20;94.0999984741211;95.20999908447266;93.87999725341797;93.9800033569336;585800;80.33421325683594
2019-12-23;94.93000030517578;94.93000030517578;92.86000061035156;93.0;611800;79.58628845214844
2019-12-24;93.25;93.66999816894531;92.87999725341797;93.4000015258789;83100;79.92859649658203
2019-12-26;93.4000015258789;94.8499984741211;93.4000015258789;94.77999877929688;273400;81.10956573486328
2019-12-27;95.33000183105469;95.5;94.3499984741211;94.69000244140625;463200;81.03255462646484
2019-12-30;95.12000274658203;95.33000183105469;93.33999633789062;93.69000244140625;353200;80.1767807006836
2019-12-31;93.31999969482422;94.77999877929688;93.0;94.63999938964844;243600;80.98973083496094
2020-01-02;95.5;96.25;94.66000366210938;96.25;903800;82.3675308227539
2020-01-03;93.19000244140625;95.45999908447266;93.02999877929688;94.5199966430664;474800;80.8870620727539
2020-01-06;92.5;94.63999938964844;92.30999755859375;94.56999969482422;449200;80.9298324584961
2020-01-07;94.01000213623047;94.2699966430664;92.72000122070312;92.7699966430664;433300;79.38945770263672
2020-01-08;92.94000244140625;95.87999725341797;92.62999725341797;94.72000122070312;674600;81.05819702148438
2020-01-09;96.19999694824219;96.7300033569336;95.62000274658203;96.56999969482422;386400;82.64137268066406
2020-01-10;96.91999816894531;97.0;95.2300033569336;95.55000305175781;425200;81.76847076416016
2020-01-13;96.37999725341797;98.12000274658203;95.86000061035156;98.12000274658203;595900;83.96781158447266
2020-01-14;98.66000366210938;98.70999908447266;96.69999694824219;97.12000274658203;1131100;83.11204528808594
2020-01-15;96.4000015258789;98.02999877929688;96.0;97.3499984741211;416500;83.30887603759766
2020-01-16;98.54000091552734;99.94999694824219;98.30999755859375;99.94999694824219;836200;85.53388214111328
2020-01-17;101.0;101.41000366210938;100.2300033569336;101.22000122070312;728600;86.62071228027344
2020-01-21;100.1500015258789;101.80999755859375;100.06999969482422;100.33999633789062;483200;85.86760711669922
2020-01-22;101.4000015258789;102.23999786376953;100.41000366210938;100.80999755859375;425600;86.26982116699219
2020-01-23;100.19999694824219;101.25;98.63999938964844;101.01000213623047;422100;86.44097900390625
2020-01-24;101.26000213623047;101.26000213623047;96.5999984741211;98.02999877929688;841300;83.89077758789062
2020-01-27;93.0;95.26000213623047;92.25;94.06999969482422;798100;80.501953125
2020-01-28;95.41999816894531;97.76000213623047;94.9000015258789;96.62000274658203;525400;82.68417358398438
2020-01-29;97.87000274658203;98.44999694824219;96.37000274658203;96.44000244140625;346800;82.5301284790039
2020-01-30;94.4000015258789;99.36000061035156;94.19999694824219;99.1500015258789;790300;84.84925079345703
2020-01-31;97.05000305175781;97.27999877929688;92.04000091552734;93.08000183105469;1159000;79.65475463867188
2020-02-03;94.91999816894531;97.41999816894531;94.41000366210938;95.27999877929688;704000;81.53742980957031
2020-02-04;98.27999877929688;100.44000244140625;98.27999877929688;98.55000305175781;649000;84.33578491210938
2020-02-05;101.41000366210938;102.0199966430664;100.22000122070312;101.94999694824219;832200;87.2453842163086
2020-02-06;103.18000030517578;103.3499984741211;101.6500015258789;101.97000122070312;487900;87.26251983642578
2020-02-07;100.83000183105469;101.66000366210938;99.87000274658203;100.98999786376953;794300;86.4238510131836
2020-02-10;100.13999938964844;102.68000030517578;100.12999725341797;102.68000030517578;481800;87.8701171875
2020-02-11;103.8499984741211;105.37999725341797;103.5;103.79000091552734;572100;88.82001495361328
2020-02-12;105.0;105.19999694824219;104.05999755859375;104.43000030517578;608600;89.36770629882812
2020-02-13;103.66000366210938;106.22000122070312;103.08999633789062;105.5999984741211;613100;90.36894989013672
2020-02-14;105.79000091552734;107.06999969482422;105.54000091552734;107.04000091552734;433500;91.60125732421875
2020-02-18;106.5999984741211;106.97000122070312;104.12000274658203;105.44999694824219;706000;90.24058532714844
2020-02-19;106.2699966430664;107.44000244140625;105.94999694824219;106.51000213623047;312700;91.1476821899414
2020-02-20;106.01000213623047;108.12999725341797;103.77999877929688;106.94999694824219;591000;91.52423095703125
2020-02-21;106.0;106.0999984741211;102.62000274658203;104.05999755859375;692900;89.05106353759766
2020-02-24;94.83999633789062;97.45999908447266;93.41999816894531;94.88999938964844;1389500;81.20368957519531
2020-02-25;95.5;95.55000305175781;83.80000305175781;84.79000091552734;1949900;72.56044006347656
2020-02-26;86.08000183105469;88.44999694824219;82.5;82.56999969482422;1913400;70.66065979003906
2020-02-27;77.5999984741211;80.80000305175781;71.68000030517578;71.83999633789062;2714800;61.4782600402832
2020-02-28;65.27999877929688;68.88999938964844;62.029998779296875;67.36000061035156;3375900;57.64443588256836
2020-03-02;68.0;77.36000061035156;66.5;77.16999816894531;2304600;66.03950500488281
2020-03-03;77.61000061035156;79.80000305175781;68.29000091552734;70.31999969482422;2624700;60.17750549316406
2020-03-04;73.79000091552734;77.69999694824219;71.0;77.56999969482422;1390400;66.3818130493164
2020-03-05;71.9800033569336;72.48999786376953;66.05000305175781;68.41999816894531;2203600;58.551544189453125
2020-03-06;62.31999969482422;64.26000213623047;58.029998779296875;62.88999938964844;2503900;53.81916046142578
2020-03-09;49.369998931884766;51.279998779296875;43.56999969482422;45.0099983215332;3545400;38.51805114746094
2020-03-10;49.939998626708984;52.52000045776367;44.59000015258789;52.5099983215332;3497400;44.936302185058594
2020-03-11;47.65999984741211;48.66999816894531;41.900001525878906;43.84000015258789;4054200;37.51680374145508
2020-03-12;33.11000061035156;40.27000045776367;31.149999618530273;31.690000534057617;5820300;27.119243621826172
2020-03-13;36.7599983215332;40.95000076293945;32.08000183105469;40.7400016784668;4521500;34.86393737792969
2020-03-16;27.610000610351562;31.8799991607666;24.850000381469727;24.860000610351562;7340800;21.274362564086914
2020-03-17;25.170000076293945;27.59000015258789;22.0;26.079999923706055;5812300;22.318391799926758
2020-03-18;22.049999237060547;22.760000228881836;16.510000228881836;19.260000228881836;8384100;16.48206329345703
2020-03-19;18.6200008392334;21.600000381469727;17.5;20.1200008392334;5990500;17.218027114868164
2020-03-20;21.420000076293945;21.950000762939453;17.600000381469727;17.8700008392334;6038500;15.292548179626465
2020-03-23;17.34000015258789;17.34000015258789;14.25;15.0;13300200;12.836502075195312
2020-03-24;17.329999923706055;20.190000534057617;17.299999237060547;20.06999969482422;10131700;17.317235946655273
2020-03-25;20.829999923706055;24.889999389648438;19.260000228881836;22.350000381469727;15124000;19.284521102905273
2020-03-26;23.100000381469727;26.75;23.010000228881836;26.40999984741211;9408300;22.78765296936035
2020-03-27;23.700000762939453;26.469999313354492;22.510000228881836;24.219999313354492;7398800;20.898025512695312
2020-03-30;24.290000915527344;25.899999618530273;22.760000228881836;25.639999389648438;7657800;22.12326431274414
2020-03-31;25.0;25.43000030517578;22.809999465942383;23.459999084472656;6874500;20.242267608642578
2020-04-01;20.350000381469727;20.43000030517578;18.600000381469727;19.239999771118164;8446300;16.601078033447266
2020-04-02;18.8799991607666;20.979999542236328;18.739999771118164;20.399999618530273;7377100;17.601972579956055
2020-04-03;19.899999618530273;20.579999923706055;18.309999465942383;19.170000076293945;6655000;16.540678024291992
2020-04-06;22.15999984741211;24.1299991607666;21.860000610351562;23.709999084472656;12382700;20.45798110961914
2020-04-07;27.350000381469727;27.600000381469727;24.15999984741211;24.229999542236328;12435400;20.906661987304688
2020-04-08;25.649999618530273;28.15999984741211;24.520000457763672;27.799999237060547;9560200;23.987009048461914
2020-04-09;30.229999542236328;32.31999969482422;29.65999984741211;31.360000610351562;14110900;27.0587215423584
2020-04-13;31.75;31.790000915527344;27.100000381469727;28.139999389648438;9226200;24.280372619628906
2020-04-14;30.700000762939453;30.700000762939453;28.09000015258789;29.1299991607666;8871500;25.13458251953125
2020-04-15;26.399999618530273;26.5;25.149999618530273;25.6299991607666;8353500;22.11463737487793
2020-04-16;25.860000610351562;25.899999618530273;23.579999923706055;24.31999969482422;8726300;20.984312057495117
2020-04-17;27.010000228881836;28.040000915527344;26.280000686645508;27.790000915527344;7637600;23.97837257385254
2020-04-20;26.209999084472656;27.190000534057617;25.239999771118164;25.860000610351562;7481500;22.313091278076172
2020-04-21;24.200000762939453;24.84000015258789;23.280000686645508;23.59000015258789;7278500;20.35443878173828
2020-04-22;25.020000457763672;25.299999237060547;24.3700008392334;24.799999237060547;4055800;21.398475646972656
2020-04-23;25.1200008392334;25.969999313354492;24.350000381469727;24.520000457763672;5085700;21.156883239746094
2020-04-24;25.149999618530273;25.649999618530273;24.149999618530273;25.34000015258789;4262900;21.864404678344727
2020-04-27;26.110000610351562;28.1200008392334;26.049999237060547;27.959999084472656;5789200;24.125057220458984
2020-04-28;30.1200008392334;30.56999969482422;28.280000686645508;28.600000381469727;7532400;24.677274703979492
2020-04-29;30.739999771118164;32.16999816894531;30.6299991607666;31.5;6817500;27.179521560668945
2020-04-30;30.0;30.239999771118164;28.719999313354492;29.350000381469727;5171600;25.32440948486328
2020-05-01;27.18000030517578;27.639999389648438;26.200000762939453;26.600000381469727;6409300;22.951589584350586
2020-05-04;25.649999618530273;26.450000762939453;24.860000610351562;26.350000381469727;5364500;22.735885620117188
2020-05-05;27.709999084472656;27.959999084472656;26.5;26.579999923706055;5643500;22.9343318939209
2020-05-06;27.260000228881836;27.450000762939453;25.299999237060547;25.3700008392334;4441000;21.890296936035156
2020-05-07;26.290000915527344;28.329999923706055;26.290000915527344;27.200000762939453;6256100;23.46929931640625
2020-05-08;28.440000534057617;28.84000015258789;27.920000076293945;28.670000076293945;4548700;24.737674713134766
2020-05-11;27.790000915527344;28.190000534057617;27.040000915527344;27.450000762939453;4263500;23.685012817382812
2020-05-12;27.940000534057617;27.969999313354492;25.0;25.010000228881836;7292500;21.579675674438477
2020-05-13;24.579999923706055;24.610000610351562;22.510000228881836;23.0;10805300;19.845365524291992
2020-05-14;22.06999969482422;24.440000534057617;21.209999084472656;24.43000030517578;11855700;21.0792236328125
2020-05-15;23.65999984741211;24.40999984741211;23.1200008392334;24.229999542236328;5875400;20.906661987304688
2020-05-18;26.549999237060547;28.3799991607666;26.549999237060547;27.90999984741211;10868500;24.08191680908203
2020-05-19;27.639999389648438;28.149999618530273;26.3799991607666;26.3799991607666;5361500;22.76176643371582
2020-05-20;27.670000076293945;28.43000030517578;27.610000610351562;28.030000686645508;5346400;24.185461044311523
2020-05-21;27.799999237060547;28.3799991607666;27.149999618530273;27.6200008392334;3918900;23.83169174194336
2020-05-22;27.790000915527344;27.829999923706055;26.93000030517578;27.809999465942383;3628200;23.995630264282227
2020-05-26;30.34000015258789;31.690000534057617;30.299999237060547;31.059999465942383;9075900;26.79987335205078
2020-05-27;33.93000030517578;34.060001373291016;31.440000534057617;33.68000030517578;9098000;29.060514450073242
2020-05-28;34.5;34.599998474121094;32.61000061035156;32.970001220703125;5269900;28.44789695739746
2020-05-29;32.04999923706055;33.04999923706055;31.270000457763672;32.279998779296875;6021300;27.852535247802734
2020-06-01;32.5;33.83000183105469;32.08000183105469;33.43000030517578;3841100;28.84481430053711
2020-06-02;34.27000045776367;34.81999969482422;33.709999084472656;34.279998779296875;4477100;29.57821273803711
2020-06-03;36.130001068115234;37.779998779296875;35.79999923706055;37.47999954223633;10577100;32.33931350708008
2020-06-04;37.5;38.279998779296875;36.31999969482422;38.2400016784668;7552000;32.995079040527344
2020-06-05;43.810001373291016;44.0;41.63999938964844;42.369998931884766;9988100;36.55860900878906
2020-06-08;44.7599983215332;44.7599983215332;42.83000183105469;44.31999969482422;7714400;38.24114227294922
2020-06-09;41.810001373291016;43.130001068115234;41.130001068115234;42.22999954223633;5369500;36.43781280517578
2020-06-10;42.02000045776367;42.130001068115234;38.75;38.779998779296875;8443200;33.46100616455078
2020-06-11;33.790000915527344;35.16999816894531;30.3799991607666;30.399999618530273;14887800;26.230390548706055
2020-06-12;33.54999923706055;33.720001220703125;30.65999984741211;33.0;9869000;28.473779678344727
2020-06-15;29.93000030517578;34.459999084472656;29.75;34.099998474121094;8310700;29.42290496826172
2020-06-16;38.029998779296875;38.04999923706055;33.86000061035156;35.790000915527344;9051100;30.881113052368164
2020-06-17;36.02000045776367;36.11000061035156;34.47999954223633;34.66999816894531;4611200;29.91472625732422
2020-06-18;33.689998626708984;34.97999954223633;33.529998779296875;34.4900016784668;3594000;29.75941276550293
2020-06-19;36.0;36.189998626708984;32.70000076293945;33.29999923706055;7134000;28.732637405395508
2020-06-22;33.0;33.880001068115234;32.349998474121094;33.540000915527344;4427200;28.939720153808594
2020-06-23;34.65999984741211;35.029998779296875;33.7400016784668;33.86000061035156;4887000;29.247215270996094
2020-06-24;32.79999923706055;32.81999969482422;29.6200008392334;30.31999969482422;9919100;26.18947410583496
2020-06-25;29.959999084472656;32.369998931884766;29.90999984741211;32.2599983215332;8174100;27.865184783935547
2020-06-26;30.8700008392334;31.329999923706055;29.0;29.020000457763672;10570900;25.066577911376953
2020-06-29;29.729999542236328;30.1200008392334;28.760000228881836;29.950000762939453;4131500;25.869882583618164
2020-06-30;29.770000457763672;31.729999542236328;29.729999542236328;31.290000915527344;4971900;27.027324676513672
2020-07-01;31.479999542236328;32.16999816894531;30.90999984741211;31.510000228881836;4465100;27.217363357543945
2020-07-02;33.06999969482422;33.5;31.3700008392334;31.559999465942383;5313000;27.260547637939453
2020-07-06;33.220001220703125;33.68000030517578;32.47999954223633;32.790000915527344;4411300;28.322988510131836
2020-07-07;32.119998931884766;32.2599983215332;30.770000457763672;31.010000228881836;4294600;26.78547477722168
2020-07-08;31.170000076293945;31.950000762939453;30.700000762939453;31.770000457763672;4704200;27.44194221496582
2020-07-09;31.729999542236328;31.850000381469727;29.190000534057617;30.18000030517578;5650800;26.068552017211914
2020-07-10;30.0;31.989999771118164;29.989999771118164;31.950000762939453;5795600;27.5974178314209
2020-07-13;32.83000183105469;33.29999923706055;31.18000030517578;31.389999389648438;6403700;27.11370277404785
2020-07-14;31.020000457763672;32.38999938964844;30.610000610351562;32.27000045776367;5064100;27.87382698059082
2020-07-15;34.0;34.22999954223633;33.02000045776367;33.97999954223633;5975600;29.350875854492188
2020-07-16;33.20000076293945;34.06999969482422;32.88999938964844;33.5;3390500;28.936264038085938
2020-07-17;33.79999923706055;33.84000015258789;32.93000030517578;33.52000045776367;2587400;28.95353126525879
2020-07-20;33.279998779296875;33.900001525878906;32.95000076293945;33.52000045776367;2562000;28.95353126525879
2020-07-21;34.16999816894531;35.08000183105469;34.06999969482422;34.540000915527344;3286000;29.834575653076172
2020-07-22;34.08000183105469;35.13999938964844;34.0099983215332;35.029998779296875;2833900;30.25782585144043
2020-07-23;34.95000076293945;35.5;34.119998931884766;34.86000061035156;2700400;30.11098289489746
2020-07-24;34.5099983215332;34.880001068115234;33.97999954223633;34.20000076293945;2313100;29.54090118408203
2020-07-27;34.36000061035156;34.36000061035156;33.029998779296875;34.25;2287700;29.584087371826172
2020-07-28;33.970001220703125;34.810001373291016;33.779998779296875;34.290000915527344;1901900;29.618642807006836
2020-07-29;34.29999923706055;36.36000061035156;34.29999923706055;36.279998779296875;2692100;31.33753204345703
2020-07-30;34.689998626708984;35.2400016784668;33.790000915527344;35.06999969482422;3061500;30.29238510131836
2020-07-31;35.41999816894531;35.41999816894531;33.599998474121094;34.970001220703125;3327300;30.20600128173828
2020-08-03;35.36000061035156;35.599998474121094;34.720001220703125;35.16999816894531;1905100;30.37876319885254
2020-08-04;34.97999954223633;35.38999938964844;34.650001525878906;35.11000061035156;1619500;30.326919555664062
2020-08-05;35.75;36.72999954223633;35.7400016784668;36.4900016784668;3014900;31.518922805786133
2020-08-06;36.45000076293945;36.88999938964844;35.97999954223633;36.689998626708984;1823900;31.691680908203125
2020-08-07;36.31999969482422;38.130001068115234;36.04999923706055;38.08000183105469;2662400;32.892337799072266
2020-08-10;38.72999954223633;38.7400016784668;37.869998931884766;38.15999984741211;3246500;32.9614143371582
2020-08-11;39.560001373291016;40.380001068115234;38.310001373291016;38.56999969482422;5223000;33.315574645996094
2020-08-12;40.06999969482422;40.119998931884766;38.11000061035156;38.77000045776367;2841900;33.48833465576172
2020-08-13;38.400001525878906;38.9900016784668;37.779998779296875;38.150001525878906;2622700;32.95278549194336
2020-08-14;37.81999969482422;38.86000061035156;37.599998474121094;38.25;1639700;33.03916549682617
2020-08-17;38.06999969482422;38.31999969482422;37.720001220703125;37.79999923706055;1830500;32.65045928955078
2020-08-18;37.880001068115234;38.0;36.900001525878906;37.2599983215332;2335000;32.18403244018555
2020-08-19;37.45000076293945;37.91999816894531;36.470001220703125;36.7599983215332;2134900;31.752153396606445
2020-08-20;35.7599983215332;36.849998474121094;35.540000915527344;36.630001068115234;1858200;31.639860153198242
2020-08-21;36.439998626708984;36.97999954223633;36.029998779296875;36.380001068115234;1267300;31.42391014099121
2020-08-24;37.099998474121094;38.279998779296875;36.599998474121094;38.27000045776367;2143000;33.05644226074219
2020-08-25;39.0;39.099998474121094;38.040000915527344;38.77000045776367;2016300;33.48833465576172
2020-08-26;38.75;38.7599983215332;38.029998779296875;38.470001220703125;1585700;33.22919464111328
2020-08-27;38.540000915527344;40.599998474121094;38.540000915527344;40.06999969482422;3557700;34.61122512817383
2020-08-28;40.75;41.060001373291016;39.84000015258789;40.939998626708984;2611400;35.36270523071289
2020-08-31;40.88999938964844;40.88999938964844;39.52000045776367;39.52000045776367;2710400;34.13614273071289
2020-09-01;39.34000015258789;40.20000076293945;38.810001373291016;40.02000045776367;2074100;34.56803512573242
2020-09-02;40.31999969482422;42.130001068115234;39.84000015258789;41.849998474121094;4110700;36.14873123168945
2020-09-03;42.02000045776367;42.779998779296875;38.5;39.33000183105469;5231900;33.97203826904297
2020-09-04;40.689998626708984;40.75;36.9900016784668;38.9900016784668;4797700;33.6783561706543
2020-09-08;37.75;37.75;35.88999938964844;36.220001220703125;3294600;31.285715103149414
2020-09-09;37.25;38.369998931884766;36.79999923706055;37.630001068115234;2315300;32.50363540649414
2020-09-10;38.25;38.599998474121094;35.7599983215332;36.0;2440400;31.095684051513672
2020-09-11;36.369998931884766;36.54999923706055;35.189998626708984;36.02000045776367;1884500;31.11295509338379
2020-09-14;36.81999969482422;38.59000015258789;36.810001373291016;37.959999084472656;2476200;32.78866958618164
2020-09-15;38.61000061035156;38.75;37.31999969482422;37.5;1989200;32.391334533691406
2020-09-16;37.630001068115234;39.560001373291016;37.630001068115234;38.279998779296875;2649100;33.06507873535156
2020-09-17;36.869998931884766;37.70000076293945;36.2400016784668;37.099998474121094;2626000;32.04582214355469
2020-09-18;37.310001373291016;37.36000061035156;35.79999923706055;36.18000030517578;2031400;31.25116729736328
2020-09-21;34.0;34.36000061035156;32.54999923706055;33.77000045776367;4467400;29.169471740722656
2020-09-22;33.70000076293945;34.29999923706055;32.099998474121094;32.689998626708984;3006900;28.27595329284668
2020-09-23;33.099998474121094;33.77000045776367;30.649999618530273;30.65999984741211;3571700;26.52006721496582
2020-09-24;30.610000610351562;32.13999938964844;29.670000076293945;30.81999969482422;3600900;26.658462524414062
2020-09-25;30.309999465942383;32.060001373291016;30.020000457763672;31.81999969482422;3172400;27.523433685302734
2020-09-28;32.97999954223633;34.72999954223633;32.93000030517578;34.0099983215332;3833100;29.417726516723633
2020-09-29;33.88999938964844;33.88999938964844;32.2599983215332;32.869998931884766;2828100;28.431655883789062
2020-09-30;33.09000015258789;34.810001373291016;33.08000183105469;33.869998931884766;3608700;29.296621322631836
2020-10-01;34.47999954223633;35.13999938964844;33.47999954223633;34.279998779296875;2175400;29.651268005371094
2020-10-02;32.369998931884766;35.66999816894531;32.349998474121094;35.040000915527344;4356700;30.30864715576172
2020-10-05;35.97999954223633;37.16999816894531;35.869998931884766;36.86000061035156;3381200;31.88290023803711
2020-10-06;37.5099983215332;38.56999969482422;35.529998779296875;35.79999923706055;5006700;30.966035842895508
2020-10-07;37.189998626708984;38.099998474121094;36.790000915527344;37.540000915527344;3217700;32.47108459472656
2020-10-08;38.220001220703125;39.41999816894531;38.040000915527344;39.119998931884766;2842300;33.837738037109375
2020-10-09;39.77000045776367;39.91999816894531;38.470001220703125;39.209999084472656;3149000;33.91558074951172
2020-10-12;39.540000915527344;40.88999938964844;39.2400016784668;40.54999923706055;2810900;35.07465362548828
2020-10-13;40.5099983215332;40.58000183105469;37.9900016784668;38.400001525878906;3506200;33.214962005615234
2020-10-14;38.63999938964844;38.81999969482422;37.119998931884766;37.25;2524200;32.220237731933594
2020-10-15;36.029998779296875;38.22999954223633;36.029998779296875;38.119998931884766;2724700;32.9727668762207
2020-10-16;38.439998626708984;38.97999954223633;37.7400016784668;38.22999954223633;2427400;33.067909240722656
2020-10-19;38.599998474121094;38.7400016784668;36.400001525878906;36.59000015258789;2496300;31.649351119995117
2020-10-20;37.15999984741211;38.779998779296875;37.15999984741211;37.5099983215332;3003300;32.445133209228516
2020-10-21;37.470001220703125;38.2599983215332;37.18000030517578;37.33000183105469;2025000;32.2894401550293
2020-10-22;37.279998779296875;39.400001525878906;37.130001068115234;39.220001220703125;2595500;33.92423629760742
2020-10-23;39.7400016784668;40.38999938964844;38.880001068115234;39.79999923706055;2254600;34.42592239379883
2020-10-26;38.439998626708984;38.439998626708984;36.130001068115234;37.220001220703125;3652400;32.19428634643555
2020-10-27;37.11000061035156;37.279998779296875;35.0;35.02000045776367;2947700;30.29134178161621
2020-10-28;33.20000076293945;33.79999923706055;31.959999084472656;32.560001373291016;3686600;28.16351318359375
2020-10-29;32.58000183105469;34.04999923706055;31.1299991607666;33.33000183105469;3336400;28.82954978942871
2020-10-30;32.869998931884766;33.83000183105469;32.04999923706055;33.61000061035156;2744400;29.07174301147461
2020-11-02;34.720001220703125;35.93000030517578;34.060001373291016;35.540000915527344;3008400;30.74113655090332
2020-11-03;36.90999984741211;38.83000183105469;36.90999984741211;37.869998931884766;5014600;32.75652313232422
2020-11-04;36.90999984741211;38.4900016784668;35.029998779296875;36.560001373291016;4435700;31.623414993286133
2020-11-05;37.560001373291016;39.880001068115234;37.52000045776367;39.130001068115234;5234500;33.84638595581055
2020-11-06;39.5099983215332;39.779998779296875;37.88999938964844;38.220001220703125;2432800;33.059261322021484
2020-11-09;44.52000045776367;48.93000030517578;44.52000045776367;46.88999938964844;10290300;40.55857467651367
2020-11-10;46.900001525878906;48.47999954223633;45.95000076293945;48.150001525878906;2940700;41.6484489440918
2020-11-11;49.02000045776367;49.02000045776367;46.54999923706055;47.34000015258789;2807100;40.947811126708984
2020-11-12;45.900001525878906;45.939998626708984;43.7599983215332;45.04999923706055;3218500;38.967018127441406
2020-11-13;45.939998626708984;47.709999084472656;45.880001068115234;47.16999816894531;2178600;40.80076599121094
2020-11-16;50.31999969482422;50.5;48.959999084472656;50.43000030517578;3191600;43.62057876586914
2020-11-17;48.880001068115234;50.43000030517578;47.810001373291016;50.18000030517578;2177200;43.404335021972656
2020-11-18;50.72999954223633;51.95000076293945;48.79999923706055;48.84000015258789;2780200;42.24527359008789
2020-11-19;48.13999938964844;49.369998931884766;47.16999816894531;49.33000183105469;2154200;42.66911315917969
2020-11-20;48.7400016784668;49.099998474121094;47.790000915527344;48.02000045776367;1552700;41.53599548339844
2020-11-23;49.470001220703125;50.939998626708984;49.08000183105469;50.47999954223633;2514700;43.6638298034668
2020-11-24;52.810001373291016;55.720001220703125;52.70000076293945;55.689998626708984;3596000;48.170345306396484
2020-11-25;54.70000076293945;55.0;53.099998474121094;54.86000061035156;2453000;47.45240783691406
2020-11-27;54.939998626708984;54.9900016784668;53.81999969482422;54.189998626708984;1021800;46.87287521362305
2020-11-30;53.43000030517578;53.91999816894531;50.810001373291016;51.279998779296875;2221200;44.35580825805664
2020-12-01;53.720001220703125;54.61000061035156;53.18000030517578;53.45000076293945;2361400;46.2327995300293
2020-12-02;52.869998931884766;55.119998931884766;52.81999969482422;54.95000076293945;1627000;47.53025436401367
2020-12-03;54.900001525878906;55.880001068115234;54.13999938964844;55.0099983215332;2227600;47.582157135009766
2020-12-04;55.849998474121094;57.25;55.79999923706055;57.130001068115234;1894200;49.4159049987793
2020-12-07;56.290000915527344;56.31999969482422;55.119998931884766;55.779998779296875;1751400;48.24818801879883
2020-12-08;54.86000061035156;56.279998779296875;54.43000030517578;55.90999984741211;1297100;48.360618591308594
2020-12-09;56.709999084472656;56.849998474121094;54.93000030517578;55.61000061035156;2239700;48.10114288330078
2020-12-10;54.459999084472656;56.099998474121094;54.0;55.970001220703125;1440100;48.41253662109375
2020-12-11;54.2599983215332;54.849998474121094;53.150001525878906;54.470001220703125;1870100;47.11506652832031
2020-12-14;56.20000076293945;56.33000183105469;52.650001525878906;52.65999984741211;1956000;45.549468994140625
2020-12-15;53.97999954223633;55.83000183105469;53.20000076293945;55.38999938964844;1780500;47.91084671020508
2020-12-16;55.779998779296875;55.83000183105469;54.90999984741211;55.66999816894531;1184900;48.15304183959961
2020-12-17;55.95000076293945;56.36000061035156;55.2400016784668;56.150001525878906;1295800;48.56822967529297
2020-12-18;56.20000076293945;56.4900016784668;53.77000045776367;54.900001525878906;2546600;47.487003326416016
2020-12-21;56.0;57.20000076293945;53.84000015258789;56.599998474121094;5260200;48.95745849609375
2020-12-22;56.81999969482422;56.91999816894531;54.880001068115234;54.90999984741211;1946600;47.562034606933594
2020-12-23;55.68000030517578;58.400001525878906;55.650001525878906;57.59000015258789;3101200;49.88340377807617
2020-12-24;57.959999084472656;58.029998779296875;56.40999984741211;57.66999816894531;1054900;49.952701568603516
2020-12-28;59.150001525878906;59.84000015258789;58.0;58.560001373291016;2047500;50.72360610961914
2020-12-29;59.349998474121094;59.349998474121094;57.709999084472656;57.900001525878906;1767000;50.15193557739258
2020-12-30;58.34000015258789;59.189998626708984;58.13999938964844;58.720001220703125;1248500;50.86219024658203
2020-12-31;58.52000045776367;60.959999084472656;57.880001068115234;60.79999923706055;1896500;52.66385269165039
2021-01-04;61.619998931884766;61.619998931884766;56.869998931884766;58.34000015258789;3256700;50.53305435180664
2021-01-05;58.119998931884766;59.79999923706055;57.41999816894531;59.119998931884766;1943500;51.20866775512695
2021-01-06;61.529998779296875;68.18000030517578;61.529998779296875;66.62999725341797;5332000;57.713687896728516
2021-01-07;69.77999877929688;71.51000213623047;69.31999969482422;69.80999755859375;3066900;60.4681510925293
2021-01-08;70.5999984741211;70.68000030517578;66.63999938964844;69.29000091552734;2960500;60.017730712890625
2021-01-11;67.5199966430664;70.44000244140625;66.81999969482422;70.16999816894531;2146900;60.77997589111328
2021-01-12;71.0;73.11000061035156;70.70999908447266;72.37000274658203;2927000;62.68558883666992
2021-01-13;71.87000274658203;72.63999938964844;70.41999816894531;71.9800033569336;2111600;62.34776306152344
2021-01-14;72.63999938964844;73.80000305175781;71.7699966430664;72.95999908447266;2468200;63.19662094116211
2021-01-15;69.98999786376953;70.95999908447266;67.75;69.31999969482422;3138700;60.04370880126953
2021-01-19;70.3499984741211;70.5999984741211;68.51000213623047;69.9000015258789;1835100;60.54610824584961
2021-01-20;70.44999694824219;70.55999755859375;68.33000183105469;69.05999755859375;1711400;59.81850051879883
2021-01-21;69.01000213623047;69.41000366210938;66.80000305175781;66.87000274658203;1586300;57.921573638916016
2021-01-22;65.01000213623047;66.20999908447266;64.5999984741211;65.68000030517578;1984400;56.89081573486328
2021-01-25;64.5199966430664;64.62000274658203;61.880001068115234;64.44999694824219;2625400;55.82542037963867
2021-01-26;65.1500015258789;65.55000305175781;62.9900016784668;63.130001068115234;1470500;54.68206024169922
2021-01-27;60.47999954223633;60.5;56.95000076293945;57.220001220703125;3823500;49.562931060791016
2021-01-28;59.08000183105469;62.220001220703125;58.650001525878906;60.40999984741211;2726900;52.32604217529297
2021-01-29;59.88999938964844;60.40999984741211;56.150001525878906;57.0099983215332;3231900;49.38102340698242
2021-02-01;58.43000030517578;59.540000915527344;57.349998474121094;59.279998779296875;1811900;51.347259521484375
2021-02-02;61.41999816894531;64.26000213623047;61.27000045776367;63.45000076293945;2619800;54.95923614501953
2021-02-03;63.720001220703125;64.52999877929688;63.029998779296875;64.33999633789062;1623000;55.730140686035156
2021-02-04;65.18000030517578;68.5;65.02999877929688;68.4000015258789;2338200;59.24683380126953
2021-02-05;69.69999694824219;69.98999786376953;68.08999633789062;68.69999694824219;2016300;59.50669479370117
2021-02-08;69.5;71.19999694824219;69.47000122070312;71.12000274658203;2144800;61.60285949707031
2021-02-09;70.52999877929688;72.2699966430664;70.12999725341797;71.76000213623047;1436900;62.157203674316406
2021-02-10;72.5;73.06999969482422;70.68000030517578;71.58000183105469;1739400;62.00129699707031
2021-02-11;71.98999786376953;72.68000030517578;69.7300033569336;71.38999938964844;2056200;61.836734771728516
2021-02-12;70.88999938964844;73.3499984741211;70.80999755859375;73.18000030517578;1512200;63.38718032836914
2021-02-16;75.27999877929688;77.63999938964844;74.62000274658203;76.97000122070312;2552200;66.6700210571289
2021-02-17;76.11000061035156;78.0;75.25;77.69000244140625;1706200;67.29365539550781
2021-02-18;76.08000183105469;77.55999755859375;74.62999725341797;76.55000305175781;1910300;66.30620574951172
2021-02-19;77.87000274658203;79.73999786376953;77.58999633789062;79.11000061035156;1956400;68.52365112304688
2021-02-22;78.16999816894531;81.83999633789062;78.16000366210938;80.98999786376953;2315400;70.15206909179688
2021-02-23;81.95999908447266;82.5199966430664;79.5;82.18000030517578;2900200;71.18280792236328
2021-02-24;82.8499984741211;87.55000305175781;82.54000091552734;87.11000061035156;3051400;75.45310974121094
2021-02-25;89.26000213623047;89.26000213623047;81.58999633789062;82.30000305175781;3618500;71.28677368164062
2021-02-26;81.41000366210938;82.58000183105469;76.77999877929688;77.81999969482422;4228300;67.40626525878906
2021-03-01;81.9000015258789;86.26000213623047;81.83999633789062;84.94000244140625;2148700;73.57347106933594
2021-03-02;85.05999755859375;85.83000183105469;83.58000183105469;84.0999984741211;1607800;72.84589385986328
2021-03-03;84.36000061035156;89.26000213623047;84.36000061035156;85.5199966430664;2448700;74.07587432861328
2021-03-04;85.13999938964844;87.12999725341797;78.81999969482422;82.44000244140625;3364200;71.40802001953125
2021-03-05;85.87999725341797;87.62000274658203;80.01000213623047;87.0;2874900;75.35780334472656
2021-03-08;89.0;93.83999633789062;87.94000244140625;90.5;3415300;78.38945770263672
2021-03-09;89.08999633789062;92.08000183105469;85.7699966430664;88.58999633789062;2229400;76.73505401611328
2021-03-10;89.73999786376953;94.44000244140625;89.30999755859375;93.4000015258789;2492700;80.90139770507812
2021-03-11;93.05999755859375;94.9000015258789;90.86000061035156;92.86000061035156;2176700;80.43363952636719
2021-03-12;95.5;96.80000305175781;94.86000061035156;95.87999725341797;1738000;83.04951477050781
2021-03-15;97.0;97.0;92.05000305175781;94.80999755859375;2173900;82.1227035522461
2021-03-16;93.5199966430664;93.58999633789062;89.93000030517578;91.95999908447266;1961400;79.65408325195312
2021-03-17;93.37999725341797;95.0;90.80999755859375;93.54000091552734;2268800;81.02265930175781
2021-03-18;96.0;100.38999938964844;93.97000122070312;95.04000091552734;3818100;82.32193756103516
2021-03-19;93.31999969482422;93.31999969482422;88.93000030517578;91.9000015258789;2824200;79.60210418701172
2021-03-22;90.0999984741211;90.45999908447266;87.37999725341797;88.31999969482422;2543400;76.50118255615234
2021-03-23;87.08000183105469;88.3499984741211;83.61000061035156;84.51000213623047;2259500;73.30809783935547
2021-03-24;85.97000122070312;89.19000244140625;85.08999633789062;85.16000366210938;1743300;73.87193298339844
2021-03-25;84.54000091552734;89.55000305175781;82.83000183105469;89.05999755859375;2010900;77.25499725341797
2021-03-26;92.20999908447266;93.83000183105469;90.05000305175781;93.44000244140625;2388700;81.0544204711914
2021-03-29;89.75;92.80000305175781;88.20999908447266;90.9800033569336;2108100;78.92050170898438
2021-03-30;92.0;94.0199966430664;91.73999786376953;93.26000213623047;1417400;80.8982925415039
2021-03-31;92.69000244140625;93.66000366210938;90.69000244140625;90.87000274658203;1466100;78.8250732421875
2021-04-01;90.23999786376953;94.0;90.23999786376953;93.98999786376953;1951200;81.53152465820312
2021-04-05;96.62999725341797;97.73999786376953;94.5;96.16000366210938;1845400;83.41389465332031
2021-04-06;95.79000091552734;96.94999694824219;94.66999816894531;95.86000061035156;985200;83.15364837646484
2021-04-07;96.08000183105469;97.4800033569336;94.97000122070312;96.83000183105469;1117900;83.99506378173828
2021-04-08;96.25;97.29000091552734;94.12000274658203;96.98999786376953;1686200;84.13386535644531
2021-04-09;98.5;99.30999755859375;97.30000305175781;99.19000244140625;1622800;86.04224395751953
2021-04-12;99.87000274658203;100.83999633789062;99.33999633789062;100.66999816894531;1461600;87.32605743408203
2021-04-13;100.0;100.0;96.44000244140625;98.16999816894531;1630800;85.1574478149414
2021-04-14;97.70999908447266;101.87000274658203;96.87000274658203;100.0;1746000;86.7448959350586
2021-04-15;101.01000213623047;101.16000366210938;96.94000244140625;99.70999908447266;2042100;86.49331665039062
2021-04-16;101.45999908447266;102.5;100.4800033569336;101.6500015258789;1805100;88.1761703491211
2021-04-19;101.5;102.5;99.95999908447266;100.86000061035156;1035400;87.49089050292969
2021-04-20;99.25;99.41999816894531;94.36000061035156;95.68000030517578;1791300;82.99748992919922
2021-04-21;94.73999786376953;99.7300033569336;93.73999786376953;99.4800033569336;1278900;86.29380798339844
2021-04-22;99.5;99.51000213623047;95.68000030517578;96.52999877929688;1564000;83.73484802246094
2021-04-23;96.41999816894531;103.05999755859375;96.08000183105469;101.91999816894531;2672200;88.41038513183594
2021-04-26;102.9000015258789;105.58000183105469;102.45999908447266;102.87000274658203;1182500;89.23445892333984
2021-04-27;103.31999969482422;105.69000244140625;102.69000244140625;105.66000366210938;978900;91.65463256835938
2021-04-28;106.37000274658203;107.1500015258789;105.16999816894531;105.97000122070312;993100;91.92353820800781
2021-04-29;108.5199966430664;111.33999633789062;108.08000183105469;111.1500015258789;2300000;96.41695404052734
2021-04-30;109.29000091552734;110.58000183105469;107.79000091552734;108.16999816894531;1607500;93.83194732666016
2021-05-03;110.54000091552734;111.58000183105469;108.5;109.83000183105469;1556200;95.27192687988281
2021-05-04;108.69999694824219;112.19000244140625;106.23999786376953;112.12999725341797;2125500;97.26702880859375
2021-05-05;113.37000274658203;116.0999984741211;110.97000122070312;115.16999816894531;1671200;99.90406799316406
2021-05-06;116.0;119.69999694824219;114.16000366210938;119.69999694824219;2090300;103.8336181640625
2021-05-07;116.55000305175781;121.51000213623047;115.19999694824219;121.43000030517578;2088000;105.33431243896484
2021-05-10;122.93000030517578;125.73999786376953;120.45999908447266;120.62999725341797;2025200;104.64035034179688
2021-05-11;116.5999984741211;120.25;113.0199966430664;114.83000183105469;2507300;99.60916137695312
2021-05-12;117.38999938964844;118.41000366210938;109.05000305175781;110.0;2412400;95.41935729980469
2021-05-13;109.33000183105469;117.8499984741211;109.31999969482422;116.1500015258789;2573900;100.75418090820312
2021-05-14;118.05999755859375;122.22000122070312;117.5;121.63999938964844;1754900;105.51646423339844
2021-05-17;120.31999969482422;122.18000030517578;118.56999969482422;122.08000183105469;1459400;105.89815521240234
2021-05-18;121.94000244140625;122.7300033569336;116.9000015258789;117.37000274658203;1184500;101.8124771118164
2021-05-19;112.62999725341797;115.0;109.31999969482422;114.87999725341797;2443800;99.65252685546875
2021-05-20;114.95999908447266;117.27999877929688;112.77999877929688;115.47000122070312;1363100;100.16431427001953
2021-05-21;116.5199966430664;119.98999786376953;116.5;118.19999694824219;1658400;102.5324478149414
2021-05-24;119.41999816894531;120.41999816894531;117.9800033569336;119.48999786376953;1220900;103.65145874023438
2021-05-25;120.1500015258789;122.69999694824219;115.4000015258789;116.0;1494900;100.62406158447266
2021-05-26;117.41000366210938;118.37000274658203;114.48999786376953;117.19999694824219;999400;101.66499328613281
2021-05-27;119.7699966430664;121.80999755859375;118.16999816894531;121.33000183105469;1176000;105.2475814819336
2021-05-28;122.37000274658203;122.41999816894531;118.98999786376953;121.75;1454000;105.61189270019531
2021-06-01;124.80000305175781;125.88999938964844;122.4800033569336;123.51000213623047;1487000;107.13861083984375
2021-06-02;124.44999694824219;124.77999877929688;121.94999694824219;123.88999938964844;1138100;107.4682388305664
2021-06-03;122.51000213623047;126.6500015258789;121.45999908447266;124.70999908447266;1660300;108.1795425415039
2021-06-04;125.19999694824219;125.80999755859375;122.11000061035156;125.29000091552734;1682300;108.68265533447266
2021-06-07;126.01000213623047;126.12999725341797;122.29000091552734;122.94999694824219;1275200;106.65282440185547
2021-06-08;121.43000030517578;123.30000305175781;118.41000366210938;122.4800033569336;1906800;106.2451171875
2021-06-09;121.12999725341797;121.12999725341797;118.22000122070312;119.16999816894531;1432400;103.37389373779297
2021-06-10;121.9000015258789;122.62999725341797;114.80999755859375;115.25;1981000;99.97348022460938
2021-06-11;116.0199966430664;117.25;115.4800033569336;116.98999786376953;1605100;101.48282623291016
2021-06-14;116.56999969482422;116.98999786376953;111.43000030517578;113.41999816894531;2083400;98.38605499267578
2021-06-15;113.61000061035156;115.69999694824219;111.5999984741211;114.16000366210938;1653900;99.02796936035156
2021-06-16;113.0;116.02999877929688;109.77999877929688;114.18000030517578;2481700;99.04529571533203
2021-06-17;115.55999755859375;115.68000030517578;102.94000244140625;104.30999755859375;4048500;90.48357391357422
2021-06-18;100.66000366210938;101.01000213623047;96.01000213623047;96.58999633789062;3928700;83.78688049316406
2021-06-21;98.80999755859375;103.33000183105469;98.55999755859375;103.33000183105469;2472400;89.63347625732422
2021-06-22;104.0199966430664;104.47000122070312;100.5;103.4800033569336;1862100;89.8862533569336
2021-06-23;103.94000244140625;105.30000305175781;103.16999816894531;104.16999816894531;1046100;90.48562622070312
2021-06-24;105.48999786376953;108.33999633789062;104.08999633789062;107.63999938964844;1925000;93.49977111816406
2021-06-25;110.0;112.4000015258789;107.38999938964844;111.87000274658203;2793400;97.17408752441406
2021-06-28;111.2300033569336;111.26000213623047;107.45999908447266;109.16999816894531;2241500;94.82878875732422
2021-06-29;110.68000030517578;112.30999755859375;107.2699966430664;108.36000061035156;1932000;94.12519836425781
2021-06-30;107.30000305175781;109.95999908447266;107.16999816894531;109.30000305175781;1330500;94.94172668457031
2021-07-01;110.55999755859375;112.05000305175781;109.2300033569336;111.95999908447266;1550700;97.25228881835938
2021-07-02;112.05000305175781;112.19999694824219;110.06999969482422;111.37999725341797;1249800;96.74848175048828
2021-07-06;110.48999786376953;110.48999786376953;104.01000213623047;106.0999984741211;2415700;92.16207885742188
2021-07-07;104.30000305175781;107.12999725341797;103.4000015258789;106.69999694824219;1914100;92.68326568603516
2021-07-08;100.9000015258789;103.2699966430664;98.6500015258789;100.19000244140625;2786100;87.02845001220703
2021-07-09;104.0;108.83999633789062;103.63999938964844;108.5;2681700;94.24678802490234
2021-07-12;106.9000015258789;112.0;105.4000015258789;111.68000030517578;2480000;97.00906372070312
2021-07-13;110.58000183105469;110.80000305175781;106.58000183105469;107.83999633789062;2172100;93.67350006103516
2021-07-14;107.62000274658203;109.88999938964844;102.83999633789062;106.19999694824219;2076400;92.24893188476562
2021-07-15;103.56999969482422;109.3499984741211;103.3499984741211;107.3499984741211;1667100;93.24787139892578
2021-07-16;108.66999816894531;108.91000366210938;102.37000274658203;103.19999694824219;1451500;89.64305877685547
2021-07-19;97.11000061035156;98.5;92.91000366210938;94.7699966430664;3210600;82.3204345703125
2021-07-20;94.8499984741211;103.66000366210938;94.08000183105469;101.62000274658203;2589700;88.2706069946289
2021-07-21;104.0;108.12999725341797;103.87000274658203;106.66000366210938;2101500;92.64852142333984
2021-07-22;106.19999694824219;106.33999633789062;102.3499984741211;103.62000274658203;1150400;90.00788116455078
2021-07-23;105.45999908447266;107.08000183105469;103.25;104.23999786376953;1768600;90.54644012451172
2021-07-26;103.5;106.55000305175781;103.5;105.86000061035156;1021200;91.95360565185547
2021-07-27;103.58000183105469;106.98999786376953;102.19999694824219;105.8499984741211;1171300;91.9449234008789
2021-07-28;106.80000305175781;107.55000305175781;103.19999694824219;105.7699966430664;1365200;91.87542724609375
2021-07-29;107.70999908447266;110.52999877929688;106.2699966430664;109.0;2294800;94.68110656738281
2021-07-30;108.13999938964844;110.73999786376953;105.95999908447266;106.9800033569336;1706500;92.92649841308594
2021-08-02;108.29000091552734;112.41999816894531;106.52999877929688;106.63999938964844;2278900;92.63114929199219
2021-08-03;108.18000030517578;110.73999786376953;103.5199966430664;110.16999816894531;1750000;95.6974105834961
2021-08-04;107.62999725341797;111.06999969482422;106.87999725341797;108.13999938964844;1384000;93.93411254882812
2021-08-05;109.97000122070312;112.0;109.66000366210938;112.0;1536700;97.28702545166016
2021-08-06;115.0;119.04000091552734;114.5199966430664;118.48999786376953;3396800;102.92444610595703
2021-08-09;118.12999725341797;120.97000122070312;116.26000213623047;119.37999725341797;2049400;103.69754028320312
2021-08-10;119.43000030517578;123.88999938964844;118.72000122070312;122.8499984741211;1885300;106.71171569824219
2021-08-11;123.77999877929688;126.80999755859375;122.19999694824219;126.80999755859375;2815400;110.15149688720703
2021-08-12;127.19000244140625;127.9000015258789;124.91999816894531;127.25;1721600;110.53370666503906
2021-08-13;127.41000366210938;128.1300048828125;124.11000061035156;125.0;1493800;108.57926177978516
2021-08-16;122.30999755859375;124.25;119.3499984741211;124.23999786376953;1377900;107.91909790039062
2021-08-17;121.6500015258789;123.94000244140625;117.69000244140625;121.08000183105469;1682500;105.17422485351562
2021-08-18;119.68000030517578;122.41000366210938;116.6500015258789;117.11000061035156;1512400;101.72575378417969
2021-08-19;113.30999755859375;117.0;112.04000091552734;114.16999816894531;2303800;99.17196655273438
2021-08-20;114.33999633789062;117.36000061035156;113.25;116.8499984741211;1671500;101.49989318847656
2021-08-23;118.80000305175781;121.2300033569336;118.73999786376953;119.7699966430664;1523300;104.03630828857422
2021-08-24;120.33999633789062;122.73999786376953;120.18000030517578;122.30000305175781;954100;106.23395538330078
2021-08-25;123.0;128.24000549316406;122.23999786376953;126.19999694824219;1952000;109.62162780761719
2021-08-26;127.5999984741211;128.00999450683594;123.83000183105469;124.36000061035156;1803800;108.02335357666016
2021-08-27;124.7699966430664;129.14999389648438;124.44000244140625;129.10000610351562;1838200;112.14069366455078
2021-08-30;129.2899932861328;129.52999877929688;124.19999694824219;124.5199966430664;1691000;108.16230773925781
2021-08-31;124.33999633789062;126.5999984741211;122.69999694824219;124.25;1374800;107.92780303955078
2021-09-01;124.62000274658203;124.72000122070312;120.7699966430664;122.30000305175781;1557200;106.23395538330078
2021-09-02;123.36000061035156;124.87000274658203;122.4000015258789;123.62999725341797;997900;107.38922882080078
2021-09-03;123.41000366210938;123.98999786376953;121.0999984741211;122.1500015258789;1262000;106.1036605834961
2021-09-07;122.30999755859375;122.91999816894531;119.29000091552734;119.44999694824219;1475900;103.75835418701172
2021-09-08;118.48999786376953;120.25;116.81999969482422;118.55000305175781;1040100;102.97657012939453
2021-09-09;118.19999694824219;122.88999938964844;117.87000274658203;119.44999694824219;1429100;103.75835418701172
2021-09-10;121.7300033569336;121.91999816894531;116.6500015258789;116.79000091552734;1808000;101.44778442382812
2021-09-13;119.2300033569336;121.0;118.04000091552734;120.4800033569336;1496600;104.65304565429688
2021-09-14;121.41000366210938;122.69999694824219;114.70999908447266;115.7699966430664;2620300;100.561767578125
2021-09-15;115.72000122070312;120.0;115.37999725341797;119.02999877929688;991500;103.39350128173828
2021-09-16;120.37000274658203;121.88999938964844;116.41999816894531;118.36000061035156;1308800;102.81153869628906
2021-09-17;118.05999755859375;119.8499984741211;115.63999938964844;116.56999969482422;1265800;101.25668334960938
2021-09-20;109.0;109.5;103.16999816894531;108.41000366210938;3845000;94.16864013671875
2021-09-21;109.75;110.97000122070312;106.56999969482422;107.66999816894531;1261500;93.65802001953125
2021-09-22;110.58000183105469;114.5;110.52999877929688;112.26000213623047;1634400;97.65068817138672
2021-09-23;115.22000122070312;121.72000122070312;114.94000244140625;120.31999969482422;2580600;104.66175842285156
2021-09-24;119.48999786376953;122.79000091552734;119.19000244140625;121.80000305175781;1834900;105.94917297363281
2021-09-27;124.2699966430664;127.23999786376953;123.93000030517578;126.44000244140625;2148700;109.9853286743164
2021-09-28;126.30999755859375;127.62999725341797;119.70999908447266;120.41000366210938;2191000;104.74005126953125
2021-09-29;121.33000183105469;122.4000015258789;119.01000213623047;121.0999984741211;1062700;105.34028625488281
2021-09-30;122.69000244140625;122.91999816894531;115.5;115.5999984741211;1854300;100.5560302734375
2021-10-01;116.33999633789062;122.95999908447266;114.79000091552734;120.6500015258789;2164600;104.94882202148438
2021-10-04;119.87000274658203;124.58000183105469;116.8499984741211;117.81999969482422;2117400;102.48712158203125
2021-10-05;120.12000274658203;125.83000183105469;118.5999984741211;124.19999694824219;2013000;108.03682708740234
2021-10-06;121.0;125.02999877929688;118.31999969482422;124.97000122070312;2320800;108.7066421508789
2021-10-07;128.58999633789062;131.0;127.01000213623047;127.5199966430664;2754100;110.9247817993164
2021-10-08;127.48999786376953;130.64999389648438;126.20999908447266;129.72999572753906;1978500;112.84717559814453
2021-10-11;130.57000732421875;133.2899932861328;125.72000122070312;126.08999633789062;2013100;109.68087005615234
2021-10-12;126.1500015258789;127.30999755859375;124.08999633789062;125.19999694824219;1699000;108.90670013427734
2021-10-13;125.55999755859375;126.0;118.37000274658203;123.7699966430664;2089700;107.66281127929688
2021-10-14;127.80000305175781;130.0;124.69999694824219;129.9600067138672;1979000;113.0472412109375
2021-10-15;133.39999389648438;137.22999572753906;132.3800048828125;135.22000122070312;2952100;117.62271881103516
2021-10-18;134.5800018310547;137.4499969482422;133.42999267578125;135.41000366210938;1236100;117.78802490234375
2021-10-19;137.30999755859375;139.41000366210938;135.91000366210938;139.41000366210938;939300;121.26744842529297
2021-10-20;139.10000610351562;142.99000549316406;137.86000061035156;142.99000549316406;1354100;124.38154602050781
2021-10-21;142.75;144.3300018310547;140.0399932861328;142.66000366210938;985500;124.094482421875
2021-10-22;143.3699951171875;148.14999389648438;143.0800018310547;147.2899932861328;1573600;128.12196350097656
2021-10-25;148.47000122070312;149.24000549316406;146.3000030517578;147.5;1136200;128.3046112060547
2021-10-26;148.72000122070312;151.0;147.27000427246094;148.24000549316406;871900;128.94833374023438
2021-10-27;147.0;148.77000427246094;140.35000610351562;140.5800018310547;1713100;122.28516387939453
2021-10-28;142.11000061035156;146.49000549316406;141.89999389648438;146.49000549316406;884800;127.42607879638672
2021-10-29;146.0;147.17999267578125;143.52000427246094;144.7100067138672;876700;125.87771606445312
2021-11-01;147.3000030517578;148.3000030517578;143.3800048828125;144.8699951171875;987200;126.01688385009766
2021-11-02;145.2899932861328;147.8000030517578;144.13999938964844;146.8000030517578;802500;127.69570922851562
2021-11-03;145.32000732421875;150.41000366210938;145.05999755859375;149.00999450683594;1130200;129.6180877685547
2021-11-04;148.77999877929688;149.05999755859375;140.00999450683594;143.19000244140625;1938900;124.5555191040039
2021-11-05;145.25;148.00999450683594;141.75;143.33999633789062;1344900;124.68597412109375
2021-11-08;145.4199981689453;148.10000610351562;144.2100067138672;145.1300048828125;929800;126.2430648803711
2021-11-09;142.8800048828125;144.11000061035156;140.27000427246094;143.0;1149000;124.39024353027344
2021-11-10;142.13999938964844;144.0;140.02000427246094;141.57000732421875;1031900;123.14635467529297
2021-11-11;142.0;143.8699951171875;140.30999755859375;142.75;735500;124.17277526855469
2021-11-12;143.33999633789062;143.69000244140625;140.0500030517578;143.64999389648438;705600;124.95563507080078
2021-11-15;144.5;145.67999267578125;142.64999389648438;143.55999755859375;705700;124.8773193359375
2021-11-16;143.92999267578125;145.7100067138672;141.92999267578125;143.25999450683594;763900;124.61640167236328
2021-11-17;142.52000427246094;142.75;137.4499969482422;138.7899932861328;1622500;120.72811889648438
2021-11-18;139.4199981689453;139.83999633789062;135.02000427246094;137.0;851700;119.17107391357422
2021-11-19;134.14999389648438;135.14999389648438;129.91000366210938;132.80999755859375;1981600;115.52632904052734
2021-11-22;137.88999938964844;142.0500030517578;135.02000427246094;138.17999267578125;2206900;120.19750213623047
2021-11-23;140.44000244140625;144.4199981689453;138.89999389648438;144.1300048828125;1534800;125.37316131591797
2021-11-24;142.75999450683594;144.49000549316406;141.5800018310547;143.42999267578125;850100;124.76424407958984
2021-11-26;131.0;132.0800018310547;125.5;130.10000610351562;3668700;113.16902160644531
2021-11-29;134.52000427246094;135.35000610351562;128.27999877929688;131.4600067138672;1851300;114.35204315185547
2021-11-30;126.62000274658203;128.1300048828125;121.22000122070312;121.68000030517578;3264800;105.84477233886719
2021-12-01;127.2300033569336;130.42999267578125;117.51000213623047;117.66999816894531;2516300;102.35665130615234
2021-12-02;120.5999984741211;129.5800018310547;119.23999786376953;127.58000183105469;2112900;110.97697448730469
2021-12-03;128.80999755859375;129.19000244140625;118.23999786376953;121.55000305175781;2855500;105.7317123413086
2021-12-06;125.47000122070312;129.66000366210938;123.33000183105469;126.18000030517578;1905600;109.75916290283203
2021-12-07;129.8800048828125;134.1300048828125;129.0;132.6999969482422;1411800;115.43064880371094
2021-12-08;133.5;134.14999389648438;129.4499969482422;131.07000732421875;1158000;114.01278686523438
2021-12-09;128.75999450683594;131.52999877929688;127.33999633789062;129.35000610351562;846000;112.51663970947266
2021-12-10;131.66000366210938;132.0;127.12999725341797;129.7899932861328;834600;112.89936065673828
2021-12-13;128.52999877929688;129.0;124.30000305175781;125.19000244140625;750600;108.89799499511719
2021-12-14;124.41999816894531;130.0500030517578;124.12999725341797;127.62000274658203;1060300;111.01176452636719
2021-12-15;128.17999267578125;129.58999633789062;123.80000305175781;128.6999969482422;1380900;111.95121002197266
2021-12-16;132.9600067138672;135.7899932861328;130.8000030517578;132.39999389648438;1914200;115.16970825195312
2021-12-17;130.2899932861328;130.2899932861328;121.80000305175781;124.30999755859375;2153200;108.13251495361328
2021-12-20;118.52999877929688;118.93000030517578;112.58000183105469;117.01000213623047;3044800;101.78252410888672
2021-12-21;120.0199966430664;125.3499984741211;119.98999786376953;123.93000030517578;1664700;108.13282012939453
2021-12-22;123.63999938964844;126.38999938964844;122.68000030517578;126.38999938964844;1259300;110.27923583984375
2021-12-23;128.4600067138672;131.44000244140625;128.1699981689453;128.7899932861328;1591900;112.3733139038086
2021-12-27;129.82000732421875;132.77000427246094;128.1699981689453;132.52000427246094;779300;115.62786102294922
2021-12-28;132.47999572753906;135.57000732421875;132.05999755859375;132.50999450683594;945400;115.61911010742188
2021-12-29;133.60000610351562;134.5399932861328;131.74000549316406;132.2899932861328;796200;115.42717742919922
2021-12-30;133.13999938964844;135.42999267578125;130.9499969482422;131.27999877929688;1352900;114.54591369628906
2021-12-31;130.72000122070312;132.57000732421875;129.9199981689453;130.72999572753906;859300;114.0660171508789
2022-01-03;133.60000610351562;136.61000061035156;133.16000366210938;134.5399932861328;2892900;117.39034271240234
2022-01-04;138.82000732421875;145.82000732421875;138.63999938964844;144.0500030517578;3550100;125.68815612792969
2022-01-05;146.0;147.4600067138672;138.5;138.75;2322800;121.06373596191406
2022-01-06;143.60000610351562;145.35000610351562;139.47999572753906;145.3000030517578;1710900;126.77880859375
2022-01-07;145.60000610351562;150.47999572753906;144.44000244140625;149.66000366210938;2086300;130.58302307128906
2022-01-10;151.89999389648438;152.33999633789062;143.10000610351562;148.52999877929688;2285700;129.59707641601562
2022-01-11;149.5500030517578;152.61000061035156;145.7899932861328;152.30999755859375;1605500;132.895263671875
2022-01-12;153.55999755859375;155.4199981689453;150.42999267578125;152.77000427246094;1448000;133.296630859375
2022-01-13;153.67999267578125;155.82000732421875;149.1699981689453;150.41000366210938;1495800;131.23745727539062
2022-01-14;143.89999389648438;146.91000366210938;141.0500030517578;146.77000427246094;2432700;128.06141662597656
2022-01-18;143.13999938964844;143.42999267578125;134.8000030517578;137.10000610351562;2273800;119.6240463256836
2022-01-19;140.39999389648438;140.57000732421875;129.88999938964844;130.1999969482422;1672300;113.60357666015625
2022-01-20;131.3800048828125;136.4199981689453;126.80000305175781;127.48999786376953;1576500;111.23902130126953
2022-01-21;125.44999694824219;127.04000091552734;118.08000183105469;119.52999877929688;2654600;104.2936782836914
2022-01-24;113.1500015258789;121.23999786376953;106.25;120.69000244140625;3906500;105.30581665039062
2022-01-25;115.93000030517578;123.72000122070312;110.04000091552734;120.87000274658203;2218100;105.4628677368164
2022-01-26;125.05000305175781;127.98999786376953;117.44999694824219;121.87999725341797;2691000;106.34412384033203
2022-01-27;125.75;129.6699981689453;116.77999877929688;119.08999633789062;1798300;103.90975189208984
2022-01-28;118.31999969482422;124.06999969482422;113.58999633789062;124.05999755859375;1793800;108.24623107910156
2022-01-31;121.5199966430664;128.1999969482422;119.80000305175781;127.91999816894531;1298000;111.61421203613281
2022-02-01;128.7899932861328;133.89999389648438;126.73999786376953;133.3699951171875;1297400;116.3695068359375
2022-02-02;133.07000732421875;136.47999572753906;130.77999877929688;135.99000549316406;1108700;118.655517578125
2022-02-03;135.19000244140625;136.6699981689453;130.24000549316406;131.0;1002600;114.30160522460938
2022-02-04;131.82000732421875;140.52999877929688;131.39999389648438;137.30999755859375;1798600;119.80728149414062
2022-02-07;137.99000549316406;140.82000732421875;135.67999267578125;138.1699981689453;1184700;120.55766296386719
2022-02-08;140.86000061035156;144.13999938964844;139.63999938964844;143.32000732421875;1415200;125.05120086669922
2022-02-09;145.52999877929688;148.67999267578125;144.63999938964844;145.91000366210938;1389500;127.31104278564453
2022-02-10;143.7100067138672;149.83999633789062;140.30999755859375;142.6300048828125;1446700;124.44914245605469
2022-02-11;140.8699951171875;145.25;132.89999389648438;135.24000549316406;2068200;118.00113677978516
2022-02-14;135.27000427246094;136.5;127.2699966430664;130.85000610351562;1878000;114.17074584960938
2022-02-15;135.77000427246094;137.9499969482422;134.14999389648438;136.13999938964844;1362100;118.78641510009766
2022-02-16;134.22999572753906;138.24000549316406;133.5500030517578;137.02999877929688;962200;119.56298065185547
2022-02-17;133.05999755859375;134.0;125.31999969482422;126.44999694824219;1653100;110.33158111572266
2022-02-18;126.12999725341797;129.3800048828125;124.4000015258789;126.05999755859375;1908300;109.99130249023438
2022-02-22;124.05000305175781;127.76000213623047;120.83999633789062;123.66000366210938;1869200;107.89723205566406
2022-02-23;127.0999984741211;128.1300048828125;116.69999694824219;117.80000305175781;1973700;102.78418731689453
2022-02-24;106.11000061035156;114.93000030517578;104.08000183105469;114.26000213623047;3578600;99.69544219970703
2022-02-25;116.0;125.87000274658203;116.0;124.7699966430664;2363200;108.86575317382812
2022-02-28;117.55999755859375;122.7699966430664;116.44999694824219;120.69000244140625;1611400;105.30581665039062
2022-03-01;116.63999938964844;117.9000015258789;105.27999877929688;107.76000213623047;3740600;94.02397918701172
2022-03-02;110.22000122070312;118.41000366210938;109.69999694824219;116.31999969482422;2735900;101.49285125732422
2022-03-03;118.0;119.5199966430664;112.11000061035156;115.05000305175781;1307400;100.38475036621094
2022-03-04;109.29000091552734;109.29000091552734;104.5199966430664;108.23999786376953;2807300;94.44279479980469
2022-03-07;105.0;105.81999969482422;95.68000030517578;95.80999755859375;2975600;83.59723663330078
2022-03-08;98.0199966430664;102.19999694824219;93.0;94.5199966430664;3098400;82.47167205810547
2022-03-09;103.0;107.13999938964844;101.4800033569336;104.55000305175781;2402800;91.22315979003906
2022-03-10;100.0;103.94999694824219;98.69000244140625;102.2300033569336;1710700;89.19889068603516
2022-03-11;104.87000274658203;106.68000030517578;99.94999694824219;100.26000213623047;1532500;87.47999572753906
2022-03-14;103.94000244140625;107.75;101.33000183105469;102.70999908447266;1758100;89.61769104003906
2022-03-15;105.0;107.44999694824219;103.1500015258789;106.80999755859375;1543500;93.19507598876953
2022-03-16;111.0;116.80999755859375;110.01000213623047;116.3499984741211;2747500;101.51902770996094
2022-03-17;113.1500015258789;120.22000122070312;112.18000030517578;120.12000274658203;1975300;104.80848693847656
2022-03-18;119.55999755859375;122.5;116.98999786376953;121.6500015258789;1425800;106.1434326171875
2022-03-21;123.45999908447266;124.77999877929688;119.33999633789062;121.41999816894531;1256500;105.94276428222656
2022-03-22;125.0;129.1699981689453;124.80000305175781;127.30000305175781;1374800;111.0732421875
2022-03-23;124.94999694824219;125.66000366210938;120.1500015258789;120.3499984741211;1173400;105.0091552734375
2022-03-24;122.63999938964844;123.38999938964844;120.18000030517578;122.7300033569336;832600;107.08575439453125
2022-03-25;123.73999786376953;127.9800033569336;123.5999984741211;127.2300033569336;1623500;111.01216888427734
2022-03-28;126.52999877929688;126.52999877929688;122.11000061035156;126.27999877929688;1132300;110.1832504272461
2022-03-29;131.4199981689453;132.47000122070312;126.33999633789062;128.5;1376400;112.12029266357422
2022-03-30;128.3699951171875;128.72000122070312;123.0;125.0199966430664;870100;109.0838623046875
2022-03-31;124.86000061035156;126.38999938964844;116.91999816894531;117.56999969482422;1126800;102.58350372314453
2022-04-01;119.38999938964844;119.81999969482422;113.97000122070312;116.56999969482422;1762700;101.71098327636719
2022-04-04;116.02999877929688;117.73999786376953;112.95999908447266;115.22000122070312;1080800;100.53305053710938
2022-04-05;113.62000274658203;116.87000274658203;111.5;112.4000015258789;1612700;98.0725326538086
2022-04-06;110.0;111.19999694824219;108.26000213623047;109.5;1682600;95.54216766357422
2022-04-07;109.44000244140625;110.37000274658203;104.27999877929688;108.88999938964844;1766200;95.00992584228516
2022-04-08;109.7699966430664;113.20999908447266;109.0;111.41999816894531;1494500;97.21744537353516
2022-04-11;110.72000122070312;114.05999755859375;109.5;109.97000122070312;1621900;95.9522705078125
2022-04-12;110.2699966430664;113.12999725341797;105.06999969482422;106.4800033569336;1487400;92.90713500976562
2022-04-13;103.9800033569336;107.5;103.36000061035156;107.16000366210938;1150000;93.5004653930664
2022-04-14;106.97000122070312;108.91000366210938;103.44000244140625;103.58999633789062;1079400;90.38552856445312
2022-04-18;101.41999816894531;105.9800033569336;101.38999938964844;104.5199966430664;1124300;91.19697570800781
2022-04-19;105.58999633789062;109.80000305175781;105.51000213623047;109.30000305175781;1100200;95.36768341064453
2022-04-20;111.4800033569336;114.05000305175781;110.9000015258789;111.83000183105469;1220600;97.57518768310547
2022-04-21;114.70999908447266;115.94999694824219;105.2300033569336;105.94000244140625;1147500;92.43596649169922
2022-04-22;105.4000015258789;105.4000015258789;96.20999908447266;96.56999969482422;1761800;84.2603530883789
2022-04-25;94.30999755859375;97.55999755859375;89.69999694824219;97.06999969482422;2130300;84.69661712646484
2022-04-26;93.83999633789062;96.5;89.22000122070312;89.22000122070312;2123500;77.84724426269531
2022-04-27;89.37999725341797;92.19999694824219;88.44999694824219;89.41999816894531;1280200;78.0217514038086
2022-04-28;92.20999908447266;93.76000213623047;87.80999755859375;92.9000015258789;1853300;81.05815887451172
2022-04-29;91.51000213623047;92.63999938964844;82.5999984741211;83.20999908447266;1666200;72.60333251953125
2022-05-02;84.29000091552734;85.6500015258789;78.87999725341797;84.0199966430664;2174800;73.3100814819336
2022-05-03;85.41999816894531;89.7699966430664;84.91999816894531;87.5;2027100;76.34649658203125
2022-05-04;87.86000061035156;95.72000122070312;86.54000091552734;95.30999755859375;2498000;83.16097259521484
2022-05-05;91.95999908447266;92.5199966430664;83.4800033569336;87.04000091552734;1947500;75.94512939453125
2022-05-06;85.69999694824219;86.01000213623047;81.19999694824219;84.97000122070312;2380300;74.13899230957031
2022-05-09;81.26000213623047;82.98999786376953;77.19000244140625;78.36000061035156;2550900;68.3715591430664
2022-05-10;80.70999908447266;81.98999786376953;73.44999694824219;76.68000030517578;2210800;66.90570831298828
2022-05-11;76.7300033569336;81.33000183105469;73.93000030517578;74.08000183105469;2034900;64.63712310791016
2022-05-12;72.80000305175781;75.08999633789062;69.0;73.31999969482422;1898900;63.974002838134766
2022-05-13;76.05000305175781;78.79000091552734;74.94999694824219;76.94999694824219;1544200;67.14128875732422
2022-05-16;76.16000366210938;77.0999984741211;73.26000213623047;75.1500015258789;1284800;65.57073211669922
2022-05-17;79.37999725341797;81.77999877929688;78.19999694824219;81.27999877929688;1952400;70.91934204101562
2022-05-18;78.9000015258789;79.26000213623047;73.58999633789062;74.5;1511000;65.00357818603516
2022-05-19;71.79000091552734;74.80999755859375;71.19000244140625;73.1500015258789;1724300;63.8256721496582
2022-05-20;74.94000244140625;76.01000213623047;68.30999755859375;73.08000183105469;1806900;63.76459503173828
2022-05-23;76.62999725341797;81.01000213623047;75.54000091552734;79.48999786376953;2423000;69.3575210571289
2022-05-24;78.0999984741211;79.4800033569336;73.80999755859375;78.69999694824219;1792900;68.66822052001953
2022-05-25;77.9800033569336;82.2699966430664;77.5;80.86000061035156;1685800;70.5528793334961
2022-05-26;83.16999816894531;87.66999816894531;82.66000366210938;86.7300033569336;1788000;75.67463684082031
2022-05-27;88.0;91.36000061035156;87.43000030517578;91.27999877929688;1652400;79.64466857910156
2022-05-31;89.0;92.16000366210938;87.20999908447266;90.18000030517578;1290500;78.68489074707031
2022-06-01;89.44999694824219;90.2699966430664;83.3499984741211;85.83999633789062;1390800;74.89810180664062
2022-06-02;86.0199966430664;89.94999694824219;84.27999877929688;89.91999816894531;1096100;78.45803833007812
2022-06-03;87.25;88.1500015258789;85.5999984741211;86.0;917800;75.03770446777344
2022-06-06;88.22000122070312;90.58999633789062;86.70999908447266;86.93000030517578;961200;75.84912872314453
2022-06-07;84.93000030517578;89.0199966430664;84.80000305175781;88.73999786376953;778800;77.42843627929688
2022-06-08;86.7699966430664;87.37000274658203;83.1500015258789;84.1500015258789;930000;73.42352294921875
2022-06-09;83.56999969482422;83.8499984741211;77.8499984741211;78.0;1225700;68.05744171142578
2022-06-10;72.87000274658203;73.69000244140625;69.4000015258789;69.55000305175781;2442400;60.68455123901367
2022-06-13;64.4000015258789;66.27999877929688;61.72999954223633;62.90999984741211;2250300;54.890953063964844
2022-06-14;63.47999954223633;65.18000030517578;60.16999816894531;61.560001373291016;1728800;53.713035583496094
2022-06-15;63.689998626708984;66.37999725341797;60.599998474121094;63.619998931884766;2465300;55.510440826416016
2022-06-16;59.779998779296875;59.83000183105469;57.040000915527344;58.58000183105469;2270500;51.11288833618164
2022-06-17;59.0099983215332;60.849998474121094;57.29999923706055;58.900001525878906;1953800;51.392093658447266
2022-06-21;62.5;63.5;61.599998474121094;62.470001220703125;1166900;54.50703430175781
2022-06-22;60.02000045776367;63.70000076293945;59.959999084472656;62.08000183105469;1182900;54.27273941040039
2022-06-23;62.5;62.72999954223633;58.790000915527344;61.720001220703125;1572400;53.9580192565918
2022-06-24;62.790000915527344;68.9000015258789;62.439998626708984;68.87000274658203;2163600;60.20880889892578
2022-06-27;70.0;70.02999877929688;67.02999877929688;68.05000305175781;1357700;59.491939544677734
2022-06-28;70.05000305175781;71.9000015258789;65.9000015258789;66.08000183105469;1943700;57.76970291137695
2022-06-29;66.30999755859375;66.69999694824219;63.95000076293945;64.5999984741211;1088500;56.4758186340332
2022-06-30;61.689998626708984;64.66000366210938;59.20000076293945;63.099998474121094;1708100;55.164466857910156
2022-07-01;62.36000061035156;66.0999984741211;61.060001373291016;65.5199966430664;1382100;57.28011703491211
2022-07-05;62.529998779296875;65.25;60.13999938964844;65.25;1513300;57.0440788269043
2022-07-06;64.70999908447266;66.05999755859375;62.7400016784668;64.5999984741211;1134200;56.4758186340332
2022-07-07;66.13999938964844;67.91999816894531;66.11000061035156;67.37000274658203;1615400;58.8974723815918
2022-07-08;67.66000366210938;68.33999633789062;65.80999755859375;66.69999694824219;1072300;58.31171798706055
2022-07-11;65.2699966430664;66.27999877929688;64.3499984741211;64.95999908447266;950400;56.79054260253906
2022-07-12;63.75;67.26000213623047;63.2599983215332;63.849998474121094;1154800;55.82014083862305
2022-07-13;61.810001373291016;63.02000045776367;59.619998931884766;61.86000061035156;1471300;54.08041000366211
2022-07-14;58.11000061035156;58.83000183105469;56.31999969482422;58.27000045776367;2105800;50.94187927246094
2022-07-15;61.15999984741211;64.94000244140625;60.20000076293945;64.08999633789062;2241900;56.02995300292969
2022-07-18;66.44000244140625;67.86000061035156;62.56999969482422;63.25;1652500;55.29560089111328
2022-07-19;65.68000030517578;69.75;65.44000244140625;69.18000030517578;2154500;60.47983932495117
2022-07-20;68.88999938964844;70.62000274658203;68.0999984741211;70.18000030517578;1270300;61.35407638549805
2022-07-21;69.55000305175781;71.47000122070312;67.88999938964844;71.37999725341797;1243700;62.403160095214844
2022-07-22;71.4800033569336;72.7300033569336;68.44000244140625;69.88999938964844;1046300;61.10055923461914
2022-07-25;70.98999786376953;72.13999938964844;69.79000091552734;71.19000244140625;806900;62.237056732177734
2022-07-26;70.12999725341797;71.31999969482422;67.80000305175781;68.29000091552734;708500;59.701759338378906
2022-07-27;69.19999694824219;72.63999938964844;68.56999969482422;71.62000274658203;1498100;62.61297607421875
2022-07-28;71.66000366210938;73.56999969482422;68.62000274658203;73.51000213623047;1212900;64.26529693603516
2022-07-29;73.81999969482422;77.29000091552734;73.7300033569336;76.54000091552734;2010800;66.91423797607422
2022-08-01;74.7300033569336;75.8499984741211;73.04000091552734;74.66999816894531;990400;65.27940368652344
2022-08-02;73.36000061035156;74.87000274658203;71.8499984741211;72.11000061035156;1134200;63.041351318359375
2022-08-03;73.83999633789062;75.87999725341797;72.43000030517578;75.33999633789062;887500;65.8651351928711
2022-08-04;75.11000061035156;75.68000030517578;74.19999694824219;74.52999877929688;693600;65.15699005126953
2022-08-05;73.61000061035156;77.18000030517578;73.2300033569336;76.23999786376953;1128400;66.65194702148438
2022-08-08;77.5;78.55999755859375;75.7699966430664;75.94000244140625;793800;66.38969421386719
2022-08-09;76.5199966430664;77.66000366210938;75.97000122070312;76.95999908447266;705600;67.28141021728516
2022-08-10;80.54000091552734;83.16999816894531;80.54000091552734;82.43000030517578;1445400;72.0634994506836
2022-08-11;84.94999694824219;86.79000091552734;84.33000183105469;85.05999755859375;1210000;74.36273956298828
2022-08-12;86.33999633789062;89.25;85.19000244140625;89.16000366210938;1257500;77.94713592529297
2022-08-15;86.69999694824219;89.87000274658203;86.0;89.23999786376953;943800;78.01705932617188
2022-08-16;88.30000305175781;92.23999786376953;88.01000213623047;90.94999694824219;1245200;79.51200866699219
2022-08-17;87.93000030517578;90.81999969482422;87.77999877929688;89.5999984741211;1139900;78.331787109375
2022-08-18;89.41999816894531;90.2699966430664;88.1500015258789;89.91999816894531;766900;78.61154174804688
2022-08-19;88.5;88.5;83.66000366210938;84.54000091552734;1002400;73.90814208984375
2022-08-22;80.73999786376953;80.94999694824219;78.2699966430664;78.91999816894531;1094500;68.99491119384766
2022-08-23;78.95999908447266;80.30999755859375;77.94999694824219;78.11000061035156;736000;68.28678131103516
2022-08-24;77.77999877929688;79.88999938964844;77.0199966430664;79.30000305175781;693100;69.32714080810547
2022-08-25;79.93000030517578;82.91000366210938;79.11000061035156;82.86000061035156;799300;72.43940734863281
2022-08-26;83.38999938964844;83.88999938964844;75.19999694824219;75.26000213623047;1474600;65.79521942138672
2022-08-29;73.83999633789062;75.27999877929688;72.36000061035156;73.61000061035156;1045900;64.35271453857422
2022-08-30;74.63999938964844;74.98999786376953;71.1500015258789;72.62000274658203;1243200;63.48720932006836
2022-08-31;73.51000213623047;74.27999877929688;70.66000366210938;70.77999877929688;1221200;61.87860870361328
2022-09-01;70.0;71.69000244140625;67.38999938964844;71.58999633789062;1329400;62.58674240112305
2022-09-02;73.7300033569336;75.66000366210938;68.7300033569336;69.70999908447266;1853800;60.943180084228516
2022-09-06;70.62999725341797;71.26000213623047;67.16000366210938;69.37000274658203;2121700;60.64594268798828
2022-09-07;68.51000213623047;73.63999938964844;68.23999786376953;73.30000305175781;1815800;64.08170318603516
2022-09-08;71.9800033569336;77.30000305175781;71.33999633789062;77.13999938964844;1467200;67.43878173828125
2022-09-09;78.54000091552734;79.80000305175781;78.05000305175781;79.18000030517578;1076400;69.22222137451172
2022-09-12;80.16000366210938;82.41999816894531;79.68000030517578;81.19999694824219;1031200;70.98817443847656
2022-09-13;76.30999755859375;77.2300033569336;71.2300033569336;72.11000061035156;1812400;63.041351318359375
2022-09-14;72.66999816894531;73.48999786376953;69.48999786376953;71.56999969482422;1574200;62.56926345825195
2022-09-15;71.44999694824219;74.83999633789062;71.13999938964844;72.19999694824219;1726100;63.120033264160156
2022-09-16;70.01000213623047;70.43000030517578;67.81999969482422;70.13999938964844;1887400;61.3191032409668
2022-09-19;67.95999908447266;72.5;67.76000213623047;72.33999633789062;1413400;63.242435455322266
2022-09-20;70.58999633789062;70.91999816894531;67.04000091552734;69.04000091552734;1808300;60.54408645629883
2022-09-21;70.20999908447266;71.0;64.62999725341797;64.68000030517578;2104500;56.720611572265625
2022-09-22;65.01000213623047;65.37999725341797;61.099998474121094;61.31999969482422;1770400;53.77409362792969
2022-09-23;59.720001220703125;59.91999816894531;55.81999969482422;58.599998474121094;2632500;51.3888053894043
2022-09-26;57.099998474121094;58.68000030517578;54.41999816894531;55.720001220703125;2037200;48.86321258544922
2022-09-27;57.09000015258789;57.79999923706055;53.2400016784668;54.959999084472656;2679200;48.196739196777344
2022-09-28;55.38999938964844;59.119998931884766;54.939998626708984;58.06999969482422;2313300;50.92402648925781
2022-09-29;56.369998931884766;56.91999816894531;53.810001373291016;56.04999923706055;2185400;49.15260314941406
2022-09-30;56.040000915527344;58.13999938964844;53.970001220703125;54.209999084472656;1881400;47.53902816772461
2022-10-03;55.9900016784668;59.61000061035156;53.9900016784668;58.65999984741211;2053100;51.44142150878906
2022-10-04;61.459999084472656;65.44000244140625;61.459999084472656;65.33000183105469;2230800;57.290626525878906
2022-10-05;62.400001525878906;64.83000183105469;61.599998474121094;63.84000015258789;1387500;55.98398208618164
2022-10-06;62.75;63.9900016784668;60.66999816894531;61.08000183105469;1538100;53.56362533569336
2022-10-07;59.529998779296875;59.849998474121094;55.689998626708984;56.790000915527344;1491500;49.80154037475586
2022-10-10;57.709999084472656;58.279998779296875;54.88999938964844;55.970001220703125;1937600;49.08245086669922
2022-10-11;55.0;56.4900016784668;53.0099983215332;53.7400016784668;2124700;47.12686538696289
2022-10-12;53.77000045776367;55.439998626708984;52.81999969482422;53.29999923706055;1644100;46.74101257324219
2022-10-13;50.29999923706055;60.310001373291016;49.619998931884766;59.77000045776367;4089500;52.414833068847656
2022-10-14;61.7599983215332;63.58000183105469;56.5;56.81999969482422;3431400;49.827850341796875
2022-10-17;60.41999816894531;62.27000045776367;60.0;60.9900016784668;2087000;53.48469543457031
2022-10-18;65.3499984741211;66.12999725341797;61.9900016784668;64.06999969482422;2682700;56.1856803894043
2022-10-19;62.18000030517578;64.0;59.869998931884766;61.029998779296875;1636300;53.519775390625
2022-10-20;60.5099983215332;62.5;57.459999084472656;57.939998626708984;1880200;50.81001663208008
2022-10-21;58.11000061035156;63.25;57.15999984741211;63.040000915527344;2003400;55.28243637084961
2022-10-24;64.13999938964844;66.51000213623047;63.650001525878906;65.61000061035156;2250200;57.53615951538086
2022-10-25;64.56999969482422;68.30999755859375;64.19999694824219;67.93000030517578;1718900;59.57067108154297
2022-10-26;68.27999877929688;70.7300033569336;67.98999786376953;68.48999786376953;1803600;60.061767578125
2022-10-27;70.2699966430664;72.41000366210938;69.75;70.0999984741211;1477700;61.47364807128906
2022-10-28;70.69000244140625;75.48999786376953;70.30000305175781;75.2300033569336;1624600;65.97236633300781
2022-10-31;73.8499984741211;75.37000274658203;73.56999969482422;73.7300033569336;1190500;64.65694427490234
2022-11-01;75.54000091552734;76.31999969482422;73.5;74.56999969482422;1093700;65.39354705810547
2022-11-02;73.95999908447266;77.91000366210938;71.4800033569336;71.66999816894531;1486900;62.850425720214844
2022-11-03;69.29000091552734;71.06999969482422;67.9800033569336;69.33000183105469;1214600;60.79838943481445
2022-11-04;72.22000122070312;74.27999877929688;70.2699966430664;73.27999877929688;1297100;64.26231384277344
2022-11-07;74.91999816894531;75.48999786376953;73.3499984741211;75.29000091552734;1046300;66.02497100830078
2022-11-08;75.70999908447266;77.7699966430664;74.37999725341797;76.58000183105469;1652300;67.15621948242188
2022-11-09;75.12000274658203;76.0;72.27999877929688;72.76000213623047;1324000;63.806304931640625
2022-11-10;79.47000122070312;84.0999984741211;78.80000305175781;83.86000061035156;1920500;73.54035949707031
2022-11-11;84.98999786376953;86.87000274658203;84.04000091552734;85.8499984741211;1479500;75.28546905517578
2022-11-14;84.5;85.27999877929688;81.91000366210938;81.9800033569336;1235200;71.89171600341797
2022-11-15;84.8499984741211;85.6500015258789;80.11000061035156;82.55000305175781;1276700;72.39155578613281
2022-11-16;82.41000366210938;83.0;80.66999816894531;81.5;609300;71.47077941894531
2022-11-17;78.66000366210938;80.19999694824219;77.80999755859375;80.18000030517578;744500;70.3132095336914
2022-11-18;83.18000030517578;83.54000091552734;79.9800033569336;81.94000244140625;1141200;71.85662841796875
2022-11-21;81.54000091552734;83.16000366210938;81.20999908447266;82.73999786376953;448600;72.55817413330078
2022-11-22;84.08000183105469;85.44999694824219;84.0199966430664;85.25;671500;74.75930786132812
2022-11-23;84.94000244140625;86.83000183105469;84.87000274658203;86.16999816894531;786300;75.56609344482422
2022-11-25;86.63999938964844;87.38999938964844;86.01000213623047;87.19999694824219;367600;76.4693374633789
2022-11-28;85.76000213623047;86.62999725341797;82.16999816894531;82.56999969482422;705200;72.40911102294922
2022-11-29;82.23999786376953;84.56999969482422;81.93000030517578;84.05999755859375;838200;73.71573638916016
2022-11-30;83.69999694824219;88.29000091552734;80.0199966430664;88.19999694824219;1828600;77.34628295898438
2022-12-01;88.9000015258789;89.4800033569336;84.66000366210938;86.66000366210938;1256400;75.99580383300781
2022-12-02;83.61000061035156;85.62000274658203;83.13999938964844;85.45999908447266;969100;74.9434814453125
2022-12-05;83.68000030517578;83.9000015258789;77.75;79.0199966430664;1135300;69.29595184326172
2022-12-06;78.97000122070312;80.08999633789062;75.08000183105469;77.01000213623047;898100;67.53330993652344
2022-12-07;75.95999908447266;78.55999755859375;75.44999694824219;75.8499984741211;755800;66.51606750488281
2022-12-08;76.5;77.72000122070312;75.44000244140625;76.2300033569336;615600;66.84929656982422
2022-12-09;75.2699966430664;77.0999984741211;75.20999908447266;75.55999755859375;462500;66.26173400878906
2022-12-12;75.62000274658203;78.73999786376953;74.5999984741211;78.37000274658203;487600;68.7259521484375
2022-12-13;84.0999984741211;84.36000061035156;77.54000091552734;79.12000274658203;1126000;69.3836441040039
2022-12-14;78.7300033569336;80.69999694824219;75.12999725341797;76.02999877929688;1019000;66.67389678955078
2022-12-15;72.66999816894531;73.43000030517578;70.08000183105469;71.5999984741211;1175500;62.78904724121094
2022-12-16;69.37999725341797;70.37999725341797;67.94000244140625;69.73999786376953;794300;61.15794372558594
2022-12-19;69.87999725341797;71.30000305175781;67.9000015258789;69.31999969482422;709100;60.78961944580078
2022-12-20;69.3499984741211;71.19999694824219;68.98999786376953;69.58999633789062;599600;61.31475067138672
2022-12-21;71.5999984741211;73.62000274658203;71.5999984741211;73.13999938964844;675800;64.4426040649414
2022-12-22;71.5999984741211;71.69999694824219;67.5;70.98999786376953;777000;62.54827117919922
2022-12-23;70.83999633789062;72.36000061035156;69.80000305175781;72.12999725341797;891100;63.55270004272461
2022-12-27;72.56999969482422;73.0999984741211;71.19999694824219;72.1500015258789;779800;63.5703239440918
2022-12-28;72.2699966430664;73.0;71.05000305175781;71.25;731000;62.77735137939453
2022-12-29;72.36000061035156;74.56999969482422;71.83000183105469;74.31999969482422;588300;65.48228454589844
2022-12-30;72.69000244140625;73.93000030517578;71.69999694824219;73.55000305175781;507700;64.80384826660156
2023-01-03;75.0;76.6500015258789;72.63999938964844;74.41999816894531;1110100;65.57039642333984
2023-01-04;76.19999694824219;79.44999694824219;75.9000015258789;77.9000015258789;966100;68.6365737915039
2023-01-05;76.83000183105469;77.11000061035156;74.44999694824219;75.95999908447266;893400;66.9272689819336
2023-01-06;77.5;81.76000213623047;75.95999908447266;81.06999969482422;1028000;71.42962646484375
2023-01-09;82.22000122070312;83.27999877929688;79.45999908447266;80.11000061035156;1021100;70.5837631225586
2023-01-10;79.80000305175781;81.69000244140625;78.94999694824219;81.56999969482422;642400;71.87017059326172
2023-01-11;82.20999908447266;83.66000366210938;81.62000274658203;83.5999984741211;1531500;73.65876770019531
2023-01-12;84.5199966430664;85.70999908447266;82.58999633789062;84.22000122070312;1190900;74.20503997802734
2023-01-13;80.55000305175781;86.30000305175781;80.0199966430664;85.91999816894531;1519100;75.702880859375
2023-01-17;85.0999984741211;85.48999786376953;83.5199966430664;84.27999877929688;1237500;74.25788116455078
2023-01-18;82.94000244140625;84.37000274658203;79.30999755859375;79.4800033569336;1384600;70.0286865234375
2023-01-19;76.55000305175781;77.87000274658203;75.16000366210938;76.63999938964844;1214900;67.52640533447266
2023-01-20;77.47000122070312;80.41000366210938;76.3499984741211;80.22000122070312;1357100;70.68070220947266
2023-01-23;80.30999755859375;84.08000183105469;79.69999694824219;82.94999694824219;1205900;73.08604431152344
2023-01-24;82.52999877929688;84.26000213623047;79.8499984741211;83.23999786376953;865000;73.34156799316406
2023-01-25;80.87999725341797;85.16000366210938;80.87999725341797;85.0;1845100;74.89228057861328
2023-01-26;86.04000091552734;86.80999755859375;84.0;86.26000213623047;1279300;76.00244140625
2023-01-27;85.94000244140625;87.8499984741211;85.69999694824219;86.26000213623047;1129000;76.00244140625
2023-01-30;85.0;86.87000274658203;84.83000183105469;85.11000061035156;958700;74.98919677734375
2023-01-31;85.41999816894531;88.51000213623047;84.33999633789062;88.33999633789062;859300;77.8351058959961
2023-02-01;86.0;90.7699966430664;85.12000274658203;88.47000122070312;1509000;77.94966125488281
2023-02-02;90.19999694824219;90.19999694824219;87.12000274658203;89.0199966430664;1539900;78.43424224853516
2023-02-03;86.94000244140625;90.8499984741211;86.93000030517578;88.6500015258789;1213500;78.10823822021484
2023-02-06;87.0;88.58000183105469;86.4800033569336;88.22000122070312;633100;77.72936248779297
2023-02-07;87.04000091552734;92.29000091552734;86.86000061035156;91.44000244140625;1063700;80.56647491455078
2023-02-08;89.80000305175781;92.19000244140625;89.16999816894531;89.86000061035156;715100;79.17436218261719
2023-02-09;91.48999786376953;91.68000030517578;86.25;86.5999984741211;809200;76.30199432373047
2023-02-10;85.5999984741211;87.75;84.55999755859375;87.58999633789062;511000;77.1742935180664
2023-02-13;87.55999755859375;90.44999694824219;87.23999786376953;90.41000366210938;654200;79.65894317626953
2023-02-14;90.30000305175781;91.7699966430664;87.44000244140625;89.06999969482422;935300;78.4782943725586
2023-02-15;86.9000015258789;89.5;86.68000030517578;89.5;646300;78.85716247558594
2023-02-16;86.87999725341797;88.69000244140625;86.18000030517578;86.55999755859375;794100;76.26676177978516
2023-02-17;85.19999694824219;86.87999725341797;84.44000244140625;86.51000213623047;764100;76.22273254394531
2023-02-21;84.47000122070312;84.70999908447266;80.05000305175781;81.27999877929688;1122700;71.61463928222656
2023-02-22;81.5;82.18000030517578;79.61000061035156;80.73999786376953;502800;71.13883972167969
2023-02-23;81.80999755859375;83.05999755859375;78.8499984741211;81.22000122070312;925100;71.56178283691406
2023-02-24;79.08000183105469;81.95999908447266;78.56999969482422;81.19999694824219;790500;71.54414367675781
2023-02-27;83.16000366210938;83.83999633789062;80.66999816894531;81.26000213623047;606500;71.59700012207031
2023-02-28;81.43000030517578;82.80000305175781;80.81999969482422;81.5199966430664;339200;71.82608795166016
2023-03-01;80.5199966430664;81.81999969482422;79.80999755859375;80.62999725341797;510700;71.04193878173828
2023-03-02;79.31999969482422;79.80000305175781;76.69000244140625;79.5;657800;70.04629516601562
2023-03-03;80.11000061035156;83.2300033569336;79.95999908447266;83.11000061035156;517600;73.22703552246094
2023-03-06;83.52999877929688;84.94999694824219;82.7300033569336;83.3499984741211;542500;73.43848419189453
2023-03-07;82.70999908447266;82.70999908447266;76.37999725341797;77.06999969482422;1092200;67.90526580810547
2023-03-08;76.66000366210938;77.83999633789062;74.9000015258789;76.05000305175781;783900;67.00656127929688
2023-03-09;74.58999633789062;75.08999633789062;65.68000030517578;66.79000091552734;2474000;58.84770584106445
2023-03-10;64.47000122070312;67.76000213623047;60.66999816894531;62.939998626708984;4473200;55.45553207397461
2023-03-13;56.88999938964844;59.900001525878906;54.54999923706055;55.599998474121094;7283500;48.98836135864258
2023-03-14;61.77000045776367;61.79999923706055;56.72999954223633;58.93000030517578;4347200;51.92237854003906
2023-03-15;53.88999938964844;54.75;51.650001525878906;54.099998474121094;6415500;47.666725158691406
2023-03-16;53.209999084472656;58.810001373291016;51.45000076293945;57.220001220703125;5026200;50.41571807861328
2023-03-17;55.369998931884766;55.369998931884766;51.18000030517578;51.529998779296875;4989400;45.40234375
2023-03-20;52.630001068115234;54.560001373291016;52.529998779296875;53.29999923706055;4039300;46.96186447143555
2023-03-21;56.83000183105469;57.47999954223633;56.27000045776367;57.18000030517578;4312900;50.537872314453125
2023-03-22;57.18000030517578;57.58000183105469;53.02000045776367;53.15999984741211;3661600;46.9848518371582
2023-03-23;53.5;55.0;50.91999816894531;51.959999084472656;3477900;45.92423629760742
2023-03-24;49.939998626708984;52.04999923706055;48.86000061035156;51.849998474121094;5005200;45.82701873779297
2023-03-27;54.5;54.84000015258789;53.08000183105469;54.0099983215332;3509700;47.736106872558594
2023-03-28;53.689998626708984;54.4900016784668;52.95000076293945;53.90999984741211;2309000;47.6477165222168
2023-03-29;55.34000015258789;56.40999984741211;54.93000030517578;56.279998779296875;3284500;49.74241638183594
2023-03-30;57.400001525878906;57.54999923706055;54.90999984741211;55.86000061035156;2401700;49.37120819091797
2023-03-31;56.79999923706055;57.720001220703125;56.15999984741211;57.66999816894531;2737600;50.9709587097168
2023-04-03;57.560001373291016;58.689998626708984;56.970001220703125;58.029998779296875;1891100;51.289127349853516
2023-04-04;58.5;58.66999816894531;55.18000030517578;56.25;1920100;49.71590042114258
2023-04-05;55.0;56.54999923706055;55.0;56.13999938964844;1483600;49.618675231933594
2023-04-06;55.790000915527344;56.95000076293945;55.540000915527344;56.59000015258789;1325100;50.01641082763672
2023-04-10;56.060001373291016;57.060001373291016;55.65999984741211;56.97999954223633;1320700;50.361106872558594
2023-04-11;57.43000030517578;59.2400016784668;57.31999969482422;58.5;1377300;51.70454025268555
2023-04-12;59.290000915527344;60.310001373291016;57.68000030517578;58.16999816894531;1671700;51.412864685058594
2023-04-13;58.16999816894531;59.689998626708984;57.029998779296875;59.54999923706055;1367500;52.63257598876953
2023-04-14;61.31999969482422;62.79999923706055;60.459999084472656;61.400001525878906;2495200;54.26768112182617
2023-04-17;61.119998931884766;63.5;60.439998626708984;63.4900016784668;1539800;56.114898681640625
2023-04-18;63.790000915527344;64.38999938964844;62.41999816894531;64.05999755859375;1503100;56.618682861328125
2023-04-19;63.61000061035156;64.9800033569336;63.40999984741211;64.5199966430664;1004700;57.02524185180664
2023-04-20;63.11000061035156;64.37000274658203;63.099998474121094;63.900001525878906;1223600;56.47726821899414
2023-04-21;63.400001525878906;63.400001525878906;62.0099983215332;63.09000015258789;930900;55.761356353759766
2023-04-24;62.939998626708984;63.619998931884766;62.18000030517578;62.66999816894531;629900;55.39014434814453
2023-04-25;61.45000076293945;61.7599983215332;59.29999923706055;59.36000061035156;932100;52.46464157104492
2023-04-26;58.959999084472656;59.81999969482422;56.900001525878906;57.619998931884766;1232600;50.926761627197266
2023-04-27;58.310001373291016;60.720001220703125;58.310001373291016;60.36000061035156;1037300;53.34848403930664
2023-04-28;59.58000183105469;62.66999816894531;59.130001068115234;62.529998779296875;1164600;55.26640701293945
2023-05-01;63.150001525878906;64.0;61.810001373291016;62.029998779296875;883200;54.824493408203125
2023-05-02;61.209999084472656;61.209999084472656;56.11000061035156;57.7400016784668;1818700;51.032833099365234
2023-05-03;57.95000076293945;58.79999923706055;55.599998474121094;55.68000030517578;1444900;49.212120056152344
2023-05-04;54.349998474121094;55.060001373291016;52.119998931884766;53.560001373291016;1789400;47.338375091552734
2023-05-05;56.2599983215332;57.72999954223633;55.939998626708984;57.369998931884766;1540700;50.705806732177734
2023-05-08;58.400001525878906;59.02000045776367;57.560001373291016;57.790000915527344;1085300;51.077022552490234
2023-05-09;56.47999954223633;57.75;56.08000183105469;57.11000061035156;626900;50.47600555419922
2023-05-10;58.279998779296875;58.54999923706055;54.619998931884766;56.11000061035156;1453900;49.5921630859375
2023-05-11;55.16999816894531;56.060001373291016;54.349998474121094;55.75;901900;49.27398681640625
2023-05-12;56.630001068115234;56.70000076293945;54.02000045776367;55.04999923706055;953700;48.655296325683594
2023-05-15;55.38999938964844;56.709999084472656;55.04999923706055;56.38999938964844;775200;49.83964157104492
2023-05-16;56.040000915527344;56.59000015258789;54.709999084472656;54.77000045776367;648200;48.40782165527344
2023-05-17;55.91999816894531;58.560001373291016;55.7400016784668;58.119998931884766;1213400;51.36868667602539
2023-05-18;57.91999816894531;59.529998779296875;57.099998474121094;59.310001373291016;1074300;52.420448303222656
2023-05-19;59.84000015258789;60.290000915527344;57.790000915527344;58.59000015258789;1054800;51.784080505371094
2023-05-22;58.959999084472656;59.47999954223633;57.810001373291016;58.939998626708984;712500;52.09342956542969
2023-05-23;58.18000030517578;58.9900016784668;56.68000030517578;56.75;798200;50.15782928466797
2023-05-24;55.65999984741211;55.65999984741211;54.15999984741211;54.54999923706055;1041200;48.21337890625
2023-05-25;54.2599983215332;55.0;53.52000045776367;54.5099983215332;1048700;48.17802810668945
2023-05-26;54.849998474121094;56.11000061035156;54.52000045776367;55.650001525878906;1049000;49.185604095458984
2023-05-30;56.029998779296875;56.36000061035156;54.56999969482422;55.70000076293945;933800;49.22979736328125
2023-05-31;54.86000061035156;54.86000061035156;52.47999954223633;53.79999923706055;1354300;47.55050277709961
2023-06-01;54.560001373291016;55.88999938964844;53.70000076293945;55.58000183105469;1020000;49.123741149902344
2023-06-02;57.130001068115234;59.7400016784668;57.130001068115234;59.099998474121094;1689300;52.23484420776367
2023-06-05;59.29999923706055;59.29999923706055;57.40999984741211;58.18000030517578;712400;51.42171096801758
2023-06-06;58.09000015258789;60.66999816894531;57.970001220703125;60.439998626708984;1056500;53.41918182373047
2023-06-07;60.65999984741211;61.470001220703125;59.439998626708984;61.08000183105469;1061200;53.98484802246094
2023-06-08;60.75;61.189998626708984;59.45000076293945;60.90999984741211;784600;53.834590911865234
2023-06-09;60.65999984741211;61.68000030517578;60.41999816894531;60.939998626708984;726500;53.861106872558594
2023-06-12;61.09000015258789;61.540000915527344;59.459999084472656;60.810001373291016;901800;53.74620819091797
2023-06-13;60.75;62.650001525878906;60.45000076293945;61.869998931884766;1006700;54.68307876586914
2023-06-14;62.349998474121094;63.2599983215332;60.599998474121094;61.189998626708984;1165800;54.08206558227539
2023-06-15;60.58000183105469;63.95000076293945;60.36000061035156;63.459999084472656;1189400;56.08837890625
2023-06-16;64.4000015258789;64.5;62.880001068115234;63.040000915527344;910100;55.71717071533203
2023-06-20;62.09000015258789;62.13999938964844;60.52000045776367;61.709999084472656;1137900;54.54166793823242
2023-06-21;60.56999969482422;61.689998626708984;60.02000045776367;60.720001220703125;1454600;54.21221160888672
2023-06-22;60.33000183105469;60.400001525878906;58.75;59.290000915527344;2032000;52.93546676635742
2023-06-23;58.119998931884766;59.09000015258789;57.310001373291016;58.5099983215332;1438800;52.23907470703125
2023-06-26;58.36000061035156;59.540000915527344;57.70000076293945;58.16999816894531;607600;51.935508728027344
2023-06-27;58.40999984741211;59.84000015258789;58.349998474121094;59.36000061035156;582800;52.99797058105469
2023-06-28;59.36000061035156;59.36000061035156;58.279998779296875;59.11000061035156;1492500;52.77476119995117
2023-06-29;60.0;62.040000915527344;59.7400016784668;62.029998779296875;1768100;55.381805419921875
2023-06-30;63.209999084472656;64.38999938964844;62.91999816894531;63.58000183105469;1610900;56.76568603515625
2023-07-03;63.72999954223633;65.2300033569336;63.33000183105469;64.80000305175781;1216800;57.85493087768555
2023-07-05;63.400001525878906;64.77999877929688;62.91999816894531;64.2699966430664;1168800;57.381736755371094
2023-07-06;62.709999084472656;62.75;60.95000076293945;62.4900016784668;1237600;55.792510986328125
2023-07-07;61.779998779296875;64.33000183105469;61.779998779296875;62.72999954223633;767300;56.00679016113281
2023-07-10;62.900001525878906;64.69999694824219;62.650001525878906;63.560001373291016;686800;56.74782943725586
2023-07-11;64.18000030517578;66.0999984741211;63.86000061035156;65.80999755859375;944900;58.756656646728516
2023-07-12;67.56999969482422;68.52999877929688;66.58999633789062;67.06999969482422;1372700;59.88164138793945
2023-07-13;67.55000305175781;68.06999969482422;67.02999877929688;67.7300033569336;1010600;60.47089385986328
2023-07-14;69.30999755859375;69.30999755859375;66.11000061035156;66.3499984741211;2190100;59.238807678222656
2023-07-17;66.04000091552734;68.81999969482422;66.04000091552734;68.23999786376953;1934300;60.92623519897461
2023-07-18;68.80000305175781;70.7699966430664;68.44999694824219;70.66999816894531;2446000;63.09579086303711
2023-07-19;70.83999633789062;72.27999877929688;70.52999877929688;71.51000213623047;2365100;63.84577560424805
2023-07-20;71.18000030517578;73.0;70.94999694824219;72.93000030517578;2416300;65.11357879638672
2023-07-21;73.5;73.5;71.68000030517578;72.16999816894531;4008600;64.43502807617188
2023-07-24;72.2300033569336;74.94999694824219;72.2300033569336;74.31999969482422;1936800;66.35458374023438
2023-07-25;73.76000213623047;74.08000183105469;72.61000061035156;72.70999908447266;1781800;64.91716003417969
2023-07-26;72.48999786376953;74.79000091552734;72.25;74.19000244140625;2288600;66.23853302001953
2023-07-27;74.27999877929688;74.58000183105469;70.88999938964844;71.19000244140625;2358800;63.5600700378418
2023-07-28;72.9000015258789;72.91000366210938;70.44000244140625;71.5199966430664;1564500;63.85468292236328
2023-07-31;71.97000122070312;73.0199966430664;71.48999786376953;72.38999938964844;988500;64.6314468383789
2023-08-01;71.91000366210938;72.5199966430664;71.19999694824219;72.33999633789062;795700;64.5868148803711
2023-08-02;70.58999633789062;71.19999694824219;69.2699966430664;70.38999938964844;1813900;62.84581756591797
2023-08-03;69.0199966430664;70.98999786376953;68.56999969482422;70.48999786376953;879300;62.93508529663086
2023-08-04;70.4800033569336;72.33999633789062;69.41999816894531;69.68000030517578;990800;62.21189880371094
2023-08-07;70.7300033569336;72.9000015258789;70.7300033569336;72.44999694824219;936500;64.68502044677734
2023-08-08;69.37999725341797;70.68000030517578;68.02999877929688;70.55000305175781;1484400;62.988670349121094
2023-08-09;70.31999969482422;71.0199966430664;68.7699966430664;68.93000030517578;1286500;61.54228591918945
2023-08-10;70.01000213623047;71.5;68.58000183105469;69.08000183105469;1382700;61.676212310791016
2023-08-11;68.26000213623047;69.80000305175781;67.87999725341797;69.45999908447266;626700;62.015472412109375
2023-08-14;68.83999633789062;69.4000015258789;68.08000183105469;69.01000213623047;585200;61.613712310791016
2023-08-15;67.16999816894531;67.44999694824219;64.95999908447266;65.31999969482422;1144700;58.31919479370117
2023-08-16;64.68000030517578;66.30000305175781;64.66999816894531;64.91000366210938;700300;57.95314025878906
2023-08-17;65.41999816894531;65.72000122070312;63.34000015258789;63.83000183105469;770800;56.98888397216797
2023-08-18;62.529998779296875;64.29000091552734;62.25;63.61000061035156;754600;56.7924690246582
2023-08-21;64.02999877929688;64.33999633789062;61.970001220703125;63.47999954223633;799400;56.6764030456543
2023-08-22;63.56999969482422;63.7599983215332;61.400001525878906;61.72999954223633;752600;55.11396026611328
2023-08-23;61.939998626708984;63.5;61.7400016784668;63.380001068115234;682400;56.58712387084961
2023-08-24;63.130001068115234;65.44999694824219;62.869998931884766;62.88999938964844;598500;56.149635314941406
2023-08-25;63.52000045776367;64.33000183105469;62.06999969482422;63.5;835100;56.69425964355469
2023-08-28;64.25;65.29000091552734;64.05000305175781;64.62000274658203;642200;57.69422912597656
2023-08-29;64.5199966430664;66.4000015258789;64.19999694824219;66.31999969482422;706500;59.21202087402344
2023-08-30;66.5;67.63999938964844;66.12000274658203;66.61000061035156;522400;59.47092819213867
2023-08-31;66.94999694824219;67.0199966430664;65.48999786376953;65.81999969482422;454000;58.76560592651367
2023-09-01;66.87000274658203;67.97000122070312;66.69999694824219;67.31999969482422;618500;60.10483932495117
2023-09-05;67.0999984741211;67.93000030517578;65.33000183105469;65.37999725341797;495400;58.37276077270508
2023-09-06;64.81999969482422;65.58999633789062;63.75;65.08000183105469;492700;58.10491943359375
2023-09-07;64.41000366210938;65.44999694824219;64.08000183105469;64.7300033569336;516700;57.79243850708008
2023-09-08;64.68000030517578;65.36000061035156;63.9900016784668;65.01000213623047;297700;58.04241943359375
2023-09-11;65.77999877929688;66.83999633789062;65.37000274658203;65.70999908447266;392500;58.66739273071289
2023-09-12;65.69000244140625;68.52999877929688;65.52999877929688;67.36000061035156;575000;60.14055633544922
2023-09-13;67.80999755859375;68.29000091552734;66.38999938964844;67.0999984741211;418000;59.908416748046875
2023-09-14;68.37000274658203;69.2300033569336;67.4800033569336;68.88999938964844;548400;61.506568908691406
2023-09-15;67.69999694824219;69.05000305175781;67.45999908447266;67.72000122070312;446300;60.461978912353516
2023-09-18;67.72000122070312;68.58999633789062;66.91000366210938;68.41000366210938;441700;61.0780143737793
2023-09-19;68.16000366210938;68.55999755859375;66.51000213623047;67.86000061035156;378100;60.84758377075195
2023-09-20;68.45999908447266;69.0999984741211;66.33000183105469;66.43000030517578;432800;59.56533432006836
2023-09-21;65.58000183105469;65.58000183105469;63.130001068115234;63.13999938964844;746000;56.615325927734375
2023-09-22;63.33000183105469;63.43000030517578;61.599998474121094;61.720001220703125;548200;55.34206771850586
2023-09-25;61.04999923706055;62.040000915527344;60.540000915527344;61.97999954223633;423500;55.575191497802734
2023-09-26;60.58000183105469;61.33000183105469;59.16999816894531;59.5;646400;53.35146713256836
2023-09-27;60.0099983215332;60.0099983215332;57.65999984741211;59.189998626708984;726800;53.07350158691406
2023-09-28;59.279998779296875;61.040000915527344;59.220001220703125;60.310001373291016;780300;54.0777702331543
2023-09-29;61.40999984741211;61.470001220703125;58.25;58.77000045776367;1027800;52.696903228759766
2023-10-02;58.150001525878906;58.52000045776367;56.2400016784668;57.20000076293945;953900;51.28914260864258
2023-10-03;56.29999923706055;56.7599983215332;53.79999923706055;54.34000015258789;998400;48.72468948364258
2023-10-04;54.56999969482422;55.72999954223633;53.619998931884766;55.56999969482422;761700;49.82758331298828
2023-10-05;55.22999954223633;56.619998931884766;54.779998779296875;56.31999969482422;791000;50.50007247924805
2023-10-06;55.65999984741211;58.689998626708984;55.0;57.75;834700;51.78230667114258
2023-10-09;56.16999816894531;58.18000030517578;56.04999923706055;57.75;713100;51.78230667114258
2023-10-10;58.47999954223633;60.18000030517578;58.279998779296875;59.060001373291016;913700;52.956947326660156
2023-10-11;59.65999984741211;60.290000915527344;58.0099983215332;59.29999923706055;534400;53.17213439941406
2023-10-12;59.7599983215332;59.7599983215332;56.970001220703125;58.13999938964844;575900;52.13201141357422
2023-10-13;59.29999923706055;60.79999923706055;57.529998779296875;58.41999816894531;1201200;52.3830680847168
2023-10-16;59.630001068115234;61.13999938964844;59.369998931884766;60.130001068115234;584700;53.91636657714844
2023-10-17;59.38999938964844;62.290000915527344;59.380001068115234;61.15999984741211;632600;54.839927673339844
2023-10-18;60.18000030517578;60.34000015258789;57.65999984741211;58.02000045776367;714500;52.0244026184082
2023-10-19;57.91999816894531;58.54999923706055;55.5099983215332;55.790000915527344;1108900;50.024845123291016
2023-10-20;55.369998931884766;55.849998474121094;52.849998474121094;53.130001068115234;980200;47.63972473144531
2023-10-23;52.56999969482422;53.77000045776367;51.880001068115234;51.95000076293945;880600;46.581661224365234
2023-10-24;52.75;53.75;52.25;53.060001373291016;642000;47.576961517333984
2023-10-25;52.54999923706055;53.54999923706055;52.0099983215332;52.560001373291016;742200;47.128623962402344
2023-10-26;52.02000045776367;53.56999969482422;51.790000915527344;52.18000030517578;1015200;46.78789520263672
2023-10-27;51.91999816894531;52.02000045776367;48.72999954223633;49.22999954223633;1479800;44.14273452758789
2023-10-30;50.22999954223633;52.13999938964844;49.84000015258789;51.72999954223633;782200;46.384395599365234
2023-10-31;52.13999938964844;53.54999923706055;51.779998779296875;53.45000076293945;766500;47.926658630371094
2023-11-01;53.7599983215332;55.11000061035156;53.380001068115234;54.459999084472656;954200;48.83229064941406
2023-11-02;55.95000076293945;58.439998626708984;55.709999084472656;58.31999969482422;1016100;52.29341125488281
2023-11-03;60.040000915527344;61.45000076293945;59.91999816894531;60.70000076293945;1061300;54.427467346191406
2023-11-06;61.0;61.29999923706055;59.099998474121094;59.9900016784668;656100;53.790828704833984
2023-11-07;59.52000045776367;60.18000030517578;59.18000030517578;59.689998626708984;488100;53.52183532714844
2023-11-08;59.75;60.099998474121094;58.81999969482422;59.84000015258789;468700;53.656333923339844
2023-11-09;60.529998779296875;60.7599983215332;58.849998474121094;59.119998931884766;507900;53.010738372802734
2023-11-10;59.93000030517578;61.2400016784668;59.0;61.130001068115234;591700;54.81303405761719
2023-11-13;60.459999084472656;61.33000183105469;60.18000030517578;60.7599983215332;426500;54.48126220703125
2023-11-14;62.84000015258789;65.23999786376953;62.720001220703125;64.31999969482422;1048100;57.67339324951172
2023-11-15;64.5999984741211;65.86000061035156;64.55000305175781;65.5;614400;58.731449127197266
2023-11-16;65.69999694824219;66.26000213623047;65.22000122070312;65.97000122070312;489600;59.152889251708984
2023-11-17;66.79000091552734;67.08999633789062;66.25;67.04000091552734;372200;60.1123161315918
2023-11-20;66.68000030517578;68.26000213623047;66.29000091552734;67.69000244140625;495600;60.695152282714844
2023-11-21;67.44000244140625;68.19999694824219;67.36000061035156;67.61000061035156;392500;60.623409271240234
2023-11-22;68.13999938964844;68.81999969482422;67.70999908447266;68.38999938964844;452400;61.32280731201172
2023-11-24;68.3499984741211;69.31999969482422;68.3499984741211;68.87999725341797;406200;61.76216506958008
2023-11-27;68.26000213623047;68.62000274658203;67.8499984741211;68.37000274658203;352500;61.304874420166016
2023-11-28;68.1500015258789;68.88999938964844;67.66000366210938;68.19999694824219;479500;61.152435302734375
2023-11-29;69.0;70.83999633789062;68.95999908447266;69.68000030517578;725300;62.4795036315918
2023-11-30;69.97000122070312;71.9000015258789;69.41999816894531;71.80000305175781;622200;64.38043212890625
2023-12-01;71.45999908447266;73.75;71.23999786376953;73.31999969482422;719400;65.74336242675781
2023-12-04;72.04000091552734;74.0999984741211;72.04000091552734;73.25;586000;65.68060302734375
2023-12-05;72.30999755859375;72.61000061035156;71.18000030517578;72.19000244140625;531200;64.7301254272461
2023-12-06;73.25;74.0999984741211;70.80999755859375;71.12000274658203;583200;63.77069091796875
2023-12-07;71.43000030517578;72.12000274658203;71.05999755859375;71.83999633789062;384700;64.41629028320312
2023-12-08;71.91999816894531;73.41000366210938;71.47000122070312;72.9800033569336;512400;65.43849182128906
2023-12-11;73.16000366210938;74.80000305175781;73.12000274658203;74.4800033569336;464600;66.78347778320312
2023-12-12;74.72000122070312;76.05000305175781;74.0199966430664;76.01000213623047;955000;68.15538024902344
2023-12-13;76.20999908447266;79.94000244140625;75.62000274658203;79.66999816894531;1081900;71.43717193603516
2023-12-14;81.61000061035156;82.8499984741211;80.66999816894531;81.9000015258789;1326100;73.4367446899414
2023-12-15;80.0;81.05999755859375;79.16000366210938;80.47000122070312;1048500;72.15450286865234
2023-12-18;81.5999984741211;82.05000305175781;81.0199966430664;81.25;916600;72.85391235351562
2023-12-19;81.26000213623047;83.1500015258789;80.5199966430664;83.12000274658203;755600;74.53065490722656
2023-12-20;82.19000244140625;82.91999816894531;78.66000366210938;78.75;972700;70.61222839355469
2023-12-21;79.30999755859375;80.5199966430664;78.30000305175781;80.36000061035156;812300;72.40802764892578
2023-12-22;80.91000366210938;81.83999633789062;80.0;80.80999755859375;612000;72.81349182128906
2023-12-26;81.0;82.27999877929688;80.6500015258789;81.7699966430664;425800;73.67848205566406
2023-12-27;81.36000061035156;82.58999633789062;80.91999816894531;82.41999816894531;833200;74.26416778564453
2023-12-28;82.2300033569336;83.7699966430664;82.19999694824219;83.19000244140625;509800;74.95800018310547
2023-12-29;83.02999877929688;83.5;81.66000366210938;82.6500015258789;770200;74.47142028808594
2024-01-02;81.31999969482422;83.5;81.29000091552734;83.37999725341797;720300;75.12918090820312
2024-01-03;82.25;82.66000366210938;80.87999725341797;81.36000061035156;803100;73.30907440185547
2024-01-04;81.62999725341797;84.13999938964844;81.62999725341797;82.16000366210938;1401900;74.02991485595703
2024-01-05;82.19999694824219;84.45999908447266;81.9800033569336;83.08000183105469;866800;74.85887145996094
2024-01-08;83.25;84.83000183105469;81.93000030517578;84.76000213623047;648300;76.37263488769531
2024-01-09;83.4000015258789;83.4000015258789;82.3499984741211;82.94000244140625;628400;74.73272705078125
2024-01-10;82.76000213623047;83.72000122070312;81.9800033569336;83.47000122070312;464400;75.21026611328125
2024-01-11;83.0;83.38999938964844;80.58000183105469;82.26000213623047;1077000;74.12001037597656
2024-01-12;83.37999725341797;84.5;80.91000366210938;81.80999755859375;641400;73.71453857421875
2024-01-16;79.81999969482422;80.68000030517578;78.81999969482422;80.05000305175781;653900;72.12870788574219
2024-01-17;78.12999725341797;80.6500015258789;78.0;79.61000061035156;637900;71.73223876953125
2024-01-18;79.4800033569336;80.19000244140625;77.68000030517578;79.88999938964844;704900;71.98454284667969
2024-01-19;80.81999969482422;84.19000244140625;80.16999816894531;83.97000122070312;1264300;75.66079711914062
2024-01-22;84.79000091552734;86.23999786376953;84.47000122070312;84.9800033569336;994200;76.57083892822266
2024-01-23;85.12999725341797;85.55999755859375;84.3499984741211;85.22000122070312;633000;76.78710174560547
2024-01-24;86.61000061035156;87.7699966430664;86.27999877929688;86.44999694824219;848500;77.89539337158203
2024-01-25;87.3499984741211;87.91000366210938;85.9800033569336;87.86000061035156;754200;79.16587829589844
2024-01-26;87.19000244140625;88.93000030517578;86.87999725341797;88.48999786376953;610700;79.73351287841797
2024-01-29;87.87999725341797;89.3499984741211;87.0199966430664;89.33000183105469;670400;80.49040222167969
2024-01-30;89.3499984741211;92.83999633789062;89.33000183105469;92.52999877929688;1363600;83.37374114990234
2024-01-31;92.0;93.98999786376953;89.0;89.0;898000;80.19307708740234
2024-02-01;88.58999633789062;89.62000274658203;85.56999969482422;89.33999633789062;987400;80.4994125366211
2024-02-02;88.88999938964844;91.69000244140625;88.4000015258789;90.5;688400;81.54461669921875
2024-02-05;88.93000030517578;89.68000030517578;87.69999694824219;88.75;544200;79.9677963256836
2024-02-06;88.56999969482422;89.76000213623047;88.16999816894531;89.55000305175781;531600;80.68863677978516
2024-02-07;90.55999755859375;91.66999816894531;88.93000030517578;91.48999786376953;533800;82.4366683959961
2024-02-08;90.19000244140625;91.0;88.54000091552734;90.19000244140625;796300;81.26530456542969
2024-02-09;90.12999725341797;91.0;89.16999816894531;90.83999633789062;578100;81.85096740722656
2024-02-12;90.87999725341797;93.33999633789062;90.30000305175781;92.05999755859375;680500;82.95024871826172
2024-02-13;90.01000213623047;90.68000030517578;86.26000213623047;88.5;1204100;79.74253845214844
2024-02-14;89.76000213623047;91.08999633789062;88.95999908447266;90.87999725341797;809600;81.88702392578125
2024-02-15;91.72000122070312;96.02999877929688;91.66000366210938;95.33999633789062;1780400;85.90568542480469
2024-02-16;94.81999969482422;95.69000244140625;93.9000015258789;94.54000091552734;947600;85.18485260009766
2024-02-20;92.56999969482422;94.62000274658203;92.22000122070312;93.58999633789062;625400;84.328857421875
2024-02-21;93.13999938964844;94.43000030517578;92.27999877929688;94.2699966430664;581100;84.9415512084961
2024-02-22;95.69999694824219;98.66999816894531;95.5;97.95999908447266;1108300;88.26641082763672
2024-02-23;98.58999633789062;100.22000122070312;98.48999786376953;98.81999969482422;854100;89.04132080078125
2024-02-26;98.7699966430664;100.7300033569336;97.04000091552734;97.4800033569336;784300;87.83392333984375
2024-02-27;97.98999786376953;98.37000274658203;96.31999969482422;98.30000305175781;645300;88.57279205322266
2024-02-28;97.69000244140625;100.37999725341797;97.6500015258789;99.31999969482422;652600;89.49183654785156
2024-02-29;100.30000305175781;100.68000030517578;97.9800033569336;99.04000091552734;632900;89.23955535888672
2024-03-01;98.97000122070312;99.73999786376953;97.73999786376953;98.66000366210938;506900;88.89716339111328
2024-03-04;98.1500015258789;100.23999786376953;98.0;99.25;703800;89.42877960205078
2024-03-05;98.4800033569336;101.12999725341797;98.37999725341797;99.66999816894531;806300;89.80721282958984
2024-03-06;100.30999755859375;101.86000061035156;98.55000305175781;100.87999725341797;747500;90.89747619628906
2024-03-07;102.05000305175781;102.58000183105469;99.38999938964844;100.36000061035156;690300;90.42894744873047
2024-03-08;100.88999938964844;102.4000015258789;100.5;100.88999938964844;933400;90.90647888183594
2024-03-11;100.0;101.68000030517578;99.26000213623047;101.5199966430664;771600;91.4741439819336
2024-03-12;102.01000213623047;103.51000213623047;101.01000213623047;102.79000091552734;804500;92.61848449707031
2024-03-13;102.9800033569336;104.94999694824219;102.9800033569336;104.58999633789062;629500;94.24036407470703
2024-03-14;104.69000244140625;105.5;100.58000183105469;102.30999755859375;1071500;92.18597412109375
2024-03-15;100.33999633789062;103.30000305175781;100.0;102.16999816894531;400700;92.05982971191406
2024-03-18;103.0199966430664;104.0;101.41000366210938;103.47000122070312;707000;93.231201171875
2024-03-19;103.37000274658203;104.86000061035156;103.30000305175781;104.51000213623047;490100;94.50071716308594
2024-03-20;104.3499984741211;108.69999694824219;103.79000091552734;108.55000305175781;613000;98.15380096435547
2024-03-21;109.33999633789062;111.8499984741211;108.8499984741211;111.13999938964844;1130800;100.49574279785156
2024-03-22;111.29000091552734;112.0999984741211;107.0199966430664;107.06999969482422;731600;96.81553649902344
2024-03-25;107.06999969482422;107.44999694824219;105.91999816894531;106.16000366210938;428100;95.9926986694336
2024-03-26;107.12999725341797;107.8499984741211;105.93000030517578;106.9800033569336;420000;96.73416137695312
2024-03-27;108.44999694824219;110.76000213623047;107.61000061035156;110.76000213623047;678300;100.15214538574219
2024-03-28;111.01000213623047;113.08000183105469;110.33000183105469;112.19999694824219;603800;101.45420837402344
2024-04-01;112.52999877929688;112.87999725341797;109.8499984741211;110.19999694824219;558800;99.64575958251953
2024-04-02;109.06999969482422;109.83000183105469;108.16000366210938;108.93000030517578;533900;98.49739074707031
2024-04-03;108.86000061035156;110.87000274658203;107.75;108.58000183105469;508300;98.18092346191406
2024-04-04;110.83000183105469;111.7699966430664;104.44999694824219;104.81999969482422;946500;94.78102111816406
2024-04-05;105.4800033569336;108.41999816894531;104.87000274658203;107.48999786376953;770900;97.19530487060547
2024-04-08;107.87000274658203;109.55000305175781;107.58000183105469;108.95999908447266;490000;98.5245361328125
2024-04-09;109.31999969482422;109.98999786376953;104.47000122070312;107.22000122070312;830700;96.95117950439453
2024-04-10;103.72000122070312;105.2300033569336;101.36000061035156;102.19999694824219;1194800;92.41194915771484
2024-04-11;102.29000091552734;102.48999786376953;98.2300033569336;100.37000274658203;1271500;90.75721740722656
2024-04-12;97.75;99.0999984741211;94.79000091552734;96.22000122070312;1099000;87.00469207763672
2024-04-15;99.41999816894531;100.79000091552734;93.62999725341797;94.44999694824219;1139800;85.4041976928711
2024-04-16;94.9800033569336;95.30000305175781;92.05999755859375;92.66999816894531;832600;83.79469299316406
2024-04-17;93.77999877929688;94.94999694824219;92.05999755859375;93.20999908447266;623700;84.28296661376953
2024-04-18;94.25;96.52999877929688;93.5;94.13999938964844;545000;85.12389373779297
2024-04-19;95.38999938964844;98.4000015258789;95.01000213623047;97.93000030517578;767800;88.55091857910156
2024-04-22;99.48999786376953;103.08999633789062;98.27999877929688;101.58999633789062;612300;91.86036682128906
2024-04-23;102.7300033569336;104.05999755859375;102.0;103.55999755859375;343000;93.64169311523438
2024-04-24;102.56999969482422;103.62000274658203;101.68000030517578;103.19999694824219;425900;93.3161849975586
2024-04-25;101.41000366210938;102.41000366210938;98.69000244140625;101.43000030517578;530300;91.71569061279297
2024-04-26;100.62999725341797;102.44000244140625;100.19999694824219;100.62999725341797;315600;90.99231719970703
2024-04-29;101.0;102.0;99.25;100.33000183105469;267400;90.7210464477539
2024-04-30;99.62000274658203;100.19999694824219;97.36000061035156;97.41999816894531;288000;88.08975982666016
2024-05-01;97.08999633789062;100.7699966430664;96.80999755859375;97.30000305175781;534500;87.98123931884766
2024-05-02;99.25;99.72000122070312;95.93000030517578;97.9000015258789;642400;88.5237808227539
2024-05-03;99.66999816894531;100.27999877929688;97.19000244140625;98.83000183105469;450700;89.36471557617188
2024-05-06;100.55000305175781;102.30000305175781;100.19999694824219;102.22000122070312;373500;92.4300537109375
2024-05-07;103.16999816894531;103.94999694824219;102.61000061035156;103.26000213623047;295900;93.37045288085938
2024-05-08;103.02999877929688;104.95999908447266;102.18000030517578;104.4000015258789;253900;94.40126037597656
2024-05-09;103.7699966430664;106.69999694824219;103.56999969482422;106.58000183105469;449000;96.37246704101562
2024-05-10;107.70999908447266;108.44000244140625;107.44000244140625;107.94000244140625;374900;97.60221862792969
2024-05-13;108.83999633789062;109.27999877929688;106.55999755859375;106.7300033569336;274300;96.50811004638672
2024-05-14;107.41999816894531;108.31999969482422;106.5;108.01000213623047;301700;97.66551208496094
2024-05-15;109.2699966430664;110.79000091552734;108.7300033569336;110.5199966430664;413400;99.93511199951172
2024-05-16;110.66999816894531;111.9800033569336;110.25;110.31999969482422;483300;99.7542724609375
2024-05-17;110.80999755859375;112.37000274658203;110.5;112.31999969482422;376200;101.56272888183594
2024-05-20;111.79000091552734;112.44000244140625;108.01000213623047;108.30999755859375;589300;97.93678283691406
2024-05-21;108.44999694824219;110.4000015258789;108.44999694824219;110.01000213623047;381300;99.47396850585938
2024-05-22;109.37999725341797;110.7699966430664;107.5999984741211;108.41999816894531;378900;98.03623962402344
2024-05-23;108.01000213623047;108.0199966430664;102.5;103.29000091552734;924000;93.39755249023438
2024-05-24;104.29000091552734;105.44000244140625;104.2300033569336;105.36000061035156;328500;95.2693099975586
2024-05-28;104.72000122070312;104.72000122070312;100.9000015258789;101.91999816894531;479900;92.15878295898438
2024-05-29;99.61000061035156;100.31999969482422;98.5;99.33000183105469;589600;89.81684875488281
2024-05-30;99.69999694824219;101.55999755859375;98.9000015258789;101.12999725341797;335400;91.44442749023438
2024-05-31;101.93000030517578;105.5199966430664;100.61000061035156;105.33999633789062;516800;95.251220703125
2024-06-03;105.5;105.72000122070312;100.47000122070312;103.4000015258789;643200;93.49703216552734
2024-06-04;101.88999938964844;104.08000183105469;100.41999816894531;101.8499984741211;301100;92.09548950195312
2024-06-05;102.83999633789062;102.9800033569336;100.5;102.69000244140625;326200;92.85503387451172
2024-06-06;102.87999725341797;104.05000305175781;101.36000061035156;102.6500015258789;583800;92.81885528564453
2024-06-07;102.1500015258789;105.45999908447266;101.91999816894531;103.66000366210938;497000;93.73213195800781
2024-06-10;102.38999938964844;102.87999725341797;100.54000091552734;102.45999908447266;329100;92.64705657958984
2024-06-11;101.29000091552734;101.29000091552734;97.58000183105469;98.68000030517578;681200;89.22908782958984
2024-06-12;101.83000183105469;102.4800033569336;98.30000305175781;98.7699966430664;621600;89.31045532226562
2024-06-13;98.69000244140625;98.69000244140625;96.4000015258789;98.31999969482422;507700;88.90355682373047
2024-06-14;96.20999908447266;97.93000030517578;95.4000015258789;97.47000122070312;491800;88.13497161865234
2024-06-17;96.79000091552734;99.94999694824219;96.0999984741211;99.8499984741211;439100;90.28703308105469
2024-06-18;99.62999725341797;101.72000122070312;99.20999908447266;101.58999633789062;342000;91.86036682128906
2024-06-20;101.0999984741211;104.05999755859375;100.70999908447266;103.16999816894531;461000;93.2890625
2024-06-21;102.88999938964844;102.88999938964844;100.2699966430664;102.18000030517578;352600;92.39386749267578
2024-06-24;102.7699966430664;107.01000213623047;102.52999877929688;105.0;713700;94.94380187988281
2024-06-25;104.3499984741211;105.16999816894531;101.55000305175781;102.05999755859375;423800;92.52328491210938
2024-06-26;101.12000274658203;101.12000274658203;99.01000213623047;100.68000030517578;455000;91.27223205566406
2024-06-27;99.58000183105469;100.41000366210938;98.29000091552734;99.9000015258789;477400;90.56511688232422
2024-06-28;100.69999694824219;102.81999969482422;99.79000091552734;100.98999786376953;575400;91.55326843261719
2024-07-01;102.1500015258789;104.19000244140625;100.43000030517578;101.51000213623047;631100;92.02467346191406
2024-07-02;101.0;104.94000244140625;100.72000122070312;104.86000061035156;376700;95.0616455078125
2024-07-03;105.36000061035156;105.56999969482422;103.91000366210938;104.33000183105469;248100;94.58116912841797
2024-07-05;104.38999938964844;104.38999938964844;102.01000213623047;103.5999984741211;324900;93.91937255859375
2024-07-08;104.2699966430664;106.12000274658203;102.66000366210938;103.20999908447266;401500;93.56581115722656
2024-07-09;103.6500015258789;107.33000183105469;102.94999694824219;105.13999938964844;685500;95.31548309326172
2024-07-10;104.04000091552734;106.51000213623047;103.58999633789062;106.47000122070312;502900;96.52120971679688
2024-07-11;106.52999877929688;109.44000244140625;105.80000305175781;109.22000122070312;738400;99.01422882080078
2024-07-12;108.66000366210938;111.29000091552734;107.66999816894531;109.9000015258789;849700;99.63069915771484
2024-07-15;111.01000213623047;115.04000091552734;110.93000030517578;114.41999816894531;1218600;103.72834777832031
2024-07-16;115.22000122070312;118.70999908447266;114.41000366210938;118.61000061035156;1337900;107.52680969238281
2024-07-17;117.91000366210938;121.87000274658203;117.69999694824219;121.47000122070312;1155600;110.11955261230469
2024-07-18;119.8499984741211;123.66000366210938;115.94999694824219;116.80999755859375;1597800;105.89500427246094
2024-07-19;116.5;117.16999816894531;112.83000183105469;113.44999694824219;834000;102.8489761352539
2024-07-22;114.0;115.62000274658203;112.38999938964844;115.36000061035156;887800;104.58050537109375
2024-07-23;115.7699966430664;117.38999938964844;115.11000061035156;115.66000366210938;659700;104.85245513916016
2024-07-24;114.0;115.19999694824219;111.0199966430664;111.30999755859375;862300;100.908935546875
2024-07-25;111.62999725341797;116.98999786376953;111.3499984741211;112.33000183105469;1073700;101.83363342285156
2024-07-26;113.9000015258789;118.25;113.61000061035156;117.37000274658203;999300;106.40269470214844
2024-07-29;118.02999877929688;118.19999694824219;114.94000244140625;116.54000091552734;798300;105.65023803710938
2024-07-30;118.69999694824219;121.9000015258789;118.69000244140625;120.51000213623047;951400;109.249267578125
2024-07-31;122.19999694824219;122.69999694824219;119.51000213623047;119.80999755859375;789200;108.61469268798828
2024-08-01;120.87999725341797;121.61000061035156;113.08000183105469;114.73999786376953;1338400;104.01842498779297
2024-08-02;110.37999725341797;111.80000305175781;103.98999786376953;106.18000030517578;2000700;96.25829315185547
2024-08-05;99.11000061035156;99.69000244140625;95.43000030517578;97.3499984741211;1319200;88.2533950805664
2024-08-06;98.26000213623047;104.8499984741211;97.2699966430664;101.2699966430664;896500;91.80709838867188
2024-08-07;105.0;107.6500015258789;101.33000183105469;101.63999938964844;776500;92.14251708984375
2024-08-08;103.61000061035156;106.9800033569336;103.19999694824219;106.44999694824219;547400;96.5030746459961
2024-08-09;106.51000213623047;108.68000030517578;105.20999908447266;107.80999755859375;479100;97.73597717285156
2024-08-12;108.7699966430664;109.23999786376953;105.52999877929688;106.23999786376953;465200;96.31269836425781
2024-08-13;107.9800033569336;108.91999816894531;105.69000244140625;108.72000122070312;419500;98.56094360351562
2024-08-14;109.5;113.30999755859375;109.30999755859375;112.80000305175781;583700;102.25971221923828
2024-08-15;116.48999786376953;117.69999694824219;114.76000213623047;116.12999725341797;470900;105.2785415649414
2024-08-16;115.38999938964844;118.20999908447266;115.38999938964844;118.1500015258789;400100;107.10979461669922
2024-08-19;118.51000213623047;120.2300033569336;118.4000015258789;120.11000061035156;426500;108.88665008544922
2024-08-20;119.88999938964844;120.05000305175781;118.25;118.8499984741211;374700;107.744384765625
2024-08-21;119.75;119.94999694824219;116.51000213623047;118.41000366210938;431500;107.34550476074219
2024-08-22;118.63999938964844;120.23999786376953;118.41000366210938;120.22000122070312;368100;108.98638153076172
2024-08-23;121.2699966430664;124.18000030517578;120.52999877929688;123.19000244140625;753100;111.67884826660156
2024-08-26;124.6500015258789;126.48999786376953;123.63999938964844;124.5;533000;112.8664321899414
2024-08-27;124.80999755859375;126.48999786376953;124.5999984741211;126.20999908447266;391900;114.4166488647461
2024-08-28;125.37999725341797;129.3000030517578;124.95999908447266;127.33000183105469;927400;115.4320068359375
2024-08-29;128.77000427246094;131.8800048828125;125.93000030517578;130.50999450683594;819800;118.31485748291016
2024-08-30;131.6699981689453;134.5;129.77000427246094;134.05999755859375;637000;121.53311920166016
2024-09-03;132.30999755859375;135.3000030517578;129.30999755859375;131.19000244140625;1151300;118.93131256103516
2024-09-04;131.6199951171875;134.3800048828125;129.60000610351562;131.27999877929688;601200;119.01290893554688
2024-09-05;132.8300018310547;133.3300018310547;125.43000030517578;127.25;651300;115.3594741821289
2024-09-06;126.69999694824219;129.1300048828125;120.63999938964844;121.48999786376953;1175200;110.1376953125
2024-09-09;124.66999816894531;128.7899932861328;124.3499984741211;126.51000213623047;674600;114.68860626220703
2024-09-10;128.27000427246094;128.27000427246094;118.5999984741211;122.81999969482422;876900;111.34342193603516
2024-09-11;121.19999694824219;121.66000366210938;113.68000030517578;120.97000122070312;1018000;109.66629028320312
2024-09-12;121.91999816894531;123.04000091552734;118.8499984741211;121.80999755859375;440000;110.42778778076172
2024-09-13;123.02999877929688;124.25;122.0999984741211;123.02999877929688;447300;111.5337905883789
2024-09-16;124.41999816894531;127.5999984741211;124.41999816894531;127.44000244140625;486000;115.53172302246094
2024-09-17;128.27000427246094;130.72999572753906;128.0;129.52999877929688;581300;117.42642974853516
2024-09-18;129.92999267578125;132.60000610351562;127.51000213623047;128.25;676000;116.26602935791016
2024-09-19;132.35000610351562;133.5;129.50999450683594;132.61000061035156;650600;120.21862030029297
2024-09-20;131.5;131.7100067138672;129.32000732421875;131.27000427246094;391100;119.00383758544922
2024-09-23;132.08999633789062;133.58999633789062;131.02000427246094;131.74000549316406;331300;119.42992401123047
2024-09-24;130.0800018310547;130.0800018310547;126.5999984741211;127.87000274658203;599200;116.20026397705078
2024-09-25;127.76000213623047;128.52000427246094;124.44999694824219;125.41999816894531;467600;113.9738540649414
2024-09-26;126.69999694824219;128.27999877929688;125.41999816894531;127.47000122070312;473700;115.83676147460938
2024-09-27;127.93000030517578;130.91000366210938;127.5999984741211;128.42999267578125;343000;116.70913696289062
2024-09-30;127.70999908447266;130.10000610351562;125.80000305175781;129.7899932861328;340200;117.9450454711914
2024-10-01;129.17999267578125;129.67999267578125;125.2699966430664;127.69999694824219;613600;116.04576873779297
2024-10-02;127.44000244140625;129.0;125.69000244140625;127.94999694824219;325400;116.27295684814453
2024-10-03;126.8499984741211;127.3499984741211;124.16999816894531;126.08000183105469;468800;114.57362365722656
2024-10-04;129.5800018310547;132.69000244140625;128.25;132.4499969482422;739900;120.36226654052734
2024-10-07;132.11000061035156;132.4499969482422;125.88999938964844;127.66000366210938;485000;116.00944519042969
2024-10-08;129.17999267578125;130.4499969482422;128.22999572753906;129.86000061035156;418700;118.00863647460938
2024-10-09;129.3300018310547;133.83999633789062;128.83999633789062;132.9600067138672;401500;120.82573699951172
2024-10-10;133.49000549316406;133.67999267578125;130.30999755859375;131.8000030517578;327100;119.7716064453125
2024-10-11;134.0;140.10000610351562;134.0;139.10000610351562;925300;126.4053955078125
2024-10-14;140.17999267578125;142.39999389648438;138.91000366210938;141.6999969482422;544500;128.7681121826172
2024-10-15;145.0;147.22999572753906;142.3699951171875;142.9499969482422;995600;129.90403747558594
2024-10-16;144.3300018310547;148.24000549316406;143.63999938964844;147.85000610351562;706600;134.35682678222656
2024-10-17;150.0;151.0399932861328;148.9600067138672;149.3000030517578;455200;135.67449951171875
2024-10-18;149.2899932861328;150.10000610351562;146.66000366210938;149.4199981689453;423800;135.7835693359375
2024-10-21;148.5399932861328;149.39999389648438;144.72999572753906;145.38999938964844;442600;132.12135314941406
2024-10-22;143.72999572753906;145.3800048828125;141.27999877929688;144.75;1811800;131.53973388671875
2024-10-23;144.00999450683594;145.25;142.2899932861328;144.22999572753906;379800;131.0672149658203
2024-10-24;144.5;144.88999938964844;141.97999572753906;144.5500030517578;344000;131.35801696777344
2024-10-25;146.32000732421875;146.80999755859375;138.69000244140625;139.8699951171875;558600;127.1051025390625
2024-10-28;141.77999877929688;145.1300048828125;141.6999969482422;144.61000061035156;440100;131.4125213623047
2024-10-29;143.63999938964844;144.86000061035156;141.82000732421875;142.0800018310547;485000;129.1134033203125
2024-10-30;142.60000610351562;146.6199951171875;142.3699951171875;144.00999450683594;410600;130.8672637939453
2024-10-31;143.63999938964844;144.64999389648438;138.27999877929688;138.30999755859375;482600;125.6874771118164
2024-11-01;139.22999572753906;142.5;138.30999755859375;138.8000030517578;444600;126.13277435302734
2024-11-04;138.99000549316406;139.33999633789062;133.80999755859375;136.00999450683594;404100;123.59737396240234
2024-11-05;135.8800048828125;140.0;135.8800048828125;139.99000549316406;330700;127.21417236328125
2024-11-06;160.6699981689453;166.38999938964844;157.67999267578125;165.6199951171875;2372400;150.5050811767578
2024-11-07;163.6999969482422;164.0500030517578;156.4600067138672;157.6699981689453;1140600;143.28065490722656
2024-11-08;160.16000366210938;163.97999572753906;158.0399932861328;161.30999755859375;710500;146.5884552001953
2024-11-11;165.94000244140625;170.57000732421875;165.94000244140625;168.11000061035156;756000;152.76785278320312
2024-11-12;167.85000610351562;168.61000061035156;165.0;166.58999633789062;505800;151.38658142089844
2024-11-13;167.72000122070312;170.32000732421875;166.13999938964844;166.77999877929688;424400;151.55921936035156
2024-11-14;168.0800018310547;168.9499969482422;164.4499969482422;165.27000427246094;456700;150.18702697753906
2024-11-15;164.7899932861328;168.8800048828125;164.7899932861328;167.66000366210938;450800;152.35894775390625
2024-11-18;168.27000427246094;169.83999633789062;165.85000610351562;168.92999267578125;584100;153.51303100585938
2024-11-19;164.4600067138672;167.39999389648438;162.97000122070312;165.57000732421875;574000;150.4596710205078
2024-11-20;167.89999389648438;167.89999389648438;161.60000610351562;164.05999755859375;476000;149.08749389648438
2024-11-21;166.6199951171875;172.4199981689453;165.22000122070312;170.2100067138672;789300;154.67620849609375
2024-11-22;169.8300018310547;176.17999267578125;169.67999267578125;175.6199951171875;578800;159.5924835205078
2024-11-25;178.6300048828125;181.0;177.1199951171875;178.97999572753906;678800;162.64584350585938
2024-11-26;179.16000366210938;181.22999572753906;176.0500030517578;180.14999389648438;450100;163.7090606689453
2024-11-27;180.7100067138672;184.8800048828125;180.63999938964844;181.14999389648438;459800;164.6177978515625
2024-11-29;183.39999389648438;184.25;180.89999389648438;182.0;296200;165.39022827148438
2024-12-02;182.69000244140625;183.2100067138672;175.0399932861328;176.66000366210938;814700;160.53756713867188
2024-12-03;178.5;179.0;172.4499969482422;172.60000610351562;659300;156.8480987548828
2024-12-04;172.5;172.5;168.6699981689453;170.5800018310547;601900;155.01243591308594
2024-12-05;171.0800018310547;174.47000122070312;170.61000061035156;171.77000427246094;466200;156.09384155273438
2024-12-06;171.82000732421875;173.27999877929688;170.1999969482422;171.72000122070312;292800;156.04840087890625
2024-12-09;171.72999572753906;172.17999267578125;164.32000732421875;164.5800018310547;612000;149.56002807617188
2024-12-10;164.89999389648438;167.0;161.0;164.3699951171875;493600;149.36917114257812
2024-12-11;165.88999938964844;166.33999633789062;163.05999755859375;165.38999938964844;414000;150.29608154296875
2024-12-12;165.77000427246094;166.8800048828125;163.0;163.2100067138672;266300;148.31504821777344
2024-12-13;164.57000732421875;164.99000549316406;161.2899932861328;161.5800018310547;370100;146.8337860107422
2024-12-16;162.8300018310547;163.27999877929688;160.57000732421875;161.63999938964844;334600;146.88833618164062
2024-12-17;159.5;159.52999877929688;156.39999389648438;157.91000366210938;508200;143.4987335205078
2024-12-18;158.77999877929688;159.86000061035156;143.3699951171875;144.05999755859375;1046800;130.9127197265625
2024-12-19;147.89999389648438;151.63999938964844;145.0399932861328;145.22999572753906;718400;131.97593688964844
2024-12-20;143.94000244140625;154.8000030517578;143.4199981689453;151.27000427246094;953700;137.46473693847656
2024-12-23;148.97999572753906;152.6999969482422;147.1999969482422;152.22999572753906;684400;138.51199340820312
2024-12-24;153.36000061035156;157.75999450683594;152.30999755859375;157.4199981689453;447900;143.23428344726562
2024-12-26;155.89999389648438;158.80999755859375;155.1999969482422;158.58999633789062;322200;144.29888916015625
2024-12-27;156.14999389648438;159.10000610351562;152.61000061035156;154.8300018310547;765400;140.87770080566406
2024-12-30;150.36000061035156;152.57000732421875;146.47000122070312;150.49000549316406;622400;136.9287872314453
2024-12-31;151.6300048828125;153.0500030517578;149.36000061035156;150.97999572753906;545400;137.37464904785156
2025-01-02;153.0800018310547;154.8699951171875;147.25;149.67999267578125;899100;136.19180297851562
2025-01-03;152.22999572753906;153.33999633789062;148.1199951171875;153.22000122070312;551000;139.4127960205078
2025-01-06;154.9199981689453;157.02000427246094;150.89999389648438;151.3800048828125;733700;137.7386016845703
2025-01-07;153.75;154.5500030517578;148.55999755859375;150.67999267578125;639800;137.10166931152344
2025-01-08;150.64999389648438;152.05999755859375;147.6300048828125;151.8300018310547;681600;138.14805603027344
2025-01-10;147.92999267578125;148.4499969482422;139.25999450683594;140.85000610351562;1125800;128.1575164794922
2025-01-13;138.72000122070312;143.9199981689453;138.22000122070312;143.57000732421875;877000;130.6323699951172
2025-01-14;145.44000244140625;149.38999938964844;144.4600067138672;148.99000549316406;862600;135.56398010253906
2025-01-15;158.61000061035156;161.64999389648438;155.9600067138672;160.6699981689453;1356100;146.19146728515625
2025-01-16;160.3000030517578;163.89999389648438;160.11000061035156;163.3000030517578;711500;148.5844268798828
2025-01-17;164.75;168.25;162.5;167.41000366210938;980200;152.32408142089844
2025-01-21;169.16000366210938;172.17999267578125;169.0;171.5500030517578;702500;156.09103393554688
2025-01-22;171.22999572753906;171.6300048828125;167.13999938964844;169.11000061035156;673900;153.8708953857422
2025-01-23;169.6999969482422;172.94000244140625;169.6999969482422;172.08999633789062;510300;156.58233642578125
2025-01-24;170.1999969482422;173.89999389648438;169.5399932861328;173.02999877929688;489500;157.43763732910156
2025-01-27;171.92999267578125;179.13999938964844;170.91000366210938;179.02000427246094;1170300;162.88784790039062
2025-01-28;178.11000061035156;180.33999633789062;175.85000610351562;177.97999572753906;597200;161.9415740966797
2025-01-29;176.5;182.3300018310547;176.5;177.66000366210938;510700;161.65042114257812
2025-01-30;181.99000549316406;185.38999938964844;179.27999877929688;182.5399932861328;649400;166.0906524658203
2025-01-31;183.07000732421875;184.63999938964844;178.99000549316406;179.50999450683594;641500;163.3336944580078
2025-02-03;171.3800048828125;178.25999450683594;168.1199951171875;177.14999389648438;1032100;161.18637084960938
2025-02-04;177.2100067138672;178.24000549316406;174.32000732421875;175.50999450683594;498700;159.69415283203125
2025-02-05;177.89999389648438;181.25;175.50999450683594;181.14999389648438;458000;164.82591247558594
2025-02-06;184.61000061035156;185.75999450683594;182.00999450683594;185.61000061035156;739500;168.88401794433594
2025-02-07;186.6300048828125;187.14999389648438;181.92999267578125;182.13999938964844;971100;165.72669982910156
2025-02-10;183.2100067138672;184.0;175.75;178.0;834800;161.9597930908203
2025-02-11;176.9600067138672;180.3699951171875;173.9199981689453;179.4199981689453;470900;163.25180053710938
2025-02-12;175.74000549316406;177.55999755859375;172.8800048828125;176.8800048828125;956100;160.94068908691406
2025-02-13;178.75;181.49000549316406;176.39999389648438;180.72999572753906;522600;164.4437713623047
2025-02-14;181.4199981689453;183.92999267578125;181.22999572753906;181.3300018310547;381900;164.9897003173828
2025-02-18;182.27000427246094;185.6300048828125;181.00999450683594;185.57000732421875;819300;168.8476104736328
2025-02-19;183.9499969482422;186.22999572753906;182.5;185.5800018310547;505500;168.85671997070312
2025-02-20;184.9199981689453;184.92999267578125;173.2899932861328;176.75999450683594;751900;160.8314971923828
2025-02-21;177.61000061035156;178.0;169.22000122070312;170.22999572753906;572600;154.88995361328125
2025-02-24;172.52000427246094;176.77999877929688;169.69000244140625;172.6300048828125;523200;157.07366943359375
2025-02-25;175.4199981689453;176.8000030517578;165.5500030517578;172.16000366210938;662800;156.6460418701172
2025-02-26;172.5;175.8699951171875;170.11000061035156;171.0800018310547;433400;155.66336059570312
2025-02-27;172.86000061035156;180.61000061035156;172.55999755859375;173.85000610351562;632200;158.18374633789062
2025-02-28;176.33999633789062;185.2100067138672;174.1699981689453;184.57000732421875;643300;167.937744140625
2025-03-03;185.8800048828125;189.22999572753906;175.67999267578125;179.77999877929688;967600;163.5793914794922
2025-03-04;174.17999267578125;174.72999572753906;157.8300018310547;160.75;1609300;146.26422119140625
2025-03-05;160.75999450683594;165.6699981689453;157.16000366210938;163.61000061035156;997500;148.86651611328125
2025-03-06;157.5;160.92999267578125;152.17999267578125;155.22000122070312;932000;141.23257446289062
2025-03-07;153.0399932861328;154.47000122070312;144.44000244140625;152.5500030517578;1142300;138.80316162109375
2025-03-10;144.9600067138672;147.74000549316406;137.17999267578125;142.25;1103700;129.4313201904297
2025-03-11;141.61000061035156;142.75999450683594;135.74000549316406;138.52000427246094;997900;126.03746795654297
2025-03-12;142.97999572753906;143.5800018310547;135.1699981689453;139.27999877929688;803100;126.72895050048828
2025-03-13;139.83999633789062;142.50999450683594;135.72999572753906;136.91000366210938;552500;124.57254791259766
2025-03-14;140.55999755859375;146.91000366210938;138.4600067138672;146.3000030517578;680300;133.11636352539062
2025-03-17;144.58999633789062;153.4499969482422;144.58999633789062;151.42999267578125;499000;137.78408813476562
2025-03-18;151.69000244140625;153.1300048828125;149.0;150.72000122070312;364900;137.13807678222656
2025-03-19;151.5399932861328;158.0;149.08999633789062;155.44000244140625;653800;141.43272399902344
2025-03-20;152.8000030517578;159.32000732421875;152.19000244140625;156.44000244140625;529100;142.34262084960938
2025-03-21;153.8300018310547;156.0;150.24000549316406;153.9199981689453;501300;140.04969787597656
2025-03-24;159.0;163.52999877929688;157.92999267578125;162.3800048828125;478500;147.7473602294922
2025-03-25;163.8699951171875;165.36000061035156;161.5;164.5800018310547;282800;150.1708221435547
2025-03-26;165.8699951171875;169.39999389648438;161.27000427246094;163.19000244140625;672300;148.90249633789062
2025-03-27;161.82000732421875;164.66000366210938;158.3800048828125;162.0;373300;147.81668090820312
2025-03-28;160.7100067138672;163.14999389648438;150.88999938964844;152.33999633789062;601100;139.00242614746094
2025-03-31;148.3000030517578;160.30999755859375;146.75;158.1300048828125;949000;144.2855224609375
2025-04-01;156.17999267578125;159.5;152.16000366210938;157.42999267578125;1064300;143.64682006835938
2025-04-02;153.88999938964844;162.8800048828125;153.19000244140625;161.58999633789062;671500;147.44261169433594
2025-04-03;142.89999389648438;146.77000427246094;136.72999572753906;137.27999877929688;1317000;125.2609634399414
2025-04-04;123.6500015258789;126.12999725341797;106.3499984741211;107.44999694824219;3189500;98.04261779785156
2025-04-07;96.16000366210938;117.55000305175781;92.66000366210938;106.7300033569336;2590800;97.38565063476562
2025-04-08;118.62999725341797;121.5;100.11000061035156;105.30999755859375;2056900;96.08998107910156
2025-04-09;100.55999755859375;131.4499969482422;98.81999969482422;128.86000061035156;3267800;117.57814025878906
2025-04-10;122.94999694824219;123.19000244140625;106.70999908447266;117.87000274658203;1802300;107.55033874511719
2025-04-11;115.4800033569336;125.77999877929688;113.55000305175781;123.27999877929688;1401100;112.48667907714844
2025-04-14;129.0800018310547;130.8699951171875;125.19999694824219;127.31999969482422;781600;116.17296600341797
2025-04-15;129.57000732421875;133.3000030517578;127.98999786376953;128.19000244140625;626500;116.96680450439453
2025-04-16;127.2699966430664;128.6999969482422;119.37999725341797;122.08000183105469;780800;111.39173126220703
2025-04-17;121.97000122070312;127.37000274658203;121.19999694824219;123.0999984741211;789700;112.32243347167969
2025-04-21;121.0;121.98999786376953;111.0;115.11000061035156;810700;105.03197479248047
2025-04-22;120.0999984741211;127.22000122070312;119.08000183105469;126.23999786376953;823300;115.18751525878906
2025-04-23;133.2899932861328;138.9499969482422;129.44000244140625;130.75999450683594;1341300;119.31178283691406
2025-04-24;129.57000732421875;135.77999877929688;128.0;135.22000122070312;556200;123.38131713867188
2025-04-25;133.16000366210938;134.8800048828125;130.47999572753906;133.35000610351562;503800;121.675048828125
2025-04-28;134.72000122070312;137.64999389648438;131.5;134.58999633789062;536300;122.80645751953125
2025-04-29;134.3699951171875;139.0;132.55999755859375;138.32000732421875;518800;126.20992279052734
2025-04-30;133.99000549316406;140.50999450683594;128.5;138.77999877929688;932400;126.62963104248047
2025-05-01;138.0;141.6300048828125;136.3300018310547;138.89999389648438;636500;126.7391128540039
2025-05-02;145.0;149.02999877929688;143.92999267578125;147.66000366210938;793100;134.732177734375
2025-05-05;143.83999633789062;148.0;141.66000366210938;144.57000732421875;541600;131.91270446777344
2025-05-06;141.0;145.35000610351562;140.3800048828125;142.22999572753906;475000;129.77757263183594
2025-05-07;143.13999938964844;146.75;143.0;144.5800018310547;638400;131.9218292236328
2025-05-08;148.02999877929688;152.5500030517578;147.0;147.9600067138672;1020200;135.00592041015625
2025-05-09;149.16000366210938;149.64999389648438;146.77000427246094;148.00999450683594;543300;135.05152893066406
2025-05-12;160.32000732421875;160.32000732421875;154.16000366210938;157.07000732421875;647200;143.31832885742188
2025-05-13;158.33999633789062;161.0500030517578;157.44000244140625;158.89999389648438;580200;144.98806762695312
2025-05-14;159.0800018310547;159.6199951171875;156.0500030517578;157.58999633789062;492800;143.79278564453125
2025-05-15;157.0;161.38999938964844;156.8699951171875;160.92999267578125;654200;146.84036254882812
2025-05-16;160.07000732421875;164.13999938964844;159.39999389648438;163.7899932861328;578000;149.44996643066406
2025-05-19;159.8000030517578;165.0800018310547;159.75;163.5500030517578;774500;149.2310028076172
2025-05-20;161.0800018310547;162.66000366210938;158.80999755859375;160.75999450683594;385100;146.6852569580078
2025-05-21;157.47000122070312;159.22999572753906;150.63999938964844;151.16000366210938;668100;137.92575073242188
2025-05-22;150.0;152.94000244140625;148.22000122070312;150.25;516700;137.09542846679688
2025-05-23;144.6999969482422;150.6300048828125;144.50999450683594;148.60000610351562;679500;135.5898895263672
2025-05-27;152.24000549316406;156.58999633789062;150.47000122070312;156.36000061035156;530900;142.67047119140625
2025-05-28;156.16000366210938;157.1999969482422;152.61000061035156;153.27000427246094;321700;139.8510284423828
2025-05-29;154.85000610351562;155.61000061035156;151.27999877929688;155.32000732421875;387100;141.72154235839844
2025-05-30;153.91000366210938;157.1699981689453;151.8800048828125;156.02000427246094;661600;142.36024475097656
2025-06-02;153.33999633789062;156.75;150.1999969482422;156.75;560200;143.02633666992188
2025-06-03;155.24000549316406;157.8000030517578;151.39999389648438;157.63999938964844;707100;143.8384246826172
2025-06-04;158.0500030517578;158.63999938964844;154.6699981689453;154.85000610351562;387700;141.29269409179688
2025-06-05;155.32000732421875;155.55999755859375;151.64999389648438;153.30999755859375;695300;139.8874969482422
2025-06-06;157.57000732421875;160.41000366210938;156.83999633789062;159.1699981689453;568000;145.2344512939453
2025-06-09;159.57000732421875;159.57000732421875;153.5;156.25999450683594;570900;142.57923889160156
2025-06-10;156.41000366210938;157.00999450683594;155.25;156.99000549316406;507200;143.24534606933594
2025-06-11;156.97999572753906;159.32000732421875;154.5;156.3800048828125;535300;142.68875122070312
2025-06-12;153.60000610351562;156.1999969482422;151.5399932861328;156.11000061035156;525100;142.44236755371094
2025-06-13;150.13999938964844;151.1999969482422;145.1699981689453;146.58999633789062;1168500;133.75584411621094
2025-06-16;149.6699981689453;154.47999572753906;149.5;151.74000549316406;691700;138.45494079589844
2025-06-17;149.0500030517578;150.97999572753906;147.52000427246094;148.5;626300;135.49862670898438
2025-06-18;148.58999633789062;153.42999267578125;147.8800048828125;148.52999877929688;737100;135.52601623535156
2025-06-20;149.83999633789062;151.50999450683594;148.49000549316406;149.6199951171875;568100;136.5205841064453
2025-06-23;149.8800048828125;155.3699951171875;146.52999877929688;155.19000244140625;891900;141.60292053222656
2025-06-24;159.0;163.32000732421875;158.8699951171875;161.4600067138672;848300;147.79537963867188
2025-06-25;161.7100067138672;161.7100067138672;158.9199981689453;159.6999969482422;544500;146.184326171875
2025-06-26;160.41000366210938;163.77000427246094;159.91000366210938;163.24000549316406;625000;149.42474365234375
2025-06-27;163.5;167.47000122070312;162.5;164.50999450683594;806400;150.58724975585938
2025-06-30;167.1999969482422;169.32000732421875;166.5;168.60000610351562;726300;154.3311309814453
2025-07-01;167.7899932861328;172.5;167.47000122070312;171.44000244140625;635500;156.93077087402344
2025-07-02;172.22999572753906;172.49000549316406;168.41000366210938;171.0;675500;156.5279998779297
2025-07-03;171.9499969482422;177.24000549316406;171.60000610351562;176.63999938964844;550400;161.69065856933594
2025-07-07;175.6300048828125;176.97999572753906;168.75;171.44000244140625;723300;156.93077087402344
2025-07-08;170.4499969482422;170.52000427246094;166.39999389648438;166.6999969482422;564400;152.5919189453125
2025-07-09;169.17999267578125;169.39999389648438;166.07000732421875;168.4600067138672;540000;154.20297241210938
2025-07-10;168.08999633789062;171.8300018310547;167.66000366210938;171.3300018310547;507200;156.830078125
2025-07-11;168.0500030517578;168.24000549316406;165.1999969482422;165.94000244140625;587000;151.89622497558594
2025-07-14;165.8000030517578;169.8000030517578;164.63999938964844;169.4499969482422;541800;155.10916137695312
2025-07-15;167.5500030517578;168.60000610351562;160.97999572753906;160.97999572753906;996800;147.3560028076172
2025-07-16;163.3699951171875;164.57000732421875;157.75;164.49000549316406;945200;150.56893920898438
2025-07-17;162.72999572753906;169.58999633789062;162.16000366210938;168.6999969482422;599300;154.4226531982422
2025-07-18;169.5;170.0;168.00999450683594;168.8800048828125;413700;154.58743286132812
2025-07-21;169.2100067138672;172.7100067138672;167.27000427246094;167.5800018310547;553600;153.39744567871094
2025-07-22;168.8300018310547;170.8000030517578;168.02999877929688;170.19000244140625;413400;155.7865447998047
2025-07-23;171.0800018310547;174.08999633789062;168.9600067138672;173.69000244140625;751100;158.99034118652344
2025-07-24;174.1699981689453;177.41000366210938;173.39999389648438;173.67999267578125;485800;158.98117065429688
2025-07-25;174.4600067138672;177.72999572753906;173.0;177.41000366210938;487200;162.39549255371094
2025-07-28;177.11000061035156;177.3300018310547;172.5;173.42999267578125;457500;158.75233459472656
2025-07-29;174.5;175.7899932861328;169.7899932861328;170.63999938964844;437300;156.19845581054688
2025-07-30;170.83999633789062;173.0399932861328;167.42999267578125;169.8699951171875;458100;155.49363708496094
2025-07-31;167.47999572753906;172.6699981689453;165.6999969482422;166.3699951171875;524400;152.2898406982422
2025-08-01;160.6300048828125;160.6300048828125;153.92999267578125;157.24000549316406;819700;143.93252563476562
2025-08-04;159.10000610351562;161.82000732421875;158.0399932861328;161.82000732421875;457000;148.1249237060547
2025-08-05;162.66000366210938;163.36000061035156;156.6999969482422;159.77000427246094;449600;146.2484130859375
2025-08-06;160.7899932861328;162.8000030517578;159.5500030517578;162.14999389648438;448300;148.42698669433594
2025-08-07;164.44000244140625;164.94000244140625;155.3699951171875;156.88999938964844;735900;143.6121368408203
2025-08-08;159.33999633789062;161.97000122070312;157.77999877929688;160.89999389648438;487300;147.2827606201172
2025-08-11;161.74000549316406;162.55999755859375;159.72999572753906;160.8300018310547;353500;147.21868896484375
2025-08-12;162.6699981689453;167.22000122070312;162.66000366210938;166.24000549316406;577300;152.1708526611328
2025-08-13;168.1999969482422;170.63999938964844;166.75;169.3699951171875;451500;155.03594970703125
2025-08-14;168.4499969482422;171.94000244140625;167.3000030517578;171.85000610351562;320700;157.30606079101562
2025-08-15;172.6699981689453;172.6699981689453;165.85000610351562;166.1699981689453;462200;152.10678100585938
2025-08-18;165.42999267578125;167.02999877929688;164.55999755859375;166.5;205300;152.40884399414062
2025-08-19;166.35000610351562;169.91000366210938;165.91000366210938;167.22000122070312;314100;153.06788635253906
2025-08-20;167.75999450683594;171.0800018310547;166.3699951171875;169.83999633789062;490500;155.46617126464844
2025-08-21;168.19000244140625;169.0800018310547;165.0;168.02999877929688;324200;153.80934143066406
2025-08-22;170.72999572753906;177.44000244140625;170.24000549316406;176.32000732421875;844100;161.39776611328125
2025-08-25;175.5800018310547;176.2899932861328;173.0500030517578;173.30999755859375;395400;158.64248657226562
2025-08-26;171.97000122070312;177.2899932861328;171.74000549316406;177.1999969482422;388300;162.2032928466797
2025-08-27;175.94000244140625;179.86000061035156;175.69000244140625;178.1199951171875;465200;163.04541015625
2025-08-28;179.33999633789062;179.72000122070312;177.41000366210938;178.77000427246094;270300;163.6404266357422
2025-08-29;179.0;181.52999877929688;178.24000549316406;180.00999450683594;395100;164.77545166015625
2025-09-02;176.9499969482422;177.0500030517578;171.3000030517578;175.9199981689453;656200;161.0316162109375
2025-09-03;175.27999877929688;176.0;171.60000610351562;175.1199951171875;432000;160.29928588867188
2025-09-04;176.72999572753906;180.69000244140625;175.72000122070312;180.52999877929688;419400;165.25144958496094
2025-09-05;180.91000366210938;182.1699981689453;168.5;170.49000549316406;947300;156.0611572265625
2025-09-08;170.83999633789062;171.25999450683594;168.13999938964844;170.6300048828125;426100;156.18931579589844
2025-09-09;169.75;175.3800048828125;169.0399932861328;172.8000030517578;586000;158.17567443847656
2025-09-10;171.0500030517578;173.3699951171875;168.9600067138672;171.10000610351562;440300;156.61953735351562
2025-09-11;171.72999572753906;179.77999877929688;171.5;179.49000549316406;633500;164.2994842529297
2025-09-12;178.52000427246094;179.72000122070312;176.1999969482422;177.05999755859375;443900;162.07513427734375
2025-09-15;177.86000061035156;179.80999755859375;175.19000244140625;176.0;289300;161.10484313964844
2025-09-16;175.66000366210938;175.66000366210938;171.72999572753906;174.61000061035156;479500;159.83248901367188
2025-09-17;175.3300018310547;181.97999572753906;175.32000732421875;179.6199951171875;856500;164.41847229003906
2025-09-18;179.67999267578125;183.67999267578125;178.64999389648438;179.92999267578125;478000;164.70223999023438
2025-09-19;181.27000427246094;182.52000427246094;177.75;180.72999572753906;507700;165.43453979492188
2025-09-22;177.52000427246094;180.8000030517578;176.61000061035156;180.3000030517578;307200;165.04090881347656
2025-09-23;179.60000610351562;184.75;176.2100067138672;177.27000427246094;408000;162.61911010742188
2025-09-24;178.10000610351562;179.35000610351562;174.88999938964844;176.02999877929688;295100;161.48159790039062
2025-09-25;174.39999389648438;176.8300018310547;172.39999389648438;174.52000427246094;330000;160.0963897705078
2025-09-26;176.6699981689453;180.5;176.16000366210938;178.13999938964844;344100;163.41720581054688
2025-09-29;180.0;180.9199981689453;177.0;180.5500030517578;285500;165.62803649902344
2025-09-30;179.8300018310547;181.69000244140625;173.72999572753906;177.89999389648438;592400;163.19703674316406
2025-10-01;175.82000732421875;176.88999938964844;173.33999633789062;173.3699951171875;558300;159.04141235351562
2025-10-02;172.99000549316406;174.1300048828125;170.16000366210938;173.0399932861328;470100;158.7386932373047
2025-10-03;173.47999572753906;178.72999572753906;173.10000610351562;176.39999389648438;636000;161.8209991455078
2025-10-06;178.35000610351562;179.60000610351562;172.1999969482422;176.24000549316406;501000;161.6742401123047
2025-10-07;177.5500030517578;179.5;174.41000366210938;176.6699981689453;372500;162.0686798095703
2025-10-08;178.14999389648438;178.14999389648438;172.5;174.42999267578125;600500;160.01382446289062
2025-10-09;175.19000244140625;176.91000366210938;170.97999572753906;172.13999938964844;645500;157.91310119628906
2025-10-10;173.47000122070312;175.41000366210938;160.82000732421875;160.99000549316406;1419500;147.6846160888672
2025-10-13;164.49000549316406;166.7899932861328;162.5;165.5800018310547;776100;151.89527893066406
2025-10-14;162.6199951171875;174.66000366210938;161.36000061035156;170.80999755859375;1038900;156.69300842285156
2025-10-15;173.61000061035156;175.72999572753906;166.97999572753906;170.67999267578125;801300;156.57374572753906
2025-10-16;169.0;169.5;154.4199981689453;156.4499969482422;1264800;143.5198211669922
2025-10-17;157.66000366210938;161.67999267578125;156.07000732421875;160.19000244140625;889700;146.95071411132812
2025-10-20;161.52999877929688;166.5500030517578;161.1199951171875;165.60000610351562;542000;151.9136199951172
2025-10-21;164.6999969482422;168.6300048828125;163.97999572753906;164.8800048828125;358900;151.25311279296875
2025-10-22;165.5;165.5;159.22000122070312;161.97000122070312;588400;148.5836181640625
2025-10-23;163.44000244140625;164.39999389648438;160.80999755859375;163.2100067138672;334600;149.72113037109375
2025-10-24;165.6699981689453;169.8000030517578;165.6699981689453;168.33999633789062;562400;154.42713928222656
2025-10-27;170.41000366210938;171.11000061035156;169.1300048828125;170.0500030517578;397200;155.99583435058594
2025-10-28;170.17999267578125;170.75;166.5;166.9499969482422;460600;153.15200805664062
2025-10-29;161.6199951171875;163.0;156.39999389648438;158.4499969482422;1043200;145.35452270507812
2025-10-30;157.88999938964844;165.0800018310547;157.88999938964844;159.80999755859375;696800;146.60214233398438
2025-10-31;157.85000610351562;162.0399932861328;157.0;160.60000610351562;427100;147.32684326171875
2025-11-03;160.60000610351562;160.61000061035156;154.1999969482422;158.69000244140625;769900;145.57470703125
2025-11-04;157.10000610351562;162.27000427246094;155.85000610351562;161.0399932861328;561200;147.73045349121094
2025-11-05;161.52999877929688;164.67999267578125;158.9199981689453;162.55999755859375;382900;149.12484741210938
2025-11-06;162.00999450683594;163.6699981689453;158.8300018310547;161.0800018310547;381800;147.7671661376953
2025-11-07;159.91000366210938;164.39999389648438;157.92999267578125;164.22999572753906;563600;150.65682983398438
2025-11-10;165.33999633789062;167.60000610351562;163.0800018310547;165.9499969482422;530200;152.2346649169922
2025-11-11;166.33999633789062;169.3000030517578;165.19000244140625;167.86000061035156;335200;153.98683166503906
2025-11-12;168.60000610351562;174.50999450683594;168.60000610351562;172.39999389648438;628900;158.15159606933594
2025-11-13;171.74000549316406;173.00999450683594;164.9600067138672;165.55999755859375;904000;151.8769073486328
2025-11-14;164.0;164.0;159.02999877929688;160.7899932861328;752200;147.50112915039062
2025-11-17;160.97000122070312;160.97000122070312;149.67999267578125;151.39999389648438;802700;138.88720703125
2025-11-18;150.0;154.0;148.74000549316406;150.6699981689453;585100;138.217529296875
2025-11-19;150.91000366210938;153.0;149.10000610351562;152.52000427246094;410700;139.91464233398438
2025-11-20;156.16000366210938;159.5500030517578;148.1699981689453;148.42999267578125;791200;136.16265869140625
2025-11-21;151.19000244140625;155.55999755859375;148.49000549316406;153.22999572753906;634400;140.56594848632812
2025-11-24;153.69000244140625;155.6199951171875;149.89999389648438;155.05999755859375;448300;142.24468994140625
2025-11-25;156.6199951171875;161.77999877929688;155.13999938964844;160.6999969482422;487100;147.4185791015625
2025-11-26;161.52000427246094;166.14999389648438;161.32000732421875;164.42999267578125;534800;150.84030151367188
2025-11-28;165.60000610351562;169.8000030517578;165.0;167.7100067138672;198000;153.84922790527344
2025-12-01;165.25;168.2899932861328;163.1999969482422;163.50999450683594;318900;149.99632263183594
2025-12-02;164.17999267578125;165.77999877929688;161.3300018310547;163.25;342300;149.75782775878906
2025-12-03;163.66000366210938;169.99000549316406;163.60000610351562;169.3699951171875;356200;155.3720245361328
2025-12-04;170.0;172.80999755859375;168.9199981689453;170.5;381100;156.4086151123047
2025-12-05;169.5500030517578;173.08999633789062;168.25;170.7100067138672;392800;156.60128784179688
2025-12-08;170.8699951171875;170.8699951171875;166.88999938964844;168.64999389648438;323400;154.71151733398438
2025-12-09;168.67999267578125;173.07000732421875;166.47999572753906;166.60000610351562;599700;152.83096313476562
2025-12-10;155.02999877929688;162.0;153.92999267578125;160.17999267578125;876500;158.4444580078125
2025-12-11;160.69000244140625;169.97999572753906;160.69000244140625;169.1999969482422;698200;167.36672973632812
2025-12-12;171.52000427246094;172.0;167.36000061035156;169.47999572753906;476900;167.64370727539062
2025-12-15;171.63999938964844;172.89999389648438;168.5;170.27999877929688;344000;168.43502807617188
2025-12-16;170.4499969482422;171.49000549316406;165.33999633789062;166.5399932861328;560700;164.7355499267578
2025-12-17;168.1199951171875;170.5399932861328;166.27000427246094;166.41000366210938;458600;164.6069793701172
2025-12-18;168.0;170.10000610351562;163.9499969482422;165.72000122070312;404000;163.9244384765625
2025-12-19;166.0500030517578;169.8000030517578;166.0500030517578;168.47999572753906;311500;166.654541015625
2025-12-22;169.25;175.5;169.11000061035156;174.41000366210938;454800;172.52029418945312
2025-12-23;174.0;176.1999969482422;173.9499969482422;174.85000610351562;254700;173.3401641845703
2025-12-24;175.66000366210938;179.24000549316406;174.66000366210938;177.75;257900;176.21511840820312
2025-12-26;177.07000732421875;178.1999969482422;174.80999755859375;176.4199981689453;291900;174.89659118652344
2025-12-29;176.02999877929688;177.14999389648438;173.16000366210938;173.6999969482422;402900;172.2000732421875
2025-12-30;174.08999633789062;174.1699981689453;171.9499969482422;172.24000549316406;296300;170.752685546875
2025-12-31;172.5399932861328;173.07000732421875;168.19000244140625;168.3300018310547;390000;166.87646484375
2026-01-02;169.24000549316406;170.25;164.22999572753906;169.64999389648438;677500;168.18504333496094
2026-01-05;168.67999267578125;184.1999969482422;168.52000427246094;180.7100067138672;987500;179.14956665039062
2026-01-06;179.41000366210938;184.39999389648438;179.3699951171875;183.4600067138672;476200;181.8758087158203
2026-01-07;182.3800048828125;182.57000732421875;174.8699951171875;175.52999877929688;764100;174.01426696777344
2026-01-08;174.02999877929688;181.5;173.66000366210938;178.5;527100;176.95863342285156
2026-01-09;178.89999389648438;180.5800018310547;176.47999572753906;176.47999572753906;358700;174.95606994628906
2026-01-12;170.0;172.9600067138672;168.0;172.25999450683594;929700;170.7725067138672
2026-01-13;171.0399932861328;171.4499969482422;161.63999938964844;162.60000610351562;1440600;161.1959228515625
2026-01-14;160.82000732421875;162.0;157.4600067138672;162.0;1093800;160.60110473632812
2026-01-15;161.99000549316406;166.42999267578125;161.99000549316406;163.3800048828125;939300;161.96920776367188
2026-01-16;163.57000732421875;166.8000030517578;162.50999450683594;163.88999938964844;564700;162.4747772216797
2026-01-20;156.8300018310547;160.89999389648438;151.86000061035156;152.69000244140625;1099100;151.3715057373047
2026-01-21;154.42999267578125;158.0;153.0;154.75;974000;153.41372680664062
2026-01-22;156.75;159.97000122070312;156.47000122070312;157.85000610351562;650500;156.48695373535156
2026-01-23;155.00999450683594;155.3000030517578;149.61000061035156;151.22999572753906;898600;149.92410278320312
2026-01-26;151.4600067138672;155.27999877929688;151.33999633789062;154.02999877929688;462900;152.69992065429688
2026-01-27;153.52999877929688;153.99000549316406;149.1999969482422;150.58999633789062;711200;149.28964233398438
2026-01-28;149.6699981689453;152.1999969482422;148.4600067138672;150.35000610351562;669700;149.0517120361328
2026-01-29;152.6300048828125;155.75999450683594;150.33999633789062;154.8800048828125;735700;153.54258728027344
2026-01-30;153.52000427246094;155.8800048828125;150.4499969482422;154.0399932861328;649400;152.7098388671875
2026-02-02;154.25;159.5;152.0;158.74000549316406;592400;157.3692626953125
2026-02-03;156.74000549316406;160.17999267578125;151.41000366210938;154.64999389648438;899900;153.3145751953125
2026-02-04;154.6199951171875;160.1699981689453;153.52999877929688;158.0399932861328;794300;156.67529296875
2026-02-05;158.17999267578125;159.19000244140625;151.39999389648438;152.27999877929688;792200;150.9650421142578
2026-02-06;156.80999755859375;161.2100067138672;156.74000549316406;160.33999633789062;711800;158.9554443359375
2026-02-09;159.0;161.66000366210938;157.3300018310547;157.58999633789062;416300;156.2291717529297
2026-02-10;155.49000549316406;160.3800048828125;150.4600067138672;154.19000244140625;686200;152.85855102539062
2026-02-11;155.25999450683594;157.52000427246094;146.85000610351562;147.27000427246094;1030400;145.99830627441406
2026-02-12;148.5;150.17999267578125;136.1699981689453;138.2100067138672;1100300;137.0165557861328
2026-02-13;137.41000366210938;140.0;134.7899932861328;138.00999450683594;853600;136.81825256347656
2026-02-17;139.82000732421875;143.85000610351562;139.5;142.24000549316406;614400;141.01174926757812
2026-02-18;143.47999572753906;146.86000061035156;142.92999267578125;145.42999267578125;430600;144.17417907714844
2026-02-19;141.58999633789062;143.60000610351562;138.30999755859375;141.67999267578125;597400;140.45657348632812
2026-02-20;140.75;144.36000061035156;138.07000732421875;144.22999572753906;782200;142.98455810546875
2026-02-23;141.77999877929688;144.0500030517578;129.11000061035156;130.0;1939800;128.87742614746094
2026-02-24;128.22000122070312;133.16000366210938;126.0;131.5399932861328;1304600;130.4041290283203
2026-02-25;133.77000427246094;138.61000061035156;133.10000610351562;138.1300048828125;979600;136.93722534179688
2026-02-26;139.4499969482422;144.74000549316406;139.27000427246094;143.3800048828125;785700;142.14190673828125
2026-02-27;137.9499969482422;139.52000427246094;131.17999267578125;134.7899932861328;1182900;133.62606811523438
2026-03-02;128.44000244140625;136.08999633789062;126.86000061035156;133.5800018310547;1114100;132.42652893066406
2026-03-03;126.30000305175781;135.4499969482422;124.01000213623047;132.91000366210938;1866600;131.76231384277344
2026-03-04;134.1300048828125;136.22000122070312;131.77000427246094;135.19000244140625;691900;134.0226287841797
2026-03-05;133.13999938964844;137.5;130.3300018310547;133.0;867000;131.85153198242188
2026-03-06;126.75;127.94999694824219;121.25;127.66000366210938;1151800;126.5576400756836
2026-03-09;122.70999908447266;127.20999908447266;117.12999725341797;125.6500015258789;1357200;124.56500244140625
2026-03-10;125.30999755859375;128.39999389648438;121.5;123.70999908447266;1291800;122.6417465209961
2026-03-11;123.08000183105469;124.0199966430664;117.51000213623047;120.66000366210938;1249800;119.61809539794922
2026-03-12;116.33000183105469;117.38999938964844;114.33000183105469;114.76000213623047;1642700;113.76903533935547
2026-03-13;116.69000244140625;118.9800033569336;114.69000244140625;114.83999633789062;1869500;113.84833526611328
2026-03-16;117.4000015258789;120.87000274658203;116.45999908447266;117.7699966430664;897400;116.75303649902344
2026-03-17;120.30000305175781;124.08999633789062;119.37000274658203;119.58000183105469;691400;118.54740905761719
2026-03-18;118.1500015258789;120.5999984741211;115.02999877929688;115.29000091552734;1021000;114.2944564819336
2026-03-19;113.9800033569336;116.72000122070312;112.1500015258789;115.33000183105469;1221900;114.33411407470703
2026-03-20;115.16999816894531;117.80000305175781;113.98999786376953;116.0199966430664;1572100;115.01815032958984
2026-03-23;122.02999877929688;123.19999694824219;118.77999877929688;119.08999633789062;1277900;118.06163787841797
2026-03-24;115.13999938964844;120.75;115.0;118.47000122070312;655300;118.04669189453125
2026-03-25;121.05000305175781;123.27999877929688;116.41999816894531;118.87000274658203;832700;118.44526672363281
2026-03-26;117.12000274658203;119.91000366210938;115.62999725341797;116.75;612400;116.33283996582031
2026-03-27;115.08999633789062;115.19999694824219;106.91000366210938;107.91000366210938;1146000;107.52442932128906
2026-03-30;110.62000274658203;113.94999694824219;109.77999877929688;111.41999816894531;832100;111.02188110351562
2026-03-31;115.3499984741211;119.06999969482422;112.51000213623047;118.5;1014600;118.07658386230469
2026-04-01;121.18000030517578;121.95999908447266;116.8499984741211;118.54000091552734;1055200;118.11643981933594
2026-04-02;114.13999938964844;121.5;112.9000015258789;119.66000366210938;1123000;119.2324447631836
2026-04-06;119.56999969482422;122.83000183105469;118.91999816894531;121.94000244140625;786300;121.5042953491211
2026-04-07;120.11000061035156;122.98999786376953;119.20999908447266;121.9800033569336;631700;121.54415130615234
2026-04-08;130.9499969482422;133.47000122070312;129.9600067138672;131.4499969482422;964600;130.98031616210938
2026-04-09;129.72999572753906;134.14999389648438;128.47999572753906;132.4600067138672;621800;131.98670959472656
2026-04-10;132.25;132.25;127.20999908447266;128.3300018310547;945200;127.8714599609375
2026-04-13;125.86000061035156;134.85000610351562;125.19000244140625;134.8000030517578;773700;134.31834411621094
2026-04-14;133.6999969482422;136.72000122070312;133.4199981689453;135.67999267578125;771700;135.1951904296875
2026-04-15;138.0;140.0500030517578;136.07000732421875;138.72000122070312;848800;138.22433471679688
2026-04-16;138.00999450683594;140.6699981689453;136.77000427246094;137.77000427246094;768800;137.27774047851562
2026-04-17;140.33999633789062;145.0;139.66000366210938;140.8300018310547;931100;140.32679748535156
2026-04-20;139.49000549316406;143.30999755859375;139.19000244140625;142.16000366210938;637000;141.6520538330078
2026-04-21;142.69000244140625;146.7100067138672;138.74000549316406;139.5;1239500;139.00155639648438
2026-04-22;140.83999633789062;142.22000122070312;137.74000549316406;138.5;545000;138.005126953125
2026-04-23;137.83999633789062;138.32000732421875;131.49000549316406;135.4499969482422;773600;134.9660186767578
2026-04-24;133.58999633789062;134.55999755859375;131.69000244140625;132.67999267578125;623200;132.20591735839844
2026-04-27;131.5;136.05999755859375;131.3000030517578;135.35000610351562;405600;134.8663787841797
2026-04-28;138.3000030517578;139.88999938964844;135.25999450683594;135.8300018310547;439600;135.34466552734375
2026-04-29;137.5;139.0500030517578;134.44000244140625;136.25999450683594;442300;135.7731170654297
2026-04-30;133.0;138.6300048828125;130.66000366210938;137.9199981689453;625900;137.4272003173828
2026-05-01;139.55999755859375;141.39999389648438;136.00999450683594;136.00999450683594;452000;135.52401733398438
2026-05-04;134.99000549316406;138.0500030517578;132.66000366210938;133.38999938964844;611100;132.9133758544922
2026-05-05;133.88999938964844;134.6999969482422;131.8000030517578;133.4199981689453;614400;132.94326782226562
2026-05-06;135.82000732421875;138.27999877929688;134.75;135.1699981689453;684900;134.68702697753906
2026-05-07;134.60000610351562;137.02999877929688;131.94000244140625;132.88999938964844;639600;132.4151611328125
2026-05-08;133.7100067138672;134.17999267578125;129.66000366210938;130.41000366210938;648500;129.94403076171875
2026-05-11;130.67999267578125;132.0500030517578;128.2100067138672;129.8300018310547;543400;129.36610412597656
2026-05-12;130.08999633789062;133.75999450683594;127.0999984741211;132.7100067138672;646100;132.23582458496094
2026-05-13;130.25;130.9499969482422;128.11000061035156;128.47000122070312;511100;128.01095581054688
2026-05-14;130.35000610351562;132.0800018310547;129.10000610351562;130.5800018310547;461000;130.11341857910156
2026-05-15;130.27000427246094;132.0;128.5500030517578;129.0399932861328;470300;128.57891845703125
2026-05-18;128.60000610351562;134.1999969482422;128.38999938964844;133.67999267578125;538900;133.20233154296875
2026-05-19;132.6999969482422;134.11000061035156;128.47000122070312;128.91000366210938;554000;128.4493865966797
2026-05-20;129.8000030517578;133.35000610351562;126.4000015258789;132.7899932861328;598900;132.31552124023438
2026-05-21;131.82000732421875;134.17999267578125;129.5;133.52999877929688;566900;133.05288696289062
2026-05-22;134.9600067138672;136.77000427246094;134.25999450683594;134.91000366210938;612400;134.42794799804688
2026-05-26;135.3800048828125;137.1999969482422;133.3800048828125;134.5500030517578;606500;134.06924438476562
2026-05-27;134.00999450683594;135.27000427246094;130.1300048828125;131.0399932861328;710500;130.57177734375
2026-05-28;129.6999969482422;131.52999877929688;127.73999786376953;129.82000732421875;753800;129.35614013671875
2026-05-29;129.5500030517578;133.52999877929688;128.8300018310547;131.8800048828125;616800;131.40878295898438
2026-06-01;129.2899932861328;132.07000732421875;128.99000549316406;130.75999450683594;799200;130.2927703857422
2026-06-02;129.36000061035156;132.5;127.31999969482422;131.07000732421875;869200;130.6016845703125
2026-06-03;128.5;128.6199951171875;123.80000305175781;126.5199966430664;1028400;126.06792449951172
2026-06-04;130.83999633789062;136.99000549316406;130.83999633789062;136.35000610351562;1028700;135.86280822753906
2026-06-05;137.44000244140625;138.2899932861328;135.1699981689453;136.82000732421875;891400;136.3311309814453
2026-06-08;136.3000030517578;138.10000610351562;134.24000549316406;134.42999267578125;526500;133.9496612548828
2026-06-09;135.64999389648438;139.97000122070312;134.83999633789062;138.27999877929688;1224800;137.78590393066406
2026-06-10;137.9600067138672;140.77999877929688;136.1300048828125;136.1300048828125;577600;135.6436004638672
2026-06-11;137.13999938964844;140.3300018310547;134.77999877929688;139.11000061035156;818800;138.61294555664062
2026-06-12;141.33999633789062;146.49000549316406;140.75999450683594;144.8800048828125;982600;144.36233520507812
2026-06-15;148.1199951171875;149.9499969482422;146.0;146.55999755859375;622300;146.03631591796875
2026-06-16;149.8699951171875;153.74000549316406;148.99000549316406;153.0;651200;152.45330810546875
2026-06-17;152.5500030517578;157.57000732421875;149.33999633789062;150.72999572753906;780800;150.19142150878906
2026-06-18;154.24000549316406;155.0800018310547;145.44000244140625;146.3699951171875;545900;145.8470001220703
2026-06-22;147.8000030517578;151.4199981689453;147.72000122070312;148.88999938964844;461000;148.35800170898438
2026-06-23;147.38999938964844;151.0;146.60000610351562;149.88999938964844;307800;149.88999938964844
2026-06-24;149.85000610351562;151.6300048828125;147.0;148.50999450683594;445100;148.50999450683594
2026-06-25;150.07000732421875;156.3000030517578;145.75999450683594;146.17999267578125;592700;146.17999267578125
2026-06-26;147.17999267578125;150.0;144.11000061035156;147.00999450683594;475300;147.00999450683594
2026-06-29;147.75999450683594;150.77000427246094;147.75999450683594;148.1199951171875;341800;148.1199951171875
2026-06-30;147.94000244140625;149.1699981689453;145.5;147.17999267578125;370800;147.17999267578125
2026-07-01;148.5500030517578;159.30999755859375;148.5;157.02999877929688;704900;157.02999877929688
2026-07-02;160.69000244140625;164.08999633789062;158.64999389648438;163.85000610351562;710800;163.85000610351562
2026-07-06;165.0;168.64999389648438;163.58999633789062;168.5800018310547;597300;168.5800018310547
2026-07-07;169.75;172.4499969482422;167.3000030517578;167.5399932861328;669300;167.5399932861328
2026-07-08;165.10000610351562;165.10000610351562;157.72000122070312;157.97000122070312;520100;157.97000122070312
2026-07-09;158.58999633789062;163.99000549316406;157.9600067138672;162.7899932861328;409200;162.7899932861328
2026-07-10;166.0500030517578;166.8800048828125;161.02000427246094;163.97000122070312;381500;163.97000122070312
2026-07-13;166.02000427246094;168.0;163.1999969482422;167.00999450683594;549400;167.00999450683594
2026-07-14;163.25;173.6999969482422;163.1199951171875;168.1999969482422;918200;168.1999969482422
2026-07-15;169.7899932861328;173.8699951171875;168.02999877929688;171.61000061035156;677900;171.61000061035156
2026-07-16;172.97000122070312;174.11000061035156;169.9499969482422;173.1199951171875;390900;173.1199951171875
2026-07-17;170.3300018310547;174.7899932861328;167.50999450683594;168.4199981689453;553000;168.4199981689453
2026-07-20;168.8300018310547;169.60000610351562;165.32000732421875;166.6699981689453;393200;166.6699981689453
2026-07-21;166.39999389648438;169.13999938964844;163.74000549316406;167.22999572753906;332400;167.22999572753906
2026-07-22;167.5500030517578;168.5399932861328;165.38999938964844;166.58999633789062;385000;166.58999633789062
2026-07-23;163.27000427246094;164.74000549316406;161.3800048828125;164.6300048828125;292000;164.6300048828125
2026-07-24;164.6300048828125;169.1699981689453;163.44000244140625;168.74000549316406;329800;168.74000549316406
2026-07-27;172.64999389648438;176.0;171.2100067138672;173.8000030517578;416500;173.8000030517578
2026-07-28;176.17999267578125;180.27999877929688;174.5;180.05999755859375;641700;180.05999755859375
2026-07-29;176.39999389648438;179.07000732421875;170.88999938964844;171.75;465100;171.75
2026-07-30;173.2100067138672;174.97999572753906;167.19000244140625;174.47000122070312;397300;174.47000122070312
2026-07-31;173.1199951171875;175.5399932861328;171.6199951171875;174.02000427246094;332400;174.02000427246094
2026-08-03;177.94000244140625;179.38999938964844;174.49000549316406;177.74000549316406;410100;177.74000549316406
2026-08-04;176.75;183.67999267578125;176.25;182.35000610351562;434800;182.35000610351562
2026-08-05;184.94000244140625;187.25;181.64999389648438;183.6999969482422;399500;183.6999969482422
2026-08-06;187.1199951171875;187.1199951171875;179.60000610351562;181.44000244140625;282500;181.44000244140625
2026-08-07;180.0;181.24000549316406;177.2100067138672;179.57000732421875;258100;179.57000732421875
2026-08-10;178.92999267578125;183.39999389648438;178.22000122070312;181.3699951171875;240100;181.3699951171875
2026-08-11;181.4499969482422;184.11000061035156;180.6300048828125;181.25;194000;181.25
2026-08-12;181.60000610351562;183.02000427246094;180.3000030517578;182.16000366210938;186100;182.16000366210938
2026-08-13;184.89999389648438;186.0;180.8699951171875;185.30999755859375;307100;185.30999755859375
2026-08-14;184.7899932861328;185.77999877929688;183.6300048828125;184.5500030517578;132200;184.5500030517578
2026-08-17;182.5;185.27000427246094;178.77999877929688;178.80999755859375;245003;178.80999755859375
