datetime;open;high;low;close;volume;adjclose
2008-11-17;20.291667938232422;20.38888931274414;8.13888931274414;11.11111068725586;22867920;9.228625297546387
2008-11-24;12.9375;21.97222137451172;12.027777671813965;21.333332061767578;24970608;17.71895980834961
2008-12-01;19.11805534362793;19.24305534362793;11.270833015441895;18.59027862548828;59008464;15.44063949584961
2008-12-08;21.07638931274414;22.69444465637207;12.715277671813965;15.73611068725586;70458624;13.070038795471191
2008-12-15;15.881943702697754;19.40972137451172;13.38888931274414;16.38888931274414;66608928;13.636784553527832
2008-12-22;16.72222137451172;16.78472137451172;14.041666984558105;14.86111068725586;25449552;12.365559577941895
2008-12-29;15.104166984558105;18.51388931274414;13.805556297302246;17.979167938232422;31368240;14.9600191116333
2009-01-05;17.65972137451172;18.75;14.11111068725586;14.215277671813965;52850736;11.828179359436035
2009-01-12;14.131943702697754;14.20138931274414;7.840278148651123;8.895833015441895;179181360;7.4019999504089355
2009-01-19;7.840278148651123;7.881944179534912;5.006944179534912;6.256944179534912;444886416;5.2062482833862305
2009-01-26;6.576388835906982;8.70138931274414;5.7708330154418945;6.368055820465088;516702816;5.298701763153076
2009-02-02;5.8125;7.590278148651123;5.305555820465088;7.4375;568331424;6.1885576248168945
2009-02-09;7.638888835906982;8.006943702697754;5.138888835906982;5.506944179534912;794318832;4.582192420959473
2009-02-16;4.875;4.902778148651123;2.722222089767456;3.402777910232544;883450800;2.831366539001465
2009-02-23;3.7083330154418945;4.569444179534912;3.0416669845581055;3.402777910232544;1274688288;2.831366539001465
2009-03-02;3.1111109256744385;3.194443941116333;1.611111044883728;1.8333330154418945;1598845536;1.5254706144332886
2009-03-09;1.756943941116333;3.8263890743255615;1.701388955116272;3.5763890743255615;2298608784;2.9758243560791016
2009-03-16;3.819443941116333;5.4166669845581055;3.2013890743255615;3.4791669845581055;2198546640;2.8949286937713623
2009-03-23;4.298611164093018;5.1458330154418945;3.819443941116333;4.402778148651123;2303021520;3.6717402935028076
2009-03-30;3.743056058883667;5.0;3.305556058883667;5.0;2100344400;4.169801235198975
2009-04-06;4.6041669845581055;6.097221851348877;4.069444179534912;6.048611164093018;1411704432;5.0442986488342285
2009-04-13;5.763888835906982;6.9791669845581055;5.006944179534912;6.527778148651123;2317490064;5.443903923034668
2009-04-20;5.8125;6.118055820465088;3.8888890743255615;5.840278148651123;2837658096;4.8705573081970215
2009-04-27;5.430555820465088;6.1875;4.9791669845581055;5.430555820465088;1701571248;4.528866291046143
2009-05-04;5.618055820465088;9.215277671813965;5.4166669845581055;8.715277671813965;2114089056;7.268191337585449
2009-05-11;7.840278148651123;8.23611068725586;5.75;6.069444179534912;1861435152;5.061671257019043
2009-05-18;6.4583330154418945;7.4375;5.972221851348877;6.097221851348877;1686197232;5.084838390350342
2009-05-25;5.951388835906982;7.006944179534912;5.944444179534912;6.944444179534912;1232178336;5.791386604309082
2009-06-01;7.180555820465088;7.6875;6.527778148651123;7.1458330154418945;1389903120;5.9593377113342285
2009-06-08;7.006944179534912;7.527778148651123;6.8958330154418945;7.326388835906982;1083682800;6.109912872314453
2009-06-15;7.138888835906982;7.1666669845581055;5.840278148651123;6.618055820465088;1246222080;5.519191741943359
2009-06-22;6.368055820465088;6.4791669845581055;5.506944179534912;6.3541669845581055;1346744880;5.306389331817627
2009-06-29;6.4166669845581055;6.6458330154418945;5.777778148651123;5.7916669845581055;765620064;4.836644649505615
2009-07-06;5.6041669845581055;5.8125;4.875;5.202777862548828;1170547776;4.344859600067139
2009-07-13;5.47777795791626;6.920833110809326;5.4069437980651855;6.601388931274414;1612473840;5.512843608856201
2009-07-20;6.726388931274414;7.2916669845581055;6.308332920074463;7.151389122009277;1243787760;5.972152233123779
2009-07-27;7.161110877990723;8.090277671813965;7.090278148651123;7.995832920074463;1104600960;6.677350997924805
2009-08-03;8.461111068725586;11.022221565246582;8.32361125946045;10.568056106567383;1408798800;8.825422286987305
2009-08-10;10.565278053283691;10.75;9.248611450195312;10.223610877990723;1335111840;8.537775993347168
2009-08-17;9.362500190734863;10.872221946716309;8.972222328186035;10.754166603088379;1251498960;8.98084545135498
2009-08-24;11.148611068725586;11.431943893432617;10.409722328186035;11.13888931274414;1362564720;9.302129745483398
2009-08-31;10.574999809265137;11.152777671813965;9.081944465637207;9.9375;1262668320;8.298844337463379
2009-09-07;10.334721565246582;10.930556297302246;9.95138931274414;10.649999618530273;841770000;8.893856048583984
2009-09-14;10.3125;12.645833015441895;10.26388931274414;12.081944465637207;1296847440;10.089680671691895
2009-09-21;11.805556297302246;12.686111450195312;10.556943893432617;10.790278434753418;1002938400;9.028685569763184
2009-09-28;10.962499618530273;12.17361068725586;9.480555534362793;10.022221565246582;1246809600;8.386019706726074
2009-10-05;10.387499809265137;12.07361125946045;10.297222137451172;12.002778053283691;1083376080;10.043237686157227
2009-10-12;12.251388549804688;13.130556106567383;11.631943702697754;11.927778244018555;1015356960;9.98048210144043
2009-10-19;12.087499618530273;12.279167175292969;11.194443702697754;11.600000381469727;1043047440;9.706217765808105
2009-10-26;11.618056297302246;11.715277671813965;9.208333015441895;9.387499809265137;1514364480;7.854922771453857
2009-11-02;9.609722137451172;10.163888931274414;8.86111068725586;9.881943702697754;1647114480;8.268647193908691
2009-11-09;10.241666793823242;11.498611450195312;10.126388549804688;10.58055591583252;1327882320;8.853201866149902
2009-11-16;10.9375;11.265277862548828;10.297222137451172;10.420832633972168;1099815840;8.71955394744873
2009-11-23;10.75;11.01388931274414;9.618056297302246;9.73611068725586;687591360;8.14661979675293
2009-11-30;9.890277862548828;11.05138874053955;9.844444274902344;10.438888549804688;1175555520;8.734667778015137
2009-12-07;10.368056297302246;10.526389122009277;9.631943702697754;10.043055534362793;805353120;8.403456687927246
2009-12-14;10.152777671813965;10.276389122009277;9.55138874053955;9.934721946716309;684529200;8.312807083129883
2009-12-21;10.069443702697754;10.57638931274414;10.04861068725586;10.561111450195312;280015200;8.836934089660645
2009-12-28;10.637499809265137;10.713889122009277;10.243056297302246;10.295832633972168;195654240;8.614960670471191
2010-01-04;10.520833015441895;12.102778434753418;10.504166603088379;11.804166793823242;639122400;9.877050399780273
2010-01-11;12.065278053283691;12.086111068725586;11.127778053283691;11.26805591583252;781006320;9.428462028503418
2010-01-18;11.100000381469727;11.76805591583252;9.601388931274414;9.762499809265137;962518320;8.168701171875
2010-01-25;10.120833396911621;10.300000190734863;9.370833396911621;9.63888931274414;1301135040;8.065271377563477
2010-02-01;9.82638931274414;10.415278434753418;8.308333396911621;9.098610877990723;1338359760;7.61319637298584
2010-02-08;9.105555534362793;9.244443893432617;8.48611068725586;9.086111068725586;1363757760;7.602738380432129
2010-02-15;9.32638931274414;10.20138931274414;9.186111450195312;10.087499618530273;750134880;8.440641403198242
2010-02-22;10.208333015441895;10.581944465637207;9.805556297302246;10.411110877990723;1145539440;8.711421966552734
2010-03-01;10.540278434753418;11.609722137451172;10.277777671813965;11.568056106567383;943267680;9.679486274719238
2010-03-08;11.615278244018555;12.8125;11.434721946716309;12.38888931274414;973527840;10.366312980651855
2010-03-15;12.181943893432617;13.449999809265137;11.987500190734863;12.824999809265137;922190400;10.731225967407227
2010-03-22;12.466667175292969;14.305556297302246;12.449999809265137;13.531944274902344;1087668720;11.358040809631348
2010-03-29;13.774999618530273;13.845832824707031;13.105555534362793;13.726388931274414;690189120;11.521245002746582
2010-04-05;13.9375;15.059721946716309;13.845832824707031;14.983332633972168;790855920;12.576261520385742
2010-04-12;15.090277671813965;16.558332443237305;13.894444465637207;14.498611450195312;995860800;12.169412612915039
2010-04-19;14.043055534362793;15.95555591583252;14.029167175292969;15.82361125946045;1257076800;13.281551361083984
2010-04-26;15.804166793823242;15.82361125946045;13.545832633972168;14.019444465637207;957599280;11.76722526550293
2010-05-03;14.354166984558105;14.805556297302246;9.783332824707031;11.274999618530273;1281346320;9.463671684265137
2010-05-10;12.9375;13.475000381469727;11.304166793823242;11.666666984558105;571372800;9.792418479919434
2010-05-17;11.666666984558105;12.037500381469727;8.699999809265137;10.1875;1012154400;8.550880432128906
2010-05-24;10.333333015441895;10.662500381469727;8.462499618530273;10.058333396911621;797287200;8.442461013793945
2010-05-31;9.729166984558105;10.370833396911621;8.762499809265137;8.858332633972168;575430480;7.435241222381592
2010-06-07;9.008333206176758;9.591667175292969;8.050000190734863;9.508333206176758;786524160;7.9808220863342285
2010-06-14;9.758333206176758;10.183333396911621;9.333333015441895;10.079167366027832;542177040;8.459951400756836
2010-06-21;10.416666984558105;10.479166984558105;8.791666984558105;9.5;632278320;7.973827838897705
2010-06-28;9.520833015441895;9.574999809265137;7.25;7.574999809265137;770540880;6.358078479766846
2010-07-05;7.9791669845581055;9.204167366027832;7.387499809265137;9.1875;549912240;7.7115278244018555
2010-07-12;9.133333206176758;9.9375;8.333333015441895;8.391667366027832;627501120;7.043546199798584
2010-07-19;8.429166793823242;9.225000381469727;7.908332824707031;9.158332824707031;646906080;7.687046527862549
2010-07-26;9.183333396911621;10.016667366027832;9.070833206176758;9.420832633972168;497229360;7.907374858856201
2010-08-02;9.783332824707031;10.108332633972168;9.179166793823242;9.566666603088379;464509440;8.029783248901367
2010-08-09;9.683333396911621;9.791666984558105;8.199999809265137;8.287500381469727;437543040;6.956113338470459
2010-08-16;8.208333015441895;8.708333015441895;7.7083330154418945;7.912499904632568;436261680;6.641358852386475
2010-08-23;8.045832633972168;8.0625;7.1041669845581055;7.766666889190674;508185120;6.5189528465271
2010-08-30;7.658332824707031;9.020833015441895;7.137499809265137;9.008333206176758;481827120;7.5611443519592285
2010-09-06;8.766667366027832;9.100000381469727;8.425000190734863;8.933333396911621;302896800;7.498194217681885
2010-09-13;9.316666603088379;9.5;9.041666984558105;9.225000381469727;348308160;7.743004322052002
2010-09-20;9.291666984558105;9.854166984558105;8.545832633972168;9.237500190734863;448032000;7.753498554229736
2010-09-27;9.254166603088379;9.329167366027832;8.754166603088379;9.091667175292969;419478960;7.631093978881836
2010-10-04;9.029167175292969;9.654167175292969;8.791666984558105;9.408332824707031;409804080;7.896885395050049
2010-10-11;9.466667175292969;9.966667175292969;8.816666603088379;8.962499618530273;425864640;7.522675514221191
2010-10-18;8.887499809265137;9.704167366027832;8.883333206176758;9.399999618530273;412295760;7.889892101287842
2010-10-25;9.620833396911621;9.637499809265137;9.125;9.241666793823242;314181360;7.756995677947998
2010-11-01;9.295832633972168;11.237500190734863;9.020833015441895;11.033332824707031;500836560;9.260833740234375
2010-11-08;11.024999618530273;11.033332824707031;9.725000381469727;9.804166793823242;471573360;8.22912883758545
2010-11-15;9.954167366027832;10.233332633972168;9.166666984558105;9.587499618530273;459575760;8.047266960144043
2010-11-22;9.466667175292969;9.466667175292969;8.824999809265137;8.945833206176758;318506640;7.508686065673828
2010-11-29;8.891667366027832;10.233332633972168;8.779167175292969;10.183333396911621;472964400;8.547383308410645
2010-12-06;10.104166984558105;11.195833206176758;10.004166603088379;11.170832633972168;373135200;9.376238822937012
2010-12-13;11.316666603088379;11.391667366027832;10.5;10.679166793823242;318691200;8.96356201171875
2010-12-20;10.808333396911621;11.6875;10.670832633972168;11.404167175292969;209756640;9.572090148925781
2010-12-27;11.237500190734863;11.766667366027832;11.220832824707031;11.600000381469727;138998160;9.736462593078613
2011-01-03;12.016667366027832;12.679166793823242;11.699999809265137;12.083333015441895;353546640;10.142149925231934
2011-01-10;11.887499809265137;13.166666984558105;11.699999809265137;13.108332633972168;332936160;11.00247859954834
2011-01-17;13.0;13.091667175292969;12.0;12.541666984558105;277410480;10.526850700378418
2011-01-24;12.583333015441895;13.083333015441895;12.145833015441895;12.175000190734863;297132960;10.219087600708008
2011-01-31;12.295832633972168;13.241666793823242;12.241666793823242;12.966667175292969;260006880;10.883572578430176
2011-02-07;13.120833396911621;14.133333206176758;13.083333015441895;14.029167175292969;271770720;11.775382995605469
2011-02-14;13.991666793823242;14.287500381469727;13.879166603088379;14.274999618530273;204910560;11.981719970703125
2011-02-21;13.695833206176758;13.899999618530273;12.345832824707031;13.341667175292969;303613440;11.198328971862793
2011-02-28;13.570833206176758;13.712499618530273;12.412500381469727;12.800000190734863;327097440;10.743682861328125
2011-03-07;12.891667366027832;13.433333396911621;11.633333206176758;12.695833206176758;329989680;10.656248092651367
2011-03-14;12.408332824707031;12.504166603088379;11.158332824707031;12.070833206176758;418277520;10.131653785705566
2011-03-21;12.516667366027832;12.520833015441895;11.729166984558105;12.366666793823242;220146000;10.379961967468262
2011-03-28;12.395833015441895;13.066666603088379;12.037500381469727;12.899999618530273;187467600;10.827617645263672
2011-04-04;12.983332633972168;13.395833015441895;12.6875;12.758333206176758;199110240;10.708709716796875
2011-04-11;12.8125;13.037500381469727;11.962499618530273;12.199999809265137;200942160;10.240074157714844
2011-04-18;11.829167366027832;12.216667175292969;11.529167175292969;12.170832633972168;169924560;10.21558952331543
2011-04-25;12.087499618530273;12.875;12.087499618530273;12.783332824707031;143863680;10.729691505432129
2011-05-02;12.895833015441895;12.941666603088379;11.916666984558105;12.145833015441895;202614480;10.194605827331543
2011-05-09;12.079167366027832;12.520833015441895;11.520833015441895;11.545832633972168;183921600;9.690996170043945
2011-05-16;11.412500381469727;12.024999618530273;11.362500190734863;11.466667175292969;172227840;9.62454891204834
2011-05-23;11.079167366027832;11.508333206176758;10.783332824707031;11.425000190734863;190249200;9.58957576751709
2011-05-30;11.733332633972168;11.8125;10.295832633972168;10.462499618530273;218710320;8.78170108795166
2011-06-06;10.333333015441895;10.387499809265137;9.274999618530273;9.604166984558105;262676160;8.061261177062988
2011-06-13;9.741666793823242;10.237500190734863;9.283332824707031;9.791666984558105;316839120;8.218635559082031
2011-06-20;9.658332824707031;10.345832824707031;9.375;9.495833396911621;264108720;7.970329761505127
2011-06-27;9.470832824707031;11.308333396911621;9.470832824707031;11.245833396911621;237257760;9.439189910888672
2011-07-04;11.179166793823242;11.466667175292969;10.645833015441895;10.995833396911621;163380000;9.22935676574707
2011-07-11;10.595832824707031;10.604166984558105;9.600000381469727;9.824999809265137;281273280;8.246615409851074
2011-07-18;9.670832633972168;10.770833015441895;9.145833015441895;10.629166603088379;314699760;8.921592712402344
2011-07-25;10.320833206176758;10.533332824707031;9.229166984558105;9.558333396911621;300959280;8.022787094116211
2011-08-01;10.012499809265137;10.029167175292969;6.7291669845581055;7.175000190734863;604328160;6.022336483001709
2011-08-08;6.474999904632568;6.862500190734863;5.033332824707031;5.862500190734863;1118097120;4.920689105987549
2011-08-15;6.112500190734863;6.408332824707031;5.0;5.004167079925537;582163680;4.2002482414245605
2011-08-22;5.370832920074463;6.366666793823242;4.6666669845581055;5.724999904632568;916721760;4.80527925491333
2011-08-29;6.016666889190674;6.6458330154418945;5.391666889190674;5.454166889190674;640435440;4.577955722808838
2011-09-05;4.908332824707031;5.866666793823242;4.858333110809326;5.037499904632568;509854320;4.228226184844971
2011-09-12;4.758333206176758;6.033332824707031;4.737500190734863;5.870832920074463;680199600;4.927685260772705
2011-09-19;5.537499904632568;5.675000190734863;4.0625;4.387499809265137;721798560;3.6826486587524414
2011-09-26;4.554166793823242;5.3125;4.4166669845581055;4.425000190734863;848172480;3.7141239643096924
2011-10-03;4.324999809265137;4.875;3.512500047683716;4.337500095367432;1170731040;3.640681028366089
2011-10-10;4.620832920074463;5.508333206176758;4.612500190734863;5.179166793823242;832908000;4.347133636474609
2011-10-17;5.045833110809326;5.704166889190674;4.6875;5.695833206176758;964727280;4.780799388885498
2011-10-24;5.758333206176758;6.970832824707031;5.504167079925537;6.804166793823242;912721680;5.7110772132873535
2011-10-31;6.404167175292969;6.5208330154418945;5.300000190734863;5.820833206176758;824416320;4.885716438293457
2011-11-07;5.775000095367432;6.275000095367432;5.25;5.71999979019165;627226080;4.801083087921143
2011-11-14;5.600832939147949;5.622499942779541;4.727499961853027;4.874166965484619;1008741600;4.091131687164307
2011-11-21;4.59250020980835;4.633333206176758;4.054166793823242;4.114999771118164;826557600;3.4539268016815186
2011-11-28;4.545000076293945;5.5;4.3408331871032715;5.235000133514404;1134102000;4.393998146057129
2011-12-05;5.5208330154418945;5.736667156219482;5.058332920074463;5.426667213439941;1029904800;4.554873943328857
2011-12-12;5.174167156219482;5.247499942779541;4.71416711807251;4.914999961853027;1012740000;4.125405788421631
2011-12-19;4.933332920074463;5.597499847412109;4.5833330154418945;5.594167232513428;702260400;4.6954665184021
2011-12-26;5.5233330726623535;5.65500020980835;5.262499809265137;5.405832767486572;319677600;4.537385940551758
2012-01-02;5.748332977294922;5.966667175292969;5.469167232513428;5.790832996368408;570828000;4.860536098480225
2012-01-09;5.872499942779541;6.469167232513428;5.775000095367432;6.2708330154418945;797701200;5.263424873352051
2012-01-16;6.277500152587891;6.704166889190674;6.072500228881836;6.699999809265137;590002800;5.623647212982178
2012-01-23;6.695833206176758;6.980000019073486;6.466667175292969;6.71999979019165;709999200;5.640433311462402
2012-01-30;6.516666889190674;7.567500114440918;6.4008331298828125;7.566667079925537;612182400;6.351083278656006
2012-02-06;7.4608330726623535;7.748332977294922;7.244999885559082;7.3408331871032715;499350000;6.161530017852783
2012-02-13;7.6041669845581055;7.681666851043701;7.155832767486572;7.65500020980835;512824800;6.425226211547852
2012-02-20;7.673333168029785;7.75;7.3333330154418945;7.5441670417785645;319380000;6.332197666168213
2012-02-27;7.376667022705078;7.9166669845581055;7.283332824707031;7.751667022705078;470328000;6.506362438201904
2012-03-05;7.698332786560059;7.905832767486572;7.135000228881836;7.803332805633545;456037200;6.549727439880371
2012-03-12;7.806666851043701;9.074999809265137;7.625;9.016667366027832;566020800;7.568140983581543
2012-03-19;9.0;9.39916706085205;8.691666603088379;9.0;507849600;7.55415153503418
2012-03-26;9.233332633972168;9.457500457763672;8.765000343322754;9.095832824707031;489061200;7.634586334228516
2012-04-02;9.029999732971191;9.404167175292969;8.625;8.734167098999023;376255200;7.331024169921875
2012-04-09;8.28083324432373;8.637499809265137;7.820833206176758;8.09749984741211;655407600;6.796637535095215
2012-04-16;8.308333396911621;8.659167289733887;8.066666603088379;8.234999656677246;464593200;6.912047863006592
2012-04-23;7.860000133514404;8.855833053588867;7.804999828338623;8.772500038146973;394164000;7.363198280334473
2012-04-30;8.720000267028809;9.079167366027832;8.029167175292969;8.083333015441895;336823200;6.784746170043945
2012-05-07;7.949166774749756;8.28833293914795;7.425000190734863;7.7083330154418945;412251600;6.469990253448486
2012-05-14;7.431666851043701;7.494166851043701;6.180832862854004;6.239167213439941;493978800;5.236846923828125
2012-05-21;6.289999961853027;6.858333110809326;6.162499904632568;6.638332843780518;572196000;5.57188606262207
2012-05-28;6.804999828338623;6.905832767486572;5.869166851043701;5.879167079925537;416244000;4.934680461883545
2012-06-04;5.918333053588867;6.816667079925537;5.649167060852051;6.670000076293945;553134000;5.598464488983154
2012-06-11;6.920833110809326;6.985833168029785;6.237500190734863;6.972499847412109;563466000;5.852368354797363
2012-06-18;6.847499847412109;7.405832767486572;6.784999847412109;7.006667137145996;477025200;5.881047248840332
2012-06-25;6.730833053588867;7.435832977294922;6.525000095367432;7.433332920074463;491205600;6.239170551300049
2012-07-02;7.5208330154418945;7.78249979019165;7.1875;7.314167022705078;234186000;6.139146327972412
2012-07-09;7.2291669845581055;7.554166793823242;6.900000095367432;7.522500038146973;407014800;6.314009666442871
2012-07-16;7.554166793823242;7.663332939147949;7.072500228881836;7.0858330726623535;287028000;5.947495460510254
2012-07-23;6.733333110809326;7.681666851043701;6.671667098999023;7.5908331871032715;337058400;6.37136697769165
2012-07-30;7.519166946411133;7.7058329582214355;7.0;7.619999885559082;253854000;6.395848274230957
2012-08-06;7.725832939147949;7.904167175292969;7.62166690826416;7.769166946411133;171561600;6.521050930023193
2012-08-13;7.728332996368408;8.041666984558105;7.614167213439941;8.028332710266113;165912000;6.738581657409668
2012-08-20;8.006667137145996;8.35083293914795;7.787499904632568;8.005000114440918;222988800;6.718997955322266
2012-08-27;8.089166641235352;8.112500190734863;7.8125;8.054166793823242;203934000;6.760265350341797
2012-09-03;8.023332595825195;8.874167442321777;7.949999809265137;8.84333324432373;186711600;7.422652721405029
2012-09-10;8.823332786560059;9.9975004196167;8.617500305175781;9.790833473205566;228231600;8.217936515808105
2012-09-17;9.666666984558105;9.774999618530273;9.029999732971191;9.16333293914795;208225200;7.691246032714844
2012-09-24;8.994999885559082;9.308333396911621;8.56583309173584;8.744999885559082;206769600;7.340117454528809
2012-10-01;8.920000076293945;9.702500343322754;8.771666526794434;9.491666793823242;202933200;7.966831207275391
2012-10-08;9.33666706085205;9.528332710266113;8.966667175292969;9.041666984558105;183513600;7.589122772216797
2012-10-15;9.144166946411133;9.94083309173584;8.991666793823242;9.484999656677246;206541600;7.961235046386719
2012-10-22;9.475000381469727;9.550000190734863;8.792499542236328;8.950833320617676;273132000;7.512882232666016
2012-10-29;9.012499809265137;9.599166870117188;8.901666641235352;9.286666870117188;109670400;7.794766902923584
2012-11-05;9.195833206176758;9.569167137145996;8.335000038146973;8.491666793823242;317431200;7.1274800300598145
2012-11-12;8.608332633972168;8.671667098999023;7.818333148956299;8.147500038146973;317412000;6.8386054039001465
2012-11-19;8.482500076293945;9.017499923706055;8.433333396911621;9.004166603088379;167067600;7.557648181915283
2012-11-26;8.84416675567627;9.022500038146973;8.401666641235352;8.936667442321777;283443600;7.500992774963379
2012-12-03;9.050000190734863;9.314167022705078;8.686667442321777;9.304166793823242;248196000;7.809454441070557
2012-12-10;9.229166984558105;9.69083309173584;9.170000076293945;9.250832557678223;182000400;7.764688014984131
2012-12-17;9.375;10.348333358764648;9.374167442321777;10.021666526794434;255112800;8.4116849899292
2012-12-24;10.006667137145996;10.069999694824219;9.492500305175781;9.63083267211914;162324000;8.083641052246094
2012-12-31;9.563332557678223;11.199999809265137;9.533332824707031;11.162500381469727;218128800;9.369247436523438
2013-01-07;11.100000381469727;11.412500381469727;10.8774995803833;11.334166526794434;208516800;9.513335227966309
2013-01-14;11.274999618530273;11.490833282470703;11.083333015441895;11.441666603088379;177278400;9.603565216064453
2013-01-21;11.390832901000977;12.039167404174805;11.390832901000977;12.0024995803833;125887200;10.074299812316895
2013-01-28;12.017499923706055;12.340832710266113;11.71916675567627;12.291666984558105;146533200;10.317012786865234
2013-02-04;12.069999694824219;12.470000267028809;11.857500076293945;12.360833168029785;178485600;10.375068664550781
2013-02-11;12.350000381469727;12.832500457763672;12.299166679382324;12.680000305175781;165390000;10.642955780029297
2013-02-18;12.75;12.994999885559082;12.058333396911621;12.595832824707031;148614000;10.572311401367188
2013-02-25;12.832500457763672;12.832500457763672;11.53083324432373;12.387499809265137;254929200;10.397449493408203
2013-03-04;12.283332824707031;13.675000190734863;12.265832901000977;13.558333396911621;229918800;11.380189895629883
2013-03-11;13.53083324432373;14.104166984558105;13.463333129882812;14.03833293914795;168426000;11.783077239990234
2013-03-18;13.573332786560059;13.903332710266113;13.290833473205566;13.582500457763672;258891600;11.400471687316895
2013-03-25;13.761667251586914;13.85083293914795;13.337499618530273;13.767499923706055;150698400;11.555754661560059
2013-04-01;13.774999618530273;13.935832977294922;12.867500305175781;13.352499961853027;156440800;11.207423210144043
2013-04-08;13.3774995803833;14.649999618530273;13.182499885559082;14.282500267028809;106434000;11.988018989562988
2013-04-15;14.1875;14.342499732971191;12.717499732971191;13.354999542236328;180963200;11.209522247314453
2013-04-22;13.489999771118164;14.707500457763672;13.050000190734863;14.329999923706055;117467600;12.027884483337402
2013-04-29;14.510000228881836;15.197500228881836;14.194999694824219;14.9975004196167;98989600;12.588151931762695
2013-05-06;15.132499694824219;16.049999237060547;15.104999542236328;15.857500076293945;101599600;13.309993743896484
2013-05-13;15.755000114440918;17.520000457763672;15.71500015258789;17.512500762939453;121309600;14.699118614196777
2013-05-20;17.440000534057617;18.375;16.229999542236328;16.782499313354492;154235600;14.086394309997559
2013-05-27;17.427499771118164;17.725000381469727;16.649999618530273;16.78499984741211;140101200;14.088492393493652
2013-06-03;16.9424991607666;17.125;15.335000038146973;16.950000762939453;224549200;14.226981163024902
2013-06-10;17.1825008392334;17.235000610351562;15.5625;16.072500228881836;171582800;13.49045467376709
2013-06-17;16.447500228881836;16.9375;14.604999542236328;15.09749984741211;227610000;12.672087669372559
2013-06-24;14.537500381469727;16.27750015258789;13.925000190734863;15.912500381469727;205214000;13.356158256530762
2013-07-01;16.207500457763672;16.829999923706055;15.7524995803833;16.829999923706055;96182800;14.126261711120605
2013-07-08;17.075000762939453;18.142499923706055;17.0;18.09000015258789;143398400;15.183845520019531
2013-07-15;18.372499465942383;19.042499542236328;17.9375;19.002500534057617;95730400;15.949751853942871
2013-07-22;19.06999969482422;19.572500228881836;18.329999923706055;18.77750015258789;123862400;15.760891914367676
2013-07-29;18.63249969482422;19.212499618530273;18.252500534057617;19.155000686645508;107198400;16.077756881713867
2013-08-05;19.072500228881836;19.225000381469727;17.989999771118164;18.267499923706055;103425600;15.332829475402832
2013-08-12;18.014999389648438;18.329999923706055;16.924999237060547;17.022499084472656;113410000;14.287837028503418
2013-08-19;16.9375;17.27750015258789;16.360000610351562;17.1825008392334;120839200;14.422133445739746
2013-08-26;17.2549991607666;17.3799991607666;15.555000305175781;15.662500381469727;137340000;13.146321296691895
2013-09-02;16.21500015258789;16.7549991607666;15.725000381469727;16.489999771118164;92340000;13.840877532958984
2013-09-09;16.670000076293945;17.780000686645508;16.584999084472656;17.579999923706055;89394800;14.755778312683105
2013-09-16;18.170000076293945;19.1924991607666;18.0;18.354999542236328;97314400;15.406270980834961
2013-09-23;18.172500610351562;18.1875;17.30500030517578;17.545000076293945;101242000;14.726396560668945
2013-09-30;17.0;17.712499618530273;16.797500610351562;17.530000686645508;113496800;14.713809967041016
2013-10-07;17.075000762939453;18.135000228881836;16.094999313354492;18.114999771118164;167181200;15.20482349395752
2013-10-14;17.71500015258789;19.84000015258789;17.702499389648438;19.772499084472656;135069200;16.59604263305664
2013-10-21;19.747499465942383;20.145000457763672;19.239999771118164;19.77750015258789;93768400;16.600244522094727
2013-10-28;19.797500610351562;19.940000534057617;18.8700008392334;19.13249969482422;76643200;16.05886459350586
2013-11-04;19.3125;19.485000610351562;18.424999237060547;19.457500457763672;84273200;16.3316593170166
2013-11-11;19.457500457763672;20.322500228881836;18.8125;20.27750015258789;74518800;17.019926071166992
2013-11-18;20.485000610351562;21.092500686645508;19.834999084472656;21.0625;88200800;17.678804397583008
2013-11-25;21.25;21.440000534057617;21.0;21.037500381469727;41487200;17.6578311920166
2013-12-02;21.122499465942383;21.467500686645508;20.024999618530273;20.837499618530273;89935200;17.489957809448242
2013-12-09;21.0049991607666;21.1875;19.94499969482422;20.167499542236328;76092800;16.927593231201172
2013-12-16;20.487499237060547;21.915000915527344;19.99250030517578;21.802499771118164;82969600;18.29993438720703
2013-12-23;22.13249969482422;22.450000762939453;22.012500762939453;22.337499618530273;29547600;18.748985290527344
2013-12-30;22.354999542236328;22.780000686645508;22.040000915527344;22.549999237060547;44750000;18.927343368530273
2014-01-06;22.8799991607666;23.1924991607666;22.547500610351562;23.02750015258789;83656400;19.328126907348633
2014-01-13;22.987499237060547;23.309999465942383;21.9375;22.780000686645508;78376400;19.120393753051758
2014-01-20;23.094999313354492;23.22249984741211;20.530000686645508;20.530000686645508;74743600;17.231863021850586
2014-01-27;20.625;21.0575008392334;19.704999923706055;20.165000915527344;123998800;16.92550277709961
2014-02-03;20.137500762939453;20.747499465942383;18.65250015258789;20.704999923706055;132802000;17.37874412536621
2014-02-10;20.790000915527344;21.834999084472656;20.479999542236328;21.75;81208000;18.255861282348633
2014-02-17;21.790000915527344;22.18000030517578;20.850000381469727;21.344999313354492;85414400;17.91592788696289
2014-02-24;21.49250030517578;22.482500076293945;21.274999618530273;22.1299991607666;111357600;18.57481575012207
2014-03-03;21.462499618530273;24.087499618530273;21.204999923706055;23.792499542236328;113737200;19.970233917236328
2014-03-10;23.607500076293945;23.905000686645508;22.145000457763672;22.280000686645508;116134000;18.700719833374023
2014-03-17;22.662500381469727;24.7450008392334;22.602500915527344;23.94499969482422;110216400;20.098241806030273
2014-03-24;24.239999771118164;24.31999969482422;22.334999084472656;22.895000457763672;118811200;19.2169246673584
2014-03-31;23.357500076293945;24.239999771118164;23.02750015258789;23.077499389648438;86372000;19.370101928710938
2014-04-07;22.885000228881836;23.024999618530273;20.3075008392334;20.5;102885600;17.206680297851562
2014-04-14;21.147499084472656;22.3125;20.360000610351562;22.145000457763672;56772400;18.58740997314453
2014-04-21;22.170000076293945;22.899999618530273;21.850000381469727;21.93000030517578;53696000;18.40694808959961
2014-04-28;21.912500381469727;23.059999465942383;21.045000076293945;22.5674991607666;50742000;18.94203758239746
2014-05-05;22.047500610351562;22.837499618530273;21.520000457763672;22.424999237060547;45768800;18.822423934936523
2014-05-12;22.667499542236328;23.260000228881836;21.3125;21.875;45852800;18.36078453063965
2014-05-19;21.739999771118164;22.727500915527344;21.59000015258789;22.672500610351562;39529200;19.030168533325195
2014-05-26;23.0;23.497499465942383;22.93000030517578;23.397499084472656;30446000;19.638694763183594
2014-06-02;23.497499465942383;25.030000686645508;23.155000686645508;24.975000381469727;42590400;20.9627685546875
2014-06-09;24.985000610351562;25.3125;24.110000610351562;24.272499084472656;53752000;20.373123168945312
2014-06-16;24.177499771118164;25.212499618530273;23.790000915527344;25.110000610351562;39195200;21.07608413696289
2014-06-23;25.11750030517578;25.459999084472656;24.19499969482422;24.895000457763672;37915200;20.8956241607666
2014-06-30;24.897499084472656;25.96500015258789;24.78499984741211;25.912500381469727;21660800;21.749662399291992
2014-07-07;25.727500915527344;25.767499923706055;24.27750015258789;24.895000457763672;38078400;20.8956241607666
2014-07-14;25.485000610351562;26.030000686645508;24.647499084472656;25.477500915527344;42168400;21.384538650512695
2014-07-21;25.27750015258789;26.024999618530273;25.024999618530273;25.434999465942383;24020400;21.348873138427734
2014-07-28;25.457500457763672;25.667499542236328;23.084999084472656;23.362499237060547;51590000;19.609317779541016
2014-08-04;23.5625;23.969999313354492;22.875;23.7549991607666;38662800;19.93876075744629
2014-08-11;24.02750015258789;25.049999237060547;23.7549991607666;24.4950008392334;35934800;20.55988311767578
2014-08-18;24.887500762939453;26.475000381469727;24.864999771118164;26.059999465942383;30988000;21.873464584350586
2014-08-25;26.454999923706055;27.037500381469727;26.149999618530273;26.6825008392334;18301600;22.395959854125977
2014-09-01;26.844999313354492;27.350000381469727;26.40250015258789;27.040000915527344;21972800;22.69603157043457
2014-09-08;26.967500686645508;27.325000762939453;26.207500457763672;26.482500076293945;22511600;22.228090286254883
2014-09-15;26.469999313354492;28.174999237060547;26.2549991607666;27.440000534057617;34882800;23.031774520874023
2014-09-22;27.247499465942383;27.392499923706055;25.440000534057617;26.107500076293945;35192400;21.913331985473633
2014-09-29;25.482500076293945;26.162500381469727;24.334999084472656;26.0;38474400;21.823110580444336
2014-10-06;26.252500534057617;26.417499542236328;23.75;23.8125;57425600;19.98702621459961
2014-10-13;23.834999084472656;24.207500457763672;20.924999237060547;23.19499969482422;70938800;19.46872329711914
2014-10-20;23.0625;25.697500228881836;23.00749969482422;25.677499771118164;43962800;21.55241584777832
2014-10-27;25.389999389648438;28.55500030517578;25.3075008392334;28.440000534057617;41056800;23.871116638183594
2014-11-03;28.457500457763672;29.75;28.114999771118164;29.5625;24927200;24.813289642333984
2014-11-10;29.50749969482422;30.0625;29.174999237060547;29.2549991607666;16944000;24.555185317993164
2014-11-17;29.040000915527344;30.30500030517578;28.875;29.864999771118164;22235600;25.06718635559082
2014-11-24;30.107500076293945;31.02750015258789;30.084999084472656;30.622499465942383;14637200;25.702999114990234
2014-12-01;30.264999389648438;32.2599983215332;29.842500686645508;32.022499084472656;25426400;26.878089904785156
2014-12-08;31.962499618530273;32.869998931884766;29.327499389648438;29.375;32498800;24.655908584594727
2014-12-15;29.907499313354492;32.125;27.84000015258789;31.760000228881836;38875600;26.65776252746582
2014-12-22;31.912500381469727;33.162498474121094;31.737499237060547;32.747501373291016;13046400;27.486623764038086
2014-12-29;32.622501373291016;33.49250030517578;31.200000762939453;31.885000228881836;17378800;26.762676239013672
2015-01-05;31.3799991607666;31.5;28.5;30.084999084472656;31696800;25.251848220825195
2015-01-12;30.012500762939453;30.524999618530273;26.69499969482422;28.110000610351562;38461600;23.594133377075195
2015-01-19;28.405000686645508;29.9424991607666;27.212499618530273;29.0674991607666;22947600;24.397809982299805
2015-01-26;29.002500534057617;29.524999618530273;26.6299991607666;26.690000534057617;30657600;22.402257919311523
2015-02-02;27.052499771118164;31.03499984741211;26.125;30.172500610351562;33355200;25.325294494628906
2015-02-09;29.802499771118164;31.645000457763672;29.579999923706055;31.38249969482422;22160400;26.34090805053711
2015-02-16;31.112499237060547;31.852500915527344;30.272499084472656;31.672500610351562;17277600;26.584320068359375
2015-02-23;31.522499084472656;32.03499984741211;30.967500686645508;31.087499618530273;17740400;26.093299865722656
2015-03-02;31.077499389648438;31.982500076293945;30.392499923706055;30.53499984741211;20073600;25.62955665588379
2015-03-09;30.5674991607666;31.447500228881836;29.149999618530273;30.770000457763672;26503600;25.82680320739746
2015-03-16;31.09000015258789;32.782501220703125;31.020000457763672;32.63999938964844;27840800;27.396394729614258
2015-03-23;32.689998626708984;32.994998931884766;29.389999389648438;29.927499771118164;23248000;25.11964988708496
2015-03-30;30.459999084472656;31.297500610351562;29.799999237060547;30.895000457763672;24450800;25.93172264099121
2015-04-06;30.405000686645508;31.31999969482422;30.107500076293945;30.969999313354492;19250000;25.994672775268555
2015-04-13;30.782499313354492;31.86750030517578;30.040000915527344;30.36750030517578;25169600;25.488962173461914
2015-04-20;30.850000381469727;31.530000686645508;30.34749984741211;31.104999542236328;20081200;26.107990264892578
2015-04-27;31.2549991607666;31.604999542236328;30.024999618530273;31.03499984741211;23392400;26.049238204956055
2015-05-04;31.21500015258789;32.602500915527344;30.040000915527344;32.592498779296875;37144000;27.356517791748047
2015-05-11;32.52000045776367;32.997501373291016;31.165000915527344;32.529998779296875;21489200;27.304052352905273
2015-05-18;32.435001373291016;33.782501220703125;32.404998779296875;32.9900016784668;13776700;27.690162658691406
2015-05-25;32.75;33.060001373291016;31.8700008392334;32.0;9022000;26.85920524597168
2015-06-01;32.5099983215332;33.220001220703125;31.68000030517578;32.459999084472656;14246200;27.245304107666016
2015-06-08;32.5;34.04999923706055;31.600000381469727;33.459999084472656;14998400;28.084657669067383
2015-06-15;32.88999938964844;34.560001373291016;32.400001525878906;33.5;16636100;28.11823081970215
2015-06-22;34.34000015258789;34.65999984741211;32.900001525878906;33.290000915527344;13571700;27.94195556640625
2015-06-29;32.27000045776367;32.84000015258789;30.93000030517578;32.220001220703125;18176700;27.043855667114258
2015-07-06;31.25;32.529998779296875;30.520000457763672;32.400001525878906;17161700;27.1949462890625
2015-07-13;33.0099983215332;35.16999816894531;32.88999938964844;34.88999938964844;17803200;29.28491973876953
2015-07-20;35.099998474121094;35.72999954223633;33.88999938964844;34.04999923706055;14036400;28.57986831665039
2015-07-27;33.45000076293945;35.06999969482422;33.0;34.529998779296875;11908200;28.982759475708008
2015-08-03;34.52000045776367;35.369998931884766;33.66999816894531;34.369998931884766;11313400;28.84846305847168
2015-08-10;34.970001220703125;35.380001068115234;32.27000045776367;34.75;14191900;29.16742706298828
2015-08-17;34.439998626708984;35.18000030517578;29.15999984741211;29.290000915527344;21777200;24.584569931030273
2015-08-24;25.0;28.760000228881836;23.899999618530273;28.43000030517578;33425000;23.862730026245117
2015-08-31;27.780000686645508;28.1299991607666;24.520000457763672;25.010000228881836;23161400;20.992143630981445
2015-09-07;26.239999771118164;27.700000762939453;25.399999618530273;26.3799991607666;17063500;22.14205551147461
2015-09-14;26.229999542236328;28.420000076293945;25.420000076293945;25.610000610351562;23667700;21.49574851989746
2015-09-21;26.149999618530273;26.75;24.43000030517578;25.950000762939453;26232100;21.7811336517334
2015-09-28;25.510000228881836;25.59000015258789;23.25;25.5;44530200;21.403427124023438
2015-10-05;25.950000762939453;28.149999618530273;25.93000030517578;27.56999969482422;38996100;23.140884399414062
2015-10-12;27.649999618530273;28.65999984741211;26.399999618530273;28.510000228881836;22947700;23.929866790771484
2015-10-19;28.030000686645508;30.56999969482422;28.020000457763672;30.479999542236328;22055000;25.583393096923828
2015-10-26;30.43000030517578;31.8700008392334;29.420000076293945;30.260000228881836;20319800;25.39872932434082
2015-11-02;30.420000076293945;33.150001525878906;30.34000015258789;32.27000045776367;22011900;27.08582878112793
2015-11-09;32.45000076293945;32.4900016784668;29.079999923706055;29.260000228881836;23691200;24.559385299682617
2015-11-16;29.18000030517578;32.29999923706055;28.90999984741211;31.940000534057617;20916000;26.808841705322266
2015-11-23;31.940000534057617;32.25;30.639999389648438;31.809999465942383;11655800;26.699731826782227
2015-11-30;31.989999771118164;32.66999816894531;29.729999542236328;32.13999938964844;23184400;26.976715087890625
2015-12-07;31.90999984741211;32.02000045776367;27.100000381469727;27.510000228881836;28106000;23.09052085876465
2015-12-14;27.549999237060547;31.06999969482422;26.760000228881836;27.40999984741211;35914600;23.006587982177734
2015-12-21;28.149999618530273;30.190000534057617;27.440000534057617;29.829999923706055;17985100;25.037822723388672
2015-12-28;29.399999618530273;30.68000030517578;28.969999313354492;29.06999969482422;13780500;24.399906158447266
2016-01-04;27.34000015258789;27.90999984741211;23.18000030517578;23.260000228881836;39195500;19.52328109741211
2016-01-11;23.729999542236328;24.3799991607666;20.350000381469727;21.190000534057617;49394300;17.78583335876465
2016-01-18;21.959999084472656;22.030000686645508;18.559999465942383;20.889999389648438;33109900;17.534025192260742
2016-01-25;20.719999313354492;22.049999237060547;19.579999923706055;21.989999771118164;30966200;18.457313537597656
2016-02-01;21.639999389648438;22.219999313354492;18.770000457763672;19.809999465942383;41750700;16.627531051635742
2016-02-08;19.09000015258789;19.15999984741211;16.1299991607666;18.350000381469727;52904900;15.402076721191406
2016-02-15;19.15999984741211;20.299999237060547;18.770000457763672;19.8799991607666;21707200;16.686277389526367
2016-02-22;20.549999237060547;21.299999237060547;18.469999313354492;20.809999465942383;25764700;17.46687889099121
2016-02-29;20.84000015258789;23.75;20.18000030517578;23.40999984741211;28547900;19.649187088012695
2016-03-07;23.190000534057617;23.920000076293945;21.459999084472656;23.889999389648438;28456300;20.052072525024414
2016-03-14;23.68000030517578;25.270000457763672;22.950000762939453;24.989999771118164;22750800;20.97535514831543
2016-03-21;24.899999618530273;25.329999923706055;23.219999313354492;23.799999237060547;13463500;19.976531982421875
2016-03-28;24.09000015258789;25.440000534057617;23.479999542236328;25.3799991607666;18138900;21.302701950073242
2016-04-04;25.329999923706055;25.420000076293945;22.829999923706055;23.450000762939453;19707400;19.682756423950195
2016-04-11;23.760000228881836;26.479999542236328;23.540000915527344;25.959999084472656;25050100;21.789533615112305
2016-04-18;25.649999618530273;28.06999969482422;25.649999618530273;27.639999389648438;20562200;23.19963836669922
2016-04-25;27.389999389648438;28.280000686645508;26.149999618530273;26.719999313354492;17636200;22.42743682861328
2016-05-02;26.940000534057617;27.6299991607666;25.5;26.450000762939453;17426900;22.200807571411133
2016-05-09;26.3700008392334;27.469999313354492;25.610000610351562;25.790000915527344;16062000;21.6468448638916
2016-05-16;25.850000381469727;26.950000762939453;25.3700008392334;26.540000915527344;22288900;22.27634620666504
2016-05-23;26.469999313354492;28.780000686645508;26.219999313354492;28.540000915527344;18439800;23.955059051513672
2016-05-30;28.93000030517578;28.950000762939453;26.940000534057617;27.829999923706055;15474800;23.359113693237305
2016-06-06;27.920000076293945;28.559999465942383;26.450000762939453;26.719999313354492;15769800;22.42743682861328
2016-06-13;26.3799991607666;27.020000457763672;24.170000076293945;25.149999618530273;22915100;21.109657287597656
2016-06-20;26.3799991607666;27.350000381469727;23.34000015258789;23.440000534057617;24884600;19.674365997314453
2016-06-27;22.700000762939453;25.65999984741211;21.139999389648438;25.18000030517578;34849200;21.134838104248047
2016-07-04;24.56999969482422;25.899999618530273;23.549999237060547;25.780000686645508;18262500;21.638444900512695
2016-07-11;26.110000610351562;28.56999969482422;26.030000686645508;27.670000076293945;18111700;23.224807739257812
2016-07-18;27.729999542236328;28.489999771118164;27.579999923706055;28.43000030517578;10982400;23.862730026245117
2016-07-25;28.270000457763672;28.729999542236328;27.829999923706055;28.3700008392334;12810300;23.812362670898438
2016-08-01;28.399999618530273;29.450000762939453;27.260000228881836;29.440000534057617;12798500;24.710472106933594
2016-08-08;29.6200008392334;29.75;28.56999969482422;28.940000534057617;11505600;24.29079246520996
2016-08-15;29.209999084472656;29.489999771118164;28.719999313354492;29.139999389648438;10126700;24.458662033081055
2016-08-22;29.139999389648438;30.1299991607666;28.8799991607666;29.479999542236328;11509800;24.744043350219727
2016-08-29;29.670000076293945;31.399999618530273;29.510000228881836;31.18000030517578;15369900;26.170936584472656
2016-09-05;31.260000228881836;31.350000381469727;29.200000762939453;29.209999084472656;12797600;24.517419815063477
2016-09-12;28.639999389648438;30.450000762939453;28.040000915527344;28.299999237060547;19125300;23.753602981567383
2016-09-19;28.860000610351562;30.309999465942383;28.489999771118164;29.700000762939453;15278000;24.92870330810547
2016-09-26;29.209999084472656;29.770000457763672;28.1200008392334;29.149999618530273;16305800;24.467058181762695
2016-10-03;28.940000534057617;29.440000534057617;28.309999465942383;29.040000915527344;13858300;24.374727249145508
2016-10-10;29.520000457763672;29.719999313354492;27.579999923706055;28.56999969482422;14576100;23.9802303314209
2016-10-17;28.649999618530273;29.899999618530273;28.209999084472656;29.43000030517578;11120100;24.702075958251953
2016-10-24;29.850000381469727;30.149999618530273;28.6299991607666;29.079999923706055;11944500;24.40830421447754
2016-10-31;29.350000381469727;29.59000015258789;27.420000076293945;27.65999984741211;13287700;23.21642303466797
2016-11-07;28.969999313354492;34.130001068115234;28.829999923706055;34.04999923706055;35713600;28.57986831665039
2016-11-14;34.56999969482422;36.119998931884766;34.47999954223633;35.9900016784668;23564700;30.208219528198242
2016-11-21;36.36000061035156;37.18000030517578;35.79999923706055;37.18000030517578;11172100;31.207042694091797
2016-11-28;36.66999816894531;38.040000915527344;35.9900016784668;37.16999816894531;15964000;31.198650360107422
2016-12-05;37.849998474121094;42.83000183105469;37.810001373291016;42.41999816894531;25318600;35.60523223876953
2016-12-12;42.15999984741211;42.560001373291016;40.47999954223633;41.09000015258789;29105500;34.48889923095703
2016-12-19;41.34000015258789;42.470001220703125;40.63999938964844;41.83000183105469;11870200;35.110015869140625
2016-12-26;42.099998474121094;42.349998474121094;40.20000076293945;40.900001525878906;8092700;34.32942199707031
2017-01-02;42.0;43.47999954223633;41.09000015258789;43.02000045776367;15442600;36.10886001586914
2017-01-09;42.54999923706055;43.47999954223633;40.93000030517578;42.439998626708984;20542000;35.622005462646484
2017-01-16;41.849998474121094;41.900001525878906;40.08000183105469;41.099998474121094;15188000;34.497283935546875
2017-01-23;40.939998626708984;43.720001220703125;40.369998931884766;42.75;15473700;35.88222122192383
2017-01-30;42.04999923706055;43.439998626708984;40.45000076293945;43.279998779296875;18081100;36.32706832885742
2017-02-06;42.70000076293945;44.2599983215332;41.7400016784668;44.0;15191100;36.93141174316406
2017-02-13;44.560001373291016;47.279998779296875;44.529998779296875;47.0;19305300;39.449462890625
2017-02-20;47.470001220703125;48.33000183105469;46.97999954223633;47.66999816894531;14226100;40.011817932128906
2017-02-27;47.61000061035156;51.11000061035156;47.290000915527344;49.31999969482422;18441500;41.39674377441406
2017-03-06;48.540000915527344;49.290000915527344;46.810001373291016;47.58000183105469;15362900;39.93628692626953
2017-03-13;47.720001220703125;48.849998474121094;46.720001220703125;47.31999969482422;14866500;39.718055725097656
2017-03-20;47.06999969482422;47.209999084472656;41.939998626708984;43.45000076293945;25796600;36.469764709472656
2017-03-27;41.5099983215332;45.25;41.08000183105469;44.400001525878906;17776500;37.26714324951172
2017-04-03;44.560001373291016;45.22999954223633;42.61000061035156;43.650001525878906;17527500;36.63762664794922
2017-04-10;43.68000030517578;44.31999969482422;41.400001525878906;41.45000076293945;15524500;34.79105758666992
2017-04-17;41.779998779296875;44.09000015258789;41.47999954223633;43.06999969482422;16300000;36.15080642700195
2017-04-24;44.97999954223633;46.540000915527344;44.02000045776367;44.099998474121094;15132500;37.015342712402344
2017-05-01;44.470001220703125;45.650001525878906;44.099998474121094;45.119998931884766;12125200;37.871482849121094
2017-05-08;45.43000030517578;45.439998626708984;43.09000015258789;43.59000015258789;9092100;36.58726119995117
2017-05-15;43.869998931884766;44.79999923706055;41.31999969482422;42.880001068115234;12800100;35.99134063720703
2017-05-22;43.38999938964844;45.29999923706055;42.83000183105469;44.70000076293945;9311600;37.518951416015625
2017-05-29;44.5;44.939998626708984;42.529998779296875;44.5099983215332;8871300;37.35947799682617
2017-06-05;44.540000915527344;47.599998474121094;43.650001525878906;47.5099983215332;16485200;39.87752151489258
2017-06-12;47.599998474121094;48.81999969482422;47.11000061035156;48.25;15103800;40.49864959716797
2017-06-19;48.900001525878906;49.5;46.47999954223633;46.66999816894531;11482700;39.17247009277344
2017-06-26;47.20000076293945;51.650001525878906;46.84000015258789;49.38999938964844;17961100;41.45550537109375
2017-07-03;49.95000076293945;51.66999816894531;49.47999954223633;50.380001068115234;11052800;42.28647232055664
2017-07-10;50.25;51.13999938964844;48.810001373291016;50.7599983215332;10209100;42.605403900146484
2017-07-17;50.52000045776367;51.470001220703125;49.849998474121094;50.970001220703125;8867500;42.781673431396484
2017-07-24;50.88999938964844;53.290000915527344;50.88999938964844;51.52000045776367;9407900;43.24332809448242
2017-07-31;52.060001373291016;53.900001525878906;51.790000915527344;53.38999938964844;9359300;44.812904357910156
2017-08-07;53.65999984741211;54.2400016784668;49.310001373291016;49.68000030517578;10256000;41.698917388916016
2017-08-14;50.650001525878906;52.75;48.880001068115234;49.38999938964844;9773900;41.45550537109375
2017-08-21;49.4900016784668;51.41999816894531;48.849998474121094;50.93000030517578;6050300;42.74808883666992
2017-08-28;51.189998626708984;51.779998779296875;48.81999969482422;51.11000061035156;6894300;42.8991813659668
2017-09-04;50.34000015258789;50.52000045776367;47.16999816894531;48.29999923706055;8768000;40.54059982299805
2017-09-11;49.599998474121094;51.77000045776367;49.459999084472656;51.65999984741211;7922200;43.36083221435547
2017-09-18;52.08000183105469;54.4900016784668;52.08000183105469;54.06999969482422;8073000;45.383663177490234
2017-09-25;53.84000015258789;55.9900016784668;52.93000030517578;55.970001220703125;7331100;46.978431701660156
2017-10-02;56.15999984741211;59.2400016784668;55.959999084472656;58.650001525878906;7570300;49.22789001464844
2017-10-09;58.970001220703125;59.5;57.43000030517578;58.45000076293945;7540500;49.06002426147461
2017-10-16;58.61000061035156;60.5;57.83000183105469;60.5;6920300;50.78067398071289
2017-10-23;60.779998779296875;61.36000061035156;59.22999954223633;61.02000045776367;7732900;51.21715545654297
2017-10-30;60.7400016784668;62.04999923706055;60.13999938964844;61.47999954223633;7050800;51.60324478149414
2017-11-06;61.25;62.47999954223633;58.029998779296875;59.2400016784668;6804800;49.72309875488281
2017-11-13;58.5099983215332;60.45000076293945;57.91999816894531;59.43000030517578;4187000;49.88258361816406
2017-11-20;59.79999923706055;61.34000015258789;59.43000030517578;60.2599983215332;2700800;50.5792350769043
2017-11-27;60.2400016784668;67.77999877929688;60.0099983215332;66.1500015258789;10577500;55.523006439208984
2017-12-04;69.30000305175781;69.5;65.4800033569336;67.94000244140625;7523200;57.02545166015625
2017-12-11;68.0;70.01000213623047;66.43000030517578;68.36000061035156;6267900;57.377952575683594
2017-12-18;69.63999938964844;70.5;67.4000015258789;68.37999725341797;6211800;57.4581413269043
2017-12-25;68.30999755859375;69.69999694824219;67.61000061035156;68.37999725341797;3145500;57.4581413269043
2018-01-01;69.18000030517578;71.41000366210938;67.36000061035156;70.94000244140625;7306700;59.6092643737793
2018-01-08;70.72000122070312;74.62999725341797;70.27999877929688;74.51000213623047;9593600;62.609039306640625
2018-01-15;76.01000213623047;76.88999938964844;73.22000122070312;76.88999938964844;8015100;64.60890197753906
2018-01-22;76.5999984741211;81.70999908447266;76.5999984741211;81.70999908447266;11132700;68.65904235839844
2018-01-29;81.9800033569336;82.80000305175781;74.5999984741211;74.81999969482422;11338100;62.86953353881836
2018-02-05;71.80000305175781;74.1500015258789;57.11000061035156;63.0;21323400;52.93745803833008
2018-02-12;64.5;72.9000015258789;62.65999984741211;71.45999908447266;12746400;60.04621505737305
2018-02-19;70.6500015258789;73.0999984741211;68.44000244140625;72.0;7007300;60.49995040893555
2018-02-26;73.05000305175781;75.62999725341797;64.05000305175781;67.6500015258789;11082200;56.84476089477539
2018-03-05;66.41999816894531;76.23999786376953;66.19999694824219;76.18000030517578;9047700;64.01232147216797
2018-03-12;76.2699966430664;76.9800033569336;71.87999725341797;73.16999816894531;7944200;61.483070373535156
2018-03-19;72.4800033569336;73.68000030517578;59.36000061035156;59.68000030517578;12851200;50.23727035522461
2018-03-26;62.86000061035156;65.79000091552734;60.13999938964844;64.27999877929688;8957500;54.10944747924805
2018-04-02;63.939998626708984;66.52999877929688;58.2400016784668;61.2599983215332;12562000;51.56727981567383
2018-04-09;62.29999923706055;66.6500015258789;61.65999984741211;62.63999938964844;12180200;52.728939056396484
2018-04-16;63.68000030517578;65.98999786376953;63.119998931884766;64.83999633789062;8646800;54.58084487915039
2018-04-23;65.2699966430664;66.3499984741211;61.560001373291016;64.56999969482422;8165600;54.353572845458984
2018-04-30;64.87000274658203;65.87000274658203;59.02000045776367;63.54999923706055;9430300;53.49496078491211
2018-05-07;64.08999633789062;70.48999786376953;63.54999923706055;69.43000030517578;8445400;58.44460678100586
2018-05-14;69.98999786376953;70.1500015258789;66.56999969482422;66.77999877929688;4322300;56.213890075683594
2018-05-21;67.88999938964844;69.93000030517578;65.80000305175781;66.94000244140625;5888900;56.348575592041016
2018-05-28;65.51000213623047;66.38999938964844;61.25;65.80000305175781;10446400;55.38895034790039
2018-06-04;66.58999633789062;70.48999786376953;65.70999908447266;70.02999877929688;7936000;58.94965744018555
2018-06-11;70.5;70.87999725341797;65.66000366210938;67.3499984741211;7730500;56.69371032714844
2018-06-18;66.25;67.83999633789062;65.45999908447266;66.06999969482422;6112800;55.75082015991211
2018-06-25;65.55000305175781;65.70999908447266;61.09000015258789;63.0;10341800;53.160308837890625
2018-07-02;62.060001373291016;65.16000366210938;61.95000076293945;64.52999877929688;4855600;54.45134353637695
2018-07-09;65.12000274658203;67.97000122070312;65.04000091552734;66.29000091552734;8535400;55.93647003173828
2018-07-16;66.62000274658203;70.62000274658203;66.52999877929688;68.8499984741211;9048000;58.09663009643555
2018-07-23;68.88999938964844;72.4000015258789;68.70999908447266;70.6500015258789;8538900;59.615482330322266
2018-07-30;70.88999938964844;71.5;68.61000061035156;71.5;5350100;60.33273696899414
2018-08-06;71.86000061035156;73.66999816894531;70.01000213623047;70.58000183105469;4195200;59.556427001953125
2018-08-13;70.51000213623047;72.94999694824219;68.80000305175781;72.73999786376953;4782600;61.37907409667969
2018-08-20;72.9800033569336;74.48999786376953;72.31999969482422;73.44999694824219;3420200;61.97816848754883
2018-08-27;74.25;76.5999984741211;73.8499984741211;74.72000122070312;4727000;63.04981231689453
2018-09-03;74.58999633789062;75.70999908447266;72.9800033569336;73.5;3067800;62.02035140991211
2018-09-10;74.0199966430664;74.6500015258789;72.72000122070312;73.93000030517578;3136500;62.383209228515625
2018-09-17;74.13999938964844;78.3499984741211;72.79000091552734;76.88999938964844;4000600;64.88088989257812
2018-09-24;76.63999938964844;76.80000305175781;70.0;70.33999633789062;5150600;59.5057373046875
2018-10-01;71.6500015258789;72.41000366210938;69.0999984741211;70.0999984741211;6508900;59.30270004272461
2018-10-08;69.5199966430664;70.88999938964844;57.11000061035156;59.58000183105469;10078300;50.4030647277832
2018-10-15;59.369998931884766;64.11000061035156;58.810001373291016;61.27000045776367;6874000;51.83274841308594
2018-10-22;61.650001525878906;62.13999938964844;52.25;53.790000915527344;10559400;45.50489044189453
2018-10-29;55.369998931884766;61.369998931884766;52.599998474121094;59.029998779296875;9139200;49.937774658203125
2018-11-05;59.36000061035156;65.94999694824219;59.34000015258789;63.84000015258789;6294700;54.00691223144531
2018-11-12;63.72999954223633;64.02999877929688;57.33000183105469;61.470001220703125;7347100;52.001949310302734
2018-11-19;61.5;61.95000076293945;55.75;56.11000061035156;5130600;47.46754837036133
2018-11-26;57.540000915527344;63.22999954223633;57.36000061035156;62.84000015258789;5659200;53.160919189453125
2018-12-03;65.31999969482422;65.6500015258789;51.709999084472656;53.470001220703125;9777500;45.234169006347656
2018-12-10;53.20000076293945;54.33000183105469;48.72999954223633;49.15999984741211;12285600;41.58803939819336
2018-12-17;48.599998474121094;49.529998779296875;40.15999984741211;40.540000915527344;15998200;34.295738220214844
2018-12-24;39.11000061035156;45.33000183105469;36.72999954223633;43.66999816894531;16166400;37.08274459838867
2018-12-31;44.369998931884766;46.7599983215332;42.25;46.290000915527344;12058200;39.30754852294922
2019-01-07;46.25;49.41999816894531;45.790000915527344;49.2400016784668;8820000;41.812564849853516
2019-01-14;48.0;56.560001373291016;47.90999984741211;56.47999954223633;11837800;47.96046829223633
2019-01-21;55.29999923706055;57.779998779296875;53.40999984741211;57.11000061035156;7169100;48.49544906616211
2019-01-28;55.630001068115234;59.029998779296875;55.4900016784668;58.630001068115234;5263200;49.78615188598633
2019-02-04;58.650001525878906;59.869998931884766;55.9900016784668;57.869998931884766;6543700;49.14080047607422
2019-02-11;58.18000030517578;62.22999954223633;57.900001525878906;62.209999084472656;6665500;52.826141357421875
2019-02-18;61.7400016784668;63.0;61.099998474121094;62.61000061035156;4545700;53.165802001953125
2019-02-25;63.65999984741211;64.87999725341797;61.970001220703125;63.810001373291016;4628100;54.1848030090332
2019-03-04;64.30000305175781;64.83000183105469;57.880001068115234;59.7400016784668;7055900;50.728729248046875
2019-03-11;60.13999938964844;65.83999633789062;60.13999938964844;65.16000366210938;5637500;55.33116149902344
2019-03-18;65.66999816894531;67.13999938964844;58.66999816894531;59.099998474121094;8901700;50.303646087646484
2019-03-25;58.900001525878906;62.529998779296875;57.84000015258789;61.86000061035156;8393200;52.65285110473633
2019-04-01;63.0;66.83000183105469;63.0;66.58000183105469;6982900;56.67033004760742
2019-04-08;66.11000061035156;69.69000244140625;64.83000183105469;69.52999877929688;7734900;59.18125915527344
2019-04-15;69.45999908447266;69.94999694824219;68.05000305175781;69.06999969482422;5092900;58.78971862792969
2019-04-22;68.95999908447266;72.06999969482422;67.83999633789062;72.01000213623047;4322600;61.292152404785156
2019-04-29;72.2699966430664;74.80000305175781;71.26000213623047;74.30000305175781;6204200;63.24130630493164
2019-05-06;70.91999816894531;73.98999786376953;66.37999725341797;70.62000274658203;7094900;60.10902404785156
2019-05-13;67.25;70.80000305175781;65.11000061035156;68.62000274658203;5122700;58.40669250488281
2019-05-20;67.75;70.16999816894531;65.6500015258789;68.16999816894531;3061100;58.023677825927734
2019-05-27;68.12000274658203;69.06999969482422;63.0099983215332;63.66999816894531;3282700;54.193443298339844
2019-06-03;63.619998931884766;72.38999938964844;62.38999938964844;71.36000061035156;3991100;60.7388801574707
2019-06-10;72.66999816894531;74.0;70.47000122070312;72.18000030517578;2318700;61.43683624267578
2019-06-17;71.93000030517578;75.11000061035156;71.08000183105469;73.47000122070312;4043300;62.53485870361328
2019-06-24;73.41999816894531;74.16999816894531;69.83000183105469;73.9800033569336;3494100;63.11677551269531
2019-07-01;75.91000366210938;79.27999877929688;74.80000305175781;78.94999694824219;3354400;67.3569564819336
2019-07-08;78.05000305175781;80.54000091552734;77.0;80.41999816894531;3107200;68.61111450195312
2019-07-15;80.91999816894531;81.22000122070312;76.62000274658203;77.20999908447266;2506800;65.87245178222656
2019-07-22;77.19999694824219;82.37000274658203;76.7300033569336;82.22000122070312;2996300;70.14678955078125
2019-07-29;82.08999633789062;82.5;72.70999908447266;75.12999725341797;3485800;64.09789276123047
2019-08-05;71.05000305175781;74.5999984741211;65.91000366210938;73.5999984741211;5011900;62.79254150390625
2019-08-12;71.9000015258789;73.33999633789062;65.66000366210938;70.38999938964844;4899100;60.053916931152344
2019-08-19;73.04000091552734;73.12999725341797;66.0999984741211;67.18000030517578;3515900;57.31527328491211
2019-08-26;68.87999725341797;73.54000091552734;67.0;72.52999877929688;3759400;61.879676818847656
2019-09-02;71.30999755859375;78.16999816894531;70.08999633789062;76.83000183105469;2680900;65.54827117919922
2019-09-09;77.77999877929688;80.05000305175781;74.69999694824219;79.13999938964844;3997300;67.51905822753906
2019-09-16;77.8499984741211;81.25;76.98999786376953;78.33999633789062;2644500;66.83653259277344
2019-09-23;77.33000183105469;79.76000213623047;75.95999908447266;77.4000015258789;2192400;66.16161346435547
2019-09-30;77.81999969482422;78.5;67.58999633789062;74.61000061035156;4308300;63.776729583740234
2019-10-07;73.76000213623047;77.69999694824219;69.80000305175781;75.30000305175781;4894200;64.36653900146484
2019-10-14;75.0;79.04000091552734;74.7300033569336;77.86000061035156;2269800;66.55484771728516
2019-10-21;79.06999969482422;80.9000015258789;77.75;80.41000366210938;2082300;68.73458099365234
2019-10-28;81.23999786376953;83.47000122070312;79.68000030517578;83.44999694824219;2984900;71.33319091796875
2019-11-04;85.0;86.43000030517578;82.52999877929688;85.26000213623047;2775100;72.88035583496094
2019-11-11;84.45999908447266;86.44999694824219;83.26000213623047;86.30999755859375;2021900;73.77787780761719
2019-11-18;86.08999633789062;88.5;85.44999694824219;86.72000122070312;2044200;74.12837219238281
2019-11-25;87.16000366210938;90.87000274658203;87.16000366210938;90.0999984741211;1329200;77.01759338378906
2019-12-02;90.4000015258789;91.06999969482422;83.70999908447266;90.36000061035156;2848000;77.23985290527344
2019-12-09;90.36000061035156;92.73999786376953;88.36000061035156;91.48999786376953;2594900;78.2057876586914
2019-12-16;93.31999969482422;95.20999908447266;92.3499984741211;93.9800033569336;1985600;80.334228515625
2019-12-23;94.93000030517578;95.5;92.86000061035156;94.69000244140625;1431500;81.03254699707031
2019-12-30;95.12000274658203;96.25;93.0;94.5199966430664;1975400;80.88704681396484
2020-01-06;92.5;97.0;92.30999755859375;95.55000305175781;2368700;81.76848602294922
2020-01-13;96.37999725341797;101.41000366210938;95.86000061035156;101.22000122070312;3708300;86.62069702148438
2020-01-20;100.1500015258789;102.23999786376953;96.5999984741211;98.02999877929688;2172200;83.89080047607422
2020-01-27;93.0;99.36000061035156;92.04000091552734;93.08000183105469;3619600;79.65477752685547
2020-02-03;94.91999816894531;103.3499984741211;94.41000366210938;100.98999786376953;3467400;86.42385864257812
2020-02-10;100.13999938964844;107.06999969482422;100.12999725341797;107.04000091552734;2709100;91.60126495361328
2020-02-17;106.5999984741211;108.12999725341797;102.62000274658203;104.05999755859375;2302600;89.05109405517578
2020-02-24;94.83999633789062;97.45999908447266;62.029998779296875;67.36000061035156;11343500;57.64442825317383
2020-03-02;68.0;79.80000305175781;58.029998779296875;62.88999938964844;11027200;53.819149017333984
2020-03-09;49.369998931884766;52.52000045776367;31.149999618530273;40.7400016784668;21438800;34.86394119262695
2020-03-16;27.610000610351562;31.8799991607666;16.510000228881836;17.8700008392334;33566200;15.292550086975098
2020-03-23;17.34000015258789;26.75;14.25;24.219999313354492;55363000;20.898029327392578
2020-03-30;24.290000915527344;25.899999618530273;18.309999465942383;19.170000076293945;37010700;16.540678024291992
2020-04-06;22.15999984741211;32.31999969482422;21.860000610351562;31.360000610351562;48489200;27.0587215423584
2020-04-13;31.75;31.790000915527344;23.579999923706055;27.790000915527344;42815100;23.978374481201172
2020-04-20;26.209999084472656;27.190000534057617;23.280000686645508;25.34000015258789;28164400;21.86441421508789
2020-04-27;26.110000610351562;32.16999816894531;26.049999237060547;26.600000381469727;31720000;22.95159339904785
2020-05-04;25.649999618530273;28.84000015258789;24.860000610351562;28.670000076293945;26253800;24.7376766204834
2020-05-11;27.790000915527344;28.190000534057617;21.209999084472656;24.229999542236328;40092400;20.906658172607422
2020-05-18;26.549999237060547;28.43000030517578;26.3799991607666;27.809999465942383;29123500;23.995628356933594
2020-05-25;30.34000015258789;34.599998474121094;30.299999237060547;32.279998779296875;29465100;27.85253143310547
2020-06-01;32.5;44.0;32.08000183105469;42.369998931884766;36435400;36.55860137939453
2020-06-08;44.7599983215332;44.7599983215332;30.3799991607666;33.0;46283900;28.473779678344727
2020-06-15;29.93000030517578;38.04999923706055;29.75;33.29999923706055;32701000;28.73263168334961
2020-06-22;33.0;35.029998779296875;29.0;29.020000457763672;37978300;25.06657600402832
2020-06-29;29.729999542236328;33.5;28.760000228881836;31.559999465942383;18881500;27.260547637939453
2020-07-06;33.220001220703125;33.68000030517578;29.190000534057617;31.950000762939453;24856500;27.597421646118164
2020-07-13;32.83000183105469;34.22999954223633;30.610000610351562;33.52000045776367;23421300;28.953533172607422
2020-07-20;33.279998779296875;35.5;32.95000076293945;34.20000076293945;13695400;29.54090118408203
2020-07-27;34.36000061035156;36.36000061035156;33.029998779296875;34.970001220703125;13270500;30.206003189086914
2020-08-03;35.36000061035156;38.130001068115234;34.650001525878906;38.08000183105469;11025800;32.89231872558594
2020-08-10;38.72999954223633;40.380001068115234;37.599998474121094;38.25;15573800;33.03916549682617
2020-08-17;38.06999969482422;38.31999969482422;35.540000915527344;36.380001068115234;9425900;31.42391586303711
2020-08-24;37.099998474121094;41.060001373291016;36.599998474121094;40.939998626708984;11914100;35.362701416015625
2020-08-31;40.88999938964844;42.779998779296875;36.9900016784668;38.9900016784668;18924800;33.6783561706543
2020-09-07;37.75;38.599998474121094;35.189998626708984;36.02000045776367;9934800;31.11295509338379
2020-09-14;36.81999969482422;39.560001373291016;35.79999923706055;36.18000030517578;11771900;31.251157760620117
2020-09-21;34.0;34.36000061035156;29.670000076293945;31.81999969482422;17819300;27.523439407348633
2020-09-28;32.97999954223633;35.66999816894531;32.2599983215332;35.040000915527344;16802000;30.308650970458984
2020-10-05;35.97999954223633;39.91999816894531;35.529998779296875;39.209999084472656;17596900;33.91558074951172
2020-10-12;39.540000915527344;40.88999938964844;36.029998779296875;38.22999954223633;13993400;33.06792068481445
2020-10-19;38.599998474121094;40.38999938964844;36.400001525878906;39.79999923706055;12374700;34.42591857910156
2020-10-26;38.439998626708984;38.439998626708984;31.1299991607666;33.61000061035156;16367500;29.07173728942871
2020-11-02;34.720001220703125;39.880001068115234;34.060001373291016;38.220001220703125;20126000;33.05925750732422
2020-11-09;44.52000045776367;49.02000045776367;43.7599983215332;47.16999816894531;21435200;40.800777435302734
2020-11-16;50.31999969482422;51.95000076293945;47.16999816894531;48.02000045776367;11855900;41.53599548339844
2020-11-23;49.470001220703125;55.720001220703125;49.08000183105469;54.189998626708984;9585500;46.87287902832031
2020-11-30;53.43000030517578;57.25;50.810001373291016;57.130001068115234;10331400;49.4159049987793
2020-12-07;56.290000915527344;56.849998474121094;53.150001525878906;54.470001220703125;8598400;47.11507797241211
2020-12-14;56.20000076293945;56.4900016784668;52.650001525878906;54.900001525878906;8763800;47.48700714111328
2020-12-21;56.0;58.400001525878906;53.84000015258789;57.66999816894531;11362900;49.95270919799805
2020-12-28;59.150001525878906;60.959999084472656;57.709999084472656;60.79999923706055;6959500;52.663848876953125
2021-01-04;61.619998931884766;71.51000213623047;56.869998931884766;69.29000091552734;16559600;60.01774978637695
2021-01-11;67.5199966430664;73.80000305175781;66.81999969482422;69.31999969482422;12792400;60.04372787475586
2021-01-18;70.3499984741211;70.5999984741211;64.5999984741211;65.68000030517578;7117200;56.890830993652344
2021-01-25;64.5199966430664;65.55000305175781;56.150001525878906;57.0099983215332;13878200;49.38101577758789
2021-02-01;58.43000030517578;69.98999786376953;57.349998474121094;68.69999694824219;10409200;59.506690979003906
2021-02-08;69.5;73.3499984741211;69.47000122070312;73.18000030517578;8889500;63.387184143066406
2021-02-15;75.27999877929688;79.73999786376953;74.62000274658203;79.11000061035156;8125100;68.52365112304688
2021-02-22;78.16999816894531;89.26000213623047;76.77999877929688;77.81999969482422;16113800;67.40626525878906
2021-03-01;81.9000015258789;89.26000213623047;78.81999969482422;87.0;12444300;75.3578109741211
2021-03-08;89.0;96.80000305175781;85.7699966430664;95.87999725341797;12052100;83.04951477050781
2021-03-15;97.0;100.38999938964844;88.93000030517578;91.9000015258789;13046400;79.60211944580078
2021-03-22;90.0999984741211;93.83000183105469;82.83000183105469;93.44000244140625;10945800;81.05442810058594
2021-03-29;89.75;94.0199966430664;88.20999908447266;93.98999786376953;6942800;81.5315170288086
2021-04-05;96.62999725341797;99.30999755859375;94.12000274658203;99.19000244140625;7257500;86.04227447509766
2021-04-12;99.87000274658203;102.5;96.44000244140625;101.6500015258789;8685600;88.17615509033203
2021-04-19;101.5;103.05999755859375;93.73999786376953;101.91999816894531;8341800;88.4103775024414
2021-04-26;102.9000015258789;111.33999633789062;102.45999908447266;108.16999816894531;7062000;93.83192443847656
2021-05-03;110.54000091552734;121.51000213623047;106.23999786376953;121.43000030517578;9531200;105.33430480957031
2021-05-10;122.93000030517578;125.73999786376953;109.05000305175781;121.63999938964844;11273700;105.51647186279297
2021-05-17;120.31999969482422;122.7300033569336;109.31999969482422;118.19999694824219;8109200;102.5324478149414
2021-05-24;119.41999816894531;122.69999694824219;114.48999786376953;121.75;6345200;105.61190032958984
2021-05-31;124.80000305175781;126.6500015258789;121.45999908447266;125.29000091552734;5967700;108.68265533447266
2021-06-07;126.01000213623047;126.12999725341797;114.80999755859375;116.98999786376953;8200500;101.48282623291016
2021-06-14;116.56999969482422;116.98999786376953;96.01000213623047;96.58999633789062;14196200;83.786865234375
2021-06-21;98.80999755859375;112.4000015258789;98.55999755859375;111.87000274658203;10099000;97.17407989501953
2021-06-28;111.2300033569336;112.30999755859375;107.16999816894531;111.37999725341797;8304500;96.74846649169922
2021-07-05;110.48999786376953;110.48999786376953;98.6500015258789;108.5;9797600;94.2468032836914
2021-07-12;106.9000015258789;112.0;102.37000274658203;103.19999694824219;9847100;89.64303588867188
2021-07-19;97.11000061035156;108.12999725341797;92.91000366210938;104.23999786376953;10820800;90.54642486572266
2021-07-26;103.5;110.73999786376953;102.19999694824219;106.9800033569336;7559000;92.9264907836914
2021-08-02;108.29000091552734;119.04000091552734;103.5199966430664;118.48999786376953;10346400;102.92444610595703
2021-08-09;118.12999725341797;128.1300048828125;116.26000213623047;125.0;9965500;108.57926177978516
2021-08-16;122.30999755859375;124.25;112.04000091552734;116.8499984741211;8548100;101.49989318847656
2021-08-23;118.80000305175781;129.14999389648438;118.73999786376953;129.10000610351562;8071400;112.14068603515625
2021-08-30;129.2899932861328;129.52999877929688;120.7699966430664;122.1500015258789;6882900;106.1036605834961
2021-09-06;122.30999755859375;122.91999816894531;116.6500015258789;116.79000091552734;5753100;101.4477767944336
2021-09-13;119.2300033569336;122.69999694824219;114.70999908447266;116.56999969482422;7683000;101.25669860839844
2021-09-20;109.0;122.79000091552734;103.16999816894531;121.80000305175781;11156400;105.94918823242188
2021-09-27;124.2699966430664;127.62999725341797;114.79000091552734;120.6500015258789;9421300;104.9488296508789
2021-10-04;119.87000274658203;131.0;116.8499984741211;129.72999572753906;11183800;112.84715270996094
2021-10-11;130.57000732421875;137.22999572753906;118.37000274658203;135.22000122070312;10732900;117.62271118164062
2021-10-18;134.5800018310547;148.14999389648438;133.42999267578125;147.2899932861328;6088600;128.12196350097656
2021-10-25;148.47000122070312;151.0;140.35000610351562;144.7100067138672;5482700;125.87771606445312
2021-11-01;147.3000030517578;150.41000366210938;140.00999450683594;143.33999633789062;6203700;124.68598175048828
2021-11-08;145.4199981689453;148.10000610351562;140.02000427246094;143.64999389648438;4551800;124.95565795898438
2021-11-15;144.5;145.7100067138672;129.91000366210938;132.80999755859375;5925400;115.52631378173828
2021-11-22;137.88999938964844;144.49000549316406;125.5;130.10000610351562;8260500;113.1690444946289
2021-11-29;134.52000427246094;135.35000610351562;117.51000213623047;121.55000305175781;12600800;105.73169708251953
2021-12-06;125.47000122070312;134.14999389648438;123.33000183105469;129.7899932861328;6156000;112.89936065673828
2021-12-13;128.52999877929688;135.7899932861328;121.80000305175781;124.30999755859375;7259200;108.13251495361328
2021-12-20;118.52999877929688;131.44000244140625;112.58000183105469;128.7899932861328;7560700;112.37332153320312
2021-12-27;129.82000732421875;135.57000732421875;128.1699981689453;130.72999572753906;4733100;114.06602478027344
2022-01-03;133.60000610351562;150.47999572753906;133.16000366210938;149.66000366210938;12563000;130.58303833007812
2022-01-10;151.89999389648438;155.82000732421875;141.0500030517578;146.77000427246094;9267700;128.0614471435547
2022-01-17;143.13999938964844;143.42999267578125;118.08000183105469;119.52999877929688;8177200;104.29368591308594
2022-01-24;113.1500015258789;129.6699981689453;106.25;124.05999755859375;12407700;108.2462387084961
2022-01-31;121.5199966430664;140.52999877929688;119.80000305175781;137.30999755859375;6505300;119.80729675292969
2022-02-07;137.99000549316406;149.83999633789062;132.89999389648438;135.24000549316406;7504300;118.00112915039062
2022-02-14;135.27000427246094;138.24000549316406;124.4000015258789;126.05999755859375;7763700;109.99129486083984
2022-02-21;124.05000305175781;128.1300048828125;104.08000183105469;124.7699966430664;9784700;108.86572265625
2022-02-28;117.55999755859375;122.7699966430664;104.5199966430664;108.23999786376953;12202600;94.44281005859375
2022-03-07;105.0;107.13999938964844;93.0;100.26000213623047;11720000;87.47999572753906
2022-03-14;103.94000244140625;122.5;101.33000183105469;121.6500015258789;9450200;106.14344024658203
2022-03-21;123.45999908447266;129.1699981689453;119.33999633789062;127.2300033569336;6260800;111.01216888427734
2022-03-28;126.52999877929688;132.47000122070312;113.97000122070312;116.56999969482422;6268300;101.71099090576172
2022-04-04;116.02999877929688;117.73999786376953;104.27999877929688;111.41999816894531;7636800;97.21743774414062
2022-04-11;110.72000122070312;114.05999755859375;103.36000061035156;103.58999633789062;5338700;90.38552856445312
2022-04-18;101.41999816894531;115.94999694824219;96.20999908447266;96.56999969482422;6354400;84.2603530883789
2022-04-25;94.30999755859375;97.55999755859375;82.5999984741211;83.20999908447266;9053500;72.60333251953125
2022-05-02;84.29000091552734;95.72000122070312;78.87999725341797;84.97000122070312;11027700;74.13899230957031
2022-05-09;81.26000213623047;82.98999786376953;69.0;76.94999694824219;10239700;67.14128112792969
2022-05-16;76.16000366210938;81.77999877929688;68.30999755859375;73.08000183105469;8279400;63.764583587646484
2022-05-23;76.62999725341797;91.36000061035156;73.80999755859375;91.27999877929688;9342100;79.64466094970703
2022-05-30;89.0;92.16000366210938;83.3499984741211;86.0;4695200;75.03771209716797
2022-06-06;88.22000122070312;90.58999633789062;69.4000015258789;69.55000305175781;6338100;60.6845588684082
2022-06-13;64.4000015258789;66.37999725341797;57.040000915527344;58.900001525878906;10668700;51.39210510253906
2022-06-20;62.5;68.9000015258789;58.790000915527344;68.87000274658203;6085800;60.20882797241211
2022-06-27;70.0;71.9000015258789;59.20000076293945;65.5199966430664;7480100;57.280120849609375
2022-07-04;62.529998779296875;68.33999633789062;60.13999938964844;66.69999694824219;5335200;58.31172561645508
2022-07-11;65.2699966430664;67.26000213623047;56.31999969482422;64.08999633789062;7924200;56.02995300292969
2022-07-18;66.44000244140625;72.7300033569336;62.56999969482422;69.88999938964844;7367300;61.10054397583008
2022-07-25;70.98999786376953;77.29000091552734;67.80000305175781;76.54000091552734;6237200;66.91423797607422
2022-08-01;74.7300033569336;77.18000030517578;71.8499984741211;76.23999786376953;4834100;66.65193939208984
2022-08-08;77.5;89.25;75.7699966430664;89.16000366210938;5412300;77.94712829589844
2022-08-15;86.69999694824219;92.23999786376953;83.66000366210938;84.54000091552734;5098200;73.90814971923828
2022-08-22;80.73999786376953;83.88999938964844;75.19999694824219;75.26000213623047;4797500;65.79520416259766
2022-08-29;73.83999633789062;75.66000366210938;67.38999938964844;69.70999908447266;6693500;60.943172454833984
2022-09-05;70.62999725341797;79.80000305175781;67.16000366210938;79.18000030517578;6481100;69.22222900390625
2022-09-12;80.16000366210938;82.41999816894531;67.81999969482422;70.13999938964844;8031300;61.31910705566406
2022-09-19;67.95999908447266;72.5;55.81999969482422;58.599998474121094;9729100;51.38880157470703
2022-09-26;57.099998474121094;59.119998931884766;53.2400016784668;54.209999084472656;11096500;47.53903579711914
2022-10-03;55.9900016784668;65.44000244140625;53.9900016784668;56.790000915527344;8701000;49.801536560058594
2022-10-10;57.709999084472656;63.58000183105469;49.619998931884766;56.81999969482422;13227300;49.827842712402344
2022-10-17;60.41999816894531;66.12999725341797;57.15999984741211;63.040000915527344;10289600;55.282432556152344
2022-10-24;64.13999938964844;75.48999786376953;63.650001525878906;75.2300033569336;8875000;65.97235107421875
2022-10-31;73.8499984741211;77.91000366210938;67.9800033569336;73.27999877929688;6282800;64.26232147216797
2022-11-07;74.91999816894531;86.87000274658203;72.27999877929688;85.8499984741211;7422600;75.28545379638672
2022-11-14;84.5;85.6500015258789;77.80999755859375;81.94000244140625;5006900;71.85662841796875
2022-11-21;81.54000091552734;87.38999938964844;81.20999908447266;87.19999694824219;2274000;76.4693374633789
2022-11-28;85.76000213623047;89.4800033569336;80.0199966430664;85.45999908447266;5597500;74.9434814453125
2022-12-05;83.68000030517578;83.9000015258789;75.08000183105469;75.55999755859375;3867300;66.26173400878906
2022-12-12;75.62000274658203;84.36000061035156;67.94000244140625;69.73999786376953;4602400;61.15793228149414
2022-12-19;69.87999725341797;73.62000274658203;67.5;72.12999725341797;3652600;63.552711486816406
2022-12-26;72.56999969482422;74.56999969482422;71.05000305175781;73.55000305175781;2606800;64.8038558959961
2023-01-02;75.0;81.76000213623047;72.63999938964844;81.06999969482422;3997600;71.42961120605469
2023-01-09;82.22000122070312;86.30000305175781;78.94999694824219;85.91999816894531;5905000;75.70286560058594
2023-01-16;85.0999984741211;85.48999786376953;75.16000366210938;80.22000122070312;5194100;70.6806869506836
2023-01-23;80.30999755859375;87.8499984741211;79.69999694824219;86.26000213623047;6324300;76.00244140625
2023-01-30;85.0;90.8499984741211;84.33999633789062;88.6500015258789;6080400;78.10823059082031
2023-02-06;87.0;92.29000091552734;84.55999755859375;87.58999633789062;3732100;77.1742935180664
2023-02-13;87.55999755859375;91.7699966430664;84.44000244140625;86.51000213623047;3794000;76.22271728515625
2023-02-20;84.47000122070312;84.70999908447266;78.56999969482422;81.19999694824219;3341100;71.54415130615234
2023-02-27;83.16000366210938;83.83999633789062;76.69000244140625;83.11000061035156;2631800;73.22700500488281
2023-03-06;83.52999877929688;84.94999694824219;60.66999816894531;62.939998626708984;9365800;55.45552444458008
2023-03-13;56.88999938964844;61.79999923706055;51.18000030517578;51.529998779296875;28061800;45.40234375
2023-03-20;52.630001068115234;57.58000183105469;48.86000061035156;51.849998474121094;20496900;45.8270149230957
2023-03-27;54.5;57.720001220703125;52.95000076293945;57.66999816894531;14242500;50.9709587097168
2023-04-03;57.560001373291016;58.689998626708984;55.0;56.59000015258789;6619900;50.01641082763672
2023-04-10;56.060001373291016;62.79999923706055;55.65999984741211;61.400001525878906;8232400;54.26767349243164
2023-04-17;61.119998931884766;64.9800033569336;60.439998626708984;63.09000015258789;6202100;55.761356353759766
2023-04-24;62.939998626708984;63.619998931884766;56.900001525878906;62.529998779296875;4996500;55.26640319824219
2023-05-01;63.150001525878906;64.0;52.119998931884766;57.369998931884766;7476900;50.705806732177734
2023-05-08;58.400001525878906;59.02000045776367;54.02000045776367;55.04999923706055;5021700;48.655296325683594
2023-05-15;55.38999938964844;60.290000915527344;54.709999084472656;58.59000015258789;4765900;51.78409194946289
2023-05-22;58.959999084472656;59.47999954223633;53.52000045776367;55.650001525878906;4649600;49.18560028076172
2023-05-29;56.029998779296875;59.7400016784668;52.47999954223633;59.099998474121094;4997400;52.23484420776367
2023-06-05;59.29999923706055;61.68000030517578;57.40999984741211;60.939998626708984;4341200;53.86111068725586
2023-06-12;61.09000015258789;64.5;59.459999084472656;63.040000915527344;5173800;55.71717071533203
2023-06-19;62.09000015258789;62.13999938964844;57.310001373291016;58.5099983215332;6063300;52.23907470703125
2023-06-26;58.36000061035156;64.38999938964844;57.70000076293945;63.58000183105469;6061900;56.765689849853516
2023-07-03;63.72999954223633;65.2300033569336;60.95000076293945;62.72999954223633;4390500;56.00678634643555
2023-07-10;62.900001525878906;69.30999755859375;62.650001525878906;66.3499984741211;6205100;59.238800048828125
2023-07-17;66.04000091552734;73.5;66.04000091552734;72.16999816894531;13170300;64.43502044677734
2023-07-24;72.2300033569336;74.94999694824219;70.44000244140625;71.5199966430664;9930500;63.85470962524414
2023-07-31;71.97000122070312;73.0199966430664;68.56999969482422;69.68000030517578;5468200;62.211910247802734
2023-08-07;70.7300033569336;72.9000015258789;67.87999725341797;69.45999908447266;5716800;62.015472412109375
2023-08-14;68.83999633789062;69.4000015258789;62.25;63.61000061035156;3955600;56.79246520996094
2023-08-21;64.02999877929688;65.44999694824219;61.400001525878906;63.5;3668000;56.694252014160156
2023-08-28;64.25;67.97000122070312;64.05000305175781;67.31999969482422;2943600;60.1048469543457
2023-09-04;67.0999984741211;67.93000030517578;63.75;65.01000213623047;1802500;58.042423248291016
2023-09-11;65.77999877929688;69.2300033569336;65.37000274658203;67.72000122070312;2380200;60.46196365356445
2023-09-18;67.72000122070312;69.0999984741211;61.599998474121094;61.720001220703125;2546800;55.34206008911133
2023-09-25;61.04999923706055;62.040000915527344;57.65999984741211;58.77000045776367;3604800;52.69690704345703
2023-10-02;58.150001525878906;58.689998626708984;53.619998931884766;57.75;4339700;51.782310485839844
2023-10-09;56.16999816894531;60.79999923706055;56.04999923706055;58.41999816894531;3938300;52.38307571411133
2023-10-16;59.630001068115234;62.290000915527344;52.849998474121094;53.130001068115234;4020900;47.63972473144531
2023-10-23;52.56999969482422;53.77000045776367;48.72999954223633;49.22999954223633;4759800;44.142738342285156
2023-10-30;50.22999954223633;61.45000076293945;49.84000015258789;60.70000076293945;4580300;54.427467346191406
2023-11-06;61.0;61.29999923706055;58.81999969482422;61.130001068115234;2712500;54.81303787231445
2023-11-13;60.459999084472656;67.08999633789062;60.18000030517578;67.04000091552734;2950800;60.11231231689453
2023-11-20;66.68000030517578;69.31999969482422;66.29000091552734;68.87999725341797;1746700;61.762168884277344
2023-11-27;68.26000213623047;73.75;67.66000366210938;73.31999969482422;2898900;65.74336242675781
2023-12-04;72.04000091552734;74.0999984741211;70.80999755859375;72.9800033569336;2597500;65.43849182128906
2023-12-11;73.16000366210938;82.8499984741211;73.12000274658203;80.47000122070312;4876100;72.15451049804688
2023-12-18;81.5999984741211;83.1500015258789;78.30000305175781;80.80999755859375;4069200;72.81349182128906
2023-12-25;81.0;83.7699966430664;80.6500015258789;82.6500015258789;2539000;74.47142791748047
2024-01-01;81.31999969482422;84.45999908447266;80.87999725341797;83.08000183105469;3792100;74.8588638305664
2024-01-08;83.25;84.83000183105469;80.58000183105469;81.80999755859375;3459500;73.71453094482422
2024-01-15;79.81999969482422;84.19000244140625;77.68000030517578;83.97000122070312;3261000;75.66079711914062
2024-01-22;84.79000091552734;88.93000030517578;84.3499984741211;88.48999786376953;3840600;79.7335205078125
2024-01-29;87.87999725341797;93.98999786376953;85.56999969482422;90.5;4607800;81.54463195800781
2024-02-05;88.93000030517578;91.66999816894531;87.69999694824219;90.83999633789062;2984000;81.85098266601562
2024-02-12;90.87999725341797;96.02999877929688;86.26000213623047;94.54000091552734;5422200;85.18486022949219
2024-02-19;92.56999969482422;100.22000122070312;92.22000122070312;98.81999969482422;3168900;89.04130554199219
2024-02-26;98.7699966430664;100.7300033569336;96.31999969482422;98.66000366210938;3222000;88.89717864990234
2024-03-04;98.1500015258789;102.58000183105469;98.0;100.88999938964844;3881300;90.906494140625
2024-03-11;100.0;105.5;99.26000213623047;102.16999816894531;3677800;92.059814453125
2024-03-18;103.0199966430664;112.0999984741211;101.41000366210938;107.06999969482422;3672500;96.81553649902344
2024-03-25;107.06999969482422;113.08000183105469;105.91999816894531;112.19999694824219;2130200;101.4542236328125
2024-04-01;112.52999877929688;112.87999725341797;104.44999694824219;107.48999786376953;3318400;97.1953125
2024-04-08;107.87000274658203;109.98999786376953;94.79000091552734;96.22000122070312;4886000;87.00468444824219
2024-04-15;99.41999816894531;100.79000091552734;92.05999755859375;97.93000030517578;3908900;88.5509033203125
2024-04-22;99.48999786376953;104.05999755859375;98.27999877929688;100.62999725341797;2227100;90.99231719970703
2024-04-29;101.0;102.0;95.93000030517578;98.83000183105469;2183000;89.36471557617188
2024-05-06;100.55000305175781;108.44000244140625;100.19999694824219;107.94000244140625;1747200;97.60222625732422
2024-05-13;108.83999633789062;112.37000274658203;106.5;112.31999969482422;1848900;101.56272888183594
2024-05-20;111.79000091552734;112.44000244140625;102.5;105.36000061035156;2602000;95.26931762695312
2024-05-27;104.72000122070312;105.5199966430664;98.5;105.33999633789062;1921700;95.25123596191406
2024-06-03;105.5;105.72000122070312;100.41999816894531;103.66000366210938;2351300;93.73213195800781
2024-06-10;102.38999938964844;102.87999725341797;95.4000015258789;97.47000122070312;2631400;88.13496398925781
2024-06-17;96.79000091552734;104.05999755859375;96.0999984741211;102.18000030517578;1594700;92.39388275146484
2024-06-24;102.7699966430664;107.01000213623047;98.29000091552734;100.98999786376953;2645300;91.55325317382812
2024-07-01;102.1500015258789;105.56999969482422;100.43000030517578;103.5999984741211;1580800;93.91938018798828
2024-07-08;104.2699966430664;111.29000091552734;102.66000366210938;109.9000015258789;3178000;99.63069915771484
2024-07-15;111.01000213623047;123.66000366210938;110.93000030517578;113.44999694824219;6143900;102.84896087646484
2024-07-22;114.0;118.25;111.0199966430664;117.37000274658203;4482800;106.40267181396484
2024-07-29;118.02999877929688;122.69999694824219;103.98999786376953;106.18000030517578;5878000;96.25829315185547
2024-08-05;99.11000061035156;108.68000030517578;95.43000030517578;107.80999755859375;4018700;97.73597717285156
2024-08-12;108.7699966430664;118.20999908447266;105.52999877929688;118.1500015258789;2339400;107.10980987548828
2024-08-19;118.51000213623047;124.18000030517578;116.51000213623047;123.19000244140625;2353900;111.67884826660156
2024-08-26;124.6500015258789;134.5;123.63999938964844;134.05999755859375;3309100;121.53311920166016
2024-09-02;130.50999450683594;135.3000030517578;120.63999938964844;121.48999786376953;3579000;110.13770294189453
2024-09-09;124.66999816894531;128.7899932861328;113.68000030517578;123.02999877929688;3456800;111.53379821777344
2024-09-16;124.41999816894531;133.5;124.41999816894531;131.27000427246094;2785000;119.00384521484375
2024-09-23;132.08999633789062;133.58999633789062;124.44999694824219;128.42999267578125;2214800;116.70915222167969
2024-09-30;127.70999908447266;132.69000244140625;124.16999816894531;132.4499969482422;2487900;120.36228942871094
2024-10-07;132.11000061035156;140.10000610351562;125.88999938964844;139.10000610351562;2557600;126.4053726196289
2024-10-14;140.17999267578125;151.0399932861328;138.91000366210938;149.4199981689453;3125700;135.78355407714844
2024-10-21;148.5399932861328;149.39999389648438;138.69000244140625;139.8699951171875;3536800;127.1051254272461
2024-10-28;141.77999877929688;146.6199951171875;138.27999877929688;138.8000030517578;2262900;126.13276672363281
2024-11-04;138.99000549316406;166.38999938964844;133.80999755859375;161.30999755859375;4958300;146.58843994140625
2024-11-11;165.94000244140625;170.57000732421875;164.4499969482422;167.66000366210938;2593700;152.3589324951172
2024-11-18;168.27000427246094;176.17999267578125;161.60000610351562;175.6199951171875;3002200;159.5924530029297
2024-11-25;178.6300048828125;184.8800048828125;176.0500030517578;182.0;1884900;165.39022827148438
2024-12-02;182.69000244140625;183.2100067138672;168.6699981689453;171.72000122070312;2834900;156.0483856201172
2024-12-09;171.72999572753906;172.17999267578125;161.0;161.5800018310547;2156000;146.8338165283203
2024-12-16;162.8300018310547;163.27999877929688;143.3699951171875;151.27000427246094;3561700;137.46470642089844
2024-12-23;148.97999572753906;159.10000610351562;147.1999969482422;154.8300018310547;2219900;140.87770080566406
2024-12-30;150.36000061035156;154.8699951171875;146.47000122070312;153.22000122070312;2617900;139.41278076171875
2025-01-06;154.9199981689453;157.02000427246094;139.25999450683594;140.85000610351562;3180900;128.15750122070312
2025-01-13;138.72000122070312;168.25;138.22000122070312;167.41000366210938;4787400;152.32406616210938
2025-01-20;169.16000366210938;173.89999389648438;167.13999938964844;173.02999877929688;2376200;157.43765258789062
2025-01-27;171.92999267578125;185.38999938964844;170.91000366210938;179.50999450683594;3569100;163.33370971679688
2025-02-03;171.3800048828125;187.14999389648438;168.1199951171875;182.13999938964844;3699400;165.72669982910156
2025-02-10;183.2100067138672;184.0;172.8800048828125;181.3300018310547;3166300;164.9897003173828
2025-02-17;182.27000427246094;186.22999572753906;169.22000122070312;170.22999572753906;2649300;154.88995361328125
2025-02-24;172.52000427246094;185.2100067138672;165.5500030517578;184.57000732421875;2894900;167.93772888183594
2025-03-03;185.8800048828125;189.22999572753906;144.44000244140625;152.5500030517578;5648700;138.8031463623047
2025-03-10;144.9600067138672;147.74000549316406;135.1699981689453;146.3000030517578;4137500;133.1163787841797
2025-03-17;144.58999633789062;159.32000732421875;144.58999633789062;153.9199981689453;2548100;140.04971313476562
2025-03-24;159.0;169.39999389648438;150.88999938964844;152.33999633789062;2408000;139.00245666503906
2025-03-31;148.3000030517578;162.8800048828125;106.3499984741211;107.44999694824219;7191300;98.04261016845703
2025-04-07;96.16000366210938;131.4499969482422;92.66000366210938;123.27999877929688;11118900;112.4866714477539
2025-04-14;129.0800018310547;133.3000030517578;119.37999725341797;123.0999984741211;2978600;112.32243347167969
2025-04-21;121.0;138.9499969482422;111.0;133.35000610351562;4035300;121.67503356933594
2025-04-28;134.72000122070312;149.02999877929688;128.5;147.66000366210938;3417100;134.732177734375
2025-05-05;143.83999633789062;152.5500030517578;140.3800048828125;148.00999450683594;3218500;135.05152893066406
2025-05-12;160.32000732421875;164.13999938964844;154.16000366210938;163.7899932861328;2952400;149.449951171875
2025-05-19;159.8000030517578;165.0800018310547;144.50999450683594;148.60000610351562;3023900;135.58987426757812
2025-05-26;152.24000549316406;157.1999969482422;150.47000122070312;156.02000427246094;1901300;142.36024475097656
2025-06-02;153.33999633789062;160.41000366210938;150.1999969482422;159.1699981689453;2918300;145.23446655273438
2025-06-09;159.57000732421875;159.57000732421875;145.1699981689453;146.58999633789062;3307000;133.755859375
2025-06-16;149.6699981689453;154.47999572753906;147.52000427246094;149.6199951171875;2623200;136.52056884765625
2025-06-23;149.8800048828125;167.47000122070312;146.52999877929688;164.50999450683594;3716100;150.58724975585938
2025-06-30;167.1999969482422;177.24000549316406;166.5;176.63999938964844;2587700;161.69065856933594
2025-07-07;175.6300048828125;176.97999572753906;165.1999969482422;165.94000244140625;2921900;151.896240234375
2025-07-14;165.8000030517578;170.0;157.75;168.8800048828125;3496800;154.58743286132812
2025-07-21;169.2100067138672;177.72999572753906;167.27000427246094;177.41000366210938;2691100;162.39549255371094
2025-07-28;177.11000061035156;177.3300018310547;153.92999267578125;157.24000549316406;2697000;143.93252563476562
2025-08-04;159.10000610351562;164.94000244140625;155.3699951171875;160.89999389648438;2578100;147.2827606201172
2025-08-11;161.74000549316406;172.6699981689453;159.72999572753906;166.1699981689453;2165200;152.1067657470703
2025-08-18;165.42999267578125;177.44000244140625;164.55999755859375;176.32000732421875;2178200;161.3977508544922
2025-08-25;175.5800018310547;181.52999877929688;171.74000549316406;180.00999450683594;1914300;164.7754669189453
2025-09-01;176.9499969482422;182.1699981689453;168.5;170.49000549316406;2454900;156.0611572265625
2025-09-08;170.83999633789062;179.77999877929688;168.13999938964844;177.05999755859375;2529800;162.07513427734375
2025-09-15;177.86000061035156;183.67999267578125;171.72999572753906;180.72999572753906;2611000;165.4345245361328
2025-09-22;177.52000427246094;184.75;172.39999389648438;178.13999938964844;1684400;163.41720581054688
2025-09-29;180.0;181.69000244140625;170.16000366210938;176.39999389648438;2542300;161.82101440429688
2025-10-06;178.35000610351562;179.60000610351562;160.82000732421875;160.99000549316406;3539000;147.6846160888672
2025-10-13;164.49000549316406;175.72999572753906;154.4199981689453;160.19000244140625;4770800;146.95071411132812
2025-10-20;161.52999877929688;169.8000030517578;159.22000122070312;168.33999633789062;2386300;154.4271240234375
2025-10-27;170.41000366210938;171.11000061035156;156.39999389648438;160.60000610351562;3024900;147.3268585205078
2025-11-03;160.60000610351562;164.67999267578125;154.1999969482422;164.22999572753906;2659400;150.65682983398438
2025-11-10;165.33999633789062;174.50999450683594;159.02999877929688;160.7899932861328;3150500;147.50111389160156
2025-11-17;160.97000122070312;160.97000122070312;148.1699981689453;153.22999572753906;3224100;140.5659637451172
2025-11-24;153.69000244140625;169.8000030517578;149.89999389648438;167.7100067138672;1668200;153.84922790527344
2025-12-01;165.25;173.08999633789062;161.3300018310547;170.7100067138672;1791300;156.6012725830078
2025-12-08;170.8699951171875;173.07000732421875;153.92999267578125;169.47999572753906;2974700;167.64370727539062
2025-12-15;171.63999938964844;172.89999389648438;163.9499969482422;168.47999572753906;2078800;166.654541015625
2025-12-22;169.25;179.24000549316406;169.11000061035156;176.4199981689453;1259300;174.89659118652344
2025-12-29;176.02999877929688;177.14999389648438;164.22999572753906;169.64999389648438;1766700;168.18504333496094
2026-01-05;168.67999267578125;184.39999389648438;168.52000427246094;176.47999572753906;3113600;174.95606994628906
2026-01-12;170.0;172.9600067138672;157.4600067138672;163.88999938964844;4968100;162.47479248046875
2026-01-19;156.8300018310547;160.89999389648438;149.61000061035156;151.22999572753906;3622200;149.92410278320312
2026-01-26;151.4600067138672;155.8800048828125;148.4600067138672;154.0399932861328;3228900;152.7098388671875
2026-02-02;154.25;161.2100067138672;151.39999389648438;160.33999633789062;3790600;158.95542907714844
2026-02-09;159.0;161.66000366210938;134.7899932861328;138.00999450683594;4086800;136.81826782226562
2026-02-16;139.82000732421875;146.86000061035156;138.07000732421875;144.22999572753906;2424600;142.98455810546875
2026-02-23;141.77999877929688;144.74000549316406;126.0;134.7899932861328;6192600;133.62606811523438
2026-03-02;128.44000244140625;137.5;121.25;127.66000366210938;5691400;126.5576400756836
2026-03-09;122.70999908447266;128.39999389648438;114.33000183105469;114.83999633789062;7411000;113.84834289550781
2026-03-16;117.4000015258789;124.08999633789062;112.1500015258789;116.0199966430664;5403800;115.01815032958984
2026-03-23;122.02999877929688;123.27999877929688;106.91000366210938;107.91000366210938;4524300;107.52442932128906
2026-03-30;110.62000274658203;121.95999908447266;109.77999877929688;119.66000366210938;4024900;119.2324447631836
2026-04-06;119.56999969482422;134.14999389648438;118.91999816894531;128.3300018310547;3949600;127.8714599609375
2026-04-13;125.86000061035156;145.0;125.19000244140625;140.8300018310547;4094100;140.32679748535156
2026-04-20;139.49000549316406;146.7100067138672;131.49000549316406;132.67999267578125;3818300;132.20591735839844
2026-04-27;131.5;141.39999389648438;130.66000366210938;136.00999450683594;2365400;135.52401733398438
2026-05-04;134.99000549316406;138.27999877929688;129.66000366210938;130.41000366210938;3198500;129.94403076171875
2026-05-11;130.67999267578125;133.75999450683594;127.0999984741211;129.0399932861328;2631900;128.57891845703125
2026-05-18;128.60000610351562;136.77000427246094;126.4000015258789;134.91000366210938;2871100;134.42794799804688
2026-05-25;135.3800048828125;137.1999969482422;127.73999786376953;131.8800048828125;2687600;131.40878295898438
2026-06-01;129.2899932861328;138.2899932861328;123.80000305175781;136.82000732421875;4616900;136.3311309814453
2026-06-08;136.3000030517578;146.49000549316406;134.24000549316406;144.8800048828125;4130300;144.36233520507812
2026-06-15;148.1199951171875;157.57000732421875;145.44000244140625;146.3699951171875;2600200;145.8470001220703
2026-06-22;147.8000030517578;156.3000030517578;144.11000061035156;147.00999450683594;2281900;147.00999450683594
2026-06-29;147.75999450683594;164.08999633789062;145.5;163.85000610351562;2128300;163.85000610351562
2026-07-06;165.0;172.4499969482422;157.72000122070312;163.97000122070312;2577400;163.97000122070312
2026-07-13;166.02000427246094;174.7899932861328;163.1199951171875;168.4199981689453;3089400;168.4199981689453
2026-07-20;168.8300018310547;169.60000610351562;161.3800048828125;168.74000549316406;1732400;168.74000549316406
2026-07-27;172.64999389648438;180.27999877929688;167.19000244140625;174.02000427246094;2253000;174.02000427246094
2026-08-03;177.94000244140625;187.25;174.49000549316406;179.57000732421875;1785000;179.57000732421875
2026-08-10;178.92999267578125;186.0;178.22000122070312;184.5500030517578;1059500;184.5500030517578
2026-08-17;182.5;185.27000427246094;178.77999877929688;178.80999755859375;245003;178.80999755859375
