datetime;open;high;low;close;volume;adjclose
2000-05-22;45.53125;45.71875;45.3125;45.71875;74800;32.590641021728516
2000-05-29;46.375;51.1875;46.375;51.1875;130000;36.48904037475586
2000-06-05;51.0625;52.40625;50.71875;52.34375;464200;37.31327819824219
2000-06-12;52.5;52.5;50.1875;50.96875;353600;36.33311462402344
2000-06-19;51.25;53.0;50.5;50.90625;548400;36.309268951416016
2000-06-26;51.109375;52.1875;50.71875;51.6796875;1761000;36.86092758178711
2000-07-03;51.5625;52.953125;51.34375;52.75;381000;37.624332427978516
2000-07-10;52.71875;54.546875;52.71875;54.3125;500600;38.7387809753418
2000-07-17;54.359375;54.59375;52.03125;52.03125;618400;37.111690521240234
2000-07-24;52.3125;52.3125;48.875;49.0;536200;34.949615478515625
2000-07-31;49.25;50.578125;48.6875;50.21875;2473000;35.818885803222656
2000-08-07;50.40625;51.28125;49.75;51.125;379800;36.46528625488281
2000-08-14;50.96875;51.9375;50.90625;51.546875;876400;36.766178131103516
2000-08-21;51.875;52.6875;51.375;52.5625;962600;37.490596771240234
2000-08-28;52.8125;54.28125;52.5625;54.1875;1253200;38.649662017822266
2000-09-04;54.1171875;54.40625;53.4375;53.4375;670600;38.114688873291016
2000-09-11;53.7109375;54.109375;52.8125;52.90625;669800;37.735774993896484
2000-09-18;53.140625;53.140625;50.0;51.59375;631600;36.92483139038086
2000-09-25;52.1796875;52.1953125;50.5;51.8125;474000;37.081382751464844
2000-10-02;52.203125;52.203125;48.78125;48.84375;1014800;34.95669174194336
2000-10-09;48.875;49.0546875;45.96875;47.75;1490600;34.17391586303711
2000-10-16;48.0;49.03125;45.625;48.578125;2122800;34.76659393310547
2000-10-23;48.84375;49.53125;46.84375;48.03125;494600;34.375186920166016
2000-10-30;47.9375;50.8125;47.53125;50.65625;1322800;36.25387191772461
2000-11-06;51.09375;51.09375;48.0;48.0;778200;34.35283279418945
2000-11-13;47.5;49.4375;46.3125;48.15625;1213400;34.46466064453125
2000-11-20;47.6875;47.84375;45.46875;46.9375;369800;33.592411041259766
2000-11-27;47.90625;48.0546875;43.96875;45.5625;1457200;32.60835647583008
2000-12-04;45.734375;47.875;45.0;46.65625;1827200;33.3911247253418
2000-12-11;47.96875;48.78125;45.0;45.625;2082200;32.80225372314453
2000-12-18;45.84375;46.75;43.75;46.25;2245000;33.25159454345703
2000-12-25;46.25;49.609375;46.015625;47.875;4260000;34.41988754272461
2001-01-01;47.875;48.75;45.71875;46.03125;3005600;33.094329833984375
2001-01-08;45.875;48.7265625;45.34375;48.375;3218200;34.77935791015625
2001-01-15;48.25;50.1875;48.03125;48.625;3041800;34.959102630615234
2001-01-22;48.5;50.40625;48.265625;49.8125;5581000;35.81288528442383
2001-01-29;49.69499969482422;51.525001525878906;49.685001373291016;49.685001373291016;4459400;35.7212028503418
2001-02-05;49.5;50.900001525878906;49.125;49.29999923706055;4751800;35.44439697265625
2001-02-12;49.32500076293945;51.25;49.255001068115234;49.60499954223633;3629600;35.66368103027344
2001-02-19;49.849998474121094;50.0;46.224998474121094;47.599998474121094;1938000;34.22219467163086
2001-02-26;48.07500076293945;48.744998931884766;46.349998474121094;47.525001525878906;3240200;34.168270111083984
2001-03-05;48.0;48.599998474121094;46.95500183105469;46.95500183105469;2515800;33.82695770263672
2001-03-12;46.625;46.625;43.82500076293945;44.0;3197400;31.69814109802246
2001-03-19;44.5;45.58000183105469;41.57500076293945;44.125;3394800;31.788196563720703
2001-03-26;44.5;45.29999923706055;43.75;44.79999923706055;3701200;32.27445983886719
2001-04-02;44.775001525878906;45.0;42.125;43.20000076293945;2559000;31.121810913085938
2001-04-09;43.79999923706055;45.900001525878906;43.54999923706055;45.45000076293945;2357600;32.742733001708984
2001-04-16;45.25;48.0;44.375;46.64500045776367;2001600;33.60363006591797
2001-04-23;46.0;48.45000076293945;45.75;48.45000076293945;2996600;34.903987884521484
2001-04-30;48.82500076293945;49.29999923706055;47.73500061035156;49.04999923706055;3406000;35.33622741699219
2001-05-07;49.29999923706055;49.5;48.32500076293945;48.459999084472656;2516000;34.91118240356445
2001-05-14;48.459999084472656;50.67499923706055;48.150001525878906;50.57500076293945;1800200;36.434852600097656
2001-05-21;50.42499923706055;51.900001525878906;50.15999984741211;50.650001525878906;2811000;36.48889923095703
2001-05-28;50.75;50.75;49.150001525878906;50.1349983215332;3113200;36.11787414550781
2001-06-04;50.375;51.724998474121094;50.150001525878906;50.95000076293945;3498800;36.80670928955078
2001-06-11;50.95000076293945;51.0;48.92499923706055;49.375;3646000;35.668914794921875
2001-06-18;49.25;49.79999923706055;48.5;48.599998474121094;3760800;35.10903549194336
2001-06-25;48.849998474121094;51.20000076293945;47.92499923706055;50.95000076293945;7060000;36.80670928955078
2001-07-02;50.79999923706055;50.79999923706055;47.775001525878906;47.95000076293945;4665000;34.639469146728516
2001-07-09;48.125;49.07500076293945;46.744998931884766;48.900001525878906;4269800;35.32579040527344
2001-07-16;48.849998474121094;49.084999084472656;47.95000076293945;48.5;3044000;35.036808013916016
2001-07-23;48.82500076293945;48.82500076293945;46.900001525878906;48.25;3858800;34.8561897277832
2001-07-30;48.45000076293945;49.25;47.849998474121094;48.57500076293945;2325200;35.09101104736328
2001-08-06;48.5;48.5;46.724998474121094;47.29999923706055;2751200;34.169921875
2001-08-13;47.57500076293945;48.25;47.25;47.349998474121094;11205600;34.206031799316406
2001-08-20;47.29999923706055;48.04999923706055;46.88999938964844;48.04999923706055;7901000;34.71171569824219
2001-08-27;48.04999923706055;48.224998474121094;46.30500030517578;46.94499969482422;3842400;33.91347122192383
2001-09-03;46.849998474121094;47.244998931884766;44.084999084472656;44.26499938964844;6522200;31.977420806884766
2001-09-10;43.92499923706055;44.29999923706055;43.54999923706055;43.92499923706055;4777800;31.731796264648438
2001-09-17;41.0;42.494998931884766;36.75;37.83000183105469;9021400;27.328725814819336
2001-09-24;38.25;40.38999938964844;38.25;40.099998474121094;7762200;28.968578338623047
2001-10-01;40.099998474121094;41.970001220703125;39.025001525878906;41.29999923706055;6304400;29.945226669311523
2001-10-08;40.75;43.20000076293945;40.5;42.540000915527344;4101000;30.84432601928711
2001-10-15;42.375;43.724998474121094;41.650001525878906;42.29999923706055;3843000;30.670312881469727
2001-10-22;42.375;43.82500076293945;42.0;43.625;3895400;31.631010055541992
2001-10-29;43.505001068115234;43.5099983215332;41.67499923706055;43.0;4090400;31.1778564453125
2001-11-05;43.599998474121094;44.45000076293945;43.25;43.70000076293945;3465600;31.685382843017578
2001-11-12;43.349998474121094;45.20000076293945;42.529998779296875;44.994998931884766;1744600;32.6243782043457
2001-11-19;45.07500076293945;45.82500076293945;44.68000030517578;45.7400016784668;1382600;33.16452407836914
2001-11-26;45.7400016784668;46.349998474121094;45.025001525878906;45.79999923706055;2858600;33.20804214477539
2001-12-03;45.45000076293945;48.25;45.29999923706055;47.8849983215332;2756400;34.71980667114258
2001-12-10;47.875;48.09000015258789;46.3650016784668;46.95000076293945;3296800;34.140869140625
2001-12-17;46.83000183105469;48.32500076293945;46.83000183105469;48.099998474121094;11237600;34.977115631103516
2001-12-24;48.224998474121094;49.26499938964844;48.10499954223633;49.0;5004800;35.631568908691406
2001-12-31;49.125;49.91999816894531;47.63999938964844;49.724998474121094;6471800;36.158775329589844
2002-01-07;49.67499923706055;50.064998626708984;48.54999923706055;48.70000076293945;4442200;35.4134521484375
2002-01-14;48.630001068115234;48.630001068115234;46.900001525878906;46.95000076293945;8138200;34.140869140625
2002-01-21;47.375;47.88999938964844;46.400001525878906;47.63999938964844;4811000;34.64262771606445
2002-01-28;47.79999923706055;48.185001373291016;46.5;47.82500076293945;6829600;34.77715301513672
2002-02-04;47.625;47.70500183105469;45.375;46.599998474121094;9576800;33.886375427246094
2002-02-11;46.400001525878906;47.59000015258789;46.375;46.68000030517578;4591200;33.944541931152344
2002-02-18;46.25;46.54999923706055;45.38999938964844;46.375;4397000;33.72275161743164
2002-02-25;46.375;47.75;46.17499923706055;47.75;5893800;34.722618103027344
2002-03-04;47.75;49.880001068115234;47.625;49.689998626708984;5983200;36.17557907104492
2002-03-11;49.689998626708984;49.9900016784668;48.755001068115234;49.625;6326800;36.128238677978516
2002-03-18;49.744998931884766;50.55500030517578;49.42499923706055;49.900001525878906;5768000;36.328453063964844
2002-03-25;50.025001525878906;50.71500015258789;49.224998474121094;50.04999923706055;5476600;36.437660217285156
2002-04-01;50.04999923706055;50.415000915527344;49.17499923706055;49.54999923706055;16166800;36.073646545410156
2002-04-08;49.005001068115234;51.25;49.0;51.25;8683800;37.31129455566406
2002-04-15;51.5;52.375;50.790000915527344;51.45000076293945;14158800;37.4568977355957
2002-04-22;51.400001525878906;51.44499969482422;49.685001373291016;49.685001373291016;7989600;36.17192077636719
2002-04-29;50.0;51.29999923706055;49.54999923706055;50.95000076293945;8854000;37.09286880493164
2002-05-06;50.994998931884766;51.15999984741211;48.95000076293945;49.064998626708984;9750000;35.720542907714844
2002-05-13;49.07500076293945;51.40999984741211;49.0;50.70000076293945;16582200;36.91086959838867
2002-05-20;50.625;50.625;48.67499923706055;49.185001373291016;10704800;35.80792236328125
2002-05-27;49.400001525878906;49.400001525878906;48.02000045776367;48.25;14591400;35.1272087097168
2002-06-03;48.474998474121094;48.474998474121094;45.60499954223633;46.79999923706055;13409400;34.07157516479492
2002-06-10;46.900001525878906;47.224998474121094;44.255001068115234;45.75;14277600;33.39559555053711
2002-06-17;45.875;47.275001525878906;45.599998474121094;45.79999923706055;9429000;33.432090759277344
2002-06-24;45.625;46.32500076293945;43.95000076293945;45.32500076293945;18829800;33.08537673950195
2002-07-01;45.45000076293945;45.814998626708984;42.0;43.959999084472656;7537200;32.088958740234375
2002-07-08;43.875;44.119998931884766;40.54999923706055;41.025001525878906;12700400;29.94654083251953
2002-07-15;40.95000076293945;41.5;38.32500076293945;38.625;13648200;28.19463539123535
2002-07-22;38.29999923706055;38.89500045776367;34.75;38.29999923706055;21871200;27.957401275634766
2002-07-29;39.150001525878906;40.21500015258789;37.43000030517578;37.48500061035156;12267000;27.362485885620117
2002-08-05;37.48500061035156;39.095001220703125;36.48500061035156;38.505001068115234;12856600;28.107053756713867
2002-08-12;38.25;39.665000915527344;37.07500076293945;39.474998474121094;16088400;28.815105438232422
2002-08-19;39.70500183105469;41.125;39.525001525878906;39.82500076293945;13417200;29.070594787597656
2002-08-26;40.0;40.89500045776367;38.42499923706055;39.025001525878906;11528200;28.486629486083984
2002-09-02;38.32500076293945;39.20000076293945;37.58000183105469;39.150001525878906;9715400;28.577865600585938
2002-09-09;39.04999923706055;40.0;38.125;38.849998474121094;9313200;28.45348358154297
2002-09-16;38.79999923706055;38.880001068115234;36.29999923706055;36.54999923706055;8976600;26.768983840942383
2002-09-23;36.29999923706055;37.064998626708984;35.25;36.025001525878906;14819000;26.38448143005371
2002-09-30;35.650001525878906;36.92499923706055;34.42499923706055;34.650001525878906;15712200;25.37741470336914
2002-10-07;34.474998474121094;34.79999923706055;32.29999923706055;34.349998474121094;24806200;25.1577091217041
2002-10-14;34.04999923706055;36.36000061035156;34.04999923706055;36.20000076293945;19469000;26.51263427734375
2002-10-21;35.900001525878906;37.220001220703125;35.79999923706055;37.220001220703125;20630800;27.25967025756836
2002-10-28;37.70000076293945;38.224998474121094;36.09000015258789;38.125;20864200;27.922487258911133
2002-11-04;38.69499969482422;39.25;37.66999816894531;37.724998474121094;16063600;27.629533767700195
2002-11-11;37.724998474121094;39.88999938964844;36.790000915527344;38.400001525878906;11288600;28.123916625976562
2002-11-18;38.875;40.06999969482422;37.7599983215332;40.0099983215332;14805600;29.303056716918945
2002-11-25;40.0;41.1150016784668;39.599998474121094;40.404998779296875;8253400;29.592334747314453
2002-12-02;41.25;41.380001068115234;38.92499923706055;39.58000183105469;12316600;28.988130569458008
2002-12-09;39.26499938964844;39.95000076293945;38.45000076293945;38.525001525878906;11862000;28.351879119873047
2002-12-16;38.650001525878906;39.27000045776367;37.86000061035156;38.51499938964844;16098600;28.344518661499023
2002-12-23;38.45000076293945;39.244998931884766;38.06999969482422;38.06999969482422;5993200;28.01701545715332
2002-12-30;38.150001525878906;39.04999923706055;37.650001525878906;38.8849983215332;16155600;28.616804122924805
2003-01-06;38.8849983215332;39.625;38.599998474121094;39.400001525878906;15721400;28.995811462402344
2003-01-13;39.65999984741211;39.814998626708984;38.45000076293945;38.630001068115234;10446600;28.42915916442871
2003-01-20;38.70000076293945;38.77000045776367;37.189998626708984;37.189998626708984;11171200;27.369413375854492
2003-01-27;37.0;37.404998779296875;36.2400016784668;37.119998931884766;19192800;27.317890167236328
2003-02-03;37.20000076293945;37.2400016784668;35.63999938964844;35.65999984741211;25320800;26.24342155456543
2003-02-10;35.70000076293945;36.224998474121094;34.970001220703125;35.650001525878906;18816800;26.23606300354004
2003-02-17;35.92499923706055;36.404998779296875;35.57500076293945;36.15999984741211;11521800;26.611392974853516
2003-02-24;36.095001220703125;36.27000045776367;35.17499923706055;36.005001068115234;11445400;26.497310638427734
2003-03-03;36.25;36.375;34.7599983215332;35.224998474121094;11186600;25.98232650756836
2003-03-10;34.994998931884766;35.630001068115234;34.1150016784668;35.42499923706055;16258400;26.129850387573242
2003-03-17;35.275001525878906;37.5;35.09000015258789;37.3849983215332;21460000;27.575571060180664
2003-03-24;36.849998474121094;37.125;36.29999923706055;36.75;14959600;27.107179641723633
2003-03-31;36.32500076293945;37.70000076293945;35.974998474121094;37.26499938964844;11147600;27.487051010131836
2003-04-07;38.07500076293945;38.220001220703125;36.8849983215332;36.91999816894531;12921200;27.23257064819336
2003-04-14;37.0099983215332;38.32500076293945;37.0099983215332;38.17499923706055;8434000;28.158273696899414
2003-04-21;38.2400016784668;39.41999816894531;38.09000015258789;38.625;9568000;28.490205764770508
2003-04-28;38.900001525878906;40.67499923706055;38.775001525878906;40.650001525878906;13412200;29.983875274658203
2003-05-05;40.76499938964844;41.28499984741211;40.53499984741211;41.220001220703125;16816200;30.404312133789062
2003-05-12;41.18000030517578;42.3650016784668;41.150001525878906;41.53499984741211;13551600;30.63665199279785
2003-05-19;41.29999923706055;41.82500076293945;40.43000030517578;41.70000076293945;15900800;30.758363723754883
2003-05-26;41.6349983215332;44.07500076293945;41.6349983215332;44.01499938964844;15828600;32.46590805053711
2003-06-02;44.375;46.540000915527344;44.0;45.20000076293945;18632400;33.33998489379883
2003-06-09;45.099998474121094;45.80500030517578;44.34000015258789;44.81999969482422;14630200;33.11403274536133
2003-06-16;45.099998474121094;45.91999816894531;44.625;44.6349983215332;15538000;32.97734069824219
2003-06-23;44.67499923706055;45.44499969482422;43.4900016784668;44.59000015258789;24454000;32.94410705566406
2003-06-30;44.845001220703125;45.875;43.875;45.47999954223633;20409000;33.60166549682617
2003-07-07;45.92499923706055;47.70000076293945;45.92499923706055;47.314998626708984;20997200;34.9574089050293
2003-07-14;47.73500061035156;48.150001525878906;45.77000045776367;46.125;22671600;34.07819366455078
2003-07-21;46.05500030517578;47.220001220703125;45.40999984741211;46.82500076293945;18883600;34.59537887573242
2003-07-28;46.81999969482422;47.869998931884766;46.525001525878906;46.67499923706055;21109800;34.484561920166016
2003-08-04;46.56999969482422;46.75;44.814998626708984;45.25;27474600;33.43171691894531
2003-08-11;45.220001220703125;47.334999084472656;45.220001220703125;47.119998931884766;21839600;34.81331253051758
2003-08-18;47.33000183105469;49.89500045776367;47.15999984741211;48.459999084472656;25328000;35.803348541259766
2003-08-25;48.369998931884766;49.92499923706055;47.55500030517578;49.60499954223633;19958000;36.64929962158203
2003-09-01;49.875;51.4900016784668;49.54999923706055;50.849998474121094;23051200;37.569149017333984
2003-09-08;51.07500076293945;51.70000076293945;49.900001525878906;50.70500183105469;26965600;37.549949645996094
2003-09-15;50.810001373291016;51.95000076293945;50.525001525878906;51.79999923706055;19618200;38.36085891723633
2003-09-22;51.099998474121094;51.92499923706055;48.2400016784668;48.29999923706055;32614000;35.76891326904297
2003-09-29;48.625;51.349998474121094;47.880001068115234;51.11000061035156;54100600;37.849876403808594
2003-10-06;51.099998474121094;52.595001220703125;50.89500045776367;51.90999984741211;36380400;38.442317962646484
2003-10-13;52.060001373291016;53.400001525878906;51.845001220703125;51.849998474121094;33813600;38.39789581298828
2003-10-20;51.970001220703125;52.57500076293945;50.13999938964844;50.625;40556000;37.49070739746094
2003-10-27;50.79999923706055;53.625;50.775001525878906;52.75;36692000;39.06438064575195
2003-11-03;53.095001220703125;54.69499969482422;53.029998779296875;53.994998931884766;31612600;39.98638916015625
2003-11-10;54.1349983215332;54.470001220703125;52.5;53.099998474121094;33391000;39.323577880859375
2003-11-17;52.71500015258789;53.599998474121094;51.78499984741211;52.64500045776367;41940000;38.986637115478516
2003-11-24;53.025001525878906;54.744998931884766;52.900001525878906;54.724998474121094;22524400;40.52699279785156
2003-12-01;54.935001373291016;55.709999084472656;53.55500030517578;53.79999923706055;29462800;39.84197998046875
2003-12-08;53.70000076293945;54.47999954223633;52.44499969482422;54.47999954223633;39956400;40.48541259765625
2003-12-15;54.505001068115234;55.45000076293945;52.625;54.20000076293945;40180000;40.36458969116211
2003-12-22;54.125;55.375;54.029998779296875;55.23500061035156;13150400;41.135379791259766
2003-12-29;55.47999954223633;56.494998931884766;55.34000015258789;55.994998931884766;34480200;41.701377868652344
2004-01-05;56.375;58.005001068115234;56.154998779296875;57.150001525878906;36601600;42.56153869628906
2004-01-12;57.439998626708984;59.060001373291016;57.209999084472656;58.75;33700200;43.75310516357422
2004-01-19;59.04999923706055;59.8650016784668;58.654998779296875;59.36000061035156;31129800;44.20741653442383
2004-01-26;59.349998474121094;60.029998779296875;57.08000183105469;57.79999923706055;50523800;43.04561233520508
2004-02-02;57.91999816894531;58.375;56.150001525878906;58.15999984741211;47239600;43.3137321472168
2004-02-09;58.39500045776367;59.54999923706055;58.095001220703125;58.32500076293945;34399000;43.436588287353516
2004-02-16;58.709999084472656;59.470001220703125;57.279998779296875;57.775001525878906;32115800;43.02699279785156
2004-02-23;57.95500183105469;58.54999923706055;56.29999923706055;58.349998474121094;54423800;43.455230712890625
2004-03-01;58.5;60.21500015258789;57.21500015258789;59.744998931884766;48156400;44.494102478027344
2004-03-08;59.904998779296875;60.165000915527344;56.540000915527344;58.125;71017800;43.28765869140625
2004-03-15;57.90999984741211;57.939998626708984;56.0099983215332;56.849998474121094;106141000;42.338134765625
2004-03-22;56.314998626708984;57.494998931884766;55.36000061035156;57.099998474121094;78409800;42.60232162475586
2004-03-29;57.5;60.470001220703125;57.459999084472656;60.20000076293945;61659600;44.91524887084961
2004-04-05;60.23500061035156;60.57500076293945;59.17499923706055;59.55500030517578;37465000;44.43401336669922
2004-04-12;59.689998626708984;60.150001525878906;57.20000076293945;58.130001068115234;66620600;43.37080764770508
2004-04-19;58.01499938964844;59.279998779296875;57.02000045776367;58.875;63123200;43.926658630371094
2004-04-26;59.03499984741211;59.529998779296875;55.55500030517578;55.55500030517578;67889200;41.4495964050293
2004-05-03;55.79999923706055;57.459999084472656;54.42499923706055;54.42499923706055;82001400;40.606502532958984
2004-05-10;54.0;55.17499923706055;53.07500076293945;54.07500076293945;128969400;40.345367431640625
2004-05-17;53.2400016784668;55.209999084472656;52.755001068115234;54.39500045776367;76876000;40.58412551879883
2004-05-24;54.880001068115234;57.130001068115234;54.595001220703125;56.75;65313600;42.34119415283203
2004-05-31;56.5;57.459999084472656;56.0;56.70000076293945;47629600;42.30390167236328
2004-06-07;56.94499969482422;57.79499816894531;56.540000915527344;56.849998474121094;35568200;42.41579818725586
2004-06-14;56.459999084472656;57.18000030517578;55.6150016784668;56.90999984741211;68511200;42.46056365966797
2004-06-21;56.93000030517578;58.5;56.20500183105469;58.29999923706055;53512000;43.61276626586914
2004-06-28;58.349998474121094;59.040000915527344;57.650001525878906;58.099998474121094;58482600;43.46315002441406
2004-07-05;57.73500061035156;57.779998779296875;55.79499816894531;56.32500076293945;46781400;42.135318756103516
2004-07-12;56.099998474121094;56.459999084472656;55.20000076293945;55.25;53169200;41.331146240234375
2004-07-19;55.41999816894531;56.45500183105469;53.60499954223633;53.81999969482422;85026800;40.26139450073242
2004-07-26;53.939998626708984;55.084999084472656;52.85499954223633;55.0;76576800;41.14412307739258
2004-08-02;54.599998474121094;55.095001220703125;51.685001373291016;51.8650016784668;80470600;38.798927307128906
2004-08-09;51.95000076293945;52.8650016784668;51.334999084472656;51.67499923706055;61318800;38.656761169433594
2004-08-16;51.779998779296875;54.70000076293945;51.71500015258789;54.5099983215332;62362600;40.77757263183594
2004-08-23;54.73500061035156;55.125;54.0;54.880001068115234;54187800;41.05434036254883
2004-08-30;54.70000076293945;56.10499954223633;53.939998626708984;55.474998474121094;75673600;41.49945831298828
2004-09-06;55.904998779296875;56.959999084472656;55.560001373291016;56.86000061035156;47122600;42.53554153442383
2004-09-13;56.92499923706055;57.439998626708984;56.42499923706055;57.21500015258789;55292400;42.801090240478516
2004-09-20;56.95500183105469;57.67499923706055;56.29499816894531;56.334999084472656;55672400;42.242088317871094
2004-09-27;56.185001373291016;58.375;55.54499816894531;58.36000061035156;79252400;43.76051712036133
2004-10-04;58.79999923706055;59.130001068115234;57.29999923706055;57.29999923706055;58808600;42.96569061279297
2004-10-11;57.494998931884766;57.974998474121094;56.14500045776367;56.810001373291016;69441800;42.59827423095703
2004-10-18;56.65999984741211;57.650001525878906;56.03499984741211;56.494998931884766;71124600;42.362064361572266
2004-10-25;56.39500045776367;58.59000015258789;56.279998779296875;58.095001220703125;72449600;43.56182098388672
2004-11-01;58.27000045776367;60.625;57.86000061035156;60.2599983215332;68368800;45.185211181640625
2004-11-08;60.2400016784668;62.025001525878906;59.8849983215332;61.92499923706055;44567200;46.43368148803711
2004-11-15;61.95000076293945;62.66999816894531;61.060001373291016;61.29999923706055;59964200;45.96505355834961
2004-11-22;61.07500076293945;63.20000076293945;61.04999923706055;62.75;53366800;47.05232238769531
2004-11-29;63.209999084472656;64.41000366210938;62.474998474121094;63.81999969482422;77110000;47.85464096069336
2004-12-06;63.9900016784668;64.07499694824219;61.95000076293945;63.099998474121094;60417600;47.31475830078125
2004-12-13;63.42499923706055;64.74500274658203;62.970001220703125;63.904998779296875;66084400;47.918365478515625
2004-12-20;64.04499816894531;64.92500305175781;63.5099983215332;64.58999633789062;36784000;48.58649444580078
2004-12-27;65.0;65.33000183105469;63.82500076293945;64.75;51654000;48.70683670043945
2005-01-03;65.09500122070312;65.20999908447266;60.89500045776367;60.93000030517578;117364200;45.83335494995117
2005-01-10;61.0;62.099998474121094;60.130001068115234;61.44499969482422;103955600;46.220726013183594
2005-01-17;61.29999923706055;62.404998779296875;60.57500076293945;60.779998779296875;88353800;45.720497131347656
2005-01-24;60.959999084472656;61.8650016784668;60.084999084472656;61.400001525878906;100457600;46.18688201904297
2005-01-31;61.7599983215332;63.529998779296875;61.56999969482422;63.38999938964844;94374800;47.68381881713867
2005-02-07;63.525001525878906;63.775001525878906;61.880001068115234;63.29999923706055;88914600;47.61611557006836
2005-02-14;63.20000076293945;63.900001525878906;62.5;62.775001525878906;75212400;47.22120666503906
2005-02-21;62.45000076293945;63.54499816894531;61.3849983215332;63.53499984741211;85429600;47.79289245605469
2005-02-28;63.45000076293945;64.45500183105469;62.67499923706055;64.34500122070312;92345600;48.402191162109375
2005-03-07;64.44999694824219;64.63999938964844;62.20500183105469;62.540000915527344;89716200;47.044437408447266
2005-03-14;62.72999954223633;63.40999984741211;61.7400016784668;61.900001525878906;98734000;46.56300354003906
2005-03-21;62.040000915527344;62.755001068115234;61.005001068115234;61.04999923706055;82699800;46.13047409057617
2005-03-28;61.255001068115234;61.720001220703125;59.92499923706055;60.81999969482422;97971000;45.9566764831543
2005-04-04;60.720001220703125;61.80500030517578;60.20000076293945;60.650001525878906;102629000;45.82822799682617
2005-04-11;60.67499923706055;61.05500030517578;57.5;57.81999969482422;166115600;43.68983459472656
2005-04-18;57.709999084472656;59.689998626708984;57.310001373291016;58.685001373291016;161451000;44.343441009521484
2005-04-25;58.90999984741211;59.564998626708984;56.494998931884766;57.619998931884766;168909800;43.53871154785156
2005-05-02;57.779998779296875;59.724998474121094;57.53499984741211;59.349998474121094;135497200;44.8459358215332
2005-05-09;59.33000183105469;60.0;57.44499969482422;58.09000015258789;147454000;43.893836975097656
2005-05-16;58.01499938964844;60.869998931884766;57.95000076293945;60.599998474121094;140602400;45.79045486450195
2005-05-23;60.67499923706055;61.540000915527344;60.150001525878906;61.474998474121094;107039200;46.45161437988281
2005-05-30;61.52000045776367;62.415000915527344;61.13999938964844;61.755001068115234;82106200;46.66317367553711
2005-06-06;61.72999954223633;62.875;61.36000061035156;62.45000076293945;102025700;47.188331604003906
2005-06-13;62.27000045776367;64.6500015258789;62.130001068115234;64.0199966430664;99315200;48.37464141845703
2005-06-20;63.720001220703125;64.22000122070312;62.06999969482422;62.209999084472656;91378000;47.11444091796875
2005-06-27;62.279998779296875;64.29000091552734;62.099998474121094;63.97999954223633;98527400;48.45492935180664
2005-07-04;63.810001373291016;66.0199966430664;63.470001220703125;65.97000122070312;105681800;49.96207046508789
2005-07-11;66.01000213623047;67.13999938964844;65.41999816894531;66.0;118633200;49.984779357910156
2005-07-18;65.91000366210938;67.55000305175781;65.37000274658203;67.31999969482422;122467100;50.984458923339844
2005-07-25;67.30000305175781;68.26000213623047;66.44999694824219;67.88999938964844;114729900;51.41615295410156
2005-08-01;67.94000244140625;68.5199966430664;65.66000366210938;65.97000122070312;104790400;49.96207046508789
2005-08-08;66.16999816894531;66.5999984741211;64.87000274658203;65.5199966430664;117082300;49.62125015258789
2005-08-15;65.6500015258789;66.48999786376953;64.47000122070312;65.11000061035156;107341400;49.31073760986328
2005-08-22;65.23999786376953;66.02999877929688;64.44000244140625;64.5;105336000;48.84874725341797
2005-08-29;64.43000030517578;66.87999725341797;64.19999694824219;66.16999816894531;114266100;50.1135139465332
2005-09-05;66.37000274658203;67.58000183105469;66.2699966430664;67.38999938964844;76958400;51.0374870300293
2005-09-12;67.43000030517578;68.08000183105469;66.05999755859375;66.94000244140625;109350000;50.69668197631836
2005-09-19;66.86000061035156;66.9800033569336;64.0999984741211;65.18000030517578;143950800;49.51472473144531
2005-09-26;65.62000274658203;66.44000244140625;64.73999786376953;66.38999938964844;125027900;50.43394088745117
2005-10-03;66.48999786376953;67.0999984741211;62.86000061035156;64.0999984741211;172202100;48.69430923461914
2005-10-10;64.25;64.27999877929688;61.04999923706055;62.90999984741211;215818600;47.790313720703125
2005-10-17;62.86000061035156;63.650001525878906;61.380001068115234;63.02000045776367;196002400;47.87388229370117
2005-10-24;63.150001525878906;64.58999633789062;61.939998626708984;63.060001373291016;162676600;47.90424728393555
2005-10-31;63.45000076293945;66.16000366210938;63.40999984741211;65.4800033569336;168318500;49.742637634277344
2005-11-07;65.7300033569336;66.48999786376953;64.73999786376953;66.43000030517578;125998200;50.464317321777344
2005-11-14;66.51000213623047;67.08000183105469;64.58000183105469;66.88999938964844;138998300;50.81375503540039
2005-11-21;67.01000213623047;68.3499984741211;66.5199966430664;67.95999908447266;79159200;51.62660217285156
2005-11-28;68.12000274658203;68.8499984741211;66.80999755859375;68.81999969482422;147248200;52.279911041259766
2005-12-05;68.70999908447266;69.08000183105469;67.69999694824219;68.63999938964844;131200300;52.14317321777344
2005-12-12;68.87999725341797;69.16000366210938;67.7300033569336;67.83999633789062;129309100;51.535430908203125
2005-12-19;67.91999816894531;68.2699966430664;66.54000091552734;68.12999725341797;117748300;51.955780029296875
2005-12-26;68.3499984741211;68.43000030517578;66.45999908447266;66.72000122070312;101434400;50.880523681640625
2006-01-02;67.20999908447266;69.6500015258789;66.05000305175781;69.61000061035156;120809700;53.08442306518555
2006-01-09;69.61000061035156;70.73999786376953;69.56999969482422;70.36000061035156;124199400;53.6563720703125
2006-01-16;69.9800033569336;71.16999816894531;69.30000305175781;70.19000244140625;127627900;53.5267333984375
2006-01-23;70.25;73.23999786376953;69.98999786376953;72.7699966430664;167874400;55.49420928955078
2006-01-30;72.69999694824219;73.20999908447266;71.51000213623047;71.77999877929688;190850900;54.7392578125
2006-02-06;71.9000015258789;72.58999633789062;70.37000274658203;71.18000030517578;167100000;54.281700134277344
2006-02-13;71.04000091552734;72.9000015258789;70.30999755859375;72.6500015258789;164582500;55.4027099609375
2006-02-20;72.75;73.3499984741211;71.8499984741211;73.3499984741211;111668200;55.93650817871094
2006-02-27;73.41000366210938;74.13999938964844;72.44000244140625;73.22000122070312;158148200;55.837379455566406
2006-03-06;73.4000015258789;73.45999908447266;70.87999725341797;72.31999969482422;191275700;55.15106964111328
2006-03-13;72.5999984741211;74.5;72.01000213623047;74.06999969482422;169168700;56.48561477661133
2006-03-20;74.19000244140625;74.94000244140625;72.88999938964844;74.9000015258789;159255800;57.248538970947266
2006-03-27;74.80999755859375;76.23999786376953;74.33000183105469;75.97000122070312;138844800;58.06635665893555
2006-04-03;76.12000274658203;76.69000244140625;74.86000061035156;75.01000213623047;170315700;57.33258819580078
2006-04-10;75.02999877929688;75.45999908447266;73.44999694824219;74.55999755859375;165307200;56.98863220214844
2006-04-17;74.62999725341797;77.3499984741211;73.9000015258789;76.68000030517578;225804000;58.6090087890625
2006-04-24;76.54000091552734;76.75;74.88999938964844;76.19999694824219;243349300;58.24213790893555
2006-05-01;76.29000091552734;78.0199966430664;75.26000213623047;77.5199966430664;183691100;59.251068115234375
2006-05-08;77.5199966430664;77.80999755859375;73.5;73.5;182675000;56.178436279296875
2006-05-15;72.94000244140625;73.87000274658203;70.58999633789062;71.9000015258789;307150000;54.955535888671875
2006-05-22;71.23999786376953;72.7300033569336;69.11000061035156;72.63999938964844;389055900;55.5211296081543
2006-05-29;72.30999755859375;73.83999633789062;70.55999755859375;73.22000122070312;204750100;55.96445083618164
2006-06-05;73.05999755859375;73.1500015258789;68.0;69.54000091552734;446115800;53.151702880859375
2006-06-12;69.69999694824219;69.97000122070312;66.55000305175781;68.8499984741211;518340900;52.62430953979492
2006-06-19;69.0999984741211;69.12000274658203;67.25;68.6500015258789;307695000;52.55188751220703
2006-06-26;69.0199966430664;71.9000015258789;67.5;71.7300033569336;305443700;54.90961837768555
2006-07-03;72.0;72.62999725341797;70.3499984741211;70.48999786376953;140750200;53.96039581298828
2006-07-10;70.66000366210938;71.23999786376953;66.94999694824219;67.52999877929688;313827000;51.694515228271484
2006-07-17;67.5999984741211;70.37000274658203;66.3499984741211;66.75;416450400;51.097415924072266
2006-07-24;67.26000213623047;69.88999938964844;67.25;69.66999816894531;340720300;53.33266830444336
2006-07-31;69.43000030517578;71.30999755859375;68.18000030517578;69.62000274658203;258970200;53.29442596435547
2006-08-07;69.37000274658203;69.95999908447266;67.02999877929688;67.5999984741211;277425000;51.74809265136719
2006-08-14;68.08999633789062;71.0999984741211;67.68000030517578;70.94000244140625;221026600;54.30487060546875
2006-08-21;70.4800033569336;70.80000305175781;68.91000366210938;69.5999984741211;139855400;53.27910232543945
2006-08-28;69.54000091552734;72.23999786376953;69.5199966430664;71.81999969482422;181520500;54.978519439697266
2006-09-04;71.93000030517578;72.5199966430664;70.05999755859375;70.56999969482422;150211900;54.02163314819336
2006-09-11;70.12999725341797;73.0199966430664;69.6500015258789;72.66000366210938;202863800;55.62153625488281
2006-09-18;72.3499984741211;73.56999969482422;71.05999755859375;71.54000091552734;284746000;54.764190673828125
2006-09-25;71.77999877929688;73.27999877929688;71.11000061035156;72.0;223511700;55.29277801513672
2006-10-02;71.97000122070312;73.9000015258789;70.68000030517578;73.5;222149700;56.4446907043457
2006-10-09;73.36000061035156;75.91000366210938;73.05999755859375;75.9000015258789;197513200;58.287784576416016
2006-10-16;75.87999725341797;76.80000305175781;75.3499984741211;75.5999984741211;223283200;58.05739212036133
2006-10-23;75.3499984741211;77.1500015258789;75.08999633789062;76.13999938964844;222253400;58.472068786621094
2006-10-30;75.77999877929688;76.79000091552734;74.0999984741211;74.83000183105469;241190300;57.46607971191406
2006-11-06;75.20999908447266;76.83000183105469;75.0;76.5199966430664;242591000;58.76389694213867
2006-11-13;76.43000030517578;79.11000061035156;76.19999694824219;78.58999633789062;258347500;60.353538513183594
2006-11-20;78.3499984741211;79.11000061035156;78.11000061035156;78.55999755859375;140342700;60.33052062988281
2006-11-27;78.51000213623047;78.5999984741211;76.29000091552734;77.77999877929688;330996600;59.731544494628906
2006-12-04;77.95999908447266;79.76000213623047;77.93000030517578;78.77999877929688;214391900;60.49949645996094
2006-12-11;78.80000305175781;79.58999633789062;77.88999938964844;78.9000015258789;221657400;60.59165573120117
2006-12-18;79.05999755859375;79.20999908447266;77.05000305175781;77.11000061035156;225550200;59.468292236328125
2006-12-25;77.33000183105469;79.27999877929688;77.30000305175781;78.02999877929688;120144800;60.177799224853516
2007-01-01;78.68000030517578;79.12000274658203;76.69999694824219;76.7300033569336;157159800;59.175228118896484
2007-01-08;76.94999694824219;79.05000305175781;76.19000244140625;78.9800033569336;235729400;60.91046905517578
2007-01-15;79.20999908447266;79.36000061035156;76.87000274658203;77.76000213623047;167047900;59.969566345214844
2007-01-22;77.81999969482422;78.94999694824219;76.91000366210938;78.06999969482422;238409200;60.20866012573242
2007-01-29;78.12000274658203;80.44999694824219;78.02999877929688;80.25;224784000;61.88991165161133
2007-02-05;80.22000122070312;81.20999908447266;79.69999694824219;80.30999755859375;170629300;61.93619155883789
2007-02-12;80.27999877929688;81.29000091552734;79.58999633789062;81.16999816894531;232129900;62.59939193725586
2007-02-19;81.0;82.48999786376953;80.0999984741211;81.94999694824219;228256500;63.20095443725586
2007-02-26;82.31999969482422;82.41000366210938;76.75;76.86000061035156;506941900;59.27550506591797
2007-03-05;76.08999633789062;78.27999877929688;75.1500015258789;78.18000030517578;417664500;60.29349136352539
2007-03-12;78.01000213623047;78.51000213623047;75.52999877929688;77.2699966430664;422594500;59.5916633605957
2007-03-19;77.83000183105469;81.12000274658203;77.80999755859375;80.23999786376953;258906400;62.00111770629883
2007-03-26;80.31999969482422;80.4800033569336;78.48999786376953;79.44999694824219;259461400;61.3907470703125
2007-04-02;79.61000061035156;80.80999755859375;79.1500015258789;80.44000244140625;141389900;62.15568161010742
2007-04-09;80.77999877929688;81.4000015258789;79.66999816894531;81.36000061035156;222627600;62.86655807495117
2007-04-16;81.80999755859375;82.62999725341797;80.80000305175781;82.30999755859375;282559400;63.6005973815918
2007-04-23;82.20999908447266;83.16999816894531;81.37000274658203;82.5199966430664;247606000;63.762874603271484
2007-04-30;82.47000122070312;82.87000274658203;80.12999725341797;82.81999969482422;329559500;63.99467849731445
2007-05-07;82.69999694824219;83.2300033569336;81.25;82.33999633789062;315588300;63.623779296875
2007-05-14;82.29000091552734;82.58999633789062;80.45999908447266;81.7300033569336;435294400;63.1524772644043
2007-05-21;81.7300033569336;84.0999984741211;81.55999755859375;82.48999786376953;411528900;63.739715576171875
2007-05-28;82.77999877929688;85.16999816894531;82.43000030517578;84.69999694824219;263550600;65.44733428955078
2007-06-04;84.48999786376953;84.97000122070312;81.66000366210938;82.8499984741211;432159600;64.01786804199219
2007-06-11;82.73999786376953;84.69000244140625;81.41000366210938;84.33000183105469;465323400;65.16145324707031
2007-06-18;84.58000183105469;84.66000366210938;82.30000305175781;82.91999816894531;403682600;64.07198333740234
2007-06-25;82.68000030517578;84.19000244140625;81.5;82.9000015258789;525540300;64.1785659790039
2007-07-02;83.37999725341797;84.93000030517578;83.25;84.80000305175781;179211600;65.64950561523438
2007-07-09;84.95999908447266;85.73999786376953;82.9000015258789;84.9000015258789;355680800;65.7269287109375
2007-07-16;84.88999938964844;85.16000366210938;82.58999633789062;83.25;447624200;64.4495620727539
2007-07-23;83.62999725341797;83.8499984741211;76.43000030517578;76.62999725341797;837047900;59.324554443359375
2007-07-30;77.30999755859375;79.1500015258789;74.95999908447266;75.3499984741211;786992300;58.3336067199707
2007-08-06;75.62000274658203;80.0999984741211;73.91999816894531;78.05999755859375;1118810100;60.43160629272461
2007-08-13;79.38999938964844;80.05999755859375;73.23999786376953;78.41000366210938;938905200;60.70261001586914
2007-08-20;78.66999816894531;80.12000274658203;77.47000122070312;79.62999725341797;460206500;61.64703369140625
2007-08-27;79.36000061035156;79.47000122070312;76.4000015258789;78.73999786376953;327746100;60.95804977416992
2007-09-03;78.68000030517578;80.31999969482422;76.98999786376953;77.7300033569336;301560200;60.1761360168457
2007-09-10;77.91000366210938;78.52999877929688;75.62000274658203;78.08999633789062;381653300;60.454833984375
2007-09-17;77.87999725341797;82.0999984741211;77.19000244140625;80.95999908447266;492783500;62.676719665527344
2007-09-24;81.0999984741211;81.37000274658203;79.27999877929688;80.04000091552734;361140500;62.11522674560547
2007-10-01;80.12999725341797;84.41999816894531;80.12999725341797;84.12999725341797;336847800;65.28925323486328
2007-10-08;83.91000366210938;84.88999938964844;82.66000366210938;83.81999969482422;297380100;65.04872131347656
2007-10-15;83.80000305175781;84.18000030517578;79.0;79.08999633789062;427502600;61.37797546386719
2007-10-22;78.54000091552734;82.01000213623047;78.3499984741211;82.01000213623047;545786300;63.64406967163086
2007-10-29;82.22000122070312;82.80000305175781;78.3499984741211;79.52999877929688;525208000;61.7194709777832
2007-11-05;78.44000244140625;80.0;75.81999969482422;76.8499984741211;531384200;59.63963317871094
2007-11-12;76.88999938964844;79.2300033569336;75.54000091552734;76.29000091552734;525955100;59.20502853393555
2007-11-19;75.88999938964844;76.04000091552734;73.0;75.05999755859375;391810800;58.25048828125
2007-11-26;75.3499984741211;77.94999694824219;72.98999786376953;76.6500015258789;432733100;59.484405517578125
2007-12-03;76.55000305175781;78.80000305175781;74.55999755859375;78.48999786376953;342185200;60.912353515625
2007-12-10;78.5;79.58000183105469;74.94999694824219;75.0;448505700;58.20393753051758
2007-12-17;74.81999969482422;78.5999984741211;73.3499984741211;78.5999984741211;477380200;60.99772262573242
2007-12-24;78.70999908447266;79.83999633789062;76.55999755859375;76.55999755859375;215136900;59.614681243896484
2007-12-31;76.44999694824219;76.80000305175781;71.61000061035156;72.08999633789062;369727400;56.13405227661133
2008-01-07;72.27999877929688;73.2699966430664;68.62000274658203;70.22000122070312;711285600;54.67795944213867
2008-01-14;71.01000213623047;71.19000244140625;66.29000091552734;67.22000122070312;557203300;52.3419303894043
2008-01-21;64.47000122070312;70.2300033569336;64.19000244140625;68.47000122070312;543182500;53.31528854370117
2008-01-28;68.31999969482422;72.87999725341797;67.70999908447266;72.61000061035156;500942000;56.538970947265625
2008-02-04;72.54000091552734;72.5999984741211;68.47000122070312;69.66999816894531;490296400;54.24967956542969
2008-02-11;69.66000366210938;72.18000030517578;68.7300033569336;69.87000274658203;386339000;54.4054069519043
2008-02-18;70.87999725341797;71.75;68.04000091552734;69.41999816894531;291858800;54.055023193359375
2008-02-25;69.37999725341797;72.23999786376953;68.0999984741211;68.86000061035156;421780500;53.618961334228516
2008-03-03;68.38999938964844;68.72000122070312;65.19999694824219;65.95999908447266;492085100;51.36079788208008
2008-03-10;66.0199966430664;68.3499984741211;64.0999984741211;66.13999938964844;593383500;51.5009880065918
2008-03-17;64.2300033569336;68.93000030517578;64.2300033569336;67.4800033569336;524090800;52.544395446777344
2008-03-24;68.16999816894531;70.43000030517578;67.94999694824219;68.19000244140625;218023700;53.183937072753906
2008-03-31;68.20999908447266;71.88999938964844;67.80999755859375;71.16000366210938;246530300;55.500370025634766
2008-04-07;71.66000366210938;71.86000061035156;68.41999816894531;68.73999786376953;297239800;53.612918853759766
2008-04-14;68.63999938964844;72.2699966430664;68.2300033569336;71.66999816894531;295728100;55.89813995361328
2008-04-21;71.3499984741211;72.2699966430664;69.51000213623047;71.9000015258789;144627300;56.0775260925293
2008-04-28;71.93000030517578;73.5;71.0999984741211;72.55000305175781;252886900;56.5844612121582
2008-05-05;72.31999969482422;73.22000122070312;71.04000091552734;71.5;269991700;55.765560150146484
2008-05-12;71.94999694824219;74.5199966430664;71.80999755859375;73.94999694824219;272079700;57.676387786865234
2008-05-19;74.02999877929688;74.73999786376953;71.7300033569336;72.20999908447266;409431200;56.31928634643555
2008-05-26;72.37999725341797;75.0199966430664;72.3499984741211;74.66999816894531;228207000;58.237937927246094
2008-06-02;74.56999969482422;76.2300033569336;73.05999755859375;73.91999816894531;472762900;57.65298843383789
2008-06-09;74.12000274658203;74.38999938964844;71.62999725341797;73.31999969482422;477757100;57.185028076171875
2008-06-16;73.05000305175781;74.26000213623047;71.8499984741211;72.56999969482422;435127200;56.60004425048828
2008-06-23;72.91999816894531;72.98999786376953;69.0;69.7300033569336;534681100;54.385047912597656
2008-06-30;69.86000061035156;70.20999908447266;65.80000305175781;66.52999877929688;414224900;52.08296585083008
2008-07-07;66.7300033569336;68.55000305175781;64.94000244140625;67.2699966430664;651008500;52.66227722167969
2008-07-14;67.77999877929688;69.8499984741211;64.5199966430664;68.87999725341797;584706000;53.92265319824219
2008-07-21;69.37000274658203;72.48999786376953;68.9800033569336;70.68000030517578;549597100;55.33177185058594
2008-07-28;70.63999938964844;72.06999969482422;69.22000122070312;71.41000366210938;561003900;55.90326690673828
2008-08-04;71.43000030517578;73.37000274658203;69.80999755859375;73.12000274658203;479756500;57.241943359375
2008-08-11;73.2699966430664;76.2699966430664;73.12999725341797;75.0999984741211;670792400;58.79195785522461
2008-08-18;75.2699966430664;75.41999816894531;72.05000305175781;73.68000030517578;465719600;57.680335998535156
2008-08-25;73.22000122070312;74.6500015258789;70.69000244140625;73.87000274658203;363586200;57.829071044921875
2008-09-01;75.01000213623047;75.5;70.13999938964844;71.63999938964844;457826500;56.08332443237305
2008-09-08;74.0199966430664;74.3499984741211;69.9000015258789;72.25;669330500;56.56087875366211
2008-09-15;70.1500015258789;86.05000305175781;67.16000366210938;75.0;1180516700;58.71369171142578
2008-09-22;75.19999694824219;75.36000061035156;68.79000091552734;70.62999725341797;492970200;55.409732818603516
2008-09-29;69.2300033569336;70.33000183105469;61.72999954223633;62.70000076293945;561859400;49.18859100341797
2008-10-06;60.560001373291016;60.720001220703125;46.5099983215332;52.45000076293945;857963300;41.14738464355469
2008-10-13;54.540000915527344;58.849998474121094;48.290000915527344;52.20000076293945;708780000;40.951271057128906
2008-10-20;53.25;54.709999084472656;44.88999938964844;47.16999816894531;496491700;37.005184173583984
2008-10-27;46.119998931884766;54.09000015258789;44.08000183105469;53.75;499880100;42.167259216308594
2008-11-03;53.47999954223633;55.209999084472656;49.310001373291016;50.619998931884766;355981200;39.71174240112305
2008-11-10;51.7400016784668;51.84000015258789;43.2400016784668;45.63999938964844;440083600;35.80488586425781
2008-11-17;45.349998474121094;46.58000183105469;37.119998931884766;40.63999938964844;578989300;31.882360458374023
2008-11-24;41.20000076293945;48.2599983215332;40.72999954223633;47.34000015258789;289426200;37.13855743408203
2008-12-01;46.119998931884766;46.45000076293945;41.5;46.099998474121094;488644200;36.165748596191406
2008-12-08;47.22999954223633;49.40999984741211;44.02000045776367;46.88999938964844;426393100;36.785526275634766
2008-12-15;47.2599983215332;50.0099983215332;44.619998931884766;48.70000076293945;443612000;38.20549011230469
2008-12-22;48.91999816894531;48.939998626708984;46.119998931884766;47.54999923706055;184431300;37.587406158447266
2008-12-29;47.36000061035156;50.720001220703125;45.90999984741211;50.220001220703125;207235300;39.6980094909668
2009-01-05;50.4900016784668;51.90999984741211;47.91999816894531;48.130001068115234;356829900;38.04589080810547
2009-01-12;47.95000076293945;48.11000061035156;43.810001373291016;46.47999954223633;372020900;36.7415885925293
2009-01-19;45.880001068115234;46.25;42.86000061035156;44.38999938964844;297503100;35.08949279785156
2009-01-26;44.36000061035156;47.4900016784668;44.11000061035156;44.47999954223633;313554600;35.16063690185547
2009-02-02;43.65999984741211;47.16999816894531;43.63999938964844;46.959999084472656;310839800;37.12103271484375
2009-02-09;46.790000915527344;47.13999938964844;43.470001220703125;44.66999816894531;335707700;35.310821533203125
2009-02-16;43.0;43.619998931884766;40.189998626708984;41.13999938964844;307751600;32.52043151855469
2009-02-23;41.380001068115234;41.45000076293945;38.63999938964844;39.150001525878906;420612800;30.947370529174805
2009-03-02;38.2599983215332;38.41999816894531;34.31999969482422;35.20000076293945;405555400;27.8249568939209
2009-03-09;34.72999954223633;39.65999984741211;34.2599983215332;39.369998931884766;393482000;31.121265411376953
2009-03-16;39.810001373291016;42.5;38.43000030517578;39.97999954223633;387209400;31.60346031188965
2009-03-23;41.34000015258789;44.470001220703125;40.810001373291016;42.88999938964844;449586300;34.01433563232422
2009-03-30;41.650001525878906;45.63999938964844;40.779998779296875;45.630001068115234;335311800;36.18731689453125
2009-04-06;44.9900016784668;46.709999084472656;43.119998931884766;46.63999938964844;238802200;36.98830032348633
2009-04-13;46.2599983215332;48.27000045776367;44.88999938964844;47.75;281861000;37.86860656738281
2009-04-20;46.77000045776367;48.279998779296875;44.95000076293945;47.619998931884766;317365500;37.76548767089844
2009-04-27;46.84000015258789;50.2400016784668;46.380001068115234;48.81999969482422;312799800;38.71717071533203
2009-05-04;49.279998779296875;51.400001525878906;48.88999938964844;51.0099983215332;324484300;40.4539680480957
2009-05-11;50.04999923706055;50.81999969482422;47.060001373291016;47.7599983215332;285025900;37.876529693603516
2009-05-18;48.29999923706055;50.689998626708984;47.349998474121094;47.790000915527344;246990500;37.90031433105469
2009-05-25;47.369998931884766;50.369998931884766;47.31999969482422;50.16999816894531;232186600;39.78779220581055
2009-06-01;51.36000061035156;53.790000915527344;51.099998474121094;53.20000076293945;264628000;42.190765380859375
2009-06-08;52.79999923706055;53.459999084472656;51.61000061035156;52.779998779296875;253448800;41.85768127441406
2009-06-15;52.029998779296875;52.09000015258789;50.0;51.310001373291016;244021700;40.69190216064453
2009-06-22;50.9900016784668;51.560001373291016;49.02000045776367;51.22999954223633;238368700;40.628448486328125
2009-06-29;51.33000183105469;52.25;49.689998626708984;49.90999984741211;191843600;39.72019958496094
2009-07-06;49.470001220703125;49.7400016784668;47.27000045776367;48.099998474121094;234871500;38.279747009277344
2009-07-13;48.290000915527344;52.369998931884766;47.41999816894531;51.900001525878906;209228400;41.303916931152344
2009-07-20;52.25;54.869998931884766;51.790000915527344;54.810001373291016;226396900;43.61981201171875
2009-07-27;54.79999923706055;56.439998626708984;54.34000015258789;55.56999969482422;244586500;44.224647521972656
2009-08-03;56.2400016784668;57.84000015258789;55.61000061035156;57.09000015258789;229488900;45.43430709838867
2009-08-10;56.93000030517578;57.84000015258789;55.81999969482422;56.40999984741211;238240800;44.89314651489258
2009-08-17;55.2599983215332;58.38999938964844;54.68000030517578;58.150001525878906;204287200;46.27791976928711
2009-08-24;58.400001525878906;59.18000030517578;57.22999954223633;58.04999923706055;182930300;46.19831466674805
2009-08-31;57.459999084472656;58.130001068115234;55.209999084472656;57.04999923706055;236193000;45.40247344970703
2009-09-07;57.65999984741211;59.9900016784668;57.0;59.41999816894531;149171800;47.28862762451172
2009-09-14;58.97999954223633;62.34000015258789;58.869998931884766;61.90999984741211;213533300;49.27024841308594
2009-09-21;61.31999969482422;62.61000061035156;59.5099983215332;59.83000183105469;241060900;47.72701644897461
2009-09-28;60.220001220703125;61.779998779296875;57.529998779296875;58.0;294011800;46.267181396484375
2009-10-05;58.310001373291016;61.5099983215332;58.08000183105469;61.41999816894531;220233400;48.99535369873047
2009-10-12;61.790000915527344;62.459999084472656;60.599998474121094;61.68000030517578;178654000;49.202754974365234
2009-10-19;61.880001068115234;62.52000045776367;59.77000045776367;60.060001373291016;274021500;47.91045379638672
2009-10-26;60.2400016784668;61.16999816894531;55.97999954223633;56.33000183105469;416640400;44.93501663208008
2009-11-02;56.630001068115234;58.58000183105469;55.33000183105469;58.08000183105469;397544600;46.33099365234375
2009-11-09;58.59000015258789;59.84000015258789;57.630001068115234;58.72999954223633;293193900;46.84952926635742
2009-11-16;59.119998931884766;60.68000030517578;58.09000015258789;58.59000015258789;275565900;46.73784255981445
2009-11-23;59.40999984741211;60.31999969482422;57.040000915527344;57.58000183105469;202677200;45.932151794433594
2009-11-30;57.650001525878906;60.869998931884766;56.86000061035156;60.41999816894531;366599200;48.197635650634766
2009-12-07;60.40999984741211;60.84000015258789;59.29999923706055;60.16999816894531;275519800;47.99821090698242
2009-12-14;60.650001525878906;61.619998931884766;59.970001220703125;61.18000030517578;284971000;48.80390930175781
2009-12-21;61.630001068115234;63.38999938964844;61.619998931884766;63.36000061035156;152434300;50.748138427734375
2009-12-28;63.59000015258789;63.61000061035156;62.2599983215332;62.439998626708984;139546600;50.01123809814453
2010-01-04;63.290000915527344;64.5199966430664;63.13999938964844;64.5199966430664;263030600;51.67721176147461
2010-01-11;64.77999877929688;64.87999725341797;63.22999954223633;63.68000030517578;247580600;51.004417419433594
2010-01-18;63.91999816894531;64.87000274658203;61.18000030517578;61.72999954223633;291404100;49.44257736206055
2010-01-25;62.08000183105469;62.150001525878906;59.970001220703125;60.11000061035156;366217500;48.14501953125
2010-02-01;60.38999938964844;61.630001068115234;58.0;59.27000045776367;387940000;47.47224044799805
2010-02-08;59.08000183105469;61.099998474121094;58.619998931884766;61.02000045776367;327160900;48.87387466430664
2010-02-15;61.65999984741211;63.380001068115234;61.08000183105469;63.060001373291016;200430600;50.5078239440918
2010-02-22;63.41999816894531;63.45000076293945;61.97999954223633;62.79999923706055;266829900;50.29958724975586
2010-03-01;63.2599983215332;66.72000122070312;63.2599983215332;66.62000274658203;282248700;53.35919952392578
2010-03-08;66.63999938964844;68.12999725341797;66.5199966430664;67.72000122070312;312213500;54.240238189697266
2010-03-15;67.68000030517578;68.87999725341797;67.0;67.41000366210938;308400200;53.99196243286133
2010-03-22;66.93000030517578;69.36000061035156;66.77999877929688;67.80999755859375;302623300;54.44761276245117
2010-03-29;68.11000061035156;68.80999755859375;67.38999938964844;68.43000030517578;193079800;54.9454345703125
2010-04-05;68.61000061035156;70.30999755859375;68.44000244140625;70.25;281316100;56.40679168701172
2010-04-12;70.27999877929688;72.58000183105469;69.94000244140625;71.45999908447266;301877000;57.37834548950195
2010-04-19;71.05999755859375;74.20999908447266;69.77999877929688;74.12999725341797;341964300;59.52220916748047
2010-04-26;74.16999816894531;74.66000366210938;71.56999969482422;71.6500015258789;401151600;57.53093338012695
2010-05-03;72.0999984741211;73.30999755859375;63.36000061035156;65.36000061035156;654804700;52.48040008544922
2010-05-10;68.55000305175781;72.0999984741211;67.69999694824219;69.55999755859375;457037400;55.852745056152344
2010-05-17;70.0;70.80000305175781;62.7599983215332;65.06999969482422;579491200;52.2475471496582
2010-05-24;64.80000305175781;67.16999816894531;61.709999084472656;66.25;470221400;53.19502258300781
2010-05-31;65.5999984741211;67.08999633789062;63.369998931884766;63.560001373291016;330385400;51.03510665893555
2010-06-07;63.84000015258789;65.02999877929688;60.70000076293945;64.94000244140625;466936700;52.14315414428711
2010-06-14;65.80000305175781;67.52999877929688;65.16000366210938;66.80000305175781;325337300;53.636627197265625
2010-06-21;67.87000274658203;68.0;63.20000076293945;64.62999725341797;359473700;51.89426040649414
2010-06-28;64.58999633789062;65.23999786376953;59.119998931884766;59.81999969482422;455030000;48.19013214111328
2010-07-05;60.86000061035156;62.939998626708984;58.65999984741211;62.939998626708984;266065600;50.703556060791016
2010-07-12;62.7599983215332;64.44000244140625;60.88999938964844;61.06999969482422;348317100;49.197113037109375
2010-07-19;61.27000045776367;65.11000061035156;60.150001525878906;64.9800033569336;358684400;52.346961975097656
2010-07-26;65.26000213623047;67.2699966430664;63.81999969482422;65.0199966430664;340747900;52.3791618347168
2010-08-02;66.16999816894531;66.54000091552734;63.86000061035156;65.13999938964844;242333900;52.47584533691406
2010-08-09;65.62000274658203;66.11000061035156;60.7599983215332;61.06999969482422;313873200;49.197113037109375
2010-08-16;60.63999938964844;63.43000030517578;60.13999938964844;61.150001525878906;321053400;49.26155471801758
2010-08-23;61.599998474121094;61.91999816894531;58.79999923706055;61.650001525878906;344897800;49.66436004638672
2010-08-30;61.349998474121094;64.52999877929688;59.68000030517578;64.33000183105469;263422600;51.82331466674805
2010-09-06;64.12999725341797;64.4800033569336;62.90999984741211;63.720001220703125;207212700;51.331912994384766
2010-09-13;64.44999694824219;65.62000274658203;64.27999877929688;65.20999908447266;293806300;52.5322265625
2010-09-20;65.41999816894531;67.43000030517578;64.66000366210938;66.98999786376953;335269200;54.10175704956055
2010-09-27;67.01000213623047;68.55000305175781;65.75;67.86000061035156;311695900;54.80437088012695
2010-10-04;67.68000030517578;69.66000366210938;66.4800033569336;69.27999877929688;277020200;55.95117950439453
2010-10-11;69.33999633789062;71.25;68.41000366210938;70.29000091552734;292363500;56.76686477661133
2010-10-18;70.55999755859375;71.08999633789062;68.94999694824219;70.31999969482422;247361000;56.79109573364258
2010-10-25;70.83999633789062;71.55999755859375;69.54000091552734;70.30000305175781;216432900;56.77495193481445
2010-11-01;70.66000366210938;74.0;69.30999755859375;73.7699966430664;267071900;59.57733917236328
2010-11-08;73.52999877929688;74.05000305175781;71.9000015258789;72.02999877929688;225551500;58.172115325927734
2010-11-15;72.37999725341797;72.8499984741211;70.1500015258789;72.44999694824219;233869700;58.511295318603516
2010-11-22;72.16999816894531;73.75;71.5;73.22000122070312;155507800;59.133155822753906
2010-11-29;72.94999694824219;75.9000015258789;72.02999877929688;75.66999816894531;255581400;61.111793518066406
2010-12-06;75.63999938964844;77.94000244140625;75.5;77.75;236022400;62.791629791259766
2010-12-13;78.05999755859375;78.19000244140625;76.86000061035156;78.0199966430664;253327100;63.00967025756836
2010-12-20;78.30999755859375;79.27999877929688;77.93000030517578;78.72000122070312;127911400;63.8629035949707
2010-12-27;78.47000122070312;79.22000122070312;78.16999816894531;78.23999786376953;131057900;63.47345733642578
2011-01-03;78.94000244140625;80.0199966430664;77.44000244140625;78.5199966430664;272411400;63.70065689086914
2011-01-10;78.23999786376953;80.68000030517578;77.62000274658203;80.54000091552734;203311500;65.33935546875
2011-01-17;80.29000091552734;80.69999694824219;77.12000274658203;77.19000244140625;244861000;62.62166213989258
2011-01-24;77.19999694824219;79.66999816894531;76.94999694824219;77.41000366210938;300250700;62.80015182495117
2011-01-31;77.87000274658203;80.12999725341797;77.25;79.87000274658203;231678200;64.79581451416016
2011-02-07;79.9800033569336;82.0999984741211;79.91000366210938;82.06999969482422;208278100;66.58062744140625
2011-02-14;82.11000061035156;83.7699966430664;81.83000183105469;83.3499984741211;192329200;67.61907196044922
2011-02-21;82.7300033569336;83.0199966430664;79.29000091552734;82.18000030517578;303322200;66.66987609863281
2011-02-28;82.6500015258789;83.0199966430664;80.23999786376953;82.44000244140625;321651400;66.88077545166016
2011-03-07;82.76000213623047;82.81999969482422;79.27999877929688;80.18000030517578;400594900;65.04734802246094
2011-03-14;79.33999633789062;80.33000183105469;77.56999969482422;79.45999908447266;405105000;64.46322631835938
2011-03-21;80.4800033569336;83.05999755859375;79.8499984741211;82.22000122070312;292071500;66.8415756225586
2011-03-28;82.48999786376953;85.0199966430664;81.58000183105469;84.54000091552734;216698600;68.72764587402344
2011-04-04;84.76000213623047;85.87999725341797;83.5999984741211;83.9800033569336;279811500;68.27239227294922
2011-04-11;84.0199966430664;84.27999877929688;81.44999694824219;83.51000213623047;292535300;67.89027404785156
2011-04-18;82.25;84.4800033569336;81.43000030517578;84.44999694824219;167938800;68.65448760986328
2011-04-25;84.37000274658203;86.68000030517578;83.7699966430664;86.38999938964844;205817500;70.23162078857422
2011-05-02;86.77999877929688;86.80999755859375;82.41000366210938;83.2699966430664;338092100;67.6951904296875
2011-05-09;83.16999816894531;85.54000091552734;82.9800033569336;83.51000213623047;326272600;67.89027404785156
2011-05-16;82.95999908447266;83.97000122070312;81.4000015258789;82.86000061035156;308690100;67.36186981201172
2011-05-23;81.41999816894531;83.93000030517578;80.76000213623047;83.6500015258789;269370600;68.00411987304688
2011-05-30;84.61000061035156;84.86000061035156;80.69000244140625;80.87999725341797;299550400;65.75221252441406
2011-06-06;80.75;81.06999969482422;77.6500015258789;78.0;320057600;63.41086196899414
2011-06-13;78.2300033569336;79.68000030517578;77.2300033569336;78.2300033569336;375922500;63.59784698486328
2011-06-20;77.95999908447266;81.11000061035156;77.93000030517578;79.94000244140625;351540300;64.9880599975586
2011-06-27;79.91000366210938;84.2300033569336;79.45999908447266;84.08999633789062;297271000;68.36180877685547
2011-07-04;83.93000030517578;85.97000122070312;83.52999877929688;85.12999725341797;235897000;69.41531372070312
2011-07-11;84.05999755859375;84.52999877929688;82.05000305175781;82.80999755859375;371641900;67.52355194091797
2011-07-18;82.44000244140625;84.30000305175781;81.0;84.05000305175781;251143600;68.53466033935547
2011-07-25;83.0199966430664;83.76000213623047;78.13999938964844;79.73999786376953;360462700;65.020263671875
2011-08-01;80.69000244140625;80.98999786376953;69.66000366210938;71.33000183105469;623553600;58.162742614746094
2011-08-08;69.01000213623047;71.41000366210938;63.7599983215332;69.79000091552734;768759000;56.907020568847656
2011-08-15;70.58000183105469;71.83000183105469;64.9000015258789;65.27999877929688;413778500;53.22954559326172
2011-08-22;67.12000274658203;70.29000091552734;64.56999969482422;69.11000061035156;398385600;56.35254669189453
2011-08-29;70.06999969482422;73.88999938964844;68.0999984741211;68.45999908447266;356894200;55.822532653808594
2011-09-05;65.93000030517578;71.30000305175781;65.93000030517578;67.5;311024000;55.03973388671875
2011-09-12;66.37999725341797;72.02999877929688;66.37000274658203;71.5199966430664;411259600;58.31767272949219
2011-09-19;70.0999984741211;71.29000091552734;63.4900016784668;65.13999938964844;457977400;53.321327209472656
2011-09-26;65.83999633789062;69.38999938964844;64.23999786376953;64.30000305175781;401020100;52.63374328613281
2011-10-03;63.810001373291016;67.61000061035156;60.09000015258789;65.5;564408000;53.61601638793945
2011-10-10;66.97000122070312;71.33999633789062;65.54000091552734;71.13999938964844;352051500;58.23271942138672
2011-10-17;70.51000213623047;71.29000091552734;67.75;71.12999725341797;378956700;58.22453689575195
2011-10-24;71.44999694824219;76.97000122070312;70.54000091552734;76.02999877929688;437716000;62.23549270629883
2011-10-31;74.8499984741211;75.44000244140625;70.95999908447266;74.5999984741211;380740100;61.064979553222656
2011-11-07;74.5;75.63999938964844;71.62999725341797;74.37999725341797;352848100;60.88488006591797
2011-11-14;74.0999984741211;74.87999725341797;71.2699966430664;71.9800033569336;316234600;58.92031478881836
2011-11-21;70.54000091552734;70.8499984741211;66.62000274658203;66.62000274658203;211506400;54.53282165527344
2011-11-28;69.08999633789062;74.62999725341797;68.91000366210938;73.5;316193300;60.164520263671875
2011-12-05;74.94000244140625;75.38999938964844;72.22000122070312;74.54000091552734;301602900;61.01585006713867
2011-12-12;73.48999786376953;74.5999984741211;70.58000183105469;72.26000213623047;320705500;59.1495246887207
2011-12-19;72.93000030517578;74.68000030517578;70.83000183105469;74.55000305175781;252102900;61.321720123291016
2011-12-26;74.26000213623047;75.16000366210938;73.2699966430664;73.75;123820200;60.66366958618164
2012-01-02;75.68000030517578;75.87000274658203;73.37000274658203;74.79000091552734;197927600;61.51911926269531
2012-01-09;75.13999938964844;76.91999816894531;74.41000366210938;76.38999938964844;207197600;62.8352165222168
2012-01-16;77.0999984741211;78.51000213623047;76.12999725341797;78.25;161900900;64.36517333984375
2012-01-23;78.26000213623047;79.91000366210938;77.2699966430664;79.72000122070312;260570400;65.57433319091797
2012-01-30;79.08000183105469;83.22000122070312;78.5199966430664;82.94999694824219;284786700;68.23121643066406
2012-02-06;82.56999969482422;83.20999908447266;81.08000183105469;81.2699966430664;214052300;66.84928894042969
2012-02-13;82.11000061035156;83.30999755859375;81.0;82.79000091552734;242534700;68.09957122802734
2012-02-20;82.91999816894531;83.04000091552734;81.26000213623047;82.63999938964844;173301500;67.97620391845703
2012-02-27;81.83999633789062;83.05999755859375;79.83999633789062;80.25;304017300;66.01028442382812
2012-03-05;79.98999786376953;82.1500015258789;78.41000366210938;81.5999984741211;287826400;67.12071990966797
2012-03-12;81.73999786376953;83.2699966430664;81.05000305175781;83.0;242576300;68.27233123779297
2012-03-19;82.88999938964844;84.38999938964844;81.25;82.68000030517578;257724300;68.21759796142578
2012-03-26;83.73999786376953;84.66000366210938;82.0199966430664;82.80999755859375;238541000;68.32483673095703
2012-04-02;82.54000091552734;84.0;81.41999816894531;81.58000183105469;201920200;67.31000518798828
2012-04-09;80.08999633789062;80.91000366210938;78.13999938964844;79.54000091552734;320331500;65.62682342529297
2012-04-16;79.88999938964844;81.55000305175781;78.87999725341797;80.20999908447266;261364100;66.17964935302734
2012-04-23;78.9800033569336;82.52999877929688;78.30999755859375;82.37999725341797;247494500;67.97007751464844
2012-04-30;82.3499984741211;82.97000122070312;78.94000244140625;79.08999633789062;287264100;65.25555419921875
2012-05-07;78.76000213623047;79.5999984741211;77.97000122070312;78.9000015258789;265292700;65.09880065917969
2012-05-14;78.08999633789062;78.48999786376953;74.48999786376953;74.69000244140625;307498700;61.62518310546875
2012-05-21;74.93000030517578;77.02999877929688;74.41000366210938;76.58999633789062;276468700;63.19283676147461
2012-05-28;77.33000183105469;77.91000366210938;73.70999908447266;73.81999969482422;234742500;60.907413482666016
2012-06-04;74.08999633789062;77.72000122070312;72.94000244140625;76.97000122070312;255359400;63.5063591003418
2012-06-11;77.79000091552734;77.86000061035156;74.77999877929688;77.22000122070312;283672200;63.71266555786133
2012-06-18;76.5999984741211;79.08000183105469;76.3499984741211;77.48999786376953;270683500;63.93538284301758
2012-06-25;76.4000015258789;79.7300033569336;75.41999816894531;79.55999755859375;259470000;65.9693832397461
2012-07-02;79.91999816894531;81.83999633789062;79.27999877929688;80.52999877929688;167043400;66.77368927001953
2012-07-09;80.41999816894531;80.95999908447266;77.58999633789062;79.7699966430664;222415600;66.14350891113281
2012-07-16;79.62000274658203;80.73999786376953;78.6500015258789;78.93000030517578;213349800;65.44699096679688
2012-07-23;77.51000213623047;79.72000122070312;76.22000122070312;79.31999969482422;252236100;65.77039337158203
2012-07-30;79.5199966430664;79.91000366210938;76.25;78.61000061035156;243108700;65.1816635131836
2012-08-06;78.69999694824219;80.56999969482422;78.58999633789062;79.91999816894531;162852800;66.26786804199219
2012-08-13;79.80000305175781;81.86000061035156;78.88999938964844;81.70999908447266;164150300;67.75210571289062
2012-08-20;81.58999633789062;82.70999908447266;80.11000061035156;80.73999786376953;171896800;66.94781494140625
2012-08-27;81.2300033569336;81.95999908447266;80.33999633789062;81.12000274658203;141644200;67.26290893554688
2012-09-03;81.18000030517578;84.4000015258789;80.55000305175781;84.26000213623047;183009800;69.86650085449219
2012-09-10;84.18000030517578;86.95999908447266;83.79000091552734;86.4000015258789;209064900;71.64096069335938
2012-09-17;85.9800033569336;86.22000122070312;84.61000061035156;85.5;166281900;70.89469909667969
2012-09-24;84.88999938964844;85.51000213623047;82.83999633789062;83.44000244140625;248752000;69.45631408691406
2012-10-01;83.95999908447266;85.25;83.16999816894531;84.11000061035156;192375200;70.01400756835938
2012-10-08;83.62000274658203;83.9000015258789;81.91000366210938;82.0999984741211;169574600;68.34085845947266
2012-10-15;82.33999633789062;84.1500015258789;81.47000122070312;81.8499984741211;184112200;68.13278198242188
2012-10-22;81.63999938964844;82.13999938964844;80.43000030517578;81.13999938964844;165088600;67.54175567626953
2012-10-29;81.16000366210938;82.94999694824219;80.87999725341797;81.19000244140625;141315200;67.5833511352539
2012-11-05;81.18000030517578;82.56999969482422;78.69999694824219;79.37999725341797;194982700;66.07671356201172
2012-11-12;79.55999755859375;79.66000366210938;76.12999725341797;77.4800033569336;227931100;64.49514770507812
2012-11-19;78.31999969482422;80.55999755859375;78.22000122070312;80.47000122070312;121897400;66.98404693603516
2012-11-26;80.3499984741211;82.41000366210938;79.62999725341797;82.08000183105469;211205600;68.32421875
2012-12-03;82.70999908447266;82.76000213623047;81.4000015258789;82.18000030517578;158513800;68.4074478149414
2012-12-10;82.37000274658203;83.80000305175781;82.11000061035156;82.36000061035156;171952400;68.55728149414062
2012-12-17;82.68000030517578;84.7699966430664;82.5199966430664;84.19000244140625;243588800;70.68759155273438
2012-12-24;83.88999938964844;84.01000213623047;82.05000305175781;82.52999877929688;104604500;69.2938461303711
2012-12-31;82.66000366210938;87.44000244140625;82.3499984741211;87.23999786376953;259597100;73.24846649169922
2013-01-07;86.80000305175781;87.69000244140625;86.38999938964844;87.33999633789062;141954300;73.33241271972656
2013-01-14;87.16000366210938;88.62000274658203;86.7699966430664;88.56999969482422;137413700;74.3651351928711
2013-01-21;88.63999938964844;89.94000244140625;88.37999725341797;89.94000244140625;138842800;75.51541137695312
2013-01-28;90.01000213623047;90.69999694824219;88.69000244140625;90.37000274658203;189837300;75.87642669677734
2013-02-04;89.81999969482422;90.86000061035156;89.1500015258789;90.80000305175781;133251200;76.23749542236328
2013-02-11;90.70999908447266;92.02999877929688;90.26000213623047;91.73999786376953;109804500;77.02674102783203
2013-02-18;91.87999725341797;92.68000030517578;89.37000274658203;91.02999877929688;132745800;76.43061065673828
2013-02-25;91.5;91.52999877929688;88.79000091552734;90.88999938964844;222694900;76.31306457519531
2013-03-04;90.66999816894531;93.75;90.19999694824219;93.7300033569336;157646100;78.69759368896484
2013-03-11;93.41999816894531;94.95999908447266;93.18000030517578;94.75;136976300;79.55398559570312
2013-03-18;93.73999786376953;94.73999786376953;93.01000213623047;94.16000366210938;186728300;79.05864715576172
2013-03-25;94.12000274658203;94.72000122070312;93.23999786376953;94.43000030517578;115651000;79.50827026367188
2013-04-01;94.2699966430664;94.47000122070312;90.41999816894531;91.7300033569336;257143500;77.23490142822266
2013-04-08;91.98999786376953;94.56999969482422;91.33000183105469;93.63999938964844;190385300;78.84307098388672
2013-04-15;93.05999755859375;93.1500015258789;89.12999725341797;90.61000061035156;339424500;76.29188537597656
2013-04-22;90.69999694824219;93.9000015258789;89.19999694824219;92.9000015258789;214473200;78.22001647949219
2013-04-29;93.30999755859375;95.47000122070312;91.76000213623047;94.76000213623047;262269000;79.7861099243164
2013-05-06;94.83000183105469;96.93000030517578;94.73999786376953;96.83000183105469;166103900;81.52899169921875
2013-05-13;96.73999786376953;99.06999969482422;96.43000030517578;99.05000305175781;167790500;83.39820861816406
2013-05-20;98.76000213623047;100.37999725341797;96.51000213623047;97.87999725341797;195131800;82.41305541992188
2013-05-27;99.19999694824219;100.0999984741211;97.37000274658203;97.80000305175781;156186600;82.3457260131836
2013-06-03;98.13999938964844;99.19999694824219;95.7300033569336;98.19999694824219;305355700;82.68250274658203
2013-06-10;98.63999938964844;98.80000305175781;96.37000274658203;97.70999908447266;219651700;82.26994323730469
2013-06-17;98.58999633789062;99.80000305175781;94.62999725341797;95.97000122070312;259399900;80.80487060546875
2013-06-24;94.91000366210938;97.95999908447266;93.83000183105469;97.0;211933400;81.67213439941406
2013-07-01;97.6500015258789;99.75;97.44999694824219;99.66999816894531;123235800;84.28787994384766
2013-07-08;100.12999725341797;103.11000061035156;99.88999938964844;102.68000030517578;165995300;86.8333511352539
2013-07-15;102.94999694824219;104.58999633789062;102.81999969482422;104.30999755859375;152734700;88.21179962158203
2013-07-22;104.4800033569336;104.9800033569336;103.33000183105469;104.12000274658203;153105000;88.0511245727539
2013-07-29;103.83999633789062;105.3499984741211;103.0;105.16000366210938;152472300;88.93063354492188
2013-08-05;105.05000305175781;105.62999725341797;103.47000122070312;104.04000091552734;118363700;87.98345184326172
2013-08-12;103.33000183105469;104.68000030517578;101.55000305175781;101.68000030517578;151506700;85.98767852783203
2013-08-19;101.63999938964844;103.25;100.58999633789062;103.16999816894531;143895100;87.24772644042969
2013-08-26;103.36000061035156;103.81999969482422;100.23999786376953;100.37999725341797;170536100;84.88832092285156
2013-09-02;101.86000061035156;102.88999938964844;100.12999725341797;102.38999938964844;120138800;86.58808898925781
2013-09-09;102.73999786376953;105.22000122070312;102.7300033569336;104.80999755859375;141083600;88.63463592529297
2013-09-16;106.05000305175781;107.61000061035156;104.8499984741211;106.58999633789062;188192800;90.13992309570312
2013-09-23;106.72000122070312;107.4800033569336;105.79000091552734;106.58000183105469;189920300;90.37137603759766
2013-09-30;105.43000030517578;107.93000030517578;105.23999786376953;107.0199966430664;199441000;90.74446105957031
2013-10-07;105.98999786376953;107.7300033569336;103.0;107.68000030517578;243249000;91.3041000366211
2013-10-14;107.05999755859375;110.7699966430664;106.91999816894531;110.69000244140625;193835500;93.85633850097656
2013-10-21;110.8499984741211;111.48999786376953;109.7699966430664;111.08000183105469;145620500;94.18702697753906
2013-10-28;111.12999725341797;111.62000274658203;107.91999816894531;108.72000122070312;263016100;92.18592834472656
2013-11-04;109.23999786376953;110.37000274658203;107.13999938964844;109.2300033569336;198984100;92.61836242675781
2013-11-11;109.04000091552734;110.98999786376953;108.62000274658203;110.83000183105469;145184000;93.97505950927734
2013-11-18;111.31999969482422;111.97000122070312;108.8499984741211;111.8499984741211;189339000;94.83992767333984
2013-11-25;112.12999725341797;114.16000366210938;111.62999725341797;113.51000213623047;98504400;96.2474594116211
2013-12-02;113.69999694824219;113.76000213623047;110.37000274658203;112.4800033569336;195094000;95.37408447265625
2013-12-09;112.62999725341797;112.88999938964844;109.31999969482422;110.19999694824219;184043400;93.44084167480469
2013-12-16;110.62000274658203;114.22000122070312;110.1500015258789;113.93000030517578;201011600;96.60359191894531
2013-12-23;114.18000030517578;115.97000122070312;113.94999694824219;115.16000366210938;94160000;98.02252197265625
2013-12-30;115.11000061035156;115.70999908447266;113.63999938964844;114.69000244140625;137990300;97.62244415283203
2014-01-06;115.22000122070312;115.52999877929688;113.70999908447266;115.5199966430664;154554300;98.32897186279297
2014-01-13;115.30000305175781;116.43000030517578;113.26000213623047;115.93000030517578;167954400;98.67790985107422
2014-01-20;116.7300033569336;117.37000274658203;113.22000122070312;113.44999694824219;143489600;96.5669937133789
2014-01-27;113.77999877929688;113.83999633789062;111.0199966430664;112.16000366210938;256140000;95.4689712524414
2014-02-03;111.87000274658203;112.19999694824219;107.2699966430664;110.75;307149000;94.26878356933594
2014-02-10;110.79000091552734;114.20999908447266;109.95999908447266;114.05999755859375;199423800;97.08621215820312
2014-02-17;114.4000015258789;116.11000061035156;113.91000366210938;115.66000366210938;148388400;98.4481430053711
2014-02-24;115.83999633789062;118.70999908447266;115.76000213623047;117.5199966430664;189640700;100.03131866455078
2014-03-03;116.5199966430664;120.58000183105469;115.58000183105469;119.69999694824219;270397400;101.88687896728516
2014-03-10;119.36000061035156;119.80999755859375;116.37999725341797;117.54000091552734;220038500;100.04833984375
2014-03-17;118.22000122070312;120.26000213623047;117.87999725341797;118.61000061035156;210914900;100.95909118652344
2014-03-24;119.06999969482422;119.2300033569336;113.69000244140625;114.29000091552734;299292100;97.53317260742188
2014-03-31;115.04000091552734;118.4800033569336;114.0199966430664;114.48999786376953;251181700;97.703857421875
2014-04-07;113.94999694824219;115.25;109.86000061035156;110.41000366210938;317228900;94.22206115722656
2014-04-14;111.55000305175781;113.41000366210938;108.66000366210938;112.91999816894531;239254600;96.36404418945312
2014-04-21;113.12999725341797;115.0199966430664;111.20999908447266;111.61000061035156;209077300;95.2461166381836
2014-04-28;112.01000213623047;113.12000274658203;109.31999969482422;112.02999877929688;266608600;95.60453033447266
2014-05-05;111.12000274658203;112.18000030517578;108.27999877929688;110.02999877929688;244637100;93.89777374267578
2014-05-12;110.68000030517578;113.04000091552734;107.44000244140625;109.56999969482422;320671900;93.50521850585938
2014-05-19;109.2699966430664;112.0199966430664;108.41999816894531;111.97000122070312;264122100;95.55335998535156
2014-05-26;112.70999908447266;113.83999633789062;112.33999633789062;112.86000061035156;147842100;96.31285095214844
2014-06-02;113.06999969482422;116.23999786376953;111.11000061035156;115.87999725341797;213384900;98.89006042480469
2014-06-09;115.87999725341797;117.4800033569336;114.66000366210938;115.58999633789062;187230900;98.642578125
2014-06-16;115.48999786376953;118.30000305175781;115.0999984741211;118.25;191093300;100.91258239746094
2014-06-23;118.5;118.91000366210938;116.05000305175781;118.33999633789062;164341200;100.98936462402344
2014-06-30;118.16000366210938;120.97000122070312;117.83000183105469;119.81999969482422;146659400;102.6449203491211
2014-07-07;119.44000244140625;119.47000122070312;113.97000122070312;115.0999984741211;197466300;98.60151672363281
2014-07-14;116.41999816894531;116.45999908447266;112.19999694824219;114.2300033569336;250176700;97.85620880126953
2014-07-21;113.51000213623047;115.6500015258789;113.01000213623047;113.5999984741211;168884200;97.3165054321289
2014-07-28;113.86000061035156;114.30999755859375;109.86000061035156;110.68000030517578;227479900;94.81509399414062
2014-08-04;111.16000366210938;112.5199966430664;109.88999938964844;112.2699966430664;186198900;96.17716979980469
2014-08-11;112.88999938964844;114.44999694824219;112.04000091552734;113.38999938964844;159907900;97.1366195678711
2014-08-18;114.5;115.7300033569336;113.83999633789062;115.20999908447266;145365100;98.69573211669922
2014-08-25;115.95999908447266;116.94000244140625;115.31999969482422;116.55999755859375;130759300;99.85223388671875
2014-09-01;116.9800033569336;117.80000305175781;115.16999816894531;116.37999725341797;125541800;99.69803619384766
2014-09-08;116.26000213623047;116.80000305175781;114.70999908447266;115.37000274658203;139766500;98.83280181884766
2014-09-15;115.36000061035156;115.91000366210938;113.4000015258789;113.97000122070312;215727500;97.63347625732422
2014-09-22;113.44000244140625;113.52999877929688;109.75;111.12000274658203;207947400;95.45353698730469
2014-09-29;109.81999969482422;111.3499984741211;106.94000244140625;109.6500015258789;290697500;94.19076538085938
2014-10-06;109.94999694824219;110.06999969482422;104.58999633789062;104.73999786376953;254795200;89.97301483154297
2014-10-13;104.83999633789062;109.22000122070312;103.54000091552734;107.4800033569336;432793700;92.32670593261719
2014-10-20;107.01000213623047;111.58000183105469;107.0;111.06999969482422;231183300;95.41059875488281
2014-10-27;110.41999816894531;116.95999908447266;109.51000213623047;116.55999755859375;295359600;100.12654876708984
2014-11-03;116.75;117.37000274658203;115.27999877929688;116.70999908447266;168529300;100.2553939819336
2014-11-10;116.68000030517578;118.25;116.37000274658203;116.69000244140625;135959900;100.23825073242188
2014-11-17;116.58999633789062;118.12000274658203;114.37000274658203;116.58000183105469;171618600;100.14373779296875
2014-11-24;116.73999786376953;118.77999877929688;116.56999969482422;116.69000244140625;87070500;100.23825073242188
2014-12-01;116.31999969482422;117.9800033569336;114.80999755859375;117.69000244140625;156097500;101.09725952148438
2014-12-08;117.2699966430664;118.37000274658203;114.5999984741211;114.70999908447266;211192300;98.53739929199219
2014-12-15;115.26000213623047;119.4800033569336;113.02999877929688;118.9000015258789;302947700;102.13665771484375
2014-12-22;119.19999694824219;120.83000183105469;118.80000305175781;120.54000091552734;99013700;103.93128204345703
2014-12-29;120.62999725341797;121.41000366210938;117.88999938964844;118.93000030517578;133510300;102.54312896728516
2015-01-05;118.2300033569336;118.8499984741211;114.36000061035156;117.56999969482422;206176900;101.37052917480469
2015-01-12;117.69999694824219;119.38999938964844;114.19999694824219;116.69999694824219;199627500;100.6203842163086
2015-01-19;116.8499984741211;118.7699966430664;115.0999984741211;118.12000274658203;129828300;101.84473419189453
2015-01-26;117.87999725341797;119.44999694824219;115.5999984741211;115.69999694824219;177051700;99.75818634033203
2015-02-02;116.12000274658203;120.81999969482422;114.37999725341797;119.80999755859375;181368200;103.30187225341797
2015-02-09;119.4000015258789;121.69000244140625;118.0999984741211;121.52999877929688;133424400;104.78488159179688
2015-02-16;121.66000366210938;122.54000091552734;120.9000015258789;122.37999725341797;84270800;105.51776123046875
2015-02-23;122.0999984741211;123.36000061035156;121.2699966430664;122.58000183105469;111062100;105.69020080566406
2015-03-02;122.55000305175781;123.77999877929688;120.87999725341797;121.16999816894531;132619900;104.47450256347656
2015-03-09;121.37000274658203;123.19000244140625;119.83000183105469;122.61000061035156;138345400;105.71607971191406
2015-03-16;123.11000061035156;126.16000366210938;122.7699966430664;125.98999786376953;151515300;108.63036346435547
2015-03-23;125.94999694824219;126.31999969482422;121.54000091552734;123.0999984741211;139728000;106.46256256103516
2015-03-30;123.72000122070312;125.26000213623047;122.9000015258789;124.6500015258789;100536400;107.80304718017578
2015-04-06;123.91000366210938;125.79000091552734;123.7699966430664;125.62000274658203;98866300;108.64200592041016
2015-04-13;125.69000244140625;127.12999725341797;123.81999969482422;124.43000030517578;155425700;107.61280822753906
2015-04-20;125.05000305175781;126.54000091552734;124.47000122070312;125.86000061035156;93456500;108.84953308105469
2015-04-27;126.20999908447266;126.91000366210938;120.66000366210938;121.97000122070312;215407400;105.48526000976562
2015-05-04;122.12999725341797;123.3499984741211;120.23999786376953;122.63999938964844;185098200;106.06471252441406
2015-05-11;122.5999984741211;123.86000061035156;120.87000274658203;123.6500015258789;135931800;106.93822479248047
2015-05-18;123.4000015258789;125.47000122070312;123.16999816894531;124.43000030517578;113772000;107.61280822753906
2015-05-25;123.94000244140625;124.87000274658203;122.5199966430664;123.88999938964844;128224900;107.1457748413086
2015-06-01;124.69000244140625;125.93000030517578;123.02999877929688;125.4000015258789;158348900;108.45171356201172
2015-06-08;125.27999877929688;126.54000091552734;123.5;125.93000030517578;126358500;108.91008758544922
2015-06-15;125.11000061035156;128.24000549316406;123.94000244140625;127.86000061035156;158839200;110.57920837402344
2015-06-22;128.4199981689453;129.10000610351562;126.81999969482422;127.5;137366100;110.26789093017578
2015-06-29;126.62999725341797;127.06999969482422;123.37000274658203;123.77999877929688;148970300;107.50476837158203
2015-07-06;122.94000244140625;124.51000213623047;121.27999877929688;124.12999725341797;166430000;107.8087387084961
2015-07-13;124.7699966430664;126.73999786376953;124.75;125.76000213623047;122906000;109.22447204589844
2015-07-20;125.77999877929688;125.86000061035156;121.48999786376953;121.58000183105469;151289100;105.59400939941406
2015-07-27;121.12999725341797;123.66999816894531;119.33999633789062;122.95999908447266;182709900;106.79258728027344
2015-08-03;123.02999877929688;123.52999877929688;119.06999969482422;119.87999725341797;165922300;104.11756134033203
2015-08-10;120.33000183105469;121.5199966430664;117.97000122070312;120.36000061035156;165472600;104.53445434570312
2015-08-17;120.02999877929688;121.68000030517578;114.37000274658203;115.02999877929688;224915600;99.90526580810547
2015-08-24;109.51000213623047;115.69999694824219;108.26000213623047;115.62000274658203;285789800;100.41769409179688
2015-08-31;115.0999984741211;115.9800033569336;111.5999984741211;112.87000274658203;165735000;98.02928924560547
2015-09-07;114.55999755859375;116.41999816894531;113.66000366210938;115.18000030517578;128706600;100.03557586669922
2015-09-14;115.5199966430664;118.88999938964844;114.43000030517578;115.72000122070312;169380400;100.50453186035156
2015-09-21;116.54000091552734;117.30000305175781;110.93000030517578;111.41999816894531;177876000;97.04763793945312
2015-09-28;111.05000305175781;111.1500015258789;106.98999786376953;110.62999725341797;260585600;96.35953521728516
2015-10-05;111.66000366210938;116.13999938964844;111.54000091552734;115.73999786376953;185300900;100.81038665771484
2015-10-12;115.79000091552734;116.30000305175781;112.66000366210938;115.41999816894531;176605700;100.53166198730469
2015-10-19;114.9000015258789;116.30000305175781;113.6500015258789;115.8499984741211;156596300;100.90616607666016
2015-10-26;115.5999984741211;117.13999938964844;113.0999984741211;115.33999633789062;178773100;100.46197509765625
2015-11-02;115.44999694824219;119.36000061035156;115.41999816894531;119.22000122070312;150441800;103.84149932861328
2015-11-09;119.06999969482422;119.29000091552734;113.66000366210938;114.06999969482422;160712000;99.35579681396484
2015-11-16;113.95999908447266;117.36000061035156;113.36000061035156;116.80999755859375;156184600;101.74236297607422
2015-11-23;116.70999908447266;119.9000015258789;116.55999755859375;119.62000274658203;82612800;104.18991088867188
2015-11-30;120.0199966430664;120.06999969482422;116.13999938964844;117.77999877929688;152458900;102.58722686767578
2015-12-07;117.63999938964844;117.66999816894531;111.52999877929688;111.91000366210938;186435900;97.47444152832031
2015-12-14;111.87000274658203;114.94000244140625;110.27999877929688;111.4800033569336;237429500;97.09989929199219
2015-12-21;112.16999816894531;115.16000366210938;111.5;114.5;97568200;100.16316986083984
2015-12-28;113.9800033569336;115.3499984741211;112.51000213623047;112.62000274658203;105757900;98.51856994628906
2016-01-04;110.61000061035156;110.83000183105469;103.66000366210938;103.8499984741211;243269700;90.8467025756836
2016-01-11;104.20999908447266;104.98999786376953;97.51000213623047;100.12000274658203;326571900;87.58372497558594
2016-01-18;101.06999969482422;101.61000061035156;95.05999755859375;101.37000274658203;257631800;88.67721557617188
2016-01-25;100.73999786376953;102.9800033569336;98.8499984741211;102.95999908447266;200539500;90.0681381225586
2016-02-01;102.13999938964844;103.08999633789062;97.95999908447266;98.04000091552734;233125900;85.76416015625
2016-02-08;97.01000213623047;97.91999816894531;93.63999938964844;96.58999633789062;257741500;84.49573516845703
2016-02-15;97.79000091552734;101.08999633789062;97.22000122070312;100.44999694824219;147290900;87.87240600585938
2016-02-22;101.33999633789062;103.47000122070312;98.97000122070312;103.19000244140625;145721400;90.26932525634766
2016-02-29;103.12999725341797;108.31999969482422;102.72000122070312;107.72000122070312;159771400;94.23210144042969
2016-03-07;107.20999908447266;108.98999786376953;104.80999755859375;108.19999694824219;191237200;94.6520004272461
2016-03-14;107.87000274658203;109.94999694824219;105.7300033569336;109.61000061035156;174870400;95.88545989990234
2016-03-21;109.44000244140625;109.94000244140625;105.73999786376953;107.19999694824219;123673400;94.05883026123047
2016-03-28;107.43000030517578;111.22000122070312;106.55000305175781;111.12000274658203;162078300;97.49830627441406
2016-04-04;110.91000366210938;111.31999969482422;108.12999725341797;109.11000061035156;141653100;95.73468017578125
2016-04-11;109.73999786376953;112.69999694824219;108.43000030517578;112.44999694824219;138150200;98.66525268554688
2016-04-18;111.9800033569336;114.20999908447266;111.87000274658203;114.11000061035156;113709100;100.12174987792969
2016-04-25;113.80000305175781;115.05000305175781;111.72000122070312;112.4800033569336;130705000;98.69157409667969
2016-05-02;112.83000183105469;113.51000213623047;109.54000091552734;110.91000366210938;142324400;97.31404876708984
2016-05-09;110.91999816894531;112.4000015258789;109.36000061035156;109.63999938964844;124980200;96.19971466064453
2016-05-16;109.91999816894531;111.5199966430664;107.98999786376953;110.79000091552734;184147800;97.20874786376953
2016-05-23;110.7699966430664;114.5999984741211;110.5;114.5999984741211;127471200;100.55166625976562
2016-05-30;114.81999969482422;116.66999816894531;114.41999816894531;115.97000122070312;111607000;101.75375366210938
2016-06-06;116.08000183105469;118.63999938964844;115.69000244140625;116.06999969482422;132111900;101.84152221679688
2016-06-13;115.6500015258789;116.18000030517578;112.88999938964844;114.05999755859375;161037800;100.077880859375
2016-06-20;115.80000305175781;116.91000366210938;111.5;112.37999725341797;195338400;98.60383605957031
2016-06-27;111.06999969482422;115.94999694824219;108.19000244140625;115.38999938964844;201806700;101.2448501586914
2016-07-04;115.0199966430664;117.08999633789062;112.30999755859375;116.79000091552734;112770900;103.03604125976562
2016-07-11;117.55999755859375;120.41999816894531;117.47000122070312;119.69999694824219;142393200;105.60333251953125
2016-07-18;119.52999877929688;120.6500015258789;118.93000030517578;120.4000015258789;96361800;106.2209243774414
2016-07-25;120.1500015258789;121.76000213623047;119.76000213623047;121.06999969482422;101118400;106.81201934814453
2016-08-01;121.19999694824219;122.58000183105469;119.0999984741211;122.30000305175781;127463100;107.89714813232422
2016-08-08;122.3499984741211;122.8499984741211;121.1500015258789;122.19000244140625;79647300;107.80010986328125
2016-08-15;122.45999908447266;123.69000244140625;121.33000183105469;122.94000244140625;96549000;108.4617919921875
2016-08-22;122.68000030517578;124.45999908447266;122.30000305175781;123.05999755859375;103760100;108.56764221191406
2016-08-29;123.2699966430664;124.52999877929688;122.0199966430664;124.51000213623047;103329500;109.8469009399414
2016-09-05;124.91999816894531;125.44000244140625;121.20999908447266;121.25;102046000;106.97081756591797
2016-09-12;120.69000244140625;122.97000122070312;119.87999725341797;121.86000061035156;172930100;107.50897979736328
2016-09-19;122.31999969482422;125.87999725341797;121.98999786376953;124.80999755859375;132875300;110.11154174804688
2016-09-26;123.80000305175781;124.77999877929688;122.69999694824219;124.20999908447266;114816100;109.88507843017578
2016-10-03;123.83000183105469;124.68000030517578;122.2300033569336;122.83000183105469;116718700;108.66419982910156
2016-10-10;122.83000183105469;124.73999786376953;120.11000061035156;120.43000030517578;124480500;106.541015625
2016-10-17;120.58000183105469;122.0;120.0999984741211;121.06999969482422;96335100;107.10722351074219
2016-10-24;122.04000091552734;122.61000061035156;117.75;118.02999877929688;121856100;104.41780090332031
2016-10-31;118.18000030517578;118.69999694824219;114.87999725341797;115.73999786376953;142273600;102.39189910888672
2016-11-07;118.0;127.72000122070312;117.70999908447266;127.36000061035156;315038000;112.67178344726562
2016-11-14;128.9499969482422;131.08999633789062;128.3000030517578;130.99000549316406;248106900;115.88318634033203
2016-11-21;131.30999755859375;134.10000610351562;130.61000061035156;134.07000732421875;123287200;118.60794067382812
2016-11-28;133.97000122070312;134.0;130.2899932861328;130.89999389648438;156860600;115.80351257324219
2016-12-05;131.97000122070312;138.82000732421875;131.88999938964844;138.30999755859375;170555300;122.35890197753906
2016-12-12;137.9499969482422;138.57000732421875;134.80999755859375;135.91000366210938;193841900;120.23570251464844
2016-12-19;136.0399932861328;138.2100067138672;134.80999755859375;136.0399932861328;140182700;120.8471450805664
2016-12-26;136.22999572753906;137.3000030517578;134.39999389648438;134.85000610351562;85996300;119.79005432128906
2017-01-02;136.49000549316406;137.9600067138672;134.5;135.69000244140625;118014700;120.53628540039062
2017-01-09;135.5399932861328;136.97000122070312;133.58999633789062;136.25999450683594;142820300;121.04257202148438
2017-01-16;135.60000610351562;135.69000244140625;133.1699981689453;134.44000244140625;112879500;119.42584991455078
2017-01-23;134.02999877929688;137.5500030517578;133.1199951171875;136.19000244140625;125701500;120.98039245605469
2017-01-30;135.22999572753906;136.97999572753906;133.24000549316406;136.8699951171875;147889700;121.58444213867188
2017-02-06;136.39999389648438;138.3699951171875;133.88999938964844;137.94000244140625;142545800;122.53498840332031
2017-02-13;138.77000427246094;139.83999633789062;137.61000061035156;139.11000061035156;121960400;123.57428741455078
2017-02-20;139.3800048828125;140.32000732421875;137.3000030517578;138.64999389648438;85352800;123.1656494140625
2017-02-27;138.33999633789062;140.86000061035156;137.75999450683594;138.64999389648438;161099700;123.1656494140625
2017-03-06;137.77999877929688;137.97000122070312;134.83999633789062;135.9600067138672;162458900;120.7761001586914
2017-03-13;135.64999389648438;138.72999572753906;134.55999755859375;138.4600067138672;141194400;122.99690246582031
2017-03-20;138.27999877929688;138.60000610351562;132.77999877929688;134.49000549316406;198571800;119.81428527832031
2017-03-27;132.75999450683594;138.1699981689453;132.39999389648438;137.47999572753906;139835300;122.47798156738281
2017-04-03;137.97000122070312;138.10000610351562;133.8300018310547;135.52000427246094;174758600;120.73187255859375
2017-04-10;135.47000122070312;136.9199981689453;133.66000366210938;133.72000122070312;111276900;119.12828826904297
2017-04-17;134.07000732421875;137.6699981689453;133.67999267578125;137.2100067138672;138780100;122.23748779296875
2017-04-24;139.0800018310547;141.82000732421875;138.49000549316406;139.05999755859375;162376000;123.88560485839844
2017-05-01;139.63999938964844;140.33999633789062;137.11000061035156;138.99000549316406;115575000;123.82320404052734
2017-05-08;138.66000366210938;139.47999572753906;136.97999572753906;137.50999450683594;113188400;122.5047378540039
2017-05-15;137.97999572753906;139.25;134.22999572753906;136.02999877929688;189699900;121.1862564086914
2017-05-22;136.25999450683594;138.61000061035156;136.16000366210938;137.5399932861328;100851600;122.53144073486328
2017-05-29;137.1199951171875;141.02000427246094;134.63999938964844;139.85000610351562;151188300;124.58940124511719
2017-06-05;139.9600067138672;142.89999389648438;137.80999755859375;141.61000061035156;157747800;126.15735626220703
2017-06-12;141.66000366210938;142.30999755859375;139.27999877929688;140.19000244140625;152719400;124.89226531982422
2017-06-19;140.55999755859375;141.5800018310547;139.00999450683594;140.91000366210938;107316300;125.53375244140625
2017-06-26;141.08999633789062;142.35000610351562;139.64999389648438;140.9199981689453;134277200;125.54263305664062
2017-07-03;141.33999633789062;142.5;138.8300018310547;140.49000549316406;85908100;125.70021057128906
2017-07-10;139.9199981689453;142.3000030517578;138.97999572753906;141.72999572753906;84782100;126.80967712402344
2017-07-17;141.60000610351562;143.52000427246094;141.0399932861328;142.5500030517578;87723900;127.54330444335938
2017-07-24;142.30999755859375;144.25;141.47000122070312;141.9600067138672;95624400;127.01544189453125
2017-07-31;142.22000122070312;142.3800048828125;139.16000366210938;140.2100067138672;92286300;125.44966888427734
2017-08-07;140.44000244140625;141.7899932861328;135.77000427246094;136.47000122070312;136722300;122.10338592529297
2017-08-14;137.25999450683594;138.82000732421875;134.1199951171875;134.9199981689453;135340300;120.71659851074219
2017-08-21;134.69000244140625;137.30999755859375;134.13999938964844;136.8800048828125;97946200;122.47024536132812
2017-08-28;137.3699951171875;140.6300048828125;136.22999572753906;140.52000427246094;99199500;125.72701263427734
2017-09-04;140.6300048828125;140.88999938964844;138.5800018310547;139.22000122070312;80338400;124.56392669677734
2017-09-11;140.38999938964844;142.47000122070312;140.22999572753906;142.41000366210938;111887600;127.4180908203125
2017-09-18;142.6199951171875;144.6699981689453;142.60000610351562;144.3000030517578;103617300;129.10910034179688
2017-09-25;144.27000427246094;148.42999267578125;143.69000244140625;148.17999267578125;175632700;132.90162658691406
2017-10-02;148.30999755859375;150.6300048828125;148.0800018310547;150.0500030517578;122059200;134.57887268066406
2017-10-09;150.19000244140625;150.67999267578125;149.02000427246094;149.3699951171875;83720300;133.96888732910156
2017-10-16;149.61000061035156;150.41000366210938;148.1699981689453;149.97999572753906;101631000;134.51609802246094
2017-10-23;150.14999389648438;150.14999389648438;147.22000122070312;149.7899932861328;107389400;134.3456573486328
2017-10-30;148.8800048828125;150.52999877929688;147.38999938964844;148.61000061035156;135049000;133.28732299804688
2017-11-06;148.75;149.3800048828125;145.27999877929688;146.57000732421875;133776700;131.45761108398438
2017-11-13;145.92999267578125;149.02999877929688;144.5;148.4499969482422;109993100;133.14378356933594
2017-11-20;148.75999450683594;151.77000427246094;148.3300018310547;150.9499969482422;73138200;135.3860321044922
2017-11-27;151.3000030517578;154.5500030517578;148.75;153.02000427246094;187514900;137.2425994873047
2017-12-04;154.89999389648438;155.41000366210938;149.9499969482422;151.41000366210938;137815400;135.79861450195312
2017-12-11;151.42999267578125;153.25;149.63999938964844;152.24000549316406;158325700;136.5430145263672
2017-12-18;153.6699981689453;154.77000427246094;152.8000030517578;153.19000244140625;96442700;137.91571044921875
2017-12-25;153.0;154.14999389648438;152.38999938964844;152.4600067138672;59073300;137.258544921875
2018-01-01;153.1999969482422;155.14999389648438;152.4600067138672;154.7899932861328;76417200;139.356201171875
2018-01-08;154.72999572753906;158.86000061035156;153.5;158.16000366210938;104157600;142.39013671875
2018-01-15;158.86000061035156;159.41000366210938;155.8000030517578;158.60000610351562;95220800;142.7862548828125
2018-01-22;158.39999389648438;160.6300048828125;158.2100067138672;159.60000610351562;86359100;143.68658447265625
2018-01-29;159.05999755859375;159.86000061035156;153.50999450683594;153.8300018310547;125023100;138.49183654785156
2018-02-05;152.6699981689453;153.7899932861328;142.5;146.77000427246094;256975400;132.1357879638672
2018-02-12;146.9199981689453;154.2899932861328;145.47999572753906;153.33999633789062;149269500;138.0507354736328
2018-02-19;152.5500030517578;154.80999755859375;151.6699981689453;153.97999572753906;85186900;138.6269073486328
2018-02-26;154.52999877929688;155.8800048828125;148.3800048828125;152.35000610351562;134130500;137.15948486328125
2018-03-05;151.82000732421875;159.0;151.47000122070312;158.9199981689453;107910800;143.0743865966797
2018-03-12;159.25;160.3000030517578;156.3699951171875;157.8000030517578;101337200;142.06600952148438
2018-03-19;157.1699981689453;158.25999450683594;150.0;150.0500030517578;124813900;135.40065002441406
2018-03-26;152.08999633789062;153.6999969482422;149.38999938964844;151.8300018310547;110391600;137.00694274902344
2018-04-02;151.52000427246094;153.61000061035156;147.17999267578125;150.36000061035156;137582500;135.68040466308594
2018-04-09;151.39999389648438;155.41000366210938;150.4199981689453;153.9499969482422;91528400;138.91993713378906
2018-04-16;154.83999633789062;158.3800048828125;154.11000061035156;155.5500030517578;92100400;140.3637237548828
2018-04-23;155.77999877929688;156.6300048828125;152.9600067138672;154.69000244140625;92706500;139.58767700195312
2018-04-30;155.02000427246094;156.5;151.7100067138672;155.72999572753906;96302700;140.5261688232422
2018-05-07;156.19000244140625;160.1699981689453;156.10000610351562;159.83999633789062;79585500;144.2349395751953
2018-05-14;160.02000427246094;162.32000732421875;158.1699981689453;161.8699951171875;89797300;146.066650390625
2018-05-21;162.3699951171875;163.3300018310547;160.6199951171875;161.74000549316406;67050200;145.94940185546875
2018-05-28;160.8800048828125;164.38999938964844;160.11000061035156;163.83999633789062;95837800;147.84437561035156
2018-06-04;164.32000732421875;167.22999572753906;163.32000732421875;166.52000427246094;79922600;150.26272583007812
2018-06-11;166.63999938964844;167.94000244140625;166.2899932861328;167.80999755859375;96114100;151.4267578125
2018-06-18;166.97000122070312;170.1999969482422;166.5399932861328;167.82000732421875;123023700;151.43576049804688
2018-06-25;167.24000549316406;167.3699951171875;162.25999450683594;163.77000427246094;135886500;147.78118896484375
2018-07-02;162.75999450683594;168.44000244140625;162.47999572753906;168.25;76082900;152.3736572265625
2018-07-09;169.00999450683594;169.8699951171875;166.63999938964844;167.4199981689453;94295200;151.6219482421875
2018-07-16;167.75999450683594;169.30999755859375;165.9600067138672;168.47999572753906;80830600;152.58193969726562
2018-07-23;168.3000030517578;169.75999450683594;164.7899932861328;165.25999450683594;106288800;149.66575622558594
2018-07-30;165.25;167.67999267578125;164.07000732421875;166.38999938964844;101630700;150.6891326904297
2018-08-06;166.27000427246094;168.7100067138672;165.89999389648438;167.52999877929688;77083700;151.72157287597656
2018-08-13;167.74000549316406;168.60000610351562;165.14999389648438;168.35000610351562;96271600;152.46420288085938
2018-08-20;168.80999755859375;171.77999877929688;167.8300018310547;171.58999633789062;72377800;155.39842224121094
2018-08-27;172.11000061035156;173.38999938964844;171.10000610351562;173.02000427246094;68648700;156.69349670410156
2018-09-03;172.7899932861328;173.1199951171875;169.66000366210938;170.5399932861328;66985300;154.44754028320312
2018-09-10;171.25;171.92999267578125;169.3300018310547;171.3800048828125;77023200;155.208251953125
2018-09-17;171.4199981689453;171.82000732421875;169.07000732421875;170.39999389648438;100092400;154.32077026367188
2018-09-24;170.25999450683594;170.52000427246094;167.4499969482422;168.5500030517578;84544600;153.05035400390625
2018-10-01;169.2899932861328;169.32000732421875;160.66000366210938;162.16000366210938;143063700;147.24801635742188
2018-10-08;161.77000427246094;162.74000549316406;151.88999938964844;153.60000610351562;211242900;139.4751434326172
2018-10-15;153.36000061035156;158.86000061035156;152.5399932861328;153.36000061035156;157713700;139.2572021484375
2018-10-22;153.9199981689453;154.4499969482422;144.6999969482422;147.47999572753906;175156200;133.9179229736328
2018-10-29;149.1300048828125;154.88999938964844;145.07000732421875;154.0;154001900;139.83837890625
2018-11-05;154.0399932861328;157.89999389648438;152.35000610351562;154.0800018310547;90283700;139.9110107421875
2018-11-12;154.02000427246094;154.1699981689453;148.1300048828125;151.94000244140625;118709900;137.96780395507812
2018-11-19;151.67999267578125;152.02999877929688;145.58999633789062;147.88999938964844;76485000;134.29025268554688
2018-11-26;149.32000732421875;152.86000061035156;147.6999969482422;152.6199951171875;91373300;138.5852508544922
2018-12-03;154.38999938964844;154.47999572753906;143.27000427246094;144.02000427246094;130564000;130.7761688232422
2018-12-10;144.27000427246094;146.75999450683594;140.10000610351562;140.61000061035156;135143300;127.6797103881836
2018-12-17;139.6699981689453;140.8800048828125;127.9800033569336;128.3699951171875;243735200;116.95538330078125
2018-12-24;127.7300033569336;135.00999450683594;125.80999755859375;132.86000061035156;144280700;121.0461196899414
2018-12-31;133.72000122070312;137.60000610351562;131.5399932861328;137.19000244140625;121118400;124.99109649658203
2019-01-07;137.25999450683594;143.99000549316406;136.74000549316406;143.67999267578125;128888600;130.90399169921875
2019-01-14;142.82000732421875;147.9199981689453;142.08999633789062;147.3300018310547;123271300;134.22946166992188
2019-01-21;146.4600067138672;147.63999938964844;143.4600067138672;147.33999633789062;87605600;134.2386016845703
2019-01-28;145.9600067138672;149.67999267578125;145.3699951171875;149.17999267578125;104697200;135.91494750976562
2019-02-04;149.41000366210938;151.60000610351562;148.38999938964844;149.85000610351562;89632000;136.5253448486328
2019-02-11;150.2899932861328;156.24000549316406;149.6300048828125;156.22000122070312;98180400;142.32894897460938
2019-02-18;155.5500030517578;158.27000427246094;155.5500030517578;158.14999389648438;72083100;144.0873565673828
2019-02-25;159.0800018310547;159.5;156.1199951171875;158.24000549316406;95051700;144.1693878173828
2019-03-04;158.5399932861328;158.77999877929688;150.61000061035156;151.63999938964844;116993900;138.15621948242188
2019-03-11;152.11000061035156;155.8699951171875;151.89999389648438;154.75999450683594;100173800;140.99879455566406
2019-03-18;155.05999755859375;156.52999877929688;149.57000732421875;149.6199951171875;145114500;136.6792449951172
2019-03-25;149.47999572753906;153.97000122070312;148.41000366210938;153.08999633789062;119012600;139.84912109375
2019-04-01;154.2899932861328;157.47000122070312;153.50999450683594;157.3800048828125;95171900;143.76806640625
2019-04-08;156.85000610351562;158.16000366210938;154.91000366210938;157.67999267578125;78014400;144.04205322265625
2019-04-15;157.9499969482422;158.11000061035156;154.66000366210938;155.63999938964844;68131700;142.17857360839844
2019-04-22;155.30999755859375;158.69000244140625;154.52000427246094;158.27000427246094;93410200;144.58108520507812
2019-04-29;158.6199951171875;160.63999938964844;155.67999267578125;160.52999877929688;98455200;146.64559936523438
2019-05-06;158.17999267578125;161.11000061035156;153.6699981689453;156.6199951171875;114614900;143.0738067626953
2019-05-13;153.69000244140625;156.17999267578125;151.16000366210938;152.83999633789062;96172400;139.62069702148438
2019-05-20;151.92999267578125;154.0399932861328;148.5800018310547;150.7899932861328;86744000;137.748046875
2019-05-27;151.00999450683594;151.64999389648438;145.32000732421875;145.86000061035156;79814900;133.24441528320312
2019-06-03;146.1300048828125;151.50999450683594;145.3300018310547;150.86000061035156;103836200;137.81198120117188
2019-06-10;151.4499969482422;153.22999572753906;150.5800018310547;151.72999572753906;77237100;138.60670471191406
2019-06-17;151.8699951171875;156.22000122070312;151.6699981689453;153.9499969482422;87685200;141.1304931640625
2019-06-24;154.36000061035156;156.02000427246094;150.75999450683594;155.5;114560000;142.55140686035156
2019-07-01;157.5399932861328;158.02999877929688;154.25999450683594;156.67999267578125;65146900;143.63316345214844
2019-07-08;156.2100067138672;156.6699981689453;154.22000122070312;156.11000061035156;70381500;143.1106414794922
2019-07-15;156.55999755859375;156.58999633789062;153.72999572753906;153.82000732421875;74390200;141.0113067626953
2019-07-22;154.24000549316406;157.4499969482422;153.39999389648438;157.1999969482422;85953700;144.10980224609375
2019-07-29;157.19000244140625;159.22999572753906;151.27999877929688;152.5800018310547;121857800;139.8745574951172
2019-08-05;149.77999877929688;152.6300048828125;146.2100067138672;150.6199951171875;126185700;138.0778045654297
2019-08-12;149.80999755859375;151.7899932861328;144.7899932861328;148.6300048828125;113097200;136.2534942626953
2019-08-19;150.32000732421875;151.0800018310547;144.92999267578125;145.42999267578125;93747300;133.31997680664062
2019-08-26;146.8000030517578;149.97000122070312;144.25;148.83999633789062;101342200;136.44598388671875
2019-09-02;147.4499969482422;151.91000366210938;146.0;149.89999389648438;74108100;137.417724609375
2019-09-09;150.57000732421875;158.9199981689453;150.05999755859375;157.30999755859375;168017900;144.21066284179688
2019-09-16;156.97000122070312;158.75;154.4499969482422;155.42999267578125;110203800;142.48721313476562
2019-09-23;154.86000061035156;155.9499969482422;150.5;151.16000366210938;105262300;139.0598907470703
2019-09-30;151.3699951171875;153.35000610351562;144.92999267578125;149.13999938964844;119896700;137.20156860351562
2019-10-07;148.77999877929688;151.9600067138672;146.11000061035156;150.22000122070312;90388200;138.19512939453125
2019-10-14;149.91000366210938;153.50999450683594;149.10000610351562;152.61000061035156;68278900;140.39382934570312
2019-10-21;154.1699981689453;155.52999877929688;153.47000122070312;155.0;58273000;142.59249877929688
2019-10-28;155.66000366210938;158.19000244140625;154.24000549316406;158.10000610351562;77588000;145.4443359375
2019-11-04;159.39999389648438;160.4600067138672;157.80999755859375;159.0800018310547;71384000;146.34588623046875
2019-11-11;158.02999877929688;159.8800048828125;157.19000244140625;158.9199981689453;65513200;146.19874572753906
2019-11-18;158.72000122070312;159.6999969482422;157.22999572753906;158.22000122070312;76148200;145.55479431152344
2019-11-25;159.02999877929688;162.92999267578125;158.88999938964844;161.77000427246094;63440400;148.82057189941406
2019-12-02;162.14999389648438;163.41000366210938;158.10000610351562;162.82000732421875;70865400;149.7864990234375
2019-12-09;162.75;165.10000610351562;161.94000244140625;163.3300018310547;94929900;150.25567626953125
2019-12-16;164.05999755859375;166.41000366210938;163.6999969482422;165.97000122070312;85843900;153.24449157714844
2019-12-23;166.24000549316406;167.1199951171875;165.36000061035156;165.86000061035156;39339600;153.1429443359375
2019-12-30;165.97999572753906;166.75;163.6999969482422;165.1300048828125;69868200;152.46890258789062
2020-01-06;163.85000610351562;166.4499969482422;163.5399932861328;164.88999938964844;70049600;152.247314453125
2020-01-13;164.94000244140625;170.55999755859375;164.07000732421875;169.07000732421875;89313900;156.10682678222656
2020-01-20;168.36000061035156;168.99000549316406;164.22999572753906;165.38999938964844;69297100;152.70896911621094
2020-01-27;162.85000610351562;165.55999755859375;160.02999877929688;160.52999877929688;102502500;148.2216033935547
2020-02-03;161.60000610351562;168.14999389648438;161.49000549316406;164.8800048828125;83972900;152.238037109375
2020-02-10;164.55999755859375;168.9499969482422;164.4600067138672;167.89999389648438;67212900;155.0265350341797
2020-02-17;167.5;169.13999938964844;166.3300018310547;167.10000610351562;63610400;154.28785705566406
2020-02-24;161.86000061035156;167.05999755859375;143.91000366210938;146.3300018310547;235318200;135.11038208007812
2020-03-02;147.97000122070312;154.1999969482422;140.99000549316406;144.39999389648438;185124100;133.32833862304688
2020-03-09;134.1300048828125;136.1699981689453;109.55000305175781;119.47000122070312;290136900;110.30982208251953
2020-03-16;108.62000274658203;111.30000305175781;95.69000244140625;101.4000015258789;319595600;93.62530517578125
2020-03-23;101.9000015258789;117.5999984741211;95.91000366210938;112.55999755859375;284554200;104.33150482177734
2020-03-30;113.23999786376953;116.16999816894531;102.5999984741211;104.62000274658203;234687700;96.97193908691406
2020-04-06;109.08999633789062;124.61000061035156;109.0199966430664;123.72000122070312;228605100;114.67567443847656
2020-04-13;122.8499984741211;124.87999725341797;114.55999755859375;122.05999755859375;205849300;113.13702392578125
2020-04-20;119.58999633789062;123.31999969482422;116.4800033569336;122.41000366210938;158361900;113.4614486694336
2020-04-27;123.94999694824219;136.85000610351562;123.29000091552734;125.13999938964844;223784000;115.99186706542969
2020-05-04;123.5999984741211;132.75;122.25;132.36000061035156;149160300;122.68402862548828
2020-05-11;130.41000366210938;132.9499969482422;117.18000030517578;125.08000183105469;233118700;115.93624114990234
2020-05-18;131.4499969482422;135.05999755859375;130.05999755859375;134.88999938964844;169904100;125.02909088134766
2020-05-25;140.08999633789062;144.74000549316406;134.99000549316406;138.89999389648438;163294400;128.7459259033203
2020-06-01;139.25999450683594;152.32000732421875;138.61000061035156;150.17999267578125;168763500;139.20132446289062
2020-06-08;152.35000610351562;153.38999938964844;134.14999389648438;138.27000427246094;261161200;128.16204833984375
2020-06-15;133.27999877929688;146.69000244140625;133.27999877929688;140.99000549316406;218391100;131.1250762939453
2020-06-22;140.24000549316406;144.66000366210938;136.2899932861328;136.6699981689453;168617400;127.10733795166016
2020-06-29;138.7100067138672;145.27999877929688;137.10000610351562;142.39999389648438;117281000;132.43643188476562
2020-07-06;145.32000732421875;145.6999969482422;137.24000549316406;141.30999755859375;128534100;131.42271423339844
2020-07-13;142.8000030517578;147.77999877929688;138.63999938964844;146.58999633789062;154294500;136.33328247070312
2020-07-20;146.1199951171875;150.1999969482422;145.14999389648438;146.0800018310547;110312300;135.85897827148438
2020-07-27;146.19000244140625;149.4499969482422;144.6699981689453;147.36000061035156;100003500;137.04937744140625
2020-08-03;148.2899932861328;156.25;147.22000122070312;156.1699981689453;97965200;145.24295043945312
2020-08-10;156.64999389648438;159.82000732421875;155.8699951171875;157.08999633789062;106899000;146.09857177734375
2020-08-17;157.5;158.0399932861328;153.60000610351562;154.61000061035156;74850000;143.79209899902344
2020-08-24;155.86000061035156;157.1999969482422;154.3300018310547;157.1199951171875;73629300;146.12649536132812
2020-08-31;157.19000244140625;158.97999572753906;149.2899932861328;152.8000030517578;112190100;142.1087646484375
2020-09-07;151.17999267578125;153.8800048828125;147.67999267578125;149.14999389648438;90465100;138.7141876220703
2020-09-14;150.58999633789062;156.85000610351562;150.3699951171875;153.2899932861328;118700900;142.56448364257812
2020-09-21;149.82000732421875;150.25999450683594;142.08999633789062;146.41000366210938;145854700;136.68492126464844
2020-09-28;148.3699951171875;153.5800018310547;146.39999389648438;152.85000610351562;120682400;142.6970977783203
2020-10-05;154.49000549316406;163.7100067138672;154.47999572753906;162.6999969482422;144268000;151.89283752441406
2020-10-12;163.39999389648438;164.24000549316406;158.80999755859375;162.35000610351562;99970600;151.56607055664062
2020-10-19;162.8800048828125;164.02999877929688;159.17999267578125;163.07000732421875;96356100;152.2382354736328
2020-10-26;160.9199981689453;161.3699951171875;151.38999938964844;153.08999633789062;138339300;142.921142578125
2020-11-02;154.77000427246094;165.7100067138672;153.6699981689453;163.6199951171875;157577200;152.75172424316406
2020-11-09;176.9499969482422;178.10000610351562;168.33999633789062;173.5;173944700;161.9754180908203
2020-11-16;176.49000549316406;179.72000122070312;174.27999877929688;177.5;127431000;165.70974731445312
2020-11-23;179.25;185.44000244140625;178.72999572753906;184.3699951171875;91228500;172.12342834472656
2020-11-30;183.82000732421875;188.4499969482422;180.32000732421875;188.1999969482422;119908700;175.69898986816406
2020-12-07;188.22999572753906;192.80999755859375;187.0800018310547;190.3000030517578;116455000;177.6595001220703
2020-12-14;191.9600067138672;197.8300018310547;189.8800048828125;195.33999633789062;145406900;182.93382263183594
2020-12-21;191.89999389648438;199.94000244140625;191.47999572753906;199.00999450683594;80089600;186.37075805664062
2020-12-28;201.16000366210938;201.17999267578125;193.44000244140625;196.05999755859375;106413100;183.60812377929688
2021-01-04;197.5399932861328;209.77000427246094;190.94000244140625;207.72000122070312;167107700;194.52757263183594
2021-01-11;205.08999633789062;215.0;204.8300018310547;210.75;143576700;197.36514282226562
2021-01-18;213.33999633789062;215.97999572753906;209.5500030517578;215.0;91199200;201.34521484375
2021-01-25;214.92999267578125;217.91000366210938;204.83999633789062;205.55999755859375;176579500;192.50477600097656
2021-02-01;208.1699981689453;221.83999633789062;205.75999450683594;221.64999389648438;121811000;207.57290649414062
2021-02-08;223.7899932861328;230.32000732421875;223.39999389648438;227.25999450683594;111585600;212.8265838623047
2021-02-15;229.47000122070312;229.6300048828125;219.38999938964844;225.19000244140625;103781500;210.88804626464844
2021-02-22;223.50999450683594;227.58999633789062;214.80999755859375;218.30999755859375;187199400;204.4449920654297
2021-03-01;223.47999572753906;226.7100067138672;207.2100067138672;217.7100067138672;198794800;203.883056640625
2021-03-08;219.36000061035156;234.14999389648438;217.6699981689453;233.58999633789062;158667900;218.75453186035156
2021-03-15;233.33999633789062;234.52999877929688;222.9499969482422;226.94000244140625;152087800;212.5269012451172
2021-03-22;227.67999267578125;228.10000610351562;208.02999877929688;220.61000061035156;210756500;206.9874725341797
2021-03-29;219.00999450683594;223.89999389648438;213.13999938964844;223.74000549316406;138883500;209.92417907714844
2021-04-05;226.39999389648438;226.69000244140625;219.38999938964844;222.58999633789062;126224900;208.8451690673828
2021-04-12;222.72000122070312;226.0;218.8300018310547;224.64999389648438;117034600;210.77798461914062
2021-04-19;223.7100067138672;226.64999389648438;215.24000549316406;225.75999450683594;151947700;211.8193817138672
2021-04-26;227.0;230.9499969482422;224.13999938964844;224.88999938964844;107446300;211.00315856933594
2021-05-03;227.2100067138672;227.41000366210938;218.63999938964844;225.38999938964844;124545600;211.47227478027344
2021-05-10;225.22999572753906;225.6699981689453;211.5399932861328;221.02000427246094;172552300;207.3721466064453
2021-05-17;219.77999877929688;223.24000549316406;214.0500030517578;219.97000122070312;124962300;206.38694763183594
2021-05-24;221.17999267578125;227.17999267578125;219.19000244140625;225.5;101121400;211.57550048828125
2021-05-31;227.4600067138672;228.9199981689453;224.0399932861328;227.39999389648438;86216300;213.35816955566406
2021-06-07;227.88999938964844;233.63999938964844;227.25;231.6999969482422;116297000;217.71920776367188
2021-06-14;232.30999755859375;233.35000610351562;221.1300048828125;222.1300048828125;163065900;208.72666931152344
2021-06-21;224.0500030517578;233.41000366210938;223.27999877929688;232.27999877929688;119663900;218.26419067382812
2021-06-28;232.24000549316406;232.58999633789062;227.75999450683594;229.19000244140625;109008100;215.36070251464844
2021-07-05;229.36000061035156;229.4600067138672;217.85000610351562;226.3800048828125;122567100;212.72021484375
2021-07-12;225.55999755859375;226.88999938964844;214.47000122070312;214.9499969482422;154879800;201.97987365722656
2021-07-19;210.6300048828125;222.22000122070312;209.0500030517578;219.5500030517578;184183600;206.30235290527344
2021-07-26;220.38999938964844;224.44000244140625;215.3800048828125;221.0500030517578;141409300;207.71180725097656
2021-08-02;222.47000122070312;225.2100067138672;217.10000610351562;223.38999938964844;125924100;209.91062927246094
2021-08-09;222.9199981689453;223.83999633789062;220.47000122070312;221.1300048828125;109681700;207.78700256347656
2021-08-16;219.77000427246094;220.25999450683594;210.67999267578125;215.52000427246094;158217600;202.5155029296875
2021-08-23;217.47999572753906;227.02999877929688;217.44000244140625;226.41000366210938;122383500;212.74842834472656
2021-08-30;227.25;229.83999633789062;224.3300018310547;227.9600067138672;103047800;214.2048797607422
2021-09-06;227.72000122070312;229.0;221.52000427246094;221.6199951171875;95941500;208.24740600585938
2021-09-13;223.2100067138672;223.77000427246094;219.07000732421875;222.47999572753906;154904300;209.05552673339844
2021-09-20;217.4499969482422;225.64999389648438;214.22000122070312;223.0500030517578;163693800;210.22608947753906
2021-09-27;223.6199951171875;227.67999267578125;217.74000549316406;222.27999877929688;159110900;209.50039672851562
2021-10-04;222.13999938964844;224.9499969482422;216.75999450683594;221.5800018310547;128160000;208.84060668945312
2021-10-11;221.8300018310547;228.41000366210938;219.8300018310547;225.16000366210938;100121900;212.21473693847656
2021-10-18;223.8800048828125;229.00999450683594;223.72999572753906;227.41000366210938;87450100;214.33544921875
2021-10-25;227.7899932861328;230.72000122070312;223.5;228.0500030517578;112434100;214.93862915039062
2021-11-01;229.25;243.39999389648438;228.88999938964844;241.80999755859375;176654700;227.9075164794922
2021-11-08;243.74000549316406;244.4600067138672;236.30999755859375;239.5;132206200;225.73031616210938
2021-11-15;240.57000732421875;240.75999450683594;232.38999938964844;232.72000122070312;140474300;219.3401641845703
2021-11-22;234.22000122070312;235.74000549316406;219.63999938964844;222.85000610351562;151580600;210.03762817382812
2021-11-29;226.22000122070312;226.75;212.7100067138672;214.7100067138672;308751800;202.36557006835938
2021-12-06;216.5399932861328;226.5399932861328;213.7100067138672;219.91000366210938;192858800;207.26663208007812
2021-12-13;218.38999938964844;219.89999389648438;210.3000030517578;215.13999938964844;236647600;203.3868408203125
2021-12-20;212.08999633789062;222.8000030517578;208.75999450683594;222.0399932861328;143105700;209.90988159179688
2021-12-27;222.33999633789062;225.72999572753906;220.60000610351562;222.4499969482422;114366500;210.2974853515625
2022-01-03;223.7100067138672;227.1300048828125;215.82000732421875;216.07000732421875;163903800;204.26602172851562
2022-01-10;214.77000427246094;219.3800048828125;210.5800018310547;214.30999755859375;192783000;202.60215759277344
2022-01-17;212.1999969482422;212.44000244140625;196.99000549316406;196.99000549316406;231930500;186.2283477783203
2022-01-24;194.07000732421875;203.5500030517578;188.08999633789062;195.25;344041200;184.5834503173828
2022-01-31;194.38999938964844;203.89999389648438;193.85000610351562;198.3800048828125;213521500;187.5424346923828
2022-02-07;198.42999267578125;209.0500030517578;197.99000549316406;201.3800048828125;175218500;190.37852478027344
2022-02-14;201.6300048828125;207.27000427246094;198.75999450683594;199.47000122070312;151610600;188.57289123535156
2022-02-21;198.47999572753906;202.6199951171875;187.9199981689453;202.5;149215900;191.43736267089844
2022-02-28;200.47000122070312;205.3000030517578;196.97999572753906;198.66000366210938;167346500;187.80714416503906
2022-03-07;199.22000122070312;201.75999450683594;193.4600067138672;196.72999572753906;164694600;185.98260498046875
2022-03-14;197.24000549316406;207.4499969482422;191.8800048828125;207.27000427246094;155178800;195.94674682617188
2022-03-21;207.1999969482422;208.7899932861328;202.72999572753906;206.1199951171875;110434000;195.2426300048828
2022-03-28;205.60000610351562;212.25;203.02999877929688;207.57000732421875;127521300;196.6160888671875
2022-04-04;207.8699951171875;209.44000244140625;196.67999267578125;197.8699951171875;136288400;187.42799377441406
2022-04-11;197.1199951171875;202.3699951171875;195.8800048828125;198.9600067138672;116812700;188.4604949951172
2022-04-18;198.4600067138672;204.8000030517578;192.2899932861328;192.67999267578125;132783900;182.5118865966797
2022-04-25;190.99000549316406;194.11000061035156;184.50999450683594;184.9499969482422;192476700;175.18978881835938
2022-05-02;184.89999389648438;193.92999267578125;180.5500030517578;182.5800018310547;194009700;172.94485473632812
2022-05-09;179.86000061035156;182.64999389648438;168.89999389648438;178.07000732421875;261195200;168.6728973388672
2022-05-16;177.5;182.83999633789062;171.7899932861328;176.0800018310547;172024400;166.78790283203125
2022-05-23;177.8800048828125;187.64999389648438;172.3300018310547;187.63999938964844;130110800;177.73782348632812
2022-05-30;186.91000366210938;188.75999450683594;181.77000427246094;187.05999755859375;101994700;177.18849182128906
2022-06-06;189.2899932861328;190.94000244140625;177.64999389648438;178.58999633789062;126712800;169.6112518310547
2022-06-13;173.6300048828125;174.9600067138672;162.77999877929688;165.17999267578125;186283500;156.87542724609375
2022-06-20;167.97999572753906;175.10000610351562;165.3699951171875;175.08999633789062;128197200;166.2871856689453
2022-06-27;175.6699981689453;178.14999389648438;166.75999450683594;171.41000366210938;128012000;162.79222106933594
2022-07-04;168.67999267578125;176.99000549316406;166.72999572753906;175.58999633789062;96218200;166.76205444335938
2022-07-11;174.25999450683594;174.97000122070312;167.02000427246094;173.08999633789062;131469400;164.3877716064453
2022-07-18;175.1300048828125;183.25;172.05999755859375;179.50999450683594;120141400;170.4849395751953
2022-07-25;180.0500030517578;187.72999572753906;178.42999267578125;187.25;104928200;177.83584594726562
2022-08-01;185.7899932861328;191.02000427246094;184.22000122070312;190.8000030517578;93935100;181.20738220214844
2022-08-08;192.14999389648438;200.42999267578125;189.16000366210938;200.36000061035156;106686600;190.2867431640625
2022-08-15;198.8000030517578;201.99000549316406;194.07000732421875;194.64999389648438;104460400;184.86380004882812
2022-08-22;191.99000549316406;195.4499969482422;188.66000366210938;188.97999572753906;98017300;179.47886657714844
2022-08-29;186.9499969482422;188.99000549316406;178.89999389648438;180.08999633789062;122889500;171.0358123779297
2022-09-05;180.7100067138672;187.6300048828125;177.5;187.39999389648438;97100300;177.9783172607422
2022-09-12;188.60000610351562;189.86000061035156;176.91000366210938;178.99000549316406;149092200;169.9911346435547
2022-09-19;177.00999450683594;181.10000610351562;165.0;167.30999755859375;150822300;158.89834594726562
2022-09-26;165.47000122070312;170.99000549316406;163.27999877929688;164.9199981689453;180298700;157.43870544433594
2022-10-03;167.33999633789062;176.1699981689453;165.25;168.61000061035156;145602300;160.96131896972656
2022-10-10;169.2899932861328;173.9199981689453;162.5;166.80999755859375;153177300;159.2429656982422
2022-10-17;170.22000122070312;177.2899932861328;168.19000244140625;172.6999969482422;161982600;164.86578369140625
2022-10-24;173.32000732421875;183.41000366210938;171.0500030517578;183.16000366210938;159348300;174.8512725830078
2022-10-31;182.27000427246094;185.60000610351562;174.11000061035156;178.67999267578125;146221300;170.57449340820312
2022-11-07;179.74000549316406;188.83999633789062;174.27999877929688;186.89999389648438;135570300;178.42161560058594
2022-11-14;185.7899932861328;189.55999755859375;180.50999450683594;183.72000122070312;125535200;175.38589477539062
2022-11-21;182.77999877929688;186.3699951171875;181.42999267578125;185.5800018310547;69060800;177.1614990234375
2022-11-28;184.1300048828125;189.24000549316406;180.8000030517578;188.0500030517578;104087500;179.5194549560547
2022-12-05;186.86000061035156;187.05999755859375;178.55999755859375;178.6199951171875;104147100;170.51722717285156
2022-12-12;178.85000610351562;186.63999938964844;172.6699981689453;174.3699951171875;165666700;167.2280731201172
2022-12-19;174.61000061035156;176.8000030517578;170.6699981689453;174.38999938964844;99607300;167.24722290039062
2022-12-26;174.36000061035156;175.25;170.33999633789062;174.36000061035156;76788700;167.21847534179688
2023-01-02;175.92999267578125;178.0399932861328;171.89999389648438;177.5800018310547;84496800;170.30653381347656
2023-01-09;179.00999450683594;187.33999633789062;177.3000030517578;187.0500030517578;107111100;179.38873291015625
2023-01-16;187.0;188.9600067138672;180.77999877929688;185.0399932861328;106625200;177.46102905273438
2023-01-23;185.42999267578125;190.3000030517578;183.8699951171875;189.5800018310547;96157000;181.8150634765625
2023-01-30;187.83999633789062;199.25999450683594;186.8300018310547;196.99000549316406;122972200;188.9215850830078
2023-02-06;195.64999389648438;196.3800048828125;188.52999877929688;190.30999755859375;98933000;182.5151824951172
2023-02-13;190.50999450683594;194.8699951171875;189.30999755859375;193.1300048828125;101623700;185.21969604492188
2023-02-20;190.75;191.33999633789062;185.77999877929688;187.50999450683594;96248100;179.82984924316406
2023-02-27;189.1300048828125;191.92999267578125;186.1199951171875;191.5;100517000;183.65646362304688
2023-03-06;191.55999755859375;191.74000549316406;174.25999450683594;176.17999267578125;174459400;168.9639129638672
2023-03-13;172.52000427246094;179.25999450683594;170.3800048828125;171.22999572753906;300155700;164.2166748046875
2023-03-20;173.0500030517578;178.17999267578125;167.4600067138672;171.7899932861328;231907900;165.3616485595703
2023-03-27;173.83999633789062;178.63999938964844;172.36000061035156;178.39999389648438;154332000;171.72430419921875
2023-04-03;178.9499969482422;179.77999877929688;172.52999877929688;173.88999938964844;115709800;167.383056640625
2023-04-10;173.07000732421875;179.22000122070312;173.02999877929688;176.50999450683594;123992400;169.905029296875
2023-04-17;176.97000122070312;179.6300048828125;175.86000061035156;177.55999755859375;110666300;170.91571044921875
2023-04-24;177.3800048828125;178.4499969482422;170.94000244140625;175.1999969482422;142284700;168.64407348632812
2023-05-01;175.0;177.33999633789062;168.77999877929688;174.4499969482422;189371500;167.922119140625
2023-05-08;175.25999450683594;176.02000427246094;171.64999389648438;172.72000122070312;117148300;166.2568359375
2023-05-15;173.30999755859375;178.88999938964844;172.16000366210938;176.11000061035156;151517400;169.52001953125
2023-05-22;176.6199951171875;180.52999877929688;172.6999969482422;176.14999389648438;155704200;169.55848693847656
2023-05-29;176.7100067138672;182.08999633789062;172.36000061035156;182.02000427246094;138184700;175.20884704589844
2023-06-05;181.25999450683594;187.77000427246094;178.44000244140625;185.02999877929688;218163100;178.59945678710938
2023-06-12;185.22999572753906;189.24000549316406;184.22000122070312;185.94000244140625;186625700;179.47781372070312
2023-06-19;185.16000366210938;185.91000366210938;180.0500030517578;180.57000732421875;141673300;174.29444885253906
2023-06-26;180.44000244140625;188.42999267578125;180.3699951171875;187.27000427246094;145885700;180.76161193847656
2023-07-03;186.91000366210938;188.83999633789062;180.72000122070312;184.7100067138672;108891500;178.2906036376953
2023-07-10;184.5800018310547;193.69000244140625;184.16000366210938;191.52999877929688;152312800;184.87351989746094
2023-07-17;191.33999633789062;197.66000366210938;191.13999938964844;194.4600067138672;131713000;187.7017059326172
2023-07-24;194.55999755859375;197.89999389648438;193.17999267578125;196.42999267578125;109040300;189.60325622558594
2023-07-31;196.92999267578125;198.75;193.05999755859375;194.1699981689453;128957600;187.42176818847656
2023-08-07;194.66000366210938;195.05999755859375;189.74000549316406;190.99000549316406;119224200;184.352294921875
2023-08-14;189.94000244140625;190.6999969482422;181.94000244140625;184.64999389648438;132954900;178.23265075683594
2023-08-21;184.6999969482422;186.33999633789062;181.61000061035156;184.0;121131100;177.605224609375
2023-08-28;184.83999633789062;191.86000061035156;184.57000732421875;190.85000610351562;108905900;184.21717834472656
2023-09-04;189.64999389648438;189.89999389648438;183.4499969482422;183.9199981689453;96860200;177.5280303955078
2023-09-11;185.25999450683594;186.07000732421875;182.38999938964844;183.61000061035156;126314700;177.22877502441406
2023-09-18;183.6999969482422;183.75999450683594;176.55999755859375;176.6699981689453;125806900;170.5299530029297
2023-09-25;175.69000244140625;179.16000366210938;174.2899932861328;176.74000549316406;158246600;171.3982696533203
2023-10-02;176.3300018310547;176.72999572753906;169.08999633789062;173.0;202890800;167.77127075195312
2023-10-09;171.83999633789062;177.22999572753906;169.69000244140625;170.27000427246094;158320000;165.123779296875
2023-10-16;171.74000549316406;176.4199981689453;166.42999267578125;166.44000244140625;215284100;161.4095458984375
2023-10-23;165.66000366210938;167.6199951171875;161.6699981689453;162.2100067138672;211632800;157.30738830566406
2023-10-30;163.7899932861328;175.64999389648438;161.94000244140625;174.49000549316406;218575400;169.2162628173828
2023-11-06;174.49000549316406;174.77999877929688;166.7899932861328;169.11000061035156;186100600;163.9988555908203
2023-11-13;168.24000549316406;181.75999450683594;167.52000427246094;178.2899932861328;254898100;172.90138244628906
2023-11-20;178.52000427246094;179.72999572753906;176.91000366210938;179.3300018310547;99909900;173.90997314453125
2023-11-27;178.5;185.17999267578125;177.1999969482422;184.91000366210938;187044300;179.32130432128906
2023-12-04;184.22999572753906;187.9199981689453;183.38999938964844;186.8000030517578;194123400;181.1541748046875
2023-12-11;186.67999267578125;200.0399932861328;185.33999633789062;197.0399932861328;288620900;191.08468627929688
2023-12-18;197.9600067138672;202.80999755859375;196.16000366210938;201.47999572753906;236754800;196.10687255859375
2023-12-25;202.2100067138672;205.49000549316406;200.7100067138672;200.7100067138672;133112300;195.357421875
2024-01-01;199.39999389648438;201.6199951171875;192.2899932861328;193.25;185953100;188.09634399414062
2024-01-08;193.2899932861328;197.10000610351562;191.3000030517578;193.22999572753906;187550600;188.0768585205078
2024-01-15;191.72000122070312;193.25999450683594;187.52999877929688;192.42999267578125;185099000;187.2982177734375
2024-01-22;194.14999389648438;198.58999633789062;194.08999633789062;195.97999572753906;197108900;190.75357055664062
2024-01-29;196.16000366210938;199.41000366210938;191.52999877929688;194.41000366210938;242800600;189.22543334960938
2024-02-05;192.47000122070312;199.5500030517578;190.05999755859375;199.33999633789062;187632800;194.02395629882812
2024-02-12;199.8699951171875;204.77000427246094;193.05999755859375;201.66000366210938;266624500;196.28207397460938
2024-02-19;199.14999389648438;201.13999938964844;196.38999938964844;199.88999938964844;135069000;194.5592803955078
2024-02-26;199.69000244140625;206.3300018310547;199.14999389648438;205.88999938964844;167091700;200.39927673339844
2024-03-04;207.02999877929688;210.41000366210938;203.00999450683594;206.8300018310547;162672100;201.314208984375
2024-03-11;205.9600067138672;206.83999633789062;200.1699981689453;202.41000366210938;185261500;197.01206970214844
2024-03-18;202.91000366210938;208.9499969482422;199.66000366210938;205.07000732421875;183383400;200.1079559326172
2024-03-25;205.72000122070312;211.8800048828125;204.99000549316406;210.3000030517578;116246100;205.21141052246094
2024-04-01;210.77000427246094;210.8000030517578;202.8800048828125;204.4499969482422;149513700;199.50296020507812
2024-04-08;205.97999572753906;206.97000122070312;197.67999267578125;198.69000244140625;174323300;193.88233947753906
2024-04-15;199.3699951171875;200.22999572753906;191.33999633789062;193.13999938964844;205881000;188.4666290283203
2024-04-22;194.2100067138672;199.32000732421875;192.89999389648438;198.36000061035156;148712200;193.56033325195312
2024-04-29;199.25;204.16000366210938;195.02999877929688;201.89999389648438;147965100;197.01467895507812
2024-05-06;203.47000122070312;206.6199951171875;202.55999755859375;204.30999755859375;106030600;199.36636352539062
2024-05-13;206.0800018310547;209.77000427246094;204.60000610351562;208.0800018310547;147117500;203.0451202392578
2024-05-20;208.02000427246094;209.47999572753906;202.35000610351562;205.44000244140625;104001700;200.46900939941406
2024-05-27;206.97000122070312;207.08999633789062;201.77999877929688;205.77000427246094;90343800;200.79104614257812
2024-06-03;207.52999877929688;207.55999755859375;200.67999267578125;201.1999969482422;115080900;196.33160400390625
2024-06-10;199.52000427246094;207.27000427246094;197.94000244140625;198.72999572753906;153987200;194.4626922607422
2024-06-17;198.1199951171875;201.86000061035156;197.41000366210938;200.35000610351562;116496000;196.0478973388672
2024-06-24;200.69000244140625;204.63999938964844;198.80999755859375;202.88999938964844;109987100;198.5333709716797
2024-07-01;203.52000427246094;203.82000732421875;199.8800048828125;200.8699951171875;71555000;196.5567626953125
2024-07-08;202.50999450683594;214.94000244140625;200.52999877929688;213.13999938964844;174228400;208.56326293945312
2024-07-15;214.7899932861328;226.63999938964844;214.3000030517578;216.83999633789062;274076600;212.183837890625
2024-07-22;217.67999267578125;225.38999938964844;215.3800048828125;224.22000122070312;209389200;219.4053497314453
2024-07-29;224.7100067138672;228.6300048828125;206.99000549316406;208.9199981689453;251492500;204.4338836669922
2024-08-05;197.89999389648438;207.9600067138672;196.6999969482422;206.4600067138672;180854900;202.0267333984375
2024-08-12;206.61000061035156;213.97999572753906;203.82000732421875;212.60000610351562;144150800;208.03488159179688
2024-08-19;212.9600067138672;221.0800018310547;212.0500030517578;220.3800048828125;116660600;215.64781188964844
2024-08-26;221.92999267578125;222.4499969482422;216.27000427246094;220.0800018310547;111738400;215.35426330566406
2024-09-02;218.80999755859375;219.3699951171875;207.13999938964844;207.89999389648438;113516600;203.43580627441406
2024-09-09;208.14999389648438;217.25;204.2100067138672;216.8300018310547;138785200;212.17404174804688
2024-09-16;217.6300048828125;224.94000244140625;216.13999938964844;221.57000732421875;182894700;216.81224060058594
2024-09-23;222.69000244140625;223.11000061035156;217.5399932861328;220.3300018310547;113274100;216.3345947265625
2024-09-30;219.4199981689453;221.58999633789062;215.0800018310547;219.14999389648438;115664100;215.1759796142578
2024-10-07;218.63999938964844;221.61000061035156;214.60000610351562;221.25999450683594;95763400;217.24771118164062
2024-10-14;221.4499969482422;227.1699981689453;220.42999267578125;225.64999389648438;110969800;221.55810546875
2024-10-21;225.6300048828125;225.69000244140625;217.3699951171875;218.88999938964844;105510900;214.9207000732422
2024-10-28;220.7899932861328;224.47999572753906;217.6300048828125;218.97999572753906;105215300;215.00906372070312
2024-11-04;218.5;238.49000549316406;217.83999633789062;238.1199951171875;183991000;233.80197143554688
2024-11-11;240.52000427246094;242.38999938964844;227.80999755859375;228.47999572753906;157671800;224.33680725097656
2024-11-18;229.22000122070312;239.24000549316406;226.39999389648438;238.77000427246094;130973100;234.44020080566406
2024-11-25;241.49000549316406;244.97999572753906;239.42999267578125;241.8699951171875;92370900;237.48397827148438
2024-12-02;242.24000549316406;242.66000366210938;237.74000549316406;238.92999267578125;107542400;234.59727478027344
2024-12-09;240.5500030517578;241.3800048828125;231.8800048828125;233.07000732421875;105215100;228.8435516357422
2024-12-16;232.91000366210938;235.6300048828125;218.07000732421875;221.9199981689453;223379200;218.54270935058594
2024-12-23;221.74000549316406;226.13999938964844;219.3800048828125;222.38999938964844;89987200;219.00555419921875
2024-12-30;220.6699981689453;224.82000732421875;217.85000610351562;224.42999267578125;105802700;221.01449584960938
2025-01-06;225.75999450683594;227.1699981689453;215.30999755859375;216.8300018310547;116552400;213.53016662597656
2025-01-13;214.5;226.97000122070312;213.97000122070312;225.4600067138672;131960700;222.02882385253906
2025-01-20;227.52000427246094;230.22999572753906;226.5500030517578;228.69000244140625;87318800;225.2096710205078
2025-01-27;226.7100067138672;230.32000732421875;224.5800018310547;226.47999572753906;125495400;223.0332794189453
2025-02-03;221.50999450683594;230.6999969482422;220.6699981689453;226.0;114929900;222.56060791015625
2025-02-10;227.3699951171875;227.97999572753906;221.7899932861328;225.97000122070312;93357100;222.5310821533203
2025-02-17;226.14999389648438;227.6699981689453;217.4600067138672;217.8000030517578;94905900;214.4853973388672
2025-02-24;218.7899932861328;218.7899932861328;210.9600067138672;214.64999389648438;150769400;211.38333129882812
2025-03-03;215.39999389648438;215.9600067138672;201.72999572753906;205.9499969482422;211255900;202.81573486328125
2025-03-10;203.44000244140625;204.74000549316406;197.0;202.88999938964844;193260500;199.80230712890625
2025-03-17;202.7100067138672;207.67999267578125;201.75999450683594;203.7899932861328;146567300;201.13894653320312
2025-03-24;206.9600067138672;209.27000427246094;199.3800048828125;200.4499969482422;113572400;197.84239196777344
2025-03-31;197.47999572753906;203.3300018310547;176.6699981689453;181.19000244140625;248072200;178.83297729492188
2025-04-07;174.32000732421875;192.11000061035156;171.72999572753906;184.36000061035156;393269300;181.96173095703125
2025-04-14;187.80999755859375;189.0500030517578;182.55999755859375;186.47999572753906;143352600;184.0541229248047
2025-04-21;185.0;195.50999450683594;180.77000427246094;194.1199951171875;160211300;191.59474182128906
2025-04-28;194.5;201.2100067138672;190.72000122070312;200.47999572753906;135018100;197.87200927734375
2025-05-05;198.57000732421875;202.74000549316406;195.63999938964844;200.80999755859375;118948900;198.1977081298828
2025-05-12;208.83999633789062;210.1300048828125;205.38999938964844;209.85000610351562;143289200;207.12013244628906
2025-05-19;206.8000030517578;209.75999450683594;199.64999389648438;202.55999755859375;145563000;199.92494201660156
2025-05-26;205.63999938964844;208.02999877929688;203.5399932861328;205.07000732421875;128221000;202.40231323242188
2025-06-02;205.32000732421875;212.1300048828125;202.6699981689453;211.89999389648438;163135000;209.14344787597656
2025-06-09;213.8699951171875;215.92999267578125;208.22000122070312;208.88999938964844;181227000;206.172607421875
2025-06-16;210.47999572753906;211.9499969482422;207.77999877929688;209.2100067138672;141645800;207.05941772460938
2025-06-23;208.47999572753906;217.41000366210938;206.80999755859375;215.47999572753906;168993000;213.26495361328125
2025-06-30;216.67999267578125;223.3300018310547;214.14999389648438;223.0800018310547;128673700;220.7868194580078
2025-07-07;221.57000732421875;226.0500030517578;218.41000366210938;221.6999969482422;175761200;219.42098999023438
2025-07-14;221.3699951171875;225.36000061035156;216.91000366210938;222.3300018310547;209605300;220.04454040527344
2025-07-21;223.5399932861328;226.7100067138672;220.66000366210938;224.3800048828125;150545000;222.07347106933594
2025-07-28;225.32000732421875;225.69000244140625;212.33999633789062;214.9199981689453;209313200;212.71070861816406
2025-08-04;216.5500030517578;222.83999633789062;216.0800018310547;220.32000732421875;154874900;218.05519104003906
2025-08-11;220.77000427246094;231.4600067138672;219.80999755859375;227.1300048828125;200251000;224.79519653320312
2025-08-18;227.2100067138672;235.4199981689453;223.69000244140625;234.8300018310547;157119400;232.41604614257812
2025-08-25;234.13999938964844;237.02000427246094;232.36000061035156;235.1699981689453;133236600;232.75254821777344
2025-09-01;231.99000549316406;239.67999267578125;231.47000122070312;237.77000427246094;144227300;235.32582092285156
2025-09-08;238.50999450683594;240.92999267578125;235.4199981689453;238.33999633789062;190521100;235.88995361328125
2025-09-15;239.22999572753906;245.57000732421875;236.75999450683594;242.97999572753906;255288600;241.1643829345703
2025-09-22;242.24000549316406;247.17999267578125;237.5500030517578;241.33999633789062;197581900;239.53663635253906
2025-09-29;242.83999633789062;248.08999633789062;239.39999389648438;245.8300018310547;151626200;243.99310302734375
2025-10-06;247.72999572753906;248.47999572753906;237.55999755859375;237.7899932861328;185911500;236.01316833496094
2025-10-13;241.8300018310547;252.77000427246094;240.36000061035156;243.41000366210938;235108300;241.5911865234375
2025-10-20;246.6199951171875;251.11000061035156;240.77000427246094;249.42999267578125;160679300;247.56619262695312
2025-10-27;251.77999877929688;252.2100067138672;243.69000244140625;246.22999572753906;197862700;244.39010620117188
2025-11-03;246.1699981689453;246.25999450683594;236.27000427246094;241.61000061035156;197165900;239.80462646484375
2025-11-10;245.00999450683594;246.3800048828125;233.27000427246094;237.47999572753906;217193500;235.7054901123047
2025-11-17;236.4600067138672;239.10000610351562;228.89999389648438;235.60000610351562;371126000;233.83953857421875
2025-11-24;235.9600067138672;248.8300018310547;235.47999572753906;248.75;135844500;246.89126586914062
2025-12-01;245.57000732421875;252.66000366210938;245.1199951171875;250.77000427246094;178887200;248.89617919921875
2025-12-08;252.6999969482422;258.20001220703125;250.10000610351562;253.85000610351562;209378200;251.9531707763672
2025-12-15;255.5500030517578;255.69000244140625;246.6999969482422;250.7899932861328;207046200;249.750732421875
2025-12-22;252.27999877929688;255.1199951171875;250.39999389648438;251.4199981689453;95003700;250.37814331054688
2025-12-29;250.25999450683594;251.5;245.86000061035156;248.77999877929688;122702100;247.7490692138672
2026-01-05;249.7899932861328;261.55999755859375;249.57000732421875;260.2300109863281;185416400;259.1516418457031
2026-01-12;259.2799987792969;267.2200012207031;258.239990234375;265.760009765625;166780200;264.6587219238281
2026-01-19;261.1400146484375;271.6000061035156;261.05999755859375;264.80999755859375;185611800;263.712646484375
2026-01-26;265.07000732421875;266.69000244140625;257.94000244140625;259.6499938964844;199321000;258.57403564453125
2026-02-02;258.4800109863281;265.7200012207031;255.0500030517578;265.0199890136719;237945200;263.9217834472656
2026-02-09;264.8399963378906;268.9599914550781;258.3900146484375;262.9599914550781;188544400;261.8703308105469
2026-02-16;262.3800048828125;267.3299865722656;259.05999755859375;264.6099853515625;147902100;263.51348876953125
2026-02-23;263.3999938964844;266.239990234375;258.1000061035156;261.4100036621094;186735400;260.3267517089844
2026-03-02;257.80999755859375;264.2799987792969;249.94000244140625;250.88999938964844;275619000;249.850341796875
2026-03-09;247.58999633789062;257.6499938964844;244.38999938964844;246.58999633789062;287402900;245.56814575195312
2026-03-16;249.75999450683594;251.7100067138672;240.3300018310547;242.22000122070312;268560500;241.64535522460938
2026-03-23;247.1699981689453;253.07000732421875;242.41000366210938;243.10000610351562;264573700;242.5232696533203
2026-03-30;245.35000610351562;252.44000244140625;238.69000244140625;251.2899932861328;191616400;250.69381713867188
2026-04-06;250.99000549316406;262.8999938964844;249.52000427246094;261.29998779296875;152837800;260.6800537109375
2026-04-13;260.239990234375;277.6300048828125;260.0199890136719;275.7799987792969;147071600;275.125732421875
2026-04-20;274.6499938964844;279.7900085449219;271.95001220703125;276.6499938964844;129958600;275.99365234375
2026-04-27;276.82000732421875;279.80999755859375;270.3599853515625;279.2799987792969;135125100;278.617431640625
2026-05-04;278.70001220703125;287.5799865722656;276.1000061035156;284.1700134277344;127650500;283.495849609375
2026-05-11;284.9200134277344;287.04998779296875;277.239990234375;277.6000061035156;121134000;276.94140625
2026-05-18;278.739990234375;286.6099853515625;270.6300048828125;285.1199951171875;144612000;284.4435729980469
2026-05-25;288.3900146484375;292.739990234375;287.739990234375;290.42999267578125;99689800;289.740966796875
2026-06-01;288.3699951171875;292.8800048828125;280.1499938964844;281.6499938964844;131492800;280.9817810058594
2026-06-08;285.510009765625;295.7200012207031;277.6199951171875;292.95001220703125;184207700;292.2550048828125
2026-06-15;296.55999755859375;297.9100036621094;288.92999267578125;295.5899963378906;120080000;295.5899963378906
2026-06-22;297.1300048828125;301.5;292.3999938964844;299.8299865722656;145715200;299.8299865722656
2026-06-29;298.1099853515625;302.7200012207031;294.67999267578125;297.5799865722656;89851200;297.5799865722656
2026-07-06;297.75;300.4100036621094;290.67999267578125;295.989990234375;93072100;295.989990234375
2026-07-13;295.05999755859375;297.80999755859375;291.6400146484375;294.0400085449219;109354900;294.0400085449219
2026-07-20;295.010009765625;296.75;290.1700134277344;291.1700134277344;105412200;291.1700134277344
2026-07-27;293.9800109863281;295.5199890136719;287.8299865722656;291.20001220703125;123823500;291.20001220703125
2026-08-03;292.8999938964844;303.05999755859375;292.3999938964844;301.55999755859375;96449400;301.55999755859375
2026-08-10;300.510009765625;305.17999267578125;299.0799865722656;305.0899963378906;74533000;305.0899963378906
2026-08-17;303.9599914550781;304.3299865722656;297.0400085449219;299.9599914550781;92394500;299.9599914550781
2026-08-24;299.54998779296875;300.32000732421875;297.3999938964844;299.80999755859375;51701300;299.80999755859375
2026-08-31;295.0899963378906;295.3500061035156;289.9700012207031;294.010009765625;66068800;294.010009765625
2026-09-02;291.5400085449219;294.3450012207031;291.19000244140625;294.010009765625;22223877;294.010009765625
