datetime;open;high;low;close;volume;adjclose
2010-01-04;41.790000915527344;42.9900016784668;41.66999816894531;42.849998474121094;35460500;28.15237808227539
2010-01-05;42.790000915527344;43.84000015258789;42.779998779296875;43.68000030517578;41208300;28.69768524169922
2010-01-06;43.45000076293945;44.09000015258789;43.310001373291016;43.91999816894531;27729000;28.855365753173828
2010-01-07;43.790000915527344;45.119998931884766;43.61000061035156;44.790000915527344;44864700;29.426958084106445
2010-01-08;44.369998931884766;44.70000076293945;44.08000183105469;44.68000030517578;33110100;29.35468292236328
2010-01-11;45.119998931884766;45.189998626708984;44.310001373291016;44.529998779296875;31878700;29.256122589111328
2010-01-12;43.9900016784668;44.150001525878906;42.939998626708984;43.4900016784668;47109600;28.57286262512207
2010-01-13;43.54999923706055;44.529998779296875;42.869998931884766;44.25;39622000;29.07217788696289
2010-01-14;44.20000076293945;44.790000915527344;44.099998474121094;44.689998626708984;37938300;29.361257553100586
2010-01-15;44.29999923706055;44.43000030517578;43.34000015258789;43.68000030517578;69738500;28.69768524169922
2010-01-19;43.400001525878906;43.75;42.900001525878906;43.279998779296875;41731500;28.434885025024414
2010-01-20;43.0099983215332;43.68000030517578;42.709999084472656;43.400001525878906;39934400;28.51374053955078
2010-01-21;43.040000915527344;43.150001525878906;40.31999969482422;40.540000915527344;137547700;26.63471031188965
2010-01-22;40.650001525878906;41.20000076293945;38.81999969482422;39.15999984741211;106634900;25.72804832458496
2010-01-25;39.7599983215332;39.88999938964844;38.84000015258789;39.209999084472656;56572200;25.760889053344727
2010-01-26;39.0;39.84000015258789;38.279998779296875;38.439998626708984;52975300;25.255016326904297
2010-01-27;38.349998474121094;39.4900016784668;38.06999969482422;39.33000183105469;66314300;25.839746475219727
2010-01-28;39.68000030517578;40.040000915527344;38.720001220703125;39.47999954223633;65047400;25.938297271728516
2010-01-29;39.650001525878906;39.849998474121094;38.79999923706055;38.939998626708984;53649000;25.583513259887695
2010-02-01;39.099998474121094;39.93000030517578;38.95000076293945;39.630001068115234;37408200;26.036849975585938
2010-02-02;39.79999923706055;40.68000030517578;39.70000076293945;40.54999923706055;45968500;26.641281127929688
2010-02-03;40.58000183105469;41.099998474121094;40.16999816894531;40.290000915527344;37373300;26.470468521118164
2010-02-04;39.790000915527344;39.91999816894531;38.349998474121094;38.349998474121094;57211800;25.19588279724121
2010-02-05;38.63999938964844;38.880001068115234;37.029998779296875;38.29999923706055;75224100;25.16303062438965
2010-02-08;38.290000915527344;38.290000915527344;37.31999969482422;37.70000076293945;58321000;24.768844604492188
2010-02-09;38.189998626708984;38.70000076293945;37.84000015258789;38.38999938964844;45173500;25.222169876098633
2010-02-10;38.63999938964844;39.5;38.52000045776367;38.869998931884766;39331800;25.537521362304688
2010-02-11;38.84000015258789;39.369998931884766;38.36000061035156;39.02000045776367;33830600;25.63607406616211
2010-02-12;38.66999816894531;39.18000030517578;38.36000061035156;38.95000076293945;38051100;25.59008026123047
2010-02-16;39.33000183105469;40.13999938964844;38.75;40.06999969482422;46425300;26.32592010498047
2010-02-17;40.2599983215332;40.45000076293945;39.7599983215332;40.040000915527344;34644100;26.30620574951172
2010-02-18;39.939998626708984;40.5099983215332;39.77000045776367;40.40999984741211;31809500;26.54929542541504
2010-02-19;40.11000061035156;40.70000076293945;39.900001525878906;40.029998779296875;40290200;26.299650192260742
2010-02-22;40.400001525878906;41.29999923706055;40.25;40.849998474121094;43898900;26.838380813598633
2010-02-23;40.900001525878906;41.25;39.7599983215332;39.880001068115234;52233100;26.20110511779785
2010-02-24;40.04999923706055;40.970001220703125;40.0;40.849998474121094;44645000;26.838380813598633
2010-02-25;40.15999984741211;40.689998626708984;39.70000076293945;40.63999938964844;46718100;26.70041275024414
2010-02-26;40.689998626708984;42.310001373291016;40.599998474121094;41.970001220703125;67699100;27.57421112060547
2010-03-01;42.029998779296875;42.18000030517578;41.40999984741211;41.83000183105469;34606800;27.48225212097168
2010-03-02;41.97999954223633;42.400001525878906;41.36000061035156;41.619998931884766;33891600;27.34425926208496
2010-03-03;41.650001525878906;42.060001373291016;41.34000015258789;41.529998779296875;27562500;27.285144805908203
2010-03-04;41.90999984741211;42.08000183105469;41.65999984741211;41.91999816894531;25450700;27.541370391845703
2010-03-05;42.31999969482422;42.869998931884766;42.189998626708984;42.810001373291016;34790800;28.1260929107666
2010-03-08;42.849998474121094;43.029998779296875;42.470001220703125;42.59000015258789;28524900;27.981555938720703
2010-03-09;42.38999938964844;42.81999969482422;42.04999923706055;42.41999816894531;37107100;27.8698673248291
2010-03-10;42.869998931884766;43.4900016784668;42.810001373291016;42.93000030517578;40903700;28.204936981201172
2010-03-11;42.90999984741211;43.20000076293945;42.79999923706055;43.18000030517578;30119600;28.369190216064453
2010-03-12;43.34000015258789;43.540000915527344;42.849998474121094;43.150001525878906;31367300;28.349475860595703
2010-03-15;42.91999816894531;43.209999084472656;42.599998474121094;43.06999969482422;29142000;28.29690933227539
2010-03-16;43.349998474121094;43.380001068115234;42.689998626708984;43.2400016784668;28553800;28.408611297607422
2010-03-17;43.310001373291016;44.11000061035156;43.27000045776367;43.790000915527344;32918800;28.769948959350586
2010-03-18;43.75;43.790000915527344;43.150001525878906;43.63999938964844;26012000;28.67139434814453
2010-03-19;43.45000076293945;43.88999938964844;43.130001068115234;43.45000076293945;37014400;28.54657745361328
2010-03-22;43.06999969482422;43.790000915527344;43.040000915527344;43.7400016784668;23257200;28.737112045288086
2010-03-23;43.849998474121094;44.7400016784668;43.779998779296875;44.58000183105469;33735700;29.288984298706055
2010-03-24;44.439998626708984;44.970001220703125;44.20000076293945;44.939998626708984;35849200;29.5255069732666
2010-03-25;44.97999954223633;46.04999923706055;44.88999938964844;44.939998626708984;45019400;29.5255069732666
2010-03-26;45.040000915527344;45.88999938964844;44.790000915527344;45.02000045776367;39727000;29.578046798706055
2010-03-29;45.25;45.380001068115234;44.459999084472656;44.86000061035156;30628400;29.47295379638672
2010-03-30;44.900001525878906;45.04999923706055;44.36000061035156;44.58000183105469;30296300;29.288984298706055
2010-03-31;44.310001373291016;45.0;44.25;44.75;39043000;29.40068244934082
2010-04-01;45.029998779296875;45.310001373291016;44.9900016784668;45.18000030517578;23894600;29.716402053833008
2010-04-05;45.279998779296875;45.400001525878906;44.790000915527344;45.34000015258789;21342400;29.821624755859375
2010-04-06;45.22999954223633;45.939998626708984;45.150001525878906;45.84000015258789;28192100;30.150489807128906
2010-04-07;45.83000183105469;46.04999923706055;45.02000045776367;45.31999969482422;28890100;29.808473587036133
2010-04-08;45.15999984741211;45.970001220703125;44.810001373291016;45.7599983215332;28869900;30.097862243652344
2010-04-09;45.880001068115234;46.220001220703125;45.45000076293945;45.97999954223633;22881200;30.242563247680664
2010-04-12;46.029998779296875;46.470001220703125;45.900001525878906;46.13999938964844;24645900;30.347814559936523
2010-04-13;46.040000915527344;46.380001068115234;45.849998474121094;45.869998931884766;27988900;30.170236587524414
2010-04-14;47.400001525878906;47.93000030517578;46.779998779296875;47.72999954223633;72533100;31.393598556518555
2010-04-15;47.650001525878906;48.20000076293945;47.4900016784668;47.810001373291016;45412100;31.446218490600586
2010-04-16;47.66999816894531;47.75;45.13999938964844;45.54999923706055;121203900;29.959747314453125
2010-04-19;45.22999954223633;45.70000076293945;44.59000015258789;45.38999938964844;72136600;29.85449981689453
2010-04-20;45.77000045776367;46.150001525878906;45.560001373291016;45.880001068115234;39310700;30.176794052124023
2010-04-21;46.040000915527344;46.38999938964844;45.0;45.349998474121094;46320600;29.828205108642578
2010-04-22;44.90999984741211;45.119998931884766;44.029998779296875;44.7400016784668;63176900;29.42698860168457
2010-04-23;44.72999954223633;45.06999969482422;44.25;44.939998626708984;32483800;29.55852508544922
2010-04-26;44.779998779296875;44.810001373291016;43.72999954223633;43.88999938964844;42889300;28.867910385131836
2010-04-27;43.47999954223633;44.369998931884766;42.29999923706055;42.40999984741211;66296100;27.894460678100586
2010-04-28;42.84000015258789;43.709999084472656;42.779998779296875;43.459999084472656;48578900;28.58506965637207
2010-04-29;43.88999938964844;44.33000183105469;43.599998474121094;44.0;36520300;28.94025993347168
2010-04-30;44.02000045776367;44.04999923706055;42.22999954223633;42.58000183105469;54121100;28.006282806396484
2010-05-03;42.970001220703125;43.72999954223633;42.88999938964844;43.529998779296875;31230900;28.631118774414062
2010-05-04;42.970001220703125;43.36000061035156;42.25;42.470001220703125;48982200;27.933935165405273
2010-05-05;42.11000061035156;43.369998931884766;41.619998931884766;42.630001068115234;43062100;28.039167404174805
2010-05-06;42.630001068115234;42.779998779296875;39.290000915527344;40.810001373291016;78226200;26.84208869934082
2010-05-07;41.029998779296875;41.84000015258789;39.779998779296875;40.7599983215332;72976300;26.809207916259766
2010-05-10;42.31999969482422;43.29999923706055;41.41999816894531;41.95000076293945;66578300;27.59190559387207
2010-05-11;41.459999084472656;42.54999923706055;41.150001525878906;41.54999923706055;50771200;27.32882308959961
2010-05-12;41.7400016784668;41.790000915527344;40.810001373291016;41.689998626708984;47700000;27.420902252197266
2010-05-13;41.439998626708984;41.599998474121094;40.779998779296875;40.810001373291016;35320800;26.84208869934082
2010-05-14;40.099998474121094;40.099998474121094;39.209999084472656;39.88999938964844;60719400;26.236980438232422
2010-05-17;39.93000030517578;40.040000915527344;38.77000045776367;39.84000015258789;56506200;26.204097747802734
2010-05-18;40.619998931884766;40.619998931884766;38.54999923706055;39.02000045776367;61735000;25.664752960205078
2010-05-19;38.540000915527344;39.65999984741211;38.52000045776367;39.380001068115234;64600500;25.901531219482422
2010-05-20;38.54999923706055;39.25;37.310001373291016;37.83000183105469;76564100;24.88204574584961
2010-05-21;37.02000045776367;40.15999984741211;37.02000045776367;40.04999923706055;89588800;26.34221076965332
2010-05-24;40.15999984741211;40.25;38.5;38.619998931884766;49141600;25.40165901184082
2010-05-25;37.66999816894531;39.0099983215332;37.349998474121094;38.939998626708984;66813700;25.612131118774414
2010-05-26;39.189998626708984;39.5;38.470001220703125;38.779998779296875;50719600;25.506893157958984
2010-05-27;39.58000183105469;40.4900016784668;39.400001525878906;40.41999816894531;44843000;26.58557891845703
2010-05-28;40.33000183105469;40.349998474121094;39.36000061035156;39.58000183105469;41252400;26.03307342529297
2010-06-01;39.31999969482422;39.959999084472656;38.5;38.540000915527344;37848600;25.349031448364258
2010-06-02;39.16999816894531;39.619998931884766;38.66999816894531;39.54999923706055;39618500;26.013341903686523
2010-06-03;39.86000061035156;39.939998626708984;38.619998931884766;39.099998474121094;30950400;25.717376708984375
2010-06-04;38.4900016784668;38.70000076293945;37.5;37.619998931884766;52868900;24.743921279907227
2010-06-07;37.790000915527344;38.130001068115234;36.65999984741211;36.720001220703125;44528300;24.151960372924805
2010-06-08;36.86000061035156;37.79999923706055;36.54999923706055;37.779998779296875;51017900;24.849151611328125
2010-06-09;38.150001525878906;38.15999984741211;37.0099983215332;37.119998931884766;42586000;24.415054321289062
2010-06-10;37.68000030517578;38.369998931884766;37.40999984741211;38.290000915527344;44302600;25.184606552124023
2010-06-11;37.790000915527344;38.16999816894531;37.52000045776367;38.09000015258789;31147600;25.053062438964844
2010-06-14;37.970001220703125;38.27000045776367;37.22999954223633;37.33000183105469;48662200;24.553180694580078
2010-06-15;37.54999923706055;38.279998779296875;37.2599983215332;38.25;45355600;25.158294677734375
2010-06-16;38.02000045776367;38.880001068115234;37.9900016784668;38.52000045776367;37217100;25.335874557495117
2010-06-17;38.599998474121094;38.900001525878906;37.91999816894531;38.439998626708984;34755100;25.28326416015625
2010-06-18;38.599998474121094;39.27000045776367;38.380001068115234;39.18000030517578;37270800;25.769989013671875
2010-06-21;39.54999923706055;39.779998779296875;38.65999984741211;38.869998931884766;33665100;25.56609535217285
2010-06-22;38.93000030517578;39.58000183105469;38.220001220703125;38.33000183105469;42245700;25.210920333862305
2010-06-23;38.290000915527344;39.11000061035156;38.02000045776367;38.88999938964844;45046000;25.579242706298828
2010-06-24;38.54999923706055;38.70000076293945;37.41999816894531;38.029998779296875;73843400;25.01359748840332
2010-06-25;38.779998779296875;39.599998474121094;38.279998779296875;39.439998626708984;70734200;25.94099235534668
2010-06-28;39.54999923706055;39.63999938964844;38.470001220703125;38.540000915527344;39962900;25.349031448364258
2010-06-29;37.90999984741211;37.90999984741211;36.880001068115234;37.060001373291016;56694200;24.37559700012207
2010-06-30;37.02000045776367;37.4900016784668;36.5099983215332;36.61000061035156;35332500;24.079614639282227
2010-07-01;36.540000915527344;36.689998626708984;35.15999984741211;36.08000183105469;56642900;23.763473510742188
2010-07-02;36.310001373291016;36.689998626708984;35.34000015258789;35.83000183105469;36796000;23.59880828857422
2010-07-06;36.689998626708984;36.880001068115234;35.86000061035156;36.33000183105469;35953600;23.928125381469727
2010-07-07;36.63999938964844;38.2400016784668;36.40999984741211;38.150001525878906;44602900;25.12683868408203
2010-07-08;38.779998779296875;38.81999969482422;37.150001525878906;38.15999984741211;41498200;25.133426666259766
2010-07-09;37.75;38.88999938964844;37.68000030517578;38.849998474121094;30422300;25.587881088256836
2010-07-12;38.86000061035156;39.34000015258789;38.599998474121094;39.189998626708984;24998900;25.81182098388672
2010-07-13;39.810001373291016;40.689998626708984;39.7400016784668;40.47999954223633;48564800;26.661457061767578
2010-07-14;40.150001525878906;40.380001068115234;39.84000015258789;40.349998474121094;37320600;26.57584571838379
2010-07-15;40.720001220703125;40.84000015258789;39.310001373291016;40.459999084472656;81876200;26.648290634155273
2010-07-16;40.279998779296875;40.349998474121094;38.86000061035156;39.0;58507400;25.686676025390625
2010-07-19;39.029998779296875;39.36000061035156;38.119998931884766;39.040000915527344;35404900;25.71302032470703
2010-07-20;38.31999969482422;39.63999938964844;38.279998779296875;39.630001068115234;43538200;26.101613998413086
2010-07-21;40.25;40.25;38.34000015258789;38.41999816894531;41115600;25.304668426513672
2010-07-22;38.959999084472656;39.599998474121094;38.72999954223633;39.349998474121094;35494400;25.91718864440918
2010-07-23;39.16999816894531;39.959999084472656;38.970001220703125;39.83000183105469;28241000;26.233341217041016
2010-07-26;39.79999923706055;40.36000061035156;39.5;40.33000183105469;27209400;26.562650680541992
2010-07-27;40.7400016784668;41.2400016784668;40.61000061035156;40.689998626708984;44872200;26.799758911132812
2010-07-28;40.439998626708984;40.900001525878906;40.150001525878906;40.31999969482422;23945400;26.556072235107422
2010-07-29;40.709999084472656;40.83000183105469;39.90999984741211;40.209999084472656;28994300;26.483623504638672
2010-07-30;39.720001220703125;40.689998626708984;39.720001220703125;40.279998779296875;26406500;26.529722213745117
2010-08-02;40.97999954223633;41.70000076293945;40.72999954223633;41.63999938964844;35566700;27.42546272277832
2010-08-03;41.5;41.650001525878906;40.869998931884766;41.08000183105469;29967900;27.05663299560547
2010-08-04;41.220001220703125;41.400001525878906;40.86000061035156;41.290000915527344;23078100;27.194929122924805
2010-08-05;40.970001220703125;41.43000030517578;40.939998626708984;41.27000045776367;19830500;27.181777954101562
2010-08-06;40.7400016784668;40.95000076293945;39.970001220703125;40.439998626708984;34906600;26.635095596313477
2010-08-09;40.54999923706055;40.560001373291016;39.65999984741211;39.81999969482422;37790900;26.226757049560547
2010-08-10;39.66999816894531;39.72999954223633;39.15999984741211;39.16999816894531;34166500;25.798648834228516
2010-08-11;38.650001525878906;38.779998779296875;37.75;37.77000045776367;46201600;24.876564025878906
2010-08-12;37.36000061035156;37.9900016784668;37.220001220703125;37.810001373291016;35387300;24.902904510498047
2010-08-13;37.79999923706055;38.040000915527344;37.5;37.5;24564100;24.69872283935547
2010-08-16;37.31999969482422;37.81999969482422;37.279998779296875;37.689998626708984;28334100;24.82386589050293
2010-08-17;37.970001220703125;38.06999969482422;37.400001525878906;37.47999954223633;33883800;24.685556411743164
2010-08-18;37.38999938964844;38.189998626708984;37.38999938964844;37.88999938964844;27041700;24.955585479736328
2010-08-19;37.65999984741211;37.970001220703125;37.0;37.06999969482422;35384700;24.415512084960938
2010-08-20;37.11000061035156;37.36000061035156;36.810001373291016;37.13999938964844;30862000;24.46161651611328
2010-08-23;37.209999084472656;37.40999984741211;36.84000015258789;36.880001068115234;29282800;24.290372848510742
2010-08-24;36.59000015258789;36.70000076293945;35.91999816894531;36.209999084472656;48709200;23.849082946777344
2010-08-25;35.95000076293945;36.439998626708984;35.66999816894531;36.22999954223633;36058000;23.862262725830078
2010-08-26;36.36000061035156;36.619998931884766;35.619998931884766;35.630001068115234;31873200;23.46708106994629
2010-08-27;35.869998931884766;36.689998626708984;35.54999923706055;36.599998474121094;38448800;24.10595703125
2010-08-30;36.400001525878906;36.599998474121094;35.83000183105469;35.849998474121094;27306500;23.611984252929688
2010-08-31;35.939998626708984;36.63999938964844;35.72999954223633;36.36000061035156;34784400;23.947891235351562
2010-09-01;36.7400016784668;37.79999923706055;36.65999984741211;37.7400016784668;36770500;24.856801986694336
2010-09-02;37.84000015258789;38.20000076293945;37.4900016784668;38.15999984741211;31282900;25.133426666259766
2010-09-03;38.470001220703125;39.16999816894531;38.470001220703125;39.16999816894531;34135600;25.798648834228516
2010-09-07;38.72999954223633;38.84000015258789;38.220001220703125;38.279998779296875;31885500;25.212453842163086
2010-09-08;38.34000015258789;39.43000030517578;38.34000015258789;39.119998931884766;30781000;25.765714645385742
2010-09-09;39.93000030517578;40.31999969482422;39.119998931884766;40.099998474121094;33438800;26.411170959472656
2010-09-10;39.91999816894531;40.25;39.66999816894531;39.7599983215332;21928600;26.18723487854004
2010-09-13;40.63999938964844;41.470001220703125;40.63999938964844;41.119998931884766;41643200;27.082971572875977
2010-09-14;40.970001220703125;41.22999954223633;40.459999084472656;40.720001220703125;42754100;26.819520950317383
2010-09-15;40.5099983215332;41.13999938964844;40.34000015258789;40.97999954223633;25399500;26.99077796936035
2010-09-16;40.720001220703125;41.099998474121094;40.54999923706055;40.9900016784668;25207500;26.997360229492188
2010-09-17;41.029998779296875;41.08000183105469;39.9900016784668;40.060001373291016;45938300;26.384830474853516
2010-09-20;40.2400016784668;41.310001373291016;40.029998779296875;41.189998626708984;33337500;27.129074096679688
2010-09-21;41.310001373291016;41.5;40.470001220703125;40.59000015258789;33548900;26.733898162841797
2010-09-22;40.43000030517578;40.84000015258789;39.75;39.939998626708984;34546000;26.3057804107666
2010-09-23;39.630001068115234;39.70000076293945;38.9900016784668;39.099998474121094;33471100;25.752546310424805
2010-09-24;39.5099983215332;39.79999923706055;39.29999923706055;39.75;28855100;26.180646896362305
2010-09-27;39.540000915527344;39.66999816894531;39.0099983215332;39.08000183105469;25684900;25.739370346069336
2010-09-28;39.36000061035156;39.400001525878906;38.61000061035156;38.95000076293945;31442600;25.653749465942383
2010-09-29;38.790000915527344;38.880001068115234;38.060001373291016;38.40999984741211;40207000;25.29807472229004
2010-09-30;38.4900016784668;38.95000076293945;37.959999084472656;38.060001373291016;54885200;25.06757354736328
2010-10-01;38.34000015258789;39.09000015258789;38.290000915527344;38.810001373291016;38973800;25.561534881591797
2010-10-04;38.97999954223633;39.540000915527344;38.709999084472656;38.95000076293945;38886100;25.686840057373047
2010-10-05;39.36000061035156;39.81999969482422;39.06999969482422;39.63999938964844;42379500;26.141881942749023
2010-10-06;39.560001373291016;40.06999969482422;39.41999816894531;39.900001525878906;31559900;26.313344955444336
2010-10-07;40.11000061035156;40.31999969482422;39.20000076293945;39.52000045776367;26923900;26.0627384185791
2010-10-08;39.66999816894531;39.779998779296875;39.130001068115234;39.310001373291016;28178500;25.924253463745117
2010-10-11;39.52000045776367;39.90999984741211;39.400001525878906;39.72999954223633;24601000;26.201231002807617
2010-10-12;39.470001220703125;40.4900016784668;39.470001220703125;40.400001525878906;38798100;26.64308738708496
2010-10-13;40.65999984741211;40.720001220703125;39.58000183105469;39.84000015258789;69607700;26.27377700805664
2010-10-14;39.25;39.380001068115234;38.099998474121094;38.720001220703125;76504900;25.53515625
2010-10-15;38.869998931884766;38.939998626708984;36.540000915527344;37.150001525878906;142280400;24.49976921081543
2010-10-18;37.150001525878906;38.2599983215332;37.0099983215332;38.20000076293945;55058700;25.192228317260742
2010-10-19;37.900001525878906;38.650001525878906;37.5;37.689998626708984;70595100;24.85588836669922
2010-10-20;38.0;38.29999923706055;37.459999084472656;38.099998474121094;43497200;25.126279830932617
2010-10-21;38.189998626708984;38.400001525878906;36.209999084472656;37.70000076293945;38250300;24.862491607666016
2010-10-22;37.5;37.790000915527344;37.31999969482422;37.70000076293945;24876900;24.862491607666016
2010-10-25;37.970001220703125;38.06999969482422;37.0;37.06999969482422;37893500;24.447010040283203
2010-10-26;36.97999954223633;37.2599983215332;36.779998779296875;37.20000076293945;39188100;24.532756805419922
2010-10-27;37.060001373291016;37.630001068115234;37.0;37.540000915527344;30777500;24.756967544555664
2010-10-28;37.70000076293945;37.959999084472656;37.33000183105469;37.5099983215332;30614600;24.7371826171875
2010-10-29;37.45000076293945;37.7400016784668;37.31999969482422;37.630001068115234;19803300;24.816320419311523
2010-11-01;37.61000061035156;38.0;37.099998474121094;37.41999816894531;36941900;24.677831649780273
2010-11-02;37.529998779296875;37.56999969482422;36.83000183105469;36.959999084472656;39913100;24.374465942382812
2010-11-03;36.97999954223633;37.83000183105469;36.959999084472656;37.720001220703125;35299600;24.875680923461914
2010-11-04;38.13999938964844;39.849998474121094;37.86000061035156;39.79999923706055;77569400;26.247400283813477
2010-11-05;39.88999938964844;41.34000015258789;39.779998779296875;40.939998626708984;75684800;26.99919319152832
2010-11-08;40.86000061035156;41.20000076293945;40.209999084472656;40.5099983215332;32967000;26.715646743774414
2010-11-09;40.43000030517578;40.68000030517578;39.72999954223633;39.900001525878906;32800100;26.313344955444336
2010-11-10;39.869998931884766;40.63999938964844;39.59000015258789;40.619998931884766;35587900;26.788169860839844
2010-11-11;40.27000045776367;40.439998626708984;39.849998474121094;40.02000045776367;25499700;26.392484664916992
2010-11-12;39.86000061035156;40.2599983215332;39.380001068115234;39.61000061035156;33504800;26.122108459472656
2010-11-15;39.81999969482422;40.63999938964844;39.709999084472656;40.08000183105469;28772500;26.43205451965332
2010-11-16;39.7400016784668;39.970001220703125;39.040000915527344;39.61000061035156;46023000;26.122108459472656
2010-11-17;39.58000183105469;39.68000030517578;38.97999954223633;39.18000030517578;32027500;25.838512420654297
2010-11-18;39.56999969482422;40.0;39.36000061035156;39.65999984741211;30987600;26.155067443847656
2010-11-19;39.40999984741211;39.63999938964844;39.2599983215332;39.40999984741211;26542000;25.99020004272461
2010-11-22;39.060001373291016;39.099998474121094;38.209999084472656;38.5099983215332;33249500;25.39665412902832
2010-11-23;38.0099983215332;38.220001220703125;37.599998474121094;37.630001068115234;35340400;24.816320419311523
2010-11-24;37.83000183105469;38.2400016784668;37.59000015258789;38.15999984741211;24248300;25.165851593017578
2010-11-26;37.709999084472656;37.97999954223633;37.5;37.5;12819100;24.730587005615234
2010-11-29;37.470001220703125;38.09000015258789;37.11000061035156;37.90999984741211;30911400;25.000974655151367
2010-11-30;37.4900016784668;37.790000915527344;37.2400016784668;37.400001525878906;33716700;24.664636611938477
2010-12-01;37.95000076293945;38.189998626708984;37.650001525878906;38.150001525878906;33157200;25.159255981445312
2010-12-02;38.43000030517578;39.380001068115234;38.33000183105469;39.310001373291016;41526000;25.924253463745117
2010-12-03;39.06999969482422;39.66999816894531;38.70000076293945;39.61000061035156;30070200;26.122108459472656
2010-12-06;39.47999954223633;40.04999923706055;39.29999923706055;39.900001525878906;25364500;26.313344955444336
2010-12-07;40.349998474121094;40.459999084472656;39.2400016784668;39.25;40908200;25.88468360900879
2010-12-08;39.36000061035156;40.33000183105469;39.060001373291016;40.2599983215332;38115900;26.550748825073242
2010-12-09;40.66999816894531;41.099998474121094;40.56999969482422;40.810001373291016;43001900;26.91347885131836
2010-12-10;40.88999938964844;41.5;40.77000045776367;41.43000030517578;28449000;27.32235336303711
2010-12-13;41.56999969482422;41.9900016784668;41.15999984741211;41.5099983215332;35730400;27.375110626220703
2010-12-14;41.439998626708984;41.5;40.470001220703125;40.790000915527344;34010800;26.900285720825195
2010-12-15;40.72999954223633;41.0;40.060001373291016;40.209999084472656;30264000;26.51778793334961
2010-12-16;40.41999816894531;40.68000030517578;39.81999969482422;40.0099983215332;37123200;26.385894775390625
2010-12-17;40.060001373291016;40.06999969482422;39.529998779296875;39.66999816894531;52004800;26.161663055419922
2010-12-20;39.83000183105469;40.27000045776367;39.689998626708984;39.95000076293945;22978200;26.346328735351562
2010-12-21;40.15999984741211;41.2400016784668;39.97999954223633;41.0;30757800;27.038768768310547
2010-12-22;41.16999816894531;42.540000915527344;41.15999984741211;42.15999984741211;47280400;27.803775787353516
2010-12-23;42.150001525878906;42.27000045776367;41.81999969482422;42.08000183105469;18927900;27.751018524169922
2010-12-27;41.81999969482422;42.68000030517578;41.79999923706055;42.66999816894531;17203200;28.140108108520508
2010-12-28;42.70000076293945;43.119998931884766;42.470001220703125;42.61000061035156;20386600;28.100543975830078
2010-12-29;42.58000183105469;42.77000045776367;42.29999923706055;42.36000061035156;13637400;27.935653686523438
2010-12-30;42.310001373291016;42.470001220703125;42.04999923706055;42.22999954223633;12901900;27.849929809570312
2010-12-31;42.11000061035156;42.45000076293945;42.040000915527344;42.41999816894531;12199700;27.97523307800293
2011-01-03;43.0;44.040000915527344;42.959999084472656;43.58000183105469;43278500;28.740245819091797
2011-01-04;43.779998779296875;44.29999923706055;43.34000015258789;44.15999984741211;40036800;29.15619659423828
2011-01-05;43.91999816894531;44.95000076293945;43.900001525878906;44.70000076293945;50032500;29.512723922729492
2011-01-06;44.400001525878906;44.79999923706055;44.25;44.47999954223633;31606200;29.36747169494629
2011-01-07;44.540000915527344;44.59000015258789;42.650001525878906;43.63999938964844;69579400;28.812883377075195
2011-01-10;43.27000045776367;43.77000045776367;43.0;43.400001525878906;30098100;28.65441131591797
2011-01-11;43.70000076293945;44.02000045776367;43.41999816894531;43.599998474121094;28067100;28.786462783813477
2011-01-12;44.439998626708984;44.900001525878906;44.25;44.709999084472656;44296900;29.51932144165039
2011-01-13;44.939998626708984;44.970001220703125;44.16999816894531;44.45000076293945;42133000;29.347671508789062
2011-01-14;44.5099983215332;45.939998626708984;44.45000076293945;44.90999984741211;86983800;29.651369094848633
2011-01-18;45.02000045776367;45.41999816894531;44.5;44.75;46237700;29.54573631286621
2011-01-19;44.54999923706055;44.970001220703125;43.599998474121094;43.709999084472656;44989200;28.859081268310547
2011-01-20;43.83000183105469;44.9900016784668;43.61000061035156;44.75;46977700;29.54573631286621
2011-01-21;45.04999923706055;45.540000915527344;44.849998474121094;45.290000915527344;44767400;29.902263641357422
2011-01-24;45.209999084472656;45.47999954223633;44.86000061035156;45.02000045776367;27826800;29.723987579345703
2011-01-25;44.81999969482422;45.43000030517578;44.2599983215332;44.869998931884766;36022400;29.624954223632812
2011-01-26;45.20000076293945;45.47999954223633;44.869998931884766;44.97999954223633;25639400;29.697608947753906
2011-01-27;44.97999954223633;45.380001068115234;44.689998626708984;45.099998474121094;26740900;29.77681541442871
2011-01-28;45.04999923706055;45.880001068115234;44.400001525878906;44.540000915527344;38593900;29.40709686279297
2011-01-31;44.40999984741211;45.099998474121094;44.400001525878906;44.939998626708984;23574500;29.671173095703125
2011-02-01;45.20000076293945;46.0;45.15999984741211;45.93000030517578;28255500;30.32480812072754
2011-02-02;45.790000915527344;45.97999954223633;45.34000015258789;45.45000076293945;24104900;30.00790786743164
2011-02-03;45.47999954223633;45.75;44.84000015258789;45.459999084472656;23322400;30.014507293701172
2011-02-04;45.0;45.16999816894531;44.29999923706055;44.59000015258789;38172900;29.440095901489258
2011-02-07;44.75;45.75;44.650001525878906;45.5;36790900;30.040910720825195
2011-02-08;45.4900016784668;45.81999969482422;45.310001373291016;45.7400016784668;28649500;30.19936180114746
2011-02-09;45.36000061035156;45.5;44.650001525878906;45.11000061035156;33491000;29.783416748046875
2011-02-10;45.099998474121094;45.540000915527344;44.95000076293945;45.529998779296875;22688600;30.06071662902832
2011-02-11;45.400001525878906;46.88999938964844;45.400001525878906;46.56999969482422;40812800;30.74737548828125
2011-02-14;46.599998474121094;46.900001525878906;46.470001220703125;46.540000915527344;28699200;30.727556228637695
2011-02-15;46.560001373291016;47.34000015258789;46.540000915527344;46.81999969482422;35972900;30.91242790222168
2011-02-16;47.150001525878906;48.36000061035156;47.099998474121094;47.939998626708984;44327800;31.651893615722656
2011-02-17;47.77000045776367;47.9900016784668;47.5;47.81999969482422;22932600;31.57266616821289
2011-02-18;47.81999969482422;48.130001068115234;47.54999923706055;48.0;23844300;31.6915225982666
2011-02-22;47.20000076293945;47.27000045776367;45.849998474121094;46.0099983215332;44561900;30.377643585205078
2011-02-23;46.040000915527344;46.5;45.290000915527344;45.959999084472656;36264800;30.344629287719727
2011-02-24;45.630001068115234;46.060001373291016;45.209999084472656;45.90999984741211;31926900;30.311607360839844
2011-02-25;46.25;46.86000061035156;46.119998931884766;46.68000030517578;26782100;30.819988250732422
2011-02-28;46.810001373291016;47.18000030517578;46.41999816894531;46.689998626708984;25985300;30.82660484313965
2011-03-01;46.470001220703125;46.689998626708984;45.59000015258789;45.599998474121094;33682600;30.1069393157959
2011-03-02;45.38999938964844;45.970001220703125;45.06999969482422;45.209999084472656;28600000;29.849441528320312
2011-03-03;45.720001220703125;46.33000183105469;45.709999084472656;46.08000183105469;23043600;30.423864364624023
2011-03-04;45.97999954223633;46.040000915527344;45.099998474121094;45.52000045776367;27716900;30.054128646850586
2011-03-07;45.619998931884766;45.650001525878906;44.7599983215332;45.189998626708984;28110800;29.836246490478516
2011-03-08;45.380001068115234;46.689998626708984;45.29999923706055;46.400001525878906;32941500;30.635129928588867
2011-03-09;46.33000183105469;47.099998474121094;46.02000045776367;46.560001373291016;25174700;30.740774154663086
2011-03-10;46.08000183105469;46.25;45.2599983215332;45.529998779296875;33783700;30.06071662902832
2011-03-11;45.279998779296875;45.84000015258789;45.25;45.7400016784668;20337600;30.19936180114746
2011-03-14;45.41999816894531;45.540000915527344;44.630001068115234;45.29999923706055;24508900;29.908870697021484
2011-03-15;44.54999923706055;44.9900016784668;43.849998474121094;44.61000061035156;35606000;29.45330047607422
2011-03-16;44.63999938964844;44.779998779296875;43.65999984741211;43.810001373291016;41962900;28.925111770629883
2011-03-17;44.459999084472656;44.61000061035156;43.400001525878906;44.560001373291016;46741800;29.42029571533203
2011-03-18;45.2400016784668;46.18000030517578;44.75;45.7400016784668;77421000;30.19936180114746
2011-03-21;46.279998779296875;46.31999969482422;45.31999969482422;45.630001068115234;28985300;30.126745223999023
2011-03-22;45.65999984741211;45.709999084472656;45.349998474121094;45.470001220703125;19756600;30.021106719970703
2011-03-23;45.290000915527344;45.689998626708984;44.77000045776367;45.599998474121094;26688900;30.1069393157959
2011-03-24;45.70000076293945;45.84000015258789;45.09000015258789;45.72999954223633;21748100;30.192781448364258
2011-03-25;45.70000076293945;46.380001068115234;45.66999816894531;45.86000061035156;20710400;30.278600692749023
2011-03-28;46.099998474121094;46.5;45.95000076293945;45.959999084472656;19039400;30.344629287719727
2011-03-29;45.83000183105469;46.040000915527344;45.52000045776367;46.02000045776367;17913300;30.38422393798828
2011-03-30;46.529998779296875;46.849998474121094;46.220001220703125;46.45000076293945;26829100;30.66814422607422
2011-03-31;46.04999923706055;46.34000015258789;45.959999084472656;46.099998474121094;23340500;30.437053680419922
2011-04-01;46.54999923706055;46.880001068115234;46.18000030517578;46.349998474121094;25387300;30.60211944580078
2011-04-04;46.119998931884766;46.52000045776367;46.04999923706055;46.34000015258789;15708000;30.761430740356445
2011-04-05;46.16999816894531;46.77000045776367;46.04999923706055;46.58000183105469;21058400;30.920753479003906
2011-04-06;46.810001373291016;47.72999954223633;46.630001068115234;47.63999938964844;31203300;31.62439727783203
2011-04-07;47.63999938964844;47.79999923706055;46.959999084472656;47.400001525878906;29972000;31.465070724487305
2011-04-08;47.52000045776367;47.65999984741211;46.630001068115234;46.84000015258789;23808000;31.093341827392578
2011-04-11;47.0;47.27000045776367;46.75;46.86000061035156;25641600;31.10661506652832
2011-04-12;46.54999923706055;47.11000061035156;46.25;46.63999938964844;27231300;30.960580825805664
2011-04-13;47.2400016784668;47.369998931884766;45.880001068115234;46.25;55383900;30.701698303222656
2011-04-14;45.68000030517578;45.75;44.90999984741211;44.970001220703125;45214600;29.852001190185547
2011-04-15;45.2400016784668;45.369998931884766;44.83000183105469;44.88999938964844;32475000;29.79890251159668
2011-04-18;44.27000045776367;44.349998474121094;43.529998779296875;43.959999084472656;50958800;29.181543350219727
2011-04-19;44.2599983215332;44.709999084472656;43.7599983215332;44.650001525878906;26705000;29.639577865600586
2011-04-20;44.900001525878906;44.970001220703125;43.939998626708984;44.560001373291016;35542800;29.5798397064209
2011-04-21;44.68000030517578;44.84000015258789;44.119998931884766;44.68000030517578;24368100;29.65949249267578
2011-04-25;44.650001525878906;45.02000045776367;44.380001068115234;44.61000061035156;17358900;29.613027572631836
2011-04-26;44.849998474121094;45.43000030517578;44.61000061035156;45.119998931884766;25900000;29.951574325561523
2011-04-27;45.29999923706055;45.630001068115234;45.04999923706055;45.5;20857200;30.20382308959961
2011-04-28;45.61000061035156;45.93000030517578;45.40999984741211;45.849998474121094;19859000;30.436168670654297
2011-04-29;45.810001373291016;46.02000045776367;45.400001525878906;45.630001068115234;23363000;30.290122985839844
2011-05-02;45.939998626708984;45.9900016784668;45.11000061035156;45.18000030517578;25904000;29.991413116455078
2011-05-03;44.95000076293945;46.06999969482422;44.86000061035156;45.91999816894531;30025500;30.482633590698242
2011-05-04;45.97999954223633;46.040000915527344;45.279998779296875;45.5;22727400;30.20382308959961
2011-05-05;45.2400016784668;45.709999084472656;44.9900016784668;45.16999816894531;26154500;29.984766006469727
2011-05-06;45.470001220703125;45.709999084472656;44.7599983215332;45.040000915527344;26332300;29.898475646972656
2011-05-09;44.75;45.11000061035156;44.31999969482422;44.959999084472656;22469500;29.845361709594727
2011-05-10;45.060001373291016;45.5;44.97999954223633;45.15999984741211;20534200;29.978124618530273
2011-05-11;45.02000045776367;45.040000915527344;44.11000061035156;44.22999954223633;31519600;29.360763549804688
2011-05-12;44.099998474121094;44.33000183105469;43.54999923706055;44.09000015258789;29567900;29.267833709716797
2011-05-13;44.060001373291016;44.099998474121094;42.97999954223633;43.150001525878906;32872500;28.643850326538086
2011-05-16;42.970001220703125;43.47999954223633;42.720001220703125;42.880001068115234;34951100;28.46461296081543
2011-05-17;42.68000030517578;44.02000045776367;42.650001525878906;43.810001373291016;36277100;29.08196258544922
2011-05-18;43.720001220703125;44.2400016784668;43.40999984741211;44.08000183105469;24372100;29.261199951171875
2011-05-19;44.31999969482422;44.349998474121094;43.75;44.0;19518000;29.208087921142578
2011-05-20;43.83000183105469;44.09000015258789;43.09000015258789;43.130001068115234;29946700;28.630577087402344
2011-05-23;42.400001525878906;42.900001525878906;42.29999923706055;42.54999923706055;32299500;28.245553970336914
2011-05-24;42.77000045776367;42.91999816894531;41.689998626708984;42.34000015258789;39341400;28.10614776611328
2011-05-25;42.11000061035156;42.75;42.099998474121094;42.27000045776367;26505300;28.0596866607666
2011-05-26;42.119998931884766;42.59000015258789;42.099998474121094;42.45000076293945;21648100;28.17917823791504
2011-05-27;42.70000076293945;43.150001525878906;42.540000915527344;42.790000915527344;24747300;28.404870986938477
2011-05-31;43.2400016784668;43.380001068115234;42.77000045776367;43.2400016784668;28746300;28.70359230041504
2011-06-01;42.869998931884766;42.9900016784668;41.72999954223633;41.7599983215332;38628700;27.72114372253418
2011-06-02;41.93000030517578;42.20000076293945;40.83000183105469;41.61000061035156;45964000;27.621564865112305
2011-06-03;41.09000015258789;42.25;41.02000045776367;41.56999969482422;31833100;27.595008850097656
2011-06-06;41.099998474121094;41.2400016784668;40.369998931884766;40.529998779296875;40895900;26.904638290405273
2011-06-07;40.91999816894531;41.310001373291016;40.650001525878906;40.720001220703125;36312000;27.03076934814453
2011-06-08;40.58000183105469;41.06999969482422;40.20000076293945;40.38999938964844;38890700;26.811704635620117
2011-06-09;40.59000015258789;41.2400016784668;40.540000915527344;40.97999954223633;30082300;27.203359603881836
2011-06-10;40.59000015258789;41.5;40.099998474121094;41.04999923706055;48545700;27.249820709228516
2011-06-13;41.290000915527344;41.81999969482422;40.720001220703125;41.66999816894531;31767100;27.661396026611328
2011-06-14;42.130001068115234;42.439998626708984;41.47999954223633;41.61000061035156;32103500;27.621564865112305
2011-06-15;41.02000045776367;41.400001525878906;40.25;40.68000030517578;37336400;27.004215240478516
2011-06-16;40.630001068115234;40.709999084472656;39.70000076293945;40.36000061035156;50316600;26.79178810119629
2011-06-17;40.849998474121094;41.060001373291016;40.540000915527344;40.79999923706055;31999600;27.083873748779297
2011-06-20;40.5;40.810001373291016;40.119998931884766;40.47999954223633;21565400;26.871450424194336
2011-06-21;40.68000030517578;41.22999954223633;40.25;40.90999984741211;34241100;27.156883239746094
2011-06-22;40.66999816894531;41.529998779296875;40.47999954223633;40.689998626708984;27306300;27.010848999023438
2011-06-23;40.119998931884766;40.25;39.619998931884766;40.06999969482422;48307500;26.599281311035156
2011-06-24;40.04999923706055;40.18000030517578;39.439998626708984;39.4900016784668;36136800;26.214258193969727
2011-06-27;39.400001525878906;40.11000061035156;39.33000183105469;39.880001068115234;30632700;26.473154067993164
2011-06-28;40.06999969482422;40.06999969482422;39.2400016784668;39.540000915527344;41558700;26.247459411621094
2011-06-29;40.040000915527344;40.560001373291016;39.91999816894531;40.45000076293945;44775900;26.851539611816406
2011-06-30;40.720001220703125;41.06999969482422;40.369998931884766;40.939998626708984;28000100;27.176807403564453
2011-07-01;40.810001373291016;41.720001220703125;40.77000045776367;41.58000183105469;32136800;27.77124786376953
2011-07-05;41.5099983215332;41.5099983215332;40.970001220703125;41.029998779296875;23805800;27.403886795043945
2011-07-06;40.59000015258789;40.650001525878906;40.18000030517578;40.560001373291016;23865700;27.089984893798828
2011-07-07;41.189998626708984;41.790000915527344;41.099998474121094;41.31999969482422;28550800;27.59758186340332
2011-07-08;40.70000076293945;40.970001220703125;40.560001373291016;40.7400016784668;20680000;27.210201263427734
2011-07-11;40.189998626708984;40.220001220703125;39.290000915527344;39.43000030517578;38328000;26.33525276184082
2011-07-12;39.2400016784668;40.119998931884766;39.2400016784668;39.38999938964844;33808300;26.308547973632812
2011-07-13;39.66999816894531;40.369998931884766;39.40999984741211;39.619998931884766;34020600;26.462148666381836
2011-07-14;41.18000030517578;41.2400016784668;40.290000915527344;40.349998474121094;65327400;26.949722290039062
2011-07-15;40.61000061035156;40.75;39.5;39.97999954223633;46544900;26.702600479125977
2011-07-18;39.790000915527344;40.0;38.93000030517578;39.83000183105469;47603200;26.602407455444336
2011-07-19;39.91999816894531;40.4900016784668;39.709999084472656;40.38999938964844;34837400;26.976438522338867
2011-07-20;40.689998626708984;41.36000061035156;40.619998931884766;40.959999084472656;31250900;27.357133865356445
2011-07-21;41.56999969482422;42.54999923706055;41.22999954223633;42.290000915527344;45552200;28.245450973510742
2011-07-22;42.27000045776367;42.31999969482422;41.7599983215332;42.189998626708984;19986100;28.17865562438965
2011-07-25;41.52000045776367;41.90999984741211;41.290000915527344;41.689998626708984;22522300;27.844707489013672
2011-07-26;41.5;41.790000915527344;41.290000915527344;41.439998626708984;24350600;27.6777400970459
2011-07-27;41.20000076293945;41.400001525878906;40.59000015258789;40.66999816894531;32361100;27.163455963134766
2011-07-28;40.689998626708984;41.2400016784668;40.619998931884766;40.68000030517578;23370200;27.170135498046875
2011-07-29;40.2400016784668;40.75;39.900001525878906;40.45000076293945;37793400;27.01651954650879
2011-08-01;41.15999984741211;41.369998931884766;39.959999084472656;40.439998626708984;34039300;27.009830474853516
2011-08-02;40.099998474121094;40.380001068115234;39.84000015258789;39.84000015258789;42119000;26.60909652709961
2011-08-03;39.7599983215332;40.02000045776367;39.349998474121094;39.900001525878906;41110100;26.649166107177734
2011-08-04;39.310001373291016;39.59000015258789;37.81999969482422;37.91999816894531;59931100;25.326717376708984
2011-08-05;38.29999923706055;38.75;36.720001220703125;37.599998474121094;85507800;25.11299705505371
2011-08-08;36.22999954223633;37.720001220703125;33.689998626708984;34.060001373291016;107650300;22.748640060424805
2011-08-09;35.380001068115234;36.59000015258789;33.689998626708984;36.400001525878906;78985700;24.311521530151367
2011-08-10;35.52000045776367;35.849998474121094;33.9900016784668;34.369998931884766;83975700;22.955686569213867
2011-08-11;34.630001068115234;37.29999923706055;34.630001068115234;36.689998626708984;69583500;24.505205154418945
2011-08-12;37.130001068115234;37.849998474121094;35.58000183105469;35.90999984741211;44072800;23.9842529296875
2011-08-15;36.529998779296875;37.13999938964844;36.38999938964844;36.880001068115234;34827900;24.632118225097656
2011-08-16;36.27000045776367;36.56999969482422;35.77000045776367;36.029998779296875;42266600;24.06439208984375
2011-08-17;36.459999084472656;37.2599983215332;36.31999969482422;36.56999969482422;30131400;24.425065994262695
2011-08-18;35.27000045776367;35.470001220703125;34.5;35.189998626708984;57130300;23.503358840942383
2011-08-19;34.7599983215332;35.5;34.2599983215332;34.349998474121094;52960800;22.942323684692383
2011-08-22;35.119998931884766;35.18000030517578;33.349998474121094;33.40999984741211;50971400;22.314498901367188
2011-08-23;33.290000915527344;34.79999923706055;32.310001373291016;34.779998779296875;55807900;23.229515075683594
2011-08-24;34.81999969482422;36.0099983215332;34.68000030517578;35.83000183105469;41959800;23.930816650390625
2011-08-25;37.790000915527344;38.56999969482422;35.41999816894531;35.720001220703125;55387600;23.857351303100586
2011-08-26;35.279998779296875;36.47999954223633;34.81999969482422;36.209999084472656;35114200;24.184616088867188
2011-08-29;36.81999969482422;37.63999938964844;36.470001220703125;37.63999938964844;27943900;25.139711380004883
2011-08-30;37.400001525878906;37.720001220703125;36.75;37.060001373291016;28818700;24.752330780029297
2011-08-31;37.41999816894531;38.029998779296875;37.220001220703125;37.560001373291016;30051100;25.086284637451172
2011-09-01;37.619998931884766;37.81999969482422;36.290000915527344;36.29999923706055;36862300;24.244726181030273
2011-09-02;35.060001373291016;35.25;34.5099983215332;34.630001068115234;41677300;23.129337310791016
2011-09-06;33.11000061035156;33.5;32.779998779296875;33.439998626708984;57071200;22.334531784057617
2011-09-07;34.099998474121094;34.97999954223633;33.869998931884766;34.81999969482422;36145900;23.256237030029297
2011-09-08;34.439998626708984;34.90999984741211;33.439998626708984;33.5099983215332;44815300;22.38128662109375
2011-09-09;33.08000183105469;33.20000076293945;31.93000030517578;32.08000183105469;67187400;21.42620086669922
2011-09-12;31.350000381469727;32.41999816894531;31.209999084472656;32.41999816894531;53377600;21.653278350830078
2011-09-13;32.810001373291016;33.40999984741211;32.16999816894531;32.4900016784668;50137600;21.70003890991211
2011-09-14;32.72999954223633;33.189998626708984;31.860000610351562;32.79999923706055;44442500;21.907085418701172
2011-09-15;33.369998931884766;33.81999969482422;33.130001068115234;33.810001373291016;35847800;22.58165740966797
2011-09-16;34.04999923706055;34.27000045776367;33.02000045776367;33.43000030517578;52683800;22.327861785888672
2011-09-19;32.689998626708984;32.88999938964844;32.130001068115234;32.4900016784668;33154800;21.70003890991211
2011-09-20;32.77000045776367;32.79999923706055;32.2400016784668;32.25;34085100;21.539735794067383
2011-09-21;32.22999954223633;32.45000076293945;30.260000228881836;30.34000015258789;57389200;20.264055252075195
2011-09-22;29.350000381469727;29.6299991607666;28.530000686645508;29.270000457763672;86285600;19.549400329589844
2011-09-23;28.959999084472656;29.799999237060547;28.860000610351562;29.59000015258789;51731300;19.76312828063965
2011-09-26;30.059999465942383;31.809999465942383;29.959999084472656;31.649999618530273;58696100;21.138999938964844
2011-09-27;32.619998931884766;33.130001068115234;31.25;31.56999969482422;58242900;21.085573196411133
2011-09-28;31.6200008392334;32.0;30.420000076293945;30.469999313354492;38725900;20.350881576538086
2011-09-29;31.579999923706055;32.11000061035156;30.440000534057617;31.389999389648438;51014100;20.965349197387695
2011-09-30;30.739999771118164;30.950000762939453;30.110000610351562;30.1200008392334;42420600;20.11712074279785
2011-10-03;30.030000686645508;30.700000762939453;28.639999389648438;28.649999618530273;51002700;19.135299682617188
2011-10-04;28.25;30.43000030517578;27.850000381469727;30.260000228881836;69800000;20.388532638549805
2011-10-05;30.229999542236328;31.170000076293945;29.399999618530273;30.84000015258789;51117200;20.779319763183594
2011-10-06;30.709999084472656;32.459999084472656;30.420000076293945;32.380001068115234;53214000;21.81694221496582
2011-10-07;32.58000183105469;32.61000061035156;30.649999618530273;30.700000762939453;49320600;20.684999465942383
2011-10-10;31.600000381469727;32.31999969482422;31.579999923706055;32.29999923706055;37324800;21.763044357299805
2011-10-11;31.979999542236328;32.68000030517578;31.40999984741211;32.29999923706055;38161700;21.763044357299805
2011-10-12;32.7599983215332;33.869998931884766;32.689998626708984;33.20000076293945;55462500;22.369436264038086
2011-10-13;32.45000076293945;32.4900016784668;30.920000076293945;31.600000381469727;78830000;21.291391372680664
2011-10-14;31.8700008392334;32.31999969482422;31.399999618530273;31.889999389648438;51899600;21.486787796020508
2011-10-17;31.639999389648438;32.09000015258789;30.969999313354492;31.040000915527344;40865400;20.91407585144043
2011-10-18;31.360000610351562;33.41999816894531;31.139999389648438;32.869998931884766;64392400;22.147098541259766
2011-10-19;32.77000045776367;34.0099983215332;32.029998779296875;32.25;50119300;21.729345321655273
2011-10-20;32.31999969482422;33.189998626708984;31.670000076293945;33.130001068115234;41657100;22.32227325439453
2011-10-21;33.47999954223633;34.040000915527344;33.0099983215332;33.41999816894531;48445300;22.51766586303711
2011-10-24;33.61000061035156;34.689998626708984;33.56999969482422;34.56999969482422;45697200;23.292516708374023
2011-10-25;34.18000030517578;34.25;33.36000061035156;33.4900016784668;38679100;22.564834594726562
2011-10-26;34.11000061035156;34.40999984741211;33.5;34.18000030517578;36350900;23.029739379882812
2011-10-27;36.560001373291016;37.540000915527344;35.70000076293945;37.02000045776367;76438300;24.94327163696289
2011-10-28;36.61000061035156;36.97999954223633;36.189998626708984;36.689998626708984;39891200;24.720916748046875
2011-10-31;35.93000030517578;36.0;34.72999954223633;34.7599983215332;46429800;23.420522689819336
2011-11-01;32.470001220703125;33.63999938964844;31.84000015258789;32.709999084472656;74052400;22.039283752441406
2011-11-02;33.709999084472656;33.7400016784668;33.060001373291016;33.63999938964844;34325900;22.665903091430664
2011-11-03;34.119998931884766;34.52000045776367;32.84000015258789;34.380001068115234;40084700;23.16449737548828
2011-11-04;33.9900016784668;34.060001373291016;33.45000076293945;33.970001220703125;30858700;22.88825225830078
2011-11-07;34.029998779296875;34.34000015258789;33.709999084472656;34.2400016784668;25925900;23.070175170898438
2011-11-08;34.529998779296875;35.18000030517578;34.02000045776367;35.02000045776367;30193100;23.595718383789062
2011-11-09;33.84000015258789;33.9900016784668;32.380001068115234;32.540000915527344;52990400;21.924741744995117
2011-11-10;32.91999816894531;33.22999954223633;32.279998779296875;32.7400016784668;30427400;22.05949592590332
2011-11-11;33.279998779296875;33.849998474121094;33.02000045776367;33.279998779296875;29983400;22.423341751098633
2011-11-14;32.95000076293945;32.97999954223633;32.220001220703125;32.54999923706055;27596300;21.931474685668945
2011-11-15;32.09000015258789;33.11000061035156;32.08000183105469;32.70000076293945;31260500;22.032550811767578
2011-11-16;32.34000015258789;32.4900016784668;31.399999618530273;31.469999313354492;40761800;21.20379638671875
2011-11-17;31.399999618530273;31.5;30.34000015258789;30.489999771118164;55130100;20.543500900268555
2011-11-18;30.670000076293945;30.850000381469727;30.329999923706055;30.6200008392334;39029900;20.63109588623047
2011-11-21;30.020000457763672;30.190000534057617;29.600000381469727;29.90999984741211;39658100;20.152713775634766
2011-11-22;29.899999618530273;30.100000381469727;29.3799991607666;29.40999984741211;36466200;19.81582260131836
2011-11-23;29.110000610351562;29.149999618530273;28.329999923706055;28.3799991607666;44468500;19.121837615966797
2011-11-25;28.280000686645508;29.170000076293945;28.280000686645508;28.479999542236328;21423200;19.189197540283203
2011-11-28;29.709999084472656;30.06999969482422;28.81999969482422;29.15999984741211;45280100;19.647367477416992
2011-11-29;28.979999542236328;29.1299991607666;28.479999542236328;28.559999465942383;45104700;19.243106842041016
2011-11-30;30.149999618530273;31.0;29.799999237060547;30.969999313354492;61412600;20.866918563842773
2011-12-01;30.860000610351562;30.969999313354492;30.030000686645508;30.459999084472656;33189700;20.523283004760742
2011-12-02;30.8799991607666;33.27000045776367;30.809999465942383;32.33000183105469;90515100;21.783248901367188
2011-12-05;33.63999938964844;34.099998474121094;33.220001220703125;33.5099983215332;52207600;22.57830238342285
2011-12-06;33.2599983215332;33.58000183105469;32.68000030517578;33.22999954223633;38782900;22.389650344848633
2011-12-07;32.81999969482422;34.189998626708984;32.720001220703125;34.0;44722800;22.908458709716797
2011-12-08;33.54999923706055;33.70000076293945;32.08000183105469;32.220001220703125;47788900;21.709136962890625
2011-12-09;32.36000061035156;33.310001373291016;32.36000061035156;33.18000030517578;39104600;22.35596466064453
2011-12-12;32.54999923706055;32.599998474121094;31.760000228881836;32.040000915527344;35977900;21.587862014770508
2011-12-13;32.369998931884766;32.630001068115234;30.8700008392334;31.290000915527344;49475100;21.082523345947266
2011-12-14;30.8799991607666;31.940000534057617;30.829999923706055;31.510000228881836;41291500;21.23076057434082
2011-12-15;32.099998474121094;32.279998779296875;31.56999969482422;31.760000228881836;33457300;21.399202346801758
2011-12-16;32.15999984741211;32.599998474121094;31.809999465942383;31.889999389648438;52596800;21.486787796020508
2011-12-19;31.8700008392334;31.899999618530273;30.420000076293945;30.700000762939453;47388000;20.684999465942383
2011-12-20;31.399999618530273;32.439998626708984;31.239999771118164;32.209999084472656;49091600;21.702392578125
2011-12-21;32.0;32.40999984741211;31.899999618530273;32.31999969482422;30893000;21.77651023864746
2011-12-22;32.689998626708984;33.54999923706055;32.540000915527344;33.45000076293945;35543200;22.537879943847656
2011-12-23;33.619998931884766;33.70000076293945;33.130001068115234;33.56999969482422;21958800;22.618730545043945
2011-12-27;33.220001220703125;33.689998626708984;33.029998779296875;33.029998779296875;16891600;22.25489616394043
2011-12-28;32.9900016784668;33.09000015258789;32.56999969482422;32.650001525878906;19242700;21.998863220214844
2011-12-29;32.709999084472656;33.52000045776367;32.709999084472656;33.41999816894531;19792000;22.51766586303711
2011-12-30;33.11000061035156;33.41999816894531;33.060001373291016;33.25;18196900;22.40312957763672
2012-01-03;34.060001373291016;35.189998626708984;34.0099983215332;34.97999954223633;44102800;23.568756103515625
2012-01-04;34.439998626708984;35.150001525878906;34.33000183105469;34.95000076293945;36571200;23.718067169189453
2012-01-05;34.709999084472656;35.91999816894531;34.400001525878906;35.68000030517578;38381400;24.213457107543945
2012-01-06;35.689998626708984;35.77000045776367;35.13999938964844;35.36000061035156;33160600;23.99629783630371
2012-01-09;35.439998626708984;35.68000030517578;34.9900016784668;35.29999923706055;23001800;23.955583572387695
2012-01-10;36.06999969482422;36.349998474121094;35.7599983215332;36.04999923706055;35972800;24.46455192565918
2012-01-11;35.79999923706055;36.7400016784668;35.65999984741211;36.65999984741211;29852900;24.878522872924805
2012-01-12;36.81999969482422;37.04999923706055;36.16999816894531;36.849998474121094;39420700;25.007457733154297
2012-01-13;35.2599983215332;35.91999816894531;35.130001068115234;35.91999816894531;61571500;24.376333236694336
2012-01-17;34.849998474121094;35.68000030517578;34.5;34.90999984741211;55115100;23.690916061401367
2012-01-18;34.540000915527344;36.68000030517578;34.529998779296875;36.540000915527344;55502100;24.797082901000977
2012-01-19;36.84000015258789;37.150001525878906;36.709999084472656;36.93000030517578;37000400;25.061744689941406
2012-01-20;36.779998779296875;37.400001525878906;36.619998931884766;37.36000061035156;34716500;25.353557586669922
2012-01-23;37.310001373291016;37.939998626708984;37.27000045776367;37.65999984741211;27499200;25.557144165039062
2012-01-24;37.18000030517578;37.88999938964844;36.79999923706055;37.65999984741211;25403800;25.557144165039062
2012-01-25;37.36000061035156;37.81999969482422;37.119998931884766;37.599998474121094;29860700;25.51642608642578
2012-01-26;37.880001068115234;38.099998474121094;37.25;37.4900016784668;33284600;25.44178009033203
2012-01-27;37.22999954223633;37.65999984741211;37.150001525878906;37.209999084472656;27674600;25.251760482788086
2012-01-30;36.65999984741211;37.16999816894531;36.36000061035156;37.0099983215332;24423600;25.11604118347168
2012-01-31;37.529998779296875;37.540000915527344;36.93000030517578;37.29999923706055;29649500;25.312835693359375
2012-02-01;37.88999938964844;38.029998779296875;37.5;37.599998474121094;41957800;25.51642608642578
2012-02-02;37.689998626708984;38.15999984741211;37.41999816894531;37.54999923706055;26784200;25.482492446899414
2012-02-03;38.27000045776367;38.5;38.04999923706055;38.279998779296875;41074400;25.977890014648438
2012-02-06;38.060001373291016;38.31999969482422;37.810001373291016;38.13999938964844;23106200;25.882884979248047
2012-02-07;37.86000061035156;38.119998931884766;37.70000076293945;37.869998931884766;21091900;25.699644088745117
2012-02-08;38.04999923706055;38.349998474121094;37.970001220703125;38.29999923706055;23258700;25.991470336914062
2012-02-09;38.599998474121094;38.68000030517578;37.84000015258789;37.86000061035156;28608400;25.692869186401367
2012-02-10;37.220001220703125;37.77000045776367;37.11000061035156;37.61000061035156;22618800;25.52321434020996
2012-02-13;38.08000183105469;38.34000015258789;37.779998779296875;38.29999923706055;24828000;25.991470336914062
2012-02-14;38.22999954223633;38.2599983215332;37.439998626708984;37.91999816894531;27031900;25.733577728271484
2012-02-15;38.08000183105469;38.400001525878906;37.310001373291016;37.400001525878906;26534900;25.38070297241211
2012-02-16;37.150001525878906;38.119998931884766;37.04999923706055;38.0;22139600;25.78788185119629
2012-02-17;38.599998474121094;38.63999938964844;38.22999954223633;38.470001220703125;28009300;26.106840133666992
2012-02-21;38.650001525878906;38.970001220703125;38.40999984741211;38.459999084472656;22804200;26.10004997253418
2012-02-22;38.29999923706055;38.38999938964844;37.900001525878906;38.06999969482422;23416900;25.83538818359375
2012-02-23;38.060001373291016;38.52000045776367;37.75;38.4900016784668;31361400;26.120405197143555
2012-02-24;38.65999984741211;38.68000030517578;38.189998626708984;38.279998779296875;17586400;25.977890014648438
2012-02-27;38.06999969482422;39.22999954223633;37.790000915527344;39.060001373291016;34030400;26.507225036621094
2012-02-28;39.130001068115234;39.54999923706055;38.849998474121094;39.209999084472656;37900900;26.609018325805664
2012-02-29;39.33000183105469;39.939998626708984;39.02000045776367;39.2400016784668;41187700;26.629390716552734
2012-03-01;39.5099983215332;40.45000076293945;39.470001220703125;40.369998931884766;44376700;27.396221160888672
2012-03-02;40.43000030517578;40.880001068115234;40.22999954223633;40.630001068115234;34897900;27.57267189025879
2012-03-05;40.70000076293945;40.709999084472656;40.0;40.400001525878906;30806900;27.416580200195312
2012-03-06;39.45000076293945;39.869998931884766;39.119998931884766;39.31999969482422;33927500;26.683670043945312
2012-03-07;39.459999084472656;40.060001373291016;39.380001068115234;39.95000076293945;22875100;27.111209869384766
2012-03-08;40.470001220703125;40.75;40.220001220703125;40.439998626708984;22052300;27.443727493286133
2012-03-09;40.75;41.439998626708984;40.5;41.029998779296875;33494200;27.844118118286133
2012-03-12;40.86000061035156;40.97999954223633;40.20000076293945;40.540000915527344;30763800;27.511592864990234
2012-03-13;41.02000045776367;43.72999954223633;40.81999969482422;43.38999938964844;77277600;29.445682525634766
2012-03-14;43.619998931884766;44.0;43.06999969482422;43.58000183105469;68028700;29.57461929321289
2012-03-15;43.63999938964844;44.91999816894531;42.93000030517578;44.70000076293945;57117700;30.33468246459961
2012-03-16;44.869998931884766;44.91999816894531;44.220001220703125;44.56999969482422;48844500;30.246463775634766
2012-03-19;44.439998626708984;45.349998474121094;44.209999084472656;45.0;41509300;30.53827667236328
2012-03-20;44.529998779296875;45.599998474121094;44.369998931884766;45.380001068115234;34796200;30.796159744262695
2012-03-21;45.529998779296875;45.66999816894531;44.86000061035156;45.119998931884766;27267900;30.619712829589844
2012-03-22;44.720001220703125;45.099998474121094;44.40999984741211;44.650001525878906;27457200;30.300771713256836
2012-03-23;44.45000076293945;45.25;44.439998626708984;45.15999984741211;30639300;30.6468505859375
2012-03-26;45.47999954223633;46.16999816894531;45.400001525878906;46.16999816894531;33529400;31.3322696685791
2012-03-27;45.91999816894531;46.4900016784668;45.83000183105469;45.88999938964844;33026400;31.142255783081055
2012-03-28;45.7599983215332;46.310001373291016;45.36000061035156;46.27000045776367;29755800;31.400131225585938
2012-03-29;45.91999816894531;46.02000045776367;45.27000045776367;45.66999816894531;32262300;30.99295425415039
2012-03-30;46.08000183105469;46.130001068115234;45.5;45.97999954223633;25945800;31.203336715698242
2012-04-02;45.75;46.349998474121094;45.459999084472656;46.130001068115234;27669300;31.30512046813965
2012-04-03;45.7400016784668;45.9900016784668;44.970001220703125;45.41999816894531;31036400;31.025066375732422
2012-04-04;44.68000030517578;44.86000061035156;43.959999084472656;44.40999984741211;41342900;30.335186004638672
2012-04-05;44.130001068115234;44.72999954223633;43.810001373291016;44.34000015258789;28832300;30.2873592376709
2012-04-09;43.189998626708984;44.279998779296875;43.06999969482422;43.88999938964844;29376400;29.97996711730957
2012-04-10;43.880001068115234;44.0099983215332;42.65999984741211;42.959999084472656;38841000;29.34471893310547
2012-04-11;43.59000015258789;44.209999084472656;43.56999969482422;44.0099983215332;32142200;30.061941146850586
2012-04-12;44.119998931884766;44.9900016784668;44.0;44.84000015258789;33631100;30.628881454467773
2012-04-13;44.95000076293945;44.95000076293945;43.060001373291016;43.209999084472656;58183900;29.515474319458008
2012-04-16;43.380001068115234;43.79999923706055;42.84000015258789;43.33000183105469;40387600;29.597457885742188
2012-04-17;43.689998626708984;44.0;43.15999984741211;43.900001525878906;26887000;29.986801147460938
2012-04-18;43.619998931884766;43.90999984741211;43.27000045776367;43.290000915527344;20242900;29.57013511657715
2012-04-19;43.439998626708984;43.689998626708984;42.77000045776367;43.220001220703125;25961800;29.522323608398438
2012-04-20;43.5099983215332;43.58000183105469;42.709999084472656;42.720001220703125;26178100;29.180784225463867
2012-04-23;41.91999816894531;42.959999084472656;41.79999923706055;42.849998474121094;25536300;29.269575119018555
2012-04-24;42.97999954223633;43.310001373291016;42.810001373291016;43.279998779296875;21420400;29.563289642333984
2012-04-25;43.650001525878906;43.88999938964844;42.97999954223633;43.15999984741211;31694000;29.4813289642334
2012-04-26;43.220001220703125;43.88999938964844;43.060001373291016;43.79999923706055;28100300;29.918485641479492
2012-04-27;43.939998626708984;43.9900016784668;43.22999954223633;43.34000015258789;26242900;29.604276657104492
2012-04-30;43.33000183105469;43.369998931884766;42.540000915527344;42.97999954223633;23518000;29.358367919921875
2012-05-01;43.0;44.2400016784668;42.959999084472656;43.790000915527344;26359700;29.911664962768555
2012-05-02;43.459999084472656;43.529998779296875;42.84000015258789;43.20000076293945;22462200;29.508663177490234
2012-05-03;43.380001068115234;43.38999938964844;42.66999816894531;43.0099983215332;19536400;29.37885856628418
2012-05-04;42.33000183105469;42.68000030517578;41.709999084472656;41.75;31279900;28.518198013305664
2012-05-07;41.43000030517578;42.400001525878906;41.369998931884766;41.779998779296875;25910100;28.538694381713867
2012-05-08;41.5;41.84000015258789;40.95000076293945;41.380001068115234;28049700;28.265464782714844
2012-05-09;40.720001220703125;41.02000045776367;40.119998931884766;40.63999938964844;38769900;27.75998878479004
2012-05-10;41.22999954223633;41.400001525878906;40.540000915527344;40.7400016784668;35827100;27.828296661376953
2012-05-11;37.13999938964844;37.9900016784668;36.619998931884766;36.959999084472656;217294200;25.246292114257812
2012-05-14;36.099998474121094;36.470001220703125;35.7599983215332;35.790000915527344;96488500;24.447099685668945
2012-05-15;36.189998626708984;37.27000045776367;36.119998931884766;36.2400016784668;89903700;24.754478454589844
2012-05-16;36.790000915527344;36.97999954223633;35.459999084472656;35.459999084472656;68729600;24.2216854095459
2012-05-17;35.040000915527344;35.099998474121094;33.880001068115234;33.93000030517578;95429200;23.176589965820312
2012-05-18;33.9900016784668;33.9900016784668;32.970001220703125;33.4900016784668;82650100;22.876041412353516
2012-05-21;33.52000045776367;33.709999084472656;32.2599983215332;32.5099983215332;99554800;22.206615447998047
2012-05-22;33.31999969482422;34.58000183105469;32.9900016784668;34.0099983215332;84721000;23.231229782104492
2012-05-23;33.619998931884766;34.41999816894531;33.209999084472656;34.2599983215332;52512900;23.402002334594727
2012-05-24;34.439998626708984;34.47999954223633;33.619998931884766;33.970001220703125;37843800;23.20390510559082
2012-05-25;34.0;34.130001068115234;33.290000915527344;33.5;28796400;22.882869720458984
2012-05-29;33.97999954223633;34.0;33.36000061035156;33.630001068115234;35855200;22.971670150756836
2012-05-30;33.29999923706055;33.439998626708984;32.95000076293945;32.959999084472656;34203600;22.51400375366211
2012-05-31;32.959999084472656;33.470001220703125;32.90999984741211;33.150001525878906;42124900;22.643798828125
2012-06-01;32.40999984741211;32.650001525878906;31.770000457763672;31.93000030517578;50472200;21.810443878173828
2012-06-04;32.15999984741211;32.16999816894531;30.829999923706055;31.0;60492400;21.175188064575195
2012-06-05;30.889999389648438;32.130001068115234;30.860000610351562;31.989999771118164;46502800;21.851428985595703
2012-06-06;32.709999084472656;33.310001373291016;32.27000045776367;33.06999969482422;47980500;22.58914566040039
2012-06-07;33.77000045776367;33.83000183105469;32.79999923706055;32.810001373291016;53888800;22.41155433654785
2012-06-08;32.77000045776367;33.68000030517578;32.54999923706055;33.68000030517578;34238200;23.00581169128418
2012-06-11;34.369998931884766;34.439998626708984;32.779998779296875;32.81999969482422;46404900;22.418386459350586
2012-06-12;32.880001068115234;33.779998779296875;32.5099983215332;33.77000045776367;43334400;23.067289352416992
2012-06-13;33.689998626708984;35.06999969482422;33.630001068115234;34.29999923706055;72456600;23.429319381713867
2012-06-14;34.40999984741211;34.88999938964844;34.06999969482422;34.650001525878906;44428000;23.66839599609375
2012-06-15;34.88999938964844;35.06999969482422;34.40999984741211;35.029998779296875;40917100;23.92796516418457
2012-06-18;34.709999084472656;35.29999923706055;34.5;34.619998931884766;31084400;23.647899627685547
2012-06-19;34.9900016784668;35.630001068115234;34.72999954223633;35.380001068115234;32489000;24.16704750061035
2012-06-20;36.029998779296875;36.939998626708984;35.83000183105469;36.45000076293945;61149700;24.89792823791504
2012-06-21;36.4900016784668;37.029998779296875;35.43000030517578;35.5099983215332;95637000;24.255836486816406
2012-06-22;36.02000045776367;36.4900016784668;35.959999084472656;35.9900016784668;44193500;24.58371353149414
2012-06-25;35.2599983215332;35.470001220703125;34.63999938964844;35.31999969482422;33115800;24.126060485839844
2012-06-26;36.060001373291016;36.119998931884766;35.58000183105469;35.709999084472656;35053600;24.392452239990234
2012-06-27;35.63999938964844;36.81999969482422;35.5;36.779998779296875;34156800;25.123334884643555
2012-06-28;35.31999969482422;35.93000030517578;34.849998474121094;35.880001068115234;69904800;24.508569717407227
2012-06-29;36.70000076293945;36.79999923706055;35.25;35.72999954223633;56063200;24.406112670898438
2012-07-02;36.27000045776367;36.36000061035156;35.59000015258789;36.279998779296875;34274900;24.78180694580078
2012-07-03;35.959999084472656;36.13999938964844;35.540000915527344;35.880001068115234;26705900;24.712919235229492
2012-07-05;35.61000061035156;35.65999984741211;34.220001220703125;34.380001068115234;58519800;23.679779052734375
2012-07-06;33.91999816894531;34.119998931884766;33.72999954223633;33.900001525878906;32057200;23.349170684814453
2012-07-09;33.810001373291016;34.119998931884766;33.540000915527344;33.959999084472656;30545000;23.3904972076416
2012-07-10;34.220001220703125;34.45000076293945;33.810001373291016;34.25;33175500;23.59023666381836
2012-07-11;34.209999084472656;34.79999923706055;34.119998931884766;34.59000015258789;35144300;23.824417114257812
2012-07-12;34.33000183105469;34.56999969482422;33.939998626708984;34.040000915527344;39301500;23.445600509643555
2012-07-13;35.060001373291016;36.20000076293945;34.86000061035156;36.06999969482422;83001000;24.843791961669922
2012-07-16;35.7599983215332;35.849998474121094;34.72999954223633;35.09000015258789;52368300;24.16880226135254
2012-07-17;35.439998626708984;35.47999954223633;34.27000045776367;34.9900016784668;43998300;24.09992218017578
2012-07-18;34.75;35.22999954223633;34.650001525878906;34.959999084472656;28944900;24.079256057739258
2012-07-19;35.02000045776367;35.16999816894531;34.310001373291016;34.459999084472656;34384700;23.734874725341797
2012-07-20;34.04999923706055;34.130001068115234;33.900001525878906;33.900001525878906;36301200;23.349170684814453
2012-07-23;33.2400016784668;34.5;33.099998474121094;34.439998626708984;41248300;23.72110939025879
2012-07-24;34.58000183105469;34.88999938964844;34.220001220703125;34.72999954223633;29920400;23.92084503173828
2012-07-25;34.97999954223633;35.45000076293945;34.790000915527344;35.16999816894531;32127700;24.223894119262695
2012-07-26;35.779998779296875;35.939998626708984;35.34000015258789;35.810001373291016;28900500;24.664710998535156
2012-07-27;36.0099983215332;37.20000076293945;35.5099983215332;36.88999938964844;63636200;25.40858268737793
2012-07-30;36.5;36.52000045776367;35.939998626708984;36.13999938964844;30698200;24.892009735107422
2012-07-31;36.11000061035156;36.33000183105469;35.90999984741211;36.0;19681600;24.795581817626953
2012-08-01;36.189998626708984;36.400001525878906;35.81999969482422;36.0;22180200;24.795581817626953
2012-08-02;35.619998931884766;35.84000015258789;34.7599983215332;35.16999816894531;36675000;24.223894119262695
2012-08-03;35.81999969482422;36.290000915527344;35.5;36.09000015258789;24516300;24.857568740844727
2012-08-06;36.2400016784668;36.79999923706055;36.11000061035156;36.29999923706055;18979200;25.002208709716797
2012-08-07;36.56999969482422;37.869998931884766;36.56999969482422;37.0099983215332;37225800;25.491226196289062
2012-08-08;36.849998474121094;37.47999954223633;36.75;37.15999984741211;18672400;25.59454917907715
2012-08-09;36.720001220703125;37.2599983215332;36.59000015258789;36.91999816894531;23406700;25.429248809814453
2012-08-10;36.7599983215332;37.0;36.400001525878906;36.970001220703125;15492700;25.46367645263672
2012-08-13;36.869998931884766;37.09000015258789;36.650001525878906;36.9900016784668;14453500;25.477458953857422
2012-08-14;37.41999816894531;37.63999938964844;36.97999954223633;37.099998474121094;18065100;25.553213119506836
2012-08-15;37.06999969482422;37.40999984741211;36.95000076293945;37.06999969482422;17521300;25.53255844116211
2012-08-16;37.18000030517578;37.349998474121094;36.79999923706055;37.099998474121094;15894100;25.553213119506836
2012-08-17;37.20000076293945;37.20000076293945;36.79999923706055;36.97999954223633;17079800;25.470569610595703
2012-08-20;36.91999816894531;37.5;36.79999923706055;37.369998931884766;17922100;25.73918342590332
2012-08-21;37.630001068115234;38.86000061035156;37.560001373291016;38.040000915527344;36880600;26.200660705566406
2012-08-22;37.880001068115234;38.18000030517578;37.560001373291016;37.83000183105469;16899400;26.05602264404297
2012-08-23;37.810001373291016;37.88999938964844;37.20000076293945;37.22999954223633;16429500;25.64276885986328
2012-08-24;36.939998626708984;37.439998626708984;36.66999816894531;37.16999816894531;20019300;25.601436614990234
2012-08-27;37.310001373291016;37.439998626708984;36.900001525878906;37.22999954223633;17618200;25.64276885986328
2012-08-28;37.099998474121094;37.4900016784668;36.900001525878906;37.130001068115234;18050500;25.57388687133789
2012-08-29;37.31999969482422;37.4900016784668;37.060001373291016;37.29999923706055;13681900;25.69097328186035
2012-08-30;37.060001373291016;37.130001068115234;36.709999084472656;36.900001525878906;13700700;25.41546630859375
2012-08-31;37.13999938964844;37.400001525878906;36.86000061035156;37.13999938964844;16771600;25.580772399902344
2012-09-04;36.97999954223633;37.2400016784668;36.779998779296875;37.0099983215332;13631400;25.491226196289062
2012-09-05;37.08000183105469;37.290000915527344;36.939998626708984;37.11000061035156;13537500;25.560108184814453
2012-09-06;37.58000183105469;38.869998931884766;37.5;38.689998626708984;41346800;26.648361206054688
2012-09-07;39.040000915527344;39.529998779296875;39.0;39.29999923706055;28082400;27.068492889404297
2012-09-10;39.22999954223633;39.779998779296875;38.72999954223633;38.7599983215332;20853500;26.696575164794922
2012-09-11;38.79999923706055;39.630001068115234;38.72999954223633;39.599998474121094;22378900;27.275129318237305
2012-09-12;39.880001068115234;40.25;39.790000915527344;39.91999816894531;29882200;27.49554443359375
2012-09-13;39.84000015258789;41.58000183105469;39.59000015258789;41.400001525878906;47018600;28.514917373657227
2012-09-14;41.959999084472656;42.09000015258789;41.22999954223633;41.56999969482422;43471600;28.632001876831055
2012-09-17;41.0;41.439998626708984;40.95000076293945;41.189998626708984;19740100;28.370267868041992
2012-09-18;41.04999923706055;41.33000183105469;40.65999984741211;41.2599983215332;25186600;28.418472290039062
2012-09-19;41.33000183105469;41.7599983215332;41.040000915527344;41.34000015258789;22887200;28.473594665527344
2012-09-20;40.959999084472656;41.279998779296875;40.54999923706055;41.25;20997400;28.41159439086914
2012-09-21;41.529998779296875;41.70000076293945;40.77000045776367;40.880001068115234;28287400;28.15676498413086
2012-09-24;40.61000061035156;41.470001220703125;40.59000015258789;41.22999954223633;20499500;28.39781379699707
2012-09-25;41.54999923706055;41.54999923706055;40.529998779296875;40.54999923706055;21988200;27.92946434020996
2012-09-26;40.150001525878906;40.630001068115234;39.70000076293945;40.2400016784668;23782700;27.715953826904297
2012-09-27;40.400001525878906;40.9900016784668;40.209999084472656;40.68000030517578;20843400;28.019004821777344
2012-09-28;40.41999816894531;40.630001068115234;40.15999984741211;40.47999954223633;21380700;27.881254196166992
2012-10-01;40.880001068115234;41.5;40.79999923706055;40.970001220703125;21956400;28.2187442779541
2012-10-02;41.13999938964844;41.2400016784668;40.560001373291016;40.91999816894531;26946100;28.184301376342773
2012-10-03;40.83000183105469;41.0;40.41999816894531;40.86000061035156;22419100;28.3508243560791
2012-10-04;41.15999984741211;41.9900016784668;40.90999984741211;41.81999969482422;24326500;29.016939163208008
2012-10-05;42.040000915527344;42.439998626708984;41.459999084472656;41.709999084472656;22774400;28.94062042236328
2012-10-08;41.33000183105469;41.84000015258789;41.11000061035156;41.65999984741211;18631300;28.905914306640625
2012-10-09;41.77000045776367;41.95000076293945;41.29999923706055;41.380001068115234;19947500;28.71164894104004
2012-10-10;41.54999923706055;42.0;41.33000183105469;41.77000045776367;25797600;28.98224449157715
2012-10-11;42.369998931884766;42.63999938964844;41.849998474121094;42.099998474121094;27755000;29.21120834350586
2012-10-12;41.599998474121094;42.43000030517578;41.150001525878906;41.619998931884766;44564000;28.878156661987305
2012-10-15;41.90999984741211;42.40999984741211;41.72999954223633;42.380001068115234;26268000;29.405485153198242
2012-10-16;42.790000915527344;43.11000061035156;42.27000045776367;42.83000183105469;28588100;29.717723846435547
2012-10-17;42.93000030517578;43.540000915527344;42.77000045776367;43.31999969482422;26177500;30.05770492553711
2012-10-18;43.09000015258789;43.349998474121094;42.75;43.0099983215332;23630400;29.84261131286621
2012-10-19;42.79999923706055;42.81999969482422;42.060001373291016;42.31999969482422;29747500;29.363855361938477
2012-10-22;42.25;42.52000045776367;41.5;42.09000015258789;27993000;29.20427131652832
2012-10-23;41.470001220703125;41.7400016784668;41.04999923706055;41.33000183105469;22896400;28.67694854736328
2012-10-24;41.68000030517578;41.880001068115234;41.34000015258789;41.709999084472656;18918900;28.94062042236328
2012-10-25;42.2400016784668;42.279998779296875;41.400001525878906;41.66999816894531;17311700;28.912851333618164
2012-10-26;41.41999816894531;41.65999984741211;40.869998931884766;41.15999984741211;21892700;28.55897331237793
2012-10-31;41.45000076293945;41.790000915527344;41.150001525878906;41.68000030517578;19423500;28.91979217529297
2012-11-01;41.70000076293945;42.900001525878906;41.58000183105469;42.84000015258789;23325400;29.724658966064453
2012-11-02;43.040000915527344;43.06999969482422;42.33000183105469;42.41999816894531;17029200;29.433237075805664
2012-11-05;42.33000183105469;42.36000061035156;41.86000061035156;42.27000045776367;13252500;29.329166412353516
2012-11-06;42.56999969482422;43.04999923706055;42.40999984741211;42.880001068115234;17190900;29.752429962158203
2012-11-07;42.0099983215332;42.0099983215332;40.310001373291016;40.47999954223633;47631200;28.08717155456543
2012-11-08;41.279998779296875;41.5;40.400001525878906;40.400001525878906;27830900;28.03165626525879
2012-11-09;40.310001373291016;41.22999954223633;39.86000061035156;40.619998931884766;27553200;28.184301376342773
2012-11-12;40.849998474121094;40.90999984741211;40.29999923706055;40.58000183105469;12816000;28.15656280517578
2012-11-13;40.18000030517578;40.52000045776367;40.0;40.040000915527344;19793500;27.78187370300293
2012-11-14;40.209999084472656;40.369998931884766;39.130001068115234;39.290000915527344;30986600;27.261486053466797
2012-11-15;39.060001373291016;39.720001220703125;38.970001220703125;39.38999938964844;24858700;27.330867767333984
2012-11-16;39.43000030517578;39.66999816894531;38.83000183105469;39.529998779296875;32458000;27.428010940551758
2012-11-19;40.09000015258789;40.70000076293945;40.09000015258789;40.59000015258789;26781200;28.163494110107422
2012-11-20;40.33000183105469;41.18000030517578;40.25;40.70000076293945;19375900;28.239809036254883
2012-11-21;40.939998626708984;40.97999954223633;40.349998474121094;40.72999954223633;13030200;28.260639190673828
2012-11-23;41.099998474121094;41.220001220703125;40.970001220703125;41.09000015258789;8316700;28.510412216186523
2012-11-26;40.790000915527344;40.880001068115234;40.09000015258789;40.880001068115234;20376600;28.36471176147461
2012-11-27;40.869998931884766;41.20000076293945;40.63999938964844;40.75;19875000;28.27449607849121
2012-11-28;40.4900016784668;40.880001068115234;39.880001068115234;40.83000183105469;26106900;28.330015182495117
2012-11-29;41.150001525878906;41.349998474121094;40.90999984741211;41.220001220703125;18915000;28.600610733032227
2012-11-30;40.9900016784668;41.34000015258789;40.849998474121094;41.08000183105469;20066600;28.503482818603516
2012-12-03;41.27000045776367;41.369998931884766;40.75;40.810001373291016;18955500;28.31614112854004
2012-12-04;40.779998779296875;40.91999816894531;40.20000076293945;40.56999969482422;24031100;28.149621963500977
2012-12-05;40.689998626708984;41.4900016784668;40.5;41.20000076293945;25515600;28.58674430847168
2012-12-06;41.25;41.54999923706055;41.11000061035156;41.470001220703125;20541700;28.774084091186523
2012-12-07;41.84000015258789;42.56999969482422;41.72999954223633;42.560001373291016;34552900;29.530385971069336
2012-12-10;42.540000915527344;42.66999816894531;42.0099983215332;42.310001373291016;22394500;29.356929779052734
2012-12-11;42.599998474121094;43.09000015258789;42.41999816894531;42.63999938964844;21955000;29.58589744567871
2012-12-12;43.0;43.380001068115234;42.70000076293945;42.77000045776367;23110600;29.676088333129883
2012-12-13;42.650001525878906;42.91999816894531;42.5;42.779998779296875;18457000;29.683019638061523
2012-12-14;42.77000045776367;43.11000061035156;42.709999084472656;42.810001373291016;16208600;29.703859329223633
2012-12-17;43.0;43.5099983215332;42.810001373291016;43.47999954223633;23879800;30.16872215270996
2012-12-18;43.83000183105469;43.939998626708984;43.310001373291016;43.869998931884766;33858600;30.4393253326416
2012-12-19;43.9900016784668;44.38999938964844;43.41999816894531;43.529998779296875;34348500;30.20342254638672
2012-12-20;43.689998626708984;44.540000915527344;43.40999984741211;44.529998779296875;25014900;30.89727020263672
2012-12-21;43.81999969482422;44.20000076293945;43.34000015258789;44.0;38973500;30.529529571533203
2012-12-24;43.720001220703125;44.02000045776367;43.709999084472656;43.91999816894531;8621200;30.47401237487793
2012-12-26;43.95000076293945;44.18000030517578;43.720001220703125;43.959999084472656;11498900;30.501773834228516
2012-12-27;43.959999084472656;44.02000045776367;42.900001525878906;43.630001068115234;19567000;30.272815704345703
2012-12-28;43.099998474121094;43.689998626708984;43.09000015258789;43.2400016784668;15401200;30.002197265625
2012-12-31;43.099998474121094;44.0;43.04999923706055;43.970001220703125;24209600;30.508705139160156
2013-01-02;44.97999954223633;45.0;44.220001220703125;44.65999984741211;31413000;31.20034408569336
2013-01-03;44.7400016784668;44.75;44.20000076293945;44.56999969482422;24227700;31.13747787475586
2013-01-04;44.45000076293945;45.43000030517578;44.439998626708984;45.36000061035156;24487700;31.689380645751953
2013-01-07;45.09000015258789;45.4900016784668;45.02000045776367;45.40999984741211;24456900;31.72430992126465
2013-01-08;45.400001525878906;45.5;44.959999084472656;45.5;19624200;31.787193298339844
2013-01-09;45.560001373291016;46.20000076293945;45.13999938964844;45.470001220703125;25920600;31.76622772216797
2013-01-10;45.88999938964844;46.15999984741211;45.529998779296875;46.150001525878906;23413600;32.24129104614258
2013-01-11;45.970001220703125;46.150001525878906;45.470001220703125;46.13999938964844;19723900;32.23430633544922
2013-01-14;45.88999938964844;46.18000030517578;45.47999954223633;45.880001068115234;19079500;32.052669525146484
2013-01-15;45.4900016784668;46.470001220703125;45.349998474121094;46.349998474121094;29898000;32.381011962890625
2013-01-16;45.90999984741211;46.83000183105469;45.56999969482422;46.81999969482422;43453600;32.70936965942383
2013-01-17;46.400001525878906;46.869998931884766;46.290000915527344;46.439998626708984;41086800;32.44389724731445
2013-01-18;46.380001068115234;46.599998474121094;46.18000030517578;46.459999084472656;28679100;32.45785140991211
2013-01-22;46.25;46.54999923706055;46.130001068115234;46.540000915527344;24257300;32.513763427734375
2013-01-23;46.22999954223633;46.439998626708984;45.91999816894531;46.22999954223633;19105100;32.297176361083984
2013-01-24;46.2400016784668;46.79999923706055;46.08000183105469;46.369998931884766;20008200;32.394989013671875
2013-01-25;46.7400016784668;47.15999984741211;46.61000061035156;47.15999984741211;26009100;32.946895599365234
2013-01-28;46.84000015258789;47.0;46.47999954223633;46.63999938964844;19706800;32.5836067199707
2013-01-29;46.279998779296875;47.15999984741211;46.25;47.119998931884766;19907400;32.918949127197266
2013-01-30;47.040000915527344;47.349998474121094;46.959999084472656;47.130001068115234;18631300;32.92594528198242
2013-01-31;47.0099983215332;47.220001220703125;46.880001068115234;47.04999923706055;19536000;32.870052337646484
2013-02-01;47.400001525878906;48.0;47.209999084472656;47.849998474121094;24520000;33.42893600463867
2013-02-04;47.540000915527344;47.810001373291016;47.380001068115234;47.68000030517578;20822600;33.31019592285156
2013-02-05;47.939998626708984;48.79999923706055;47.93000030517578;48.790000915527344;28067500;34.08566665649414
2013-02-06;48.41999816894531;48.83000183105469;48.31999969482422;48.61000061035156;28282600;33.95990753173828
2013-02-07;48.650001525878906;48.75;47.900001525878906;48.22999954223633;21429600;33.69441223144531
2013-02-08;48.33000183105469;48.689998626708984;48.2599983215332;48.630001068115234;15218300;33.973873138427734
2013-02-11;48.5099983215332;48.900001525878906;48.380001068115234;48.65999984741211;13935900;33.99483108520508
2013-02-12;48.79999923706055;49.310001373291016;48.599998474121094;49.13999938964844;16388000;34.33016586303711
2013-02-13;49.349998474121094;49.45000076293945;48.5;48.68000030517578;21635600;34.0088005065918
2013-02-14;48.400001525878906;49.290000915527344;48.369998931884766;49.220001220703125;18017800;34.38605499267578
2013-02-15;49.349998474121094;49.459999084472656;48.56999969482422;48.880001068115234;20016200;34.14852523803711
2013-02-19;49.119998931884766;49.68000030517578;49.119998931884766;49.45000076293945;20445900;34.5467414855957
2013-02-20;49.349998474121094;49.540000915527344;48.36000061035156;48.61000061035156;24786700;33.95990753173828
2013-02-21;48.40999984741211;48.45000076293945;47.83000183105469;48.25;24437700;33.70839309692383
2013-02-22;48.630001068115234;48.90999984741211;48.40999984741211;48.90999984741211;23584100;34.16948318481445
2013-02-25;49.099998474121094;49.20000076293945;47.650001525878906;47.70000076293945;32775500;33.32413101196289
2013-02-26;48.220001220703125;48.2599983215332;46.849998474121094;47.599998474121094;39401400;33.25428771972656
2013-02-27;47.849998474121094;49.400001525878906;47.7599983215332;49.279998779296875;31921200;34.427974700927734
2013-02-28;49.15999984741211;49.54999923706055;48.75;48.91999816894531;24711500;34.17646026611328
2013-03-01;48.599998474121094;49.41999816894531;48.369998931884766;48.90999984741211;25923400;34.16948318481445
2013-03-04;48.72999954223633;49.13999938964844;48.33000183105469;49.099998474121094;17695200;34.302215576171875
2013-03-05;49.4900016784668;50.11000061035156;49.310001373291016;49.4900016784668;25561100;34.57468032836914
2013-03-06;49.880001068115234;50.189998626708984;49.619998931884766;50.029998779296875;19607900;34.95193099975586
2013-03-07;50.04999923706055;50.86000061035156;50.0099983215332;50.630001068115234;24245400;35.3711051940918
2013-03-08;50.59000015258789;50.849998474121094;49.61000061035156;50.20000076293945;32711900;35.07069778442383
2013-03-11;50.22999954223633;50.77000045776367;49.90999984741211;50.47999954223633;19473000;35.26632308959961
2013-03-12;50.349998474121094;50.66999816894531;50.04999923706055;50.279998779296875;18003400;35.12657928466797
2013-03-13;50.290000915527344;50.43000030517578;50.11000061035156;50.15999984741211;16680200;35.042747497558594
2013-03-14;50.25;51.0;50.189998626708984;51.0;26378700;35.629608154296875
2013-03-15;49.970001220703125;50.290000915527344;49.150001525878906;50.02000045776367;60880800;34.94495391845703
2013-03-18;49.189998626708984;49.65999984741211;48.95000076293945;49.5099983215332;28011400;34.58865737915039
2013-03-19;49.650001525878906;49.9900016784668;48.68000030517578;49.20000076293945;24411500;34.37207794189453
2013-03-20;49.56999969482422;49.63999938964844;49.040000915527344;49.119998931884766;19385300;34.316200256347656
2013-03-21;48.790000915527344;49.22999954223633;48.349998474121094;48.349998474121094;23535900;33.77825927734375
2013-03-22;48.630001068115234;49.0;48.34000015258789;48.779998779296875;22791500;34.07865905761719
2013-03-25;49.040000915527344;49.31999969482422;48.15999984741211;48.52000045776367;23581400;33.89701843261719
2013-03-26;48.7400016784668;48.970001220703125;48.31999969482422;48.63999938964844;16417500;33.980838775634766
2013-03-27;48.20000076293945;48.310001373291016;47.560001373291016;47.77000045776367;26530100;33.37306594848633
2013-03-28;47.84000015258789;47.93000030517578;47.279998779296875;47.459999084472656;27506700;33.15648651123047
2013-04-01;47.54999923706055;47.9900016784668;47.4900016784668;47.83000183105469;17442200;33.414981842041016
2013-04-02;48.0099983215332;48.380001068115234;47.880001068115234;48.279998779296875;17273700;33.72935485839844
2013-04-03;48.029998779296875;48.06999969482422;46.529998779296875;46.849998474121094;33467400;32.934967041015625
2013-04-04;46.959999084472656;47.540000915527344;46.900001525878906;47.4900016784668;21514000;33.3848991394043
2013-04-05;46.790000915527344;48.040000915527344;46.75;47.90999984741211;22961500;33.680137634277344
2013-04-08;47.880001068115234;48.59000015258789;47.59000015258789;48.58000183105469;18672300;34.15113830566406
2013-04-09;48.7400016784668;48.959999084472656;48.459999084472656;48.68000030517578;20066700;34.22144317626953
2013-04-10;48.939998626708984;49.560001373291016;48.880001068115234;49.25;20388900;34.62215042114258
2013-04-11;49.209999084472656;49.599998474121094;48.83000183105469;49.310001373291016;22584700;34.6643180847168
2013-04-12;48.900001525878906;49.58000183105469;48.45000076293945;49.0099983215332;37805900;34.45343017578125
2013-04-15;48.38999938964844;49.34000015258789;47.900001525878906;47.93000030517578;31527300;33.69419860839844
2013-04-16;48.43000030517578;48.52000045776367;47.59000015258789;48.4900016784668;23865500;34.0878791809082
2013-04-17;48.11000061035156;48.18000030517578;46.380001068115234;46.790000915527344;43466300;32.89278793334961
2013-04-18;46.79999923706055;47.33000183105469;46.04999923706055;46.63999938964844;26106800;32.78734588623047
2013-04-19;47.150001525878906;47.36000061035156;46.70000076293945;47.22999954223633;19746100;33.20210647583008
2013-04-22;47.400001525878906;47.4900016784668;46.869998931884766;47.349998474121094;15230100;33.286460876464844
2013-04-23;47.68000030517578;48.2400016784668;47.38999938964844;48.16999816894531;20568500;33.862918853759766
2013-04-24;48.31999969482422;48.91999816894531;48.15999984741211;48.720001220703125;16459300;34.24955368041992
2013-04-25;49.02000045776367;49.630001068115234;48.88999938964844;49.0;19058800;34.44640350341797
2013-04-26;48.86000061035156;49.09000015258789;48.61000061035156;48.880001068115234;13929000;34.36203384399414
2013-04-29;49.08000183105469;49.099998474121094;48.650001525878906;48.91999816894531;13496300;34.390140533447266
2013-04-30;48.959999084472656;49.25;48.720001220703125;49.0099983215332;13802600;34.45343017578125
2013-05-01;48.7599983215332;48.90999984741211;47.849998474121094;48.0099983215332;17686400;33.750431060791016
2013-05-02;48.25;48.25;47.709999084472656;48.08000183105469;15529300;33.799652099609375
2013-05-03;48.630001068115234;48.70000076293945;46.97999954223633;47.56999969482422;43257900;33.441123962402344
2013-05-06;47.709999084472656;48.38999938964844;47.56999969482422;48.18000030517578;20829500;33.869930267333984
2013-05-07;48.56999969482422;49.38999938964844;48.2599983215332;49.13999938964844;24291600;34.54481887817383
2013-05-08;49.220001220703125;49.9900016784668;49.11000061035156;49.7599983215332;23559300;34.98067092895508
2013-05-09;49.70000076293945;49.810001373291016;48.91999816894531;49.040000915527344;18103100;34.47451400756836
2013-05-10;49.04999923706055;49.22999954223633;48.63999938964844;48.959999084472656;16199600;34.418277740478516
2013-05-13;48.84000015258789;49.70000076293945;48.61000061035156;49.66999816894531;23979500;34.91738510131836
2013-05-14;49.77000045776367;50.41999816894531;49.65999984741211;50.22999954223633;24188400;35.311065673828125
2013-05-15;50.20000076293945;51.43000030517578;50.150001525878906;51.09000015258789;27467000;35.9156379699707
2013-05-16;50.869998931884766;51.65999984741211;50.84000015258789;50.970001220703125;21389500;35.831298828125
2013-05-17;51.2599983215332;52.33000183105469;51.25;52.29999923706055;26080300;36.7662467956543
2013-05-20;52.279998779296875;52.630001068115234;51.90999984741211;52.290000915527344;22020000;36.75922393798828
2013-05-21;52.529998779296875;53.66999816894531;52.45000076293945;53.02000045776367;37112600;37.27241897583008
2013-05-22;53.43000030517578;54.959999084472656;53.290000915527344;53.630001068115234;46968300;37.70123291015625
2013-05-23;52.81999969482422;53.790000915527344;52.65999984741211;53.349998474121094;25294200;37.50438690185547
2013-05-24;52.900001525878906;53.65999984741211;52.720001220703125;53.65999984741211;18342300;37.72231674194336
2013-05-28;54.560001373291016;54.650001525878906;54.029998779296875;54.599998474121094;27162300;38.383113861083984
2013-05-29;54.09000015258789;54.959999084472656;53.90999984741211;54.66999816894531;20482600;38.43232345581055
2013-05-30;54.599998474121094;55.900001525878906;54.529998779296875;55.619998931884766;24890800;39.10017395019531
2013-05-31;55.709999084472656;55.83000183105469;54.59000015258789;54.59000015258789;24990100;38.3760986328125
2013-06-03;54.599998474121094;54.86000061035156;53.040000915527344;54.4900016784668;28279600;38.30579376220703
2013-06-04;54.540000915527344;55.38999938964844;53.869998931884766;54.040000915527344;22022600;37.98945617675781
2013-06-05;53.779998779296875;54.27000045776367;52.70000076293945;53.029998779296875;24326000;37.2794303894043
2013-06-06;52.84000015258789;53.52000045776367;52.27000045776367;53.5;23940900;37.60984420776367
2013-06-07;53.77000045776367;54.47999954223633;53.40999984741211;54.27000045776367;21691000;38.15114212036133
2013-06-10;54.63999938964844;54.84000015258789;54.02000045776367;54.36000061035156;16007000;38.214412689208984
2013-06-11;53.459999084472656;54.04999923706055;53.11000061035156;53.4900016784668;17600800;37.60280227661133
2013-06-12;53.900001525878906;54.099998474121094;52.970001220703125;53.18000030517578;18479100;37.38488006591797
2013-06-13;53.0;54.2400016784668;52.970001220703125;54.16999816894531;17090200;38.080841064453125
2013-06-14;54.040000915527344;54.130001068115234;52.90999984741211;53.130001068115234;17185300;37.34972381591797
2013-06-17;53.70000076293945;54.2599983215332;53.540000915527344;53.849998474121094;16856600;37.85588836669922
2013-06-18;54.029998779296875;54.27000045776367;53.720001220703125;54.11000061035156;13259100;38.038673400878906
2013-06-19;53.9900016784668;54.5099983215332;53.52000045776367;53.54999923706055;20840000;37.64498519897461
2013-06-20;53.08000183105469;53.18000030517578;52.27000045776367;52.47999954223633;31857100;36.892791748046875
2013-06-21;52.959999084472656;52.97999954223633;51.689998626708984;51.959999084472656;44412200;36.527244567871094
2013-06-24;50.880001068115234;51.45000076293945;50.11000061035156;50.91999816894531;30736500;35.7961311340332
2013-06-25;51.5099983215332;52.560001373291016;51.5099983215332;52.08000183105469;20951400;36.61161422729492
2013-06-26;52.650001525878906;52.79999923706055;51.880001068115234;52.5;19332000;36.906856536865234
2013-06-27;53.029998779296875;53.4900016784668;52.880001068115234;53.150001525878906;17093600;37.363800048828125
2013-06-28;53.119998931884766;53.130001068115234;52.58000183105469;52.790000915527344;18256000;37.110721588134766
2013-07-01;53.220001220703125;53.630001068115234;52.43000030517578;52.4900016784668;23511100;36.89982986450195
2013-07-02;52.56999969482422;53.529998779296875;52.119998931884766;52.79999923706055;23935300;37.38843536376953
2013-07-03;52.310001373291016;52.810001373291016;52.209999084472656;52.77000045776367;10442300;37.367191314697266
2013-07-05;53.36000061035156;54.0;53.11000061035156;53.9900016784668;17070200;38.231082916259766
2013-07-08;54.540000915527344;54.90999984741211;54.04999923706055;54.70000076293945;21786900;38.73384094238281
2013-07-09;55.06999969482422;55.16999816894531;54.189998626708984;54.88999938964844;20508700;38.86837387084961
2013-07-10;54.77000045776367;55.150001525878906;54.439998626708984;54.83000183105469;16915000;38.825897216796875
2013-07-11;55.84000015258789;55.869998931884766;54.54999923706055;55.13999938964844;21322600;39.04541778564453
2013-07-12;55.5099983215332;55.849998474121094;54.75;54.970001220703125;32569200;38.92503356933594
2013-07-15;55.4900016784668;55.5;54.599998474121094;54.88999938964844;28292000;38.86837387084961
2013-07-16;54.900001525878906;55.40999984741211;54.779998779296875;55.0099983215332;19222700;38.9533576965332
2013-07-17;55.04999923706055;55.58000183105469;54.84000015258789;55.27000045776367;19166600;39.13746643066406
2013-07-18;55.5099983215332;56.529998779296875;55.4900016784668;56.369998931884766;24563100;39.916385650634766
2013-07-19;56.5099983215332;56.560001373291016;55.90999984741211;56.15999984741211;17762600;39.76768493652344
2013-07-22;56.16999816894531;56.66999816894531;55.95000076293945;56.560001373291016;15999700;40.05093765258789
2013-07-23;56.720001220703125;56.88999938964844;56.470001220703125;56.66999816894531;10577100;40.12882614135742
2013-07-24;56.91999816894531;56.93000030517578;56.380001068115234;56.630001068115234;16665000;40.10050964355469
2013-07-25;56.45000076293945;56.5;55.88999938964844;56.5;13870200;40.00844192504883
2013-07-26;56.060001373291016;56.220001220703125;55.599998474121094;56.04999923706055;16762300;39.689796447753906
2013-07-29;55.97999954223633;56.0;55.380001068115234;55.689998626708984;10049100;39.43488693237305
2013-07-30;55.869998931884766;55.9900016784668;55.08000183105469;55.33000183105469;14207400;39.17995071411133
2013-07-31;55.58000183105469;56.27000045776367;55.5099983215332;55.72999954223633;19404900;39.463191986083984
2013-08-01;56.36000061035156;56.779998779296875;56.20000076293945;56.540000915527344;15979400;40.03676986694336
2013-08-02;56.27000045776367;56.52000045776367;56.0099983215332;56.4900016784668;11007300;40.001365661621094
2013-08-05;56.33000183105469;56.58000183105469;56.0099983215332;56.099998474121094;9370200;39.72519302368164
2013-08-06;55.9900016784668;56.099998474121094;55.310001373291016;55.4900016784668;10588600;39.29325485229492
2013-08-07;55.060001373291016;55.470001220703125;54.779998779296875;55.29999923706055;12828400;39.158714294433594
2013-08-08;55.41999816894531;55.72999954223633;54.130001068115234;54.83000183105469;18587100;38.825897216796875
2013-08-09;54.689998626708984;55.150001525878906;54.33000183105469;54.52000045776367;12652500;38.60638427734375
2013-08-12;54.040000915527344;54.31999969482422;53.68000030517578;54.09000015258789;15133000;38.3018913269043
2013-08-13;54.220001220703125;54.70000076293945;53.599998474121094;54.290000915527344;15078100;38.443511962890625
2013-08-14;54.33000183105469;54.849998474121094;54.0;54.150001525878906;15785800;38.344383239746094
2013-08-15;53.52000045776367;53.68000030517578;52.88999938964844;53.290000915527344;16933200;37.73540496826172
2013-08-16;53.06999969482422;53.779998779296875;53.06999969482422;53.290000915527344;17139000;37.73540496826172
2013-08-19;52.88999938964844;52.95000076293945;51.79999923706055;51.83000183105469;22793300;36.7015495300293
2013-08-20;51.779998779296875;52.36000061035156;50.65999984741211;52.119998931884766;18701500;36.90690994262695
2013-08-21;51.91999816894531;52.220001220703125;51.279998779296875;51.630001068115234;17136200;36.5599250793457
2013-08-22;52.0;52.65999984741211;51.93000030517578;52.209999084472656;14658500;36.97063064575195
2013-08-23;52.27000045776367;52.41999816894531;51.900001525878906;52.31999969482422;11126800;37.048526763916016
2013-08-26;52.15999984741211;52.540000915527344;51.790000915527344;51.79999923706055;16548400;36.68031311035156
2013-08-27;51.02000045776367;51.54999923706055;50.54999923706055;50.599998474121094;23596800;35.830570220947266
2013-08-28;50.33000183105469;51.04999923706055;50.130001068115234;50.58000183105469;18748100;35.8164176940918
2013-08-29;50.59000015258789;51.18000030517578;50.45000076293945;50.70000076293945;13576000;35.90138626098633
2013-08-30;50.81999969482422;50.83000183105469;50.290000915527344;50.529998779296875;15863100;35.781005859375
2013-09-03;51.25;51.720001220703125;50.83000183105469;51.130001068115234;15277200;36.20588302612305
2013-09-04;51.15999984741211;52.099998474121094;50.93000030517578;51.869998931884766;19923800;36.7298698425293
2013-09-05;52.029998779296875;52.52000045776367;51.90999984741211;52.11000061035156;13913200;36.89982223510742
2013-09-06;52.40999984741211;52.709999084472656;51.279998779296875;52.560001373291016;22339900;37.21847915649414
2013-09-09;52.779998779296875;53.189998626708984;52.52000045776367;52.86000061035156;19936400;37.430912017822266
2013-09-10;53.83000183105469;53.93000030517578;53.29999923706055;53.66999816894531;20233200;38.004486083984375
2013-09-11;53.369998931884766;53.7599983215332;53.060001373291016;53.2599983215332;16028600;37.714149475097656
2013-09-12;53.43000030517578;53.709999084472656;52.08000183105469;52.2400016784668;21976700;36.99189376831055
2013-09-13;52.290000915527344;52.79999923706055;52.22999954223633;52.59000015258789;11942900;37.23971939086914
2013-09-16;53.45000076293945;53.4900016784668;52.97999954223633;53.13999938964844;17055300;37.62918472290039
2013-09-17;53.189998626708984;53.31999969482422;52.880001068115234;53.09000015258789;13207000;37.5937614440918
2013-09-18;52.689998626708984;53.869998931884766;52.560001373291016;53.40999984741211;20844500;37.820369720458984
2013-09-19;53.630001068115234;53.75;52.529998779296875;52.75;22452200;37.3530158996582
2013-09-20;52.95000076293945;53.470001220703125;52.79999923706055;52.79999923706055;30792200;37.38843536376953
2013-09-23;52.08000183105469;52.380001068115234;51.38999938964844;51.459999084472656;28189500;36.439552307128906
2013-09-24;51.0099983215332;51.27000045776367;50.29999923706055;50.31999969482422;34906900;35.632293701171875
2013-09-25;50.220001220703125;51.900001525878906;50.060001373291016;51.70000076293945;39175500;36.609500885009766
2013-09-26;51.93000030517578;52.560001373291016;51.540000915527344;51.88999938964844;22298700;36.74404525756836
2013-09-27;51.5;52.400001525878906;51.38999938964844;52.2400016784668;23026000;36.99189376831055
2013-09-30;51.72999954223633;52.09000015258789;51.439998626708984;51.689998626708984;21350600;36.602420806884766
2013-10-01;51.63999938964844;52.09000015258789;51.45000076293945;51.959999084472656;19188000;36.79359436035156
2013-10-02;51.31999969482422;52.45000076293945;51.290000915527344;52.09000015258789;23841200;37.15740966796875
2013-10-03;52.0;52.20000076293945;51.5;51.939998626708984;18614500;37.05039978027344
2013-10-04;52.06999969482422;52.68000030517578;52.0099983215332;52.66999816894531;17407200;37.57114791870117
2013-10-07;52.290000915527344;52.36000061035156;51.83000183105469;51.83000183105469;16159300;36.97193908691406
2013-10-08;51.83000183105469;51.959999084472656;50.84000015258789;50.869998931884766;19536000;36.287132263183594
2013-10-09;51.16999816894531;51.34000015258789;50.25;50.75;24721200;36.201541900634766
2013-10-10;51.84000015258789;52.560001373291016;51.380001068115234;52.52000045776367;24328700;37.46413803100586
2013-10-11;52.959999084472656;53.349998474121094;52.15999984741211;52.5099983215332;32498800;37.456993103027344
2013-10-14;51.939998626708984;52.84000015258789;51.7599983215332;52.709999084472656;18881600;37.599666595458984
2013-10-15;52.90999984741211;53.040000915527344;52.18000030517578;52.310001373291016;17566500;37.3143424987793
2013-10-16;52.61000061035156;54.04999923706055;52.58000183105469;54.0;24864000;38.519866943359375
2013-10-17;53.790000915527344;54.290000915527344;53.61000061035156;54.209999084472656;17791000;38.66965103149414
2013-10-18;54.2599983215332;54.58000183105469;53.79999923706055;54.29999923706055;24796600;38.73386001586914
2013-10-21;54.27000045776367;54.849998474121094;53.88999938964844;54.27000045776367;19471700;38.71247100830078
2013-10-22;54.650001525878906;54.68000030517578;53.619998931884766;53.619998931884766;24820900;38.24879837036133
2013-10-23;53.310001373291016;53.36000061035156;52.720001220703125;52.75;21034400;37.628196716308594
2013-10-24;52.84000015258789;52.88999938964844;52.11000061035156;52.47999954223633;17759000;37.43559646606445
2013-10-25;52.15999984741211;52.90999984741211;52.06999969482422;52.77000045776367;20889600;37.6424674987793
2013-10-28;52.88999938964844;53.09000015258789;52.5;52.68000030517578;14836800;37.578277587890625
2013-10-29;52.83000183105469;52.9900016784668;52.25;52.72999954223633;23363100;37.61393356323242
2013-10-30;53.0;53.2400016784668;52.5;52.599998474121094;16157200;37.521202087402344
2013-10-31;52.650001525878906;52.709999084472656;51.540000915527344;51.540000915527344;23738000;36.76506805419922
2013-11-01;51.45000076293945;52.709999084472656;51.29999923706055;52.5099983215332;25794400;37.456993103027344
2013-11-04;52.7400016784668;52.7599983215332;52.0;52.040000915527344;18891300;37.12173843383789
2013-11-05;51.849998474121094;52.130001068115234;51.65999984741211;51.95000076293945;14532200;37.05753707885742
2013-11-06;52.2599983215332;52.34000015258789;51.83000183105469;52.099998474121094;14013000;37.16451644897461
2013-11-07;52.130001068115234;52.34000015258789;51.58000183105469;51.650001525878906;17348900;36.843536376953125
2013-11-08;51.83000183105469;53.970001220703125;51.79999923706055;53.959999084472656;31183100;38.491336822509766
2013-11-11;53.90999984741211;54.150001525878906;53.70000076293945;54.099998474121094;12062800;38.59119415283203
2013-11-12;53.93000030517578;54.08000183105469;53.599998474121094;53.970001220703125;15964800;38.49846649169922
2013-11-13;53.52000045776367;54.20000076293945;53.150001525878906;54.13999938964844;22121900;38.61973190307617
2013-11-14;54.2599983215332;54.5;53.70000076293945;54.400001525878906;17634000;38.80521011352539
2013-11-15;54.27000045776367;54.959999084472656;54.189998626708984;54.869998931884766;20530100;39.14046859741211
2013-11-18;55.4900016784668;56.0;55.29999923706055;55.7400016784668;22318800;39.761070251464844
2013-11-19;55.970001220703125;56.63999938964844;55.779998779296875;56.150001525878906;22979900;40.053524017333984
2013-11-20;56.43000030517578;56.439998626708984;55.77000045776367;56.099998474121094;17682800;40.01785659790039
2013-11-21;56.279998779296875;57.400001525878906;56.279998779296875;57.220001220703125;22843600;40.816795349121094
2013-11-22;57.25;57.52000045776367;57.060001373291016;57.459999084472656;16730600;40.98799514770508
2013-11-25;57.5;58.13999938964844;57.40999984741211;57.650001525878906;18649600;41.123512268066406
2013-11-26;57.630001068115234;57.959999084472656;57.16999816894531;57.16999816894531;16263300;40.7811164855957
2013-11-27;57.58000183105469;57.83000183105469;57.33000183105469;57.47999954223633;11238900;41.002254486083984
2013-11-29;57.58000183105469;57.849998474121094;57.20000076293945;57.220001220703125;7128800;40.816795349121094
2013-12-02;57.099998474121094;57.75;56.900001525878906;56.97999954223633;12465300;40.64562225341797
2013-12-03;56.88999938964844;57.220001220703125;56.13999938964844;56.86000061035156;20426800;40.559993743896484
2013-12-04;56.439998626708984;57.470001220703125;56.209999084472656;57.189998626708984;20287200;40.79537582397461
2013-12-05;56.709999084472656;56.7400016784668;55.75;55.81999969482422;21324900;39.81813049316406
2013-12-06;56.56999969482422;56.7599983215332;55.619998931884766;56.060001373291016;18661200;39.98933410644531
2013-12-09;56.279998779296875;56.529998779296875;56.09000015258789;56.5099983215332;12714000;40.310325622558594
2013-12-10;56.4900016784668;57.06999969482422;56.349998474121094;56.70000076293945;14543700;40.44586181640625
2013-12-11;56.540000915527344;56.77000045776367;55.959999084472656;56.06999969482422;17836100;39.99646759033203
2013-12-12;56.04999923706055;56.599998474121094;55.90999984741211;56.310001373291016;15325300;40.16766357421875
2013-12-13;56.369998931884766;56.560001373291016;56.040000915527344;56.16999816894531;11461300;40.06779098510742
2013-12-16;56.34000015258789;56.939998626708984;56.33000183105469;56.41999816894531;26379200;40.246124267578125
2013-12-17;56.65999984741211;56.65999984741211;55.65999984741211;55.720001220703125;18338500;39.746788024902344
2013-12-18;55.84000015258789;57.27000045776367;55.400001525878906;57.2400016784668;27685900;40.8310661315918
2013-12-19;57.099998474121094;57.540000915527344;56.81999969482422;57.22999954223633;16790000;40.82392883300781
2013-12-20;57.209999084472656;58.0;57.20000076293945;57.70000076293945;22001700;41.1591911315918
2013-12-23;57.970001220703125;58.38999938964844;57.79999923706055;58.2400016784668;13990600;41.54438018798828
2013-12-24;58.06999969482422;58.290000915527344;58.040000915527344;58.25;4532600;41.5515251159668
2013-12-26;58.349998474121094;58.459999084472656;57.91999816894531;58.20000076293945;6677000;41.51585006713867
2013-12-27;58.16999816894531;58.349998474121094;58.060001373291016;58.13999938964844;8943700;41.473052978515625
2013-12-30;58.13999938964844;58.27000045776367;57.709999084472656;57.95000076293945;8815800;41.337520599365234
2013-12-31;58.20000076293945;58.54999923706055;58.04999923706055;58.47999954223633;11017400;41.7155876159668
2014-01-02;58.310001373291016;58.5;57.970001220703125;58.209999084472656;15627600;41.79457473754883
2014-01-03;58.290000915527344;58.95000076293945;58.209999084472656;58.65999984741211;14214100;42.117645263671875
2014-01-06;59.15999984741211;59.470001220703125;58.83000183105469;59.0;17550700;42.36178970336914
2014-01-07;59.290000915527344;59.43000030517578;58.11000061035156;58.31999969482422;17851200;41.873538970947266
2014-01-08;58.540000915527344;58.90999984741211;58.29999923706055;58.869998931884766;14687400;42.26844024658203
2014-01-09;58.97999954223633;59.0;58.33000183105469;58.7599983215332;13242500;42.189476013183594
2014-01-10;58.66999816894531;58.7599983215332;58.18000030517578;58.4900016784668;12694900;41.99559783935547
2014-01-13;58.5099983215332;58.66999816894531;57.529998779296875;57.70000076293945;20711600;41.42838668823242
2014-01-14;58.29999923706055;58.58000183105469;57.560001373291016;57.7400016784668;30272400;41.45711135864258
2014-01-15;57.72999954223633;59.650001525878906;57.72999954223633;59.4900016784668;35186600;42.71360778808594
2014-01-16;58.790000915527344;59.81999969482422;58.7400016784668;58.9900016784668;21689400;42.3546142578125
2014-01-17;59.209999084472656;59.22999954223633;58.029998779296875;58.11000061035156;20997900;41.72276306152344
2014-01-21;58.09000015258789;58.439998626708984;57.58000183105469;58.16999816894531;19548300;41.765846252441406
2014-01-22;58.33000183105469;58.33000183105469;57.41999816894531;57.59000015258789;15433500;41.349395751953125
2014-01-23;57.09000015258789;57.099998474121094;56.209999084472656;56.470001220703125;26234600;40.54525375366211
2014-01-24;56.0;56.36000061035156;55.09000015258789;55.09000015258789;26833100;39.554412841796875
2014-01-27;55.08000183105469;55.79999923706055;54.689998626708984;55.09000015258789;23935000;39.554412841796875
2014-01-28;55.38999938964844;56.34000015258789;55.2400016784668;55.7400016784668;18041000;40.021121978759766
2014-01-29;54.959999084472656;55.869998931884766;54.849998474121094;55.529998779296875;25459000;39.87032699584961
2014-01-30;56.06999969482422;56.38999938964844;55.630001068115234;56.0;17031100;40.207794189453125
2014-01-31;55.5;56.11000061035156;55.18000030517578;55.36000061035156;18174000;39.74828338623047
2014-02-03;55.5;55.91999816894531;54.20000076293945;54.310001373291016;28549900;38.994380950927734
2014-02-04;54.720001220703125;55.349998474121094;54.599998474121094;54.95000076293945;20709300;39.45390701293945
2014-02-05;55.099998474121094;55.45000076293945;54.58000183105469;55.209999084472656;19491600;39.64057540893555
2014-02-06;55.349998474121094;56.54999923706055;55.20000076293945;56.47999954223633;20881600;40.552433013916016
2014-02-07;56.650001525878906;56.93000030517578;56.2599983215332;56.619998931884766;23388500;40.65293884277344
2014-02-10;56.77000045776367;56.91999816894531;56.38999938964844;56.7400016784668;14715200;40.73912048339844
2014-02-11;56.61000061035156;57.56999969482422;56.58000183105469;57.43000030517578;18774100;41.234535217285156
2014-02-12;57.34000015258789;57.709999084472656;57.15999984741211;57.52000045776367;13437900;41.299156188964844
2014-02-13;57.06999969482422;58.099998474121094;56.959999084472656;58.029998779296875;16605500;41.66532516479492
2014-02-14;57.88999938964844;58.22999954223633;57.75;58.150001525878906;13067300;41.751487731933594
2014-02-18;58.02000045776367;58.650001525878906;57.900001525878906;58.4900016784668;14983800;41.99559783935547
2014-02-19;58.36000061035156;58.540000915527344;57.220001220703125;57.2599983215332;18669900;41.112464904785156
2014-02-20;57.529998779296875;57.970001220703125;57.27000045776367;57.58000183105469;12457000;41.34223175048828
2014-02-21;57.59000015258789;57.84000015258789;57.369998931884766;57.61000061035156;16790100;41.363773345947266
2014-02-24;57.619998931884766;58.22999954223633;57.58000183105469;58.029998779296875;16151400;41.66532516479492
2014-02-25;57.900001525878906;57.97999954223633;56.91999816894531;57.029998779296875;17991800;40.94733810424805
2014-02-26;57.369998931884766;57.380001068115234;56.220001220703125;56.75;23661700;40.74628829956055
2014-02-27;56.779998779296875;56.88999938964844;56.13999938964844;56.689998626708984;16277500;40.70320510864258
2014-02-28;56.56999969482422;57.45000076293945;56.38999938964844;56.81999969482422;18599000;40.79655075073242
2014-03-03;56.29999923706055;56.41999816894531;55.689998626708984;56.209999084472656;19151000;40.35857391357422
2014-03-04;56.95000076293945;57.36000061035156;56.63999938964844;57.2599983215332;17157000;41.112464904785156
2014-03-05;57.47999954223633;58.290000915527344;57.36000061035156;58.15999984741211;17761500;41.75867462158203
2014-03-06;58.5099983215332;59.09000015258789;58.400001525878906;58.900001525878906;19420600;42.28998565673828
2014-03-07;59.349998474121094;59.79999923706055;59.06999969482422;59.400001525878906;18602200;42.648983001708984
2014-03-10;59.13999938964844;59.47999954223633;58.869998931884766;59.20000076293945;16945200;42.5053825378418
2014-03-11;59.41999816894531;59.45000076293945;58.130001068115234;58.189998626708984;19420000;41.78019714355469
2014-03-12;57.70000076293945;57.959999084472656;57.41999816894531;57.91999816894531;17932100;41.58634948730469
2014-03-13;58.0;58.34000015258789;57.189998626708984;57.41999816894531;17192500;41.22734451293945
2014-03-14;57.11000061035156;57.529998779296875;56.619998931884766;56.79999923706055;18635800;40.782188415527344
2014-03-17;57.209999084472656;57.70000076293945;57.04999923706055;57.58000183105469;13581400;41.34223175048828
2014-03-18;57.81999969482422;58.15999984741211;57.619998931884766;58.060001373291016;12554800;41.68686294555664
2014-03-19;57.9900016784668;58.93000030517578;57.88999938964844;58.29999923706055;21450700;41.85918426513672
2014-03-20;58.36000061035156;60.4900016784668;58.130001068115234;60.11000061035156;33736500;43.158756256103516
2014-03-21;60.959999084472656;61.20000076293945;60.0;60.16999816894531;35144100;43.20183563232422
2014-03-24;60.369998931884766;61.189998626708984;60.349998474121094;61.06999969482422;25810500;43.84803009033203
2014-03-25;61.11000061035156;61.47999954223633;60.560001373291016;60.93000030517578;24053500;43.747520446777344
2014-03-26;61.2400016784668;61.400001525878906;59.88999938964844;59.900001525878906;22745200;43.007972717285156
2014-03-27;59.939998626708984;60.54999923706055;59.02000045776367;59.91999816894531;24632600;43.022335052490234
2014-03-28;60.209999084472656;60.59000015258789;59.68000030517578;60.040000915527344;14708700;43.10850143432617
2014-03-31;60.83000183105469;61.02000045776367;60.599998474121094;60.709999084472656;15216700;43.58955383300781
2014-04-01;60.95000076293945;61.290000915527344;60.369998931884766;60.66999816894531;14584400;43.56083679199219
2014-04-02;60.369998931884766;60.77000045776367;60.20000076293945;60.47999954223633;14012200;43.6981201171875
2014-04-03;60.650001525878906;60.79999923706055;60.279998779296875;60.65999984741211;11925200;43.82816696166992
2014-04-04;61.02000045776367;61.060001373291016;59.79999923706055;59.810001373291016;16966900;43.214027404785156
2014-04-07;59.689998626708984;60.0;58.84000015258789;59.0;18685700;42.628787994384766
2014-04-08;58.79999923706055;59.02000045776367;58.25;58.849998474121094;16956500;42.52040100097656
2014-04-09;59.099998474121094;59.45000076293945;58.5;59.27000045776367;15308400;42.82386016845703
2014-04-10;59.349998474121094;59.38999938964844;57.380001068115234;57.400001525878906;29977200;41.47274398803711
2014-04-11;55.18000030517578;56.04999923706055;54.54999923706055;55.29999923706055;47241300;39.9554557800293
2014-04-14;55.849998474121094;55.939998626708984;54.47999954223633;54.959999084472656;31081500;39.70979309082031
2014-04-15;55.09000015258789;55.63999938964844;54.349998474121094;54.79999923706055;26691400;39.59418487548828
2014-04-16;55.0;55.349998474121094;54.689998626708984;55.2599983215332;27049400;39.92654800415039
2014-04-17;55.34000015258789;55.56999969482422;55.0099983215332;55.220001220703125;17955400;39.89765548706055
2014-04-21;55.2599983215332;55.40999984741211;54.9900016784668;55.029998779296875;12384800;39.760372161865234
2014-04-22;55.040000915527344;56.08000183105469;54.939998626708984;55.810001373291016;16257600;40.32393264770508
2014-04-23;55.79999923706055;56.119998931884766;55.560001373291016;56.04999923706055;11379000;40.49734878540039
2014-04-24;56.06999969482422;56.2599983215332;55.61000061035156;56.189998626708984;15360600;40.598514556884766
2014-04-25;56.310001373291016;56.349998474121094;55.63999938964844;55.70000076293945;15937700;40.24445724487305
2014-04-28;55.630001068115234;55.70000076293945;54.68000030517578;55.4900016784668;21394100;40.092735290527344
2014-04-29;55.72999954223633;56.310001373291016;55.56999969482422;56.099998474121094;13453400;40.53346633911133
2014-04-30;56.2400016784668;56.349998474121094;55.720001220703125;55.97999954223633;14388100;40.4467658996582
2014-05-01;55.91999816894531;56.189998626708984;55.5;55.720001220703125;12744600;40.258907318115234
2014-05-02;55.83000183105469;56.369998931884766;55.439998626708984;55.58000183105469;15153800;40.15775680541992
2014-05-05;53.880001068115234;54.7400016784668;53.70000076293945;54.220001220703125;25232300;39.175140380859375
2014-05-06;54.040000915527344;54.060001373291016;53.31999969482422;53.34000015258789;25327400;38.539310455322266
2014-05-07;53.54999923706055;54.119998931884766;53.2400016784668;54.04999923706055;18502600;39.052303314208984
2014-05-08;54.20000076293945;54.529998779296875;54.060001373291016;54.36000061035156;16090800;39.276283264160156
2014-05-09;54.220001220703125;54.310001373291016;53.68000030517578;54.0099983215332;12366500;39.02338790893555
2014-05-12;54.27000045776367;54.70000076293945;54.029998779296875;54.650001525878906;12825500;39.485809326171875
2014-05-13;54.7400016784668;54.83000183105469;54.5;54.619998931884766;12310700;39.46413040161133
2014-05-14;54.63999938964844;54.70000076293945;54.29999923706055;54.36000061035156;10325800;39.276283264160156
2014-05-15;54.20000076293945;54.20000076293945;53.349998474121094;53.5099983215332;19763000;38.66213607788086
2014-05-16;53.41999816894531;53.5099983215332;52.970001220703125;53.310001373291016;19992400;38.517642974853516
2014-05-19;53.08000183105469;53.90999984741211;53.060001373291016;53.83000183105469;12068900;38.89335250854492
2014-05-20;53.720001220703125;54.040000915527344;53.40999984741211;53.720001220703125;16888200;38.81386947631836
2014-05-21;54.04999923706055;54.599998474121094;53.97999954223633;54.119998931884766;13210200;39.102874755859375
2014-05-22;54.16999816894531;54.599998474121094;54.02000045776367;54.54999923706055;11800900;39.41356658935547
2014-05-23;54.54999923706055;54.59000015258789;54.15999984741211;54.529998779296875;10876500;39.39909744262695
2014-05-27;54.75;55.43000030517578;54.689998626708984;55.13999938964844;14503700;39.8398551940918
2014-05-28;55.09000015258789;55.599998474121094;55.0;55.45000076293945;11374900;40.0638313293457
2014-05-29;55.75;55.91999816894531;55.38999938964844;55.720001220703125;11741000;40.258907318115234
2014-05-30;55.58000183105469;55.880001068115234;55.310001373291016;55.56999969482422;11991900;40.15053176879883
2014-06-02;55.650001525878906;55.650001525878906;55.02000045776367;55.349998474121094;9440000;39.99158477783203
2014-06-03;55.09000015258789;55.65999984741211;55.09000015258789;55.599998474121094;9131500;40.17221450805664
2014-06-04;55.52000045776367;55.72999954223633;55.25;55.68000030517578;9727800;40.22999954223633
2014-06-05;55.90999984741211;56.65999984741211;55.4900016784668;56.630001068115234;16803400;40.916412353515625
2014-06-06;56.7599983215332;57.130001068115234;56.650001525878906;56.970001220703125;15399800;41.16206359863281
2014-06-09;56.90999984741211;57.66999816894531;56.900001525878906;57.41999816894531;11999700;41.4871940612793
2014-06-10;57.470001220703125;57.939998626708984;57.38999938964844;57.900001525878906;11609200;41.83400344848633
2014-06-11;57.47999954223633;57.790000915527344;56.97999954223633;57.27000045776367;14232200;41.378822326660156
2014-06-12;57.06999969482422;57.41999816894531;56.869998931884766;57.040000915527344;11670200;41.21263122558594
2014-06-13;57.029998779296875;57.66999816894531;56.880001068115234;57.040000915527344;12040800;41.21263122558594
2014-06-16;56.849998474121094;56.95000076293945;56.33000183105469;56.869998931884766;11199100;41.089805603027344
2014-06-17;56.790000915527344;57.59000015258789;56.68000030517578;57.41999816894531;11200500;41.4871940612793
2014-06-18;57.290000915527344;57.810001373291016;56.95000076293945;57.779998779296875;13729400;41.74730682373047
2014-06-19;57.689998626708984;57.689998626708984;57.209999084472656;57.29999923706055;11624400;41.4005012512207
2014-06-20;57.689998626708984;57.77000045776367;57.349998474121094;57.54999923706055;17124800;41.581138610839844
2014-06-23;57.540000915527344;58.220001220703125;57.2400016784668;58.189998626708984;16007700;42.04353332519531
2014-06-24;57.880001068115234;58.119998931884766;57.29999923706055;57.41999816894531;12322900;41.4871940612793
2014-06-25;57.220001220703125;57.7400016784668;56.869998931884766;57.529998779296875;14836600;41.56667709350586
2014-06-26;57.34000015258789;57.4900016784668;56.599998474121094;57.38999938964844;11854400;41.46553039550781
2014-06-27;57.33000183105469;57.70000076293945;57.2400016784668;57.529998779296875;10178600;41.56667709350586
2014-06-30;57.439998626708984;57.779998779296875;57.380001068115234;57.619998931884766;11549000;41.63170623779297
2014-07-01;57.150001525878906;57.9900016784668;57.08000183105469;57.56999969482422;14472200;41.88636016845703
2014-07-02;57.27000045776367;57.47999954223633;56.81999969482422;56.970001220703125;19189900;41.44981002807617
2014-07-03;57.22999954223633;57.650001525878906;57.0;57.04999923706055;12599800;41.508026123046875
2014-07-07;56.88999938964844;56.9900016784668;56.400001525878906;56.66999816894531;13916100;41.231536865234375
2014-07-08;56.349998474121094;56.470001220703125;55.630001068115234;55.7599983215332;18343400;40.56944274902344
2014-07-09;55.880001068115234;56.119998931884766;55.61000061035156;56.02000045776367;10914300;40.758609771728516
2014-07-10;55.060001373291016;55.810001373291016;54.959999084472656;55.560001373291016;12436600;40.42393493652344
2014-07-11;55.290000915527344;55.90999984741211;55.189998626708984;55.79999923706055;10230000;40.598548889160156
2014-07-14;56.529998779296875;56.84000015258789;56.20000076293945;56.290000915527344;14004400;40.95506286621094
2014-07-15;57.95000076293945;58.689998626708984;57.7599983215332;58.27000045776367;36178000;42.39565658569336
2014-07-16;58.5099983215332;58.97999954223633;58.310001373291016;58.709999084472656;20507500;42.715789794921875
2014-07-17;58.560001373291016;58.86000061035156;57.7599983215332;57.86000061035156;17013500;42.09736251831055
2014-07-18;58.33000183105469;58.47999954223633;57.900001525878906;58.22999954223633;12803300;42.36654281616211
2014-07-21;58.119998931884766;58.40999984741211;57.900001525878906;58.2400016784668;9141400;42.37383270263672
2014-07-22;58.41999816894531;58.79999923706055;58.369998931884766;58.66999816894531;10375200;42.686676025390625
2014-07-23;58.7599983215332;59.189998626708984;58.52000045776367;59.0;11122100;42.92677688598633
2014-07-24;59.06999969482422;59.349998474121094;58.9900016784668;59.16999816894531;9844100;43.05046463012695
2014-07-25;58.91999816894531;59.27000045776367;58.84000015258789;59.0099983215332;10500600;42.93406295776367
2014-07-28;58.939998626708984;59.2599983215332;58.66999816894531;59.189998626708984;12382800;43.06501770019531
2014-07-29;59.130001068115234;59.130001068115234;58.439998626708984;58.63999938964844;13498800;42.664852142333984
2014-07-30;59.02000045776367;59.279998779296875;58.61000061035156;58.90999984741211;11815700;42.86129379272461
2014-07-31;58.650001525878906;58.68000030517578;57.65999984741211;57.66999816894531;15955900;41.959110260009766
2014-08-01;57.38999938964844;57.4900016784668;55.970001220703125;56.47999954223633;23915400;41.09329605102539
2014-08-04;56.90999984741211;56.97999954223633;56.34000015258789;56.650001525878906;13543900;41.21699523925781
2014-08-05;56.43000030517578;56.599998474121094;55.599998474121094;56.060001373291016;16863300;40.787715911865234
2014-08-06;55.88999938964844;56.689998626708984;55.83000183105469;56.22999954223633;12190600;40.911407470703125
2014-08-07;56.630001068115234;56.689998626708984;55.68000030517578;55.90999984741211;11743800;40.6785888671875
2014-08-08;55.88999938964844;56.36000061035156;55.63999938964844;56.34000015258789;12213200;40.9914436340332
2014-08-11;56.540000915527344;56.58000183105469;56.16999816894531;56.31999969482422;9066800;40.976890563964844
2014-08-12;56.22999954223633;56.54999923706055;56.130001068115234;56.349998474121094;11289600;40.99872589111328
2014-08-13;56.689998626708984;56.84000015258789;56.5099983215332;56.720001220703125;7012600;41.267913818359375
2014-08-14;56.77000045776367;57.0;56.70000076293945;56.97999954223633;8275900;41.45709228515625
2014-08-15;57.2400016784668;57.5;56.38999938964844;56.75;12727400;41.289737701416016
2014-08-18;56.86000061035156;57.43000030517578;56.7599983215332;57.22999954223633;8881400;41.63898468017578
2014-08-19;57.599998474121094;57.720001220703125;57.34000015258789;57.560001373291016;9040500;41.87908935546875
2014-08-20;57.41999816894531;57.849998474121094;57.38999938964844;57.63999938964844;8121400;41.93727493286133
2014-08-21;57.65999984741211;58.77000045776367;57.599998474121094;58.5;12745500;42.563018798828125
2014-08-22;58.439998626708984;59.08000183105469;58.33000183105469;58.4900016784668;10228600;42.55571365356445
2014-08-25;58.97999954223633;59.83000183105469;58.86000061035156;59.34000015258789;13996800;43.17415237426758
2014-08-26;59.56999969482422;59.95000076293945;59.38999938964844;59.7400016784668;10281100;43.46518325805664
2014-08-27;59.849998474121094;59.95000076293945;59.529998779296875;59.59000015258789;11410900;43.35604476928711
2014-08-28;59.25;59.369998931884766;58.810001373291016;59.15999984741211;9096100;43.04319381713867
2014-08-29;59.34000015258789;59.650001525878906;59.22999954223633;59.45000076293945;8897900;43.254188537597656
2014-09-02;59.459999084472656;59.709999084472656;59.150001525878906;59.66999816894531;8671100;43.41425704956055
2014-09-03;60.02000045776367;60.369998931884766;59.459999084472656;59.70000076293945;11791800;43.436100006103516
2014-09-04;59.630001068115234;60.13999938964844;59.43000030517578;59.709999084472656;9811900;43.443363189697266
2014-09-05;59.619998931884766;59.90999984741211;59.220001220703125;59.90999984741211;9600900;43.588871002197266
2014-09-08;59.84000015258789;60.220001220703125;59.7400016784668;59.88999938964844;8090000;43.574310302734375
2014-09-09;59.630001068115234;59.68000030517578;58.779998779296875;59.060001373291016;14868700;42.970436096191406
2014-09-10;59.150001525878906;59.560001373291016;58.91999816894531;59.220001220703125;9153800;43.08684539794922
2014-09-11;59.18000030517578;59.84000015258789;58.970001220703125;59.7599983215332;11467000;43.47972869873047
2014-09-12;59.79999923706055;60.40999984741211;59.75;60.029998779296875;14359100;43.676177978515625
2014-09-15;59.779998779296875;59.9900016784668;59.45000076293945;59.939998626708984;10685600;43.6107063293457
2014-09-16;59.709999084472656;60.20000076293945;59.619998931884766;59.9900016784668;10947900;43.6470832824707
2014-09-17;59.95000076293945;60.59000015258789;59.81999969482422;60.310001373291016;15091800;43.879905700683594
2014-09-18;60.540000915527344;61.400001525878906;60.540000915527344;61.31999969482422;16973700;44.61476135253906
2014-09-19;61.7400016784668;61.849998474121094;60.97999954223633;61.11000061035156;18739300;44.46195602416992
2014-09-22;60.939998626708984;61.45000076293945;60.79999923706055;60.90999984741211;13225200;44.31644821166992
2014-09-23;60.81999969482422;61.400001525878906;60.77000045776367;60.939998626708984;14328800;44.33827590942383
2014-09-24;61.18000030517578;61.63999938964844;61.02000045776367;61.630001068115234;13728200;44.840293884277344
2014-09-25;61.4900016784668;61.5;60.150001525878906;60.150001525878906;16340100;43.763484954833984
2014-09-26;60.33000183105469;60.880001068115234;60.31999969482422;60.560001373291016;11948900;44.061798095703125
2014-09-29;60.029998779296875;60.5;59.72999954223633;60.33000183105469;10686500;43.89445495605469
2014-09-30;60.400001525878906;60.7400016784668;60.130001068115234;60.2400016784668;14384800;43.8289794921875
2014-10-01;60.2400016784668;60.400001525878906;59.72999954223633;59.77000045776367;18995800;43.48701477050781
2014-10-02;59.150001525878906;59.4900016784668;58.61000061035156;58.84000015258789;24559100;43.09880065917969
2014-10-03;59.25;60.38999938964844;59.04999923706055;60.29999923706055;18321100;44.1682243347168
2014-10-06;60.779998779296875;60.79999923706055;60.0;60.18000030517578;11578000;44.0803108215332
2014-10-07;59.91999816894531;59.91999816894531;59.189998626708984;59.27000045776367;14542000;43.413761138916016
2014-10-08;59.36000061035156;60.43000030517578;59.18000030517578;60.400001525878906;15834100;44.24146270751953
2014-10-09;60.33000183105469;60.33000183105469;58.88999938964844;59.08000183105469;19189500;43.274600982666016
2014-10-10;59.029998779296875;59.81999969482422;58.5099983215332;58.52000045776367;16689400;42.864418029785156
2014-10-13;58.5;59.150001525878906;58.11000061035156;58.15999984741211;17169300;42.60072326660156
2014-10-14;56.689998626708984;58.52000045776367;56.060001373291016;57.9900016784668;29096800;42.4762077331543
2014-10-15;57.02000045776367;57.380001068115234;54.2599983215332;55.529998779296875;37866900;40.67430877685547
2014-10-16;54.75;55.97999954223633;54.279998779296875;55.08000183105469;31965100;40.34469985961914
2014-10-17;55.72999954223633;56.779998779296875;55.56999969482422;56.20000076293945;20183500;41.165069580078125
2014-10-20;56.099998474121094;56.75;56.06999969482422;56.630001068115234;10807600;41.48004150390625
2014-10-21;57.22999954223633;58.0099983215332;57.08000183105469;57.93000030517578;14020400;42.4322395324707
2014-10-22;58.040000915527344;58.2599983215332;57.439998626708984;57.45000076293945;13750700;42.0806770324707
2014-10-23;58.119998931884766;58.599998474121094;57.939998626708984;58.060001373291016;12641900;42.52747344970703
2014-10-24;58.0;58.779998779296875;58.0;58.7400016784668;13758000;43.02556610107422
2014-10-27;58.45000076293945;58.790000915527344;58.25;58.63999938964844;11087100;42.95230484008789
2014-10-28;58.869998931884766;59.689998626708984;58.810001373291016;59.630001068115234;13625000;43.677459716796875
2014-10-29;59.619998931884766;59.779998779296875;58.7599983215332;59.290000915527344;16712100;43.42842483520508
2014-10-30;58.939998626708984;59.68000030517578;58.91999816894531;59.38999938964844;14709800;43.501670837402344
2014-10-31;60.119998931884766;60.540000915527344;59.869998931884766;60.47999954223633;18347600;44.3000602722168
2014-11-03;60.790000915527344;61.150001525878906;60.36000061035156;60.880001068115234;11841200;44.593055725097656
2014-11-04;60.2400016784668;60.369998931884766;59.41999816894531;60.25;15295800;44.131595611572266
2014-11-05;60.79999923706055;61.22999954223633;60.38999938964844;61.150001525878906;14063800;44.79083251953125
2014-11-06;61.08000183105469;61.310001373291016;60.630001068115234;61.22999954223633;10421600;44.84941864013672
2014-11-07;61.06999969482422;61.54999923706055;60.86000061035156;61.470001220703125;12384600;45.02520751953125
2014-11-10;61.25;61.93000030517578;61.20000076293945;61.93000030517578;10801000;45.362152099609375
2014-11-11;61.709999084472656;61.88999938964844;61.290000915527344;61.369998931884766;12539800;44.95197296142578
2014-11-12;60.41999816894531;60.84000015258789;60.22999954223633;60.560001373291016;17219600;44.35866165161133
2014-11-13;60.5;60.630001068115234;59.9900016784668;60.22999954223633;12240400;44.116943359375
2014-11-14;60.25;60.619998931884766;60.18000030517578;60.279998779296875;6803400;44.153564453125
2014-11-17;60.0;60.529998779296875;59.88999938964844;60.380001068115234;9017600;44.2268180847168
2014-11-18;60.349998474121094;60.81999969482422;60.20000076293945;60.529998779296875;8897800;44.3366813659668
2014-11-19;60.45000076293945;60.790000915527344;60.150001525878906;60.599998474121094;9210100;44.387962341308594
2014-11-20;60.20000076293945;60.25;59.75;60.119998931884766;10917300;44.036373138427734
2014-11-21;61.06999969482422;61.06999969482422;60.29999923706055;60.45000076293945;12340500;44.27808380126953
2014-11-24;60.70000076293945;61.310001373291016;60.70000076293945;60.959999084472656;8335000;44.65163803100586
2014-11-25;61.15999984741211;61.15999984741211;59.95000076293945;60.29999923706055;14802600;44.1682243347168
2014-11-26;60.56999969482422;60.56999969482422;60.20000076293945;60.34000015258789;7626600;44.197509765625
2014-11-28;60.400001525878906;60.560001373291016;60.029998779296875;60.15999984741211;6759600;44.0656623840332
2014-12-01;59.97999954223633;60.209999084472656;59.54999923706055;60.0;12771600;43.94846725463867
2014-12-02;60.0099983215332;61.189998626708984;60.0;61.08000183105469;12546600;44.739540100097656
2014-12-03;60.959999084472656;61.619998931884766;60.810001373291016;61.540000915527344;12115500;45.07648849487305
2014-12-04;61.099998474121094;61.56999969482422;60.84000015258789;61.380001068115234;11515200;44.95928955078125
2014-12-05;62.0099983215332;63.060001373291016;61.880001068115234;62.70000076293945;20071100;45.92616271972656
2014-12-08;62.599998474121094;63.15999984741211;62.2599983215332;62.66999816894531;15528200;45.9041748046875
2014-12-09;61.849998474121094;62.849998474121094;61.560001373291016;62.45000076293945;19676400;45.743038177490234
2014-12-10;62.15999984741211;62.2400016784668;60.369998931884766;60.68000030517578;29620600;44.44655990600586
2014-12-11;61.16999816894531;62.060001373291016;61.11000061035156;61.13999938964844;16886200;44.78349685668945
2014-12-12;60.529998779296875;61.220001220703125;59.959999084472656;60.040000915527344;17405400;43.97777557373047
2014-12-15;60.7400016784668;60.810001373291016;58.790000915527344;59.15999984741211;19209900;43.33319854736328
2014-12-16;58.41999816894531;59.86000061035156;58.11000061035156;58.43000030517578;20709700;42.798492431640625
2014-12-17;58.56999969482422;59.83000183105469;58.34000015258789;59.77000045776367;17856400;43.780006408691406
2014-12-18;60.63999938964844;61.47999954223633;60.439998626708984;61.47999954223633;18173400;45.03253936767578
2014-12-19;61.400001525878906;62.349998474121094;61.369998931884766;61.93000030517578;22756400;45.362152099609375
2014-12-22;62.15999984741211;62.33000183105469;61.61000061035156;61.939998626708984;17073400;45.369476318359375
2014-12-23;62.04999923706055;62.970001220703125;61.93000030517578;62.47999954223633;13552600;45.76500701904297
2014-12-24;62.7400016784668;62.869998931884766;62.27000045776367;62.47999954223633;7412500;45.76500701904297
2014-12-26;62.66999816894531;62.88999938964844;62.40999984741211;62.54999923706055;6086500;45.816287994384766
2014-12-29;62.41999816894531;63.34000015258789;62.25;62.959999084472656;10601200;46.11659240722656
2014-12-30;62.720001220703125;63.279998779296875;62.56999969482422;63.150001525878906;7518100;46.25576400756836
2014-12-31;63.29999923706055;63.4900016784668;62.58000183105469;62.58000183105469;18529400;45.83824157714844
2015-01-02;62.18000030517578;62.959999084472656;62.06999969482422;62.4900016784668;12600000;46.0667839050293
2015-01-05;62.060001373291016;62.279998779296875;60.22999954223633;60.54999923706055;20100600;44.63665008544922
2015-01-06;60.63999938964844;60.75;58.349998474121094;58.97999954223633;29074100;43.479270935058594
2015-01-07;59.88999938964844;59.88999938964844;58.66999816894531;59.06999969482422;23843200;43.54560089111328
2015-01-08;59.970001220703125;60.900001525878906;59.970001220703125;60.38999938964844;16971100;44.51869583129883
2015-01-09;60.720001220703125;60.790000915527344;59.290000915527344;59.34000015258789;15396200;43.744651794433594
2015-01-12;59.279998779296875;59.400001525878906;58.27000045776367;58.83000183105469;15455200;43.36867904663086
2015-01-13;59.2599983215332;59.70000076293945;58.369998931884766;58.84000015258789;21644700;43.37604904174805
2015-01-14;58.84000015258789;58.84000015258789;55.27000045776367;56.810001373291016;49602300;41.87957000732422
2015-01-15;55.72999954223633;56.61000061035156;54.5;54.9900016784668;42458100;40.53788757324219
2015-01-16;54.65999984741211;56.0;54.63999938964844;55.93000030517578;29368900;41.2308464050293
2015-01-20;56.040000915527344;56.38999938964844;55.41999816894531;55.709999084472656;23477700;41.068668365478516
2015-01-21;55.45000076293945;56.41999816894531;55.189998626708984;55.88999938964844;21842400;41.201358795166016
2015-01-22;56.380001068115234;57.72999954223633;55.959999084472656;57.59000015258789;31423500;42.45456314086914
2015-01-23;57.720001220703125;57.869998931884766;56.65999984741211;56.68000030517578;15458300;41.78372573852539
2015-01-26;56.40999984741211;56.9900016784668;56.20000076293945;56.77000045776367;12577700;41.85007858276367
2015-01-27;56.04999923706055;56.61000061035156;55.7599983215332;56.20000076293945;15220500;41.42987823486328
2015-01-28;56.619998931884766;56.68000030517578;54.75;54.75;24354400;40.360965728759766
2015-01-29;55.27000045776367;55.88999938964844;54.68000030517578;55.66999816894531;20393300;41.03917694091797
2015-01-30;54.9900016784668;55.5;54.369998931884766;54.380001068115234;26943700;40.08820724487305
2015-02-02;54.529998779296875;55.650001525878906;54.27000045776367;55.470001220703125;20308900;40.8917350769043
2015-02-03;55.90999984741211;56.779998779296875;55.869998931884766;56.720001220703125;18812500;41.81322479248047
2015-02-04;56.31999969482422;57.06999969482422;56.279998779296875;56.380001068115234;14934100;41.56256866455078
2015-02-05;56.86000061035156;57.040000915527344;56.459999084472656;56.77000045776367;11293900;41.85007858276367
2015-02-06;57.75;58.72999954223633;57.540000915527344;57.88999938964844;25214000;42.67573165893555
2015-02-09;57.41999816894531;58.099998474121094;57.22999954223633;57.81999969482422;14372400;42.62412643432617
2015-02-10;58.41999816894531;58.709999084472656;58.04999923706055;58.459999084472656;16367300;43.09592056274414
2015-02-11;58.060001373291016;58.65999984741211;57.84000015258789;58.369998931884766;13061900;43.029571533203125
2015-02-12;58.93000030517578;59.709999084472656;58.54999923706055;59.56999969482422;23211300;43.914188385009766
2015-02-13;59.459999084472656;60.220001220703125;59.34000015258789;59.66999816894531;16479100;43.9879264831543
2015-02-17;59.36000061035156;60.13999938964844;59.31999969482422;60.099998474121094;15308800;44.304901123046875
2015-02-18;60.099998474121094;60.099998474121094;59.119998931884766;59.369998931884766;14278100;43.766754150390625
2015-02-19;59.150001525878906;59.47999954223633;58.79999923706055;59.22999954223633;11256500;43.66355514526367
2015-02-20;58.959999084472656;59.88999938964844;58.349998474121094;59.79999923706055;15379000;44.08375549316406
2015-02-23;59.5;59.529998779296875;58.79999923706055;59.349998474121094;16814000;43.75201416015625
2015-02-24;60.25;61.25;60.08000183105469;60.81999969482422;22937700;44.83567810058594
2015-02-25;60.7599983215332;61.27000045776367;60.75;61.13999938964844;18307900;45.07158660888672
2015-02-26;61.029998779296875;61.70000076293945;60.90999984741211;61.58000183105469;15444800;45.39596176147461
2015-02-27;61.130001068115234;61.91999816894531;61.130001068115234;61.279998779296875;15225900;45.17477798461914
2015-03-02;61.279998779296875;61.83000183105469;61.029998779296875;61.77000045776367;13047300;45.53601837158203
2015-03-03;61.650001525878906;61.9900016784668;61.5;61.970001220703125;13706900;45.6834602355957
2015-03-04;61.63999938964844;62.16999816894531;61.349998474121094;62.130001068115234;16625500;45.801414489746094
2015-03-05;62.20000076293945;62.22999954223633;61.599998474121094;62.0;10931300;45.70556640625
2015-03-06;62.15999984741211;62.869998931884766;60.79999923706055;60.88999938964844;22719200;44.88728713989258
2015-03-09;60.84000015258789;61.630001068115234;60.79999923706055;61.5;13001500;45.33697509765625
2015-03-10;60.7599983215332;61.0099983215332;59.959999084472656;59.959999084472656;16357700;44.20170593261719
2015-03-11;60.130001068115234;60.650001525878906;59.959999084472656;60.2400016784668;13015600;44.40812683105469
2015-03-12;60.650001525878906;61.45000076293945;60.650001525878906;61.369998931884766;18159600;45.241146087646484
2015-03-13;61.400001525878906;61.86000061035156;60.43000030517578;61.0;16506200;44.96837615966797
2015-03-16;61.5;61.91999816894531;61.25;61.849998474121094;15182900;45.5949821472168
2015-03-17;61.34000015258789;61.65999984741211;60.91999816894531;61.61000061035156;11718300;45.418060302734375
2015-03-18;61.38999938964844;62.04999923706055;61.09000015258789;61.75;15697900;45.52126693725586
2015-03-19;61.56999969482422;61.650001525878906;60.7599983215332;61.20000076293945;11523800;45.115821838378906
2015-03-20;61.31999969482422;62.099998474121094;61.150001525878906;61.75;18368300;45.52126693725586
2015-03-23;61.75;62.08000183105469;61.119998931884766;61.13999938964844;15112900;45.07158660888672
2015-03-24;60.970001220703125;61.2400016784668;60.45000076293945;60.459999084472656;12128700;44.57029724121094
2015-03-25;60.529998779296875;60.63999938964844;59.59000015258789;59.61000061035156;14950900;43.94369888305664
2015-03-26;59.459999084472656;59.790000915527344;58.869998931884766;59.540000915527344;14039600;43.89209747314453
2015-03-27;59.4900016784668;59.779998779296875;59.0;59.54999923706055;11755800;43.89945602416992
2015-03-30;60.880001068115234;61.459999084472656;60.61000061035156;60.959999084472656;20656500;44.93888854980469
2015-03-31;60.720001220703125;60.939998626708984;60.41999816894531;60.58000183105469;17346700;44.65876770019531
2015-04-01;60.40999984741211;60.56999969482422;59.72999954223633;59.95000076293945;18100600;44.488075256347656
2015-04-02;60.06999969482422;60.70000076293945;60.0;60.52000045776367;12697800;44.911075592041016
2015-04-06;59.91999816894531;60.75;59.650001525878906;60.470001220703125;12025200;44.87395095825195
2015-04-07;61.150001525878906;61.5;60.849998474121094;60.849998474121094;11505500;45.15593719482422
2015-04-08;61.060001373291016;61.560001373291016;60.939998626708984;61.04999923706055;11734000;45.30437469482422
2015-04-09;61.27000045776367;61.58000183105469;60.83000183105469;61.470001220703125;11728500;45.616058349609375
2015-04-10;61.349998474121094;61.779998779296875;61.20000076293945;61.70000076293945;9869700;45.7867317199707
2015-04-13;61.63999938964844;62.27000045776367;61.5;62.06999969482422;15468700;46.061302185058594
2015-04-14;62.959999084472656;63.61000061035156;62.7400016784668;63.040000915527344;33775400;46.781131744384766
2015-04-15;63.08000183105469;64.4800033569336;63.0099983215332;64.20999908447266;28732200;47.64937210083008
2015-04-16;64.08000183105469;64.2699966430664;63.65999984741211;63.810001373291016;16640500;47.35254669189453
2015-04-17;63.25;63.400001525878906;62.4900016784668;62.84000015258789;20221200;46.63270568847656
2015-04-20;63.220001220703125;63.52000045776367;63.13999938964844;63.2400016784668;12755300;46.92954635620117
2015-04-21;63.33000183105469;63.599998474121094;62.130001068115234;62.310001373291016;14985100;46.23939895629883
2015-04-22;62.650001525878906;63.150001525878906;62.029998779296875;62.939998626708984;14484700;46.70691680908203
2015-04-23;62.790000915527344;63.209999084472656;62.599998474121094;62.79999923706055;12851300;46.60302734375
2015-04-24;62.630001068115234;62.84000015258789;62.34000015258789;62.599998474121094;9597500;46.4546012878418
2015-04-27;62.70000076293945;63.150001525878906;62.310001373291016;62.34000015258789;11146400;46.261680603027344
2015-04-28;62.4900016784668;62.779998779296875;61.77000045776367;62.7599983215332;12307800;46.57334899902344
2015-04-29;62.560001373291016;63.88999938964844;62.459999084472656;63.599998474121094;17601200;47.196685791015625
2015-04-30;63.58000183105469;63.880001068115234;62.91999816894531;63.2599983215332;16840900;46.94438552856445
2015-05-01;63.70000076293945;63.869998931884766;63.33000183105469;63.61000061035156;11640100;47.20412063598633
2015-05-04;63.68000030517578;64.87000274658203;63.63999938964844;64.72000122070312;14972500;48.02782440185547
2015-05-05;64.51000213623047;65.31999969482422;64.29000091552734;64.4000015258789;17692400;47.79035186767578
2015-05-06;64.52999877929688;65.06999969482422;63.41999816894531;63.91999816894531;18087900;47.43417739868164
2015-05-07;63.66999816894531;64.5999984741211;63.25;64.5;15039900;47.86457061767578
2015-05-08;64.97000122070312;65.6500015258789;64.5999984741211;65.48999786376953;16802600;48.59925079345703
2015-05-11;65.26000213623047;65.63999938964844;65.08000183105469;65.44999694824219;13798800;48.56956100463867
2015-05-12;65.30999755859375;65.54000091552734;64.76000213623047;65.36000061035156;12762200;48.502784729003906
2015-05-13;65.41999816894531;65.62999725341797;65.05999755859375;65.5199966430664;11874100;48.621490478515625
2015-05-14;65.83000183105469;66.18000030517578;65.70999908447266;66.05000305175781;11855500;49.01481246948242
2015-05-15;66.12999725341797;66.16000366210938;65.44000244140625;65.87999725341797;11152100;48.88865661621094
2015-05-18;65.80000305175781;66.54000091552734;65.80000305175781;66.41999816894531;10510900;49.28937530517578
2015-05-19;66.7699966430664;67.19000244140625;66.56999969482422;67.01000213623047;14282700;49.72721481323242
2015-05-20;66.94999694824219;67.02999877929688;66.4000015258789;66.4800033569336;12446000;49.33390808105469
2015-05-21;66.13999938964844;66.68000030517578;66.01000213623047;66.6500015258789;12934500;49.46004867553711
2015-05-22;66.62999725341797;66.83000183105469;66.31999969482422;66.47000122070312;9296900;49.326480865478516
2015-05-26;66.19999694824219;66.29000091552734;65.30999755859375;65.7300033569336;15571300;48.777347564697266
2015-05-27;65.94999694824219;66.6500015258789;65.81999969482422;66.47000122070312;10963700;49.326480865478516
2015-05-28;66.36000061035156;66.4000015258789;65.73999786376953;66.19999694824219;11797400;49.1261100769043
2015-05-29;66.18000030517578;66.22000122070312;65.36000061035156;65.77999877929688;14310700;48.814449310302734
2015-06-01;65.98999786376953;66.66000366210938;65.97000122070312;66.08000183105469;11899300;49.037086486816406
2015-06-02;65.83000183105469;66.38999938964844;65.58000183105469;66.0199966430664;12784200;48.99253463745117
2015-06-03;66.43000030517578;67.12999725341797;66.2699966430664;66.69999694824219;12927300;49.49715805053711
2015-06-04;66.30999755859375;67.05000305175781;66.01000213623047;66.33000183105469;13863300;49.222599029541016
2015-06-05;67.37000274658203;67.83999633789062;67.01000213623047;67.41999816894531;20801100;50.03146743774414
2015-06-08;67.45999908447266;67.55000305175781;66.80999755859375;66.88999938964844;14558700;49.638160705566406
2015-06-09;66.94999694824219;67.2699966430664;66.47000122070312;67.18000030517578;13263500;49.85335922241211
2015-06-10;67.58999633789062;68.5;67.47000122070312;68.26000213623047;17478900;50.654808044433594
2015-06-11;68.36000061035156;68.68000030517578;68.1500015258789;68.5199966430664;13739900;50.8477668762207
2015-06-12;68.30999755859375;68.54000091552734;67.87000274658203;68.25;11804700;50.647377014160156
2015-06-15;67.58000183105469;68.20999908447266;67.30000305175781;67.98999786376953;14082300;50.45446014404297
2015-06-16;67.7699966430664;68.5199966430664;67.62000274658203;68.37000274658203;11692800;50.73645782470703
2015-06-17;68.41000366210938;68.68000030517578;68.04000091552734;68.13999938964844;14521900;50.565765380859375
2015-06-18;68.3499984741211;68.81999969482422;67.9000015258789;68.77999877929688;16759600;51.040714263916016
2015-06-19;68.45999908447266;68.66999816894531;67.91999816894531;68.08000183105469;21606400;50.521244049072266
2015-06-22;68.87000274658203;69.29000091552734;68.75;68.95999908447266;14306700;51.17427444458008
2015-06-23;69.3499984741211;69.81999969482422;69.19000244140625;69.75;15736900;51.76053237915039
2015-06-24;69.51000213623047;69.7699966430664;68.91000366210938;69.0199966430664;16995000;51.21880340576172
2015-06-25;69.31999969482422;69.47000122070312;68.63999938964844;68.6500015258789;13314300;50.944217681884766
2015-06-26;68.94000244140625;69.29000091552734;68.7699966430664;68.94999694824219;14489200;51.16686248779297
2015-06-29;67.68000030517578;68.26000213623047;67.16000366210938;67.19999694824219;19934400;49.868202209472656
2015-06-30;67.88999938964844;68.11000061035156;67.16000366210938;67.76000213623047;20677400;50.283782958984375
2015-07-01;68.12000274658203;68.38999938964844;67.77999877929688;68.06999969482422;13964400;50.84397506713867
2015-07-02;67.94999694824219;68.12999725341797;67.19000244140625;67.5199966430664;12822900;50.43315887451172
2015-07-06;66.87999725341797;67.45999908447266;66.54000091552734;67.33000183105469;13527100;50.29125213623047
2015-07-07;67.08999633789062;67.22000122070312;65.30000305175781;66.80000305175781;22421500;49.895362854003906
2015-07-08;66.0;66.16000366210938;65.20999908447266;65.43000030517578;17707200;48.8720588684082
2015-07-09;66.48999786376953;66.69999694824219;65.98999786376953;66.11000061035156;14984700;49.379981994628906
2015-07-10;67.22000122070312;67.4000015258789;66.83000183105469;67.05000305175781;12356100;50.08211898803711
2015-07-13;67.88999938964844;68.13999938964844;67.68000030517578;68.08999633789062;16175600;50.858909606933594
2015-07-14;67.9800033569336;69.0999984741211;67.76000213623047;69.04000091552734;20185100;51.56850051879883
2015-07-15;69.2300033569336;69.43000030517578;68.8499984741211;69.19000244140625;16891600;51.680564880371094
2015-07-16;69.62999725341797;69.94999694824219;69.41000366210938;69.55999755859375;18035700;51.95691680908203
2015-07-17;69.3499984741211;69.48999786376953;68.91999816894531;69.20999908447266;14040700;51.69547653198242
2015-07-20;69.5;69.7699966430664;69.18000030517578;69.26000213623047;11512900;51.73283004760742
2015-07-21;69.16000366210938;69.54000091552734;68.87000274658203;69.0999984741211;11659900;51.61331558227539
2015-07-22;69.27999877929688;70.29000091552734;69.19999694824219;70.08000183105469;15493000;52.345333099365234
2015-07-23;70.19000244140625;70.61000061035156;69.45999908447266;69.63999938964844;14331800;52.01665496826172
2015-07-24;69.44000244140625;69.55999755859375;68.68000030517578;68.91000366210938;12413900;51.471412658691406
2015-07-27;68.1500015258789;68.22000122070312;67.56999969482422;68.01000213623047;16801600;50.79916763305664
2015-07-28;68.55000305175781;68.5999984741211;67.7699966430664;68.05000305175781;14932400;50.829036712646484
2015-07-29;68.31999969482422;69.0999984741211;68.16000366210938;68.94000244140625;13059200;51.493797302246094
2015-07-30;68.93000030517578;69.44999694824219;68.54000091552734;69.04000091552734;10197200;51.56850051879883
2015-07-31;69.01000213623047;69.04000091552734;68.4000015258789;68.52999877929688;11911800;51.18756866455078
2015-08-03;68.58999633789062;68.83999633789062;68.0;68.52999877929688;9980600;51.18756866455078
2015-08-04;68.47000122070312;68.94999694824219;68.30999755859375;68.45999908447266;10964000;51.135292053222656
2015-08-05;69.05000305175781;69.41999816894531;68.55999755859375;68.7300033569336;11302900;51.33695983886719
2015-08-06;68.75;68.94000244140625;68.0;68.25;10803400;50.9784049987793
2015-08-07;68.33000183105469;68.73999786376953;67.55000305175781;68.05000305175781;11453300;50.829036712646484
2015-08-10;68.22000122070312;69.01000213623047;68.22000122070312;68.88999938964844;12661400;51.45647430419922
2015-08-11;68.2300033569336;68.4000015258789;67.8499984741211;68.2300033569336;14800300;50.96349334716797
2015-08-12;67.41000366210938;67.55000305175781;66.06999969482422;67.23999786376953;21069000;50.22401428222656
2015-08-13;67.25;67.80000305175781;66.97000122070312;67.55000305175781;11930600;50.4555778503418
2015-08-14;67.41999816894531;67.91000366210938;67.4000015258789;67.88999938964844;11248800;50.70952224731445
2015-08-17;67.62000274658203;68.23999786376953;67.4000015258789;68.06999969482422;10326500;50.84397506713867
2015-08-18;67.9800033569336;68.36000061035156;67.83999633789062;68.20999908447266;10617500;50.94853591918945
2015-08-19;67.93000030517578;68.30999755859375;67.36000061035156;67.5999984741211;15198200;50.49291229248047
2015-08-20;66.80999755859375;67.04000091552734;65.94000244140625;65.94000244140625;20972300;49.25300979614258
2015-08-21;65.08999633789062;65.44000244140625;63.56999969482422;63.599998474121094;28235500;47.505165100097656
2015-08-24;59.290000915527344;62.91999816894531;50.06999969482422;60.25;36339100;45.002933502197266
2015-08-25;63.099998474121094;63.31999969482422;59.72999954223633;59.90999984741211;31772500;44.74897003173828
2015-08-26;61.79999923706055;62.97999954223633;60.54999923706055;62.90999984741211;33576800;46.989784240722656
2015-08-27;63.97999954223633;64.7300033569336;63.13999938964844;64.4800033569336;29045700;48.1624755859375
2015-08-28;64.29000091552734;64.45999908447266;63.599998474121094;64.12999725341797;16687300;47.90105438232422
2015-08-31;63.61000061035156;64.3499984741211;63.470001220703125;64.0999984741211;14223400;47.87864685058594
2015-09-01;62.849998474121094;62.849998474121094;60.9900016784668;61.45000076293945;23637300;45.89926528930664
2015-09-02;62.619998931884766;62.90999984741211;61.540000915527344;62.56999969482422;17757900;46.735836029052734
2015-09-03;62.880001068115234;63.65999984741211;62.45000076293945;62.68000030517578;17065400;46.81798553466797
2015-09-04;61.79999923706055;61.91999816894531;60.75;61.5;20189000;45.936607360839844
2015-09-08;62.77000045776367;63.20000076293945;62.33000183105469;63.15999984741211;13385100;47.176513671875
2015-09-09;63.939998626708984;64.33999633789062;62.0;62.18000030517578;13889500;46.44451904296875
2015-09-10;61.86000061035156;63.0;61.45000076293945;62.65999984741211;15751100;46.80304718017578
2015-09-11;62.380001068115234;62.65999984741211;61.9900016784668;62.560001373291016;12766700;46.728363037109375
2015-09-14;62.63999938964844;62.689998626708984;62.119998931884766;62.380001068115234;10202800;46.593902587890625
2015-09-15;62.7599983215332;63.88999938964844;62.5099983215332;63.58000183105469;14023500;47.490230560302734
2015-09-16;63.88999938964844;64.29000091552734;63.209999084472656;64.13999938964844;12235900;47.90852355957031
2015-09-17;64.13999938964844;64.63999938964844;62.38999938964844;62.650001525878906;21249200;46.79557800292969
2015-09-18;61.83000183105469;61.83000183105469;60.779998779296875;60.939998626708984;31008000;45.518314361572266
2015-09-21;61.52000045776367;61.90999984741211;61.08000183105469;61.45000076293945;13136400;45.89926528930664
2015-09-22;60.599998474121094;61.09000015258789;60.41999816894531;60.90999984741211;14811900;45.495906829833984
2015-09-23;60.79999923706055;61.150001525878906;60.31999969482422;60.63999938964844;11712200;45.294246673583984
2015-09-24;60.0099983215332;60.380001068115234;59.459999084472656;60.220001220703125;17293400;44.980506896972656
2015-09-25;61.27000045776367;61.86000061035156;60.869998931884766;61.470001220703125;18384300;45.91420364379883
2015-09-28;60.91999816894531;61.0099983215332;59.689998626708984;59.97999954223633;17452200;44.801273345947266
2015-09-29;59.97999954223633;60.130001068115234;58.72999954223633;59.84000015258789;19334900;44.696678161621094
2015-09-30;60.70000076293945;61.0;60.11000061035156;60.970001220703125;18743800;45.54071807861328
2015-10-01;61.119998931884766;61.869998931884766;60.540000915527344;61.41999816894531;16863200;45.876853942871094
2015-10-02;59.59000015258789;60.86000061035156;58.529998779296875;60.810001373291016;20435100;45.74895095825195
2015-10-05;61.2400016784668;62.2400016784668;61.220001220703125;62.02000045776367;13471100;46.65927505493164
2015-10-06;62.11000061035156;62.36000061035156;61.619998931884766;62.04999923706055;12134800;46.68183135986328
2015-10-07;62.54999923706055;63.029998779296875;61.7599983215332;62.130001068115234;12773100;46.742027282714844
2015-10-08;61.849998474121094;62.25;61.43000030517578;62.130001068115234;13964600;46.742027282714844
2015-10-09;62.38999938964844;62.54999923706055;61.58000183105469;61.93000030517578;12112000;46.591556549072266
2015-10-12;61.84000015258789;62.0099983215332;61.400001525878906;61.720001220703125;10857400;46.43355941772461
2015-10-13;61.38999938964844;62.15999984741211;61.310001373291016;61.54999923706055;15621900;46.305660247802734
2015-10-14;60.7599983215332;60.970001220703125;59.540000915527344;59.9900016784668;28989400;45.13204574584961
2015-10-15;60.470001220703125;61.959999084472656;60.099998474121094;61.88999938964844;18147900;46.561466217041016
2015-10-16;62.43000030517578;62.650001525878906;62.09000015258789;62.43000030517578;17456600;46.96772003173828
2015-10-19;62.0;62.77000045776367;61.90999984741211;62.220001220703125;14510400;46.80973815917969
2015-10-20;62.36000061035156;62.81999969482422;62.08000183105469;62.52000045776367;11545100;47.035438537597656
2015-10-21;62.880001068115234;62.959999084472656;62.04999923706055;62.060001373291016;12113400;46.689353942871094
2015-10-22;62.41999816894531;63.58000183105469;62.41999816894531;63.189998626708984;15295700;47.53948974609375
2015-10-23;63.630001068115234;64.19000244140625;63.5;63.869998931884766;16985200;48.05106735229492
2015-10-26;63.84000015258789;63.9900016784668;63.40999984741211;63.900001525878906;13880200;48.073646545410156
2015-10-27;63.529998779296875;63.86000061035156;63.310001373291016;63.63999938964844;8831900;47.87804412841797
2015-10-28;63.70000076293945;65.73999786376953;63.689998626708984;65.5;17962000;49.27737808227539
2015-10-29;65.26000213623047;65.83000183105469;64.87999725341797;65.20999908447266;12753700;49.05918884277344
2015-10-30;65.30000305175781;65.33999633789062;64.12999725341797;64.25;15731400;48.33694839477539
2015-11-02;64.44999694824219;65.75;64.38999938964844;65.54000091552734;15253300;49.30744552612305
2015-11-03;65.29000091552734;66.0999984741211;65.16999816894531;65.77999877929688;11519500;49.48801803588867
2015-11-04;66.01000213623047;66.1500015258789;65.62999725341797;65.8499984741211;11388400;49.54067611694336
2015-11-05;65.79000091552734;66.66999816894531;65.75;66.44000244140625;12715900;49.98455047607422
2015-11-06;68.37000274658203;69.02999877929688;68.0999984741211;68.45999908447266;23262700;51.50424575805664
2015-11-09;68.69999694824219;68.72000122070312;67.08000183105469;67.38999938964844;17143800;50.699256896972656
2015-11-10;67.19000244140625;67.8499984741211;66.93000030517578;67.68000030517578;13239700;50.91743087768555
2015-11-11;68.0999984741211;68.16999816894531;67.25;67.3499984741211;8513900;50.66916275024414
2015-11-12;66.86000061035156;66.9000015258789;65.94999694824219;66.0;13576900;49.653533935546875
2015-11-13;65.83999633789062;66.16999816894531;65.2300033569336;65.55999755859375;11837000;49.3224983215332
2015-11-16;65.45999908447266;66.58000183105469;65.16999816894531;66.51000213623047;11041100;50.037208557128906
2015-11-17;66.66999816894531;66.73999786376953;65.88999938964844;66.12999725341797;12354800;49.7513313293457
2015-11-18;66.4800033569336;67.55000305175781;66.37000274658203;67.44999694824219;12911400;50.744388580322266
2015-11-19;67.58000183105469;67.81999969482422;67.04000091552734;67.66000366210938;12839500;50.902381896972656
2015-11-20;67.98999786376953;68.11000061035156;67.37999725341797;67.54000091552734;11209600;50.81210708618164
2015-11-23;67.30999755859375;67.58000183105469;66.77999877929688;66.87999725341797;11339000;50.31556701660156
2015-11-24;66.16999816894531;67.13999938964844;66.04000091552734;66.77999877929688;10910000;50.24033737182617
2015-11-25;66.93000030517578;67.12000274658203;66.55000305175781;66.86000061035156;7772000;50.30052947998047
2015-11-27;67.0;67.33000183105469;66.63999938964844;67.16999816894531;4052500;50.53375244140625
2015-11-30;67.27999877929688;67.5199966430664;66.68000030517578;66.68000030517578;15147500;50.16510009765625
2015-12-01;67.33999633789062;67.83000183105469;66.98999786376953;67.61000061035156;12708800;50.86478042602539
2015-12-02;67.83000183105469;67.87999725341797;66.4800033569336;66.66000366210938;13440900;50.15006637573242
2015-12-03;66.83000183105469;67.02999877929688;65.58000183105469;65.80000305175781;14626900;49.50307846069336
2015-12-04;66.0999984741211;68.0;66.02999877929688;67.88999938964844;17786000;51.07541275024414
2015-12-07;67.66000366210938;67.75;66.4000015258789;67.0;11686000;50.40584945678711
2015-12-08;66.25;66.95999908447266;65.69999694824219;65.95999908447266;13084500;49.62343215942383
2015-12-09;65.61000061035156;66.58000183105469;65.04000091552734;65.45999908447266;16770200;49.24726867675781
2015-12-10;65.54000091552734;66.5;65.08000183105469;65.61000061035156;12839000;49.36013412475586
2015-12-11;64.80000305175781;65.16000366210938;63.5099983215332;64.06999969482422;17889300;48.201541900634766
2015-12-14;64.2300033569336;64.76000213623047;63.599998474121094;64.2699966430664;17638200;48.351993560791016
2015-12-15;65.06999969482422;66.6500015258789;65.06999969482422;66.0999984741211;18126600;49.7287483215332
2015-12-16;66.91000366210938;67.73999786376953;65.91000366210938;67.52999877929688;21720000;50.8045768737793
2015-12-17;67.9000015258789;68.0;66.08000183105469;66.27999877929688;18122100;49.864166259765625
2015-12-18;65.97000122070312;65.97000122070312;64.4000015258789;64.4000015258789;23819600;48.449806213378906
2015-12-21;65.0199966430664;65.55999755859375;64.83000183105469;65.54000091552734;18869300;49.30744552612305
2015-12-22;65.91999816894531;66.0;64.9800033569336;65.68000030517578;12149500;49.41278076171875
2015-12-23;66.12000274658203;66.8499984741211;66.05000305175781;66.7300033569336;12524500;50.202728271484375
2015-12-24;66.62000274658203;66.88999938964844;66.31999969482422;66.5999984741211;4468200;50.104915618896484
2015-12-28;66.29000091552734;66.44999694824219;65.70999908447266;66.37999725341797;6610600;49.93940353393555
2015-12-29;66.83999633789062;67.30000305175781;66.73999786376953;67.06999969482422;9820800;50.4585075378418
2015-12-30;67.04000091552734;67.05000305175781;66.44999694824219;66.58999633789062;7190700;50.09739303588867
2015-12-31;66.19000244140625;66.77999877929688;66.0;66.02999877929688;14654300;49.67610549926758
2016-01-04;63.95000076293945;64.05999755859375;63.0099983215332;63.619998931884766;25393200;48.1840705871582
2016-01-05;63.70000076293945;64.12999725341797;63.040000915527344;63.72999954223633;16566700;48.26737594604492
2016-01-06;62.720001220703125;63.130001068115234;62.34000015258789;62.810001373291016;22961500;47.57060241699219
2016-01-07;61.459999084472656;62.0;60.08000183105469;60.27000045776367;27630900;45.64686584472656
2016-01-08;61.130001068115234;61.27000045776367;58.849998474121094;58.91999816894531;22373300;44.62440872192383
2016-01-11;58.83000183105469;59.220001220703125;58.040000915527344;58.83000183105469;20925500;44.55625534057617
2016-01-12;59.45000076293945;59.560001373291016;58.099998474121094;58.959999084472656;22971600;44.65471649169922
2016-01-13;59.459999084472656;59.68000030517578;56.90999984741211;57.34000015258789;28808100;43.42776107788086
2016-01-14;58.15999984741211;59.380001068115234;57.290000915527344;58.20000076293945;31296300;44.07912063598633
2016-01-15;56.45000076293945;57.56999969482422;56.220001220703125;57.040000915527344;38131700;43.200557708740234
2016-01-19;57.72999954223633;57.970001220703125;56.5099983215332;57.0099983215332;22818900;43.17784118652344
2016-01-20;55.630001068115234;56.18000030517578;54.65999984741211;55.5099983215332;34646100;42.04177474975586
2016-01-21;55.7400016784668;56.52000045776367;55.060001373291016;55.25;31301100;41.84485626220703
2016-01-22;56.439998626708984;57.15999984741211;56.29999923706055;56.95000076293945;22732200;43.13237762451172
2016-01-25;56.47999954223633;56.849998474121094;55.599998474121094;55.65999984741211;21114400;42.15538024902344
2016-01-26;55.849998474121094;57.150001525878906;55.810001373291016;57.08000183105469;17535700;43.23086166381836
2016-01-27;57.08000183105469;58.27000045776367;56.560001373291016;57.040000915527344;20560000;43.200557708740234
2016-01-28;57.52000045776367;57.970001220703125;56.630001068115234;57.279998779296875;15497900;43.382328033447266
2016-01-29;57.83000183105469;59.540000915527344;57.5099983215332;59.5;26992200;45.063690185546875
2016-02-01;59.15999984741211;59.650001525878906;58.439998626708984;58.86000061035156;16807900;44.578983306884766
2016-02-02;57.880001068115234;57.97999954223633;56.75;57.029998779296875;22448200;43.19297409057617
2016-02-03;57.369998931884766;57.79999923706055;55.02000045776367;57.40999984741211;31543200;43.48078918457031
2016-02-04;57.060001373291016;58.52000045776367;57.060001373291016;58.400001525878906;21651300;44.23058319091797
2016-02-05;58.58000183105469;59.13999938964844;57.41999816894531;57.75;22001300;43.738285064697266
2016-02-08;56.689998626708984;56.91999816894531;55.540000915527344;56.540000915527344;28267600;42.821868896484375
2016-02-09;55.290000915527344;56.689998626708984;55.130001068115234;56.20000076293945;26300000;42.56436538696289
2016-02-10;56.56999969482422;57.40999984741211;55.470001220703125;55.52000045776367;22389600;42.04934310913086
2016-02-11;53.900001525878906;53.90999984741211;52.5;53.06999969482422;44334700;40.193790435791016
2016-02-12;55.650001525878906;57.56999969482422;55.16999816894531;57.4900016784668;37011400;43.5413703918457
2016-02-16;58.22999954223633;58.599998474121094;57.63999938964844;58.349998474121094;23730700;44.192718505859375
2016-02-17;58.849998474121094;59.25;58.38999938964844;58.77000045776367;21580100;44.51081848144531
2016-02-18;58.84000015258789;58.86000061035156;57.25;57.810001373291016;17037800;43.78373718261719
2016-02-19;57.5;58.16999816894531;57.08000183105469;57.81999969482422;15658200;43.791290283203125
2016-02-22;58.5099983215332;58.880001068115234;58.41999816894531;58.56999969482422;14882800;44.359336853027344
2016-02-23;57.900001525878906;58.09000015258789;55.959999084472656;56.119998931884766;31772500;42.50376510620117
2016-02-24;55.20000076293945;56.209999084472656;54.33000183105469;56.13999938964844;25560100;42.51892852783203
2016-02-25;56.130001068115234;57.029998779296875;56.040000915527344;57.0099983215332;14473300;43.17784118652344
2016-02-26;57.63999938964844;58.11000061035156;57.13999938964844;57.540000915527344;20947500;43.57923889160156
2016-02-29;57.40999984741211;57.61000061035156;56.290000915527344;56.29999923706055;19554100;42.64009094238281
2016-03-01;56.7599983215332;59.20000076293945;56.66999816894531;59.20000076293945;23958100;44.836490631103516
2016-03-02;59.20000076293945;59.900001525878906;58.959999084472656;59.7599983215332;20943100;45.26059341430664
2016-03-03;59.58000183105469;59.959999084472656;59.099998474121094;59.959999084472656;15790600;45.4120979309082
2016-03-04;60.099998474121094;60.54999923706055;59.529998779296875;60.04999923706055;18459000;45.48025894165039
2016-03-07;59.540000915527344;60.04999923706055;59.31999969482422;59.939998626708984;12832400;45.39693832397461
2016-03-08;59.209999084472656;59.5;58.68000030517578;58.779998779296875;14132900;44.51838302612305
2016-03-09;59.150001525878906;59.540000915527344;58.68000030517578;59.119998931884766;13238800;44.775882720947266
2016-03-10;59.59000015258789;59.66999816894531;57.810001373291016;58.61000061035156;21139200;44.38962936401367
2016-03-11;59.38999938964844;59.5099983215332;58.650001525878906;59.34000015258789;21055000;44.942508697509766
2016-03-14;59.150001525878906;59.310001373291016;58.599998474121094;59.119998931884766;13436100;44.775882720947266
2016-03-15;58.540000915527344;59.209999084472656;58.43000030517578;59.20000076293945;10910500;44.836490631103516
2016-03-16;58.97999954223633;59.75;58.470001220703125;58.91999816894531;17423900;44.62440872192383
2016-03-17;58.77000045776367;59.130001068115234;57.9900016784668;58.75;19405700;44.49565887451172
2016-03-18;60.04999923706055;60.970001220703125;59.65999984741211;60.47999954223633;29570200;45.805912017822266
2016-03-21;60.220001220703125;60.81999969482422;59.959999084472656;60.459999084472656;12684400;45.790771484375
2016-03-22;59.9900016784668;60.58000183105469;59.619998931884766;60.2400016784668;12042700;45.624149322509766
2016-03-23;60.34000015258789;60.5099983215332;59.86000061035156;59.939998626708984;11658700;45.39693832397461
2016-03-24;59.29999923706055;59.5099983215332;58.869998931884766;59.47999954223633;12921200;45.04854202270508
2016-03-28;59.529998779296875;59.75;59.18000030517578;59.400001525878906;11159700;44.98795700073242
2016-03-29;59.33000183105469;59.33000183105469;58.529998779296875;59.029998779296875;15933400;44.707725524902344
2016-03-30;59.459999084472656;60.22999954223633;59.380001068115234;59.709999084472656;13307100;45.222740173339844
2016-03-31;59.45000076293945;59.93000030517578;59.11000061035156;59.220001220703125;14904700;44.85162353515625
2016-04-01;59.02000045776367;60.060001373291016;58.560001373291016;59.869998931884766;15417500;45.34392166137695
2016-04-04;59.439998626708984;59.56999969482422;58.959999084472656;59.20000076293945;12305000;45.168426513671875
2016-04-05;58.59000015258789;58.83000183105469;58.209999084472656;58.36000061035156;12886600;44.52754211425781
2016-04-06;58.18000030517578;58.880001068115234;57.95000076293945;58.810001373291016;12167900;44.870872497558594
2016-04-07;58.2599983215332;58.43000030517578;57.06999969482422;57.31999969482422;19226800;43.73402786254883
2016-04-08;57.709999084472656;58.58000183105469;57.689998626708984;57.7400016784668;13547700;44.05448532104492
2016-04-11;57.90999984741211;58.880001068115234;57.90999984741211;58.20000076293945;17627800;44.405452728271484
2016-04-12;58.34000015258789;59.38999938964844;58.20000076293945;59.279998779296875;17779200;45.229461669921875
2016-04-13;60.47999954223633;62.15999984741211;60.380001068115234;61.790000915527344;37516800;47.14454650878906
2016-04-14;61.689998626708984;62.90999984741211;61.61000061035156;62.59000015258789;24249900;47.75492477416992
2016-04-15;62.880001068115234;62.900001525878906;61.45000076293945;61.869998931884766;19290700;47.20558547973633
2016-04-18;61.63999938964844;62.58000183105469;61.529998779296875;62.27000045776367;13813100;47.510780334472656
2016-04-19;62.54999923706055;63.47999954223633;62.54999923706055;63.31999969482422;19255600;48.31191635131836
2016-04-20;63.47999954223633;64.30999755859375;63.150001525878906;64.23999786376953;14594400;49.01385498046875
2016-04-21;64.26000213623047;64.66000366210938;63.34000015258789;63.599998474121094;15395800;48.52555465698242
2016-04-22;63.63999938964844;64.37999725341797;63.63999938964844;63.970001220703125;12444700;48.807857513427734
2016-04-25;63.599998474121094;63.95000076293945;63.150001525878906;63.599998474121094;10687200;48.52555465698242
2016-04-26;63.810001373291016;64.06999969482422;63.33000183105469;63.93000030517578;12048000;48.7773323059082
2016-04-27;63.86000061035156;64.63999938964844;63.599998474121094;64.11000061035156;15284100;48.91468048095703
2016-04-28;63.63999938964844;64.41999816894531;63.349998474121094;63.599998474121094;12852500;48.52555465698242
2016-04-29;63.09000015258789;63.61000061035156;62.70000076293945;63.20000076293945;16376400;48.220359802246094
2016-05-02;63.689998626708984;64.0;63.13999938964844;63.790000915527344;10247300;48.67051315307617
2016-05-03;62.900001525878906;62.90999984741211;61.79999923706055;62.560001373291016;19120300;47.73204803466797
2016-05-04;61.75;62.2599983215332;61.27000045776367;61.56999969482422;17030200;46.9766960144043
2016-05-05;61.599998474121094;62.0;61.060001373291016;61.2400016784668;14033900;46.724910736083984
2016-05-06;60.70000076293945;61.68000030517578;60.59000015258789;61.599998474121094;11057900;46.999576568603516
2016-05-09;61.369998931884766;61.88999938964844;61.04999923706055;61.209999084472656;11197100;46.7020263671875
2016-05-10;61.54999923706055;62.2599983215332;61.349998474121094;62.040000915527344;11897200;47.33529281616211
2016-05-11;61.970001220703125;62.599998474121094;61.810001373291016;61.810001373291016;11254000;47.159812927246094
2016-05-12;62.27000045776367;62.560001373291016;61.369998931884766;61.77000045776367;11071700;47.1292839050293
2016-05-13;61.70000076293945;62.400001525878906;61.02000045776367;61.20000076293945;15122300;46.69439697265625
2016-05-16;61.209999084472656;61.9900016784668;61.0;61.65999984741211;10951300;47.04536437988281
2016-05-17;61.43000030517578;62.15999984741211;61.150001525878906;61.65999984741211;12180900;47.04536437988281
2016-05-18;61.70000076293945;64.16999816894531;61.689998626708984;64.04000091552734;24007100;48.86125564575195
2016-05-19;63.529998779296875;64.22000122070312;62.900001525878906;63.38999938964844;16076200;48.365318298339844
2016-05-20;63.86000061035156;64.19000244140625;63.369998931884766;63.5099983215332;11862000;48.45687484741211
2016-05-23;63.45000076293945;63.869998931884766;63.15999984741211;63.459999084472656;9347500;48.418724060058594
2016-05-24;63.939998626708984;64.7699966430664;63.810001373291016;64.54000091552734;13839400;49.242740631103516
2016-05-25;64.94000244140625;66.19999694824219;64.91999816894531;65.5199966430664;18935200;49.99046325683594
2016-05-26;65.56999969482422;65.58000183105469;64.91000366210938;65.02999877929688;9428400;49.616607666015625
2016-05-27;65.20999908447266;65.45999908447266;65.05000305175781;65.43000030517578;10116000;49.921810150146484
2016-05-31;65.7300033569336;65.81999969482422;64.95999908447266;65.2699966430664;15139400;49.799713134765625
2016-06-01;64.76000213623047;65.91999816894531;64.26000213623047;65.69000244140625;14031000;50.12017059326172
2016-06-02;65.5199966430664;65.80999755859375;65.16000366210938;65.80999755859375;10637600;50.21172332763672
2016-06-03;64.25;64.86000061035156;63.54999923706055;64.63999938964844;20261700;49.31903839111328
2016-06-06;64.63999938964844;65.76000213623047;64.5999984741211;65.27999877929688;13193500;49.80734634399414
2016-06-07;65.44999694824219;65.73999786376953;65.04000091552734;65.05999755859375;9924100;49.639495849609375
2016-06-08;64.93000030517578;65.4800033569336;64.91999816894531;65.25;9428000;49.784461975097656
2016-06-09;64.79000091552734;64.9000015258789;64.2699966430664;64.75;10817800;49.40297317504883
2016-06-10;63.93000030517578;64.06999969482422;63.58000183105469;63.84000015258789;16678400;48.70866394042969
2016-06-13;63.47999954223633;64.33999633789062;63.2599983215332;63.27000045776367;14314900;48.27375411987305
2016-06-14;62.68000030517578;63.470001220703125;61.68000030517578;62.08000183105469;19509300;47.36582565307617
2016-06-15;62.40999984741211;62.97999954223633;61.90999984741211;61.970001220703125;16982100;47.281883239746094
2016-06-16;61.45000076293945;62.29999923706055;60.900001525878906;62.220001220703125;16791200;47.472633361816406
2016-06-17;62.29999923706055;62.709999084472656;61.93000030517578;62.279998779296875;15751500;47.51840591430664
2016-06-20;63.45000076293945;63.849998474121094;62.34000015258789;62.369998931884766;12213200;47.58708953857422
2016-06-21;62.72999954223633;63.0;62.13999938964844;62.95000076293945;11611600;48.029598236083984
2016-06-22;62.95000076293945;63.709999084472656;62.68000030517578;62.709999084472656;12643500;47.846492767333984
2016-06-23;63.70000076293945;64.1500015258789;63.529998779296875;64.05000305175781;16583600;48.868892669677734
2016-06-24;60.47999954223633;61.70000076293945;59.34000015258789;59.599998474121094;44108700;45.4736328125
2016-06-27;58.709999084472656;58.75;57.04999923706055;57.61000061035156;37300700;43.955299377441406
2016-06-28;59.189998626708984;59.54999923706055;58.2599983215332;59.52000045776367;29088700;45.41259765625
2016-06-29;60.36000061035156;61.209999084472656;60.0;61.20000076293945;21483000;46.69439697265625
2016-06-30;61.630001068115234;62.189998626708984;61.02000045776367;62.13999938964844;21343600;47.41160202026367
2016-07-01;61.65999984741211;62.0099983215332;61.15999984741211;61.2599983215332;14217800;47.10401916503906
2016-07-05;60.45000076293945;60.599998474121094;59.099998474121094;59.54999923706055;23357700;45.789180755615234
2016-07-06;59.0099983215332;60.290000915527344;58.7599983215332;60.189998626708984;20429800;46.281288146972656
2016-07-07;60.52000045776367;61.13999938964844;60.15999984741211;60.58000183105469;13771400;46.581172943115234
2016-07-08;61.33000183105469;62.16999816894531;61.33000183105469;61.83000183105469;16998800;47.542301177978516
2016-07-11;62.41999816894531;62.95000076293945;62.13999938964844;62.27000045776367;13151400;47.88063049316406
2016-07-12;63.029998779296875;63.560001373291016;62.88999938964844;63.20000076293945;16588100;48.59573745727539
2016-07-13;63.08000183105469;63.43000030517578;62.63999938964844;63.15999984741211;18526900;48.564971923828125
2016-07-14;64.73999786376953;64.9800033569336;64.05000305175781;64.12000274658203;28985900;49.30313491821289
2016-07-15;64.75;64.80000305175781;63.61000061035156;64.18000030517578;17607100;49.34926223754883
2016-07-18;64.12999725341797;64.4000015258789;63.900001525878906;63.959999084472656;10824400;49.180110931396484
2016-07-19;63.61000061035156;64.0999984741211;63.459999084472656;63.86000061035156;9737400;49.10322189331055
2016-07-20;64.11000061035156;64.2300033569336;63.709999084472656;63.93000030517578;10411100;49.15702819824219
2016-07-21;64.0;64.18000030517578;63.630001068115234;63.689998626708984;9808700;48.972496032714844
2016-07-22;63.900001525878906;64.08999633789062;63.599998474121094;64.04000091552734;8195700;49.24162292480469
2016-07-25;63.97999954223633;64.16999816894531;63.68000030517578;63.869998931884766;8168300;49.11090850830078
2016-07-26;63.97999954223633;64.26000213623047;63.709999084472656;64.12999725341797;8067800;49.31082534790039
2016-07-27;64.08000183105469;64.69000244140625;64.05999755859375;64.33000183105469;11806800;49.46460723876953
2016-07-28;64.0;64.19000244140625;63.720001220703125;64.0999984741211;10013400;49.28774642944336
2016-07-29;63.79999923706055;64.29000091552734;63.75;63.970001220703125;13210400;49.18780517578125
2016-08-01;64.1500015258789;64.30999755859375;63.61000061035156;63.79999923706055;11422600;49.05707550048828
2016-08-02;63.59000015258789;64.01000213623047;63.380001068115234;63.650001525878906;13550000;48.94175338745117
2016-08-03;63.689998626708984;64.66999816894531;63.650001525878906;64.66000366210938;13122300;49.718360900878906
2016-08-04;64.48999786376953;64.81999969482422;64.2699966430664;64.55999755859375;9873000;49.64147186279297
2016-08-05;65.13999938964844;66.37000274658203;65.06999969482422;66.30000305175781;20752700;50.9793815612793
2016-08-08;66.06999969482422;66.48999786376953;65.83999633789062;66.0999984741211;11359200;50.82559585571289
2016-08-09;66.18000030517578;66.27999877929688;65.69000244140625;65.87000274658203;10097000;50.648746490478516
2016-08-10;65.91999816894531;66.06999969482422;65.16000366210938;65.27999877929688;11556100;50.19508743286133
2016-08-11;65.2699966430664;65.69000244140625;65.0199966430664;65.45999908447266;9604500;50.3334846496582
2016-08-12;64.97000122070312;65.3499984741211;64.86000061035156;65.31999969482422;7685400;50.22584915161133
2016-08-15;65.55999755859375;65.83000183105469;65.45999908447266;65.72000122070312;8371600;50.53339385986328
2016-08-16;65.36000061035156;65.95999908447266;65.23999786376953;65.70999908447266;10128900;50.52570343017578
2016-08-17;65.80000305175781;65.9800033569336;65.54000091552734;65.88999938964844;11868100;50.664127349853516
2016-08-18;65.62000274658203;65.98999786376953;65.52999877929688;65.94999694824219;9313600;50.71025466918945
2016-08-19;65.72000122070312;65.91000366210938;65.22000122070312;65.86000061035156;9084900;50.641056060791016
2016-08-22;65.75;65.87999725341797;65.41000366210938;65.80000305175781;9055600;50.59492874145508
2016-08-23;66.06999969482422;66.33999633789062;65.76000213623047;65.7699966430664;8949600;50.571861267089844
2016-08-24;65.98999786376953;66.2300033569336;65.7699966430664;65.94999694824219;10167200;50.71025466918945
2016-08-25;65.91000366210938;66.13999938964844;65.79000091552734;66.06999969482422;9978700;50.80253219604492
2016-08-26;66.33000183105469;66.87999725341797;65.8499984741211;66.22000122070312;14038600;50.917877197265625
2016-08-29;66.48999786376953;67.0999984741211;66.45999908447266;66.94999694824219;14583100;51.479183197021484
2016-08-30;66.94999694824219;67.5999984741211;66.94999694824219;67.5;13791200;51.902076721191406
2016-08-31;67.45999908447266;67.7699966430664;66.86000061035156;67.5;14952300;51.902076721191406
2016-09-01;67.63999938964844;67.72000122070312;66.6500015258789;67.20999908447266;12226500;51.67909622192383
2016-09-02;67.4000015258789;67.58000183105469;66.9800033569336;67.48999786376953;13720700;51.894405364990234
2016-09-06;67.5;67.55000305175781;66.70999908447266;67.44000244140625;16649400;51.85596466064453
2016-09-07;67.16000366210938;67.58999633789062;66.95999908447266;67.16000366210938;10070400;51.64065933227539
2016-09-08;67.22000122070312;67.68000030517578;67.0;67.25;12253000;51.70985794067383
2016-09-09;67.02999877929688;67.43000030517578;66.63999938964844;66.6500015258789;19686900;51.24848175048828
2016-09-12;66.13999938964844;67.30000305175781;65.76000213623047;67.05999755859375;16453000;51.56375503540039
2016-09-13;66.11000061035156;66.86000061035156;65.81999969482422;66.52999877929688;18876100;51.1562385559082
2016-09-14;66.2699966430664;67.25;66.20999908447266;66.4000015258789;12648600;51.056270599365234
2016-09-15;66.29000091552734;66.93000030517578;66.08999633789062;66.63999938964844;12531300;51.240840911865234
2016-09-16;66.08999633789062;66.26000213623047;65.44000244140625;65.81999969482422;25161500;50.61030578613281
2016-09-19;66.1500015258789;66.63999938964844;65.8499984741211;66.19000244140625;13466900;50.894805908203125
2016-09-20;66.75;66.8499984741211;66.23999786376953;66.45999908447266;10092200;51.102420806884766
2016-09-21;66.83999633789062;67.12999725341797;66.30999755859375;66.83999633789062;14116800;51.39459228515625
2016-09-22;66.98999786376953;67.41999816894531;66.83999633789062;67.38999938964844;12781700;51.817508697509766
2016-09-23;67.38999938964844;67.9000015258789;67.18000030517578;67.25;13967400;51.70985794067383
2016-09-26;66.5999984741211;66.80000305175781;65.54000091552734;65.77999877929688;16408100;50.579551696777344
2016-09-27;65.41000366210938;66.41000366210938;65.11000061035156;66.36000061035156;13711400;51.02552032470703
2016-09-28;66.58000183105469;66.7699966430664;65.98999786376953;66.70999908447266;11278000;51.294639587402344
2016-09-29;66.69999694824219;67.20999908447266;65.3499984741211;65.6500015258789;18727200;50.479591369628906
2016-09-30;66.08000183105469;67.05999755859375;66.08000183105469;66.58999633789062;21680100;51.20235824584961
2016-10-03;66.3499984741211;66.91999816894531;66.26000213623047;66.51000213623047;14901700;51.14085388183594
2016-10-04;66.20999908447266;67.18000030517578;66.0999984741211;66.5999984741211;17226900;51.58233642578125
2016-10-05;66.88999938964844;68.06999969482422;66.80000305175781;67.69000244140625;16280000;52.42654800415039
2016-10-06;67.7300033569336;67.97000122070312;67.05000305175781;67.87000274658203;17485000;52.565956115722656
2016-10-07;67.79000091552734;68.18000030517578;67.4000015258789;68.11000061035156;18497000;52.7518424987793
2016-10-10;68.33999633789062;69.05999755859375;68.2300033569336;68.63999938964844;13027500;53.1623420715332
2016-10-11;68.5;68.81999969482422;67.93000030517578;68.30999755859375;15657100;52.906734466552734
2016-10-12;68.26000213623047;68.58999633789062;68.05000305175781;68.12999725341797;11899800;52.7673225402832
2016-10-13;67.45999908447266;67.87000274658203;66.81999969482422;67.73999786376953;17890000;52.46526336669922
2016-10-14;68.80000305175781;69.02999877929688;67.30000305175781;67.5199966430664;24163800;52.29486846923828
2016-10-17;67.41999816894531;67.79000091552734;66.73999786376953;67.16999816894531;14963400;52.0237922668457
2016-10-18;67.8499984741211;68.20999908447266;67.54000091552734;67.69999694824219;11870300;52.43428039550781
2016-10-19;67.80999755859375;68.5;67.80999755859375;68.3499984741211;12705800;52.93771743774414
2016-10-20;68.08000183105469;68.68000030517578;67.94000244140625;68.26000213623047;14122000;52.868019104003906
2016-10-21;67.80999755859375;68.52999877929688;67.69999694824219;68.48999786376953;12175700;53.046142578125
2016-10-24;68.97000122070312;69.05000305175781;68.5;68.87000274658203;10197100;53.34046173095703
2016-10-25;68.87999725341797;68.93000030517578;68.37999725341797;68.80000305175781;9945100;53.2862548828125
2016-10-26;68.37000274658203;69.25;68.37000274658203;69.12999725341797;9801300;53.541831970214844
2016-10-27;69.48999786376953;69.7699966430664;69.0999984741211;69.2300033569336;14210700;53.61929702758789
2016-10-28;69.52999877929688;69.55000305175781;68.47000122070312;69.11000061035156;12766500;53.526344299316406
2016-10-31;69.43000030517578;69.58000183105469;69.2300033569336;69.26000213623047;14336300;53.64252471923828
2016-11-01;69.4800033569336;69.77999877929688;68.33000183105469;68.97000122070312;15564500;53.41791534423828
2016-11-02;68.6500015258789;68.8499984741211;68.01000213623047;68.68000030517578;12449800;53.19328308105469
2016-11-03;68.86000061035156;69.19000244140625;68.22000122070312;68.37999725341797;10369700;52.96095275878906
2016-11-04;68.48999786376953;68.55999755859375;67.63999938964844;67.76000213623047;13571300;52.480770111083984
2016-11-07;69.08000183105469;69.97000122070312;69.0;69.87999725341797;16515100;54.12271499633789
2016-11-08;69.69999694824219;70.55000305175781;69.23999786376953;70.02999877929688;17531700;54.2388801574707
2016-11-09;71.45999908447266;74.1500015258789;71.31999969482422;73.25;50948400;56.7327995300293
2016-11-10;74.22000122070312;77.25;74.22000122070312;76.6500015258789;56192300;59.36613464355469
2016-11-11;76.30000305175781;76.72000122070312;75.7699966430664;76.69000244140625;27574300;59.397117614746094
2016-11-14;77.25;80.44000244140625;77.25;79.51000213623047;46130700;61.58123779296875
2016-11-15;78.37000274658203;79.41000366210938;77.77999877929688;79.36000061035156;28126300;61.46505355834961
2016-11-16;78.22000122070312;78.3499984741211;76.87999725341797;77.4000015258789;26054900;59.94700622558594
2016-11-17;77.93000030517578;78.45999908447266;77.5999984741211;78.0199966430664;19306700;60.427207946777344
2016-11-18;77.95999908447266;78.41999816894531;77.55000305175781;77.70999908447266;19770000;60.18711471557617
2016-11-21;78.0;78.16999816894531;77.29000091552734;78.05000305175781;11983500;60.450469970703125
2016-11-22;78.3499984741211;78.55999755859375;77.76000213623047;78.52999877929688;14410100;60.82221603393555
2016-11-23;78.87000274658203;79.23999786376953;77.88999938964844;78.86000061035156;13373700;61.07781982421875
2016-11-25;79.0999984741211;79.44999694824219;78.47000122070312;78.83000183105469;6185700;61.05455017089844
2016-11-28;78.18000030517578;78.87000274658203;78.0199966430664;78.31999969482422;13007200;60.65959548950195
2016-11-29;78.38999938964844;79.16000366210938;78.38999938964844;78.91999816894531;14144100;61.124271392822266
2016-11-30;79.91999816894531;80.52999877929688;79.69999694824219;80.16999816894531;25351900;62.092430114746094
2016-12-01;80.6500015258789;82.27999877929688;80.6500015258789;81.79000091552734;23823600;63.34710693359375
2016-12-02;81.80000305175781;81.83000183105469;80.9000015258789;81.5999984741211;16931500;63.199954986572266
2016-12-05;82.30000305175781;83.29000091552734;82.29000091552734;83.26000213623047;18529800;64.48564147949219
2016-12-06;83.5999984741211;83.80999755859375;82.43000030517578;83.69000244140625;16130000;64.81867980957031
2016-12-07;83.55000305175781;84.08999633789062;82.8499984741211;84.06999969482422;18996900;65.11299133300781
2016-12-08;84.2300033569336;85.5;83.94000244140625;85.12000274658203;20844900;65.92623901367188
2016-12-09;85.0199966430664;85.5;84.13999938964844;85.48999786376953;14567200;66.21282196044922
2016-12-12;85.36000061035156;85.79000091552734;84.29000091552734;84.7300033569336;14511300;65.62417602539062
2016-12-13;84.9800033569336;85.66999816894531;83.81999969482422;84.76000213623047;16669000;65.64740753173828
2016-12-14;83.87999725341797;86.12000274658203;83.76000213623047;84.7300033569336;22622600;65.62417602539062
2016-12-15;85.4000015258789;86.48999786376953;84.9000015258789;86.0;19438900;66.60781860351562
2016-12-16;86.29000091552734;86.29000091552734;84.88999938964844;84.94000244140625;23008500;65.78682708740234
2016-12-19;84.80000305175781;85.44000244140625;84.19000244140625;85.43000030517578;21685100;66.16634368896484
2016-12-20;85.79000091552734;86.54000091552734;85.55000305175781;86.52999877929688;14587300;67.01831817626953
2016-12-21;86.43000030517578;86.80999755859375;86.02999877929688;86.75;11400500;67.18870544433594
2016-12-22;86.44000244140625;87.16999816894531;86.20999908447266;86.88999938964844;13924200;67.29712677001953
2016-12-23;87.0;87.1500015258789;86.4000015258789;87.05000305175781;10759400;67.42103576660156
2016-12-27;87.05000305175781;87.16000366210938;86.75;87.12999725341797;6946400;67.48298645019531
2016-12-28;87.16000366210938;87.38999938964844;86.3499984741211;86.5;9455600;66.99507904052734
2016-12-29;86.58000183105469;86.66999816894531;85.04000091552734;85.88999938964844;14689000;66.52259826660156
2016-12-30;86.0999984741211;86.41999816894531;85.66000366210938;86.29000091552734;13617800;66.8324203491211
2017-01-03;87.33999633789062;87.76000213623047;85.9800033569336;87.2300033569336;20550700;67.56046295166016
2017-01-04;86.95999908447266;87.18000030517578;86.4000015258789;86.91000366210938;15266600;67.68507385253906
2017-01-05;86.80999755859375;87.11000061035156;85.26000213623047;86.11000061035156;14300800;67.06202697753906
2017-01-06;86.38999938964844;86.62000274658203;85.94000244140625;86.12000274658203;12893300;67.06980895996094
2017-01-09;85.7300033569336;86.7699966430664;85.5199966430664;86.18000030517578;12806600;67.11651611328125
2017-01-10;86.06999969482422;86.9000015258789;85.72000122070312;86.43000030517578;13989000;67.31124114990234
2017-01-11;86.43000030517578;87.08000183105469;85.91000366210938;87.08000183105469;14713100;67.81745910644531
2017-01-12;86.76000213623047;87.2699966430664;86.0199966430664;86.23999786376953;21337400;67.16326141357422
2017-01-13;87.11000061035156;88.16999816894531;86.0999984741211;86.69999694824219;28296000;67.52153778076172
2017-01-17;84.93000030517578;85.22000122070312;83.27999877929688;83.55000305175781;30024600;65.06832885742188
2017-01-18;83.62999725341797;84.2300033569336;83.02999877929688;83.94000244140625;21270100;65.37203216552734
2017-01-19;84.05999755859375;84.66999816894531;83.12000274658203;83.30000305175781;16555600;64.87362670898438
2017-01-20;83.43000030517578;83.83000183105469;83.29000091552734;83.66999816894531;18436800;65.16177368164062
2017-01-23;83.30000305175781;84.0;83.20999908447266;83.70999908447266;12179200;65.19290161132812
2017-01-24;83.91999816894531;85.0;83.55999755859375;84.72000122070312;15175300;65.97947692871094
2017-01-25;85.83999633789062;86.16999816894531;85.16999816894531;86.02999877929688;17551000;66.99971008300781
2017-01-26;85.94999694824219;86.94999694824219;85.94999694824219;86.75;15962800;67.5604476928711
2017-01-27;86.66000366210938;86.9800033569336;86.2699966430664;86.93000030517578;12535400;67.70063781738281
2017-01-30;86.19000244140625;86.5;85.31999969482422;86.02999877929688;13661900;66.99971008300781
2017-01-31;85.5999984741211;86.1500015258789;84.08999633789062;84.62999725341797;15655100;65.90941619873047
2017-02-01;85.54000091552734;86.0999984741211;84.68000030517578;84.94999694824219;15430900;66.15860748291016
2017-02-02;84.33999633789062;84.91000366210938;84.16000366210938;84.58999633789062;11081400;65.87825775146484
2017-02-03;86.19000244140625;87.30999755859375;85.87000274658203;87.18000030517578;17885200;67.89533233642578
2017-02-06;86.79000091552734;87.44999694824219;86.61000061035156;86.7699966430664;11828400;67.57601165771484
2017-02-07;87.13999938964844;87.4000015258789;86.4800033569336;86.72000122070312;9392800;67.53709411621094
2017-02-08;86.18000030517578;86.30999755859375;85.37000274658203;85.95999908447266;13970900;66.94522094726562
2017-02-09;85.95999908447266;87.33000183105469;85.95999908447266;87.19999694824219;13749100;67.9109115600586
2017-02-10;87.4800033569336;87.4800033569336;86.88999938964844;87.0;10992500;67.75516510009766
2017-02-13;87.44000244140625;88.73999786376953;87.43000030517578;88.1500015258789;18739100;68.65078735351562
2017-02-14;88.30000305175781;89.69999694824219;88.11000061035156;89.55999755859375;17932100;69.74885559082031
2017-02-15;90.08000183105469;90.87000274658203;89.3499984741211;90.58999633789062;17381800;70.551025390625
2017-02-16;90.4000015258789;91.04000091552734;89.7699966430664;90.52999877929688;17672700;70.5042953491211
2017-02-17;89.81999969482422;90.47000122070312;89.69000244140625;90.2300033569336;15776600;70.27066802978516
2017-02-21;90.51000213623047;91.1500015258789;90.45999908447266;91.01000213623047;14068300;70.87812042236328
2017-02-22;90.5199966430664;91.30000305175781;90.41999816894531;91.05999755859375;11839000;70.91706848144531
2017-02-23;91.18000030517578;91.33999633789062;90.5199966430664;91.12999725341797;11067000;70.97156524658203
2017-02-24;90.18000030517578;90.54000091552734;89.7300033569336;90.33000183105469;15062300;70.34852600097656
2017-02-27;90.31999969482422;90.7300033569336;90.0199966430664;90.43000030517578;12361000;70.42643737792969
2017-02-28;89.8499984741211;90.81999969482422;89.58999633789062;90.62000274658203;15183500;70.57440185546875
2017-03-01;92.79000091552734;93.9800033569336;92.61000061035156;93.5999984741211;24451400;72.89518737792969
2017-03-02;93.87000274658203;93.91999816894531;92.02999877929688;92.13999938964844;16862500;71.75814819335938
2017-03-03;92.13999938964844;93.11000061035156;92.13999938964844;92.80000305175781;12817500;72.27216339111328
2017-03-06;92.25;92.31999969482422;91.0999984741211;91.91999816894531;15059200;71.58683013916016
2017-03-07;91.63999938964844;92.08999633789062;91.20999908447266;91.41000366210938;11156800;71.18963623046875
2017-03-08;92.68000030517578;92.8499984741211;91.0999984741211;91.20999908447266;17378400;71.03388977050781
2017-03-09;91.5999984741211;92.13999938964844;91.1500015258789;91.56999969482422;13726200;71.3142318725586
2017-03-10;91.94999694824219;92.0;90.52999877929688;91.27999877929688;13729900;71.08838653564453
2017-03-13;91.30999755859375;91.77999877929688;90.93000030517578;91.36000061035156;10004300;71.15070343017578
2017-03-14;91.0199966430664;91.6500015258789;90.7699966430664;91.51000213623047;10237700;71.26750946044922
2017-03-15;91.80000305175781;92.55000305175781;91.12999725341797;91.7300033569336;16601400;71.43885803222656
2017-03-16;92.02999877929688;92.80999755859375;91.56999969482422;91.63999938964844;14492000;71.36875915527344
2017-03-17;91.83000183105469;92.04000091552734;90.6500015258789;90.68000030517578;21734700;70.62113189697266
2017-03-20;90.2699966430664;91.16999816894531;89.79000091552734;90.02999877929688;14623600;70.11491394042969
2017-03-21;90.36000061035156;90.63999938964844;87.05999755859375;87.38999938964844;33089200;68.05886840820312
2017-03-22;86.88999938964844;88.06999969482422;86.01000213623047;87.52999877929688;21741000;68.16790771484375
2017-03-23;87.20999908447266;88.5;87.08999633789062;87.38999938964844;16090100;68.05886840820312
2017-03-24;87.79000091552734;88.08999633789062;86.7699966430664;87.29000091552734;16093200;67.98103332519531
2017-03-27;85.52999877929688;87.4000015258789;85.2300033569336;87.23999786376953;16689300;67.94206237792969
2017-03-28;87.0199966430664;89.0199966430664;86.9800033569336;88.5999984741211;16264400;69.00122833251953
2017-03-29;88.5999984741211;88.81999969482422;88.08000183105469;88.2699966430664;10207600;68.7442398071289
2017-03-30;88.19999694824219;89.45999908447266;88.12000274658203;89.02999877929688;11631000;69.33610534667969
2017-03-31;88.70999908447266;88.73999786376953;87.75;87.83999633789062;16987600;68.40933227539062
2017-04-03;87.98999786376953;88.16999816894531;86.5999984741211;87.5199966430664;19831800;68.16012573242188
2017-04-04;86.88999938964844;87.66999816894531;86.72000122070312;87.30999755859375;14280800;68.38726806640625
2017-04-05;88.41999816894531;88.54000091552734;86.12999725341797;86.19000244140625;17635500;67.510009765625
2017-04-06;85.9800033569336;86.91000366210938;85.25;86.4800033569336;14379600;67.73717498779297
2017-04-07;85.93000030517578;86.80999755859375;85.70999908447266;86.18000030517578;13097100;67.50215148925781
2017-04-10;86.08000183105469;86.69000244140625;85.4000015258789;85.87999725341797;15081600;67.26719665527344
2017-04-11;85.54000091552734;85.79000091552734;84.80000305175781;85.7300033569336;14690500;67.14971160888672
2017-04-12;85.93000030517578;85.94999694824219;85.02999877929688;85.4000015258789;14730600;66.89122009277344
2017-04-13;85.5;86.98999786376953;84.4000015258789;84.4000015258789;30529800;66.10797882080078
2017-04-17;84.44000244140625;86.08000183105469;84.37000274658203;85.86000061035156;19071700;67.25151824951172
2017-04-18;85.36000061035156;85.62999725341797;84.73999786376953;85.16000366210938;14127000;66.70325469970703
2017-04-19;85.5;85.91999816894531;84.36000061035156;84.45999908447266;17588500;66.15494537353516
2017-04-20;84.9800033569336;85.77999877929688;84.55000305175781;85.55000305175781;15635800;67.00874328613281
2017-04-21;85.5;85.68000030517578;84.51000213623047;84.5199966430664;19820600;66.20195770263672
2017-04-24;86.55000305175781;88.05000305175781;86.41999816894531;87.5;25468300;68.53609466552734
2017-04-25;88.55000305175781;89.12999725341797;88.26000213623047;88.26000213623047;18253800;69.1313705444336
2017-04-26;88.3499984741211;89.05000305175781;88.13999938964844;88.43000030517578;12832200;69.26453399658203
2017-04-27;88.37000274658203;88.37000274658203;87.01000213623047;87.61000061035156;13329000;68.62226867675781
2017-04-28;87.5999984741211;87.8499984741211;86.94999694824219;87.0;10755600;68.14447021484375
2017-05-01;87.36000061035156;87.73999786376953;86.55999755859375;87.05999755859375;15712300;68.19144439697266
2017-05-02;86.70999908447266;86.87999725341797;86.0199966430664;86.5;14414200;67.75279235839844
2017-05-03;86.05999755859375;87.0999984741211;86.0199966430664;87.0;11540500;68.14447021484375
2017-05-04;87.69000244140625;87.7300033569336;86.56999969482422;87.0999984741211;11540100;68.22278594970703
2017-05-05;87.25;87.33999633789062;86.41999816894531;87.0;9436000;68.14447021484375
2017-05-08;87.04000091552734;87.31999969482422;86.6500015258789;87.0999984741211;8162200;68.22278594970703
2017-05-09;87.26000213623047;87.83999633789062;86.5;86.75;10273900;67.94863891601562
2017-05-10;86.52999877929688;87.4800033569336;86.47000122070312;87.43000030517578;8334900;68.48126983642578
2017-05-11;87.08999633789062;87.4800033569336;86.3499984741211;87.16000366210938;10907400;68.26978302001953
2017-05-12;86.68000030517578;87.05000305175781;86.33999633789062;86.91999816894531;8738800;68.08180236816406
2017-05-15;87.0999984741211;87.48999786376953;86.86000061035156;87.33999633789062;8835600;68.41077423095703
2017-05-16;87.36000061035156;88.08999633789062;87.33999633789062;87.61000061035156;9795000;68.62226867675781
2017-05-17;87.61000061035156;87.61000061035156;83.97000122070312;84.2699966430664;24679700;66.00613403320312
2017-05-18;84.06999969482422;84.80000305175781;83.36000061035156;83.95999908447266;23350100;65.76334381103516
2017-05-19;84.20999908447266;85.33999633789062;84.1500015258789;84.77999877929688;13412900;66.40559387207031
2017-05-22;85.18000030517578;85.29000091552734;84.20999908447266;84.69999694824219;11636000;66.34293365478516
2017-05-23;84.75;86.06999969482422;84.51000213623047;85.76000213623047;11753000;67.17321014404297
2017-05-24;85.87999725341797;85.97000122070312;85.23999786376953;85.70999908447266;9833800;67.13404846191406
2017-05-25;85.98999786376953;86.08000183105469;85.08000183105469;85.3499984741211;12238500;66.85205078125
2017-05-26;85.11000061035156;85.55999755859375;85.0199966430664;85.36000061035156;8113500;66.8598861694336
2017-05-30;85.12999725341797;85.1500015258789;83.77999877929688;83.9000015258789;12603200;65.71632385253906
2017-05-31;83.7300033569336;83.81999969482422;81.63999938964844;82.1500015258789;28327900;64.34561157226562
2017-06-01;82.45999908447266;83.08000183105469;81.6500015258789;83.05999755859375;17123500;65.05838012695312
2017-06-02;82.29000091552734;82.98999786376953;81.9800033569336;82.63999938964844;14998500;64.72940826416016
2017-06-05;82.63999938964844;83.51000213623047;82.58000183105469;82.79000091552734;9080200;64.84688568115234
2017-06-06;82.29000091552734;83.22000122070312;82.12999725341797;82.95999908447266;12196800;64.98004150390625
2017-06-07;83.30999755859375;84.11000061035156;83.0999984741211;83.91000366210938;13711100;65.72415924072266
2017-06-08;83.91000366210938;85.7300033569336;83.88999938964844;84.94999694824219;17951000;66.53874206542969
2017-06-09;85.51000213623047;87.05000305175781;85.38999938964844;86.95999908447266;19120200;68.1131362915039
2017-06-12;86.95999908447266;87.73999786376953;86.88999938964844;86.9800033569336;16053400;68.12879943847656
2017-06-13;87.55000305175781;87.8499984741211;86.9800033569336;87.2699966430664;12557200;68.35596466064453
2017-06-14;86.7699966430664;87.30999755859375;85.81999969482422;87.08999633789062;16175700;68.21493530273438
2017-06-15;86.25;87.08000183105469;86.23999786376953;86.56999969482422;12509700;67.80767059326172
2017-06-16;86.8499984741211;86.95999908447266;86.0199966430664;86.18000030517578;16936600;67.50215148925781
2017-06-19;86.97000122070312;88.2300033569336;86.8499984741211;88.06999969482422;15972300;68.9825439453125
2017-06-20;87.75;87.91999816894531;87.37000274658203;87.5199966430664;11197800;68.55176544189453
2017-06-21;87.4800033569336;87.55000305175781;86.76000213623047;87.12000274658203;10005900;68.23845672607422
2017-06-22;86.93000030517578;87.36000061035156;86.6500015258789;87.0199966430664;12180600;68.16012573242188
2017-06-23;87.66000366210938;88.0;86.61000061035156;86.86000061035156;18812000;68.03480529785156
2017-06-26;87.01000213623047;87.66999816894531;86.62000274658203;87.23999786376953;10082400;68.33245086669922
2017-06-27;87.70999908447266;88.94000244140625;87.5;88.05000305175781;15415200;68.96690368652344
2017-06-28;88.5999984741211;90.06999969482422;88.5999984741211;89.81999969482422;17466200;70.3532943725586
2017-06-29;92.33999633789062;92.6500015258789;90.30999755859375;91.1500015258789;27697800;71.39502716064453
2017-06-30;91.95999908447266;92.0;91.16000366210938;91.4000015258789;16892700;71.59085083007812
2017-07-03;91.55999755859375;93.4800033569336;91.41000366210938;92.75;13208100;73.04786682128906
2017-07-05;93.12000274658203;93.79000091552734;92.61000061035156;93.68000030517578;17535400;73.78031921386719
2017-07-06;93.54000091552734;94.51000213623047;92.87999725341797;93.37999725341797;16596100;73.5440444946289
2017-07-07;93.95999908447266;94.16999816894531;93.2300033569336;93.8499984741211;12817800;73.9142074584961
2017-07-10;93.5;93.68000030517578;93.08999633789062;93.19000244140625;13987200;73.39440155029297
2017-07-11;93.33000183105469;93.33000183105469;92.27999877929688;92.83000183105469;13262300;73.1108627319336
2017-07-12;92.61000061035156;92.83000183105469;92.06999969482422;92.51000213623047;13540100;72.8588638305664
2017-07-13;92.69000244140625;93.37999725341797;92.33999633789062;93.0999984741211;12820100;73.32350158691406
2017-07-14;90.80999755859375;92.61000061035156;90.58000183105469;92.25;22235200;72.65408325195312
2017-07-17;91.81999969482422;91.98999786376953;91.25;91.38999938964844;14374200;71.97673797607422
2017-07-18;90.44999694824219;91.58000183105469;90.31999969482422;91.06999969482422;14719400;71.7247314453125
2017-07-19;91.33999633789062;91.62000274658203;91.0;91.19999694824219;11651200;71.82713317871094
2017-07-20;91.1500015258789;91.72000122070312;90.9000015258789;91.19999694824219;11561700;71.82713317871094
2017-07-21;91.05999755859375;91.36000061035156;90.5199966430664;90.88999938964844;10971300;71.5829849243164
2017-07-24;90.95999908447266;91.54000091552734;90.91000366210938;91.27999877929688;10725100;71.8901138305664
2017-07-25;92.37000274658203;93.5199966430664;92.2699966430664;92.80000305175781;16447700;73.08724975585938
2017-07-26;93.0999984741211;93.19000244140625;91.68000030517578;91.93000030517578;11815500;72.40205383300781
2017-07-27;91.83000183105469;92.05999755859375;91.16000366210938;91.55000305175781;12332400;72.10277557373047
2017-07-28;91.44999694824219;91.75;90.91000366210938;91.27999877929688;9351900;71.8901138305664
2017-07-31;91.51000213623047;92.36000061035156;91.5;91.80000305175781;11520300;72.2996597290039
2017-08-01;92.48999786376953;93.13999938964844;92.27999877929688;93.02999877929688;12523700;73.26836395263672
2017-08-02;92.87000274658203;93.20999908447266;92.51000213623047;93.11000061035156;10165600;73.3313980102539
2017-08-03;92.69999694824219;93.12999725341797;92.23999786376953;92.5;11078800;72.85099029541016
2017-08-04;93.5;94.4000015258789;93.47000122070312;93.66000366210938;14324000;73.76457977294922
2017-08-07;93.88999938964844;94.19000244140625;93.70999908447266;94.0199966430664;7978300;74.04811096191406
2017-08-08;93.94999694824219;95.22000122070312;93.5999984741211;93.68000030517578;13745400;73.78031921386719
2017-08-09;92.9800033569336;93.68000030517578;92.83000183105469;93.52999877929688;11214400;73.66218566894531
2017-08-10;92.9000015258789;93.06999969482422;92.06999969482422;92.19000244140625;13252300;72.6068115234375
2017-08-11;92.12999725341797;92.66999816894531;91.23999786376953;91.41999816894531;10679500;72.00037384033203
2017-08-14;92.37000274658203;92.9000015258789;92.33000183105469;92.48999786376953;10994800;72.84310150146484
2017-08-15;93.30999755859375;93.55999755859375;92.6500015258789;92.7300033569336;8812700;73.03211212158203
2017-08-16;93.04000091552734;93.2300033569336;91.87999725341797;92.08999633789062;11085400;72.5280532836914
2017-08-17;91.76000213623047;91.95999908447266;90.5;90.6500015258789;13837500;71.39395141601562
2017-08-18;90.30999755859375;91.54000091552734;90.19000244140625;90.73999786376953;13040700;71.46482849121094
2017-08-21;90.8499984741211;90.94000244140625;90.16000366210938;90.62999725341797;11502100;71.37818908691406
2017-08-22;91.06999969482422;91.70999908447266;91.0;91.55999755859375;9211800;72.11066436767578
2017-08-23;90.87000274658203;92.33999633789062;90.83999633789062;91.66999816894531;8811300;72.19727325439453
2017-08-24;91.93000030517578;92.12000274658203;91.41000366210938;91.5199966430664;8623200;72.07913208007812
2017-08-25;91.87999725341797;92.4800033569336;91.80000305175781;91.88999938964844;11794600;72.37055969238281
2017-08-28;92.16000366210938;92.19000244140625;91.12999725341797;91.5999984741211;7292900;72.14215087890625
2017-08-29;90.44999694824219;91.30999755859375;90.30999755859375;91.0999984741211;10886100;71.74836730957031
2017-08-30;91.25;91.87999725341797;91.19000244140625;91.30999755859375;9165300;71.91374206542969
2017-08-31;91.80999755859375;91.8499984741211;90.80000305175781;90.88999938964844;13217400;71.5829849243164
2017-09-01;91.25;92.36000061035156;90.94999694824219;91.69999694824219;9815800;72.22090911865234
2017-09-05;91.0199966430664;91.11000061035156;89.0199966430664;89.51000213623047;16897300;70.49610137939453
2017-09-06;90.0;90.5199966430664;89.63999938964844;90.11000061035156;11845700;70.96864318847656
2017-09-07;90.11000061035156;90.12999725341797;88.08000183105469;88.52999877929688;14592300;69.72428131103516
2017-09-08;88.30999755859375;89.41999816894531;88.23999786376953;88.41999816894531;14242200;69.63764190673828
2017-09-11;89.38999938964844;90.25;88.94999694824219;89.79000091552734;13219000;70.71662902832031
2017-09-12;90.16999816894531;91.25;90.0999984741211;90.88999938964844;14003800;71.5829849243164
2017-09-13;90.61000061035156;91.5;90.31999969482422;91.1500015258789;12485400;71.7877426147461
2017-09-14;91.19999694824219;91.52999877929688;90.73999786376953;90.97000122070312;10562800;71.64598846435547
2017-09-15;91.08000183105469;91.70999908447266;90.76000213623047;91.62000274658203;18171800;72.15788269042969
2017-09-18;91.93000030517578;93.13999938964844;91.8499984741211;92.91999816894531;11318700;73.1817626953125
2017-09-19;92.70999908447266;94.36000061035156;92.5199966430664;93.94000244140625;12626100;73.98506927490234
2017-09-20;94.0999984741211;95.29000091552734;93.70999908447266;94.5999984741211;15311600;74.50491333007812
2017-09-21;94.45999908447266;95.37000274658203;94.19000244140625;95.02999877929688;10851500;74.84356689453125
2017-09-22;94.69999694824219;94.9800033569336;94.43000030517578;94.83000183105469;8358300;74.68604278564453
2017-09-25;94.51000213623047;94.87999725341797;93.44999694824219;94.12000274658203;10463400;74.12684631347656
2017-09-26;93.77999877929688;94.02999877929688;93.33999633789062;93.69999694824219;9358100;73.79607391357422
2017-09-27;94.97000122070312;95.72000122070312;94.58000183105469;95.18000030517578;15090200;74.96170043945312
2017-09-28;95.58999633789062;95.87999725341797;94.91000366210938;95.37999725341797;10270400;75.11917877197266
2017-09-29;95.30000305175781;95.5199966430664;95.0199966430664;95.51000213623047;11438400;75.22157287597656
2017-10-02;95.7699966430664;96.87999725341797;95.45999908447266;96.83999633789062;13797200;76.2690658569336
2017-10-03;96.83000183105469;97.43000030517578;96.7699966430664;97.3499984741211;9633500;76.67072296142578
2017-10-04;97.30000305175781;97.44000244140625;96.27999877929688;96.36000061035156;12166600;75.89103698730469
2017-10-05;96.0;97.4000015258789;95.55000305175781;97.08999633789062;14236200;76.9129409790039
2017-10-06;97.55000305175781;97.63999938964844;96.47000122070312;96.91999816894531;10231900;76.77825927734375
2017-10-09;96.95999908447266;97.06999969482422;96.13999938964844;96.41000366210938;7765100;76.374267578125
2017-10-10;96.45999908447266;97.18000030517578;96.23999786376953;97.12999725341797;10631500;76.94462585449219
2017-10-11;96.83000183105469;97.01000213623047;96.13999938964844;96.83999633789062;14283600;76.71488952636719
2017-10-12;97.30000305175781;97.5;95.62000274658203;95.98999786376953;18251600;76.04151916503906
2017-10-13;95.4800033569336;96.70999908447266;94.95999908447266;95.86000061035156;13190600;75.93856811523438
2017-10-16;96.33999633789062;97.94999694824219;96.33999633789062;97.83999633789062;12434000;77.5070571899414
2017-10-17;98.06999969482422;98.18000030517578;97.31999969482422;97.62000274658203;10335700;77.33277893066406
2017-10-18;98.1500015258789;98.55000305175781;97.62999725341797;97.98999786376953;10158600;77.62588500976562
2017-10-19;97.19000244140625;98.19999694824219;97.08999633789062;98.11000061035156;9133900;77.7209701538086
2017-10-20;99.27999877929688;99.88999938964844;98.7300033569336;99.51000213623047;15326600;78.83002471923828
2017-10-23;99.51000213623047;99.98999786376953;99.23999786376953;99.33999633789062;9238600;78.69534301757812
2017-10-24;99.87999725341797;101.19000244140625;99.76000213623047;100.91999816894531;13000800;79.94700622558594
2017-10-25;101.25;101.44999694824219;100.19000244140625;101.0199966430664;14632700;80.02619934082031
2017-10-26;101.3499984741211;102.41999816894531;101.31999969482422;101.73999786376953;13054400;80.59659576416016
2017-10-27;101.43000030517578;102.2300033569336;101.05000305175781;101.7699966430664;10400400;80.6203384399414
2017-10-30;101.12999725341797;101.93000030517578;100.87000274658203;101.41000366210938;8839500;80.33514404296875
2017-10-31;101.37000274658203;101.69999694824219;100.56999969482422;100.61000061035156;8690200;79.701416015625
2017-11-01;101.0999984741211;101.69999694824219;100.7300033569336;100.91999816894531;8418200;79.94700622558594
2017-11-02;100.87000274658203;101.7699966430664;100.16000366210938;101.58999633789062;8731800;80.47776794433594
2017-11-03;101.0999984741211;101.52999877929688;100.7300033569336;101.41000366210938;7103500;80.33514404296875
2017-11-06;101.33999633789062;101.69000244140625;100.66000366210938;100.77999877929688;8121500;79.8360824584961
2017-11-07;100.55999755859375;100.75;98.25;98.75;18822600;78.22795867919922
2017-11-08;98.2699966430664;98.37000274658203;97.1500015258789;97.63999938964844;18524700;77.3486328125
2017-11-09;97.12000274658203;98.22000122070312;96.80999755859375;97.62999725341797;13697800;77.34070587158203
2017-11-10;97.80999755859375;98.33999633789062;97.5;97.51000213623047;9314000;77.24566650390625
2017-11-13;96.69000244140625;98.05000305175781;96.62000274658203;97.86000061035156;9303100;77.5229263305664
2017-11-14;97.33999633789062;97.77999877929688;96.8499984741211;97.2699966430664;11043800;77.0555191040039
2017-11-15;96.38999938964844;98.73999786376953;95.94999694824219;98.19000244140625;15384100;77.78433990478516
2017-11-16;98.52999877929688;99.05999755859375;98.30999755859375;98.47000122070312;9808000;78.00615692138672
2017-11-17;97.81999969482422;98.41000366210938;97.56999969482422;98.13999938964844;9017900;77.74472045898438
2017-11-20;98.44999694824219;99.1500015258789;97.76000213623047;99.01000213623047;9483200;78.43392944335938
2017-11-21;99.5;99.55000305175781;98.91000366210938;98.93000030517578;13389400;78.37055206298828
2017-11-22;99.02999877929688;99.5199966430664;98.58999633789062;98.63999938964844;7342200;78.14080810546875
2017-11-24;98.83000183105469;98.9000015258789;98.26000213623047;98.31999969482422;3680000;77.8873291015625
2017-11-27;98.30999755859375;99.12999725341797;97.93000030517578;97.93000030517578;13076200;77.57836151123047
2017-11-28;98.20999908447266;101.69999694824219;97.97000122070312;101.36000061035156;16773000;80.29556274414062
2017-11-29;102.41000366210938;104.22000122070312;101.95999908447266;103.7300033569336;21105500;82.17302703857422
2017-11-30;104.73999786376953;106.66000366210938;104.04000091552734;104.5199966430664;23945900;82.79883575439453
2017-12-01;104.9000015258789;105.31999969482422;102.19999694824219;104.79000091552734;19683500;83.01275634765625
2017-12-04;107.7300033569336;108.4000015258789;106.7699966430664;106.94999694824219;23576600;84.7238540649414
2017-12-05;105.58000183105469;107.41000366210938;104.12000274658203;105.72000122070312;17193900;83.74942779541016
2017-12-06;105.55000305175781;105.76000213623047;104.52999877929688;104.93000030517578;15476200;83.1236572265625
2017-12-07;103.94999694824219;105.19000244140625;103.7300033569336;104.62000274658203;13371800;82.8780746459961
2017-12-08;104.75;105.94000244140625;104.33999633789062;105.93000030517578;13506900;83.91584014892578
2017-12-11;105.72000122070312;106.05999755859375;105.30999755859375;105.62000274658203;10591200;83.67021942138672
2017-12-12;106.91000366210938;107.37000274658203;105.54000091552734;106.8499984741211;15508800;84.6446304321289
2017-12-13;106.69999694824219;107.11000061035156;105.4800033569336;105.51000213623047;15020300;83.58309936523438
2017-12-14;106.12000274658203;106.44999694824219;104.63999938964844;104.66000366210938;13034200;82.90975952148438
2017-12-15;105.79000091552734;106.5199966430664;105.19999694824219;106.13999938964844;29350600;84.0821762084961
2017-12-18;107.19000244140625;107.62999725341797;106.4800033569336;106.95999908447266;12713100;84.73175811767578
2017-12-19;107.3499984741211;107.48999786376953;106.44000244140625;106.51000213623047;12149900;84.37529754638672
2017-12-20;107.5999984741211;107.7300033569336;106.08999633789062;106.13999938964844;13091500;84.0821762084961
2017-12-21;106.58999633789062;108.06999969482422;106.55999755859375;107.83000183105469;12323700;85.42098236083984
2017-12-22;108.19999694824219;108.45999908447266;106.80999755859375;107.44999694824219;14573400;85.11994934082031
2017-12-26;107.19999694824219;107.98999786376953;106.4000015258789;107.0199966430664;7403700;84.77931213378906
2017-12-27;106.66999816894531;107.29000091552734;106.66999816894531;107.22000122070312;9496500;84.93773651123047
2017-12-28;107.4000015258789;107.83999633789062;107.16000366210938;107.79000091552734;7440600;85.38926696777344
2017-12-29;108.08999633789062;108.27999877929688;106.94000244140625;106.94000244140625;8925700;84.7159194946289
2018-01-02;107.62999725341797;108.0199966430664;106.80999755859375;107.94999694824219;13578800;85.51602172851562
2018-01-03;107.86000061035156;108.48999786376953;107.4800033569336;108.05999755859375;11901000;85.60315704345703
2018-01-04;108.36000061035156;110.02999877929688;108.19999694824219;109.04000091552734;12953700;86.82948303222656
2018-01-05;109.26000213623047;109.55000305175781;107.77999877929688;108.33999633789062;14155000;86.2720718383789
2018-01-08;108.1500015258789;108.68000030517578;107.69999694824219;108.5;12466500;86.39949035644531
2018-01-09;108.72000122070312;109.62999725341797;108.48999786376953;109.05000305175781;13292300;86.83744812011719
2018-01-10;109.47000122070312;110.69999694824219;109.38999938964844;110.25;15834500;87.79301452636719
2018-01-11;110.66999816894531;110.93000030517578;110.05000305175781;110.83999633789062;13676800;88.26282501220703
2018-01-12;111.6500015258789;112.8499984741211;110.83999633789062;112.66999816894531;18884200;89.72008514404297
2018-01-16;111.51000213623047;113.43000030517578;111.06999969482422;112.2699966430664;22703300;89.40157318115234
2018-01-17;111.88999938964844;113.30000305175781;111.30999755859375;112.98999786376953;14940300;89.97489929199219
2018-01-18;112.76000213623047;113.72000122070312;112.2699966430664;113.26000213623047;14572900;90.18989562988281
2018-01-19;113.94000244140625;114.33999633789062;112.80000305175781;113.01000213623047;18785500;89.99085235595703
2018-01-22;112.66000366210938;114.38999938964844;112.5;114.33000183105469;12475700;91.04196166992188
2018-01-23;113.66999816894531;114.63999938964844;113.3499984741211;114.20999908447266;12320800;90.9464340209961
2018-01-24;114.86000061035156;116.0;114.66000366210938;115.66999816894531;15904500;92.10901641845703
2018-01-25;116.04000091552734;116.16999816894531;115.08000183105469;115.69999694824219;13510000;92.13288879394531
2018-01-26;115.69999694824219;116.31999969482422;114.95999908447266;116.31999969482422;13883900;92.62661743164062
2018-01-29;116.0199966430664;117.3499984741211;116.0199966430664;116.19999694824219;11679900;92.53104400634766
2018-01-30;115.52999877929688;116.5999984741211;114.9800033569336;115.11000061035156;14279100;91.66307067871094
2018-01-31;115.6500015258789;116.66000366210938;115.16000366210938;115.66999816894531;13141400;92.10901641845703
2018-02-01;115.7699966430664;116.98999786376953;115.4800033569336;116.87000274658203;13800600;93.0645751953125
2018-02-02;116.48999786376953;116.91999816894531;114.08999633789062;114.27999877929688;16477300;91.00215148925781
2018-02-05;113.0;114.58999633789062;103.9800033569336;108.80000305175781;30097600;86.63838195800781
2018-02-06;106.8499984741211;112.4800033569336;106.61000061035156;112.11000061035156;33114800;89.27413940429688
2018-02-07;111.55000305175781;114.44999694824219;111.1500015258789;112.87000274658203;21878300;89.87934112548828
2018-02-08;113.11000061035156;113.11000061035156;107.83999633789062;107.87999725341797;27425800;85.90574645996094
2018-02-09;109.0999984741211;111.05000305175781;106.2300033569336;110.04000091552734;28188000;87.62580108642578
2018-02-12;111.16999816894531;112.7300033569336;110.06999969482422;111.73999786376953;18043300;88.97953033447266
2018-02-13;111.31999969482422;113.05000305175781;110.80000305175781;112.43000030517578;16358200;89.52897644042969
2018-02-14;112.62999725341797;115.2699966430664;112.52999877929688;115.02999877929688;15186900;91.59938049316406
2018-02-15;115.73999786376953;115.98999786376953;114.22000122070312;115.51000213623047;12130200;91.98160552978516
2018-02-16;114.55000305175781;116.06999969482422;114.5;114.68000030517578;13214300;91.32067108154297
2018-02-20;114.6500015258789;115.38999938964844;113.97000122070312;114.70999908447266;13461500;91.34455108642578
2018-02-21;115.0;117.44999694824219;114.66999816894531;115.19000244140625;14212500;91.72679138183594
2018-02-22;115.5;116.43000030517578;114.76000213623047;114.9800033569336;17070400;91.55956268310547
2018-02-23;115.30999755859375;117.38999938964844;115.30999755859375;117.30999755859375;12162500;93.41495513916016
2018-02-26;118.13999938964844;118.9000015258789;117.31999969482422;118.7699966430664;16511200;94.57756805419922
2018-02-27;118.91000366210938;119.33000183105469;117.3499984741211;117.36000061035156;17563300;93.45476531982422
2018-02-28;117.81999969482422;118.48999786376953;115.33999633789062;115.5;17735600;91.97364807128906
2018-03-01;115.4800033569336;116.63999938964844;112.6500015258789;113.43000030517578;18690000;90.3252944946289
2018-03-02;112.38999938964844;113.55999755859375;111.12000274658203;113.31999969482422;18353700;90.2376708984375
2018-03-05;112.05000305175781;115.93000030517578;111.88999938964844;115.05999755859375;13933000;91.62327575683594
2018-03-06;115.63999938964844;115.81999969482422;114.31999969482422;115.16000366210938;10674400;91.7029037475586
2018-03-07;113.75;115.0999984741211;113.11000061035156;114.7300033569336;13006500;91.36048126220703
2018-03-08;115.11000061035156;115.2300033569336;113.20999908447266;114.73999786376953;11173700;91.36844635009766
2018-03-09;116.55000305175781;118.08000183105469;115.66999816894531;118.04000091552734;15366600;93.99625396728516
2018-03-12;118.0;118.75;117.25;117.66000366210938;12339300;93.69366455078125
2018-03-13;118.19999694824219;118.47000122070312;115.83000183105469;116.25;13312300;92.57084655761719
2018-03-14;116.55999755859375;116.58999633789062;114.5999984741211;114.94999694824219;12905100;91.5356674194336
2018-03-15;115.87000274658203;116.0;114.83000183105469;115.23999786376953;8748000;91.76661682128906
2018-03-16;115.33999633789062;116.5999984741211;115.33999633789062;115.44000244140625;19888900;91.92586517333984
2018-03-19;115.0999984741211;115.44999694824219;113.30000305175781;114.52999877929688;13214900;91.20121765136719
2018-03-20;114.87000274658203;115.44999694824219;114.44999694824219;114.63999938964844;9921200;91.288818359375
2018-03-21;114.80999755859375;116.62999725341797;114.20999908447266;114.73999786376953;13633000;91.36844635009766
2018-03-22;113.19999694824219;113.5999984741211;109.54000091552734;109.94999694824219;22550400;87.55412292480469
2018-03-23;110.2699966430664;110.91999816894531;106.76000213623047;107.01000213623047;23081500;85.21297454833984
2018-03-26;109.19000244140625;111.16000366210938;108.6500015258789;110.30999755859375;20217500;87.84078979492188
2018-03-27;111.06999969482422;111.69000244140625;107.30000305175781;108.16999816894531;18039900;86.13668823242188
2018-03-28;108.27999877929688;109.16999816894531;106.6500015258789;108.0;19189300;86.00132751464844
2018-03-29;108.5;110.77999877929688;107.77999877929688;109.97000122070312;13274600;87.570068359375
2018-04-02;109.95999908447266;110.7300033569336;106.08000183105469;107.8499984741211;18822500;85.88187408447266
2018-04-03;108.36000061035156;109.5;107.26000213623047;109.33000183105469;14050700;87.06040954589844
2018-04-04;107.0999984741211;111.20999908447266;107.0199966430664;110.98999786376953;15302600;88.38229370117188
2018-04-05;111.62999725341797;112.83000183105469;111.38999938964844;111.87999725341797;16627000;89.54280853271484
2018-04-06;110.55000305175781;111.55000305175781;107.81999969482422;109.08999633789062;18906000;87.309814453125
2018-04-09;110.01000213623047;112.9800033569336;109.88999938964844;110.4000015258789;15974300;88.3582992553711
2018-04-10;112.12999725341797;112.87000274658203;111.41999816894531;112.51000213623047;13951400;90.04701232910156
2018-04-11;111.66000366210938;111.80999755859375;110.5199966430664;110.62000274658203;14503300;88.53436279296875
2018-04-12;111.55999755859375;114.38999938964844;111.5;113.37000274658203;16435500;90.73530578613281
2018-04-13;115.0199966430664;115.1500015258789;109.05000305175781;110.30000305175781;39152800;88.27825164794922
2018-04-16;110.94000244140625;111.47000122070312;109.79000091552734;110.20999908447266;16580500;88.20621490478516
2018-04-17;111.37000274658203;111.91999816894531;109.98999786376953;110.20999908447266;15501400;88.20621490478516
2018-04-18;110.52999877929688;111.06999969482422;108.88999938964844;109.31999969482422;16081400;87.493896484375
2018-04-19;109.52999877929688;111.87000274658203;109.5;111.72000122070312;17911000;89.41474151611328
2018-04-20;112.30000305175781;112.73999786376953;110.87999725341797;111.47000122070312;15584400;89.21463775634766
2018-04-23;111.56999969482422;111.94999694824219;110.62999725341797;110.93000030517578;11285800;88.78246307373047
2018-04-24;111.75;112.9000015258789;109.58999633789062;110.41000366210938;16453100;88.36627960205078
2018-04-25;110.2699966430664;110.52999877929688;108.5999984741211;109.98999786376953;13548200;88.0301513671875
2018-04-26;109.97000122070312;110.81999969482422;109.33999633789062;110.0999984741211;10299500;88.1181640625
2018-04-27;109.55000305175781;110.16000366210938;109.12999725341797;109.4000015258789;9384000;87.55789947509766
2018-04-30;109.75;110.30000305175781;108.75;108.77999877929688;13744900;87.06172943115234
2018-05-01;108.44999694824219;108.97000122070312;107.54000091552734;108.77999877929688;10503400;87.06172943115234
2018-05-02;108.11000061035156;109.48999786376953;107.7300033569336;107.91999816894531;12162100;86.3734130859375
2018-05-03;107.58999633789062;107.7699966430664;105.18000030517578;107.23999786376953;15379100;85.82919311523438
2018-05-04;106.43000030517578;108.73999786376953;105.9800033569336;108.43000030517578;11967900;86.78157806396484
2018-05-07;108.76000213623047;109.68000030517578;108.36000061035156;109.37000274658203;9356700;87.53392791748047
2018-05-08;109.52999877929688;111.33999633789062;109.27999877929688;110.98999786376953;12543200;88.8304672241211
2018-05-09;111.44000244140625;113.63999938964844;111.02999877929688;113.41000366210938;11368100;90.76731872558594
2018-05-10;113.19000244140625;114.44000244140625;112.75;114.29000091552734;9159700;91.47163391113281
2018-05-11;114.48999786376953;114.7300033569336;113.66999816894531;113.86000061035156;10253000;91.12747955322266
2018-05-14;114.11000061035156;114.69999694824219;113.73999786376953;113.9000015258789;8710700;91.15949249267578
2018-05-15;113.91000366210938;113.91000366210938;112.56999969482422;113.02999877929688;11536200;90.46318054199219
2018-05-16;112.88999938964844;113.69000244140625;112.62999725341797;113.33999633789062;7571100;90.71128845214844
2018-05-17;113.19999694824219;113.41000366210938;112.19999694824219;112.95999908447266;8617200;90.40717315673828
2018-05-18;112.75;112.80000305175781;110.83999633789062;111.12999725341797;11806300;88.94252014160156
2018-05-21;112.05000305175781;112.54000091552734;111.91999816894531;112.1500015258789;9441900;89.75890350341797
2018-05-22;112.3499984741211;114.29000091552734;112.29000091552734;113.01000213623047;11507600;90.44719696044922
2018-05-23;112.51000213623047;112.7699966430664;111.12000274658203;112.48999786376953;11453900;90.03101348876953
2018-05-24;112.13999938964844;112.1500015258789;110.12000274658203;111.2300033569336;14084800;89.02256774902344
2018-05-25;110.45999908447266;111.08000183105469;110.19999694824219;110.66000366210938;8283500;88.56636810302734
2018-05-29;109.18000030517578;109.19999694824219;104.95999908447266;105.93000030517578;30643800;84.78073120117188
2018-05-30;107.63999938964844;108.5999984741211;106.6500015258789;108.3499984741211;17490800;86.71755981445312
2018-05-31;107.94999694824219;108.19000244140625;106.41999816894531;107.01000213623047;19808200;85.64511108398438
2018-06-01;108.33999633789062;108.94000244140625;107.80000305175781;108.4000015258789;13594200;86.7575912475586
2018-06-04;108.98999786376953;109.26000213623047;108.2699966430664;108.44999694824219;9415400;86.79759979248047
2018-06-05;108.23999786376953;108.30999755859375;107.06999969482422;107.83999633789062;10415200;86.30939483642578
2018-06-06;108.66000366210938;110.73999786376953;108.4800033569336;110.36000061035156;15453600;88.32626342773438
2018-06-07;111.18000030517578;111.5;110.02999877929688;110.80000305175781;13444400;88.67840576171875
2018-06-08;110.62000274658203;111.13999938964844;110.05999755859375;111.11000061035156;10383200;88.92652893066406
2018-06-11;111.12000274658203;111.91000366210938;110.7699966430664;110.83000183105469;12642900;88.70242309570312
2018-06-12;111.13999938964844;111.52999877929688;109.5199966430664;110.19000244140625;15294100;88.190185546875
2018-06-13;110.45999908447266;111.44999694824219;109.58000183105469;109.97000122070312;14979700;88.0141372680664
2018-06-14;110.27999877929688;110.36000061035156;107.77999877929688;108.02999877929688;20487300;86.46147918701172
2018-06-15;107.80000305175781;108.37999725341797;106.2699966430664;107.9000015258789;26028600;86.35741424560547
2018-06-18;107.26000213623047;108.4000015258789;106.69000244140625;108.18000030517578;9786800;86.58152770996094
2018-06-19;106.9000015258789;107.87999725341797;106.5999984741211;107.55000305175781;12707200;86.07728576660156
2018-06-20;108.18000030517578;108.63999938964844;107.44000244140625;107.54000091552734;8876900;86.06929779052734
2018-06-21;107.0999984741211;108.20999908447266;106.52999877929688;107.51000213623047;11048700;86.04527282714844
2018-06-22;108.16000366210938;108.37000274658203;105.51000213623047;105.75;19478900;84.63666534423828
2018-06-25;105.66000366210938;105.69999694824219;103.95999908447266;104.79000091552734;16907600;83.86833190917969
2018-06-26;104.70999908447266;105.20999908447266;103.11000061035156;104.86000061035156;17086800;83.92435455322266
2018-06-27;104.68000030517578;105.91999816894531;103.2300033569336;103.23999786376953;16276800;82.62779235839844
2018-06-28;103.68000030517578;105.45999908447266;103.51000213623047;104.93000030517578;14491300;83.98039245605469
2018-06-29;106.68000030517578;106.9000015258789;104.1500015258789;104.19999694824219;18972400;83.39613342285156
2018-07-02;103.72000122070312;105.08999633789062;103.37999725341797;105.08000183105469;11130000;84.1004409790039
2018-07-03;105.41000366210938;105.77999877929688;103.5199966430664;103.61000061035156;8311700;82.92391967773438
2018-07-05;104.12999725341797;104.37999725341797;103.52999877929688;103.72000122070312;10723400;83.46307373046875
2018-07-06;103.12000274658203;104.5;102.19999694824219;104.05999755859375;12173700;83.7366714477539
2018-07-09;104.70999908447266;107.45999908447266;104.70999908447266;107.27999877929688;13900800;86.3277816772461
2018-07-10;108.0199966430664;108.4000015258789;106.52999877929688;106.62000274658203;14575900;85.79669189453125
2018-07-11;106.30999755859375;107.05999755859375;106.20999908447266;106.38999938964844;10186500;85.61160278320312
2018-07-12;107.41999816894531;107.55999755859375;105.97000122070312;106.8499984741211;12456800;85.98176574707031
2018-07-13;107.30000305175781;107.80000305175781;105.13999938964844;106.36000061035156;21289100;85.58746337890625
2018-07-16;107.05000305175781;110.7699966430664;106.9800033569336;110.58000183105469;24662600;88.9832763671875
2018-07-17;110.69000244140625;110.93000030517578;109.75;110.5;14821900;88.91889953613281
2018-07-18;110.41999816894531;112.12000274658203;110.19999694824219;111.52999877929688;14244900;89.74774932861328
2018-07-19;111.05999755859375;111.08999633789062;109.7300033569336;109.88999938964844;16775300;88.42807006835938
2018-07-20;110.0;111.73999786376953;109.77999877929688;111.27999877929688;13578100;89.54657745361328
2018-07-23;111.05999755859375;114.23999786376953;110.93000030517578;113.3499984741211;18140000;91.21228790283203
2018-07-24;113.55000305175781;114.77999877929688;113.41999816894531;114.1500015258789;14000400;91.8560562133789
2018-07-25;113.87999725341797;115.5199966430664;113.37999725341797;115.18000030517578;13329100;92.68487548828125
2018-07-26;115.41999816894531;115.58999633789062;114.58000183105469;114.8499984741211;11897800;92.4193344116211
2018-07-27;115.18000030517578;116.30000305175781;114.80999755859375;116.02999877929688;12802700;93.3688735961914
2018-07-30;116.27999877929688;117.61000061035156;116.05999755859375;116.7300033569336;13411600;93.93218231201172
2018-07-31;117.08000183105469;117.08000183105469;114.81999969482422;114.94999694824219;15843800;92.49980926513672
2018-08-01;115.75;116.69000244140625;115.27999877929688;115.66000366210938;13531600;93.07115173339844
2018-08-02;114.56999969482422;116.25;114.33000183105469;116.1500015258789;11058100;93.46542358398438
2018-08-03;116.0;117.12999725341797;115.94000244140625;117.08999633789062;11016100;94.22187805175781
2018-08-06;116.79000091552734;117.52999877929688;116.18000030517578;117.12000274658203;9857400;94.24598693847656
2018-08-07;117.73999786376953;118.29000091552734;117.33000183105469;117.55000305175781;10562100;94.59201049804688
2018-08-08;117.33000183105469;118.2699966430664;117.27999877929688;117.79000091552734;8997100;94.7851333618164
2018-08-09;117.51000213623047;117.72000122070312;116.69999694824219;116.87999725341797;9694200;94.05286407470703
2018-08-10;115.5;115.94999694824219;114.68000030517578;115.7300033569336;12630600;93.12747192382812
2018-08-13;115.55999755859375;115.87999725341797;113.81999969482422;113.88999938964844;10336300;91.64682006835938
2018-08-14;114.2699966430664;115.04000091552734;113.6500015258789;114.6500015258789;10597600;92.2583999633789
2018-08-15;113.81999969482422;114.33000183105469;112.97000122070312;113.69999694824219;10152100;91.49394226074219
2018-08-16;114.3499984741211;115.30999755859375;114.30000305175781;114.7699966430664;10118600;92.35497283935547
2018-08-17;114.63999938964844;115.06999969482422;114.30000305175781;114.7699966430664;8505100;92.35497283935547
2018-08-20;114.58999633789062;115.05000305175781;114.11000061035156;114.62000274658203;8618700;92.23426055908203
2018-08-21;115.37000274658203;116.38999938964844;114.87999725341797;115.31999969482422;10976700;92.79754638671875
2018-08-22;115.30999755859375;115.41000366210938;114.77999877929688;114.97000122070312;8314700;92.51591491699219
2018-08-23;114.95999908447266;115.1500015258789;114.43000030517578;114.7300033569336;9265400;92.32279205322266
2018-08-24;114.9800033569336;115.22000122070312;114.44999694824219;114.68000030517578;8845700;92.28255462646484
2018-08-27;115.22000122070312;117.27999877929688;115.16999816894531;116.70999908447266;13768000;93.91606903076172
2018-08-28;117.0;117.02999877929688;115.97000122070312;116.13999938964844;8302600;93.45735931396484
2018-08-29;116.3499984741211;116.37000274658203;115.36000061035156;115.76000213623047;7221700;93.151611328125
2018-08-30;115.58999633789062;116.04000091552734;114.9800033569336;115.19000244140625;8991800;92.69294738769531
2018-08-31;114.83000183105469;114.83999633789062;113.81999969482422;114.58000183105469;13065700;92.20204162597656
2018-09-04;114.33999633789062;115.23999786376953;113.62999725341797;115.1500015258789;10174200;92.6607666015625
2018-09-05;115.0;115.69999694824219;114.25;114.58999633789062;11462400;92.21012115478516
2018-09-06;114.5;114.69999694824219;113.5;114.0999984741211;9877600;91.8157958984375
2018-09-07;114.5;114.7699966430664;113.62999725341797;114.31999969482422;10955600;91.99283599853516
2018-09-10;114.8499984741211;114.97000122070312;113.66000366210938;113.70999908447266;8276900;91.5019760131836
2018-09-11;113.54000091552734;114.58000183105469;113.18000030517578;114.43000030517578;9333800;92.08135986328125
2018-09-12;114.25;114.87999725341797;112.8499984741211;113.08000183105469;10800800;90.99504089355469
2018-09-13;113.37000274658203;114.12999725341797;112.66999816894531;113.5199966430664;12470800;91.3490982055664
2018-09-14;113.80999755859375;114.48999786376953;113.2300033569336;113.5;10337900;91.33300018310547
2018-09-17;113.79000091552734;114.43000030517578;113.30000305175781;113.83999633789062;9561300;91.6065902709961
2018-09-18;114.33000183105469;114.66000366210938;113.55999755859375;114.30000305175781;7944200;91.97675323486328
2018-09-19;114.44000244140625;118.05999755859375;114.44000244140625;117.62000274658203;16052800;94.6483383178711
2018-09-20;118.5;119.23999786376953;118.08000183105469;118.62999725341797;15590000;95.4610824584961
2018-09-21;119.12999725341797;119.2300033569336;117.73999786376953;117.8499984741211;24788200;94.83343505859375
2018-09-24;117.76000213623047;118.45999908447266;116.43000030517578;116.72000122070312;12492500;93.92411041259766
2018-09-25;117.04000091552734;117.97000122070312;116.31999969482422;116.38999938964844;9308300;93.6585693359375
2018-09-26;116.75;116.87000274658203;114.66000366210938;115.0199966430664;14023600;92.55614471435547
2018-09-27;115.41999816894531;115.76000213623047;114.16000366210938;114.5199966430664;13283000;92.15379333496094
2018-09-28;113.6500015258789;114.23999786376953;112.5199966430664;112.83999633789062;15815100;90.80191802978516
2018-10-01;113.37000274658203;114.61000061035156;113.04000091552734;113.5;10146300;91.33300018310547
2018-10-02;113.36000061035156;114.12000274658203;112.80999755859375;113.97000122070312;13753100;91.7112045288086
2018-10-03;114.94000244140625;115.66000366210938;114.4800033569336;115.04000091552734;17142000;92.572265625
2018-10-04;114.55000305175781;116.80999755859375;114.20999908447266;115.2699966430664;16357400;93.4068603515625
2018-10-05;115.83000183105469;116.0999984741211;114.0199966430664;114.62000274658203;13777600;92.8801498413086
2018-10-08;114.25;115.77999877929688;113.3499984741211;115.31999969482422;14370900;93.44737243652344
2018-10-09;114.66999816894531;115.02999877929688;113.66999816894531;114.5199966430664;14069500;92.79912567138672
2018-10-10;114.69999694824219;114.94999694824219;111.47000122070312;111.47000122070312;23086400;90.32762145996094
2018-10-11;110.97000122070312;111.47000122070312;107.37999725341797;108.12999725341797;33705600;87.62108612060547
2018-10-12;110.37000274658203;110.83000183105469;105.5999984741211;106.94999694824219;32075700;86.66488647460938
2018-10-15;107.19999694824219;108.8499984741211;106.31999969482422;106.33999633789062;18903200;86.17059326171875
2018-10-16;107.16000366210938;108.77999877929688;106.7300033569336;108.62000274658203;19302800;88.01818084716797
2018-10-17;108.37999725341797;110.80000305175781;108.2300033569336;109.83000183105469;18794500;88.9986572265625
2018-10-18;109.0199966430664;109.83999633789062;107.80999755859375;108.08999633789062;17582500;87.58868408203125
2018-10-19;107.6500015258789;109.22000122070312;107.2699966430664;107.91000366210938;15234500;87.44281768798828
2018-10-22;108.1500015258789;108.33999633789062;106.11000061035156;106.36000061035156;16199100;86.18680572509766
2018-10-23;104.19999694824219;106.16000366210938;103.69999694824219;105.25;21407500;85.2873306274414
2018-10-24;104.76000213623047;105.02999877929688;102.91000366210938;103.29000091552734;23168900;83.69910430908203
2018-10-25;104.18000030517578;105.9000015258789;103.72000122070312;104.86000061035156;17464700;84.9713134765625
2018-10-26;104.0;104.55999755859375;102.7300033569336;103.41999816894531;19174900;83.80445098876953
2018-10-29;104.45999908447266;106.62999725341797;103.69999694824219;104.8499984741211;18445200;84.96321105957031
2018-10-30;105.70999908447266;106.9800033569336;104.86000061035156;106.69999694824219;18019700;86.46232604980469
2018-10-31;108.08000183105469;110.4800033569336;107.79000091552734;109.0199966430664;20860000;88.34227752685547
2018-11-01;109.62000274658203;110.22000122070312;108.31999969482422;108.9800033569336;13065000;88.30989074707031
2018-11-02;109.9000015258789;110.80999755859375;107.48999786376953;108.37999725341797;19009200;87.82367706298828
2018-11-05;108.61000061035156;109.29000091552734;108.41999816894531;109.08999633789062;10276400;88.3990249633789
2018-11-06;108.66999816894531;109.66999816894531;107.76000213623047;109.5999984741211;10825000;88.81228637695312
2018-11-07;110.37000274658203;111.7300033569336;109.3499984741211;111.4800033569336;12679600;90.33570861816406
2018-11-08;111.01000213623047;112.93000030517578;111.0;112.37999725341797;11662500;91.06501007080078
2018-11-09;112.2300033569336;112.36000061035156;110.83000183105469;111.29000091552734;10432200;90.1817626953125
2018-11-12;111.41999816894531;111.94000244140625;108.5999984741211;108.94999694824219;13279700;88.28558349609375
2018-11-13;109.0999984741211;111.12000274658203;109.0999984741211;109.58999633789062;13746100;88.8041763305664
2018-11-14;110.2300033569336;110.70999908447266;105.9800033569336;107.33000183105469;18361400;86.97283935546875
2018-11-15;108.23999786376953;110.08000183105469;106.80999755859375;110.06999969482422;19100000;89.1931381225586
2018-11-16;109.44999694824219;110.76000213623047;108.55000305175781;109.98999786376953;13798600;89.1283187866211
2018-11-19;109.95999908447266;111.19999694824219;109.52999877929688;110.83000183105469;13987000;89.8089828491211
2018-11-20;109.77999877929688;110.48999786376953;107.9800033569336;108.44999694824219;18936200;87.88040161132812
2018-11-21;109.02999877929688;109.61000061035156;107.63999938964844;107.63999938964844;10619600;87.22404479980469
2018-11-23;106.73999786376953;107.38999938964844;106.05999755859375;106.6500015258789;6488400;86.42182922363281
2018-11-26;107.72000122070312;109.9800033569336;107.44999694824219;109.26000213623047;13948300;88.53677368164062
2018-11-27;108.76000213623047;110.02999877929688;108.62999725341797;109.72000122070312;9238200;88.90953826904297
2018-11-28;109.80000305175781;111.4000015258789;108.87000274658203;110.94000244140625;13977300;89.89816284179688
2018-11-29;110.2699966430664;110.80000305175781;109.63999938964844;110.05999755859375;11144300;89.1850357055664
2018-11-30;109.8499984741211;111.31999969482422;109.58000183105469;111.19000244140625;18652700;90.10072326660156
2018-12-03;112.37999725341797;112.88999938964844;111.73999786376953;112.23999786376953;16034500;90.95158386230469
2018-12-04;111.5999984741211;111.5999984741211;106.7300033569336;107.2300033569336;23555900;86.8918228149414
2018-12-06;105.01000213623047;105.36000061035156;102.87999725341797;105.19000244140625;27213900;85.23873138427734
2018-12-07;105.16000366210938;106.9800033569336;102.91000366210938;103.29000091552734;19248600;83.69910430908203
2018-12-10;102.87000274658203;103.48999786376953;99.27999877929688;101.36000061035156;23636400;82.13517761230469
2018-12-11;103.12999725341797;103.66000366210938;100.20999908447266;100.37000274658203;16860700;81.33292388916016
2018-12-12;101.66000366210938;102.9000015258789;100.05999755859375;101.0199966430664;22621500;81.85964965820312
2018-12-13;101.55000305175781;101.97000122070312;100.66999816894531;101.12000274658203;17250900;81.94068908691406
2018-12-14;99.98999786376953;101.94000244140625;99.86000061035156;100.29000091552734;19879500;81.26809692382812
2018-12-17;99.7699966430664;100.55999755859375;98.44000244140625;99.01000213623047;25113500;80.23090362548828
2018-12-18;99.41999816894531;100.88999938964844;98.12000274658203;98.54000091552734;20837200;79.85003662109375
2018-12-19;98.41000366210938;100.58000183105469;96.5999984741211;97.29000091552734;28767900;78.83711242675781
2018-12-20;96.61000061035156;98.27999877929688;95.69000244140625;96.44999694824219;31825200;78.15644073486328
2018-12-21;96.68000030517578;98.43000030517578;93.69000244140625;94.16999816894531;41313900;76.3088607788086
2018-12-24;92.88999938964844;94.22000122070312;92.13999938964844;92.13999938964844;17009300;74.66390228271484
2018-12-26;92.69000244140625;95.95999908447266;91.11000061035156;95.95999908447266;22542900;77.75936126708984
2018-12-27;94.81999969482422;97.1500015258789;93.55000305175781;97.04000091552734;20304700;78.63450622558594
2018-12-28;97.94999694824219;98.31999969482422;96.44000244140625;96.83000183105469;17963300;78.46435546875
2018-12-31;97.58999633789062;98.80999755859375;96.7699966430664;97.62000274658203;13237200;79.10452270507812
2019-01-02;95.94999694824219;99.77999877929688;95.94000244140625;99.30999755859375;15670900;80.47398376464844
2019-01-03;98.63999938964844;98.88999938964844;96.69000244140625;97.11000061035156;16286400;79.33030700683594
2019-01-04;99.11000061035156;100.93000030517578;98.27999877929688;100.69000244140625;16935200;82.25483703613281
2019-01-07;100.43000030517578;101.47000122070312;99.70999908447266;100.76000213623047;15430700;82.31201171875
2019-01-08;101.62999725341797;101.81999969482422;99.55000305175781;100.56999969482422;13578800;82.15680694580078
2019-01-09;100.80999755859375;101.48999786376953;99.93000030517578;100.4000015258789;14230300;82.01795959472656
2019-01-10;100.0199966430664;100.7300033569336;99.2699966430664;100.38999938964844;14376100;82.00978088378906
2019-01-11;99.88999938964844;100.16999816894531;98.94999694824219;99.91000366210938;15439900;81.6176528930664
2019-01-14;98.87000274658203;101.36000061035156;98.66000366210938;100.94000244140625;21258500;82.45909881591797
2019-01-15;98.88999938964844;102.47000122070312;98.5999984741211;101.68000030517578;26504900;83.06360626220703
2019-01-16;102.25;103.44999694824219;101.80000305175781;102.5;18533000;83.73345184326172
2019-01-17;102.11000061035156;103.5;101.91999816894531;102.91999816894531;14247600;84.07655334472656
2019-01-18;103.7699966430664;104.9000015258789;102.83000183105469;104.58999633789062;16428700;85.4407730102539
2019-01-22;103.08000183105469;103.58999633789062;102.12999725341797;102.94000244140625;17083700;84.09291076660156
2019-01-23;103.44000244140625;103.69999694824219;101.97000122070312;102.68000030517578;12146700;83.88053131103516
2019-01-24;102.12999725341797;103.08999633789062;101.94000244140625;102.73999786376953;11296800;83.92951965332031
2019-01-25;103.51000213623047;104.30999755859375;102.73999786376953;103.38999938964844;14369400;84.46051025390625
2019-01-28;102.88999938964844;104.23999786376953;102.58999633789062;103.87999725341797;12283100;84.86079406738281
2019-01-29;103.87999725341797;105.11000061035156;103.7300033569336;104.16999816894531;9743300;85.09769439697266
2019-01-30;104.13999938964844;105.23999786376953;103.77999877929688;104.41000366210938;12526300;85.29376220703125
2019-01-31;103.41000366210938;103.80000305175781;102.7300033569336;103.5;17520600;84.55036163330078
2019-02-01;104.0;104.8499984741211;103.5199966430664;103.87999725341797;13000800;84.86079406738281
2019-02-04;103.79000091552734;104.25;103.01000213623047;104.25;9871500;85.16304779052734
2019-02-05;104.5199966430664;104.55000305175781;103.29000091552734;103.79000091552734;12763000;84.78726959228516
2019-02-06;103.70999908447266;104.62000274658203;103.47000122070312;103.73999786376953;8745000;84.74642181396484
2019-02-07;103.25;103.5;101.44000244140625;102.37999725341797;13177500;83.63542175292969
2019-02-08;102.08000183105469;102.33999633789062;100.05999755859375;101.36000061035156;12892600;82.80218505859375
2019-02-11;101.76000213623047;102.01000213623047;100.7699966430664;100.87999725341797;10978500;82.4100570678711
2019-02-12;101.94999694824219;102.91999816894531;101.88999938964844;102.5999984741211;12852300;83.81514739990234
2019-02-13;102.9000015258789;103.8499984741211;102.9000015258789;103.08999633789062;10754100;84.21544647216797
2019-02-14;102.47000122070312;103.0999984741211;101.3499984741211;102.41999816894531;11518500;83.66809844970703
2019-02-15;103.9000015258789;105.69999694824219;103.66000366210938;105.55000305175781;14716900;86.22504425048828
2019-02-19;104.91000366210938;105.37000274658203;103.80999755859375;105.18000030517578;12764900;85.92276763916016
2019-02-20;105.20999908447266;105.80000305175781;104.87999725341797;105.69000244140625;10030300;86.33942413330078
2019-02-21;105.44999694824219;105.98999786376953;104.95999908447266;105.47000122070312;8400100;86.15967559814453
2019-02-22;105.69999694824219;106.08999633789062;104.77999877929688;105.0;10647300;85.77574157714844
2019-02-25;105.75;107.2699966430664;105.69000244140625;106.0999984741211;11230700;86.6743392944336
2019-02-26;104.5;105.47000122070312;103.94000244140625;105.29000091552734;15465400;86.01264953613281
2019-02-27;105.18000030517578;105.37999725341797;104.51000213623047;105.16000366210938;9968800;85.90645599365234
2019-02-28;105.01000213623047;105.20999908447266;104.18000030517578;104.36000061035156;15156900;85.2529296875
2019-03-01;105.0999984741211;105.91000366210938;104.19999694824219;104.43000030517578;13813300;85.31009674072266
2019-03-04;104.91999816894531;105.91999816894531;103.2699966430664;104.19000244140625;12466300;85.1140365600586
2019-03-05;104.12999725341797;104.55000305175781;103.26000213623047;104.11000061035156;10856600;85.04866790771484
2019-03-06;103.86000061035156;104.56999969482422;103.55000305175781;103.72000122070312;9070800;84.73009490966797
2019-03-07;103.25;103.47000122070312;102.16000366210938;102.97000122070312;12705700;84.11738586425781
2019-03-08;101.98999786376953;103.2300033569336;101.98999786376953;103.01000213623047;10582400;84.15007781982422
2019-03-11;103.9800033569336;104.55000305175781;103.66000366210938;104.3499984741211;9763200;85.24475860595703
2019-03-12;104.58999633789062;104.79000091552734;103.75;104.04000091552734;10219100;84.99150848388672
2019-03-13;104.19000244140625;104.9800033569336;103.94999694824219;104.38999938964844;13022200;85.27742767333984
2019-03-14;104.5;105.87000274658203;104.45999908447266;105.33999633789062;10926500;86.05350494384766
2019-03-15;105.41000366210938;106.80000305175781;105.2300033569336;106.55000305175781;24811700;87.04195404052734
2019-03-18;106.55000305175781;107.79000091552734;106.5;107.19000244140625;12935500;87.56475830078125
2019-03-19;108.19999694824219;108.4000015258789;106.55000305175781;106.80000305175781;12889300;87.2461929321289
2019-03-20;106.43000030517578;106.6500015258789;104.41000366210938;104.5199966430664;14920700;85.38362121582031
2019-03-21;103.48999786376953;103.48999786376953;102.27999877929688;102.87000274658203;19751000;84.03571319580078
2019-03-22;101.81999969482422;102.31999969482422;99.5199966430664;99.76000213623047;31115200;81.4951171875
2019-03-25;99.58999633789062;100.56999969482422;98.08999633789062;98.93000030517578;21032300;80.81707763671875
2019-03-26;99.81999969482422;100.4000015258789;98.81999969482422;99.91999816894531;15987100;81.62580871582031
2019-03-27;99.87999725341797;100.44999694824219;99.08000183105469;99.58000183105469;12753200;81.34809875488281
2019-03-28;100.0;100.80000305175781;99.73999786376953;100.70999908447266;12454100;82.27118682861328
2019-03-29;101.54000091552734;101.98999786376953;100.58999633789062;101.2300033569336;14523400;82.69597625732422
2019-04-01;102.1500015258789;104.68000030517578;102.12000274658203;104.63999938964844;17499300;85.48163604736328
2019-04-02;104.5999984741211;105.44000244140625;104.33000183105469;105.13999938964844;10295400;85.89012145996094
2019-04-03;105.80999755859375;106.36000061035156;104.79000091552734;105.3499984741211;11499200;86.0616455078125
2019-04-04;104.55000305175781;105.7300033569336;104.44999694824219;105.55999755859375;11952100;86.89303588867188
2019-04-05;105.80000305175781;106.11000061035156;104.98999786376953;105.30999755859375;9933700;86.68727111816406
2019-04-08;105.11000061035156;105.6500015258789;104.91000366210938;105.6500015258789;8056300;86.9671401977539
2019-04-09;105.08000183105469;105.19999694824219;104.25;104.87000274658203;9092200;86.32510375976562
2019-04-10;105.12999725341797;105.72000122070312;104.47000122070312;105.33999633789062;10882300;86.71196746826172
2019-04-11;105.70999908447266;106.7300033569336;105.55999755859375;106.2300033569336;11183800;87.44457244873047
2019-04-12;109.44000244140625;111.8499984741211;108.87999725341797;111.20999908447266;25834100;91.54390716552734
2019-04-15;110.91999816894531;111.0;109.12000274658203;109.94000244140625;15163800;90.4985122680664
2019-04-16;109.9000015258789;111.38999938964844;109.86000061035156;111.0999984741211;11583200;91.45338439941406
2019-04-17;111.69999694824219;114.66000366210938;111.01000213623047;114.30000305175781;17791900;94.0875015258789
2019-04-18;114.52999877929688;114.94999694824219;113.33000183105469;113.45999908447266;12501900;93.39602661132812
2019-04-22;112.83000183105469;113.93000030517578;112.66000366210938;113.5999984741211;7975900;93.51128387451172
2019-04-23;113.0;114.37000274658203;112.8499984741211;113.73999786376953;9193100;93.62652587890625
2019-04-24;113.26000213623047;114.1500015258789;112.80999755859375;113.55000305175781;9245700;93.4701156616211
2019-04-25;113.01000213623047;114.1500015258789;112.5;113.61000061035156;9311800;93.51953887939453
2019-04-26;113.94999694824219;114.58000183105469;113.5999984741211;114.47000122070312;7889300;94.2273941040039
2019-04-29;114.5999984741211;117.16000366210938;114.44999694824219;116.12000274658203;14242200;95.58564758300781
2019-04-30;116.43000030517578;116.72000122070312;115.26000213623047;116.05000305175781;11389100;95.52803802490234
2019-05-01;115.72000122070312;117.0;115.11000061035156;115.16000366210938;10412900;94.79541015625
2019-05-02;115.16999816894531;115.77999877929688;114.58000183105469;115.41000366210938;8613300;95.00121307373047
2019-05-03;116.0;116.68000030517578;115.66999816894531;116.12000274658203;8185400;95.58564758300781
2019-05-06;114.18000030517578;115.47000122070312;113.72000122070312;115.08999633789062;9387000;94.73778533935547
2019-05-07;114.02999877929688;114.02999877929688;112.29000091552734;113.20999908447266;15017700;93.1902847290039
2019-05-08;112.66000366210938;113.66999816894531;112.45999908447266;112.61000061035156;9575800;92.69635009765625
2019-05-09;111.13999938964844;112.73999786376953;110.58000183105469;112.5199966430664;12205900;92.62228393554688
2019-05-10;111.75;112.83999633789062;110.54000091552734;112.51000213623047;13189000;92.61399841308594
2019-05-13;110.08000183105469;110.44999694824219;108.9800033569336;109.44999694824219;13783700;90.09518432617188
2019-05-14;109.55000305175781;111.72000122070312;109.5;110.31999969482422;10503600;90.81131744384766
2019-05-15;109.20999908447266;110.9000015258789;108.61000061035156;109.9000015258789;10142000;90.46558380126953
2019-05-16;110.62000274658203;112.16999816894531;110.58999633789062;111.30999755859375;9672700;91.6262435913086
2019-05-17;110.0;111.75;109.83000183105469;110.7699966430664;9570100;91.18174743652344
2019-05-20;110.58000183105469;111.80999755859375;110.37000274658203;111.3499984741211;8518200;91.65917205810547
2019-05-21;111.44000244140625;111.91999816894531;111.22000122070312;111.7300033569336;7967900;91.97197723388672
2019-05-22;111.4000015258789;111.79000091552734;110.75;110.81999969482422;7918900;91.222900390625
2019-05-23;109.63999938964844;109.79000091552734;107.5;108.63999938964844;14558000;89.42839813232422
2019-05-24;109.5199966430664;109.95999908447266;109.19000244140625;109.70999908447266;8537300;90.30918884277344
2019-05-28;109.19999694824219;109.83000183105469;108.44000244140625;108.5199966430664;11665500;89.3296127319336
2019-05-29;107.44999694824219;108.4000015258789;107.05999755859375;108.22000122070312;9966400;89.0826644897461
2019-05-30;108.6500015258789;109.18000030517578;106.54000091552734;107.05999755859375;10367800;88.1278076171875
2019-05-31;105.55999755859375;106.58999633789062;104.83999633789062;105.95999908447266;10952800;87.22233581542969
2019-06-03;105.80000305175781;106.86000061035156;105.30000305175781;106.45999908447266;11680700;87.63389587402344
2019-06-04;107.8499984741211;109.9000015258789;107.12999725341797;109.73999786376953;12858600;90.33386993408203
2019-06-05;109.86000061035156;110.37999725341797;108.63999938964844;110.12999725341797;8340500;90.6549072265625
2019-06-06;110.1500015258789;110.87000274658203;108.93000030517578;110.37000274658203;8726700;90.85245513916016
2019-06-07;109.69999694824219;110.0199966430664;108.95999908447266;109.16000366210938;10618900;89.85645294189453
2019-06-10;110.75;111.20999908447266;110.22000122070312;110.33999633789062;11380600;90.82777404785156
2019-06-11;110.81999969482422;111.56999969482422;110.37000274658203;110.68000030517578;9847700;91.1076431274414
2019-06-12;110.69999694824219;110.9000015258789;108.88999938964844;109.2699966430664;9670500;89.94698333740234
2019-06-13;109.45999908447266;110.16000366210938;109.05000305175781;109.54000091552734;8406900;90.16925048828125
2019-06-14;109.56999969482422;110.30000305175781;108.62999725341797;109.81999969482422;9077400;90.39974212646484
2019-06-17;109.69999694824219;110.37000274658203;109.05999755859375;109.22000122070312;8128600;89.90583801269531
2019-06-18;109.01000213623047;111.41000366210938;108.9800033569336;110.70999908447266;11057300;91.1323471069336
2019-06-19;110.81999969482422;111.58999633789062;109.69999694824219;109.91000366210938;13126500;90.47380828857422
2019-06-20;110.87999725341797;111.08999633789062;109.02999877929688;110.19000244140625;13638000;90.70429992675781
2019-06-21;110.19000244140625;111.66999816894531;109.08999633789062;109.44000244140625;27089500;90.0869140625
2019-06-24;109.27999877929688;109.7699966430664;108.54000091552734;108.66000366210938;13039600;89.44486999511719
2019-06-25;108.68000030517578;108.9800033569336;107.66999816894531;107.76000213623047;18660100;88.70402526855469
2019-06-26;108.30000305175781;109.30999755859375;108.16000366210938;108.4800033569336;10324600;89.29670715332031
2019-06-27;108.83999633789062;109.55000305175781;108.44000244140625;108.83999633789062;10906600;89.593017578125
2019-06-28;111.04000091552734;112.43000030517578;110.9000015258789;111.80000305175781;21634700;92.02959442138672
2019-07-01;113.2300033569336;114.5199966430664;113.08000183105469;113.68000030517578;12724500;93.5771484375
2019-07-02;113.51000213623047;114.19999694824219;113.22000122070312;113.80000305175781;10174900;93.67591857910156
2019-07-03;113.33999633789062;113.87000274658203;112.26000213623047;112.81999969482422;6849400;93.52669525146484
2019-07-05;113.51000213623047;114.2699966430664;112.91999816894531;113.48999786376953;7929400;94.08209991455078
2019-07-08;112.95999908447266;113.4800033569336;112.5;112.87000274658203;6917200;93.56815338134766
2019-07-09;112.27999877929688;113.48999786376953;112.1500015258789;113.3499984741211;8947300;93.96604919433594
2019-07-10;113.37000274658203;113.83000183105469;112.73999786376953;113.0199966430664;9242300;93.69249725341797
2019-07-11;113.37000274658203;114.36000061035156;113.12000274658203;114.0999984741211;11595200;94.58780670166016
2019-07-12;114.12999725341797;115.3499984741211;113.93000030517578;115.30000305175781;10783400;95.58261108398438
2019-07-15;115.54000091552734;115.56999969482422;113.52999877929688;113.9000015258789;12946600;94.4219970703125
2019-07-16;113.4800033569336;115.5;112.91999816894531;115.12000274658203;16945000;95.4333724975586
2019-07-17;114.43000030517578;114.94000244140625;113.7300033569336;113.98999786376953;13120900;94.49664306640625
2019-07-18;113.93000030517578;115.06999969482422;113.55000305175781;114.66999816894531;9397200;95.06031036376953
2019-07-19;114.88999938964844;115.12000274658203;113.4000015258789;113.54000091552734;10402800;94.12358856201172
2019-07-22;112.91000366210938;114.44999694824219;112.7699966430664;114.2699966430664;9061100;94.7287368774414
2019-07-23;114.87999725341797;116.44999694824219;114.81999969482422;116.36000061035156;12752200;96.46131896972656
2019-07-24;115.58000183105469;116.87999725341797;115.5199966430664;116.83000183105469;10011000;96.8509521484375
2019-07-25;116.88999938964844;117.23999786376953;115.31999969482422;115.70999908447266;10138400;95.92247009277344
2019-07-26;115.7699966430664;116.51000213623047;115.52999877929688;116.22000122070312;12800400;96.34526062011719
2019-07-29;116.45999908447266;117.18000030517578;115.79000091552734;115.8499984741211;8500400;96.03854370117188
2019-07-30;115.19000244140625;116.08000183105469;114.76000213623047;115.58999633789062;7121100;95.822998046875
2019-07-31;116.0999984741211;116.18000030517578;114.86000061035156;116.0;13648000;96.16288757324219
2019-08-01;115.33000183105469;116.80000305175781;112.5999984741211;112.94000244140625;15664500;93.62618255615234
2019-08-02;112.4000015258789;113.43000030517578;111.4000015258789;112.93000030517578;11025500;93.61787414550781
2019-08-05;110.79000091552734;110.9800033569336;108.2699966430664;109.56999969482422;15855300;90.83246612548828
2019-08-06;110.05000305175781;110.5;108.33999633789062;110.43000030517578;10203500;91.54542541503906
2019-08-07;108.0;108.27999877929688;105.94000244140625;108.02999877929688;17320900;89.55584716796875
2019-08-08;109.05000305175781;110.08000183105469;108.72000122070312;109.86000061035156;10903300;91.07289123535156
2019-08-09;109.3499984741211;110.44999694824219;108.29000091552734;109.73999786376953;9980800;90.97340393066406
2019-08-12;108.44000244140625;108.51000213623047;107.20999908447266;107.68000030517578;9393700;89.26567077636719
2019-08-13;107.94999694824219;110.33000183105469;107.02999877929688;109.33999633789062;12124700;90.64180755615234
2019-08-14;106.30000305175781;106.91000366210938;104.44999694824219;104.80000305175781;19491800;86.87818145751953
2019-08-15;104.81999969482422;106.37999725341797;104.33999633789062;105.19999694824219;13365600;87.20979309082031
2019-08-16;106.37000274658203;107.9800033569336;105.87000274658203;107.72000122070312;11830600;89.29884338378906
2019-08-19;109.62999725341797;109.75;108.41999816894531;108.69000244140625;8265400;90.10298919677734
2019-08-20;107.8499984741211;108.44000244140625;107.23999786376953;107.30999755859375;8374000;88.9589614868164
2019-08-21;108.20999908447266;108.43000030517578;107.44999694824219;107.61000061035156;8189300;89.20765686035156
2019-08-22;108.37000274658203;109.2699966430664;107.93000030517578;108.72000122070312;9343400;90.12784576416016
2019-08-23;108.0;108.77999877929688;105.11000061035156;106.0199966430664;14762300;87.88955688476562
2019-08-26;106.62000274658203;106.98999786376953;106.01000213623047;106.87000274658203;8209500;88.59420013427734
2019-08-27;107.3499984741211;107.55999755859375;104.83999633789062;105.73999786376953;14331800;87.65742492675781
2019-08-28;105.08000183105469;107.20999908447266;105.04000091552734;106.80000305175781;10585500;88.53618621826172
2019-08-29;108.13999938964844;109.88999938964844;108.0199966430664;109.22000122070312;10002200;90.54232788085938
2019-08-30;109.83999633789062;110.55999755859375;109.47000122070312;109.86000061035156;10170300;91.07289123535156
2019-09-03;108.9800033569336;108.98999786376953;107.31999969482422;108.55999755859375;9868800;89.99520874023438
2019-09-04;109.44999694824219;110.22000122070312;108.55999755859375;109.87000274658203;6929200;91.0811767578125
2019-09-05;111.25;113.72000122070312;111.19999694824219;112.37000274658203;13224700;93.15365600585938
2019-09-06;112.66000366210938;112.9800033569336;111.95999908447266;112.61000061035156;7836600;93.35261535644531
2019-09-09;113.70999908447266;116.05999755859375;113.5999984741211;115.4000015258789;13985100;95.66549682617188
2019-09-10;116.30000305175781;117.2699966430664;115.7300033569336;116.87000274658203;14333100;96.88411712646484
2019-09-11;116.88999938964844;117.19999694824219;115.37999725341797;117.19000244140625;9919200;97.14937591552734
2019-09-12;116.55000305175781;118.47000122070312;115.91999816894531;117.91000366210938;12283500;97.74625396728516
2019-09-13;119.0;120.4000015258789;118.75;120.2300033569336;16257200;99.66950225830078
2019-09-16;118.9000015258789;119.87000274658203;118.37999725341797;119.16000366210938;11993900;98.78251647949219
2019-09-17;118.41999816894531;118.61000061035156;117.23999786376953;118.56999969482422;10735400;98.29339599609375
2019-09-18;118.31999969482422;120.08000183105469;117.75;119.76000213623047;10665600;99.27989959716797
2019-09-19;119.69999694824219;120.33999633789062;119.08999633789062;119.37999725341797;9382600;98.96485900878906
2019-09-20;119.73999786376953;120.33999633789062;118.87000274658203;118.9000015258789;21862800;98.56696319580078
2019-09-23;117.77999877929688;119.12000274658203;117.68000030517578;118.87999725341797;9135100;98.55036926269531
2019-09-24;118.75;119.26000213623047;117.04000091552734;117.33000183105469;11696500;97.26545715332031
2019-09-25;117.2699966430664;118.36000061035156;117.12000274658203;118.0;9389400;97.82085418701172
2019-09-26;117.87999725341797;118.05000305175781;116.94999694824219;117.02999877929688;9899200;97.01675415039062
2019-09-27;117.95999908447266;118.63999938964844;117.27999877929688;117.72000122070312;10207800;97.58873748779297
2019-09-30;118.36000061035156;118.7699966430664;117.22000122070312;117.69000244140625;9755000;97.56388092041016
2019-10-01;118.4000015258789;119.0;115.41000366210938;115.55000305175781;11250300;95.78984069824219
2019-10-02;114.80999755859375;114.9000015258789;112.93000030517578;113.25;12548700;93.8831558227539
2019-10-03;112.2699966430664;112.91000366210938;110.5199966430664;112.19000244140625;12735200;93.74945068359375
2019-10-04;112.33999633789062;114.94000244140625;112.2699966430664;114.62000274658203;9453100;95.78004455566406
2019-10-07;114.19000244140625;115.5;114.06999969482422;114.37000274658203;6771600;95.57113647460938
2019-10-08;113.05999755859375;113.05999755859375;111.66000366210938;111.81999969482422;10806300;93.44029998779297
2019-10-09;112.66999816894531;113.16000366210938;112.06999969482422;112.62999725341797;7273700;94.11713409423828
2019-10-10;113.13999938964844;115.4000015258789;113.0;114.20999908447266;10994100;95.43743133544922
2019-10-11;116.02999877929688;117.98999786376953;115.87000274658203;116.13999938964844;15076500;97.05020904541016
2019-10-14;115.8499984741211;116.87000274658203;115.66000366210938;116.44999694824219;8779000;97.30925750732422
2019-10-15;118.8499984741211;121.58999633789062;117.87000274658203;119.95999908447266;23379000;100.24231719970703
2019-10-16;119.95999908447266;120.62000274658203;119.37999725341797;119.68000030517578;11087700;100.00833892822266
2019-10-17;120.75;121.56999969482422;119.87999725341797;120.3499984741211;10818500;100.56819152832031
2019-10-18;120.0;121.0199966430664;119.86000061035156;120.55999755859375;10417400;100.74369049072266
2019-10-21;122.05000305175781;123.7699966430664;121.98999786376953;123.55000305175781;12714600;103.24224090576172
2019-10-22;123.44999694824219;125.0999984741211;123.12000274658203;124.79000091552734;12549100;104.27842712402344
2019-10-23;124.19999694824219;125.1500015258789;124.16999816894531;125.12000274658203;8828300;104.55416107177734
2019-10-24;125.29000091552734;125.66000366210938;124.06999969482422;125.02999877929688;8020500;104.47896575927734
2019-10-25;125.0;126.6500015258789;124.75;126.02999877929688;9055700;105.31459045410156
2019-10-28;126.56999969482422;127.20999908447266;126.4000015258789;126.51000213623047;9522200;105.71570587158203
2019-10-29;126.05999755859375;127.41999816894531;125.94000244140625;126.43000030517578;9797300;105.64885711669922
2019-10-30;126.05000305175781;126.26000213623047;124.91999816894531;125.7300033569336;8513700;105.06391143798828
2019-10-31;125.48999786376953;125.7300033569336;123.86000061035156;124.91999816894531;11589100;104.38704681396484
2019-11-01;126.19999694824219;127.98999786376953;126.0199966430664;127.80000305175781;11682600;106.79367065429688
2019-11-04;129.0800018310547;129.4199981689453;128.55999755859375;128.82000732421875;9159900;107.64600372314453
2019-11-05;129.38999938964844;130.3000030517578;128.83999633789062;129.10000610351562;13747600;107.87998962402344
2019-11-06;128.69000244140625;129.83999633789062;128.5800018310547;129.3000030517578;11231100;108.04710388183594
2019-11-07;130.42999267578125;131.2899932861328;129.9199981689453;130.0;13528900;108.63204956054688
2019-11-08;129.8800048828125;130.39999389648438;129.25;130.3800048828125;9293400;108.94956970214844
2019-11-11;129.60000610351562;130.10000610351562;129.35000610351562;129.9199981689453;8679000;108.5652084350586
2019-11-12;129.6300048828125;130.6199951171875;129.00999450683594;129.16000366210938;9099000;107.93012237548828
2019-11-13;128.1300048828125;128.82000732421875;127.41999816894531;128.47999572753906;8023300;107.36190032958984
2019-11-14;127.72000122070312;128.83999633789062;127.58999633789062;128.60000610351562;8483400;107.46216583251953
2019-11-15;129.22999572753906;129.52999877929688;128.39999389648438;129.52999877929688;10163600;108.23931884765625
2019-11-18;129.55999755859375;130.64999389648438;128.99000549316406;130.6199951171875;8749300;109.15013885498047
2019-11-19;130.99000549316406;131.25;130.17999267578125;130.5800018310547;8824500;109.11673736572266
2019-11-20;130.3000030517578;130.6199951171875;128.94000244140625;129.6300048828125;11782800;108.32286834716797
2019-11-21;130.0;130.72000122070312;129.38999938964844;129.92999267578125;7705500;108.57355499267578
2019-11-22;130.14999389648438;131.22000122070312;130.10000610351562;130.7899932861328;8167900;109.29219055175781
2019-11-25;131.25;132.07000732421875;130.8699951171875;131.49000549316406;10068500;109.87714385986328
2019-11-26;131.82000732421875;131.82000732421875;130.36000061035156;131.6699981689453;10490700;110.0275650024414
2019-11-27;132.2899932861328;132.42999267578125;131.64999389648438;132.05999755859375;6607900;110.35346984863281
2019-11-29;131.8699951171875;132.41000366210938;131.4499969482422;131.75999450683594;5712000;110.10277557373047
2019-12-02;132.30999755859375;132.74000549316406;131.35000610351562;131.47000122070312;8615600;109.86044311523438
2019-12-03;129.77000427246094;129.9600067138672;128.58999633789062;129.77999877929688;10361300;108.44822692871094
2019-12-04;130.3800048828125;132.47000122070312;129.99000549316406;132.33999633789062;10318200;110.58740234375
2019-12-05;132.67999267578125;133.30999755859375;132.17999267578125;133.05999755859375;9587400;111.18907928466797
2019-12-06;134.69000244140625;135.77999877929688;134.64999389648438;135.0399932861328;10170600;112.84364318847656
2019-12-09;134.6300048828125;135.4600067138672;134.41000366210938;134.41000366210938;8498200;112.31719970703125
2019-12-10;133.25;134.77000427246094;132.8800048828125;134.5;7532900;112.39237976074219
2019-12-11;134.2899932861328;135.02000427246094;134.00999450683594;134.17999267578125;9011900;112.12495422363281
2019-12-12;134.49000549316406;138.47000122070312;134.2100067138672;138.02000427246094;13717400;115.33382415771484
2019-12-13;137.9499969482422;138.8300018310547;136.22000122070312;136.80999755859375;10592100;114.32269287109375
2019-12-16;138.3800048828125;138.83999633789062;137.32000732421875;137.33999633789062;11372000;114.76556396484375
2019-12-17;137.72999572753906;138.6699981689453;137.22999572753906;138.17999267578125;11546800;115.46749114990234
2019-12-18;138.14999389648438;139.02000427246094;137.72000122070312;138.0399932861328;10381500;115.35054779052734
2019-12-19;137.75999450683594;138.22000122070312;137.10000610351562;137.35000610351562;9350400;114.77396392822266
2019-12-20;138.02000427246094;138.8800048828125;136.89999389648438;137.24000549316406;29992600;114.6820068359375
2019-12-23;137.60000610351562;137.91000366210938;136.8800048828125;137.1999969482422;9738400;114.64859771728516
2019-12-24;137.3300018310547;137.6300048828125;137.05999755859375;137.5800018310547;3324300;114.96614837646484
2019-12-26;137.88999938964844;139.10000610351562;137.77999877929688;139.0399932861328;6770900;116.18614959716797
2019-12-27;139.3000030517578;139.77000427246094;138.6699981689453;139.13999938964844;7868200;116.26972198486328
2019-12-30;139.89999389648438;140.0800018310547;138.47000122070312;138.6300048828125;6963000;115.84355163574219
2019-12-31;138.50999450683594;139.47999572753906;138.2899932861328;139.39999389648438;7201600;116.48698425292969
2020-01-02;139.7899932861328;141.10000610351562;139.25999450683594;141.08999633789062;10803700;117.89923095703125
2020-01-03;137.5;139.22999572753906;137.0800018310547;138.33999633789062;10386800;116.34337615966797
2020-01-06;136.55999755859375;138.27000427246094;136.5;138.22999572753906;10259000;116.25084686279297
2020-01-07;137.27999877929688;137.86000061035156;135.82000732421875;135.8800048828125;10531300;114.27449798583984
2020-01-08;135.6999969482422;137.5800018310547;135.60000610351562;136.94000244140625;9695300;115.16596984863281
2020-01-09;138.0500030517578;138.22999572753906;137.0399932861328;137.44000244140625;9469000;115.58647918701172
2020-01-10;137.2100067138672;137.25;135.80999755859375;136.07000732421875;10190900;114.4343032836914
2020-01-13;136.19000244140625;137.1999969482422;135.75999450683594;137.1999969482422;12355200;115.3846206665039
2020-01-14;137.94000244140625;140.75999450683594;137.69000244140625;138.8000030517578;24906000;116.7302474975586
2020-01-15;137.85000610351562;138.60000610351562;136.14999389648438;136.72000122070312;16293400;114.98094177246094
2020-01-16;137.4499969482422;137.89999389648438;136.83999633789062;137.25;10783800;115.42669677734375
2020-01-17;137.5399932861328;138.2899932861328;137.32000732421875;138.1999969482422;14697700;116.2256088256836
2020-01-21;137.19000244140625;138.07000732421875;136.69000244140625;136.83999633789062;8474200;115.08187103271484
2020-01-22;137.24000549316406;137.39999389648438;136.3800048828125;136.67999267578125;7549100;114.94731140136719
2020-01-23;135.7100067138672;136.74000549316406;134.72000122070312;136.5399932861328;9345700;114.82954406738281
2020-01-24;136.3699951171875;136.42999267578125;132.32000732421875;133.14999389648438;15166400;111.97857666015625
2020-01-27;130.27000427246094;132.94000244140625;129.7100067138672;132.02999877929688;12860500;111.03668212890625
2020-01-28;132.83999633789062;134.97000122070312;132.47999572753906;134.42999267578125;13062800;113.0550537109375
2020-01-29;134.80999755859375;135.5399932861328;133.69000244140625;134.22999572753906;9326000;112.88687133789062
2020-01-30;132.69000244140625;136.1300048828125;132.69000244140625;135.88999938964844;9048900;114.28290557861328
2020-01-31;134.49000549316406;134.8300018310547;131.47000122070312;132.36000061035156;12785200;111.31421661376953
2020-02-03;132.66000366210938;134.24000549316406;132.66000366210938;133.3699951171875;10021100;112.16358184814453
2020-02-04;135.5500030517578;136.60000610351562;135.0800018310547;135.2899932861328;9157100;113.7783203125
2020-02-05;136.57000732421875;137.72999572753906;136.00999450683594;137.58999633789062;10150700;115.71263122558594
2020-02-06;138.24000549316406;138.2899932861328;137.11000061035156;137.61000061035156;8992300;115.72943878173828
2020-02-07;136.72999572753906;137.6699981689453;136.3000030517578;137.1699981689453;6379800;115.35936737060547
2020-02-10;136.9499969482422;137.85000610351562;136.75;137.74000549316406;5960700;115.83877563476562
2020-02-11;138.25999450683594;138.82000732421875;137.77999877929688;138.0;6578600;116.05743408203125
2020-02-12;138.60000610351562;139.2899932861328;137.8000030517578;138.0;7958000;116.05743408203125
2020-02-13;137.75;138.33999633789062;136.39999389648438;137.8800048828125;7447500;115.95651245117188
2020-02-14;137.83999633789062;138.19000244140625;136.94000244140625;137.4600067138672;6627600;115.60326385498047
2020-02-18;137.33999633789062;137.7100067138672;135.0500030517578;135.63999938964844;8996400;114.07268524169922
2020-02-19;136.91000366210938;138.38999938964844;136.33999633789062;137.49000549316406;7071200;115.62850952148438
2020-02-20;137.1699981689453;138.36000061035156;136.52999877929688;137.49000549316406;7422800;115.62850952148438
2020-02-21;136.5500030517578;136.9199981689453;134.9199981689453;135.80999755859375;9772800;114.21564483642578
2020-02-24;131.44000244140625;133.1999969482422;130.8000030517578;132.16000366210938;13618400;111.14601135253906
2020-02-25;131.0;132.22999572753906;125.58999633789062;126.26000213623047;20797200;106.18414306640625
2020-02-26;126.93000030517578;128.9499969482422;126.33999633789062;126.63999938964844;24825600;106.50369262695312
2020-02-27;122.91000366210938;125.62000274658203;121.30000305175781;121.37000274658203;23005500;102.07166290283203
2020-02-28;117.5199966430664;118.48999786376953;112.66000366210938;116.11000061035156;45931400;97.64802551269531
2020-03-02;116.62999725341797;121.58000183105469;114.45999908447266;121.5199966430664;27355400;102.19780731201172
2020-03-03;120.97000122070312;122.94999694824219;116.23999786376953;116.95999908447266;32547700;98.36286926269531
2020-03-04;118.33000183105469;120.19000244140625;114.69999694824219;119.8499984741211;25795900;100.79332733154297
2020-03-05;115.66999816894531;116.43000030517578;112.58000183105469;113.97000122070312;25025600;95.8482894897461
2020-03-06;106.26000213623047;110.31999969482422;105.0199966430664;108.08000183105469;38159400;90.89482879638672
2020-03-09;96.56999969482422;99.2300033569336;93.0;93.44000244140625;40352000;78.58264923095703
2020-03-10;99.0;101.27999877929688;94.58000183105469;100.69999694824219;31102700;84.68828582763672
2020-03-11;97.69999694824219;100.05000305175781;94.55000305175781;95.95999908447266;38127000;80.70194244384766
2020-03-12;89.58999633789062;96.95999908447266;86.31999969482422;88.05000305175781;49725200;74.04967498779297
2020-03-13;95.98999786376953;103.98999786376953;92.0;103.91000366210938;38543300;87.38787078857422
2020-03-16;85.19999694824219;93.9800033569336;84.55000305175781;88.36000061035156;38589700;74.31039428710938
2020-03-17;90.88999938964844;97.44000244140625;87.5;93.76000213623047;35239800;78.85176849365234
2020-03-18;87.66999816894531;90.79000091552734;80.36000061035156;83.88999938964844;41525600;70.5511245727539
2020-03-19;81.55999755859375;88.11000061035156;76.91000366210938;85.30000305175781;32175100;71.7369384765625
2020-03-20;86.30000305175781;89.45999908447266;82.4800033569336;83.5;30150800;70.22313690185547
2020-03-23;82.68000030517578;83.75;78.08999633789062;79.02999877929688;32536600;66.46389770507812
2020-03-24;84.9000015258789;90.0999984741211;82.9000015258789;88.43000030517578;34363200;74.36927032470703
2020-03-25;89.23999786376953;95.1500015258789;84.54000091552734;91.7300033569336;38111700;77.14456176757812
2020-03-26;94.08000183105469;98.56999969482422;93.54000091552734;98.12000274658203;29826300;82.51850891113281
2020-03-27;93.19000244140625;94.83999633789062;90.55000305175781;91.12999725341797;30041500;76.63995361328125
2020-03-30;90.6500015258789;94.08999633789062;89.30000305175781;93.5;21656900;78.6330795288086
2020-03-31;92.05000305175781;94.16999816894531;89.33999633789062;90.02999877929688;23379300;75.7148666381836
2020-04-01;85.0999984741211;86.55999755859375;83.25;84.36000061035156;28029600;70.9464111328125
2020-04-02;83.51000213623047;87.91000366210938;82.95999908447266;87.51000213623047;24018000;73.5955581665039
2020-04-03;86.0;87.4800033569336;82.7699966430664;84.05000305175781;21199400;71.42020416259766
2020-04-06;88.98999786376953;90.98999786376953;87.69999694824219;89.45999908447266;26820800;76.01728057861328
2020-04-07;94.44999694824219;94.5;90.37999725341797;90.63999938964844;22563800;77.01997375488281
2020-04-08;92.0999984741211;94.86000061035156;90.55000305175781;94.30000305175781;22903300;80.1300048828125
2020-04-09;96.91999816894531;104.38999938964844;96.88999938964844;102.76000213623047;42055900;87.3187484741211
2020-04-13;103.11000061035156;103.11000061035156;97.30000305175781;98.19000244140625;26911900;83.43547821044922
2020-04-14;101.0199966430664;102.0;93.63999938964844;95.5;46151300;81.14970397949219
2020-04-15;91.1500015258789;92.02999877929688;90.12999725341797;90.79000091552734;30118600;77.14743041992188
2020-04-16;90.2300033569336;90.56999969482422;87.05000305175781;87.33000183105469;32449600;74.20734405517578
2020-04-17;92.0;95.69999694824219;90.95999908447266;95.18000030517578;30191900;80.87776947021484
2020-04-20;92.47000122070312;94.70999908447266;90.45999908447266;91.70999908447266;23679400;77.92918395996094
2020-04-21;88.62000274658203;91.37999725341797;88.33000183105469;89.05000305175781;23035000;75.66889190673828
2020-04-22;90.69000244140625;91.87000274658203;89.18000030517578;89.33999633789062;16662400;75.91529846191406
2020-04-23;89.73999786376953;91.27999877929688;89.26000213623047;89.38999938964844;16638800;75.95780181884766
2020-04-24;90.63999938964844;91.0999984741211;88.48999786376953;90.70999908447266;15809200;77.07945251464844
2020-04-27;91.94000244140625;95.62999725341797;91.54000091552734;94.62000274658203;22870200;80.40193176269531
2020-04-28;97.80999755859375;98.36000061035156;95.02999877929688;95.29000091552734;20238900;80.97123718261719
2020-04-29;99.08000183105469;99.44999694824219;97.2699966430664;97.86000061035156;20462600;83.15507507324219
2020-04-30;95.5999984741211;96.83999633789062;94.55000305175781;95.76000213623047;19127600;81.37061309814453
2020-05-01;93.5;93.73999786376953;91.83999633789062;93.25;18547700;79.23780059814453
2020-05-04;92.0199966430664;92.66999816894531;90.80000305175781;92.13999938964844;15725900;78.29457092285156
2020-05-05;93.6500015258789;94.20999908447266;91.9000015258789;92.0;18064100;78.17562103271484
2020-05-06;92.16000366210938;92.76000213623047;89.93000030517578;90.2699966430664;20978000;76.70555877685547
2020-05-07;91.33999633789062;92.91000366210938;90.58000183105469;91.20999908447266;16771900;77.50431823730469
2020-05-08;92.80000305175781;94.08000183105469;92.11000061035156;92.69999694824219;20487800;78.77042388916016
2020-05-11;91.11000061035156;91.11000061035156;89.33000183105469;89.97000122070312;31907600;76.4506607055664
2020-05-12;90.1500015258789;90.79000091552734;86.9000015258789;87.02999877929688;27962900;73.95243835449219
2020-05-13;86.37999725341797;86.86000061035156;83.4000015258789;84.02999877929688;35451600;71.4032211303711
2020-05-14;82.72000122070312;88.11000061035156;82.4000015258789;87.5199966430664;35152500;74.36878967285156
2020-05-15;86.8499984741211;87.27999877929688;85.30000305175781;85.9000015258789;26099000;72.99223327636719
2020-05-18;88.69000244140625;91.1500015258789;87.87999725341797;90.44999694824219;30504400;76.85852813720703
2020-05-19;90.05000305175781;91.19999694824219;88.58999633789062;88.66999816894531;19597300;75.34600067138672
2020-05-20;90.70999908447266;92.38999938964844;90.37000274658203;91.33000183105469;20552400;77.60629272460938
2020-05-21;90.2699966430664;91.76000213623047;89.66999816894531;90.16999816894531;14621400;76.62059783935547
2020-05-22;90.01000213623047;90.36000061035156;88.72000122070312;89.47000122070312;13557900;76.0257797241211
2020-05-26;92.88999938964844;97.5;92.61000061035156;95.81999969482422;41233900;81.42161560058594
2020-05-27;102.06999969482422;102.58000183105469;98.80000305175781;101.37000274658203;39402000;86.13762664794922
2020-05-28;102.94000244140625;102.94999694824219;99.4000015258789;99.86000061035156;24713900;84.85452270507812
2020-05-29;98.66000366210938;99.18000030517578;96.77999877929688;97.30999755859375;26526400;82.68768310546875
2020-06-01;97.75;99.51000213623047;97.37999725341797;98.5999984741211;15176800;83.78387451171875
2020-06-02;100.27999877929688;100.41999816894531;97.93000030517578;98.93000030517578;21195000;84.06427001953125
2020-06-03;101.58000183105469;104.91999816894531;101.05999755859375;104.2699966430664;25941100;88.60187530517578
2020-06-04;103.81999969482422;106.61000061035156;102.79000091552734;106.44000244140625;26784700;90.44580078125
2020-06-05;114.93000030517578;115.7699966430664;109.52999877929688;111.2300033569336;42231000;94.51603698730469
2020-06-08;113.41000366210938;114.19000244140625;111.94000244140625;113.44999694824219;24881800;96.40242004394531
2020-06-09;110.6500015258789;111.62999725341797;109.01000213623047;110.54000091552734;17031100;93.92970275878906
2020-06-10;110.45999908447266;110.51000213623047;105.8499984741211;106.05999755859375;24913300;90.12287902832031
2020-06-11;100.02999877929688;101.58000183105469;96.54000091552734;97.20999908447266;36259200;82.60273742675781
2020-06-12;100.70999908447266;101.12999725341797;97.33000183105469;99.87000274658203;24856800;84.86304473876953
2020-06-15;96.41999816894531;101.43000030517578;95.87000274658203;101.25;22153600;86.03564453125
2020-06-16;105.37000274658203;105.68000030517578;99.30999755859375;102.05999755859375;22193600;86.72394561767578
2020-06-17;102.52999877929688;102.54000091552734;99.20999908447266;99.4800033569336;15639800;84.53163146972656
2020-06-18;98.66999816894531;100.5199966430664;98.12999725341797;98.94000244140625;16591900;84.07278442382812
2020-06-19;100.52999877929688;100.5999984741211;96.7300033569336;97.80999755859375;40371200;83.11256408691406
2020-06-22;97.25;97.94999694824219;96.54000091552734;96.75;16216900;82.21185302734375
2020-06-23;98.97000122070312;99.97000122070312;97.8499984741211;97.93000030517578;15381400;83.21453857421875
2020-06-24;96.75;96.83999633789062;94.30999755859375;94.66000366210938;22919800;80.43592834472656
2020-06-25;94.3499984741211;98.20999908447266;94.26000213623047;97.95999908447266;25743600;83.24002838134766
2020-06-26;95.11000061035156;95.37000274658203;92.0;92.58999633789062;41896300;78.67695617675781
2020-06-29;93.4000015258789;94.48999786376953;92.18000030517578;93.0;18499700;79.02534484863281
2020-06-30;92.83000183105469;94.66000366210938;92.56999969482422;94.05999755859375;19137000;79.92605590820312
2020-07-01;94.88999938964844;95.70999908447266;93.02999877929688;93.26000213623047;18755700;79.24626922607422
2020-07-02;94.73999786376953;94.95999908447266;91.93000030517578;92.66000366210938;27845600;79.50369262695312
2020-07-06;94.43000030517578;95.19999694824219;93.4800033569336;95.0;18625300;81.51144409179688
2020-07-07;93.81999969482422;94.0999984741211;92.0;92.31999969482422;25757200;79.21195983886719
2020-07-08;92.29000091552734;93.33999633789062;91.80000305175781;93.30000305175781;18762200;80.05282592773438
2020-07-09;93.5199966430664;94.12000274658203;90.77999877929688;91.27999877929688;25600800;78.31963348388672
2020-07-10;92.0;96.83999633789062;91.87000274658203;96.2699966430664;28954200;82.60111236572266
2020-07-13;98.7300033569336;99.2699966430664;96.2300033569336;97.6500015258789;32079200;83.78519439697266
2020-07-14;98.37000274658203;99.94999694824219;96.63999938964844;98.20999908447266;42731700;84.26567077636719
2020-07-15;100.88999938964844;101.29000091552734;98.6500015258789;99.7300033569336;22508400;85.56986236572266
2020-07-16;98.77999877929688;101.22000122070312;98.55000305175781;100.01000213623047;16886900;85.81009674072266
2020-07-17;100.0;100.08000183105469;98.13999938964844;98.16000366210938;16137700;84.2227783203125
2020-07-20;97.43000030517578;98.38999938964844;97.26000213623047;97.30000305175781;14458100;83.4848861694336
2020-07-21;97.70999908447266;100.05000305175781;97.63999938964844;99.41000366210938;17798100;85.2952880859375
2020-07-22;99.6500015258789;100.12999725341797;97.52999877929688;98.69000244140625;14271200;84.67752838134766
2020-07-23;98.5;99.3499984741211;97.97000122070312;98.9800033569336;12870200;84.92633056640625
2020-07-24;99.5999984741211;99.80000305175781;97.94000244140625;98.27999877929688;12744200;84.32572174072266
2020-07-27;97.51000213623047;97.62999725341797;96.16999816894531;96.9000015258789;11959100;83.14167022705078
2020-07-28;96.5;97.88999938964844;96.5;97.31999969482422;11754300;83.50204467773438
2020-07-29;97.06999969482422;99.70999908447266;97.0;99.68000030517578;12743500;85.5269546508789
2020-07-30;97.54000091552734;97.73999786376953;96.05000305175781;97.0199966430664;14834800;83.24464416503906
2020-07-31;96.4800033569336;96.93000030517578;95.25;96.63999938964844;14535000;82.91859436035156
2020-08-03;97.0199966430664;97.56999969482422;95.8499984741211;96.0999984741211;12962800;82.45525360107422
2020-08-04;95.91000366210938;95.94999694824219;95.02999877929688;95.55000305175781;13366200;81.98335266113281
2020-08-05;95.87000274658203;98.47000122070312;95.72000122070312;97.20999908447266;15260900;83.40765380859375
2020-08-06;97.58000183105469;98.0999984741211;96.54000091552734;97.23999786376953;10482100;83.43338775634766
2020-08-07;96.93000030517578;99.48999786376953;96.55999755859375;99.37999725341797;14743700;85.26953887939453
2020-08-10;100.11000061035156;102.04000091552734;100.02999877929688;100.63999938964844;14989900;86.35064697265625
2020-08-11;103.86000061035156;106.16000366210938;103.51000213623047;103.81999969482422;31518600;89.07913970947266
2020-08-12;106.16000366210938;106.43000030517578;101.70999908447266;102.94000244140625;19240800;88.3240737915039
2020-08-13;102.0;103.36000061035156;101.63999938964844;102.37000274658203;13598600;87.83502960205078
2020-08-14;101.5;103.30999755859375;101.41999816894531;102.41000366210938;12134400;87.86935424804688
2020-08-17;101.5;102.0;99.52999877929688;99.70999908447266;14988000;85.55268096923828
2020-08-18;99.91000366210938;99.91000366210938;98.12000274658203;98.31999969482422;13246500;84.36005401611328
2020-08-19;98.91999816894531;100.58999633789062;98.33999633789062;98.55000305175781;13533000;84.55741119384766
2020-08-20;97.26000213623047;98.02999877929688;96.80000305175781;97.37000274658203;13672600;83.54493713378906
2020-08-21;97.2699966430664;98.56999969482422;96.94000244140625;97.31999969482422;12228300;83.50204467773438
2020-08-24;98.44999694824219;100.20999908447266;97.41999816894531;100.05999755859375;17898300;85.85299682617188
2020-08-25;101.2699966430664;101.9800033569336;99.80000305175781;100.5;13648900;86.23052215576172
2020-08-26;99.94000244140625;100.2699966430664;99.05000305175781;99.08999633789062;12052400;85.02072143554688
2020-08-27;99.0;102.6500015258789;99.0;102.3499984741211;22163900;87.81787872314453
2020-08-28;103.13999938964844;103.25;101.80999755859375;102.7699966430664;13756700;88.17822265625
2020-08-31;102.12000274658203;102.18000030517578;100.0199966430664;100.19000244140625;14219400;85.96455383300781
2020-09-01;99.55000305175781;100.87000274658203;99.04000091552734;100.13999938964844;11595600;85.92163848876953
2020-09-02;99.94999694824219;101.94000244140625;99.55999755859375;101.6500015258789;14475700;87.21724700927734
2020-09-03;103.31999969482422;104.98999786376953;100.63999938964844;101.33000183105469;23281200;86.94266510009766
2020-09-04;104.05000305175781;105.20999908447266;101.37000274658203;103.5199966430664;26325500;88.82170867919922
2020-09-08;102.9800033569336;103.56999969482422;99.4800033569336;99.91999816894531;22108600;85.73286437988281
2020-09-09;100.80000305175781;101.69000244140625;99.55999755859375;100.87000274658203;13434000;86.54801177978516
2020-09-10;101.4000015258789;102.41999816894531;99.63999938964844;99.83000183105469;15922800;85.65565490722656
2020-09-11;99.97000122070312;101.36000061035156;99.58999633789062;101.06999969482422;13784300;86.71959686279297
2020-09-14;101.51000213623047;103.45999908447266;101.37000274658203;102.47000122070312;19017400;87.92081451416016
2020-09-15;102.7300033569336;102.8499984741211;99.13999938964844;99.27999877929688;23683000;85.1837387084961
2020-09-16;99.43000030517578;101.12999725341797;98.76000213623047;99.69999694824219;19270600;85.54412078857422
2020-09-17;98.69999694824219;99.33999633789062;97.70999908447266;98.55999755859375;18290100;84.56598663330078
2020-09-18;97.88999938964844;99.48999786376953;97.44000244140625;98.3499984741211;20121600;84.38578796386719
2020-09-21;95.19999694824219;96.05000305175781;93.81999969482422;95.30999755859375;28378800;81.7774429321289
2020-09-22;94.95999908447266;95.66000366210938;93.66999816894531;94.2699966430664;19257000;80.88508605957031
2020-09-23;94.77999877929688;95.3499984741211;92.66000366210938;92.73999786376953;19952700;79.57231903076172
2020-09-24;92.31999969482422;94.30000305175781;91.37999725341797;92.66000366210938;18366500;79.50369262695312
2020-09-25;92.05000305175781;93.72000122070312;91.87000274658203;93.47000122070312;13293100;80.19868469238281
2020-09-28;95.05999755859375;96.93000030517578;94.3499984741211;96.16000366210938;20894100;82.50674438476562
2020-09-29;96.02999877929688;96.02999877929688;94.33000183105469;95.3499984741211;12848200;81.8117446899414
2020-09-30;95.3499984741211;97.19999694824219;95.26000213623047;96.2699966430664;16400600;82.60111236572266
2020-10-01;97.12000274658203;97.7699966430664;96.02999877929688;96.97000122070312;15778700;83.20172882080078
2020-10-02;95.25;98.58999633789062;95.08999633789062;97.88999938964844;15149600;83.99109649658203
2020-10-05;98.31999969482422;99.25;97.52999877929688;99.04000091552734;13871900;85.766357421875
2020-10-06;100.06999969482422;100.86000061035156;97.51000213623047;98.0199966430664;19220400;84.88307189941406
2020-10-07;98.95999908447266;100.3499984741211;98.66999816894531;99.7300033569336;16358500;86.36388397216797
2020-10-08;100.51000213623047;101.91999816894531;99.9000015258789;101.77999877929688;15659000;88.13914489746094
2020-10-09;102.0;102.11000061035156;100.11000061035156;101.19999694824219;13689100;87.63687133789062
2020-10-12;101.0999984741211;103.0;100.8499984741211;102.44000244140625;16058000;88.71067810058594
2020-10-13;103.0;103.22000122070312;100.26000213623047;100.77999877929688;21697300;87.2731704711914
2020-10-14;101.02999877929688;101.93000030517578;100.0999984741211;100.22000122070312;15204100;86.78822326660156
2020-10-15;99.0999984741211;101.77999877929688;99.04000091552734;101.72000122070312;17171200;88.08717346191406
2020-10-16;101.41000366210938;102.33000183105469;100.72000122070312;101.51000213623047;13275000;87.90533447265625
2020-10-19;101.5999984741211;101.87000274658203;99.55999755859375;99.80000305175781;11725700;86.42449951171875
2020-10-20;100.30999755859375;101.7699966430664;100.12000274658203;100.37000274658203;11257100;86.91812133789062
2020-10-21;100.36000061035156;100.98999786376953;99.33000183105469;99.37000274658203;10730500;86.05215454101562
2020-10-22;99.31999969482422;103.23999786376953;99.30999755859375;102.87999725341797;14837200;89.09169006347656
2020-10-23;103.5;104.44999694824219;102.93000030517578;103.80999755859375;15087600;89.8970718383789
2020-10-26;102.6500015258789;102.69999694824219;100.25;101.23999786376953;12410700;87.67149353027344
2020-10-27;100.51000213623047;100.91999816894531;99.16000366210938;99.33000183105469;10391700;86.01750183105469
2020-10-28;97.5;98.30000305175781;96.06999969482422;96.54000091552734;16389500;83.6014175415039
2020-10-29;96.12000274658203;97.9800033569336;95.23999786376953;97.16999816894531;14208800;84.14698791503906
2020-10-30;97.91000366210938;98.41999816894531;96.2300033569336;98.04000091552734;15194500;84.90039825439453
2020-11-02;99.38999938964844;100.87999725341797;97.86000061035156;100.25;15011600;86.81420135498047
2020-11-03;103.0199966430664;104.73999786376953;102.69000244140625;103.41000366210938;17482600;89.55068969726562
2020-11-04;101.0;102.06999969482422;98.93000030517578;100.25;18886500;86.81420135498047
2020-11-05;101.05999755859375;105.0999984741211;101.0;104.3499984741211;17837400;90.36469268798828
2020-11-06;105.02999877929688;105.0999984741211;102.38999938964844;102.95999908447266;12552800;89.16098022460938
2020-11-09;113.16000366210938;118.9000015258789;110.3499984741211;116.9000015258789;47792400;101.23272705078125
2020-11-10;117.3499984741211;117.44999694824219;114.69000244140625;116.5199966430664;20539300;100.90364074707031
2020-11-11;116.88999938964844;116.95999908447266;113.95999908447266;114.77999877929688;14443400;99.39684295654297
2020-11-12;112.52999877929688;113.95999908447266;112.05999755859375;113.37000274658203;22063000;98.1758041381836
2020-11-13;114.69999694824219;114.86000061035156;113.56999969482422;114.08000183105469;11847900;98.79065704345703
2020-11-16;117.79000091552734;118.61000061035156;115.7300033569336;117.30000305175781;19858600;101.5791015625
2020-11-17;115.38999938964844;116.44000244140625;114.58000183105469;116.11000061035156;14553200;100.54859161376953
2020-11-18;117.33999633789062;118.61000061035156;115.19999694824219;115.25;12571200;99.8038558959961
2020-11-19;114.18000030517578;115.81999969482422;113.55999755859375;115.55999755859375;10202500;100.07229614257812
2020-11-20;114.43000030517578;115.6500015258789;114.08999633789062;114.56999969482422;12718900;99.21497344970703
2020-11-23;116.05000305175781;118.16999816894531;115.56999969482422;117.87000274658203;13209200;102.07270812988281
2020-11-24;120.06999969482422;123.5;119.70999908447266;123.31999969482422;20121600;106.79228973388672
2020-11-25;121.37000274658203;122.37999725341797;120.47000122070312;122.02999877929688;11715600;105.67516326904297
2020-11-27;122.0;122.3499984741211;121.08000183105469;121.22000122070312;5983600;104.97373962402344
2020-11-30;120.0;120.72000122070312;117.7699966430664;117.87999725341797;14411800;102.08135986328125
2020-12-01;120.33999633789062;121.58000183105469;119.62999725341797;119.73999786376953;12668900;103.69207763671875
2020-12-02;119.69999694824219;122.30999755859375;119.2699966430664;122.04000091552734;10811300;105.683837890625
2020-12-03;121.8499984741211;121.88999938964844;120.36000061035156;121.23999786376953;12904400;104.9910659790039
2020-12-04;122.4800033569336;123.29000091552734;121.69000244140625;122.33999633789062;13583700;105.9436264038086
2020-12-07;121.1500015258789;122.16999816894531;120.20999908447266;121.87999725341797;9724300;105.54527282714844
2020-12-08;121.04000091552734;122.33000183105469;120.76000213623047;122.0;9592100;105.64918518066406
2020-12-09;123.16999816894531;123.30000305175781;120.44000244140625;121.05000305175781;13073900;104.82652282714844
2020-12-10;119.98999786376953;120.77999877929688;119.55999755859375;120.2699966430664;13668400;104.15106201171875
2020-12-11;118.94000244140625;120.0199966430664;118.37000274658203;119.55999755859375;9981600;103.53620910644531
2020-12-14;121.33999633789062;121.41999816894531;118.11000061035156;118.30000305175781;12112400;102.4450912475586
2020-12-15;119.29000091552734;120.9000015258789;118.62000274658203;120.31999969482422;12590200;104.1943588256836
2020-12-16;120.30000305175781;121.08000183105469;119.86000061035156;120.66999816894531;11169400;104.4974136352539
2020-12-17;121.26000213623047;121.44999694824219;119.58000183105469;119.66999816894531;11618000;103.6314697265625
2020-12-18;119.13999938964844;119.87999725341797;118.2699966430664;119.08000183105469;28954800;103.12055206298828
2020-12-21;123.16999816894531;125.0;121.08999633789062;123.55000305175781;28323600;106.99146270751953
2020-12-22;123.38999938964844;123.5199966430664;121.61000061035156;121.66999816894531;11788200;105.3634262084961
2020-12-23;122.77999877929688;126.5199966430664;122.3499984741211;125.06999969482422;14973200;108.30773162841797
2020-12-24;125.08999633789062;125.55000305175781;123.56999969482422;124.5199966430664;4164900;107.8314437866211
2020-12-28;125.81999969482422;126.6500015258789;124.79000091552734;125.33999633789062;8072600;108.54154968261719
2020-12-29;126.19999694824219;126.27999877929688;124.88999938964844;125.01000213623047;8389200;108.25577545166016
2020-12-30;125.48999786376953;125.8499984741211;124.9000015258789;125.36000061035156;7398000;108.55888366699219
2020-12-31;125.08999633789062;127.33000183105469;124.81999969482422;127.06999969482422;8580200;110.03970336914062
2021-01-04;127.5;127.86000061035156;124.77999877929688;125.87000274658203;16819900;109.00054931640625
2021-01-05;124.98999786376953;126.30000305175781;123.7699966430664;125.6500015258789;13731200;109.59359741210938
2021-01-06;129.8800048828125;132.77000427246094;127.87999725341797;131.5500030517578;24909100;114.73967742919922
2021-01-07;135.69000244140625;138.19000244140625;134.9199981689453;135.8699951171875;21940400;118.5076675415039
2021-01-08;135.97000122070312;136.35000610351562;134.1199951171875;136.02000427246094;12035100;118.63849639892578
2021-01-11;134.5800018310547;138.1999969482422;134.11000061035156;138.0500030517578;15937900;120.40908813476562
2021-01-12;139.44000244140625;141.66000366210938;138.8300018310547;140.22000122070312;18033500;122.3017578125
2021-01-13;138.58999633789062;140.7899932861328;138.10000610351562;140.35000610351562;14816800;122.41516876220703
2021-01-14;140.49000549316406;142.75;140.0;141.1699981689453;18565600;123.13035583496094
2021-01-15;137.42999267578125;141.64999389648438;137.00999450683594;138.63999938964844;27881000;120.92369842529297
2021-01-19;139.86000061035156;140.6999969482422;137.82000732421875;138.0399932861328;19843800;120.40036010742188
2021-01-20;137.82000732421875;138.1699981689453;135.44000244140625;135.97000122070312;16028800;118.5948715209961
2021-01-21;135.69000244140625;136.16000366210938;134.32000732421875;134.8300018310547;13411700;117.60054016113281
2021-01-22;132.69000244140625;134.39999389648438;132.1999969482422;133.7899932861328;12933200;116.69344329833984
2021-01-25;132.13999938964844;133.1699981689453;130.05999755859375;132.1199951171875;14212800;115.23686218261719
2021-01-26;132.75;133.1699981689453;131.33999633789062;131.5800018310547;11307800;114.7658462524414
2021-01-27;129.58999633789062;129.85000610351562;127.3499984741211;127.86000061035156;17603900;111.52123260498047
2021-01-28;129.89999389648438;132.1699981689453;128.99000549316406;130.11000061035156;13761800;113.48370361328125
2021-01-29;131.19000244140625;131.72000122070312;128.19000244140625;128.6699981689453;14808100;112.22771453857422
2021-02-01;129.39999389648438;130.07000732421875;128.47999572753906;129.6199951171875;11080700;113.05631256103516
2021-02-02;131.94000244140625;134.38999938964844;131.22000122070312;133.61000061035156;12253600;116.53643798828125
2021-02-03;133.64999389648438;135.75999450683594;133.50999450683594;135.13999938964844;10600800;117.87094116210938
2021-02-04;135.47000122070312;138.66000366210938;135.47000122070312;138.25;12419500;120.58351135253906
2021-02-05;139.38999938964844;139.49000549316406;137.3800048828125;137.97999572753906;10051300;120.34801483154297
2021-02-08;138.1999969482422;140.3000030517578;138.17999267578125;140.13999938964844;10136400;122.23200225830078
2021-02-09;139.42999267578125;139.97999572753906;138.5399932861328;139.5800018310547;8614800;121.74357604980469
2021-02-10;140.0;140.8699951171875;139.0399932861328;139.66000366210938;10323200;121.8133316040039
2021-02-11;139.66000366210938;140.5500030517578;138.22000122070312;139.27000427246094;9201000;121.47314453125
2021-02-12;139.0500030517578;141.61000061035156;139.0;141.25;8324600;123.20012664794922
2021-02-16;143.5500030517578;145.32000732421875;142.39999389648438;144.64999389648438;12130600;126.16570281982422
2021-02-17;143.9499969482422;145.3800048828125;143.1199951171875;145.10000610351562;10810100;126.5582046508789
2021-02-18;144.0;145.7899932861328;143.39999389648438;145.58999633789062;10587800;126.98556518554688
2021-02-19;145.86000061035156;148.83999633789062;145.86000061035156;148.02000427246094;11969800;129.1050262451172
2021-02-22;146.8699951171875;150.19000244140625;146.7899932861328;149.41000366210938;11488400;130.31741333007812
2021-02-23;151.50999450683594;152.30999755859375;149.58999633789062;150.61000061035156;16234400;131.36407470703125
2021-02-24;150.11000061035156;153.75999450683594;150.11000061035156;153.25999450683594;15061400;133.67544555664062
2021-02-25;154.27000427246094;154.89999389648438;150.58999633789062;151.17999267578125;18127700;131.86123657226562
2021-02-26;150.3000030517578;150.8699951171875;146.50999450683594;147.1699981689453;19829200;128.36366271972656
2021-03-01;149.52000427246094;151.3800048828125;148.47999572753906;150.5;14845500;131.2681427001953
2021-03-02;150.0800018310547;151.77999877929688;149.83999633789062;150.00999450683594;14221700;130.84078979492188
2021-03-03;151.22999572753906;154.97999572753906;150.82000732421875;152.91000366210938;14324100;133.3701629638672
2021-03-04;152.61000061035156;154.3800048828125;148.6199951171875;150.55999755859375;20093900;131.3204345703125
2021-03-05;153.22000122070312;153.49000549316406;147.97000122070312;150.91000366210938;18465100;131.62574768066406
2021-03-08;152.47000122070312;155.4600067138672;150.75;152.91000366210938;17133300;133.3701629638672
2021-03-09;151.5;154.25;149.82000732421875;151.8300018310547;16238800;132.42819213867188
2021-03-10;151.91000366210938;156.16000366210938;151.50999450683594;155.1300048828125;14342200;135.3064727783203
2021-03-11;154.11000061035156;156.14999389648438;153.36000061035156;154.32000732421875;11771500;134.6000213623047
2021-03-12;156.86000061035156;157.6300048828125;155.07000732421875;156.14999389648438;12849500;136.19615173339844
2021-03-15;156.35000610351562;156.9199981689453;153.9600067138672;155.3699951171875;12101100;135.51577758789062
2021-03-16;154.08999633789062;154.60000610351562;152.19000244140625;153.50999450683594;12805600;133.89349365234375
2021-03-17;155.33999633789062;156.8800048828125;153.0500030517578;155.08999633789062;13952400;135.2715606689453
2021-03-18;157.60000610351562;161.69000244140625;157.11000061035156;157.64999389648438;21898500;137.50448608398438
2021-03-19;155.50999450683594;155.94000244140625;151.19000244140625;155.13999938964844;54418800;135.31521606445312
2021-03-22;152.8000030517578;153.97000122070312;150.61000061035156;150.97000122070312;19944800;131.67807006835938
2021-03-23;150.3300018310547;152.1199951171875;148.9600067138672;149.4600067138672;17076300;130.36102294921875
2021-03-24;150.0;153.17999267578125;149.86000061035156;150.6199951171875;13079800;131.37278747558594
2021-03-25;150.0;152.97000122070312;149.3300018310547;152.5500030517578;15608300;133.05615234375
2021-03-26;154.3000030517578;155.4499969482422;152.5500030517578;155.08999633789062;16754400;135.2715606689453
2021-03-29;152.1199951171875;153.72999572753906;151.0399932861328;152.67999267578125;17570300;133.16954040527344
2021-03-30;154.4600067138672;155.8699951171875;153.8800048828125;154.47999572753906;13184300;134.73956298828125
2021-03-31;153.27999877929688;154.49000549316406;152.1199951171875;152.22999572753906;16736700;132.77706909179688
2021-04-01;151.89999389648438;153.7899932861328;151.5500030517578;153.7100067138672;16561500;134.0679473876953
2021-04-05;154.39999389648438;154.94000244140625;152.60000610351562;153.6199951171875;13508000;134.77862548828125
2021-04-06;152.7899932861328;154.27999877929688;151.86000061035156;152.5399932861328;13071600;133.83108520507812
2021-04-07;153.10000610351562;155.22999572753906;152.64999389648438;154.92999267578125;16903500;135.92791748046875
2021-04-08;154.0;155.50999450683594;152.30999755859375;155.1199951171875;12335500;136.09463500976562
2021-04-09;155.80999755859375;157.0399932861328;154.97000122070312;156.27999877929688;12122400;137.1123504638672
2021-04-12;155.5800018310547;157.25;155.57000732421875;155.9499969482422;12273400;136.8228302001953
2021-04-13;154.75;155.1999969482422;152.42999267578125;154.08999633789062;16113600;135.1909637451172
2021-04-14;151.47000122070312;153.8300018310547;150.92999267578125;151.2100067138672;19939600;132.66415405273438
2021-04-15;151.25;152.1999969482422;149.32000732421875;152.1699981689453;17694100;133.50643920898438
2021-04-16;153.8699951171875;154.50999450683594;152.69000244140625;153.3000030517578;13773400;134.49786376953125
2021-04-19;153.4199981689453;153.8800048828125;152.22000122070312;152.64999389648438;11900200;133.92758178710938
2021-04-20;151.74000549316406;151.75;148.64999389648438;149.27000427246094;13716700;130.96214294433594
2021-04-21;147.7899932861328;150.61000061035156;146.7899932861328;150.5399932861328;12236700;132.0763397216797
2021-04-22;150.22999572753906;150.3000030517578;147.25999450683594;147.3699951171875;15256100;129.29510498046875
2021-04-23;147.17999267578125;151.1300048828125;146.69000244140625;150.19000244140625;14041900;131.76931762695312
2021-04-26;150.77999877929688;152.4600067138672;150.3800048828125;150.55999755859375;10799100;132.0938720703125
2021-04-27;150.5;151.57000732421875;150.11000061035156;151.25;12821200;132.69927978515625
2021-04-28;152.42999267578125;152.88999938964844;151.39999389648438;152.22999572753906;8943700;133.55908203125
2021-04-29;153.5399932861328;155.27999877929688;153.1999969482422;155.19000244140625;12976900;136.15603637695312
2021-04-30;154.10000610351562;154.49000549316406;153.00999450683594;153.80999755859375;11705100;134.94529724121094
2021-05-03;154.85000610351562;155.47999572753906;153.1300048828125;153.36000061035156;11801100;134.55047607421875
2021-05-04;152.8699951171875;155.63999938964844;152.13999938964844;155.47999572753906;12977700;136.41049194335938
2021-05-05;156.0;158.27999877929688;154.6300048828125;157.52000427246094;10506700;138.20028686523438
2021-05-06;158.07000732421875;160.82000732421875;157.16000366210938;160.69000244140625;13542400;140.98147583007812
2021-05-07;157.22000122070312;161.5;157.02000427246094;161.24000549316406;14257800;141.46400451660156
2021-05-10;161.5;163.72999572753906;161.1199951171875;161.22000122070312;14014300;141.4464569091797
2021-05-11;161.0800018310547;162.38999938964844;158.0399932861328;158.5399932861328;15451700;139.0951690673828
2021-05-12;159.61000061035156;160.77999877929688;157.02999877929688;157.4499969482422;14381700;138.1388397216797
2021-05-13;158.17999267578125;162.4499969482422;157.67999267578125;161.5;15395000;141.69210815429688
2021-05-14;162.38999938964844;164.4499969482422;161.99000549316406;164.00999450683594;10584000;143.89425659179688
2021-05-17;163.3699951171875;164.85000610351562;163.02999877929688;164.6699981689453;9886800;144.47329711914062
2021-05-18;164.67999267578125;165.5;162.24000549316406;162.35000610351562;11098100;142.43785095214844
2021-05-19;161.0;161.17999267578125;158.63999938964844;161.11000061035156;13278900;141.34996032714844
2021-05-20;160.8300018310547;161.86000061035156;159.52000427246094;160.8300018310547;10426000;141.10427856445312
2021-05-21;161.33999633789062;163.22000122070312;160.94000244140625;162.66000366210938;10249000;142.70982360839844
2021-05-24;163.36000061035156;164.22999572753906;162.1199951171875;163.5399932861328;9440300;143.48190307617188
2021-05-25;163.85000610351562;165.6999969482422;161.55999755859375;161.85000610351562;12609100;141.99920654296875
2021-05-26;163.57000732421875;163.74000549316406;161.30999755859375;161.8300018310547;13058300;141.98165893554688
2021-05-27;163.9499969482422;164.75;162.57000732421875;164.35000610351562;15707500;144.1925506591797
2021-05-28;164.67999267578125;164.94000244140625;163.25999450683594;164.24000549316406;10291300;144.0960693359375
2021-06-01;165.8699951171875;166.91000366210938;165.47999572753906;166.0500030517578;9445400;145.68406677246094
2021-06-02;167.25999450683594;167.44000244140625;165.52999877929688;166.05999755859375;10498600;145.69285583496094
2021-06-03;165.41000366210938;167.25;164.66000366210938;166.1699981689453;13354400;145.78932189941406
2021-06-04;166.2100067138672;166.6699981689453;165.02999877929688;166.44000244140625;8510800;146.0262451171875
2021-06-07;167.0;167.10000610351562;165.13999938964844;165.66000366210938;7267200;145.34185791015625
2021-06-08;164.49000549316406;165.75999450683594;163.16000366210938;165.0;10370700;144.7628173828125
2021-06-09;164.13999938964844;164.22000122070312;162.27999877929688;162.94000244140625;12377400;142.9554901123047
2021-06-10;164.36000061035156;165.24000549316406;160.30999755859375;160.39999389648438;12119400;140.72705078125
2021-06-11;160.42999267578125;161.1999969482422;159.05999755859375;160.2899932861328;13683800;140.63052368164062
2021-06-14;160.14999389648438;160.3300018310547;156.66000366210938;157.57000732421875;19917900;138.24412536621094
2021-06-15;156.6999969482422;156.9199981689453;154.1300048828125;155.17999267578125;24485500;136.14723205566406
2021-06-16;154.72999572753906;157.6199951171875;153.11000061035156;156.27000427246094;25321200;137.1035614013672
2021-06-17;157.10000610351562;157.4600067138672;151.25;151.75999450683594;29722400;133.14669799804688
2021-06-18;149.3000030517578;149.6999969482422;147.55999755859375;147.9199981689453;43595700;129.77769470214844
2021-06-21;149.0800018310547;151.1999969482422;149.02000427246094;150.42999267578125;18664800;131.97987365722656
2021-06-22;150.60000610351562;150.97000122070312;148.66000366210938;150.2100067138672;14251200;131.78683471679688
2021-06-23;150.1999969482422;152.0399932861328;150.08999633789062;151.1199951171875;12733300;132.58523559570312
2021-06-24;151.9199981689453;153.1199951171875;151.22000122070312;152.50999450683594;13733200;133.8047332763672
2021-06-25;152.58999633789062;154.5;151.6699981689453;154.0500030517578;15484900;135.15589904785156
2021-06-28;153.6999969482422;154.47999572753906;152.1199951171875;154.3300018310547;14125800;135.4015350341797
2021-06-29;155.0;156.30999755859375;153.61000061035156;154.13999938964844;14528700;135.2348175048828
2021-06-30;153.75;156.0800018310547;153.7100067138672;155.5399932861328;12531000;136.46316528320312
2021-07-01;156.25999450683594;157.13999938964844;155.4199981689453;157.0800018310547;10479400;137.8142547607422
2021-07-02;155.9499969482422;156.32000732421875;155.1199951171875;156.02999877929688;11424000;137.68186950683594
2021-07-06;155.77999877929688;155.77999877929688;152.35000610351562;153.41000366210938;15083400;135.3699951171875
2021-07-07;152.00999450683594;154.27999877929688;151.5500030517578;153.58999633789062;12271800;135.52877807617188
2021-07-08;151.61000061035156;152.52999877929688;150.0399932861328;150.94000244140625;17834600;133.19041442871094
2021-07-09;153.0500030517578;156.14999389648438;152.5800018310547;155.77000427246094;13694500;137.4524688720703
2021-07-12;154.35000610351562;159.16000366210938;153.94000244140625;158.0;19940400;139.4202117919922
2021-07-13;156.0500030517578;157.38999938964844;153.5;155.64999389648438;22671700;137.34658813476562
2021-07-14;155.9499969482422;157.27999877929688;152.9499969482422;155.1199951171875;14622800;136.87887573242188
2021-07-15;153.89999389648438;156.52999877929688;153.6999969482422;155.4600067138672;11539300;137.1789093017578
2021-07-16;155.9600067138672;156.27999877929688;151.02000427246094;151.91000366210938;14002700;134.04637145996094
2021-07-19;148.5500030517578;149.82000732421875;145.7100067138672;146.97000122070312;22172900;129.68728637695312
2021-07-20;146.52000427246094;151.1199951171875;146.3300018310547;149.7100067138672;15385200;132.1050567626953
2021-07-21;152.0500030517578;153.64999389648438;151.36000061035156;152.86000061035156;12356700;134.8846435546875
2021-07-22;152.8800048828125;153.44000244140625;149.97000122070312;150.92999267578125;9913300;133.1815643310547
2021-07-23;151.47999572753906;152.83999633789062;150.25;150.63999938964844;9666100;132.92572021484375
2021-07-26;150.19000244140625;151.9600067138672;150.1699981689453;151.64999389648438;8208000;133.81692504882812
2021-07-27;150.39999389648438;152.49000549316406;149.8000030517578;151.4499969482422;11218700;133.64044189453125
2021-07-28;152.2899932861328;152.77000427246094;150.8800048828125;151.6999969482422;9217300;133.8610382080078
2021-07-29;153.13999938964844;153.8699951171875;151.91000366210938;153.0;9063500;135.00820922851562
2021-07-30;152.5800018310547;153.6699981689453;151.1999969482422;151.77999877929688;9805200;133.931640625
2021-08-02;152.02999877929688;154.4499969482422;151.07000732421875;151.1699981689453;10203200;133.39334106445312
2021-08-03;151.9499969482422;153.32000732421875;149.52000427246094;152.88999938964844;10394800;134.91111755371094
2021-08-04;151.25;153.3699951171875;150.91000366210938;151.24000549316406;10155000;133.45513916015625
2021-08-05;152.27999877929688;153.69000244140625;152.00999450683594;153.14999389648438;9151500;135.1405487060547
2021-08-06;155.19000244140625;157.82000732421875;155.11000061035156;157.5;13328800;138.97900390625
2021-08-09;157.52000427246094;158.5500030517578;155.89999389648438;157.3300018310547;9516900;138.8289794921875
2021-08-10;156.74000549316406;159.97999572753906;156.30999755859375;159.25999450683594;8667000;140.53199768066406
2021-08-11;160.0;161.5;159.0800018310547;161.16000366210938;9156500;142.2086181640625
2021-08-12;161.8800048828125;162.3699951171875;160.5500030517578;161.7899932861328;8844200;142.76454162597656
2021-08-13;161.7899932861328;162.16000366210938;159.57000732421875;159.97999572753906;8980900;141.1674041748047
2021-08-16;158.94000244140625;159.02999877929688;156.77999877929688;158.92999267578125;8755800;140.2408447265625
2021-08-17;157.57000732421875;158.86000061035156;155.27000427246094;157.00999450683594;9347200;138.546630859375
2021-08-18;156.30999755859375;158.00999450683594;155.33999633789062;155.5800018310547;8065500;137.2847900390625
2021-08-19;153.16000366210938;155.55999755859375;153.00999450683594;154.27999877929688;9517700;136.1376190185547
2021-08-20;154.35000610351562;154.89999389648438;153.16000366210938;154.72000122070312;6974100;136.52590942382812
2021-08-23;155.3300018310547;157.08999633789062;155.24000549316406;156.6999969482422;7934600;138.27308654785156
2021-08-24;157.0;158.5500030517578;156.8699951171875;157.6699981689453;7670900;139.12899780273438
2021-08-25;158.50999450683594;161.77999877929688;157.8000030517578;160.9199981689453;11335000;141.996826171875
2021-08-26;162.25999450683594;163.8300018310547;161.14999389648438;161.75;11027500;142.729248046875
2021-08-27;161.75;163.16000366210938;161.25999450683594;163.0500030517578;8780200;143.8763885498047
2021-08-30;163.2100067138672;163.49000549316406;159.8800048828125;160.44000244140625;7937600;141.57325744628906
2021-08-31;160.44000244140625;161.3699951171875;159.35000610351562;159.9499969482422;12340800;141.1409149169922
2021-09-01;160.22000122070312;160.75999450683594;158.97000122070312;159.72000122070312;8729900;140.9379425048828
2021-09-02;160.02000427246094;161.61000061035156;159.42999267578125;160.4600067138672;8813300;141.59095764160156
2021-09-03;160.38999938964844;160.88999938964844;159.14999389648438;159.49000549316406;7959700;140.73500061035156
2021-09-07;159.99000549316406;161.3800048828125;158.9600067138672;159.2100067138672;9285600;140.48789978027344
2021-09-08;158.88999938964844;159.5800018310547;158.0399932861328;158.5;7852700;139.86141967773438
2021-09-09;158.27000427246094;160.8300018310547;158.0800018310547;159.19000244140625;7904300;140.47027587890625
2021-09-10;160.55999755859375;160.72000122070312;157.22000122070312;157.36000061035156;8311600;138.85549926757812
2021-09-13;158.52999877929688;160.0500030517578;158.07000732421875;159.86000061035156;10052800;141.06149291992188
2021-09-14;160.4499969482422;161.33999633789062;156.25999450683594;157.07000732421875;11685600;138.59959411621094
2021-09-15;156.72000122070312;158.69000244140625;156.47000122070312;158.16000366210938;11691500;139.5614013671875
2021-09-16;159.41000366210938;160.85000610351562;157.22000122070312;158.08999633789062;10880900;139.49961853027344
2021-09-17;157.3800048828125;159.00999450683594;157.0;157.67999267578125;25581600;139.13783264160156
2021-09-20;153.88999938964844;154.55999755859375;150.49000549316406;152.9600067138672;15819900;134.97291564941406
2021-09-21;153.52999877929688;154.5500030517578;152.5800018310547;152.97999572753906;8999900;134.99050903320312
2021-09-22;155.1999969482422;157.25;155.10000610351562;155.91000366210938;11236200;137.5760040283203
2021-09-23;158.0;161.7100067138672;157.6699981689453;161.17999267578125;12336100;142.2262420654297
2021-09-24;161.44000244140625;163.58999633789062;160.82000732421875;163.0399932861328;10102400;143.8675537109375
2021-09-27;165.0;167.39999389648438;164.61000061035156;166.97999572753906;13220900;147.34420776367188
2021-09-28;167.6999969482422;169.3000030517578;165.66000366210938;166.0800018310547;13387900;146.550048828125
2021-09-29;166.2100067138672;166.89999389648438;165.0399932861328;165.9499969482422;7777100;146.4353485107422
2021-09-30;166.9199981689453;166.99000549316406;162.7899932861328;163.69000244140625;13161200;144.44113159179688
2021-10-01;164.0;168.3000030517578;163.60000610351562;167.1300048828125;11285000;147.47659301757812
2021-10-04;166.97000122070312;170.44000244140625;165.72999572753906;166.9499969482422;14120000;147.3177490234375
2021-10-05;167.2100067138672;170.13999938964844;166.6699981689453;168.66000366210938;12292900;149.72349548339844
2021-10-06;167.99000549316406;169.10000610351562;166.0;169.02000427246094;8692600;150.0430908203125
2021-10-07;171.1999969482422;171.50999450683594;169.5399932861328;170.08999633789062;10195400;150.992919921875
2021-10-08;170.02000427246094;171.33999633789062;169.3000030517578;170.22000122070312;8190100;151.1083221435547
2021-10-11;170.8000030517578;171.2899932861328;166.4600067138672;166.63999938964844;12154700;147.93026733398438
2021-10-12;165.75;166.69000244140625;164.77000427246094;165.36000061035156;13032600;146.7939910888672
2021-10-13;164.07000732421875;165.41000366210938;160.60000610351562;161.0;22753500;142.9235382080078
2021-10-14;161.75;164.00999450683594;160.05999755859375;163.47000122070312;15176800;145.1161651611328
2021-10-15;165.35000610351562;167.1699981689453;164.13999938964844;166.61000061035156;14267400;147.9036865234375
2021-10-18;166.47999572753906;168.61000061035156;165.91000366210938;166.5500030517578;12672900;147.8503875732422
2021-10-19;167.39999389648438;168.64999389648438;166.5800018310547;168.57000732421875;8053900;149.64356994628906
2021-10-20;168.3000030517578;170.8699951171875;167.4600067138672;170.83999633789062;8185600;151.65869140625
2021-10-21;170.75999450683594;171.3300018310547;168.67999267578125;169.5;8415200;150.4691619873047
2021-10-22;170.02999877929688;172.08999633789062;169.6999969482422;171.77999877929688;8817900;152.49317932128906
2021-10-25;172.7100067138672;172.9600067138672;170.47999572753906;170.94000244140625;10159200;151.7475128173828
2021-10-26;171.0;172.49000549316406;170.5399932861328;171.39999389648438;8015100;152.15582275390625
2021-10-27;170.32000732421875;170.6999969482422;167.33999633789062;167.8300018310547;9847000;148.9866485595703
2021-10-28;168.3000030517578;170.50999450683594;167.9600067138672;170.36000061035156;7212900;151.2325897216797
2021-10-29;171.17999267578125;172.24000549316406;169.38999938964844;169.88999938964844;8140100;150.8153533935547
2021-11-01;172.0399932861328;172.3300018310547;169.00999450683594;169.8000030517578;7435500;150.73550415039062
2021-11-02;169.8000030517578;171.69000244140625;168.9199981689453;170.47000122070312;7173800;151.33026123046875
2021-11-03;170.1300048828125;171.1300048828125;169.14999389648438;170.52999877929688;8402700;151.383544921875
2021-11-04;170.0;170.1999969482422;166.49000549316406;168.2899932861328;9574200;149.39500427246094
2021-11-05;168.89999389648438;170.08999633789062;167.41000366210938;168.0500030517578;7975600;149.18194580078125
2021-11-08;169.0500030517578;170.9199981689453;168.74000549316406;169.05999755859375;6413700;150.07855224609375
2021-11-09;167.35000610351562;168.47000122070312;166.60000610351562;167.77999877929688;7990300;148.94229125976562
2021-11-10;167.4499969482422;168.9499969482422;167.08999633789062;167.6199951171875;6999200;148.8002471923828
2021-11-11;167.52000427246094;168.67999267578125;166.89999389648438;167.61000061035156;5815300;148.79136657714844
2021-11-12;167.64999389648438;167.74000549316406;165.72000122070312;166.86000061035156;8113400;148.12554931640625
2021-11-15;167.2100067138672;167.7899932861328;166.0;166.55999755859375;6492500;147.85923767089844
2021-11-16;167.05999755859375;167.07000732421875;165.1199951171875;165.36000061035156;9706100;146.7939910888672
2021-11-17;165.2100067138672;165.55999755859375;163.38999938964844;164.47000122070312;9909600;146.00393676757812
2021-11-18;164.38999938964844;164.85000610351562;162.55999755859375;163.0500030517578;8122500;144.7433624267578
2021-11-19;161.3000030517578;162.11000061035156;159.4499969482422;160.9199981689453;12193600;142.85252380371094
2021-11-22;164.16000366210938;165.97999572753906;162.99000549316406;164.35000610351562;14549900;145.8974151611328
2021-11-23;165.5;168.55999755859375;165.3699951171875;168.27999877929688;12354400;149.38613891601562
2021-11-24;168.4600067138672;169.44000244140625;166.44000244140625;166.9600067138672;9629800;148.21435546875
2021-11-26;162.13999938964844;162.64999389648438;158.82000732421875;161.92999267578125;13619300;143.7490997314453
2021-11-29;163.30999755859375;164.77999877929688;159.82000732421875;161.22999572753906;12104400;143.12765502929688
2021-11-30;159.16000366210938;160.6300048828125;158.2899932861328;158.8300018310547;18922600;140.9971466064453
2021-12-01;161.0;163.27000427246094;157.8000030517578;157.88999938964844;12253400;140.1626739501953
2021-12-02;159.8300018310547;163.25;158.8000030517578;161.2100067138672;12969900;143.1099090576172
2021-12-03;161.5;161.8300018310547;157.19000244140625;158.2899932861328;12681800;140.5177764892578
2021-12-06;161.00999450683594;162.61000061035156;159.4600067138672;160.16000366210938;11186500;142.17782592773438
2021-12-07;161.8800048828125;163.38999938964844;161.16000366210938;162.57000732421875;9851600;144.3172607421875
2021-12-08;162.66000366210938;163.27000427246094;160.1699981689453;160.7100067138672;11705700;142.66607666015625
2021-12-09;159.64999389648438;160.92999267578125;158.64999389648438;160.4600067138672;11189600;142.44412231445312
2021-12-10;161.32000732421875;161.6999969482422;159.1300048828125;159.82000732421875;10405400;141.87600708007812
2021-12-13;159.5;159.7899932861328;157.27999877929688;157.9199981689453;12069000;140.1892852783203
2021-12-14;157.4499969482422;160.88999938964844;157.3000030517578;159.1300048828125;12563600;141.26345825195312
2021-12-15;159.85000610351562;159.85000610351562;157.35000610351562;157.94000244140625;14014200;140.20709228515625
2021-12-16;160.38999938964844;161.82000732421875;158.6999969482422;160.41000366210938;19542800;142.39974975585938
2021-12-17;159.32000732421875;159.3800048828125;155.17999267578125;156.75999450683594;28082000;139.15957641601562
2021-12-20;154.50999450683594;154.6999969482422;151.83999633789062;153.94000244140625;15148000;136.65615844726562
2021-12-21;155.41000366210938;157.17999267578125;155.08999633789062;156.08999633789062;11291300;138.56478881835938
2021-12-22;155.75;157.05999755859375;155.24000549316406;156.6999969482422;7273000;139.10630798339844
2021-12-23;157.61000061035156;159.1199951171875;157.2100067138672;157.25999450683594;8055200;139.6033935546875
2021-12-27;157.60000610351562;158.1999969482422;156.33999633789062;158.16000366210938;6188100;140.4023895263672
2021-12-28;158.1999969482422;160.14999389648438;158.0800018310547;158.63999938964844;6342300;140.82847595214844
2021-12-29;158.85000610351562;159.6300048828125;158.14999389648438;158.55999755859375;6398900;140.7574462890625
2021-12-30;159.11000061035156;160.24000549316406;158.3699951171875;158.47999572753906;6948200;140.68638610839844
2021-12-31;158.4499969482422;159.2899932861328;157.9600067138672;158.35000610351562;5805900;140.57106018066406
2022-01-03;159.86000061035156;162.63999938964844;159.50999450683594;161.6999969482422;13120900;143.54490661621094
2022-01-04;164.30999755859375;168.5800018310547;164.22999572753906;167.8300018310547;20195800;148.9866485595703
2022-01-05;167.82000732421875;168.36000061035156;163.72999572753906;163.77999877929688;17539400;146.26287841796875
2022-01-06;166.91000366210938;167.3699951171875;163.8699951171875;165.52000427246094;14047500;147.81678771972656
2022-01-07;165.6699981689453;167.52999877929688;165.05999755859375;167.16000366210938;13913300;149.2813720703125
2022-01-10;169.07000732421875;169.30999755859375;165.52999877929688;167.32000732421875;12922500;149.42425537109375
2022-01-11;168.25999450683594;168.52000427246094;166.30999755859375;167.49000549316406;11854100;149.5760955810547
2022-01-12;168.4600067138672;169.58999633789062;167.17999267578125;168.44000244140625;12568000;150.4244842529297
2022-01-13;168.33999633789062;169.80999755859375;167.88999938964844;168.22999572753906;13623400;150.2368927001953
2022-01-14;160.75999450683594;161.02999877929688;156.89999389648438;157.88999938964844;40158400;141.00283813476562
2022-01-18;155.77999877929688;155.77999877929688;150.5399932861328;151.27000427246094;32324800;135.0908966064453
2022-01-19;151.57000732421875;152.22999572753906;148.5500030517578;148.92999267578125;22380000;133.0011444091797
2022-01-20;148.99000549316406;150.61000061035156;147.36000061035156;147.66000366210938;14860800;131.8669891357422
2022-01-21;147.5;147.50999450683594;144.27000427246094;145.0800018310547;20705400;129.5629425048828
2022-01-24;142.27999877929688;145.47999572753906;139.57000732421875;144.9499969482422;28471400;129.4468231201172
2022-01-25;143.64999389648438;146.85000610351562;140.7899932861328;146.52999877929688;18915900;130.85787963867188
2022-01-26;148.72000122070312;150.57000732421875;145.9600067138672;147.9199981689453;20709100;132.09918212890625
2022-01-27;149.4199981689453;150.3800048828125;144.1300048828125;145.30999755859375;17536800;129.76832580566406
2022-01-28;144.19000244140625;146.75999450683594;142.1699981689453;146.61000061035156;14117000;130.9293212890625
2022-01-31;145.63999938964844;148.7899932861328;144.6699981689453;148.60000610351562;13985700;132.7064666748047
2022-02-01;148.69000244140625;151.47000122070312;148.3000030517578;151.14999389648438;14584900;134.98373413085938
2022-02-02;150.5;150.94000244140625;148.07000732421875;149.94000244140625;12441100;133.9031524658203
2022-02-03;150.0;151.64999389648438;148.2899932861328;148.6999969482422;12474900;132.79576110839844
2022-02-04;149.10000610351562;153.5;148.77000427246094;152.55999755859375;16654400;136.242919921875
2022-02-07;153.27000427246094;153.6199951171875;150.85000610351562;153.07000732421875;12572300;136.69837951660156
2022-02-08;155.0;158.47999572753906;154.8000030517578;155.9499969482422;20411400;139.27035522460938
2022-02-09;156.58999633789062;157.42999267578125;155.82000732421875;156.60000610351562;9131100;139.850830078125
2022-02-10;156.66000366210938;159.02999877929688;155.22000122070312;155.9499969482422;16455600;139.27035522460938
2022-02-11;155.61000061035156;158.19000244140625;152.97000122070312;153.9199981689453;16830000;137.4574432373047
2022-02-14;152.72999572753906;153.67999267578125;150.32000732421875;152.49000549316406;17026500;136.18040466308594
2022-02-15;154.50999450683594;155.94000244140625;153.85000610351562;154.72000122070312;9500000;138.17193603515625
2022-02-16;153.74000549316406;156.10000610351562;153.74000549316406;155.0;9076500;138.4219207763672
2022-02-17;153.0;153.72999572753906;150.6699981689453;151.42999267578125;11367500;135.23377990722656
2022-02-18;152.1300048828125;154.13999938964844;151.1300048828125;152.13999938964844;11733300;135.8678436279297
2022-02-22;150.60000610351562;153.24000549316406;150.41000366210938;151.8699951171875;11333500;135.626708984375
2022-02-23;153.1199951171875;153.3000030517578;147.97000122070312;148.69000244140625;11799000;132.78684997558594
2022-02-24;142.94000244140625;144.99000549316406;139.77999877929688;144.5500030517578;25655100;129.08963012695312
2022-02-25;145.25;150.1300048828125;144.91000366210938;147.97000122070312;18367700;132.14385986328125
2022-02-28;143.5500030517578;145.05999755859375;140.8800048828125;141.8000030517578;31315300;126.63375091552734
2022-03-01;140.0399932861328;140.47999572753906;133.5800018310547;136.4499969482422;36840400;121.85597229003906
2022-03-02;137.2899932861328;140.0399932861328;136.61000061035156;139.27999877929688;19405600;124.38330841064453
2022-03-03;139.83999633789062;140.97999572753906;137.05999755859375;138.2899932861328;16640800;123.4991683959961
2022-03-04;134.94000244140625;135.4199981689453;132.39999389648438;134.39999389648438;21016000;120.02523040771484
2022-03-07;132.1699981689453;132.69000244140625;128.9499969482422;129.2100067138672;27560100;115.39032745361328
2022-03-08;129.63999938964844;131.7899932861328;127.2699966430664;128.3000030517578;19207800;114.57765197753906
2022-03-09;132.89999389648438;135.24000549316406;132.44000244140625;133.44000244140625;17536200;119.16790771484375
2022-03-10;131.86000061035156;133.4499969482422;130.32000732421875;131.86000061035156;15604200;117.75691223144531
2022-03-11;132.49000549316406;134.0800018310547;128.4199981689453;128.88999938964844;20061800;115.10456848144531
2022-03-14;129.4600067138672;132.9199981689453;129.22999572753906;130.1699981689453;15786900;116.24763488769531
2022-03-15;131.8000030517578;133.5500030517578;131.1300048828125;132.47999572753906;15096600;118.31055450439453
2022-03-16;134.8699951171875;138.49000549316406;134.42999267578125;138.39999389648438;20354900;123.5973892211914
2022-03-17;136.86000061035156;140.19000244140625;135.9199981689453;140.14999389648438;17050500;125.16022491455078
2022-03-18;140.19000244140625;140.85000610351562;138.4600067138672;140.10000610351562;23656500;125.1155776977539
2022-03-21;140.35000610351562;140.75999450683594;138.72999572753906;139.64999389648438;12676100;124.7137222290039
2022-03-22;142.27000427246094;143.92999267578125;141.72000122070312;142.6199951171875;13548600;127.36604309082031
2022-03-23;140.97999572753906;141.58999633789062;139.1999969482422;139.77999877929688;12093200;124.8298110961914
2022-03-24;140.3000030517578;140.7100067138672;139.11000061035156;140.69000244140625;10017600;125.64249420166016
2022-03-25;141.08999633789062;143.17999267578125;140.8000030517578;141.9199981689453;8383500;126.74090576171875
2022-03-28;140.0;140.97000122070312;137.89999389648438;140.8699951171875;10818100;125.80321502685547
2022-03-29;143.35000610351562;143.60000610351562;140.24000549316406;141.17999267578125;11316500;126.0800552368164
2022-03-30;141.89999389648438;142.1199951171875;139.91000366210938;140.5399932861328;8771000;125.50848388671875
2022-03-31;139.8300018310547;140.35000610351562;136.25999450683594;136.32000732421875;17353900;121.73989868164062
2022-04-01;137.39999389648438;137.41000366210938;133.8000030517578;135.30999755859375;15721300;120.83788299560547
2022-04-04;134.1199951171875;136.94000244140625;132.88999938964844;135.91000366210938;17416400;121.37374114990234
2022-04-05;134.07000732421875;135.39999389648438;133.00999450683594;133.33999633789062;12110300;119.96126556396484
2022-04-06;131.5800018310547;132.55999755859375;130.9600067138672;131.49000549316406;12914700;118.29685974121094
2022-04-07;130.9499969482422;131.9199981689453;128.72999572753906;131.08999633789062;12994200;117.93699645996094
2022-04-08;131.6699981689453;133.89999389648438;131.49000549316406;133.49000549316406;13126900;120.09618377685547
2022-04-11;133.0;134.89999389648438;132.57000732421875;133.0;10466400;119.65538787841797
2022-04-12;132.13999938964844;134.5800018310547;130.6999969482422;131.5399932861328;12989900;118.34186553955078
2022-04-13;126.94000244140625;129.25;126.01000213623047;127.30000305175781;30838000;114.52728271484375
2022-04-14;126.5;128.3000030517578;125.0199966430664;126.12000274658203;18835200;113.46566772460938
2022-04-18;125.66999816894531;129.24000549316406;125.54000091552734;128.4600067138672;11834400;115.57089233398438
2022-04-19;128.4499969482422;131.32000732421875;128.22999572753906;131.1199951171875;15015400;117.96399688720703
2022-04-20;132.52000427246094;133.50999450683594;131.33999633789062;131.5800018310547;13430200;118.3778305053711
2022-04-21;132.22000122070312;132.80999755859375;129.9600067138672;130.55999755859375;12174200;117.46016693115234
2022-04-22;130.27999877929688;130.52000427246094;126.69000244140625;126.80999755859375;14318800;114.0864486694336
2022-04-25;126.01000213623047;127.12000274658203;123.11000061035156;126.7699966430664;17149000;114.05045318603516
2022-04-26;124.63999938964844;126.41000366210938;122.87000274658203;123.0199966430664;17209500;110.67671203613281
2022-04-27;122.33000183105469;123.55999755859375;121.22000122070312;121.41999816894531;17215200;109.23726654052734
2022-04-28;122.80999755859375;123.6500015258789;121.13999938964844;123.33999633789062;13015600;110.964599609375
2022-04-29;123.05000305175781;123.61000061035156;118.9000015258789;119.36000061035156;14874800;107.38394165039062
2022-05-02;119.87999725341797;120.70999908447266;118.22000122070312;120.44999694824219;18545000;108.36457061767578
2022-05-03;121.52999877929688;124.16999816894531;120.77999877929688;123.02999877929688;15720900;110.68571472167969
2022-05-04;122.80000305175781;127.4000015258789;122.73999786376953;127.0999984741211;17128500;114.34735107421875
2022-05-05;125.25;126.0999984741211;122.16000366210938;123.91999816894531;15055400;111.4864273071289
2022-05-06;123.80000305175781;124.29000091552734;121.18000030517578;123.72000122070312;14417900;111.30648040771484
2022-05-09;122.11000061035156;123.33000183105469;120.5;121.86000061035156;14312300;109.63310241699219
2022-05-10;123.11000061035156;123.77999877929688;117.55999755859375;118.88999938964844;16382400;106.96109771728516
2022-05-11;119.30000305175781;122.88999938964844;117.94000244140625;118.13999938964844;14630300;106.2863540649414
2022-05-12;117.0;118.31999969482422;115.37000274658203;118.04000091552734;16318800;106.19638061523438
2022-05-13;119.41000366210938;120.25;117.95999908447266;119.08999633789062;10443200;107.14102935791016
2022-05-16;118.54000091552734;119.45999908447266;117.2300033569336;118.26000213623047;10269000;106.39431762695312
2022-05-17;121.04000091552734;122.97000122070312;120.80999755859375;122.18000030517578;11160200;109.9209976196289
2022-05-18;121.30000305175781;121.97000122070312;119.52999877929688;120.08999633789062;12664900;108.04068756103516
2022-05-19;118.19000244140625;119.6500015258789;117.62999725341797;118.30999755859375;12765800;106.43930053710938
2022-05-20;119.45999908447266;119.66999816894531;115.0199966430664;117.33999633789062;13150100;105.56661224365234
2022-05-23;120.45999908447266;126.56999969482422;120.44999694824219;124.5999984741211;24376700;112.09819030761719
2022-05-24;124.36000061035156;127.48999786376953;123.11000061035156;126.36000061035156;19324900;113.68160247802734
2022-05-25;126.27999877929688;127.86000061035156;125.16999816894531;127.23999786376953;12780400;114.47328186035156
2022-05-26;128.3699951171875;130.19000244140625;128.2100067138672;129.44000244140625;15990900;116.45256042480469
2022-05-27;130.16000366210938;131.27000427246094;129.13999938964844;131.27000427246094;11177800;118.09895324707031
2022-05-31;130.17999267578125;133.14999389648438;129.7100067138672;132.22999572753906;17015000;118.962646484375
2022-06-01;132.8699951171875;132.8699951171875;128.6699981689453;129.91000366210938;10768000;116.87539672851562
2022-06-02;129.89999389648438;132.00999450683594;128.6699981689453;132.0;8374800;118.75572204589844
2022-06-03;131.2100067138672;131.77000427246094;129.99000549316406;130.16000366210938;8596000;117.1003189086914
2022-06-06;131.08999633789062;132.38999938964844;129.4600067138672;129.72999572753906;11323500;116.71343231201172
2022-06-07;128.8300018310547;130.32000732421875;128.6199951171875;130.07000732421875;6722200;117.01934051513672
2022-06-08;129.0;129.4499969482422;126.9000015258789;128.0;8422100;115.15703582763672
2022-06-09;127.37000274658203;128.10000610351562;125.2699966430664;125.30999755859375;13560100;112.7369384765625
2022-06-10;122.58999633789062;123.4000015258789;119.31999969482422;119.55000305175781;12945200;107.55487823486328
2022-06-13;116.86000061035156;117.94999694824219;115.05999755859375;115.98999786376953;16805600;104.35208129882812
2022-06-14;115.55000305175781;117.31999969482422;113.22000122070312;114.05999755859375;13357900;102.61573028564453
2022-06-15;115.62000274658203;116.94999694824219;113.16999816894531;115.41000366210938;14083500;103.83027648925781
2022-06-16;113.86000061035156;114.26000213623047;111.87000274658203;113.43000030517578;16724900;102.04893493652344
2022-06-17;113.54000091552734;114.62999725341797;112.16000366210938;113.02999877929688;30919900;101.68907165527344
2022-06-21;115.87000274658203;117.02999877929688;115.04000091552734;115.83000183105469;11680500;104.20811462402344
2022-06-22;114.87999725341797;116.19999694824219;114.38999938964844;115.18000030517578;9842700;103.62334442138672
2022-06-23;115.01000213623047;115.18000030517578;111.4800033569336;113.91999816894531;11851500;102.48976135253906
2022-06-24;113.2300033569336;117.81999969482422;112.83000183105469;117.31999969482422;14841100;105.54864501953125
2022-06-27;118.05999755859375;118.5;115.63999938964844;116.37999725341797;11280500;104.70293426513672
2022-06-28;117.66999816894531;119.29000091552734;115.5999984741211;115.81999969482422;11590900;104.19912719726562
2022-06-29;116.0;116.81999969482422;114.7300033569336;115.30000305175781;9338400;103.7313003540039
2022-06-30;113.16999816894531;114.08000183105469;110.93000030517578;112.61000061035156;15172600;101.31119537353516
2022-07-01;112.6500015258789;114.41999816894531;111.16000366210938;114.05000305175781;10573600;102.60671997070312
2022-07-05;110.7699966430664;112.70999908447266;109.30000305175781;112.62000274658203;12514200;102.21644592285156
2022-07-06;111.7300033569336;112.98999786376953;110.79000091552734;111.88999938964844;10656200;101.55388641357422
2022-07-07;113.5;114.9000015258789;113.4000015258789;114.72000122070312;10347400;104.12246704101562
2022-07-08;115.16000366210938;115.6500015258789;113.61000061035156;114.36000061035156;8807800;103.79570770263672
2022-07-11;113.55000305175781;114.2300033569336;112.22000122070312;112.86000061035156;7939500;102.43428039550781
2022-07-12;112.58000183105469;115.18000030517578;112.26000213623047;112.97000122070312;11250900;102.53411102294922
2022-07-13;111.75;112.4800033569336;110.37999725341797;111.91000366210938;12979900;101.5720443725586
2022-07-14;107.98999786376953;108.2300033569336;106.05999755859375;108.0;26204800;98.02323913574219
2022-07-15;109.16000366210938;113.87999725341797;107.66999816894531;112.94999694824219;18863900;102.5159683227539
2022-07-18;114.7699966430664;115.83999633789062;111.29000091552734;111.79000091552734;13977900;101.463134765625
2022-07-19;113.12999725341797;114.94000244140625;112.66999816894531;114.55999755859375;11862300;103.97722625732422
2022-07-20;114.0999984741211;114.73999786376953;113.4800033569336;114.54000091552734;11667500;103.95909118652344
2022-07-21;114.44000244140625;115.52999877929688;113.37000274658203;115.31999969482422;11595900;104.66702270507812
2022-07-22;115.23999786376953;116.25;113.66999816894531;114.76000213623047;7645500;104.15876770019531
2022-07-25;115.83999633789062;116.45999908447266;114.7699966430664;115.22000122070312;9394000;104.5762710571289
2022-07-26;114.58000183105469;115.58000183105469;113.02999877929688;113.41999816894531;10675100;102.94255828857422
2022-07-27;114.01000213623047;115.73999786376953;113.30000305175781;115.23999786376953;9337400;104.59441375732422
2022-07-28;115.25;115.9800033569336;113.52999877929688;114.80999755859375;10384800;104.20413970947266
2022-07-29;115.58999633789062;116.5;114.79000091552734;115.36000061035156;12944500;104.70333099365234
2022-08-01;114.5;115.11000061035156;113.06999969482422;114.20999908447266;14740400;103.65956115722656
2022-08-02;113.91999816894531;114.4000015258789;112.2699966430664;112.43000030517578;14942900;102.04399108886719
2022-08-03;113.44999694824219;114.0999984741211;111.70999908447266;113.61000061035156;14394500;103.11500549316406
2022-08-04;112.8499984741211;113.31999969482422;111.0199966430664;112.36000061035156;18033900;101.98046112060547
2022-08-05;112.52999877929688;116.19000244140625;112.05000305175781;115.76000213623047;14174600;105.0663833618164
2022-08-08;116.25;116.69999694824219;114.18000030517578;114.3499984741211;10332500;103.78662109375
2022-08-09;114.75;115.98999786376953;114.37000274658203;115.37999725341797;10233800;104.72148132324219
2022-08-10;117.95999908447266;119.37000274658203;117.5;118.38999938964844;12847300;107.45343017578125
2022-08-11;119.9000015258789;121.19999694824219;119.30999755859375;120.13999938964844;11684900;109.04176330566406
2022-08-12;120.66999816894531;122.25;119.44000244140625;122.12999725341797;9906700;110.84794616699219
2022-08-15;121.13999938964844;122.72000122070312;120.5999984741211;122.45999908447266;8456200;111.1474609375
2022-08-16;122.29000091552734;124.23999786376953;121.87000274658203;123.62999725341797;9555000;112.2093734741211
2022-08-17;122.30000305175781;123.16000366210938;121.69000244140625;122.58999633789062;8149300;111.26544189453125
2022-08-18;122.23999786376953;122.47000122070312;120.55000305175781;121.63999938964844;9531800;110.40320587158203
2022-08-19;120.62000274658203;120.98999786376953;118.11000061035156;118.62999725341797;13464500;107.67124938964844
2022-08-22;116.75;117.16000366210938;115.5;116.66999816894531;8967600;105.89231872558594
2022-08-23;116.69000244140625;117.29000091552734;115.37999725341797;115.5199966430664;7607000;104.8485336303711
2022-08-24;115.29000091552734;116.41000366210938;114.44999694824219;115.80000305175781;9771300;105.10269165039062
2022-08-25;116.16000366210938;118.73999786376953;115.68000030517578;118.55000305175781;10758900;107.59864044189453
2022-08-26;119.45999908447266;119.98999786376953;114.5999984741211;114.66999816894531;11276200;104.07707214355469
2022-08-29;114.0;114.86000061035156;113.45999908447266;114.38999938964844;8117300;103.82293701171875
2022-08-30;115.0;115.58000183105469;113.36000061035156;114.41000366210938;10745400;103.84109497070312
2022-08-31;114.4800033569336;115.02999877929688;113.33999633789062;113.7300033569336;10738300;103.2238998413086
2022-09-01;113.29000091552734;114.62999725341797;111.91000366210938;114.51000213623047;9979800;103.93185424804688
2022-09-02;115.87000274658203;117.44999694824219;113.19000244140625;113.70999908447266;10666600;103.20575714111328
2022-09-06;114.33000183105469;114.75;112.06999969482422;113.73999786376953;9751900;103.23298645019531
2022-09-07;113.12999725341797;116.11000061035156;112.76000213623047;115.9000015258789;10647900;105.19345092773438
2022-09-08;115.27999877929688;118.79000091552734;114.62999725341797;118.5999984741211;11435000;107.64402770996094
2022-09-09;119.13999938964844;120.05000305175781;118.66999816894531;119.16999816894531;9299700;108.16136932373047
2022-09-12;120.62000274658203;121.55000305175781;119.79000091552734;120.58000183105469;8614600;109.44113159179688
2022-09-13;118.06999969482422;118.91999816894531;115.77999877929688;116.38999938964844;12904600;105.63817596435547
2022-09-14;116.69999694824219;117.83999633789062;114.87999725341797;116.12000274658203;9345700;105.39313507080078
2022-09-15;116.12000274658203;119.37999725341797;115.76000213623047;117.87000274658203;10821400;106.98145294189453
2022-09-16;117.38999938964844;117.4000015258789;115.37000274658203;117.08000183105469;14844100;106.26444244384766
2022-09-19;116.0;118.7300033569336;115.51000213623047;118.16000366210938;8201300;107.24470520019531
2022-09-20;117.41000366210938;117.69000244140625;114.63999938964844;115.83000183105469;9619000;105.1299057006836
2022-09-21;116.54000091552734;116.5999984741211;112.41999816894531;112.48999786376953;12606300;102.09844970703125
2022-09-22;113.37999725341797;113.5999984741211;111.06999969482422;111.20999908447266;11684500;100.93669891357422
2022-09-23;110.05000305175781;110.33999633789062;107.16000366210938;109.13999938964844;18138600;99.05791473388672
2022-09-26;108.0;109.61000061035156;106.05999755859375;106.79000091552734;15753600;96.92499542236328
2022-09-27;107.75;108.16999816894531;104.6500015258789;105.8499984741211;12793600;96.07183837890625
2022-09-28;105.94999694824219;108.7300033569336;105.63999938964844;107.98999786376953;12762600;98.01414489746094
2022-09-29;106.94999694824219;107.27999877929688;104.4000015258789;106.16000366210938;12713900;96.35320281982422
2022-09-30;106.05999755859375;107.62000274658203;104.4000015258789;104.5;15973400;94.8465576171875
2022-10-03;105.62000274658203;108.36000061035156;104.45999908447266;107.7300033569336;12248100;97.77816009521484
2022-10-04;110.61000061035156;112.98999786376953;109.86000061035156;112.7699966430664;16013600;102.35259246826172
2022-10-05;109.75;110.94999694824219;108.83000183105469;110.38999938964844;10943500;101.08885955810547
2022-10-06;109.45999908447266;110.19000244140625;107.94000244140625;108.13999938964844;11521400;99.0284423828125
2022-10-07;107.5199966430664;107.70999908447266;105.2699966430664;105.9800033569336;11681100;97.05044555664062
2022-10-10;106.7300033569336;107.30999755859375;104.5199966430664;104.98999786376953;8931700;96.14384460449219
2022-10-11;104.37000274658203;104.54000091552734;101.8499984741211;101.95999908447266;12739700;93.36915588378906
2022-10-12;101.80000305175781;104.7300033569336;101.27999877929688;103.61000061035156;13181000;94.880126953125
2022-10-13;101.9800033569336;109.9000015258789;101.76000213623047;109.37000274658203;22398700;100.1548080444336
2022-10-14;111.95999908447266;115.23999786376953;110.72000122070312;111.19000244140625;33387100;101.82145690917969
2022-10-17;115.41000366210938;117.01000213623047;114.31999969482422;115.86000061035156;22276300;106.09798431396484
2022-10-18;119.66000366210938;120.13999938964844;116.95999908447266;118.83999633789062;21539700;108.8268814086914
2022-10-19;117.98999786376953;118.83000183105469;115.66999816894531;116.51000213623047;17072000;106.69322204589844
2022-10-20;117.16000366210938;118.70999908447266;115.6500015258789;116.12999725341797;12207400;106.34522247314453
2022-10-21;116.45999908447266;122.38999938964844;116.33000183105469;122.2300033569336;20593300;111.93126678466797
2022-10-24;122.06999969482422;123.0999984741211;121.33000183105469;122.37999725341797;12624200;112.06861877441406
2022-10-25;121.8499984741211;123.2699966430664;120.88999938964844;122.69999694824219;11289100;112.36164855957031
2022-10-26;123.0;125.19999694824219;122.87999725341797;124.11000061035156;11667000;113.65286254882812
2022-10-27;125.19999694824219;126.19999694824219;124.20999908447266;124.5999984741211;10727600;114.10157012939453
2022-10-28;125.29000091552734;126.27999877929688;124.05000305175781;126.08000183105469;11859500;115.4568862915039
2022-10-31;125.69999694824219;127.43000030517578;125.58999633789062;125.87999725341797;13295200;115.27371215820312
2022-11-01;126.87000274658203;128.27999877929688;126.33000183105469;128.14999389648438;13386900;117.35246276855469
2022-11-02;127.6500015258789;130.36000061035156;126.63999938964844;126.97000122070312;16546100;116.27188873291016
2022-11-03;126.30999755859375;128.17999267578125;125.91000366210938;127.19999694824219;12474400;116.48251342773438
2022-11-04;129.49000549316406;130.8300018310547;128.4600067138672;130.67999267578125;14953200;119.6692886352539
2022-11-07;131.0;132.2899932861328;130.47999572753906;131.3699951171875;12011200;120.30113983154297
2022-11-08;131.24000549316406;132.05999755859375;130.13999938964844;131.4499969482422;9884100;120.37439727783203
2022-11-09;131.32000732421875;131.42999267578125;129.22000122070312;129.74000549316406;9494000;118.80848693847656
2022-11-10;132.6300048828125;135.25;132.52999877929688;135.0800018310547;16351600;123.69855499267578
2022-11-11;135.19000244140625;136.1699981689453;133.77999877929688;135.3000030517578;10704700;123.9000244140625
2022-11-14;134.8000030517578;135.72999572753906;133.91000366210938;133.91000366210938;11085600;122.62715911865234
2022-11-15;134.67999267578125;135.7100067138672;131.60000610351562;132.94000244140625;14038300;121.73887634277344
2022-11-16;133.0;133.55999755859375;132.02999877929688;133.1199951171875;7893400;121.90371704101562
2022-11-17;132.0;132.88999938964844;131.27999877929688;132.5399932861328;8820200;121.37255096435547
2022-11-18;134.57000732421875;134.6699981689453;132.27999877929688;133.83999633789062;9468500;122.56303405761719
2022-11-21;133.74000549316406;134.55999755859375;132.75;133.0500030517578;7800500;121.83961486816406
2022-11-22;134.0;135.27000427246094;133.69000244140625;135.0399932861328;9185700;123.66194152832031
2022-11-23;134.94000244140625;136.5;134.86000061035156;136.47999572753906;7316200;124.98062133789062
2022-11-25;136.47999572753906;137.13999938964844;136.05999755859375;136.74000549316406;3220500;125.21869659423828
2022-11-28;136.07000732421875;136.7100067138672;134.19000244140625;134.35000610351562;9906900;123.03008270263672
2022-11-29;134.66000366210938;136.63999938964844;134.41000366210938;136.55999755859375;7925300;125.05387115478516
2022-11-30;136.08999633789062;138.17999267578125;133.19000244140625;138.17999267578125;14761200;126.5373764038086
2022-12-01;138.17999267578125;138.66000366210938;135.42999267578125;136.24000549316406;8858500;124.76082611083984
2022-12-02;134.49000549316406;135.35000610351562;133.33999633789062;135.16000366210938;8931900;123.77184295654297
2022-12-05;134.24000549316406;134.57000732421875;130.60000610351562;131.3699951171875;10154500;120.30113983154297
2022-12-06;133.38999938964844;135.11000061035156;129.8699951171875;131.58999633789062;13966700;120.50260925292969
2022-12-07;131.30999755859375;133.0800018310547;130.3300018310547;131.5;11739400;120.42021179199219
2022-12-08;132.3300018310547;132.97999572753906;131.42999267578125;132.8800048828125;8907300;121.6839370727539
2022-12-09;132.1999969482422;133.75999450683594;132.0;132.16000366210938;7957800;121.02460479736328
2022-12-12;132.39999389648438;134.64999389648438;131.60000610351562;134.2100067138672;8841600;122.90184783935547
2022-12-13;136.88999938964844;137.08999633789062;133.0800018310547;134.0800018310547;10025400;122.78282928466797
2022-12-14;133.77999877929688;135.7100067138672;132.75999450683594;133.41000366210938;9966100;122.16927337646484
2022-12-15;131.14999389648438;132.0800018310547;129.0500030517578;130.10000610351562;12087800;119.1381607055664
2022-12-16;129.14999389648438;129.89999389648438;128.42999267578125;129.2899932861328;21133700;118.39640045166016
2022-12-19;129.64999389648438;131.3300018310547;129.08999633789062;130.05999755859375;9017200;119.10152435302734
2022-12-20;130.97000122070312;132.0500030517578;130.1999969482422;130.69000244140625;8549900;119.67845153808594
2022-12-21;132.17999267578125;132.97999572753906;131.77000427246094;132.16000366210938;8051700;121.02460479736328
2022-12-22;131.10000610351562;131.3000030517578;128.41000366210938;130.66000366210938;8648200;119.65099334716797
2022-12-23;130.5800018310547;131.44000244140625;129.63999938964844;131.27999877929688;5091900;120.21874237060547
2022-12-27;131.57000732421875;132.22000122070312;130.5500030517578;131.74000549316406;5411000;120.63996887207031
2022-12-28;131.85000610351562;133.41000366210938;131.00999450683594;132.4600067138672;8827700;121.29933166503906
2022-12-29;132.92999267578125;133.27000427246094;132.30999755859375;133.22000122070312;6585200;121.99528503417969
2022-12-30;132.80999755859375;134.3300018310547;132.44000244140625;134.10000610351562;9292500;122.80113983154297
2023-01-03;135.24000549316406;136.74000549316406;133.88999938964844;135.1199951171875;11054800;123.73516845703125
2023-01-04;135.99000549316406;137.67999267578125;135.57000732421875;136.3800048828125;11687600;124.88903045654297
2023-01-05;135.66000366210938;135.7100067138672;133.6999969482422;135.35000610351562;8381300;124.861328125
2023-01-06;136.1300048828125;138.3800048828125;134.49000549316406;137.94000244140625;10029100;127.25064849853516
2023-01-09;138.60000610351562;138.8800048828125;136.8800048828125;137.3699951171875;8482300;126.72482299804688
2023-01-10;137.7899932861328;138.72000122070312;137.30999755859375;138.60000610351562;9048700;127.8594970703125
2023-01-11;138.89999389648438;139.75;138.10000610351562;139.6300048828125;8703700;128.80967712402344
2023-01-12;140.0;140.86000061035156;139.22000122070312;139.49000549316406;11001700;128.68052673339844
2023-01-13;135.60000610351562;143.49000549316406;134.8000030517578;143.00999450683594;20200000;131.92774963378906
2023-01-17;141.1699981689453;141.5399932861328;139.22999572753906;140.8000030517578;14292900;129.88902282714844
2023-01-18;138.9199981689453;140.72999572753906;136.41000366210938;136.57000732421875;13392600;125.98681640625
2023-01-19;135.32000732421875;135.89999389648438;133.58999633789062;134.75;13303400;124.3078384399414
2023-01-20;135.16000366210938;135.49000549316406;133.5500030517578;135.0800018310547;13092500;124.61226654052734
2023-01-23;135.1199951171875;137.9600067138672;134.82000732421875;137.27000427246094;10487100;126.63256072998047
2023-01-24;136.4199981689453;140.2899932861328;135.0;138.4499969482422;6945000;127.72112274169922
2023-01-25;138.0500030517578;139.1199951171875;137.25;139.1199951171875;8967000;128.33920288085938
2023-01-26;139.4199981689453;140.05999755859375;138.36000061035156;139.97999572753906;7487600;129.13253784179688
2023-01-27;140.61000061035156;141.25999450683594;139.75;140.32000732421875;7489900;129.44622802734375
2023-01-30;139.22999572753906;140.08999633789062;138.91000366210938;139.1300048828125;6729300;128.34840393066406
2023-01-31;139.8800048828125;140.07000732421875;138.25;139.9600067138672;9188700;129.1141357421875
2023-02-01;138.2100067138672;140.8800048828125;138.1199951171875;139.58999633789062;8841800;128.77279663085938
2023-02-02;140.0;140.4600067138672;138.0;138.94000244140625;11822100;128.17315673828125
2023-02-03;138.17999267578125;142.3300018310547;138.1300048828125;141.08999633789062;11501200;130.1565399169922
2023-02-06;140.22999572753906;142.24000549316406;140.02999877929688;141.9199981689453;8406200;130.9221954345703
2023-02-07;141.3800048828125;144.33999633789062;141.17999267578125;143.64999389648438;10447900;132.51815795898438
2023-02-08;142.64999389648438;144.0399932861328;142.27999877929688;142.63999938964844;6958000;131.58642578125
2023-02-09;143.1199951171875;143.33999633789062;139.8699951171875;140.4199981689453;6443100;129.53846740722656
2023-02-10;139.77999877929688;141.27999877929688;138.58999633789062;141.0399932861328;6582900;130.11041259765625
2023-02-13;141.3000030517578;142.72999572753906;140.74000549316406;142.57000732421875;7134600;131.52186584472656
2023-02-14;142.5;143.80999755859375;141.60000610351562;143.1999969482422;9249400;132.10302734375
2023-02-15;141.61000061035156;143.88999938964844;141.3000030517578;143.8000030517578;6728300;132.65650939941406
2023-02-16;142.91000366210938;143.38999938964844;141.67999267578125;141.82000732421875;8165300;130.82998657226562
2023-02-17;140.97999572753906;142.8300018310547;140.07000732421875;142.24000549316406;7948800;131.21742248535156
2023-02-21;140.69000244140625;141.33999633789062;138.75;139.6300048828125;9996300;128.80967712402344
2023-02-22;138.9199981689453;139.42999267578125;137.44000244140625;138.55999755859375;11107500;127.8226089477539
2023-02-23;138.72999572753906;140.1699981689453;137.94000244140625;139.6699981689453;8068000;128.8466033935547
2023-02-24;139.11000061035156;141.36000061035156;138.92999267578125;140.92999267578125;9126900;130.00892639160156
2023-02-27;142.11000061035156;143.30999755859375;141.72000122070312;142.16000366210938;10014700;131.14361572265625
2023-02-28;142.94000244140625;143.75999450683594;141.89999389648438;143.35000610351562;11019800;132.24142456054688
2023-03-01;142.10000610351562;143.4600067138672;141.8000030517578;142.5500030517578;7139200;131.50338745117188
2023-03-02;142.24000549316406;142.42999267578125;139.5399932861328;141.07000732421875;11106800;130.1380615234375
2023-03-03;141.50999450683594;143.74000549316406;141.0800018310547;143.66000366210938;9513100;132.52740478515625
2023-03-06;143.44000244140625;144.0399932861328;142.66000366210938;142.82000732421875;9261300;131.75247192382812
2023-03-07;142.00999450683594;142.30999755859375;137.80999755859375;138.6199951171875;11747600;127.8779525756836
2023-03-08;138.0;138.58999633789062;136.88999938964844;137.8000030517578;10002500;127.12149047851562
2023-03-09;136.75999450683594;137.35000610351562;129.22000122070312;130.33999633789062;25888100;120.2396011352539
2023-03-10;128.9600067138672;135.25999450683594;127.81999969482422;133.64999389648438;37599700;123.2930679321289
2023-03-13;131.2100067138672;133.8800048828125;129.41000366210938;131.25;42901100;121.07907104492188
2023-03-14;135.27999877929688;135.52999877929688;131.2899932861328;134.6199951171875;29648100;124.18792724609375
2023-03-15;130.97999572753906;130.99000549316406;126.7300033569336;128.25999450683594;34280600;118.32075500488281
2023-03-16;128.00999450683594;131.9499969482422;126.0199966430664;130.75;24558500;120.61783599853516
2023-03-17;128.3800048828125;128.47999572753906;125.44999694824219;125.80999755859375;38396000;116.06063079833984
2023-03-20;126.98999786376953;129.47000122070312;126.01000213623047;127.13999938964844;22875500;117.28755187988281
2023-03-21;130.58999633789062;131.72999572753906;130.19000244140625;130.5500030517578;17807800;120.43331909179688
2023-03-22;130.55999755859375;130.66000366210938;127.08000183105469;127.18000030517578;17250200;117.32447814941406
2023-03-23;127.9000015258789;129.52999877929688;126.0199966430664;126.83999633789062;16677600;117.01081085205078
2023-03-24;125.62999725341797;125.68000030517578;123.11000061035156;124.91000366210938;22311100;115.23039245605469
2023-03-27;126.79000091552734;129.3800048828125;126.29000091552734;128.49000549316406;18853900;118.53296661376953
2023-03-28;128.7100067138672;129.33999633789062;127.73999786376953;128.8800048828125;10820500;118.89273834228516
2023-03-29;130.10000610351562;130.22000122070312;127.7699966430664;129.13999938964844;14595300;119.13257598876953
2023-03-30;129.9499969482422;130.1199951171875;127.6500015258789;128.75;12134700;118.77279663085938
2023-03-31;129.66000366210938;130.33999633789062;128.85000610351562;130.30999755859375;13105200;120.21192169189453
2023-04-03;129.91000366210938;131.44000244140625;129.41000366210938;130.16000366210938;11775400;120.07352447509766
2023-04-04;130.5;130.58999633789062;127.41000366210938;128.4199981689453;11579900;118.46839141845703
2023-04-05;126.80000305175781;128.14999389648438;126.45999908447266;127.61000061035156;9614700;118.64501953125
2023-04-06;127.0;128.0800018310547;126.86000061035156;127.47000122070312;8760200;118.51483917236328
2023-04-10;126.54000091552734;128.22999572753906;126.22000122070312;127.88999938964844;9477300;118.90535736083984
2023-04-11;128.3000030517578;128.94000244140625;127.54000091552734;128.52000427246094;10516300;119.49109649658203
2023-04-12;129.17999267578125;130.42999267578125;128.05999755859375;128.5;11821000;119.4725112915039
2023-04-13;128.4600067138672;129.0399932861328;126.83000183105469;128.99000549316406;12450200;119.92808532714844
2023-04-14;135.14999389648438;139.1199951171875;134.89999389648438;138.72999572753906;43931300;128.9838104248047
2023-04-17;139.9499969482422;140.05999755859375;137.66000366210938;139.8300018310547;16050500;130.0065460205078
2023-04-18;140.27000427246094;141.77999877929688;139.02999877929688;141.39999389648438;13760100;131.4662322998047
2023-04-19;141.22999572753906;141.5;140.39999389648438;141.22000122070312;9158100;131.2989044189453
2023-04-20;139.91000366210938;141.42999267578125;139.83999633789062;140.80999755859375;10586200;130.91770935058594
2023-04-21;139.74000549316406;141.11000061035156;138.77999877929688;140.5399932861328;11842500;130.6666259765625
2023-04-24;140.4600067138672;141.10000610351562;140.0399932861328;140.72999572753906;7567500;130.84329223632812
2023-04-25;139.60000610351562;139.9600067138672;137.6300048828125;137.6699981689453;10629300;127.998291015625
2023-04-26;137.6199951171875;137.80999755859375;134.0;135.22999572753906;14416100;125.7297134399414
2023-04-27;136.0;137.91000366210938;135.66000366210938;137.0500030517578;9041100;127.42182159423828
2023-04-28;136.55999755859375;138.32000732421875;135.6699981689453;138.24000549316406;9887300;128.52822875976562
2023-05-01;142.25999450683594;143.3699951171875;140.8300018310547;141.1999969482422;20415800;131.28028869628906
2023-05-02;141.39999389648438;142.41000366210938;138.42999267578125;138.9199981689453;14113400;129.1604461669922
2023-05-03;138.44000244140625;138.6699981689453;135.75999450683594;135.97999572753906;12930900;126.4270248413086
2023-05-04;134.9600067138672;135.72000122070312;131.80999755859375;134.1199951171875;17089200;124.69764709472656
2023-05-05;136.44000244140625;137.8800048828125;135.91000366210938;136.74000549316406;11261400;127.13362121582031
2023-05-08;137.49000549316406;137.97000122070312;136.47999572753906;137.07000732421875;7484900;127.44046020507812
2023-05-09;135.92999267578125;136.9499969482422;135.2100067138672;136.41000366210938;7343600;126.82681274414062
2023-05-10;137.9499969482422;138.05999755859375;134.8699951171875;136.47999572753906;8133400;126.89189910888672
2023-05-11;135.0;136.80999755859375;134.89999389648438;136.0500030517578;7057300;126.49209594726562
2023-05-12;136.82000732421875;136.99000549316406;133.1300048828125;134.10000610351562;9988600;124.67909240722656
2023-05-15;134.27000427246094;135.6699981689453;133.9600067138672;135.22999572753906;7639500;125.7297134399414
2023-05-16;135.4600067138672;135.94000244140625;133.9600067138672;134.32000732421875;6477200;124.88362121582031
2023-05-17;135.89999389648438;138.58999633789062;135.4600067138672;138.4499969482422;12711500;128.72348022460938
2023-05-18;138.27000427246094;139.72999572753906;137.75999450683594;139.5;10999600;129.69973754882812
2023-05-19;139.7899932861328;140.49000549316406;138.1300048828125;139.17999267578125;13492200;129.40219116210938
2023-05-22;141.0;141.63999938964844;137.66000366210938;138.02999877929688;11402500;128.33299255371094
2023-05-23;137.5399932861328;139.02999877929688;136.4600067138672;136.58999633789062;9514900;126.994140625
2023-05-24;135.39999389648438;136.35000610351562;135.0800018310547;135.33999633789062;8578000;125.83196258544922
2023-05-25;134.82000732421875;136.27000427246094;134.5800018310547;135.6699981689453;8472500;126.1387939453125
2023-05-26;136.11000061035156;137.60000610351562;135.6300048828125;136.94000244140625;8579900;127.31957244873047
2023-05-30;136.8000030517578;137.72000122070312;136.02000427246094;137.4600067138672;7399900;127.80304718017578
2023-05-31;136.72999572753906;136.83999633789062;134.39999389648438;135.7100067138672;14219900;126.17597961425781
2023-06-01;136.52000427246094;138.22999572753906;135.4499969482422;137.5800018310547;12248100;127.91460418701172
2023-06-02;139.55999755859375;141.47999572753906;139.33999633789062;140.47000122070312;12922500;130.6015625
2023-06-05;140.11000061035156;140.11000061035156;138.1300048828125;139.08999633789062;8511900;129.3185272216797
2023-06-06;138.67999267578125;140.10000610351562;138.2100067138672;139.33999633789062;9329500;129.55096435546875
2023-06-07;139.5500030517578;141.27000427246094;138.8300018310547;140.69000244140625;9281400;130.8061065673828
2023-06-08;140.6699981689453;140.88999938964844;139.47999572753906;140.72999572753906;7368100;130.84329223632812
2023-06-09;140.35000610351562;141.8000030517578;140.2100067138672;141.00999450683594;7249100;131.10362243652344
2023-06-12;141.07000732421875;141.32000732421875;139.75999450683594;141.0;7596600;131.0943603515625
2023-06-13;140.47999572753906;142.8699951171875;140.13999938964844;142.02000427246094;7701600;132.04269409179688
2023-06-14;143.0;143.61000061035156;140.6999969482422;141.49000549316406;9068700;131.5499267578125
2023-06-15;140.58999633789062;143.39999389648438;140.02999877929688;143.08999633789062;9343100;133.03750610351562
2023-06-16;143.0500030517578;143.97000122070312;142.5;143.25999450683594;13813500;133.19554138183594
2023-06-20;142.61000061035156;143.0;141.0399932861328;142.52999877929688;8428600;132.51683044433594
2023-06-21;142.89999389648438;144.02000427246094;141.69000244140625;142.32000732421875;9926500;132.32159423828125
2023-06-22;142.30999755859375;142.60000610351562;138.9499969482422;139.5800018310547;10075200;129.77410888671875
2023-06-23;138.5399932861328;139.17999267578125;137.6199951171875;138.85000610351562;9919500;129.09539794921875
2023-06-26;138.8699951171875;140.00999450683594;137.69000244140625;139.19000244140625;8429700;129.41148376464844
2023-06-27;139.0;139.83999633789062;138.5399932861328;139.1999969482422;8154000;129.42079162597656
2023-06-28;139.16000366210938;139.2100067138672;137.9600067138672;138.58999633789062;7558600;128.85362243652344
2023-06-29;140.07000732421875;143.55999755859375;139.85000610351562;143.42999267578125;15423200;133.3535919189453
2023-06-30;144.60000610351562;146.0;143.66000366210938;145.44000244140625;14212800;135.22238159179688
2023-07-03;146.19000244140625;147.47999572753906;146.0;146.61000061035156;8021600;136.31021118164062
2023-07-05;144.94000244140625;145.42999267578125;144.36000061035156;144.63999938964844;8934900;135.40220642089844
2023-07-06;143.02000427246094;143.38999938964844;141.44000244140625;143.2100067138672;9709500;134.06350708007812
2023-07-07;143.91000366210938;145.83999633789062;143.0;144.33999633789062;8981500;135.121337890625
2023-07-10;144.5;145.99000549316406;144.5;145.14999389648438;9100100;135.87960815429688
2023-07-11;146.33999633789062;147.82000732421875;145.7100067138672;147.4199981689453;11260900;138.0045928955078
2023-07-12;147.4499969482422;149.8699951171875;147.0;148.14999389648438;11323200;138.68798828125
2023-07-13;148.6999969482422;149.3699951171875;147.75;148.8699951171875;11234900;139.36199951171875
2023-07-14;151.5500030517578;152.88999938964844;148.41000366210938;149.77000427246094;27028400;140.20452880859375
2023-07-17;150.35000610351562;153.75;150.35000610351562;153.3800048828125;17262400;143.58396911621094
2023-07-18;153.3800048828125;154.39999389648438;152.82000732421875;153.66000366210938;13491700;143.84608459472656
2023-07-19;152.75;155.2100067138672;152.22000122070312;154.25;12510000;144.39840698242188
2023-07-20;154.52999877929688;156.58999633789062;154.41000366210938;156.14999389648438;9935900;146.1770477294922
2023-07-21;155.8000030517578;156.13999938964844;154.69000244140625;154.9499969482422;10636400;145.0537109375
2023-07-24;154.97000122070312;158.7899932861328;154.72999572753906;158.0;14381400;147.90890502929688
2023-07-25;157.3000030517578;157.72000122070312;155.9600067138672;156.82000732421875;9944700;146.8042755126953
2023-07-26;156.7100067138672;158.25;156.27999877929688;157.75999450683594;8728600;147.68421936035156
2023-07-27;157.77000427246094;158.77999877929688;155.5500030517578;156.02000427246094;10778400;146.05532836914062
2023-07-28;157.27999877929688;157.60000610351562;156.44000244140625;156.91000366210938;9103800;146.8885040283203
2023-07-31;157.17999267578125;159.3800048828125;157.14999389648438;157.9600067138672;8892700;147.87144470214844
2023-08-01;157.42999267578125;158.0;156.14999389648438;157.17999267578125;6853900;147.1412811279297
2023-08-02;155.55999755859375;155.69000244140625;153.94000244140625;155.39999389648438;8299400;145.4749298095703
2023-08-03;155.0;156.9199981689453;154.35000610351562;156.35000610351562;6084000;146.3643035888672
2023-08-04;156.39999389648438;157.8000030517578;155.6999969482422;156.02000427246094;6209400;146.05532836914062
2023-08-07;156.60000610351562;157.6999969482422;156.60000610351562;156.75999450683594;7251800;146.7480926513672
2023-08-08;154.32000732421875;155.97999572753906;152.58999633789062;155.8800048828125;8623400;145.92430114746094
2023-08-09;155.32000732421875;155.52000427246094;153.47000122070312;153.7899932861328;6277800;143.9677734375
2023-08-10;154.3800048828125;155.44000244140625;153.08999633789062;153.55999755859375;5995100;143.75245666503906
2023-08-11;153.02999877929688;154.52000427246094;152.6300048828125;154.4499969482422;5180700;144.5856475830078
2023-08-14;153.61000061035156;154.9199981689453;152.9199981689453;154.77000427246094;5044300;144.88519287109375
2023-08-15;152.85000610351562;153.27000427246094;150.22999572753906;150.8300018310547;10300300;141.19683837890625
2023-08-16;150.60000610351562;150.9600067138672;149.67999267578125;150.19000244140625;6978200;140.59765625
2023-08-17;150.8800048828125;151.25999450683594;148.39999389648438;148.6300048828125;9953900;139.13735961914062
2023-08-18;147.64999389648438;149.5;147.44000244140625;148.97000122070312;8517500;139.4556427001953
2023-08-21;149.64999389648438;150.10000610351562;148.02000427246094;149.47999572753906;8327000;139.9330596923828
2023-08-22;149.25999450683594;149.63999938964844;145.85000610351562;146.3800048828125;9673300;137.03103637695312
2023-08-23;146.35000610351562;147.58999633789062;145.4600067138672;147.3699951171875;7858000;137.9578094482422
2023-08-24;147.5;149.41000366210938;146.99000549316406;147.22999572753906;6534000;137.82675170898438
2023-08-25;147.27999877929688;148.6199951171875;145.85000610351562;147.0500030517578;6695500;137.6582794189453
2023-08-28;147.57000732421875;148.61000061035156;147.1300048828125;147.55999755859375;5094100;138.13568115234375
2023-08-29;147.7100067138672;148.85000610351562;147.17999267578125;148.75999450683594;6337000;139.259033203125
2023-08-30;148.6199951171875;149.14999389648438;147.19000244140625;148.16000366210938;6277300;138.6973419189453
2023-08-31;148.25999450683594;148.35000610351562;145.9600067138672;146.3300018310547;10933900;136.98423767089844
2023-09-01;146.08999633789062;148.0800018310547;145.6999969482422;146.82000732421875;7903500;137.4429473876953
2023-09-05;147.16000366210938;148.2100067138672;145.00999450683594;145.1999969482422;7854700;135.92637634277344
2023-09-06;144.6999969482422;145.5399932861328;144.11000061035156;144.9600067138672;8629200;135.7017364501953
2023-09-07;144.1300048828125;145.27000427246094;143.38999938964844;143.72000122070312;8373700;134.5409393310547
2023-09-08;143.3699951171875;144.1199951171875;142.64999389648438;143.8300018310547;7107900;134.64390563964844
2023-09-11;144.75;145.0500030517578;143.69000244140625;144.4600067138672;6854200;135.23365783691406
2023-09-12;144.5;147.32000732421875;144.0500030517578;146.33999633789062;8363200;136.99359130859375
2023-09-13;147.33999633789062;147.6999969482422;145.82000732421875;146.41000366210938;8325900;137.0591278076172
2023-09-14;147.83999633789062;149.89999389648438;147.52000427246094;149.25;10034900;139.71774291992188
2023-09-15;148.9199981689453;149.72999572753906;148.30999755859375;148.80999755859375;19863400;139.30584716796875
2023-09-18;148.16000366210938;149.13999938964844;147.75;149.1199951171875;6512400;139.59603881835938
2023-09-19;149.5;149.72000122070312;147.2100067138672;148.92999267578125;7943400;139.4181671142578
2023-09-20;149.64999389648438;150.25;148.13999938964844;148.3000030517578;7332000;138.82839965820312
2023-09-21;147.5800018310547;148.85000610351562;146.6300048828125;147.13999938964844;8052400;137.74249267578125
2023-09-22;147.2899932861328;147.50999450683594;145.19000244140625;145.72999572753906;7071700;136.4225616455078
2023-09-25;145.35000610351562;146.52000427246094;143.6999969482422;146.4499969482422;7044700;137.09654235839844
2023-09-26;144.60000610351562;145.83999633789062;144.22999572753906;144.92999267578125;7468400;135.6736602783203
2023-09-27;145.19000244140625;146.08999633789062;144.50999450683594;145.77999877929688;6717800;136.46934509277344
2023-09-28;146.27999877929688;148.8699951171875;146.00999450683594;147.58999633789062;8868100;138.16372680664062
2023-09-29;148.60000610351562;148.75999450683594;144.86000061035156;145.02000427246094;11917800;135.75790405273438
2023-10-02;144.8300018310547;145.6199951171875;142.6300048828125;143.77000427246094;9170600;134.58775329589844
2023-10-03;143.1999969482422;143.58999633789062;142.35000610351562;142.7100067138672;9431100;133.59542846679688
2023-10-04;143.19000244140625;143.47000122070312;141.92999267578125;143.35000610351562;8128700;134.194580078125
2023-10-05;142.0399932861328;143.10000610351562;140.8300018310547;142.89999389648438;8576200;134.76039123535156
2023-10-06;142.91000366210938;145.8800048828125;142.13999938964844;145.10000610351562;10270600;136.8350830078125
2023-10-09;143.66000366210938;145.39999389648438;143.5;144.77000427246094;6964900;136.52386474609375
2023-10-10;145.4199981689453;146.77000427246094;145.27999877929688;145.64999389648438;11288800;137.35372924804688
2023-10-11;146.50999450683594;147.22999572753906;145.02000427246094;146.14999389648438;8698200;137.8252716064453
2023-10-12;146.3000030517578;146.9600067138672;145.1300048828125;145.80999755859375;10484400;137.504638671875
2023-10-13;148.5;153.11000061035156;147.83999633789062;148.0;29427000;139.5699005126953
2023-10-16;149.4499969482422;149.52000427246094;146.72000122070312;147.85000610351562;12663500;139.42843627929688
2023-10-17;147.57000732421875;149.30999755859375;146.7899932861328;147.52999877929688;11482700;139.12664794921875
2023-10-18;146.58999633789062;147.47999572753906;145.3699951171875;145.91000366210938;9620300;137.5989227294922
2023-10-19;145.47999572753906;147.02000427246094;144.8800048828125;145.2899932861328;11143600;137.01425170898438
2023-10-20;144.57000732421875;145.13999938964844;142.1199951171875;142.9499969482422;13332900;134.80751037597656
2023-10-23;142.94000244140625;143.67999267578125;140.72999572753906;141.0;10133400;132.96861267089844
2023-10-24;141.19000244140625;141.72999572753906;140.36000061035156;141.1699981689453;8881400;133.12893676757812
2023-10-25;140.57000732421875;141.17999267578125;139.50999450683594;140.39999389648438;8242600;132.4027862548828
2023-10-26;139.75999450683594;141.6699981689453;139.42999267578125;140.75999450683594;9109400;132.74229431152344
2023-10-27;138.9499969482422;139.10000610351562;135.19000244140625;135.69000244140625;17434700;127.96107482910156
2023-10-30;136.44000244140625;138.0399932861328;136.0399932861328;137.4199981689453;9855500;129.59251403808594
2023-10-31;137.7100067138672;139.24000549316406;137.47000122070312;139.05999755859375;9672500;131.1391143798828
2023-11-01;139.25;140.52999877929688;138.47000122070312;138.94000244140625;9432000;131.02593994140625
2023-11-02;140.08999633789062;141.47999572753906;139.22999572753906;141.4199981689453;10186200;133.3647003173828
2023-11-03;142.19000244140625;143.77000427246094;141.85000610351562;143.0;9538700;134.85470581054688
2023-11-06;143.1699981689453;144.19000244140625;142.7899932861328;144.0800018310547;7625100;135.87318420410156
2023-11-07;143.50999450683594;144.25999450683594;142.82000732421875;144.00999450683594;6297900;135.80715942382812
2023-11-08;144.11000061035156;144.83999633789062;143.6199951171875;144.72000122070312;7618200;136.4766845703125
2023-11-09;145.44000244140625;145.64999389648438;143.6999969482422;144.2899932861328;7992500;136.07118225097656
2023-11-10;144.94000244140625;146.47999572753906;144.0800018310547;146.42999267578125;7983300;138.0892791748047
2023-11-13;145.6999969482422;146.25;145.16000366210938;145.77999877929688;6676300;137.47634887695312
2023-11-14;146.67999267578125;149.25;146.52000427246094;148.44000244140625;9927700;139.98484802246094
2023-11-15;148.4600067138672;150.16000366210938;148.4600067138672;149.74000549316406;8365300;141.21078491210938
2023-11-16;150.08999633789062;151.52999877929688;150.08999633789062;151.4499969482422;8126200;142.8233642578125
2023-11-17;152.1999969482422;152.86000061035156;151.5399932861328;152.82000732421875;7812400;144.11532592773438
2023-11-20;152.0800018310547;153.75;151.9199981689453;153.2899932861328;7019000;144.55856323242188
2023-11-21;153.1999969482422;153.6300048828125;152.57000732421875;152.97000122070312;7083500;144.25682067871094
2023-11-22;153.41000366210938;153.8800048828125;152.89999389648438;153.3300018310547;5174500;144.59628295898438
2023-11-24;153.58999633789062;154.44000244140625;153.27999877929688;153.5399932861328;3496900;144.79434204101562
2023-11-27;153.42999267578125;153.52999877929688;152.7100067138672;153.19000244140625;6259100;144.46424865722656
2023-11-28;153.22000122070312;153.8699951171875;152.72000122070312;153.5399932861328;6582700;144.79434204101562
2023-11-29;154.1699981689453;155.6300048828125;154.0;154.32000732421875;9126100;145.5299072265625
2023-11-30;154.91000366210938;156.1300048828125;154.3800048828125;156.0800018310547;9869800;147.18963623046875
2023-12-01;155.82000732421875;157.86000061035156;155.82000732421875;156.83999633789062;8916000;147.90634155273438
2023-12-04;156.02000427246094;158.0500030517578;155.8800048828125;157.99000549316406;9607500;148.9908447265625
2023-12-05;157.25999450683594;158.5;156.97000122070312;157.97000122070312;9135600;148.97198486328125
2023-12-06;158.83999633789062;159.22000122070312;156.0;156.30999755859375;9366000;147.4065399169922
2023-12-07;156.69000244140625;157.30999755859375;156.14999389648438;156.7899932861328;8130900;147.8592071533203
2023-12-08;157.25999450683594;158.77999877929688;156.97999572753906;158.52000427246094;7369400;149.4906768798828
2023-12-11;158.52000427246094;159.3000030517578;158.14999389648438;159.10000610351562;8093900;150.0376434326172
2023-12-12;159.22999572753906;160.64999389648438;158.8800048828125;160.52000427246094;10223000;151.37677001953125
2023-12-13;160.52000427246094;162.02999877929688;159.77000427246094;161.05999755859375;12379100;151.88600158691406
2023-12-14;161.8300018310547;164.83999633789062;161.7100067138672;163.99000549316406;13643000;154.6490936279297
2023-12-15;163.0800018310547;165.27999877929688;162.38999938964844;165.22999572753906;20309300;155.81845092773438
2023-12-18;165.9199981689453;167.1300048828125;165.6300048828125;166.22999572753906;8469600;156.76150512695312
2023-12-19;166.0;168.47000122070312;165.5500030517578;168.4499969482422;10345700;158.85504150390625
2023-12-20;167.99000549316406;169.41000366210938;166.4499969482422;166.5500030517578;10734700;157.06326293945312
2023-12-21;166.83999633789062;168.08999633789062;165.67999267578125;167.5;7601700;157.9591522216797
2023-12-22;167.5;168.22999572753906;167.22999572753906;167.39999389648438;6576300;157.86483764648438
2023-12-26;167.4600067138672;168.77000427246094;167.17999267578125;168.38999938964844;4683600;158.79849243164062
2023-12-27;167.83999633789062;169.47000122070312;167.5800018310547;169.39999389648438;6428600;159.7509307861328
2023-12-28;169.35000610351562;170.66000366210938;169.0;170.3000030517578;6320100;160.5996856689453
2023-12-29;170.0;170.69000244140625;169.6300048828125;170.10000610351562;6435100;160.4110870361328
2024-01-02;169.08999633789062;172.1699981689453;168.91000366210938;172.0800018310547;9977400;162.2782745361328
2024-01-03;171.86000061035156;172.0399932861328;170.3699951171875;171.3300018310547;9852300;161.57098388671875
2024-01-04;170.63999938964844;173.35000610351562;170.5399932861328;171.41000366210938;11972500;162.64321899414062
2024-01-05;171.47000122070312;173.3800048828125;171.47000122070312;172.27000427246094;10066000;163.45925903320312
2024-01-08;172.02000427246094;172.36000061035156;169.49000549316406;172.02000427246094;11229900;163.2220001220703
2024-01-09;171.6199951171875;171.7899932861328;170.10000610351562;170.66000366210938;9923600;161.93157958984375
2024-01-10;170.0;171.0800018310547;168.9499969482422;171.02000427246094;9670200;162.27317810058594
2024-01-11;170.3300018310547;170.36000061035156;168.63999938964844;170.3000030517578;11919500;161.58999633789062
2024-01-12;173.8000030517578;176.30999755859375;168.89999389648438;169.0500030517578;19436500;160.40390014648438
2024-01-16;164.8699951171875;168.08999633789062;164.3000030517578;167.99000549316406;17206400;159.3981475830078
2024-01-17;167.33999633789062;169.07000732421875;166.49000549316406;167.08999633789062;11107500;158.54417419433594
2024-01-18;167.1199951171875;167.52999877929688;165.24000549316406;167.4199981689453;9382300;158.85726928710938
2024-01-19;167.5500030517578;170.57000732421875;167.0800018310547;170.30999755859375;13115700;161.59945678710938
2024-01-22;170.4600067138672;171.97999572753906;169.7100067138672;170.11000061035156;12837500;161.4097137451172
2024-01-23;169.6699981689453;169.75;168.44000244140625;168.99000549316406;8360800;160.3470001220703
2024-01-24;169.36000061035156;171.00999450683594;168.86000061035156;170.5;9967100;161.7797393798828
2024-01-25;172.30999755859375;172.99000549316406;170.91000366210938;172.94000244140625;8873500;164.094970703125
2024-01-26;172.61000061035156;173.05999755859375;171.77999877929688;172.27999877929688;7443000;163.46871948242188
2024-01-29;172.24000549316406;172.83999633789062;171.3000030517578;172.72999572753906;6971200;163.89569091796875
2024-01-30;172.8300018310547;176.75999450683594;172.8300018310547;176.27000427246094;10822100;167.254638671875
2024-01-31;176.1999969482422;178.3000030517578;174.33999633789062;174.36000061035156;11521800;165.4423370361328
2024-02-01;173.63999938964844;174.83999633789062;171.42999267578125;173.72999572753906;9354800;164.84454345703125
2024-02-02;173.3000030517578;175.82000732421875;173.25999450683594;174.72999572753906;8607600;165.7934112548828
2024-02-05;173.86000061035156;175.08999633789062;172.9199981689453;174.5;7820200;165.57518005371094
2024-02-06;174.61000061035156;175.8699951171875;173.75999450683594;175.10000610351562;6764800;166.14450073242188
2024-02-07;175.69000244140625;175.8699951171875;173.9600067138672;175.42999267578125;7225500;166.45761108398438
2024-02-08;175.0;175.30999755859375;173.57000732421875;174.8000030517578;6060300;165.85983276367188
2024-02-09;175.0;175.10000610351562;173.6699981689453;175.00999450683594;6296700;166.05908203125
2024-02-12;174.77999877929688;176.80999755859375;173.6999969482422;175.7899932861328;8539300;166.79917907714844
2024-02-13;175.32000732421875;176.22999572753906;172.6199951171875;174.25999450683594;8397600;165.34742736816406
2024-02-14;175.07000732421875;176.10000610351562;174.4199981689453;176.02999877929688;7056700;167.02694702148438
2024-02-15;176.14999389648438;180.2100067138672;176.14999389648438;179.8699951171875;8723400;170.6705322265625
2024-02-16;179.61000061035156;179.97999572753906;178.16000366210938;179.02999877929688;8152600;169.8734893798828
2024-02-20;179.19000244140625;180.4600067138672;178.41000366210938;179.72999572753906;9668000;170.53768920898438
2024-02-21;179.9499969482422;180.99000549316406;178.52000427246094;180.89999389648438;7024000;171.64784240722656
2024-02-22;181.82000732421875;183.4199981689453;181.24000549316406;183.07000732421875;9296500;173.70689392089844
2024-02-23;183.80999755859375;185.1999969482422;183.19000244140625;183.99000549316406;7105800;174.57981872558594
2024-02-26;183.75;184.4600067138672;182.47999572753906;183.36000061035156;7145400;173.9820556640625
2024-02-27;183.30999755859375;183.5399932861328;182.24000549316406;183.4499969482422;5717100;174.06741333007812
2024-02-28;183.42999267578125;185.1999969482422;182.9600067138672;184.3800048828125;6131600;174.94985961914062
2024-02-29;185.66000366210938;186.42999267578125;183.85000610351562;186.05999755859375;9643000;176.5439453125
2024-03-01;185.6999969482422;186.44000244140625;185.10000610351562;185.2899932861328;6311800;175.8133087158203
2024-03-04;184.7100067138672;187.58999633789062;184.27000427246094;186.67999267578125;7063600;177.13221740722656
2024-03-05;186.36000061035156;189.3000030517578;186.36000061035156;188.5500030517578;6617800;178.90660095214844
2024-03-06;189.25;190.07000732421875;187.6300048828125;189.52999877929688;7572900;179.83645629882812
2024-03-07;189.91000366210938;190.5;186.6300048828125;187.8699951171875;7618300;178.2613983154297
2024-03-08;188.44000244140625;190.4600067138672;187.9199981689453;188.22000122070312;6172200;178.59347534179688
2024-03-11;187.27999877929688;188.44000244140625;186.22000122070312;188.2899932861328;5762600;178.6598663330078
2024-03-12;188.9499969482422;190.16000366210938;187.91000366210938;189.83999633789062;5708400;180.13059997558594
2024-03-13;190.36000061035156;191.72999572753906;189.83999633789062;191.3800048828125;7795500;181.5918426513672
2024-03-14;191.02999877929688;191.6300048828125;187.10000610351562;187.97000122070312;10310900;178.3562469482422
2024-03-15;186.47999572753906;190.94000244140625;186.47999572753906;190.3000030517578;17214200;180.56707763671875
2024-03-18;190.6300048828125;192.6999969482422;189.88999938964844;192.66000366210938;9013800;182.80641174316406
2024-03-19;192.7100067138672;193.92999267578125;192.3800048828125;193.7899932861328;8478700;183.8785858154297
2024-03-20;194.19000244140625;196.55999755859375;193.61000061035156;196.3300018310547;9367000;186.28866577148438
2024-03-21;196.52000427246094;199.42999267578125;196.3300018310547;199.05999755859375;11203800;188.87905883789062
2024-03-22;199.00999450683594;200.47999572753906;196.5399932861328;196.6199951171875;8108800;186.56381225585938
2024-03-25;196.60000610351562;196.94000244140625;194.36000061035156;194.82000732421875;8620000;184.85592651367188
2024-03-26;194.58999633789062;196.66000366210938;194.05999755859375;195.72999572753906;5961500;185.71934509277344
2024-03-27;196.5;199.60000610351562;196.3800048828125;199.52000427246094;8725800;189.31553649902344
2024-03-28;199.49000549316406;200.72000122070312;198.5399932861328;200.3000030517578;8628300;190.05563354492188
2024-04-01;199.99000549316406;200.94000244140625;198.57000732421875;198.94000244140625;7309000;188.76522827148438
2024-04-02;198.38999938964844;199.77999877929688;198.0800018310547;198.86000061035156;7014700;188.6892852783203
2024-04-03;199.0399932861328;199.55999755859375;197.6999969482422;198.3000030517578;9353400;188.1579132080078
2024-04-04;199.14999389648438;199.67999267578125;195.5500030517578;195.64999389648438;9243800;186.72634887695312
2024-04-05;196.16000366210938;198.1199951171875;195.11000061035156;197.4499969482422;6532300;188.44424438476562
2024-04-08;197.6199951171875;198.97999572753906;197.6199951171875;198.47999572753906;8001000;189.42726135253906
2024-04-09;198.07000732421875;198.8800048828125;194.91000366210938;197.14999389648438;7351500;188.15794372558594
2024-04-10;195.5500030517578;197.07000732421875;194.17999267578125;195.47000122070312;7681400;186.5545654296875
2024-04-11;196.0;196.57000732421875;193.24000549316406;195.42999267578125;10137700;186.516357421875
2024-04-12;188.32000732421875;188.92999267578125;182.5399932861328;182.7899932861328;31532300;174.452880859375
2024-04-15;184.5;187.4600067138672;182.1999969482422;182.88999938964844;14766600;174.54833984375
2024-04-16;182.89999389648438;183.16000366210938;179.64999389648438;180.8000030517578;16451800;172.5536651611328
2024-04-17;181.3699951171875;182.4199981689453;179.1999969482422;180.0800018310547;9017100;171.86651611328125
2024-04-18;181.10000610351562;183.36000061035156;179.97000122070312;181.25;9557700;172.98313903808594
2024-04-19;182.39999389648438;185.8800048828125;181.41000366210938;185.8000030517578;13402300;177.32562255859375
2024-04-22;185.99000549316406;190.1300048828125;185.97999572753906;189.41000366210938;11529700;180.77093505859375
2024-04-23;191.1300048828125;192.22999572753906;190.52000427246094;192.13999938964844;9144400;183.37643432617188
2024-04-24;190.52999877929688;193.22999572753906;190.1699981689453;193.0800018310547;6964900;184.27357482910156
2024-04-25;192.25;193.94000244140625;191.17999267578125;193.3699951171875;9802300;184.55030822753906
2024-04-26;193.57000732421875;194.8699951171875;193.05999755859375;193.49000549316406;6413700;184.66488647460938
2024-04-29;193.47999572753906;194.25999450683594;192.42999267578125;193.27999877929688;5387800;184.4644317626953
2024-04-30;192.80999755859375;194.99000549316406;191.63999938964844;191.74000549316406;8153700;182.9946746826172
2024-05-01;192.27000427246094;194.4600067138672;190.7899932861328;191.86000061035156;7445300;183.10919189453125
2024-05-02;193.07000732421875;193.5;189.52000427246094;191.66000366210938;6501700;182.91831970214844
2024-05-03;192.0;192.52999877929688;188.4600067138672;190.50999450683594;8922800;181.82078552246094
2024-05-06;191.72999572753906;192.1999969482422;189.82000732421875;192.0;7911100;183.2428436279297
2024-05-07;191.6999969482422;192.92999267578125;191.64999389648438;191.75;7688800;183.0041961669922
2024-05-08;191.0;196.64999389648438;191.0;195.64999389648438;9227600;186.72634887695312
2024-05-09;195.1699981689453;197.58999633789062;195.10000610351562;197.5;7977300;188.49195861816406
2024-05-10;198.5399932861328;199.33999633789062;198.27000427246094;198.77000427246094;7529800;189.7040557861328
2024-05-13;198.8000030517578;199.85000610351562;198.0399932861328;198.72999572753906;7049200;189.6658477783203
2024-05-14;199.0;201.5800018310547;198.16000366210938;201.50999450683594;8596200;192.31907653808594
2024-05-15;202.00999450683594;202.69000244140625;199.77000427246094;202.11000061035156;8370000;192.89169311523438
2024-05-16;202.22000122070312;204.47999572753906;201.99000549316406;202.47000122070312;8497900;193.23529052734375
2024-05-17;203.80999755859375;205.0500030517578;202.80999755859375;204.7899932861328;9260500;195.449462890625
2024-05-20;204.38999938964844;205.8800048828125;195.39999389648438;195.5800018310547;17373300;186.65953063964844
2024-05-21;197.0;199.89999389648438;196.60000610351562;199.52000427246094;14420800;190.41983032226562
2024-05-22;199.0;200.94000244140625;197.69000244140625;198.30999755859375;9425300;189.2650146484375
2024-05-23;197.80999755859375;198.3000030517578;196.07000732421875;196.9199981689453;8069400;187.93841552734375
2024-05-24;197.75;200.75999450683594;197.55999755859375;200.7100067138672;7356200;191.5555419921875
2024-05-28;199.86000061035156;200.41000366210938;198.66000366210938;199.5;6910200;190.40074157714844
2024-05-29;198.0;198.99000549316406;196.88999938964844;198.11000061035156;6120000;189.07415771484375
2024-05-30;198.55999755859375;199.85000610351562;198.39999389648438;199.3300018310547;6829100;190.23849487304688
2024-05-31;199.3000030517578;203.3000030517578;198.35000610351562;202.6300048828125;14417900;193.38796997070312
2024-06-03;202.30999755859375;202.4199981689453;199.19000244140625;201.82000732421875;6444300;192.6149139404297
2024-06-04;200.16000366210938;201.97999572753906;198.27999877929688;199.16000366210938;6848300;190.0762481689453
2024-06-05;199.75999450683594;199.82000732421875;196.9199981689453;197.25999450683594;8351600;188.2628936767578
2024-06-06;197.25999450683594;198.02000427246094;195.3300018310547;196.91000366210938;7640300;187.9288787841797
2024-06-07;197.42999267578125;200.9199981689453;197.00999450683594;199.9499969482422;6964500;190.8302001953125
2024-06-10;199.24000549316406;200.83999633789062;198.44000244140625;199.61000061035156;6070800;190.50572204589844
2024-06-11;197.91000366210938;197.94000244140625;193.60000610351562;194.36000061035156;9235300;185.4951934814453
2024-06-12;196.0;196.72000122070312;191.30999755859375;191.52999877929688;12751300;182.7942657470703
2024-06-13;192.32000732421875;194.5800018310547;190.8800048828125;193.66000366210938;8587800;184.82708740234375
2024-06-14;191.4499969482422;194.86000061035156;191.4199981689453;193.77999877929688;6874000;184.94163513183594
2024-06-17;193.47999572753906;195.5800018310547;192.63999938964844;194.97999572753906;8725400;186.08688354492188
2024-06-18;194.60000610351562;197.9600067138672;194.1300048828125;197.0;9023000;188.0147705078125
2024-06-20;196.38999938964844;199.4499969482422;196.11000061035156;198.6699981689453;8731100;189.6085968017578
2024-06-21;196.7100067138672;197.1699981689453;194.22000122070312;196.3000030517578;20972100;187.34669494628906
2024-06-24;197.80999755859375;199.22999572753906;197.10000610351562;198.8800048828125;9785900;189.8090362548828
2024-06-25;198.08999633789062;200.07000732421875;197.74000549316406;198.07000732421875;6862500;189.0359344482422
2024-06-26;197.4499969482422;197.94000244140625;196.27999877929688;197.42999267578125;7758600;188.42514038085938
2024-06-27;197.44000244140625;199.86000061035156;196.89999389648438;199.1699981689453;7913500;190.08578491210938
2024-06-28;200.00999450683594;202.60000610351562;199.3000030517578;202.25999450683594;15307600;193.03485107421875
2024-07-01;202.83999633789062;207.08999633789062;202.66000366210938;205.4499969482422;10205800;196.079345703125
2024-07-02;205.2899932861328;208.86000061035156;204.77000427246094;208.8300018310547;7802900;199.3052215576172
2024-07-03;209.5500030517578;210.3800048828125;207.64999389648438;208.69000244140625;5560900;199.17156982421875
2024-07-05;206.99000549316406;207.3699951171875;204.52000427246094;204.7899932861328;8093100;196.53245544433594
2024-07-08;205.0399932861328;206.89999389648438;203.97000122070312;205.1699981689453;8707000;196.8971405029297
2024-07-09;205.6300048828125;209.75999450683594;205.4499969482422;207.6300048828125;9058900;199.25796508789062
2024-07-10;206.13999938964844;207.97000122070312;205.5800018310547;207.8000030517578;8328500;199.4210968017578
2024-07-11;206.2100067138672;208.10000610351562;205.3800048828125;207.4499969482422;10658100;199.08518981933594
2024-07-12;204.0;207.4499969482422;202.10000610351562;204.94000244140625;15443400;196.6764373779297
2024-07-15;207.19000244140625;211.61000061035156;206.72000122070312;210.0500030517578;10719700;201.5803680419922
2024-07-16;210.0;213.74000549316406;208.0800018310547;213.6199951171875;11557000;205.0064239501953
2024-07-17;213.8000030517578;217.55999755859375;213.27000427246094;216.8699951171875;11572500;208.1253662109375
2024-07-18;215.6300048828125;216.63999938964844;209.24000549316406;209.97999572753906;12415100;201.51319885253906
2024-07-19;211.1999969482422;212.35000610351562;208.9199981689453;209.77999877929688;8095900;201.32125854492188
2024-07-22;210.4600067138672;212.1699981689453;209.7100067138672;210.27999877929688;7663200;201.80108642578125
2024-07-23;211.02000427246094;211.47999572753906;209.35000610351562;210.3300018310547;5557300;201.8490753173828
2024-07-24;209.5500030517578;212.02999877929688;208.07000732421875;208.58999633789062;7119000;200.1792449951172
2024-07-25;208.64999389648438;210.19000244140625;208.0500030517578;208.6699981689453;6403800;200.25599670410156
2024-07-26;209.24000549316406;213.16000366210938;208.6199951171875;212.24000549316406;8027800;203.6820831298828
2024-07-29;212.64999389648438;213.61000061035156;210.5500030517578;210.85000610351562;6533600;202.34811401367188
2024-07-30;213.22999572753906;215.7899932861328;212.9600067138672;215.19000244140625;8850700;206.51312255859375
2024-07-31;214.77999877929688;216.38999938964844;212.6699981689453;212.8000030517578;9071600;204.219482421875
2024-08-01;213.1999969482422;213.8300018310547;206.3800048828125;207.9600067138672;10918600;199.5746612548828
2024-08-02;203.8800048828125;204.6699981689453;196.88999938964844;199.13999938964844;18041700;191.11029052734375
2024-08-05;194.0500030517578;196.1699981689453;190.89999389648438;194.89999389648438;13927000;187.041259765625
2024-08-06;195.39999389648438;202.60000610351562;194.0;200.33999633789062;10605800;192.2618865966797
2024-08-07;203.50999450683594;205.75;200.1999969482422;200.39999389648438;9204400;192.31948852539062
2024-08-08;202.47000122070312;204.91000366210938;201.7899932861328;204.05999755859375;7761200;195.83189392089844
2024-08-09;203.47000122070312;206.47000122070312;202.89999389648438;205.8000030517578;5540200;197.50172424316406
2024-08-12;206.41000366210938;207.13999938964844;203.66000366210938;206.19000244140625;6936000;197.8760223388672
2024-08-13;207.72999572753906;208.08999633789062;205.39999389648438;207.94000244140625;6387800;199.5554656982422
2024-08-14;207.74000549316406;210.75999450683594;207.1199951171875;210.24000549316406;6999800;201.76271057128906
2024-08-15;213.0;213.88999938964844;211.10000610351562;211.5500030517578;7001000;203.01988220214844
2024-08-16;211.69000244140625;214.08999633789062;211.58999633789062;213.97000122070312;7931200;205.34230041503906
2024-08-19;214.0;215.52999877929688;213.82000732421875;215.4499969482422;6090800;206.76263427734375
2024-08-20;215.0;216.0;213.67999267578125;214.52000427246094;5640000;205.87013244628906
2024-08-21;214.42999267578125;215.0;212.83999633789062;214.60000610351562;5202300;205.9468994140625
2024-08-22;214.5800018310547;216.8000030517578;214.33999633789062;216.6300048828125;5247100;207.89505004882812
2024-08-23;217.60000610351562;219.19000244140625;216.5;218.30999755859375;7214000;209.50733947753906
2024-08-26;219.00999450683594;219.67999267578125;218.0500030517578;219.1699981689453;5105200;210.33265686035156
2024-08-27;219.50999450683594;220.4199981689453;219.19000244140625;220.17999267578125;5185200;211.30189514160156
2024-08-28;219.25;222.2100067138672;219.19000244140625;221.2899932861328;6506400;212.3671417236328
2024-08-29;222.14999389648438;222.97999572753906;218.94000244140625;222.2100067138672;6416100;213.2500457763672
2024-08-30;222.5;225.47999572753906;221.92999267578125;224.8000030517578;8574100;215.7356414794922
2024-09-03;222.3000030517578;224.10000610351562;219.24000549316406;220.3000030517578;8956100;211.4170684814453
2024-09-04;221.0399932861328;222.07000732421875;217.2100067138672;219.3300018310547;7389500;210.4861602783203
2024-09-05;220.14999389648438;220.8000030517578;216.02999877929688;217.6300048828125;8067900;208.854736328125
2024-09-06;217.60000610351562;218.74000549316406;211.08999633789062;212.4600067138672;7777000;203.89320373535156
2024-09-09;215.19000244140625;218.14999389648438;214.17999267578125;216.80999755859375;8935100;208.06781005859375
2024-09-10;218.60000610351562;218.63999938964844;200.61000061035156;205.55999755859375;28406900;197.27142333984375
2024-09-11;205.25;207.6999969482422;201.8300018310547;207.22999572753906;13658700;198.8740997314453
2024-09-12;207.64999389648438;208.77999877929688;204.88999938964844;206.60000610351562;9054400;198.2694854736328
2024-09-13;206.86000061035156;207.85000610351562;203.02000427246094;204.32000732421875;10226700;196.08140563964844
2024-09-16;205.8300018310547;208.2100067138672;205.58999633789062;207.86000061035156;8634900;199.47866821289062
2024-09-17;207.72999572753906;209.92999267578125;207.66000366210938;209.25;7573300;200.8126220703125
2024-09-18;209.00999450683594;211.33999633789062;206.6999969482422;207.52999877929688;8259900;199.16197204589844
2024-09-19;209.77999877929688;211.91000366210938;207.33999633789062;210.47999572753906;11635200;201.99301147460938
2024-09-20;209.92999267578125;211.4199981689453;209.5;211.08999633789062;20885000;202.5784149169922
2024-09-23;211.0;211.8000030517578;209.99000549316406;211.44000244140625;7223500;202.914306640625
2024-09-24;211.14999389648438;212.9499969482422;210.3699951171875;211.58999633789062;7323200;203.05828857421875
2024-09-25;211.67999267578125;212.24000549316406;208.61000061035156;210.19000244140625;8976500;201.7147216796875
2024-09-26;211.1300048828125;211.6999969482422;209.00999450683594;209.77999877929688;7807500;201.32125854492188
2024-09-27;210.64999389648438;212.44000244140625;209.3300018310547;210.5;7032500;202.01223754882812
2024-09-30;206.30999755859375;210.9600067138672;205.25999450683594;210.86000061035156;8663800;202.35772705078125
2024-10-01;208.89999389648438;209.08999633789062;206.19000244140625;207.0399932861328;8540100;198.69174194335938
2024-10-02;207.0800018310547;208.9499969482422;205.69000244140625;207.2899932861328;5810900;198.93165588378906
2024-10-03;206.1699981689453;206.49000549316406;204.33999633789062;205.22999572753906;7251300;196.95474243164062
2024-10-04;209.3000030517578;211.6699981689453;206.91000366210938;211.22000122070312;10211700;203.9453582763672
2024-10-07;211.02999877929688;213.3300018310547;209.69000244140625;210.92999267578125;6718900;203.66534423828125
2024-10-08;210.5800018310547;211.3300018310547;208.3800048828125;210.75;6021800;203.4915313720703
2024-10-09;209.6999969482422;214.24000549316406;209.3800048828125;213.4199981689453;7024000;206.069580078125
2024-10-10;214.80999755859375;214.80999755859375;211.47000122070312;212.83999633789062;7927100;205.50958251953125
2024-10-11;215.6699981689453;224.6300048828125;215.16000366210938;222.2899932861328;18320700;214.63409423828125
2024-10-14;223.1999969482422;223.6999969482422;218.8800048828125;221.47999572753906;9048900;213.8520050048828
2024-10-15;223.66000366210938;225.4499969482422;221.82000732421875;222.38999938964844;9235800;214.73065185546875
2024-10-16;222.3300018310547;223.67999267578125;221.0399932861328;223.63999938964844;6382500;215.9376220703125
2024-10-17;224.27000427246094;225.85000610351562;223.30999755859375;224.4199981689453;6470200;216.69073486328125
2024-10-18;225.0;225.9199981689453;223.10000610351562;225.3699951171875;7000500;217.60800170898438
2024-10-21;225.22000122070312;225.6999969482422;222.89999389648438;223.0;5870000;215.31964111328125
2024-10-22;223.02000427246094;225.27999877929688;221.10000610351562;224.1199951171875;9586800;216.40106201171875
2024-10-23;223.66000366210938;224.8000030517578;222.52999877929688;223.41000366210938;6180500;215.71554565429688
2024-10-24;221.8300018310547;225.05999755859375;221.66000366210938;224.97999572753906;6002200;217.2314453125
2024-10-25;225.0;225.6199951171875;220.8800048828125;222.30999755859375;6369700;214.6533966064453
2024-10-28;223.35000610351562;225.63999938964844;222.9499969482422;225.5;6843000;217.73355102539062
2024-10-29;225.2100067138672;226.75;222.80999755859375;222.89999389648438;6580000;215.2230682373047
2024-10-30;222.5399932861328;226.30999755859375;221.5800018310547;224.41000366210938;7110900;216.6810760498047
2024-10-31;224.6999969482422;225.69000244140625;221.82000732421875;221.9199981689453;7829900;214.27684020996094
2024-11-01;223.55999755859375;226.14999389648438;222.6999969482422;222.94000244140625;6923500;215.26173400878906
2024-11-04;222.64999389648438;223.75999450683594;219.1699981689453;219.77999877929688;8229600;212.21055603027344
2024-11-05;220.02999877929688;221.9600067138672;220.0;221.49000549316406;5600700;213.8616485595703
2024-11-06;235.0;248.0;234.77000427246094;247.05999755859375;23987800;238.55101013183594
2024-11-07;244.5;244.57000732421875;235.22000122070312;236.3800048828125;16451100;228.2388458251953
2024-11-08;239.33999633789062;239.33999633789062;235.77999877929688;236.97999572753906;9502100;228.81817626953125
2024-11-11;240.0;242.10000610351562;239.0;239.2899932861328;9017100;231.04859924316406
2024-11-12;240.5500030517578;241.4600067138672;238.75999450683594;239.55999755859375;6861000;231.30931091308594
2024-11-13;240.5800018310547;244.08999633789062;240.30999755859375;241.16000366210938;11472600;232.85418701171875
2024-11-14;242.4199981689453;244.2899932861328;241.0500030517578;241.8699951171875;10172200;233.5397186279297
2024-11-15;241.4600067138672;246.4199981689453;241.4600067138672;245.30999755859375;11518800;236.86126708984375
2024-11-18;247.75999450683594;247.92999267578125;242.67999267578125;245.02999877929688;9051400;236.5908966064453
2024-11-19;242.25;245.14999389648438;241.5500030517578;243.08999633789062;6792700;234.7177276611328
2024-11-20;244.39999389648438;244.61000061035156;238.63999938964844;240.77999877929688;9015300;232.48727416992188
2024-11-21;243.22999572753906;245.49000549316406;242.11000061035156;244.75999450683594;8783500;236.33021545410156
2024-11-22;243.61000061035156;249.14999389648438;243.02999877929688;248.5500030517578;7997300;239.98968505859375
2024-11-25;249.58999633789062;254.30999755859375;249.05999755859375;250.2899932861328;10295400;241.6697540283203
2024-11-26;250.49000549316406;251.0;248.33999633789062;249.97000122070312;6212100;241.36077880859375
2024-11-27;249.35000610351562;251.19000244140625;248.77000427246094;249.7899932861328;5472300;241.1869659423828
2024-11-29;249.86000061035156;251.77000427246094;249.4499969482422;249.72000122070312;5494800;241.11940002441406
2024-12-02;249.5500030517578;250.25;245.02999877929688;246.25;8899700;237.76889038085938
2024-12-03;248.22999572753906;249.0399932861328;244.6300048828125;244.82000732421875;6657700;236.3881378173828
2024-12-04;244.6999969482422;245.35000610351562;242.22999572753906;243.39999389648438;7346300;235.0170440673828
2024-12-05;245.38999938964844;247.17999267578125;244.6199951171875;245.47999572753906;6572500;237.02542114257812
2024-12-06;245.6999969482422;247.74000549316406;244.83999633789062;247.36000061035156;5519700;238.84066772460938
2024-12-09;247.1300048828125;247.8699951171875;243.75999450683594;243.80999755859375;7076500;235.41293334960938
2024-12-10;243.88999938964844;247.9600067138672;242.22000122070312;242.86000061035156;9108300;234.49563598632812
2024-12-11;244.0;244.27000427246094;242.17999267578125;243.52999877929688;7884400;235.142578125
2024-12-12;243.0;244.10000610351562;241.0399932861328;241.52999877929688;6113800;233.21145629882812
2024-12-13;242.07000732421875;242.72000122070312;239.13999938964844;239.94000244140625;10392700;231.6762237548828
2024-12-16;240.61000061035156;240.6699981689453;237.52000427246094;239.5800018310547;9032000;231.32861328125
2024-12-17;238.64999389648438;239.02000427246094;236.6300048828125;238.36000061035156;8083600;230.150634765625
2024-12-18;239.0;239.07000732421875;229.52999877929688;230.3699951171875;11322400;222.43582153320312
2024-12-19;232.27000427246094;236.36000061035156;232.27000427246094;232.9600067138672;11790800;224.93663024902344
2024-12-20;231.9199981689453;239.2100067138672;231.58999633789062;237.60000610351562;32348400;229.41680908203125
2024-12-23;236.07000732421875;238.6199951171875;234.8800048828125;238.38999938964844;8611500;230.1796112060547
2024-12-24;239.42999267578125;242.49000549316406;239.07000732421875;242.30999755859375;3729100;233.96461486816406
2024-12-26;241.42999267578125;243.25999450683594;240.7899932861328;243.13999938964844;4451800;234.76600646972656
2024-12-27;242.72000122070312;243.38999938964844;240.0399932861328;241.1699981689453;5730200;232.8638458251953
2024-12-30;238.77000427246094;240.83999633789062;237.11000061035156;239.32000732421875;5723800;231.07760620117188
2024-12-31;240.0500030517578;241.44000244140625;239.02999877929688;239.7100067138672;4871000;231.45416259765625
2025-01-02;240.9199981689453;243.27999877929688;239.4499969482422;240.0;9220900;231.73416137695312
2025-01-03;243.88999938964844;244.8800048828125;240.25999450683594;243.27999877929688;9491100;234.90118408203125
2025-01-06;243.6999969482422;245.69000244140625;240.5800018310547;240.85000610351562;9917800;233.75595092773438
2025-01-07;242.13999938964844;245.25999450683594;240.89999389648438;243.1699981689453;8753400;236.0076141357422
2025-01-08;242.75;244.25;240.5;243.1300048828125;8675300;235.96878051757812
2025-01-10;243.08999633789062;243.80999755859375;238.74000549316406;239.8699951171875;10256800;232.80479431152344
2025-01-13;239.6699981689453;244.5399932861328;239.0;244.2100067138672;10005300;237.0169677734375
2025-01-14;242.66000366210938;247.72000122070312;242.19000244140625;247.47000122070312;12407400;240.1809539794922
2025-01-15;250.39999389648438;253.6699981689453;243.67999267578125;252.35000610351562;18448500;244.91722106933594
2025-01-16;254.0;257.0400085449219;252.3300018310547;254.27000427246094;15292300;246.78067016601562
2025-01-17;254.13999938964844;260.6199951171875;252.13999938964844;259.1600036621094;17678100;251.52664184570312
2025-01-21;260.07000732421875;264.25;259.5;263.0299987792969;13712100;255.28262329101562
2025-01-22;262.8999938964844;263.3800048828125;260.25;262.8399963378906;9021900;255.0982666015625
2025-01-23;264.69000244140625;266.8599853515625;263.80999755859375;265.95001220703125;10749700;258.11669921875
2025-01-24;263.69000244140625;267.1000061035156;263.010009765625;264.8399963378906;7666300;257.03936767578125
2025-01-27;264.1700134277344;265.9700012207031;262.260009765625;265.8500061035156;7522300;258.0195617675781
2025-01-28;265.8500061035156;267.3299865722656;264.8299865722656;267.1400146484375;7375400;259.2716064453125
2025-01-29;267.2099914550781;270.67999267578125;265.6099853515625;266.5799865722656;7684900;258.7280578613281
2025-01-30;268.6300048828125;269.70001220703125;266.6199951171875;268.2300109863281;8753500;260.3294982910156
2025-01-31;269.2300109863281;270.82000732421875;266.9599914550781;267.29998779296875;7193800;259.4268798828125
2025-02-03;261.8299865722656;268.1700134277344;261.70001220703125;266.80999755859375;8381400;258.9512939453125
2025-02-04;269.8399963378906;269.8399963378906;266.8299865722656;267.94000244140625;5626000;260.04803466796875
2025-02-05;268.9100036621094;270.6400146484375;268.3299865722656;270.42999267578125;5704400;262.4646911621094
2025-02-06;272.45001220703125;276.9800109863281;271.19000244140625;276.8999938964844;7264400;268.7441101074219
2025-02-07;277.2699890136719;278.54998779296875;274.7099914550781;275.79998779296875;6857900;267.676513671875
2025-02-10;276.1499938964844;276.17999267578125;269.5899963378906;271.0400085449219;8627400;263.0567321777344
2025-02-11;270.260009765625;276.2200012207031;269.6600036621094;274.989990234375;7196400;266.8903503417969
2025-02-12;274.0799865722656;276.45001220703125;273.25;275.45001220703125;6683900;267.33685302734375
2025-02-13;275.5;276.9700012207031;273.80999755859375;276.32000732421875;8398700;268.18121337890625
2025-02-14;277.3699951171875;279.2300109863281;276.45001220703125;276.5899963378906;5688600;268.4432373046875
2025-02-18;276.760009765625;279.9700012207031;276.0199890136719;279.95001220703125;7919800;271.70428466796875
2025-02-19;278.3800048828125;280.25;277.2200012207031;279.25;7007200;271.0248718261719
2025-02-20;278.67999267578125;278.739990234375;265.739990234375;266.79998779296875;13846700;258.94158935546875
2025-02-21;268.32000732421875;269.20001220703125;262.8399963378906;264.239990234375;12835600;256.4570617675781
2025-02-24;265.489990234375;267.0;258.6099853515625;261.3399963378906;10372800;253.6424102783203
2025-02-25;262.2300109863281;263.0;253.35000610351562;257.3999938964844;9608400;249.81845092773438
2025-02-26;257.1600036621094;260.9100036621094;256.92999267578125;258.7900085449219;5943600;251.1675262451172
2025-02-27;260.17999267578125;263.6400146484375;257.8599853515625;259.04998779296875;8204400;251.4198455810547
2025-02-28;260.7300109863281;264.80999755859375;257.8900146484375;264.6499938964844;10467100;256.85491943359375
2025-03-03;264.0;266.32000732421875;257.82000732421875;260.6199951171875;9058300;252.9436492919922
2025-03-04;255.27999877929688;257.2300109863281;245.9499969482422;250.25;13465600;242.8790740966797
2025-03-05;251.25;253.0500030517578;247.8300018310547;251.52999877929688;7861400;244.12136840820312
2025-03-06;248.11000061035156;249.36000061035156;243.85000610351562;246.5399932861328;9983200;239.27835083007812
2025-03-07;245.22999572753906;246.72000122070312;239.4199981689453;242.27999877929688;20498700;235.14382934570312
2025-03-10;236.2100067138672;237.50999450683594;228.6999969482422;232.22000122070312;18887200;225.380126953125
2025-03-11;231.75;233.32000732421875;226.69000244140625;229.13999938964844;18143000;222.390869140625
2025-03-12;234.0;234.32000732421875;227.25999450683594;227.89999389648438;16054000;221.1873779296875
2025-03-13;229.3000030517578;229.5;224.22999572753906;225.19000244140625;16467900;218.55715942382812
2025-03-14;228.1199951171875;233.13999938964844;227.5800018310547;232.44000244140625;11962100;225.59364318847656
2025-03-17;231.17999267578125;235.6699981689453;230.4600067138672;233.92999267578125;9586000;227.03976440429688
2025-03-18;234.32000732421875;236.1699981689453;233.52000427246094;234.97000122070312;10344900;228.0491485595703
2025-03-19;235.74000549316406;242.3300018310547;234.88999938964844;239.11000061035156;10120600;232.0671844482422
2025-03-20;236.55999755859375;241.75999450683594;236.1999969482422;239.00999450683594;8328500;231.97012329101562
2025-03-21;237.80999755859375;242.3000030517578;236.5;241.6300048828125;19326900;234.51296997070312
2025-03-24;245.47999572753906;248.69000244140625;244.41000366210938;248.05999755859375;9422700;240.75357055664062
2025-03-25;249.30999755859375;251.82000732421875;247.6199951171875;251.1300048828125;9287700;243.733154296875
2025-03-26;252.60000610351562;254.6699981689453;249.77999877929688;251.02999877929688;12779300;243.63609313964844
2025-03-27;249.52999877929688;250.63999938964844;247.17999267578125;248.1199951171875;8022500;240.81179809570312
2025-03-28;246.94000244140625;249.50999450683594;241.11000061035156;242.85000610351562;11978400;235.69703674316406
2025-03-31;239.41000366210938;245.86000061035156;237.36000061035156;245.3000030517578;13603000;238.07485961914062
2025-04-01;242.6199951171875;245.69000244140625;240.8800048828125;243.66000366210938;8054700;236.48318481445312
2025-04-02;241.60000610351562;247.25;241.4600067138672;245.82000732421875;7758800;238.57955932617188
2025-04-03;234.27000427246094;235.13999938964844;227.3000030517578;228.69000244140625;17188500;221.9541015625
2025-04-04;215.30999755859375;217.6999969482422;208.92999267578125;210.27999877929688;27170700;205.34344482421875
2025-04-07;205.77000427246094;222.0500030517578;202.16000366210938;214.44000244140625;22914400;209.40577697753906
2025-04-08;223.52000427246094;227.83999633789062;213.25;216.8699951171875;19485700;211.77871704101562
2025-04-09;212.5;237.47999572753906;211.0;234.33999633789062;24022400;228.83859252929688
2025-04-10;230.0;230.35000610351562;220.10000610351562;227.11000061035156;18896400;221.7783203125
2025-04-11;226.30999755859375;238.5800018310547;225.0;236.1999969482422;20284500;230.65492248535156
2025-04-14;237.10000610351562;239.77999877929688;233.6300048828125;234.72000122070312;13017800;229.2096710205078
2025-04-15;236.10000610351562;238.64999389648438;232.82000732421875;233.1300048828125;10912900;227.65701293945312
2025-04-16;232.0;233.5800018310547;227.92999267578125;229.61000061035156;9322300;224.21966552734375
2025-04-17;230.8000030517578;234.33999633789062;230.5500030517578;231.9600067138672;9557900;226.5144805908203
2025-04-21;230.6300048828125;231.80999755859375;226.33999633789062;228.99000549316406;8716200;223.61419677734375
2025-04-22;231.97999572753906;235.99000549316406;231.3699951171875;235.58999633789062;10701400;230.0592498779297
2025-04-23;240.22000122070312;246.7899932861328;240.0;240.8800048828125;14126800;235.22506713867188
2025-04-24;239.74000549316406;245.47000122070312;237.5800018310547;244.63999938964844;9055200;238.89678955078125
2025-04-25;244.64999389648438;245.6199951171875;241.75;243.5500030517578;8588600;237.8323974609375
2025-04-28;244.55999755859375;246.83999633789062;240.83999633789062;243.22000122070312;7394300;237.51011657714844
2025-04-29;242.19000244140625;245.25;241.69000244140625;244.6199951171875;7216800;238.8772430419922
2025-04-30;241.2100067138672;245.22000122070312;238.42999267578125;244.6199951171875;12991700;238.8772430419922
2025-05-01;242.83999633789062;248.4499969482422;242.1699981689453;246.88999938964844;8689600;241.09397888183594
2025-05-02;251.25999450683594;253.6199951171875;249.4600067138672;252.50999450683594;7165000;246.58203125
2025-05-05;251.17999267578125;255.16000366210938;250.58999633789062;252.55999755859375;5450700;246.63087463378906
2025-05-06;250.0;252.64999389648438;249.0;249.25;6369900;243.3985595703125
2025-05-07;249.85000610351562;252.4499969482422;248.8300018310547;249.38999938964844;8724100;243.5352783203125
2025-05-08;251.57000732421875;255.8800048828125;251.5500030517578;253.47000122070312;8320100;247.5194854736328
2025-05-09;254.5;255.50999450683594;252.33999633789062;253.0800018310547;5087600;247.13865661621094
2025-05-12;262.8999938964844;263.6000061035156;258.70001220703125;260.04998779296875;9603900;253.94500732421875
2025-05-13;261.0299987792969;263.6700134277344;260.3900146484375;263.010009765625;8589000;256.8355712890625
2025-05-14;263.0;266.6400146484375;262.2900085449219;265.6400146484375;8643100;259.4038391113281
2025-05-15;266.9700012207031;269.5199890136719;264.760009765625;267.489990234375;9214600;261.2103271484375
2025-05-16;267.5;268.4599914550781;264.7099914550781;267.55999755859375;8932900;261.2787170410156
2025-05-19;265.54998779296875;268.32000732421875;261.92999267578125;264.8800048828125;12145000;258.66162109375
2025-05-20;262.5199890136719;266.6600036621094;262.29998779296875;265.67999267578125;8436300;259.4428405761719
2025-05-21;264.3500061035156;265.6499938964844;260.7300109863281;261.0400085449219;7464000;254.9117889404297
2025-05-22;259.44000244140625;262.29998779296875;258.8699951171875;260.6700134277344;6514100;254.5504913330078
2025-05-23;256.80999755859375;261.989990234375;256.0;260.7099914550781;6671800;254.5895233154297
2025-05-27;262.0400085449219;265.29998779296875;261.989990234375;265.2900085449219;7506600;259.06201171875
2025-05-28;266.239990234375;266.7200012207031;262.8999938964844;263.489990234375;5535400;257.30426025390625
2025-05-29;264.79998779296875;265.4100036621094;262.5299987792969;264.3699951171875;5081200;258.16363525390625
2025-05-30;263.45001220703125;265.3299865722656;262.7300109863281;264.0;10977700;257.80230712890625
2025-06-02;263.0199890136719;265.0299987792969;261.8999938964844;264.6600036621094;6011200;258.4468078613281
2025-06-03;263.7300109863281;266.5799865722656;262.8800048828125;266.2699890136719;6998400;260.01898193359375
2025-06-04;265.9200134277344;267.1199951171875;264.17999267578125;264.2200012207031;5915700;258.01715087890625
2025-06-05;264.739990234375;264.739990234375;260.30999755859375;261.95001220703125;8173800;255.80043029785156
2025-06-06;264.3299865722656;266.6499938964844;264.260009765625;265.7300109863281;7738100;259.49169921875
2025-06-09;266.0;267.8999938964844;263.3500061035156;266.739990234375;8285000;260.4779357910156
2025-06-10;265.8800048828125;268.8999938964844;265.8500061035156;268.6000061035156;7538100;262.2943115234375
2025-06-11;268.67999267578125;269.6199951171875;265.7900085449219;268.1499938964844;7434100;261.8548583984375
2025-06-12;266.8599853515625;268.2900085449219;265.1400146484375;268.239990234375;6618000;261.9427185058594
2025-06-13;265.0799865722656;267.0199890136719;262.7099914550781;264.95001220703125;7098300;258.7300109863281
2025-06-16;267.0;271.7300109863281;266.8500061035156;270.3599853515625;8566000;264.012939453125
2025-06-17;268.1700134277344;270.5899963378906;267.79998779296875;269.5199890136719;6739300;263.19268798828125
2025-06-18;270.0;277.7200012207031;269.7200012207031;273.9599914550781;9586400;267.52850341796875
2025-06-20;275.57000732421875;277.29998779296875;273.80999755859375;275.0;13969700;268.5440368652344
2025-06-23;275.05999755859375;278.54998779296875;272.1099853515625;278.2699890136719;8094600;271.7372741699219
2025-06-24;280.2099914550781;282.7099914550781;279.510009765625;281.260009765625;9267900;274.6571044921875
2025-06-25;281.5;284.2799987792969;280.9100036621094;284.05999755859375;6826900;277.391357421875
2025-06-26;284.70001220703125;289.4100036621094;284.4700012207031;288.75;8942100;281.97125244140625
2025-06-27;285.80999755859375;288.70001220703125;285.0400085449219;287.1099853515625;17868600;280.3697509765625
2025-06-30;290.3999938964844;292.6499938964844;288.9200134277344;289.9100036621094;12689200;283.1040344238281
2025-07-01;290.8900146484375;291.1300048828125;286.5899963378906;290.4100036621094;9338300;283.59228515625
2025-07-02;292.0400085449219;292.82000732421875;289.70001220703125;292.0;8158700;285.14495849609375
2025-07-03;292.1499938964844;296.3999938964844;291.2099914550781;296.0;6541600;290.443603515625
2025-07-07;295.25;296.0400085449219;290.0799865722656;291.9700012207031;8825700;286.4892272949219
2025-07-08;289.2699890136719;289.70001220703125;280.30999755859375;282.7799987792969;15440900;277.47174072265625
2025-07-09;287.17999267578125;287.20001220703125;282.4800109863281;283.1600036621094;11273800;277.8446044921875
2025-07-10;283.0;288.30999755859375;283.0;288.19000244140625;8410900;282.78021240234375
2025-07-11;285.5199890136719;287.3800048828125;283.6499938964844;286.8599853515625;7384700;281.4751281738281
2025-07-14;287.07000732421875;289.29998779296875;285.260009765625;288.70001220703125;9079900;283.2806396484375
2025-07-15;288.0;291.95001220703125;285.4800109863281;286.54998779296875;12526100;281.17095947265625
2025-07-16;288.3999938964844;290.7300109863281;283.010009765625;285.82000732421875;9979800;280.4546813964844
2025-07-17;283.44000244140625;290.29998779296875;283.44000244140625;289.8999938964844;8509500;284.4580993652344
2025-07-18;289.5199890136719;292.5;288.2300109863281;291.2699890136719;12217000;285.8023986816406
2025-07-21;291.0;294.17999267578125;290.5799865722656;290.9700012207031;7898100;285.50799560546875
2025-07-22;291.5;293.6300048828125;289.17999267578125;291.42999267578125;6717500;285.9593811035156
2025-07-23;292.8399963378906;296.989990234375;292.54998779296875;296.760009765625;7083500;291.1893310546875
2025-07-24;297.4200134277344;299.5899963378906;296.20001220703125;296.54998779296875;7001200;290.9832763671875
2025-07-25;296.70001220703125;298.8999938964844;295.9599914550781;298.6199951171875;5918500;293.014404296875
2025-07-28;297.6600036621094;299.42999267578125;296.82000732421875;298.2799987792969;5840400;292.6807861328125
2025-07-29;300.0;301.2900085449219;296.20001220703125;297.0400085449219;7635700;291.464111328125
2025-07-30;297.4200134277344;300.6099853515625;297.3800048828125;299.6300048828125;8061700;294.0054626464844
2025-07-31;299.1400146484375;300.9800109863281;295.5;296.239990234375;14749700;290.6790771484375
2025-08-01;290.3999938964844;291.79998779296875;284.239990234375;289.3699951171875;12007100;283.9380798339844
2025-08-04;290.260009765625;294.32000732421875;290.260009765625;294.260009765625;6649500;288.73626708984375
2025-08-05;294.69000244140625;295.7900085449219;287.239990234375;291.3699951171875;7182300;285.9004821777344
2025-08-06;292.29998779296875;293.2900085449219;290.1600036621094;291.3500061035156;6330200;285.8808898925781
2025-08-07;292.94000244140625;293.4599914550781;286.4100036621094;286.94000244140625;8057100;281.5536804199219
2025-08-08;288.9800109863281;291.2300109863281;284.7099914550781;288.760009765625;6634100;283.3394775390625
2025-08-11;289.3999938964844;291.32000732421875;288.7799987792969;289.55999755859375;5510100;284.12445068359375
2025-08-12;291.5;294.75;290.3399963378906;292.8500061035156;8570900;287.3527526855469
2025-08-13;293.95001220703125;294.54998779296875;287.1600036621094;290.5299987792969;8420400;285.0762939453125
2025-08-14;290.5799865722656;294.20001220703125;289.6400146484375;294.1600036621094;6322400;288.6381530761719
2025-08-15;294.8399963378906;295.5;289.82000732421875;290.489990234375;7340500;285.0370178222656
2025-08-18;290.0;291.8999938964844;288.4100036621094;291.5299987792969;5386900;286.0574951171875
2025-08-19;290.8299865722656;292.4800109863281;289.5299987792969;290.6600036621094;6031500;285.203857421875
2025-08-20;290.80999755859375;293.3299865722656;287.2699890136719;292.239990234375;7374200;286.754150390625
2025-08-21;291.94000244140625;292.7699890136719;289.4700012207031;291.4700012207031;6624000;285.9986572265625
2025-08-22;293.20001220703125;297.1600036621094;290.1300048828125;296.239990234375;8552800;290.6790771484375
2025-08-25;296.239990234375;297.3500061035156;294.1400146484375;294.8999938964844;5856300;289.3642578125
2025-08-26;294.1600036621094;298.739990234375;293.5;298.57000732421875;6714700;292.96533203125
2025-08-27;297.25;301.07000732421875;297.0400085449219;299.2799987792969;6056500;293.6620178222656
2025-08-28;300.0199890136719;301.239990234375;298.70001220703125;301.07000732421875;6410500;295.4184265136719
2025-08-29;302.0400085449219;302.95001220703125;299.7300109863281;301.4200134277344;6796400;295.7618408203125
2025-09-02;300.260009765625;300.4599914550781;294.5;299.70001220703125;7221900;294.0741882324219
2025-09-03;300.57000732421875;300.57000732421875;296.3800048828125;299.510009765625;6316900;293.8876953125
2025-09-04;300.0;304.42999267578125;298.2799987792969;303.82000732421875;6605800;298.1168212890625
2025-09-05;303.6499938964844;305.1499938964844;294.30999755859375;294.3800048828125;9837700;288.85400390625
2025-09-08;294.8900146484375;296.4599914550781;291.44000244140625;292.9100036621094;8188500;287.4115905761719
2025-09-09;292.6000061035156;299.0;292.30999755859375;297.8500061035156;7848200;292.2588806152344
2025-09-10;296.70001220703125;301.5400085449219;295.3999938964844;300.5400085449219;7787300;294.89837646484375
2025-09-11;301.239990234375;305.7300109863281;300.7900085449219;305.55999755859375;7942500;299.82415771484375
2025-09-12;305.0;307.54998779296875;303.70001220703125;306.9100036621094;6846700;301.1488037109375
2025-09-15;307.1700134277344;309.95001220703125;307.1700134277344;308.8999938964844;7122000;303.1014099121094
2025-09-16;310.0;310.8999938964844;307.1300048828125;309.19000244140625;10525600;303.385986328125
2025-09-17;310.3900146484375;312.9100036621094;308.7699890136719;311.75;8657800;305.8979187011719
2025-09-18;311.7900085449219;313.44000244140625;309.6099853515625;313.2300109863281;8050700;307.35015869140625
2025-09-19;313.6000061035156;315.79998779296875;309.1199951171875;314.7799987792969;23568600;308.8710632324219
2025-09-22;309.79998779296875;313.70001220703125;309.55999755859375;312.44000244140625;7520200;306.57501220703125
2025-09-23;311.82000732421875;316.30999755859375;310.5799865722656;312.739990234375;8584400;306.8693542480469
2025-09-24;314.04998779296875;316.5799865722656;311.6700134277344;313.4200134277344;7310500;307.53662109375
2025-09-25;314.1199951171875;315.6499938964844;311.79998779296875;313.45001220703125;7083200;307.5660400390625
2025-09-26;314.8999938964844;317.80999755859375;313.70001220703125;316.05999755859375;7258100;310.12701416015625
2025-09-29;317.05999755859375;318.010009765625;313.6600036621094;315.69000244140625;6462400;309.7640075683594
2025-09-30;316.25;317.4100036621094;310.1099853515625;315.42999267578125;11823300;309.50885009765625
2025-10-01;313.9700012207031;314.5899963378906;307.4100036621094;310.7099914550781;9235200;304.8774719238281
2025-10-02;310.0;310.55999755859375;306.1400146484375;307.54998779296875;7600000;301.7767639160156
2025-10-03;308.510009765625;311.6600036621094;308.2099914550781;310.0299987792969;6029900;304.2102355957031
2025-10-06;310.17999267578125;311.75;305.1300048828125;309.17999267578125;7214500;304.8511047363281
2025-10-07;309.3500061035156;310.010009765625;304.70001220703125;307.69000244140625;8454200;303.38201904296875
2025-10-08;308.2099914550781;308.7799987792969;303.54998779296875;304.0299987792969;6489900;299.773193359375
2025-10-09;305.04998779296875;308.0400085449219;303.3900146484375;305.5299987792969;7060300;301.2522277832031
2025-10-10;305.6600036621094;310.4700012207031;300.80999755859375;300.8900146484375;8597400;296.67718505859375
2025-10-13;305.6000061035156;309.4599914550781;305.45001220703125;307.9700012207031;10788700;303.6580810546875
2025-10-14;305.8399963378906;307.0;294.2099914550781;302.0799865722656;16178800;297.85052490234375
2025-10-15;306.3900146484375;312.1199951171875;305.44000244140625;305.69000244140625;11354800;301.4100036621094
2025-10-16;305.3500061035156;308.67999267578125;297.07000732421875;298.5400085449219;10549400;294.3600769042969
2025-10-17;299.1600036621094;299.54998779296875;294.20001220703125;297.55999755859375;10153500;293.3938293457031
2025-10-20;298.5;303.69000244140625;298.1600036621094;302.3599853515625;6894900;298.1265869140625
2025-10-21;301.6600036621094;304.04998779296875;297.0;297.0899963378906;7372700;292.93035888671875
2025-10-22;297.7699890136719;298.05999755859375;290.5400085449219;294.1099853515625;8054100;289.99212646484375
2025-10-23;294.3800048828125;296.3699951171875;292.510009765625;294.5400085449219;5438800;290.4161376953125
2025-10-24;296.0799865722656;302.6000061035156;295.45001220703125;300.44000244140625;7228300;296.2334899902344
2025-10-27;302.1600036621094;304.5299987792969;301.010009765625;304.1499938964844;5642200;299.89154052734375
2025-10-28;304.8599853515625;307.9700012207031;303.1600036621094;305.3599853515625;6336000;301.0846252441406
2025-10-29;303.510009765625;308.25;303.010009765625;305.510009765625;7520300;301.2325439453125
2025-10-30;305.7900085449219;312.6099853515625;305.1000061035156;309.44000244140625;7514600;305.10748291015625
2025-10-31;308.5400085449219;312.8699951171875;307.25;311.1199951171875;7721300;306.7639465332031
2025-11-03;311.0;312.32000732421875;306.2099914550781;309.3500061035156;7770000;305.0187683105469
2025-11-04;306.7099914550781;312.2200012207031;305.1000061035156;309.25;7085200;304.920166015625
2025-11-05;309.6099853515625;313.1000061035156;305.6300048828125;311.67999267578125;6865200;307.3161315917969
2025-11-06;310.989990234375;314.8399963378906;310.260009765625;313.4200134277344;7206100;309.03179931640625
2025-11-07;311.8900146484375;314.42999267578125;307.6400146484375;314.2099914550781;7302300;309.8106994628906
2025-11-10;315.0;319.55999755859375;314.2099914550781;316.8900146484375;5794100;312.4532165527344
2025-11-11;317.5;319.04998779296875;315.2799987792969;315.6199951171875;5030200;311.2009582519531
2025-11-12;316.260009765625;322.25;316.2099914550781;320.4100036621094;10578300;315.92388916015625
2025-11-13;319.2300109863281;320.6300048828125;309.1000061035156;309.4800109863281;8973300;305.1469421386719
2025-11-14;307.510009765625;307.6400146484375;301.2300109863281;303.6099853515625;10327000;299.3591003417969
2025-11-17;304.0;305.5899963378906;297.6700134277344;300.3699951171875;8344000;296.1644592285156
2025-11-18;299.5;302.95001220703125;297.0199890136719;299.4100036621094;8077300;295.2179260253906
2025-11-19;299.739990234375;304.45001220703125;299.2699890136719;303.2699890136719;5546600;299.02386474609375
2025-11-20;306.3399963378906;309.9200134277344;298.1600036621094;298.3800048828125;7501600;294.2023620605469
2025-11-21;301.2900085449219;301.67999267578125;292.80999755859375;298.0199890136719;11766800;293.84735107421875
2025-11-24;298.239990234375;299.82000732421875;294.510009765625;298.0;10940200;293.8276672363281
2025-11-25;300.04998779296875;304.5;295.55999755859375;303.0;8877200;298.75762939453125
2025-11-26;305.0;308.5299987792969;303.20001220703125;307.6400146484375;7910900;303.33270263671875
2025-11-28;309.1000061035156;313.7200012207031;308.239990234375;313.0799865722656;4322400;308.696533203125
2025-12-01;312.95001220703125;314.0400085449219;308.5400085449219;308.9200134277344;7727300;304.5948181152344
2025-12-02;308.739990234375;310.4800109863281;307.0899963378906;307.8800048828125;7249000;303.5693359375
2025-12-03;307.20001220703125;312.3599853515625;306.79998779296875;312.1300048828125;8535300;307.75982666015625
2025-12-04;313.260009765625;318.489990234375;313.0;316.1000061035156;9627800;311.67425537109375
2025-12-05;315.6400146484375;318.4800109863281;314.67999267578125;315.0400085449219;6518900;310.6291198730469
2025-12-08;315.05999755859375;316.4700012207031;313.3500061035156;315.2099914550781;7417200;310.79669189453125
2025-12-09;314.95001220703125;318.79998779296875;300.0199890136719;300.510009765625;18049200;296.30255126953125
2025-12-10;300.5;311.19000244140625;298.4599914550781;310.1099853515625;18874100;305.76806640625
2025-12-11;309.239990234375;318.0;309.239990234375;317.3800048828125;9721900;312.9363098144531
2025-12-12;319.67999267578125;320.2699890136719;316.6000061035156;318.5199890136719;8982900;314.0603332519531
2025-12-15;319.5899963378906;322.8800048828125;318.3900146484375;320.0199890136719;10864100;315.53936767578125
2025-12-16;319.0899963378906;319.5199890136719;314.3999938964844;315.54998779296875;8331300;311.1319274902344
2025-12-17;318.42999267578125;319.3699951171875;314.6600036621094;314.9800109863281;8718700;310.5699462890625
2025-12-18;316.0;317.70001220703125;312.2200012207031;313.0;11444900;308.6176452636719
2025-12-19;313.7900085449219;318.55999755859375;313.19000244140625;317.2099914550781;24494400;312.7686767578125
2025-12-22;317.510009765625;323.2300109863281;317.510009765625;323.0899963378906;8354600;318.56634521484375
2025-12-23;323.6099853515625;327.7799987792969;323.0899963378906;325.92999267578125;6668300;321.3666076660156
2025-12-24;326.239990234375;329.989990234375;325.5;329.1700134277344;4289300;324.5612487792969
2025-12-26;329.1099853515625;330.8599853515625;326.5400085449219;327.9100036621094;4158300;323.31890869140625
2025-12-29;327.0;327.7699890136719;323.5299987792969;323.75;8635300;319.2171325683594
2025-12-30;324.80999755859375;324.94000244140625;322.489990234375;323.4200134277344;7904300;318.8917541503906
2025-12-31;324.3399963378906;324.8800048828125;322.0400085449219;322.2200012207031;5048500;317.70855712890625
2026-01-02;322.5;325.7300109863281;320.739990234375;325.4800109863281;8054000;320.92291259765625
2026-01-05;325.5;337.25;325.19000244140625;334.0400085449219;10752600;329.3630676269531
2026-01-06;332.6199951171875;335.8699951171875;330.6499938964844;334.6099853515625;7660800;331.41326904296875
2026-01-07;331.1400146484375;332.1499938964844;324.6000061035156;326.989990234375;9815200;323.8660888671875
2026-01-08;326.3900146484375;331.3999938964844;325.6499938964844;329.7900085449219;11737100;326.63934326171875
2026-01-09;329.3399963378906;331.8999938964844;328.1700134277344;329.19000244140625;6738100;326.0450744628906
2026-01-12;321.8800048828125;326.0199890136719;321.2300109863281;324.489990234375;12805100;321.38995361328125
2026-01-13;324.29998779296875;326.8599853515625;310.57000732421875;310.8999938964844;19371200;307.9297790527344
2026-01-14;308.20001220703125;311.760009765625;306.1199951171875;307.8699951171875;25951500;304.9287414550781
2026-01-15;308.4700012207031;312.94000244140625;307.75;309.260009765625;14751400;306.30548095703125
2026-01-16;310.3500061035156;317.2099914550781;310.0;312.4700012207031;14652500;309.48480224609375
2026-01-20;306.2099914550781;311.1499938964844;301.8599853515625;302.739990234375;12900600;299.8477478027344
2026-01-21;303.42999267578125;305.3999938964844;301.1499938964844;302.0400085449219;10270100;299.15447998046875
2026-01-22;304.8599853515625;308.20001220703125;302.8999938964844;303.6300048828125;10535800;300.729248046875
2026-01-23;302.0;302.3699951171875;296.510009765625;297.7200012207031;11107900;294.8757019042969
2026-01-26;297.80999755859375;301.7799987792969;297.45001220703125;301.0400085449219;11752700;298.16400146484375
2026-01-27;301.3299865722656;301.9700012207031;298.1499938964844;300.30999755859375;11527400;297.44097900390625
2026-01-28;300.2699890136719;301.9200134277344;298.04998779296875;300.7699890136719;9556700;297.89654541015625
2026-01-29;302.3999938964844;306.8299865722656;302.2200012207031;306.4200134277344;11580000;303.49261474609375
2026-01-30;305.25;307.92999267578125;302.55999755859375;305.8900146484375;11953200;302.9676818847656
2026-02-02;304.4599914550781;309.29998779296875;301.3699951171875;308.1400146484375;9839400;305.1961975097656
2026-02-03;309.7300109863281;316.25;309.1000061035156;314.8500061035156;12688000;311.8420715332031
2026-02-04;314.4100036621094;319.30999755859375;314.4100036621094;317.2699890136719;9848800;314.2389221191406
2026-02-05;315.0;316.010009765625;305.5400085449219;310.1600036621094;9388000;307.1968688964844
2026-02-06;314.7099914550781;324.25;314.7099914550781;322.3999938964844;17797400;319.3199462890625
2026-02-09;321.3399963378906;326.3999938964844;320.1099853515625;322.1000061035156;11477500;319.0228271484375
2026-02-10;322.54998779296875;326.1300048828125;315.1199951171875;318.2799987792969;9902200;315.2392883300781
2026-02-11;323.239990234375;325.2799987792969;308.7300109863281;310.82000732421875;8703500;307.8505859375
2026-02-12;312.2799987792969;313.6199951171875;300.0199890136719;302.6400146484375;13443400;299.74871826171875
2026-02-13;298.5199890136719;304.2900085449219;296.5199890136719;302.54998779296875;9114500;299.6595458984375
2026-02-17;302.760009765625;308.239990234375;302.5;307.1300048828125;8896800;304.19580078125
2026-02-18;308.4599914550781;312.2799987792969;307.2200012207031;308.7799987792969;7209600;305.8300476074219
2026-02-19;307.1700134277344;309.17999267578125;305.1199951171875;308.04998779296875;6737700;305.1070251464844
2026-02-20;308.3999938964844;311.0;305.67999267578125;310.7900085449219;7792700;307.82086181640625
2026-02-23;308.79998779296875;311.0;295.1000061035156;297.6700134277344;12955400;294.82623291015625
2026-02-24;296.82000732421875;299.75;291.3800048828125;297.29998779296875;13554100;294.459716796875
2026-02-25;298.6400146484375;303.6600036621094;297.010009765625;303.29998779296875;8095500;300.4023742675781
2026-02-26;304.5799865722656;309.010009765625;303.6400146484375;306.1300048828125;7007800;303.20538330078125
2026-02-27;300.0;302.95001220703125;294.45001220703125;300.29998779296875;18620800;297.4310607910156
2026-03-02;294.80999755859375;299.9800109863281;293.2099914550781;297.55999755859375;8508900;294.7172546386719
2026-03-03;292.2900085449219;302.3900146484375;289.5;300.260009765625;10278200;297.3914489746094
2026-03-04;299.989990234375;301.0;295.82000732421875;299.3900146484375;8055700;296.52978515625
2026-03-05;297.9800109863281;301.239990234375;292.42999267578125;293.54998779296875;12732500;290.74554443359375
2026-03-06;286.3399963378906;289.989990234375;283.7099914550781;289.4800109863281;13496500;286.7144470214844
2026-03-09;285.5;291.1000061035156;280.45001220703125;289.9200134277344;12241100;287.1502685546875
2026-03-10;289.2900085449219;292.75;287.17999267578125;288.7300109863281;8344900;285.97161865234375
2026-03-11;288.80999755859375;290.4800109863281;284.8599853515625;287.5199890136719;10205000;284.7731628417969
2026-03-12;282.8299865722656;283.8800048828125;279.1000061035156;282.8900146484375;13760500;280.18743896484375
2026-03-13;284.6700134277344;287.19000244140625;282.95001220703125;283.44000244140625;9091200;280.7321472167969
2026-03-16;286.3399963378906;289.2699890136719;284.6099853515625;286.1600036621094;8149000;283.4261474609375
2026-03-17;289.0;291.760009765625;285.95001220703125;286.8900146484375;8961200;284.1492004394531
2026-03-18;286.8299865722656;289.4100036621094;285.1199951171875;287.739990234375;10057000;284.99102783203125
2026-03-19;286.8800048828125;289.510009765625;284.6199951171875;287.9700012207031;9846700;285.2188720703125
2026-03-20;288.0799865722656;290.7099914550781;285.2699890136719;286.55999755859375;22436500;283.82232666015625
2026-03-23;294.30999755859375;295.75;287.9700012207031;289.9100036621094;11470800;287.14031982421875
2026-03-24;286.1700134277344;295.4800109863281;285.3699951171875;292.3999938964844;11092300;289.6065368652344
2026-03-25;294.1499938964844;297.6400146484375;292.44000244140625;295.4200134277344;12188200;292.59771728515625
2026-03-26;292.5799865722656;294.989990234375;290.7300109863281;291.6600036621094;8669200;288.87359619140625
2026-03-27;289.1400146484375;290.1099853515625;281.75;282.8399963378906;9873300;280.13787841796875
2026-03-30;284.739990234375;287.25;282.3299865722656;283.7699890136719;11734400;281.0589904785156
2026-03-31;288.4700012207031;295.07000732421875;284.95001220703125;294.1600036621094;12956900;291.3497314453125
2026-04-01;295.3900146484375;298.7200012207031;292.9100036621094;295.3800048828125;11267200;292.5580749511719
2026-04-02;291.9100036621094;295.6199951171875;288.7200012207031;294.6000061035156;6669300;291.7855224609375
2026-04-06;294.05999755859375;296.8299865722656;293.20001220703125;295.45001220703125;7142600;294.125
2026-04-07;293.1400146484375;298.17999267578125;292.70001220703125;297.3999938964844;7849100;296.0662536621094
2026-04-08;307.9700012207031;311.260009765625;305.3299865722656;307.9700012207031;10590200;306.5888366699219
2026-04-09;306.95001220703125;311.260009765625;306.1099853515625;310.3299865722656;6586600;308.938232421875
2026-04-10;310.0;310.3500061035156;306.7200012207031;309.8699951171875;6069700;308.4803161621094
2026-04-13;307.4700012207031;313.739990234375;305.4599914550781;313.67999267578125;8318200;312.2732238769531
2026-04-14;309.82000732421875;314.32000732421875;308.8699951171875;311.1199951171875;11455500;309.7247009277344
2026-04-15;313.95001220703125;314.239990234375;304.260009765625;305.92999267578125;9885800;304.5579833984375
2026-04-16;305.3500061035156;309.95001220703125;305.20001220703125;309.95001220703125;8208600;308.5599670410156
2026-04-17;312.4700012207031;314.8999938964844;310.0899963378906;310.2900085449219;11082400;308.8984375
2026-04-20;310.8500061035156;317.1300048828125;310.3699951171875;316.989990234375;10772000;315.5683898925781
2026-04-21;317.489990234375;320.239990234375;312.75;313.0;7084300;311.5962829589844
2026-04-22;314.8500061035156;315.1499938964844;311.94000244140625;313.0199890136719;5545900;311.6161804199219
2026-04-23;313.5199890136719;314.989990234375;308.8900146484375;311.69000244140625;6969700;310.29217529296875
2026-04-24;311.1499938964844;311.1499938964844;307.8900146484375;308.2799987792969;5215300;306.8974609375
2026-04-27;306.8800048828125;312.5799865722656;306.8800048828125;311.6300048828125;7925300;310.232421875
2026-04-28;315.20001220703125;315.45001220703125;311.1700134277344;311.45001220703125;7398600;310.0532531738281
2026-04-29;310.57000732421875;312.04998779296875;307.2900085449219;309.25;8031800;307.86309814453125
2026-04-30;307.07000732421875;314.1000061035156;306.57000732421875;313.2300109863281;8865400;311.82525634765625
2026-05-01;313.95001220703125;316.0799865722656;311.8299865722656;312.4700012207031;6135400;311.06866455078125
2026-05-04;310.6199951171875;310.6499938964844;306.510009765625;307.6499938964844;7338200;306.270263671875
2026-05-05;307.7099914550781;310.9700012207031;306.79998779296875;309.3999938964844;6316800;308.0124206542969
2026-05-06;311.45001220703125;316.260009765625;311.3500061035156;314.8999938964844;8629500;313.4877624511719
2026-05-07;314.6499938964844;316.29998779296875;306.1400146484375;306.2699890136719;8359600;304.8964538574219
2026-05-08;308.25;308.989990234375;300.5;302.1000061035156;9464300;300.74517822265625
2026-05-11;302.1000061035156;303.19000244140625;298.8800048828125;300.0;9512000;298.6545715332031
2026-05-12;300.0199890136719;306.05999755859375;295.54998779296875;304.8800048828125;9498200;303.5126953125
2026-05-13;302.2699890136719;303.0;300.07000732421875;300.25;7709500;298.9034729003906
2026-05-14;302.25;303.75;298.80999755859375;299.9100036621094;7364300;298.56500244140625
2026-05-15;300.2099914550781;300.7900085449219;296.45001220703125;297.80999755859375;8699300;296.4743957519531
2026-05-18;298.0;301.260009765625;297.2200012207031;300.7300109863281;7546300;299.3813171386719
2026-05-19;301.0899963378906;301.7900085449219;295.260009765625;295.70001220703125;8066900;294.3738708496094
2026-05-20;296.70001220703125;302.92999267578125;293.6700134277344;301.9800109863281;9327000;300.625732421875
2026-05-21;301.2300109863281;303.9800109863281;300.2099914550781;303.0;7874400;301.6411437988281
2026-05-22;304.67999267578125;307.45001220703125;303.8399963378906;306.3800048828125;5973900;305.0059814453125
2026-05-26;308.489990234375;309.92999267578125;305.44000244140625;306.739990234375;7725400;305.3643493652344
2026-05-27;305.0;305.8999938964844;295.75;299.2799987792969;11779200;297.93780517578125
2026-05-28;297.57000732421875;301.07000732421875;295.75;296.7300109863281;9757700;295.3992614746094
2026-05-29;296.3999938964844;299.8800048828125;295.20001220703125;299.30999755859375;13969000;297.9676818847656
2026-06-01;297.69000244140625;299.54998779296875;295.2699890136719;296.5799865722656;7930000;295.2499084472656
2026-06-02;296.5;302.07000732421875;295.2699890136719;300.9599914550781;8296200;299.6102600097656
2026-06-03;299.9200134277344;301.9599914550781;296.55999755859375;300.8500061035156;7003900;299.50079345703125
2026-06-04;305.739990234375;312.9100036621094;304.44000244140625;310.8900146484375;10345200;309.4957580566406
2026-06-05;314.2900085449219;315.0;309.6000061035156;312.3699951171875;9118800;310.9691162109375
2026-06-08;313.25;316.29998779296875;310.7799987792969;311.1099853515625;6827000;309.7147521972656
2026-06-09;313.510009765625;316.4200134277344;309.010009765625;312.70001220703125;11594600;311.2976379394531
2026-06-10;312.55999755859375;314.75;309.0299987792969;309.1400146484375;7446200;307.75360107421875
2026-06-11;309.55999755859375;314.7200012207031;308.8800048828125;313.489990234375;9116600;312.0840759277344
2026-06-12;315.9700012207031;321.29998779296875;315.54998779296875;320.7200012207031;7426200;319.28167724609375
2026-06-15;323.9200134277344;325.9200134277344;318.8399963378906;319.3999938964844;7988900;317.96759033203125
2026-06-16;324.29998779296875;331.75;324.0199890136719;331.1400146484375;11094900;329.6549377441406
2026-06-17;332.17999267578125;337.7699890136719;331.5;333.4599914550781;12246400;331.9645080566406
2026-06-18;336.95001220703125;338.0899963378906;324.1600036621094;325.2200012207031;20111000;323.761474609375
2026-06-22;329.70001220703125;332.7699890136719;326.75;331.4800109863281;10182500;329.993408203125
2026-06-23;329.4700012207031;335.3699951171875;327.2099914550781;334.1400146484375;7582200;332.6414794921875
2026-06-24;333.07000732421875;334.5299987792969;329.7699890136719;333.45001220703125;7907400;331.95458984375
2026-06-25;334.9599914550781;343.45001220703125;334.760009765625;335.1199951171875;10043100;333.6170654296875
2026-06-26;336.0;336.3999938964844;327.5;329.04998779296875;17640900;327.57427978515625
2026-06-29;328.2799987792969;332.3900146484375;327.20001220703125;329.3900146484375;7981800;327.91278076171875
2026-06-30;328.8900146484375;330.44000244140625;326.67999267578125;327.3299865722656;8080100;325.86199951171875
2026-07-01;328.3699951171875;335.6400146484375;325.010009765625;334.07000732421875;15210200;332.5718078613281
2026-07-02;338.0199890136719;340.0;331.7699890136719;334.4700012207031;8413900;332.9700012207031
2026-07-06;335.0;339.7200012207031;334.1099853515625;337.7200012207031;8673500;337.7200012207031
2026-07-07;340.9800109863281;341.3999938964844;337.0899963378906;339.2200012207031;7115800;339.2200012207031
2026-07-08;336.5299987792969;336.5299987792969;330.1300048828125;330.6199951171875;18505200;330.6199951171875
2026-07-09;331.4599914550781;337.0;330.80999755859375;335.4700012207031;15570600;335.4700012207031
2026-07-10;337.4700012207031;338.5899963378906;335.7699890136719;336.4700012207031;6299000;336.4700012207031
2026-07-13;338.3399963378906;338.3500061035156;332.5;334.5299987792969;7120300;334.5299987792969
2026-07-14;327.0;344.7300109863281;325.75;342.8900146484375;14537900;342.8900146484375
2026-07-15;345.8500061035156;351.239990234375;344.04998779296875;346.9100036621094;10750000;346.9100036621094
2026-07-16;349.2799987792969;349.3399963378906;341.1099853515625;343.1499938964844;12432400;343.1499938964844
2026-07-17;339.0299987792969;346.1300048828125;335.04998779296875;341.1000061035156;9250900;341.1000061035156
2026-07-20;341.79998779296875;344.260009765625;337.3699951171875;338.8699951171875;7723300;338.8699951171875
2026-07-21;340.1199951171875;345.739990234375;337.29998779296875;345.2300109863281;6015300;345.2300109863281
2026-07-22;345.07000732421875;349.07000732421875;344.25;348.2099914550781;8040200;348.2099914550781
2026-07-23;346.5799865722656;349.9200134277344;345.4200134277344;349.8999938964844;10913000;349.8999938964844
2026-07-24;350.6400146484375;353.3699951171875;347.5;353.2099914550781;7520800;353.2099914550781
2026-07-27;357.8900146484375;359.04998779296875;352.5799865722656;356.20001220703125;7884900;356.20001220703125
2026-07-28;357.29998779296875;359.29998779296875;354.1499938964844;357.30999755859375;6533800;357.30999755859375
2026-07-29;356.5;357.3699951171875;343.7799987792969;344.7099914550781;8265300;344.7099914550781
2026-07-30;347.5400085449219;352.2799987792969;345.3699951171875;350.8500061035156;7606500;350.8500061035156
2026-07-31;353.29998779296875;354.4700012207031;349.70001220703125;351.7900085449219;6603400;351.7900085449219
2026-08-03;353.75;355.6199951171875;350.8399963378906;352.6400146484375;6436600;352.6400146484375
2026-08-04;355.0;363.0;353.8699951171875;357.5199890136719;8477200;357.5199890136719
2026-08-05;358.9700012207031;362.1700134277344;358.20001220703125;359.239990234375;5269500;359.239990234375
2026-08-06;362.80999755859375;362.80999755859375;354.95001220703125;356.29998779296875;5820100;356.29998779296875
2026-08-07;355.760009765625;358.8500061035156;353.3299865722656;357.5199890136719;4566200;357.5199890136719
2026-08-10;357.9599914550781;359.989990234375;356.5;359.7900085449219;5327500;359.7900085449219
2026-08-11;360.04998779296875;363.1199951171875;358.6000061035156;362.0400085449219;4576500;362.0400085449219
2026-08-12;362.9700012207031;366.0899963378906;361.29998779296875;365.17999267578125;4366800;365.17999267578125
2026-08-13;366.5;366.5;361.5199890136719;363.1099853515625;5102700;363.1099853515625
2026-08-14;363.0;365.8999938964844;361.45001220703125;362.8399963378906;5058600;362.8399963378906
2026-08-17;361.94000244140625;365.75;360.9599914550781;360.9599914550781;5282600;360.9599914550781
2026-08-18;362.3399963378906;363.57000732421875;359.2699890136719;363.25;5525100;363.25
2026-08-19;363.010009765625;363.04998779296875;355.6499938964844;357.260009765625;6696200;357.260009765625
2026-08-20;357.6000061035156;357.95001220703125;351.54998779296875;351.54998779296875;6799700;351.54998779296875
2026-08-21;354.07000732421875;356.8599853515625;350.3699951171875;351.5799865722656;8112100;351.5799865722656
2026-08-24;353.29998779296875;358.2799987792969;352.82000732421875;356.3900146484375;4394400;356.3900146484375
2026-08-25;357.0;357.3699951171875;353.07000732421875;356.69000244140625;4298000;356.69000244140625
2026-08-26;356.5;358.3500061035156;354.6000061035156;356.5;5796500;356.5
2026-08-27;354.67999267578125;357.57000732421875;352.2300109863281;354.2200012207031;5209900;354.2200012207031
2026-08-28;355.6700134277344;358.7300109863281;354.2200012207031;357.6199951171875;3914500;357.6199951171875
2026-08-31;355.8999938964844;357.7699890136719;354.7699890136719;356.0199890136719;7962900;356.0199890136719
2026-09-01;355.7300109863281;359.92999267578125;354.1199951171875;354.95001220703125;5079000;354.95001220703125
2026-09-02;357.54998779296875;361.4700012207031;353.7900085449219;356.2200012207031;5341400;356.2200012207031
2026-09-03;358.67999267578125;362.8500061035156;356.3900146484375;362.05999755859375;5414200;362.05999755859375
2026-09-04;361.0;362.8599853515625;355.20001220703125;358.6400146484375;4873500;358.6400146484375
2026-09-08;357.1000061035156;358.54998779296875;353.2300109863281;353.510009765625;5631400;353.510009765625
2026-09-09;352.0;356.3299865722656;348.69000244140625;354.7099914550781;6318200;354.7099914550781
2026-09-10;353.510009765625;354.2200012207031;351.1199951171875;353.55999755859375;4184200;353.55999755859375
2026-09-11;358.32000732421875;360.04998779296875;354.7900085449219;356.2300109863281;5354600;356.2300109863281
