datetime;open;high;low;close;volume;adjclose
2010-01-04;61.11000061035156;61.310001373291016;60.630001068115234;61.119998931884766;9190800;37.58056640625
2010-01-05;61.130001068115234;61.279998779296875;60.599998474121094;61.13999938964844;8649400;37.59285354614258
2010-01-06;60.939998626708984;60.959999084472656;60.5;60.849998474121094;9908400;37.414546966552734
2010-01-07;60.58000183105469;60.70000076293945;60.2400016784668;60.52000045776367;8972800;37.21164321899414
2010-01-08;60.36000061035156;60.529998779296875;60.060001373291016;60.439998626708984;8464600;37.162445068359375
2010-01-11;60.08000183105469;60.27000045776367;59.0099983215332;60.20000076293945;14774600;37.0148811340332
2010-01-12;60.70000076293945;61.36000061035156;60.5;60.88999938964844;13460700;37.43913650512695
2010-01-13;61.040000915527344;61.790000915527344;60.90999984741211;61.52000045776367;16968100;37.826507568359375
2010-01-14;61.41999816894531;61.7400016784668;61.380001068115234;61.58000183105469;9139500;37.86339569091797
2010-01-15;61.599998474121094;61.86000061035156;60.439998626708984;60.81999969482422;15768300;37.39610290527344
2010-01-19;60.79999923706055;61.83000183105469;60.79999923706055;61.720001220703125;11577700;37.94947814941406
2010-01-20;60.970001220703125;61.040000915527344;60.099998474121094;60.45000076293945;11557800;37.43547439575195
2010-01-21;60.560001373291016;60.93000030517578;59.45000076293945;59.84000015258789;14298400;37.05771255493164
2010-01-22;59.75;60.689998626708984;59.220001220703125;60.310001373291016;17703200;37.348785400390625
2010-01-25;60.83000183105469;60.97999954223633;60.150001525878906;60.630001068115234;11630800;37.54695510864258
2010-01-26;60.16999816894531;60.95000076293945;60.0;60.689998626708984;13079000;37.5840950012207
2010-01-27;60.459999084472656;60.97999954223633;59.95000076293945;60.810001373291016;15228400;37.65841293334961
2010-01-28;61.66999816894531;63.310001373291016;61.58000183105469;61.68000030517578;26930000;38.19718933105469
2010-01-29;61.90999984741211;62.2400016784668;61.470001220703125;61.54999923706055;17067100;38.1166877746582
2010-02-01;61.849998474121094;62.2400016784668;61.5099983215332;61.9900016784668;12908100;38.3891716003418
2010-02-02;61.93000030517578;63.040000915527344;61.65999984741211;62.900001525878906;17680700;38.95271301269531
2010-02-03;62.7400016784668;62.86000061035156;62.36000061035156;62.650001525878906;11083500;38.797889709472656
2010-02-04;62.20000076293945;62.34000015258789;61.310001373291016;61.400001525878906;14306600;38.0237922668457
2010-02-05;61.09000015258789;61.439998626708984;60.43000030517578;61.29999923706055;14844400;37.961856842041016
2010-02-08;61.060001373291016;61.5099983215332;60.810001373291016;61.0099983215332;11431800;37.782257080078125
2010-02-09;61.380001068115234;62.0;61.0099983215332;61.7599983215332;11427100;38.246726989746094
2010-02-10;61.7400016784668;61.849998474121094;61.220001220703125;61.66999816894531;9854600;38.19098663330078
2010-02-11;61.41999816894531;62.15999984741211;61.27000045776367;61.959999084472656;10383400;38.370582580566406
2010-02-12;61.7599983215332;62.130001068115234;61.290000915527344;61.7599983215332;16188300;38.246726989746094
2010-02-16;62.599998474121094;62.869998931884766;62.349998474121094;62.83000183105469;13273100;38.909358978271484
2010-02-17;62.79999923706055;62.970001220703125;62.5099983215332;62.849998474121094;14384400;38.92174530029297
2010-02-18;62.72999954223633;63.5;62.349998474121094;63.38999938964844;17709000;39.25613784790039
2010-02-19;63.27000045776367;63.7400016784668;63.02000045776367;63.45000076293945;10897800;39.29332733154297
2010-02-22;63.689998626708984;63.880001068115234;63.29999923706055;63.41999816894531;9675300;39.27472686767578
2010-02-23;63.22999954223633;63.81999969482422;62.91999816894531;63.209999084472656;11948500;39.144691467285156
2010-02-24;63.220001220703125;63.959999084472656;63.130001068115234;63.88999938964844;12808800;39.5657844543457
2010-02-25;63.22999954223633;63.86000061035156;63.0099983215332;63.70000076293945;10085600;39.4481315612793
2010-02-26;63.75;63.880001068115234;63.13999938964844;63.279998779296875;10640900;39.188026428222656
2010-03-01;63.459999084472656;63.79999923706055;63.150001525878906;63.5099983215332;7748600;39.330474853515625
2010-03-02;63.720001220703125;63.869998931884766;63.34000015258789;63.709999084472656;8004000;39.45432662963867
2010-03-03;63.65999984741211;63.900001525878906;63.43000030517578;63.54999923706055;8608300;39.35525131225586
2010-03-04;63.650001525878906;64.1500015258789;63.40999984741211;63.66999816894531;8600300;39.4295539855957
2010-03-05;63.689998626708984;63.779998779296875;63.04999923706055;63.689998626708984;10101100;39.44192123413086
2010-03-08;63.54999923706055;63.66999816894531;63.029998779296875;63.189998626708984;11293300;39.13228988647461
2010-03-09;63.08000183105469;63.5;63.04999923706055;63.29999923706055;7100900;39.20042037963867
2010-03-10;63.22999954223633;63.290000915527344;62.86000061035156;63.0099983215332;9813200;39.02083206176758
2010-03-11;62.7599983215332;63.18000030517578;62.5099983215332;63.16999816894531;10047900;39.11992645263672
2010-03-12;63.33000183105469;63.54999923706055;63.060001373291016;63.31999969482422;8099000;39.212799072265625
2010-03-15;63.189998626708984;63.70000076293945;63.189998626708984;63.70000076293945;7674900;39.4481315612793
2010-03-16;63.720001220703125;63.900001525878906;63.41999816894531;63.529998779296875;8939300;39.34284973144531
2010-03-17;63.779998779296875;64.02999877929688;63.369998931884766;64.01000213623047;10135400;39.640113830566406
2010-03-18;63.900001525878906;64.12999725341797;63.650001525878906;63.72999954223633;8867400;39.46672439575195
2010-03-19;63.84000015258789;64.0;63.52000045776367;63.84000015258789;17458100;39.53483581542969
2010-03-22;63.52000045776367;64.0999984741211;63.52000045776367;63.880001068115234;9648000;39.559608459472656
2010-03-23;63.93000030517578;64.58000183105469;63.65999984741211;64.52999877929688;11807900;39.962127685546875
2010-03-24;64.33000183105469;64.4000015258789;63.47999954223633;63.61000061035156;11732100;39.39238357543945
2010-03-25;63.939998626708984;64.12000274658203;63.58000183105469;63.619998931884766;8203200;39.39859390258789
2010-03-26;63.68000030517578;63.93000030517578;63.400001525878906;63.689998626708984;10630300;39.44192123413086
2010-03-29;63.72999954223633;64.04000091552734;63.59000015258789;63.72999954223633;8176700;39.46672439575195
2010-03-30;63.72999954223633;63.970001220703125;63.5099983215332;63.65999984741211;6113600;39.42334747314453
2010-03-31;63.529998779296875;63.66999816894531;63.18000030517578;63.27000045776367;8193800;39.18184280395508
2010-04-01;63.470001220703125;63.70000076293945;63.20000076293945;63.36000061035156;10554900;39.23757553100586
2010-04-05;63.38999938964844;63.88999938964844;63.29999923706055;63.7599983215332;8579800;39.48529052734375
2010-04-06;63.58000183105469;63.59000015258789;63.0099983215332;63.11000061035156;11052300;39.0827522277832
2010-04-07;62.90999984741211;63.0;62.209999084472656;62.5;14043500;38.70499801635742
2010-04-08;62.45000076293945;62.849998474121094;62.119998931884766;62.560001373291016;8458800;38.74216079711914
2010-04-09;62.56999969482422;63.0;62.5099983215332;62.72999954223633;9146700;38.84742736816406
2010-04-12;62.45000076293945;62.97999954223633;62.40999984741211;62.70000076293945;9164400;38.828853607177734
2010-04-13;62.599998474121094;63.34000015258789;62.58000183105469;63.0;11229400;39.01464080810547
2010-04-14;62.91999816894531;63.22999954223633;62.709999084472656;63.189998626708984;7685600;39.13228988647461
2010-04-15;63.029998779296875;63.13999938964844;62.720001220703125;63.0;11314800;39.01464080810547
2010-04-16;62.79999923706055;63.4900016784668;62.630001068115234;62.849998474121094;12568700;38.92174530029297
2010-04-19;62.81999969482422;63.25;62.70000076293945;63.220001220703125;9548900;39.150875091552734
2010-04-20;63.470001220703125;63.4900016784668;63.029998779296875;63.189998626708984;11230400;39.13228988647461
2010-04-21;63.209999084472656;63.65999984741211;63.119998931884766;63.630001068115234;9858500;39.40477752685547
2010-04-22;63.5099983215332;63.7400016784668;63.22999954223633;63.59000015258789;8372900;39.37999725341797
2010-04-23;63.47999954223633;63.63999938964844;63.20000076293945;63.540000915527344;8452600;39.34905242919922
2010-04-26;63.45000076293945;64.0;63.400001525878906;63.939998626708984;9262400;39.59676742553711
2010-04-27;63.2400016784668;63.900001525878906;63.040000915527344;63.11000061035156;12849900;39.0827522277832
2010-04-28;62.650001525878906;63.459999084472656;62.40999984741211;63.16999816894531;13090000;39.420989990234375
2010-04-29;62.279998779296875;62.970001220703125;60.83000183105469;62.20000076293945;27302400;38.8156623840332
2010-04-30;62.529998779296875;63.0;62.11000061035156;62.15999984741211;15768900;38.790706634521484
2010-05-03;62.41999816894531;62.84000015258789;61.84000015258789;62.68000030517578;9756600;39.11520767211914
2010-05-04;62.29999923706055;62.529998779296875;61.560001373291016;61.709999084472656;11402600;38.50986862182617
2010-05-05;61.619998931884766;62.56999969482422;61.5;62.15999984741211;11611000;38.790706634521484
2010-05-06;61.90999984741211;62.66999816894531;39.369998931884766;60.75;28560400;37.910797119140625
2010-05-07;60.61000061035156;61.20000076293945;60.0;60.310001373291016;23976600;37.63622283935547
2010-05-10;61.56999969482422;62.70000076293945;61.15999984741211;62.41999816894531;16011300;38.952945709228516
2010-05-11;62.040000915527344;62.970001220703125;61.97999954223633;62.369998931884766;12397400;38.92174530029297
2010-05-12;62.11000061035156;63.130001068115234;62.099998474121094;63.02000045776367;11004800;39.3273811340332
2010-05-13;62.90999984741211;63.41999816894531;62.72999954223633;62.75;11157600;39.15888595581055
2010-05-14;62.7599983215332;63.20000076293945;62.150001525878906;62.540000915527344;14651600;39.02783203125
2010-05-17;63.0099983215332;63.47999954223633;62.65999984741211;63.380001068115234;14659000;39.55203628540039
2010-05-18;63.400001525878906;63.95000076293945;63.130001068115234;63.209999084472656;15873100;39.44594192504883
2010-05-19;63.099998474121094;63.599998474121094;62.810001373291016;63.220001220703125;15928300;39.452186584472656
2010-05-20;62.470001220703125;62.540000915527344;61.58000183105469;61.61000061035156;23365800;38.447486877441406
2010-05-21;60.400001525878906;61.880001068115234;60.369998931884766;61.849998474121094;23162500;38.59724807739258
2010-05-24;61.43000030517578;61.97999954223633;61.0;61.400001525878906;12718900;38.31642532348633
2010-05-25;60.150001525878906;61.119998931884766;60.04999923706055;61.04999923706055;18250900;38.09800338745117
2010-05-26;60.869998931884766;61.209999084472656;60.33000183105469;60.439998626708984;17432200;37.71733474731445
2010-05-27;60.880001068115234;61.16999816894531;60.61000061035156;60.95000076293945;14963400;38.035614013671875
2010-05-28;60.95000076293945;61.68000030517578;60.849998474121094;61.09000015258789;13952100;38.12297058105469
2010-06-01;60.88999938964844;61.7400016784668;60.52000045776367;61.15999984741211;15341700;38.16666030883789
2010-06-02;61.15999984741211;61.83000183105469;61.040000915527344;61.7400016784668;12985200;38.52860641479492
2010-06-03;61.970001220703125;62.13999938964844;61.70000076293945;61.79999923706055;10739800;38.5660400390625
2010-06-04;61.119998931884766;61.119998931884766;60.56999969482422;60.79999923706055;17909700;37.942012786865234
2010-06-07;60.720001220703125;61.06999969482422;60.59000015258789;60.619998931884766;13182300;37.82967758178711
2010-06-08;60.68000030517578;62.2400016784668;60.4900016784668;62.13999938964844;15336800;38.77822494506836
2010-06-09;62.45000076293945;62.599998474121094;61.27000045776367;61.470001220703125;14211600;38.360103607177734
2010-06-10;61.970001220703125;62.290000915527344;61.66999816894531;61.90999984741211;14756000;38.63468551635742
2010-06-11;61.349998474121094;61.400001525878906;60.380001068115234;61.0099983215332;19772400;38.073055267333984
2010-06-14;61.38999938964844;61.720001220703125;61.209999084472656;61.25;10972800;38.22282791137695
2010-06-15;61.61000061035156;61.93000030517578;61.34000015258789;61.90999984741211;11944100;38.63468551635742
2010-06-16;61.52000045776367;61.7400016784668;60.83000183105469;61.189998626708984;14628800;38.18537521362305
2010-06-17;61.18000030517578;61.81999969482422;60.83000183105469;61.7599983215332;12060100;38.54109191894531
2010-06-18;61.79999923706055;61.939998626708984;61.20000076293945;61.29999923706055;17518700;38.25401306152344
2010-06-21;61.720001220703125;61.790000915527344;60.779998779296875;61.099998474121094;9688200;38.12920379638672
2010-06-22;61.060001373291016;61.650001525878906;60.689998626708984;60.720001220703125;13228700;37.892066955566406
2010-06-23;60.88999938964844;61.56999969482422;60.709999084472656;61.380001068115234;13424400;38.30394744873047
2010-06-24;61.06999969482422;61.380001068115234;60.75;60.869998931884766;12932700;37.985679626464844
2010-06-25;60.88999938964844;60.9900016784668;59.790000915527344;59.790000915527344;44195600;37.311710357666016
2010-06-28;60.0;60.939998626708984;59.56999969482422;60.619998931884766;14115500;37.82967758178711
2010-06-29;60.33000183105469;60.540000915527344;59.75;60.31999969482422;17814300;37.6424560546875
2010-06-30;60.130001068115234;60.540000915527344;59.709999084472656;59.97999954223633;17273600;37.4302864074707
2010-07-01;59.84000015258789;60.290000915527344;59.36000061035156;59.540000915527344;19338700;37.155696868896484
2010-07-02;59.630001068115234;59.88999938964844;59.209999084472656;59.380001068115234;12101900;37.05586242675781
2010-07-06;59.880001068115234;59.93000030517578;58.91999816894531;59.34000015258789;13959000;37.03089904785156
2010-07-07;59.5;60.90999984741211;59.130001068115234;60.81999969482422;15470000;37.954490661621094
2010-07-08;60.84000015258789;61.970001220703125;60.779998779296875;61.95000076293945;14770600;38.65964889526367
2010-07-09;61.939998626708984;61.939998626708984;61.36000061035156;61.75;9626800;38.53483963012695
2010-07-12;61.540000915527344;62.15999984741211;61.34000015258789;62.09000015258789;8324500;38.74701690673828
2010-07-13;62.29999923706055;62.849998474121094;62.16999816894531;62.38999938964844;10497300;38.934234619140625
2010-07-14;62.209999084472656;62.790000915527344;62.0;62.65999984741211;13797100;39.102718353271484
2010-07-15;62.619998931884766;62.88999938964844;62.349998474121094;62.72999954223633;10267200;39.14640808105469
2010-07-16;62.45000076293945;62.66999816894531;61.630001068115234;61.9900016784668;14142400;38.68461990356445
2010-07-19;61.9900016784668;62.290000915527344;61.709999084472656;61.86000061035156;9643600;38.60348892211914
2010-07-20;61.630001068115234;62.119998931884766;61.209999084472656;62.06999969482422;10930100;38.73455047607422
2010-07-21;61.720001220703125;61.81999969482422;60.86000061035156;61.11000061035156;14913600;38.433902740478516
2010-07-22;61.060001373291016;61.91999816894531;61.0099983215332;61.369998931884766;13007300;38.59743881225586
2010-07-23;61.400001525878906;61.959999084472656;61.209999084472656;61.90999984741211;8461600;38.93705749511719
2010-07-26;61.65999984741211;62.58000183105469;61.65999984741211;62.52000045776367;7807300;39.320701599121094
2010-07-27;62.720001220703125;63.36000061035156;62.349998474121094;63.08000183105469;12532500;39.67290115356445
2010-07-28;62.880001068115234;63.130001068115234;62.560001373291016;62.70000076293945;7844500;39.43391799926758
2010-07-29;62.20000076293945;62.380001068115234;61.220001220703125;61.66999816894531;15776400;38.786102294921875
2010-07-30;61.15999984741211;61.529998779296875;60.81999969482422;61.15999984741211;11931700;38.46536636352539
2010-08-02;61.95000076293945;62.09000015258789;61.5099983215332;62.060001373291016;11167800;39.03138732910156
2010-08-03;59.86000061035156;60.20000076293945;59.54999923706055;59.939998626708984;24449800;37.69805908203125
2010-08-04;60.06999969482422;60.56999969482422;59.54999923706055;59.54999923706055;19654100;37.45277786254883
2010-08-05;59.54999923706055;60.20000076293945;59.400001525878906;59.86000061035156;12620400;37.64775085449219
2010-08-06;59.5;60.040000915527344;59.16999816894531;60.02000045776367;12649700;37.74836730957031
2010-08-09;60.38999938964844;60.83000183105469;59.86000061035156;60.380001068115234;11104800;37.97479248046875
2010-08-10;60.099998474121094;61.34000015258789;60.08000183105469;60.779998779296875;13450200;38.22636413574219
2010-08-11;60.18000030517578;60.63999938964844;60.0;60.27000045776367;12946800;37.90562438964844
2010-08-12;59.9900016784668;60.47999954223633;59.380001068115234;59.9900016784668;11580500;37.729515075683594
2010-08-13;59.7400016784668;60.599998474121094;59.689998626708984;59.81999969482422;8805300;37.622589111328125
2010-08-16;59.630001068115234;60.20000076293945;59.31999969482422;59.77000045776367;13138100;37.59114074707031
2010-08-17;60.310001373291016;60.91999816894531;59.93000030517578;60.290000915527344;10878200;37.91818618774414
2010-08-18;60.15999984741211;61.060001373291016;60.040000915527344;60.75;10739300;38.20750427246094
2010-08-19;60.54999923706055;60.630001068115234;59.849998474121094;60.189998626708984;9822700;37.85530090332031
2010-08-20;59.939998626708984;60.16999816894531;59.66999816894531;59.97999954223633;12107000;37.72321319580078
2010-08-23;60.0099983215332;60.38999938964844;59.86000061035156;60.029998779296875;8468500;37.75465774536133
2010-08-24;59.70000076293945;60.02000045776367;59.58000183105469;59.65999984741211;13728400;37.5219612121582
2010-08-25;59.790000915527344;59.900001525878906;59.400001525878906;59.66999816894531;10394900;37.528255462646484
2010-08-26;59.90999984741211;59.90999984741211;59.400001525878906;59.540000915527344;10264400;37.44648742675781
2010-08-27;59.709999084472656;59.91999816894531;59.25;59.79999923706055;10317400;37.61002731323242
2010-08-30;59.709999084472656;59.90999984741211;59.34000015258789;59.369998931884766;7462000;37.339569091796875
2010-08-31;59.310001373291016;59.75;59.25;59.66999816894531;12590100;37.528255462646484
2010-09-01;59.900001525878906;60.04999923706055;59.529998779296875;59.79999923706055;14748800;37.61002731323242
2010-09-02;59.7400016784668;60.29999923706055;59.709999084472656;60.06999969482422;10257800;37.77982711791992
2010-09-03;60.2599983215332;60.5;59.83000183105469;60.290000915527344;8970100;37.91818618774414
2010-09-07;60.0099983215332;60.45000076293945;59.91999816894531;60.13999938964844;7420600;37.823856353759766
2010-09-08;60.150001525878906;60.5;60.150001525878906;60.369998931884766;7719500;37.968505859375
2010-09-09;60.66999816894531;60.689998626708984;60.209999084472656;60.290000915527344;7937500;37.91818618774414
2010-09-10;60.5099983215332;60.630001068115234;60.279998779296875;60.400001525878906;7379100;37.98737335205078
2010-09-13;60.650001525878906;60.7400016784668;60.220001220703125;60.47999954223633;9808100;38.03767776489258
2010-09-14;60.38999938964844;60.939998626708984;60.31999969482422;60.63999938964844;11011300;38.1383171081543
2010-09-15;60.560001373291016;61.40999984741211;60.529998779296875;61.11000061035156;9189700;38.433902740478516
2010-09-16;60.869998931884766;61.11000061035156;60.65999984741211;61.11000061035156;7647900;38.433902740478516
2010-09-17;61.310001373291016;61.470001220703125;60.810001373291016;60.970001220703125;17798000;38.34585189819336
2010-09-20;61.0099983215332;61.59000015258789;60.90999984741211;61.43000030517578;9053600;38.63516616821289
2010-09-21;61.45000076293945;61.86000061035156;61.22999954223633;61.52000045776367;11303600;38.691768646240234
2010-09-22;61.529998779296875;62.0;61.41999816894531;61.790000915527344;9646300;38.8615837097168
2010-09-23;61.41999816894531;61.58000183105469;61.150001525878906;61.220001220703125;10107400;38.50309753417969
2010-09-24;61.5;61.810001373291016;61.36000061035156;61.63999938964844;10602800;38.767250061035156
2010-09-27;61.45000076293945;61.70000076293945;61.02000045776367;61.040000915527344;10284100;38.38988494873047
2010-09-28;61.0099983215332;61.130001068115234;60.349998474121094;60.619998931884766;11367300;38.125736236572266
2010-09-29;60.459999084472656;60.619998931884766;60.029998779296875;60.25;9709400;37.89302062988281
2010-09-30;60.31999969482422;60.650001525878906;59.84000015258789;59.970001220703125;13101700;37.7169303894043
2010-10-01;60.09000015258789;60.369998931884766;59.95000076293945;60.15999984741211;10253300;37.83644104003906
2010-10-04;60.0099983215332;60.349998474121094;59.68000030517578;59.959999084472656;11620700;37.71064758300781
2010-10-05;60.2599983215332;60.90999984741211;59.9900016784668;60.81999969482422;11412700;38.25151443481445
2010-10-06;60.75;60.9900016784668;60.29999923706055;60.869998931884766;7229800;38.28297805786133
2010-10-07;60.9900016784668;61.13999938964844;60.75;60.79999923706055;23255800;38.238929748535156
2010-10-08;61.0;62.0;60.900001525878906;61.86000061035156;30692500;38.90560531616211
2010-10-11;61.91999816894531;62.209999084472656;61.86000061035156;62.13999938964844;7425200;39.08169937133789
2010-10-12;62.0099983215332;62.18000030517578;61.560001373291016;62.02000045776367;24975000;39.00623321533203
2010-10-13;62.22999954223633;62.93000030517578;62.08000183105469;62.630001068115234;9906000;39.38987350463867
2010-10-14;62.66999816894531;62.84000015258789;62.52000045776367;62.79999923706055;8771400;39.49680709838867
2010-10-15;62.970001220703125;63.0;62.54999923706055;62.7599983215332;9943500;39.47164535522461
2010-10-18;62.880001068115234;63.52000045776367;62.63999938964844;63.349998474121094;11449200;39.84270095825195
2010-10-19;62.97999954223633;63.560001373291016;62.900001525878906;63.18000030517578;12109100;39.735801696777344
2010-10-20;62.880001068115234;63.619998931884766;62.77000045776367;63.369998931884766;10344900;40.16167068481445
2010-10-21;63.59000015258789;63.97999954223633;62.599998474121094;63.5099983215332;9612900;40.25041198730469
2010-10-22;63.529998779296875;63.70000076293945;63.130001068115234;63.400001525878906;5933400;40.18070602416992
2010-10-25;63.72999954223633;63.810001373291016;63.47999954223633;63.540000915527344;8928400;40.26941680908203
2010-10-26;63.119998931884766;63.439998626708984;62.52000045776367;62.86000061035156;12935900;39.83848190307617
2010-10-27;63.33000183105469;63.349998474121094;62.72999954223633;63.08000183105469;13348100;39.97788619995117
2010-10-28;63.130001068115234;63.560001373291016;63.060001373291016;63.189998626708984;9231200;40.0475959777832
2010-10-29;63.22999954223633;63.849998474121094;63.189998626708984;63.56999969482422;11368300;40.28843307495117
2010-11-01;63.880001068115234;64.13999938964844;63.400001525878906;63.619998931884766;11926700;40.32012939453125
2010-11-02;63.869998931884766;64.27999877929688;63.849998474121094;64.0199966430664;8129000;40.57361602783203
2010-11-03;64.0;64.36000061035156;63.83000183105469;64.30999755859375;8621300;40.75743103027344
2010-11-04;64.52999877929688;65.0;64.38999938964844;65.0;11807500;41.19471740722656
2010-11-05;64.91000366210938;65.0;64.62000274658203;65.0;9747000;41.19471740722656
2010-11-08;64.87000274658203;64.91999816894531;64.56999969482422;64.75;7203100;41.036285400390625
2010-11-09;64.77999877929688;64.94000244140625;64.61000061035156;64.80999755859375;8461200;41.07429885864258
2010-11-10;64.66999816894531;64.80000305175781;64.36000061035156;64.56999969482422;8151400;40.922203063964844
2010-11-11;64.31999969482422;64.58000183105469;64.05999755859375;64.36000061035156;7003900;40.789100646972656
2010-11-12;64.26000213623047;64.5199966430664;64.0199966430664;64.33000183105469;9280400;40.77009963989258
2010-11-15;64.55000305175781;64.91000366210938;64.13999938964844;64.29000091552734;10861200;40.744754791259766
2010-11-16;64.36000061035156;64.37000274658203;63.099998474121094;63.45000076293945;14384500;40.212379455566406
2010-11-17;63.38999938964844;63.5;63.13999938964844;63.27000045776367;7938500;40.09831619262695
2010-11-18;63.59000015258789;64.2699966430664;63.5099983215332;64.0199966430664;11296700;40.57361602783203
2010-11-19;64.2300033569336;64.23999786376953;63.61000061035156;64.05000305175781;9495800;40.59264373779297
2010-11-22;63.58000183105469;63.790000915527344;63.029998779296875;63.560001373291016;9139700;40.282100677490234
2010-11-23;63.06999969482422;63.130001068115234;62.31999969482422;62.61000061035156;10488100;39.68002700805664
2010-11-24;62.959999084472656;62.970001220703125;62.400001525878906;62.599998474121094;8766300;39.67368698120117
2010-11-26;62.279998779296875;62.5;62.029998779296875;62.130001068115234;3916500;39.37580871582031
2010-11-29;62.04999923706055;62.2400016784668;61.66999816894531;62.130001068115234;8433700;39.37580871582031
2010-11-30;61.5099983215332;61.65999984741211;61.02000045776367;61.06999969482422;17675200;38.704017639160156
2010-12-01;61.56999969482422;62.34000015258789;61.5;62.150001525878906;11598600;39.388484954833984
2010-12-02;62.150001525878906;62.4900016784668;61.959999084472656;62.36000061035156;7866500;39.52157974243164
2010-12-03;62.45000076293945;62.5;61.970001220703125;62.33000183105469;8971900;39.50257873535156
2010-12-06;62.25;62.33000183105469;62.04999923706055;62.060001373291016;5849500;39.331451416015625
2010-12-07;62.189998626708984;62.630001068115234;62.0099983215332;62.150001525878906;9882400;39.388484954833984
2010-12-08;62.279998779296875;62.68000030517578;62.279998779296875;62.630001068115234;8344500;39.69269561767578
2010-12-09;62.65999984741211;62.970001220703125;62.529998779296875;62.869998931884766;8541200;39.84480285644531
2010-12-10;63.29999923706055;63.790000915527344;63.060001373291016;63.20000076293945;11510100;40.05394744873047
2010-12-13;63.310001373291016;63.52000045776367;63.150001525878906;63.189998626708984;8783600;40.0475959777832
2010-12-14;63.33000183105469;63.70000076293945;63.20000076293945;63.54999923706055;8626100;40.275760650634766
2010-12-15;63.61000061035156;63.90999984741211;63.560001373291016;63.63999938964844;11074500;40.33279800415039
2010-12-16;63.86000061035156;64.75;63.150001525878906;64.5;14337400;40.87782669067383
2010-12-17;64.54000091552734;65.04000091552734;64.29000091552734;64.80999755859375;23534700;41.07429885864258
2010-12-20;64.86000061035156;65.30999755859375;64.66999816894531;64.97000122070312;10616100;41.17570877075195
2010-12-21;65.22000122070312;65.37999725341797;64.63999938964844;64.87000274658203;8193900;41.11233139038086
2010-12-22;64.27999877929688;64.97000122070312;64.2699966430664;64.94999694824219;7083400;41.16304016113281
2010-12-23;64.76000213623047;65.29000091552734;64.76000213623047;65.23999786376953;5950800;41.346824645996094
2010-12-27;65.04000091552734;65.11000061035156;64.37000274658203;64.66999816894531;7195800;40.9855842590332
2010-12-28;64.80000305175781;64.83000183105469;64.4000015258789;64.76000213623047;4648400;41.04262161254883
2010-12-29;64.72000122070312;64.80000305175781;64.3499984741211;64.4000015258789;4916400;40.81447982788086
2010-12-30;64.4800033569336;64.48999786376953;64.05999755859375;64.27999877929688;3819900;40.73841094970703
2010-12-31;64.08000183105469;64.44999694824219;64.01000213623047;64.33000183105469;5245600;40.77009963989258
2011-01-03;64.38999938964844;64.88999938964844;64.0;64.7699966430664;10004000;41.048954010009766
2011-01-04;64.41000366210938;64.95999908447266;64.3499984741211;64.94999694824219;11333200;41.16304016113281
2011-01-05;64.66999816894531;65.08999633789062;64.63999938964844;64.80000305175781;7459600;41.06797409057617
2011-01-06;64.69000244140625;64.77999877929688;64.30999755859375;64.69000244140625;11585100;40.99824905395508
2011-01-07;64.62999725341797;64.87000274658203;64.16999816894531;64.5;11940000;40.87782669067383
2011-01-10;64.4000015258789;64.52999877929688;64.1500015258789;64.36000061035156;12253700;40.789100646972656
2011-01-11;64.5;64.5999984741211;63.7400016784668;64.04000091552734;9624200;40.5863151550293
2011-01-12;64.41000366210938;65.0;63.400001525878906;64.97000122070312;10150600;41.17570877075195
2011-01-13;64.91999816894531;65.5;64.91000366210938;65.4800033569336;9899100;41.49892044067383
2011-01-14;65.3499984741211;65.66000366210938;65.2699966430664;65.52999877929688;10947000;41.5306282043457
2011-01-18;65.6500015258789;65.94000244140625;65.44000244140625;65.5;12395900;41.511600494384766
2011-01-19;65.11000061035156;65.66999816894531;65.05000305175781;65.3499984741211;11763500;41.72357177734375
2011-01-20;65.44000244140625;65.9000015258789;65.3499984741211;65.80000305175781;12492800;42.01089096069336
2011-01-21;65.9000015258789;65.94999694824219;65.5199966430664;65.91000366210938;9554100;42.081119537353516
2011-01-24;65.9000015258789;66.69999694824219;65.79000091552734;66.58000183105469;10568200;42.50889587402344
2011-01-25;66.56999969482422;66.94999694824219;66.47000122070312;66.69999694824219;11064100;42.585479736328125
2011-01-26;66.88999938964844;66.91999816894531;66.06999969482422;66.11000061035156;9499500;42.20880126953125
2011-01-27;64.36000061035156;64.5;63.13999938964844;64.18000030517578;23967100;40.97657775878906
2011-01-28;63.900001525878906;64.33999633789062;63.84000015258789;64.19999694824219;14927400;40.98933792114258
2011-01-31;64.3499984741211;64.36000061035156;63.0099983215332;63.130001068115234;12568400;40.306182861328125
2011-02-01;63.43000030517578;63.61000061035156;62.720001220703125;62.91999816894531;14623900;40.172115325927734
2011-02-02;62.7599983215332;62.95000076293945;62.29999923706055;62.790000915527344;11626100;40.089107513427734
2011-02-03;62.65999984741211;63.130001068115234;62.650001525878906;62.900001525878906;8546700;40.15934371948242
2011-02-04;62.83000183105469;63.709999084472656;62.77000045776367;63.61000061035156;9827300;40.61265563964844
2011-02-07;63.95000076293945;64.80000305175781;63.79999923706055;64.55000305175781;12847100;41.21281051635742
2011-02-08;64.38999938964844;64.75;64.30000305175781;64.63999938964844;8193700;41.270267486572266
2011-02-09;64.63999938964844;64.87999725341797;64.08000183105469;64.38999938964844;11019900;41.11064910888672
2011-02-10;64.62999725341797;64.79000091552734;64.08000183105469;64.58000183105469;10977000;41.23196029663086
2011-02-11;64.08000183105469;64.97000122070312;64.08000183105469;64.7300033569336;8951600;41.327728271484375
2011-02-14;64.80999755859375;64.87000274658203;64.3499984741211;64.54000091552734;7093800;41.206417083740234
2011-02-15;64.69999694824219;64.69999694824219;63.66999816894531;63.91999816894531;11785000;40.81056594848633
2011-02-16;64.0999984741211;64.11000061035156;63.70000076293945;63.7599983215332;9851200;40.708404541015625
2011-02-17;63.58000183105469;64.20999908447266;63.45000076293945;64.0;7364600;40.861637115478516
2011-02-18;64.13999938964844;64.37999725341797;63.93000030517578;64.30000305175781;9093700;41.05317687988281
2011-02-22;63.72999954223633;64.37000274658203;63.619998931884766;64.06999969482422;9437500;40.906341552734375
2011-02-23;64.01000213623047;64.4000015258789;63.900001525878906;64.1500015258789;11711100;40.95741653442383
2011-02-24;64.31999969482422;64.38999938964844;62.83000183105469;63.04999923706055;15218000;40.25510025024414
2011-02-25;62.959999084472656;63.11000061035156;62.529998779296875;62.84000015258789;11370400;40.12102127075195
2011-02-28;62.79999923706055;63.2400016784668;62.619998931884766;63.04999923706055;11558200;40.25510025024414
2011-03-01;63.43000030517578;63.650001525878906;62.650001525878906;62.7400016784668;12134200;40.057186126708984
2011-03-02;62.599998474121094;62.84000015258789;62.31999969482422;62.40999984741211;10020700;39.84649658203125
2011-03-03;62.70000076293945;62.95000076293945;62.11000061035156;62.54999923706055;14193800;39.935890197753906
2011-03-04;62.5099983215332;62.72999954223633;61.560001373291016;62.029998779296875;11875900;39.603878021240234
2011-03-07;62.0;62.130001068115234;61.470001220703125;61.709999084472656;11300700;39.39957046508789
2011-03-08;61.75;62.25;61.72999954223633;62.04999923706055;10944000;39.61663055419922
2011-03-09;62.09000015258789;62.29999923706055;61.75;62.0;8781500;39.584720611572266
2011-03-10;61.720001220703125;61.91999816894531;61.209999084472656;61.4900016784668;12106800;39.259098052978516
2011-03-11;61.20000076293945;61.70000076293945;61.119998931884766;61.4900016784668;9586700;39.259098052978516
2011-03-14;61.040000915527344;61.38999938964844;60.790000915527344;61.349998474121094;9135600;39.16971206665039
2011-03-15;60.619998931884766;60.86000061035156;60.310001373291016;60.65999984741211;13092400;38.72917556762695
2011-03-16;60.47999954223633;60.5099983215332;59.70000076293945;59.72999954223633;16378600;38.135406494140625
2011-03-17;60.70000076293945;60.70000076293945;60.0;60.43000030517578;10646900;38.582340240478516
2011-03-18;60.91999816894531;61.06999969482422;60.119998931884766;60.599998474121094;17016800;38.690879821777344
2011-03-21;60.959999084472656;61.52000045776367;60.79999923706055;61.29999923706055;9602500;39.13779830932617
2011-03-22;61.04999923706055;61.41999816894531;60.880001068115234;60.93000030517578;7772900;38.90156173706055
2011-03-23;60.84000015258789;61.09000015258789;60.540000915527344;60.90999984741211;7998200;38.8887939453125
2011-03-24;61.22999954223633;61.279998779296875;60.75;61.13999938964844;8197900;39.03564453125
2011-03-25;61.18000030517578;61.380001068115234;60.709999084472656;60.880001068115234;7757900;38.86963653564453
2011-03-28;61.08000183105469;61.34000015258789;60.61000061035156;60.65999984741211;8381500;38.72917556762695
2011-03-29;60.61000061035156;61.41999816894531;60.61000061035156;61.279998779296875;7684300;39.12501907348633
2011-03-30;61.459999084472656;61.970001220703125;61.380001068115234;61.970001220703125;7552100;39.56556701660156
2011-03-31;61.7599983215332;62.0;61.59000015258789;61.599998474121094;11569500;39.32933807373047
2011-04-01;61.880001068115234;62.29999923706055;61.7400016784668;62.08000183105469;8243700;39.635799407958984
2011-04-04;62.16999816894531;62.33000183105469;61.93000030517578;62.2599983215332;6438000;39.750694274902344
2011-04-05;62.02000045776367;62.2599983215332;61.599998474121094;61.66999816894531;9105800;39.3740234375
2011-04-06;61.880001068115234;61.939998626708984;61.540000915527344;61.7599983215332;8249600;39.43148422241211
2011-04-07;61.619998931884766;62.150001525878906;61.470001220703125;62.130001068115234;7692800;39.6677131652832
2011-04-08;62.20000076293945;62.22999954223633;61.630001068115234;61.900001525878906;7271400;39.5208740234375
2011-04-11;62.02000045776367;62.5;61.900001525878906;62.189998626708984;7649500;39.70603561401367
2011-04-12;62.029998779296875;62.9900016784668;62.0;62.88999938964844;11415700;40.152950286865234
2011-04-13;62.84000015258789;63.06999969482422;62.720001220703125;62.9900016784668;10414900;40.21678924560547
2011-04-14;62.7599983215332;63.4900016784668;62.7599983215332;63.29999923706055;10027100;40.41470718383789
2011-04-15;63.459999084472656;64.20999908447266;63.09000015258789;64.18000030517578;12378300;40.97657775878906
2011-04-18;63.66999816894531;64.1500015258789;63.560001373291016;64.0;11323800;40.861637115478516
2011-04-19;64.22000122070312;64.31999969482422;63.560001373291016;63.86000061035156;9284200;40.77227020263672
2011-04-20;64.26000213623047;64.33999633789062;63.560001373291016;63.720001220703125;8844700;40.68288803100586
2011-04-21;63.61000061035156;63.75;63.0;63.27000045776367;10600800;40.39558029174805
2011-04-25;63.08000183105469;63.38999938964844;62.599998474121094;63.369998931884766;7369600;40.45940399169922
2011-04-26;63.45000076293945;64.0;63.279998779296875;63.83000183105469;9500000;40.753116607666016
2011-04-27;63.63999938964844;64.16000366210938;63.560001373291016;64.0199966430664;9896600;41.21339797973633
2011-04-28;63.2400016784668;64.58999633789062;62.93000030517578;64.5;13366000;41.52239990234375
2011-04-29;64.58000183105469;65.0999984741211;64.41000366210938;64.9000015258789;13357700;41.7798957824707
2011-05-02;65.23999786376953;65.44999694824219;65.0;65.18000030517578;8909000;41.96015167236328
2011-05-03;65.26000213623047;65.79000091552734;65.16000366210938;65.70999908447266;9924100;42.30134963989258
2011-05-04;65.69999694824219;66.5;65.58000183105469;66.47000122070312;14236900;42.79059982299805
2011-05-05;66.08000183105469;66.38999938964844;65.62999725341797;65.87999725341797;10812500;42.410789489746094
2011-05-06;66.20999908447266;66.33999633789062;65.04000091552734;65.2699966430664;11125800;42.01810073852539
2011-05-09;64.93000030517578;65.38999938964844;64.86000061035156;65.13999938964844;8698800;41.93440246582031
2011-05-10;65.29000091552734;65.88999938964844;65.25;65.7300033569336;8076200;42.31422424316406
2011-05-11;65.79000091552734;66.12000274658203;65.6500015258789;65.91999816894531;9176300;42.43654251098633
2011-05-12;66.02999877929688;66.98999786376953;65.81999969482422;66.83999633789062;11100000;43.028785705566406
2011-05-13;66.66999816894531;67.30999755859375;66.55000305175781;66.86000061035156;12601200;43.04167556762695
2011-05-16;66.66000366210938;67.30000305175781;66.51000213623047;66.94000244140625;9880600;43.09316635131836
2011-05-17;66.63999938964844;67.72000122070312;66.63999938964844;67.41999816894531;12185600;43.40217590332031
2011-05-18;67.4000015258789;67.5;66.97000122070312;67.37999725341797;8870300;43.37641525268555
2011-05-19;67.29000091552734;67.45999908447266;66.9000015258789;67.45999908447266;7425400;43.42790985107422
2011-05-20;67.41999816894531;67.5999984741211;67.18000030517578;67.36000061035156;9361500;43.363529205322266
2011-05-23;66.87999725341797;67.2300033569336;66.70999908447266;67.05000305175781;9406300;43.16398239135742
2011-05-24;66.9800033569336;67.25;66.80000305175781;67.01000213623047;7105200;43.13823699951172
2011-05-25;66.5999984741211;66.83000183105469;65.9000015258789;66.37999725341797;11639200;42.73265075683594
2011-05-26;66.19000244140625;66.30000305175781;65.76000213623047;66.19000244140625;8946700;42.6103630065918
2011-05-27;66.04000091552734;66.72000122070312;66.01000213623047;66.19999694824219;7973400;42.616798400878906
2011-05-31;66.33000183105469;67.0;66.33000183105469;67.0;10603900;43.13178634643555
2011-06-01;66.95999908447266;66.98999786376953;66.33999633789062;66.4000015258789;9579500;42.74553298950195
2011-06-02;66.45999908447266;66.5;65.66000366210938;66.01000213623047;8540400;42.494476318359375
2011-06-03;65.55999755859375;65.81999969482422;65.25;65.43000030517578;8579100;42.121089935302734
2011-06-06;65.36000061035156;65.63999938964844;65.20999908447266;65.5;7668800;42.16615676879883
2011-06-07;65.45999908447266;65.54000091552734;65.01000213623047;65.05999755859375;8892500;41.88291549682617
2011-06-08;65.04000091552734;65.05000305175781;64.69000244140625;64.8499984741211;11292100;41.74770736694336
2011-06-09;65.02999877929688;65.44999694824219;64.86000061035156;65.01000213623047;10219500;41.8507080078125
2011-06-10;64.91999816894531;65.05000305175781;64.6500015258789;64.69999694824219;10509000;41.65114974975586
2011-06-13;64.6500015258789;65.18000030517578;64.51000213623047;64.7699966430664;8873100;41.69622039794922
2011-06-14;65.02999877929688;65.22000122070312;64.66000366210938;64.76000213623047;7240100;41.68976593017578
2011-06-15;64.51000213623047;64.5199966430664;63.33000183105469;63.7599983215332;11790300;41.0460090637207
2011-06-16;63.869998931884766;64.33000183105469;63.5;64.26000213623047;8894300;41.36790084838867
2011-06-17;64.6500015258789;65.12000274658203;64.52999877929688;64.69000244140625;10057200;41.64469909667969
2011-06-20;64.51000213623047;65.29000091552734;64.51000213623047;65.08999633789062;5911700;41.90220642089844
2011-06-21;65.23999786376953;65.23999786376953;64.16000366210938;64.22000122070312;11024200;41.3421630859375
2011-06-22;64.08000183105469;64.43000030517578;63.869998931884766;64.05999755859375;9107100;41.23915481567383
2011-06-23;63.72999954223633;63.72999954223633;62.79999923706055;63.459999084472656;11693900;40.852901458740234
2011-06-24;63.45000076293945;63.5;62.439998626708984;62.59000015258789;15278300;40.292816162109375
2011-06-27;62.7599983215332;63.25;62.630001068115234;62.81999969482422;6705500;40.44089126586914
2011-06-28;63.11000061035156;63.34000015258789;62.529998779296875;62.720001220703125;8551500;40.37649917602539
2011-06-29;62.869998931884766;62.900001525878906;62.36000061035156;62.54999923706055;11386200;40.267086029052734
2011-06-30;62.72999954223633;63.650001525878906;62.58000183105469;63.56999969482422;11807400;40.9237174987793
2011-07-01;63.470001220703125;64.44000244140625;63.34000015258789;64.2699966430664;9700500;41.37433624267578
2011-07-05;64.0999984741211;64.5;63.95000076293945;64.26000213623047;9224100;41.36790084838867
2011-07-06;64.52999877929688;64.94000244140625;64.33999633789062;64.69999694824219;9334700;41.65114974975586
2011-07-07;64.9800033569336;65.13999938964844;64.72000122070312;64.94999694824219;8973600;41.81208419799805
2011-07-08;65.04000091552734;65.11000061035156;64.52999877929688;64.93000030517578;9227800;41.79920959472656
2011-07-11;64.29000091552734;64.73999786376953;64.26000213623047;64.72000122070312;9206700;41.66401672363281
2011-07-12;64.4800033569336;65.05999755859375;64.38999938964844;64.52999877929688;11583700;41.541717529296875
2011-07-13;64.83999633789062;65.0199966430664;64.48999786376953;64.63999938964844;9154200;41.61252975463867
2011-07-14;64.55000305175781;64.80000305175781;64.36000061035156;64.5999984741211;13269400;41.58677291870117
2011-07-15;64.68000030517578;64.8499984741211;64.33000183105469;64.83000183105469;20588800;41.73483657836914
2011-07-18;64.69000244140625;64.79000091552734;64.27999877929688;64.55000305175781;13343700;41.554595947265625
2011-07-19;64.5999984741211;64.79000091552734;64.31999969482422;64.61000061035156;8393800;41.59322738647461
2011-07-20;64.26000213623047;64.44000244140625;64.04000091552734;64.19999694824219;13089600;41.667842864990234
2011-07-21;64.3499984741211;64.8499984741211;64.23999786376953;64.48999786376953;8564400;41.8560676574707
2011-07-22;64.45999908447266;64.73999786376953;64.13999938964844;64.25;6047200;41.70030212402344
2011-07-25;63.959999084472656;63.97999954223633;63.220001220703125;63.310001373291016;8801200;41.0902099609375
2011-07-26;63.470001220703125;63.70000076293945;63.08000183105469;63.09000015258789;8715200;40.94741439819336
2011-07-27;63.029998779296875;63.119998931884766;62.150001525878906;62.20000076293945;11165200;40.369781494140625
2011-07-28;62.15999984741211;62.43000030517578;61.849998474121094;61.91999816894531;7535600;40.188053131103516
2011-07-29;61.68000030517578;62.18000030517578;61.4900016784668;61.4900016784668;10380300;39.90897750854492
2011-08-01;62.15999984741211;62.310001373291016;61.0;61.43000030517578;10103800;39.870033264160156
2011-08-02;61.130001068115234;61.349998474121094;60.75;60.869998931884766;9609000;39.50656509399414
2011-08-03;60.7599983215332;60.9900016784668;60.4900016784668;60.72999954223633;13107900;39.41572189331055
2011-08-04;60.369998931884766;61.0;59.5;59.58000183105469;17790100;38.66931915283203
2011-08-05;61.060001373291016;61.400001525878906;59.31999969482422;60.59000015258789;23699300;39.3248405456543
2011-08-08;60.119998931884766;61.349998474121094;59.2400016784668;59.290000915527344;30994600;38.48109436035156
2011-08-09;60.52000045776367;60.900001525878906;57.560001373291016;60.220001220703125;31875700;39.08470153808594
2011-08-10;59.970001220703125;60.09000015258789;58.310001373291016;58.5099983215332;23417700;37.974849700927734
2011-08-11;58.720001220703125;61.09000015258789;58.61000061035156;60.45000076293945;18713900;39.23399353027344
2011-08-12;60.779998779296875;61.720001220703125;60.59000015258789;61.13999938964844;13520700;39.68180847167969
2011-08-15;61.869998931884766;61.959999084472656;61.060001373291016;61.880001068115234;12111500;40.16209411621094
2011-08-16;61.470001220703125;61.869998931884766;61.16999816894531;61.619998931884766;9420600;39.99335479736328
2011-08-17;61.779998779296875;62.119998931884766;61.25;61.66999816894531;7973100;40.025794982910156
2011-08-18;60.81999969482422;61.27000045776367;60.04999923706055;60.86000061035156;17846200;39.50008010864258
2011-08-19;60.5099983215332;61.5099983215332;60.22999954223633;60.959999084472656;16297700;39.56498336791992
2011-08-22;61.7400016784668;61.90999984741211;61.45000076293945;61.709999084472656;12676600;40.0517578125
2011-08-23;61.95000076293945;63.220001220703125;61.7599983215332;63.02000045776367;15222400;40.90199661254883
2011-08-24;62.720001220703125;63.380001068115234;62.380001068115234;63.310001373291016;8417200;41.0902099609375
2011-08-25;63.25;63.470001220703125;62.20000076293945;62.529998779296875;15063000;40.5839729309082
2011-08-26;62.2400016784668;62.650001525878906;61.16999816894531;62.56999969482422;10374200;40.60993957519531
2011-08-29;62.779998779296875;63.290000915527344;62.779998779296875;63.09000015258789;9147700;40.94741439819336
2011-08-30;63.09000015258789;63.88999938964844;62.88999938964844;63.5;9181100;41.213523864746094
2011-08-31;63.459999084472656;63.95000076293945;63.38999938964844;63.68000030517578;8972600;41.33036804199219
2011-09-01;63.619998931884766;64.25;63.189998626708984;63.2599983215332;8871400;41.05776596069336
2011-09-02;62.79999923706055;63.06999969482422;62.40999984741211;62.54999923706055;8817300;40.596954345703125
2011-09-06;61.18000030517578;62.54999923706055;61.099998474121094;62.380001068115234;11458200;40.48661422729492
2011-09-07;62.75;63.04999923706055;62.619998931884766;62.720001220703125;8874900;40.707275390625
2011-09-08;62.59000015258789;63.83000183105469;62.38999938964844;62.90999984741211;11124300;40.83059310913086
2011-09-09;62.40999984741211;62.5099983215332;61.56999969482422;61.84000015258789;12286400;40.136131286621094
2011-09-12;61.25;61.91999816894531;61.0;61.83000183105469;9865500;40.12964630126953
2011-09-13;61.77000045776367;62.099998474121094;61.16999816894531;61.939998626708984;8329200;40.20103454589844
2011-09-14;62.119998931884766;62.95000076293945;61.529998779296875;62.34000015258789;11547700;40.46065139770508
2011-09-15;62.45000076293945;62.779998779296875;62.099998474121094;62.779998779296875;9161300;40.74622344970703
2011-09-16;63.220001220703125;64.69999694824219;63.0099983215332;64.33000183105469;24690100;41.75222396850586
2011-09-19;63.63999938964844;64.0999984741211;63.52000045776367;63.810001373291016;11022700;41.41472625732422
2011-09-20;63.849998474121094;64.68000030517578;63.47999954223633;64.08000183105469;8215800;41.58997344970703
2011-09-21;64.37000274658203;64.45999908447266;62.959999084472656;63.02000045776367;9649100;40.90199661254883
2011-09-22;61.58000183105469;61.90999984741211;60.29999923706055;61.16999816894531;17381200;39.7012825012207
2011-09-23;60.939998626708984;61.27000045776367;60.400001525878906;61.25;9122500;39.75320053100586
2011-09-26;61.66999816894531;62.790000915527344;61.630001068115234;62.540000915527344;13364100;40.590450286865234
2011-09-27;63.08000183105469;63.97999954223633;62.7599983215332;63.2599983215332;10732400;41.05776596069336
2011-09-28;63.36000061035156;63.880001068115234;62.56999969482422;62.72999954223633;9031800;40.713775634765625
2011-09-29;63.540000915527344;64.05000305175781;62.9900016784668;63.70000076293945;9798600;41.34333801269531
2011-09-30;63.400001525878906;64.4000015258789;63.16999816894531;63.18000030517578;11358100;41.00583267211914
2011-10-03;63.689998626708984;64.22000122070312;62.75;62.84000015258789;12323800;40.7851676940918
2011-10-04;62.29999923706055;63.4900016784668;61.779998779296875;63.369998931884766;12800000;41.12915802001953
2011-10-05;63.25;63.63999938964844;62.790000915527344;63.34000015258789;12023100;41.109676361083984
2011-10-06;63.060001373291016;63.65999984741211;62.630001068115234;63.61000061035156;8691600;41.284915924072266
2011-10-07;63.970001220703125;64.4000015258789;63.650001525878906;63.90999984741211;8902000;41.479637145996094
2011-10-10;64.37000274658203;64.81999969482422;64.12999725341797;64.80000305175781;6663600;42.05726623535156
2011-10-11;64.23999786376953;64.83999633789062;64.23999786376953;64.56999969482422;5705600;41.907997131347656
2011-10-12;64.72000122070312;65.33999633789062;64.54000091552734;64.88999938964844;10206200;42.115684509277344
2011-10-13;64.51000213623047;64.80000305175781;63.970001220703125;64.6500015258789;7305200;41.95991897583008
2011-10-14;65.0;65.16999816894531;64.37000274658203;64.88999938964844;7485100;42.115684509277344
2011-10-17;64.83999633789062;65.44999694824219;64.05999755859375;64.26000213623047;7165000;41.70680618286133
2011-10-18;64.16000366210938;65.58999633789062;64.0999984741211;64.91999816894531;11796600;42.1351432800293
2011-10-19;64.33000183105469;65.31999969482422;64.27999877929688;64.75;9099100;42.367431640625
2011-10-20;64.9000015258789;65.27999877929688;64.47000122070312;65.08999633789062;7728400;42.589900970458984
2011-10-21;65.61000061035156;66.30000305175781;65.47000122070312;66.26000213623047;13026800;43.35546875
2011-10-24;65.75;65.88999938964844;65.01000213623047;65.37000274658203;9819000;42.77312088012695
2011-10-25;65.08999633789062;65.37000274658203;64.37000274658203;64.51000213623047;8919200;42.21039962768555
2011-10-26;64.9000015258789;65.01000213623047;64.18000030517578;64.94999694824219;9401200;42.498291015625
2011-10-27;65.37000274658203;65.66999816894531;64.30999755859375;65.26000213623047;16764300;42.70113754272461
2011-10-28;64.83000183105469;65.02999877929688;64.31999969482422;64.7300033569336;10656200;42.354347229003906
2011-10-31;64.55000305175781;64.83000183105469;63.939998626708984;63.9900016784668;9438800;41.87014389038086
2011-11-01;63.369998931884766;63.599998474121094;62.5099983215332;62.709999084472656;13462600;41.032623291015625
2011-11-02;63.400001525878906;63.54999923706055;62.400001525878906;62.86000061035156;8783200;41.13077163696289
2011-11-03;63.310001373291016;63.52000045776367;62.88999938964844;63.209999084472656;8532600;41.35978317260742
2011-11-04;62.88999938964844;63.189998626708984;62.369998931884766;63.029998779296875;7758200;41.242008209228516
2011-11-07;63.029998779296875;63.56999969482422;62.689998626708984;63.459999084472656;6559500;41.523353576660156
2011-11-08;63.47999954223633;64.33999633789062;63.47999954223633;64.20999908447266;7422000;42.01411056518555
2011-11-09;63.79999923706055;63.83000183105469;62.560001373291016;62.720001220703125;9701300;41.039154052734375
2011-11-10;63.5099983215332;63.650001525878906;62.79999923706055;63.2400016784668;6143700;41.379398345947266
2011-11-11;63.75;64.13999938964844;63.58000183105469;63.88999938964844;5731100;41.804725646972656
2011-11-14;63.439998626708984;63.540000915527344;62.93000030517578;63.04999923706055;6832800;41.25508499145508
2011-11-15;63.380001068115234;63.900001525878906;63.099998474121094;63.560001373291016;7673800;41.58879089355469
2011-11-16;63.11000061035156;63.88999938964844;63.02000045776367;63.279998779296875;9228000;41.405582427978516
2011-11-17;63.150001525878906;63.650001525878906;62.540000915527344;62.939998626708984;8525500;41.18310546875
2011-11-18;63.11000061035156;63.5;63.060001373291016;63.2400016784668;7624000;41.379398345947266
2011-11-21;62.540000915527344;62.970001220703125;61.45000076293945;61.65999984741211;13254400;40.345577239990234
2011-11-22;61.52000045776367;62.25;61.4900016784668;61.689998626708984;8321500;40.36520004272461
2011-11-23;61.310001373291016;61.5099983215332;61.0;61.060001373291016;7488200;39.952980041503906
2011-11-25;61.20000076293945;61.790000915527344;61.0;61.0;4734800;39.913726806640625
2011-11-28;61.650001525878906;62.459999084472656;61.56999969482422;62.2400016784668;7673200;40.725093841552734
2011-11-29;62.47999954223633;62.95000076293945;62.36000061035156;62.529998779296875;6442700;40.91483688354492
2011-11-30;63.22999954223633;64.58999633789062;63.189998626708984;64.56999969482422;15034500;42.249656677246094
2011-12-01;64.58000183105469;64.79000091552734;63.869998931884766;64.08000183105469;9387600;41.929046630859375
2011-12-02;64.68000030517578;64.86000061035156;64.2699966430664;64.66000366210938;9952600;42.30855178833008
2011-12-05;64.88999938964844;64.94000244140625;64.44999694824219;64.83999633789062;9820200;42.426334381103516
2011-12-06;64.6500015258789;65.0;64.48999786376953;64.83999633789062;8315400;42.426334381103516
2011-12-07;64.79000091552734;65.5;64.6500015258789;65.2300033569336;11144700;42.68151092529297
2011-12-08;64.87000274658203;65.0;64.30000305175781;64.47000122070312;8352600;42.18423080444336
2011-12-09;64.66000366210938;65.16999816894531;64.5999984741211;64.97000122070312;7647800;42.51139450073242
2011-12-12;64.58000183105469;64.91999816894531;63.939998626708984;64.30999755859375;8793500;42.079532623291016
2011-12-13;64.54000091552734;65.33000183105469;64.4000015258789;64.7300033569336;11126100;42.354347229003906
2011-12-14;64.47000122070312;64.94999694824219;64.31999969482422;64.44999694824219;10326700;42.17112731933594
2011-12-15;64.83000183105469;65.20999908447266;64.6500015258789;64.98999786376953;9654800;42.524471282958984
2011-12-16;65.43000030517578;65.62999725341797;64.81999969482422;65.13999938964844;18291900;42.62261199951172
2011-12-19;65.3499984741211;65.58999633789062;64.73999786376953;64.94999694824219;8172300;42.498291015625
2011-12-20;65.23999786376953;65.91000366210938;65.20999908447266;65.79000091552734;9797100;43.04795455932617
2011-12-21;65.5;66.0;65.5;66.0;9479000;43.18534851074219
2011-12-22;65.83999633789062;66.23999786376953;65.79000091552734;66.19000244140625;7666300;43.309661865234375
2011-12-23;66.20999908447266;66.69000244140625;66.01000213623047;66.66999816894531;5209800;43.62375259399414
2011-12-27;66.12999725341797;66.94999694824219;66.06999969482422;66.79000091552734;5604700;43.70225143432617
2011-12-28;66.91000366210938;66.94999694824219;66.44999694824219;66.54000091552734;4152000;43.538665771484375
2011-12-29;66.7300033569336;66.9800033569336;66.6500015258789;66.97000122070312;4425900;43.82003402709961
2011-12-30;66.87999725341797;66.95999908447266;66.58999633789062;66.70999908447266;4062300;43.649906158447266
2012-01-03;66.30000305175781;67.0;66.2699966430664;66.83000183105469;11565900;43.72842788696289
2012-01-04;66.62999725341797;66.87999725341797;66.33999633789062;66.80000305175781;10595400;43.70879364013672
2012-01-05;66.44000244140625;66.6500015258789;66.25;66.5199966430664;10085300;43.52558517456055
2012-01-06;66.51000213623047;66.62999725341797;65.93000030517578;66.36000061035156;8421200;43.420902252197266
2012-01-09;66.25;66.75;66.22000122070312;66.63999938964844;7836100;43.60410690307617
2012-01-10;66.8499984741211;66.87000274658203;66.06999969482422;66.33000183105469;10318900;43.40128707885742
2012-01-11;66.0999984741211;66.30999755859375;65.47000122070312;65.68000030517578;14676800;42.97595977783203
2012-01-12;66.0;66.0;65.55999755859375;65.80999755859375;29758100;43.06101989746094
2012-01-13;65.55999755859375;65.83000183105469;65.37000274658203;65.80999755859375;33539100;43.06101989746094
2012-01-17;65.95999908447266;66.51000213623047;65.94999694824219;66.26000213623047;35728800;43.35546875
2012-01-18;65.9000015258789;66.12999725341797;65.81999969482422;66.02999877929688;10386800;43.55003356933594
2012-01-19;65.95999908447266;66.25;65.41999816894531;66.08000183105469;9346600;43.58301544189453
2012-01-20;65.62999725341797;66.25;65.44999694824219;66.2300033569336;12190100;43.68193817138672
2012-01-23;65.91000366210938;65.94000244140625;64.77999877929688;65.0;14828100;42.87070846557617
2012-01-24;64.63999938964844;64.75;64.04000091552734;64.5;9742400;42.54092025756836
2012-01-25;64.37999725341797;65.1500015258789;64.18000030517578;64.9800033569336;10913100;42.857505798339844
2012-01-26;65.0999984741211;65.37999725341797;64.7300033569336;64.80000305175781;11932100;42.7387809753418
2012-01-27;64.30999755859375;64.97000122070312;63.65999984741211;64.30000305175781;10979900;42.40901184082031
2012-01-30;63.79999923706055;63.79999923706055;63.029998779296875;63.209999084472656;12492000;41.69010925292969
2012-01-31;63.41999816894531;63.54999923706055;62.70000076293945;63.040000915527344;11358600;41.577972412109375
2012-02-01;63.41999816894531;63.70000076293945;63.189998626708984;63.209999084472656;12900500;41.69010925292969
2012-02-02;63.349998474121094;63.630001068115234;63.25;63.31999969482422;12613100;41.76264190673828
2012-02-03;63.36000061035156;63.86000061035156;62.560001373291016;62.77000045776367;17440500;41.39989471435547
2012-02-06;62.86000061035156;63.61000061035156;62.779998779296875;63.5099983215332;9851200;41.88798522949219
2012-02-07;63.560001373291016;63.90999984741211;63.369998931884766;63.70000076293945;8901600;42.013275146484375
2012-02-08;63.720001220703125;63.779998779296875;63.439998626708984;63.63999938964844;8174800;41.97371292114258
2012-02-09;63.84000015258789;64.0999984741211;63.529998779296875;64.04000091552734;9152000;42.23754119873047
2012-02-10;63.599998474121094;63.97999954223633;63.54999923706055;63.880001068115234;8295500;42.132022857666016
2012-02-13;64.1500015258789;64.37999725341797;64.05999755859375;64.2300033569336;6899400;42.36282730102539
2012-02-14;64.0999984741211;64.4800033569336;64.08999633789062;64.4800033569336;6997700;42.527732849121094
2012-02-15;64.81999969482422;64.94000244140625;64.37999725341797;64.55000305175781;11651700;42.57390213012695
2012-02-16;64.77999877929688;65.4000015258789;64.6500015258789;65.19999694824219;10823300;43.00261306762695
2012-02-17;65.48999786376953;65.54000091552734;64.9000015258789;64.91000366210938;10281600;42.81135559082031
2012-02-21;64.98999786376953;65.06999969482422;64.3499984741211;64.41999816894531;10037700;42.4881591796875
2012-02-22;64.23999786376953;64.70999908447266;64.16999816894531;64.44000244140625;7029500;42.50135040283203
2012-02-23;64.3499984741211;66.56999969482422;64.25;66.41999816894531;20163300;43.80725860595703
2012-02-24;66.73999786376953;66.94999694824219;66.5199966430664;66.70999908447266;17777100;43.99851608276367
2012-02-27;66.56999969482422;67.04000091552734;66.12999725341797;66.69999694824219;17903200;43.99193572998047
2012-02-28;66.58999633789062;67.48999786376953;66.54000091552734;67.38999938964844;13468100;44.447017669677734
2012-02-29;67.41000366210938;67.7699966430664;67.30999755859375;67.62000274658203;14742500;44.59870147705078
2012-03-01;67.44000244140625;67.69000244140625;66.45999908447266;66.66000366210938;11967000;43.96554946899414
2012-03-02;66.72000122070312;66.87999725341797;66.4000015258789;66.66999816894531;7022200;43.972145080566406
2012-03-05;66.61000061035156;66.97000122070312;66.45999908447266;66.94999694824219;6933400;44.15681838989258
2012-03-06;66.5;67.08999633789062;66.19999694824219;66.83999633789062;9827000;44.08427429199219
2012-03-07;66.81999969482422;67.06999969482422;66.41999816894531;66.58000183105469;7470800;43.912784576416016
2012-03-08;66.94999694824219;67.05999755859375;66.7699966430664;66.9000015258789;5811500;44.123844146728516
2012-03-09;67.05999755859375;67.05999755859375;66.5999984741211;66.93000030517578;5710200;44.14363098144531
2012-03-12;66.7699966430664;67.77999877929688;66.7300033569336;67.70999908447266;8825500;44.6580696105957
2012-03-13;67.8499984741211;67.9000015258789;67.56999969482422;67.9000015258789;9056700;44.783390045166016
2012-03-14;67.7300033569336;67.94999694824219;67.69000244140625;67.8499984741211;8056200;44.750404357910156
2012-03-15;67.69000244140625;67.79000091552734;67.5;67.68000030517578;8611500;44.638301849365234
2012-03-16;67.83000183105469;67.8499984741211;67.12999725341797;67.25;15713500;44.354671478271484
2012-03-19;67.02999877929688;67.4800033569336;66.95999908447266;67.20999908447266;7038900;44.32828903198242
2012-03-20;66.95999908447266;67.44999694824219;66.9000015258789;67.20999908447266;6139000;44.32828903198242
2012-03-21;67.20999908447266;67.36000061035156;66.86000061035156;67.19999694824219;6120400;44.321712493896484
2012-03-22;67.0;67.76000213623047;66.94999694824219;67.5199966430664;7321000;44.53276062011719
2012-03-23;67.51000213623047;67.54000091552734;67.2699966430664;67.43000030517578;6006400;44.473392486572266
2012-03-26;67.54000091552734;67.83000183105469;67.25;67.45999908447266;7818800;44.49318313598633
2012-03-27;67.51000213623047;67.7300033569336;66.95999908447266;67.1500015258789;7936900;44.28874588012695
2012-03-28;67.12000274658203;67.30999755859375;66.94999694824219;67.19000244140625;7534600;44.31512451171875
2012-03-29;66.9800033569336;67.1500015258789;66.76000213623047;67.01000213623047;6917400;44.19639205932617
2012-03-30;67.1500015258789;67.4800033569336;67.01000213623047;67.20999908447266;8670300;44.32828903198242
2012-04-02;67.43000030517578;67.91999816894531;67.4000015258789;67.55999755859375;8595200;44.559146881103516
2012-04-03;67.43000030517578;67.5999984741211;66.94000244140625;67.08999633789062;6954100;44.249141693115234
2012-04-04;66.70999908447266;67.55999755859375;66.70999908447266;67.26000213623047;8372200;44.36129379272461
2012-04-05;66.91999816894531;67.4800033569336;66.83000183105469;67.30999755859375;7696300;44.394248962402344
2012-04-09;66.72000122070312;67.12999725341797;66.70999908447266;66.80999755859375;6890400;44.064476013183594
2012-04-10;66.73999786376953;66.9000015258789;66.29000091552734;66.3499984741211;9436700;43.76110076904297
2012-04-11;66.73999786376953;66.91999816894531;66.31999969482422;66.44000244140625;7593800;43.8204345703125
2012-04-12;66.16999816894531;66.37000274658203;65.94999694824219;66.08999633789062;27847200;43.5896110534668
2012-04-13;66.04000091552734;66.5;65.80000305175781;65.80999755859375;29792000;43.404930114746094
2012-04-16;66.01000213623047;67.0999984741211;65.87999725341797;66.77999877929688;32810100;44.044681549072266
2012-04-17;66.91000366210938;67.19999694824219;66.83000183105469;67.0199966430664;8894700;44.20298767089844
2012-04-18;66.93000030517578;67.19999694824219;66.7300033569336;66.75;6081800;44.024898529052734
2012-04-19;66.87999725341797;66.91000366210938;66.2300033569336;66.56999969482422;7721200;43.90618133544922
2012-04-20;66.70999908447266;67.61000061035156;66.58999633789062;67.51000213623047;11092600;44.52616882324219
2012-04-23;66.91000366210938;67.0;66.37999725341797;66.6500015258789;8420500;43.95896530151367
2012-04-24;66.83000183105469;67.0;66.55999755859375;67.0;6962300;44.18979263305664
2012-04-25;66.66999816894531;66.98999786376953;66.5;66.88999938964844;6994200;44.49043655395508
2012-04-26;66.63999938964844;67.13999938964844;66.62999725341797;66.87000274658203;8415000;44.47713851928711
2012-04-27;65.0999984741211;65.26000213623047;63.95000076293945;64.44000244140625;30719500;42.860870361328125
2012-04-30;63.58000183105469;64.16000366210938;63.290000915527344;63.63999938964844;19195000;42.328765869140625
2012-05-01;63.34000015258789;63.7400016784668;63.290000915527344;63.56999969482422;11899600;42.28219223022461
2012-05-02;63.65999984741211;64.11000061035156;63.400001525878906;63.97999954223633;9689200;42.55491638183594
2012-05-03;64.29000091552734;64.76000213623047;64.16000366210938;64.51000213623047;12079900;42.90742492675781
2012-05-04;64.52999877929688;64.75;64.23999786376953;64.27999877929688;12006500;42.75445556640625
2012-05-07;63.459999084472656;64.5;63.36000061035156;64.25;11124300;42.73447036743164
2012-05-08;64.12999725341797;64.44000244140625;64.11000061035156;64.16000366210938;11481800;42.67463302612305
2012-05-09;63.93000030517578;64.29000091552734;63.56999969482422;63.66999816894531;13842600;42.34872055053711
2012-05-10;64.0;64.33999633789062;63.83000183105469;64.13999938964844;8109500;42.66133499145508
2012-05-11;64.05999755859375;64.1500015258789;63.619998931884766;63.68000030517578;11318000;42.355369567871094
2012-05-14;63.5;63.7599983215332;63.29999923706055;63.58000183105469;9902700;42.288856506347656
2012-05-15;63.720001220703125;64.22000122070312;63.5;63.720001220703125;12824700;42.38197708129883
2012-05-16;64.33999633789062;64.80999755859375;64.0;64.29000091552734;12375000;42.76109313964844
2012-05-17;64.12000274658203;64.4000015258789;63.90999984741211;63.959999084472656;10261800;42.54159927368164
2012-05-18;64.19000244140625;64.25;63.400001525878906;63.52000045776367;11583100;42.24895095825195
2012-05-21;63.65999984741211;63.79999923706055;62.95000076293945;63.38999938964844;9553100;42.1624755859375
2012-05-22;63.43000030517578;63.54999923706055;62.97999954223633;63.150001525878906;7535500;42.002864837646484
2012-05-23;63.0;63.04999923706055;62.040000915527344;62.38999938964844;13765400;41.49736022949219
2012-05-24;62.4900016784668;62.97999954223633;62.22999954223633;62.56999969482422;9178100;41.6170768737793
2012-05-25;62.58000183105469;63.20000076293945;62.400001525878906;62.4900016784668;7377700;41.56386947631836
2012-05-29;62.63999938964844;63.029998779296875;62.619998931884766;62.95000076293945;7401000;41.869834899902344
2012-05-30;62.63999938964844;62.88999938964844;62.2400016784668;62.31999969482422;7493400;41.45078659057617
2012-05-31;62.599998474121094;62.619998931884766;61.97999954223633;62.290000915527344;9268400;41.43083572387695
2012-06-01;61.7599983215332;61.939998626708984;61.20000076293945;61.54999923706055;12728000;40.93864440917969
2012-06-04;61.689998626708984;61.70000076293945;61.099998474121094;61.400001525878906;7768200;40.838871002197266
2012-06-05;61.209999084472656;61.33000183105469;61.02000045776367;61.16999816894531;7855500;40.685890197753906
2012-06-06;61.27000045776367;61.88999938964844;61.15999984741211;61.79999923706055;9622000;41.104923248291016
2012-06-07;62.08000183105469;62.84000015258789;61.720001220703125;62.7599983215332;13904700;41.74345397949219
2012-06-08;63.040000915527344;63.189998626708984;62.56999969482422;62.75;7697800;41.73680114746094
2012-06-11;62.9900016784668;63.060001373291016;62.5;62.540000915527344;6345500;41.59711837768555
2012-06-12;62.5;62.77000045776367;62.209999084472656;62.7599983215332;7814500;41.74345397949219
2012-06-13;62.61000061035156;62.77000045776367;62.27000045776367;62.56999969482422;6838500;41.6170768737793
2012-06-14;62.7599983215332;63.43000030517578;62.70000076293945;63.18000030517578;8389100;42.0228157043457
2012-06-15;63.529998779296875;63.66999816894531;62.52000045776367;62.880001068115234;14126800;41.823272705078125
2012-06-18;62.560001373291016;62.75;61.790000915527344;62.290000915527344;10289300;41.43083572387695
2012-06-19;62.40999984741211;62.75;62.099998474121094;62.209999084472656;12844900;41.37762451171875
2012-06-20;60.88999938964844;60.88999938964844;59.7400016784668;60.38999938964844;39133900;40.1671028137207
2012-06-21;60.36000061035156;60.47999954223633;59.75;59.75;18876100;39.741424560546875
2012-06-22;59.77000045776367;60.29999923706055;59.7599983215332;59.83000183105469;14395600;39.79462432861328
2012-06-25;59.540000915527344;59.93000030517578;59.25;59.310001373291016;11745100;39.44876480102539
2012-06-26;59.45000076293945;59.58000183105469;59.06999969482422;59.27000045776367;8794100;39.422157287597656
2012-06-27;59.2400016784668;60.0;59.150001525878906;59.97999954223633;11454100;39.894386291503906
2012-06-28;59.70000076293945;60.290000915527344;59.33000183105469;60.290000915527344;9207600;40.100589752197266
2012-06-29;60.650001525878906;61.27000045776367;60.540000915527344;61.25;13301800;40.73910903930664
2012-07-02;61.040000915527344;61.2599983215332;60.779998779296875;61.189998626708984;8914300;40.6992073059082
2012-07-03;61.130001068115234;61.400001525878906;60.81999969482422;61.36000061035156;4817400;40.81228256225586
2012-07-05;61.439998626708984;61.599998474121094;61.189998626708984;61.349998474121094;35413700;40.80561828613281
2012-07-06;61.220001220703125;61.38999938964844;60.86000061035156;61.279998779296875;36773400;40.75904846191406
2012-07-09;61.119998931884766;61.79999923706055;61.119998931884766;61.54999923706055;33492400;40.93864440917969
2012-07-10;61.709999084472656;61.900001525878906;61.4900016784668;61.72999954223633;8651900;41.058372497558594
2012-07-11;61.77000045776367;61.77000045776367;60.97999954223633;61.400001525878906;9975600;40.838871002197266
2012-07-12;62.84000015258789;64.2699966430664;62.70000076293945;63.70000076293945;37140900;42.36867141723633
2012-07-13;63.93000030517578;65.75;63.77000045776367;65.08999633789062;29170000;43.293182373046875
2012-07-16;64.62000274658203;65.0;64.23999786376953;64.80999755859375;10675900;43.106971740722656
2012-07-17;64.63999938964844;65.4000015258789;64.54000091552734;65.3499984741211;12565600;43.466129302978516
2012-07-18;64.83000183105469;65.13999938964844;64.3499984741211;64.81999969482422;13387400;43.487613677978516
2012-07-19;64.94999694824219;65.06999969482422;64.52999877929688;64.91999816894531;8077600;43.55470657348633
2012-07-20;64.5199966430664;64.91999816894531;64.4000015258789;64.7300033569336;10121500;43.42723846435547
2012-07-23;64.4000015258789;64.72000122070312;64.2300033569336;64.38999938964844;10711100;43.1991081237793
2012-07-24;64.4800033569336;64.56999969482422;63.720001220703125;64.0199966430664;8271700;42.95089340209961
2012-07-25;64.12000274658203;64.30999755859375;63.88999938964844;64.0199966430664;9424700;42.95089340209961
2012-07-26;64.58999633789062;65.0999984741211;64.44000244140625;64.55999755859375;10472200;43.313175201416016
2012-07-27;64.68000030517578;65.2699966430664;64.55999755859375;65.08999633789062;11141800;43.668739318847656
2012-07-30;64.88999938964844;65.29000091552734;64.5;65.0999984741211;8388600;43.67544937133789
2012-07-31;64.79000091552734;64.98999786376953;64.5;64.54000091552734;9327200;43.29976272583008
2012-08-01;64.87000274658203;64.97000122070312;63.900001525878906;64.01000213623047;7782900;42.94417190551758
2012-08-02;63.65999984741211;63.97999954223633;63.2400016784668;63.5099983215332;9462400;42.60872268676758
2012-08-03;64.70999908447266;65.9000015258789;64.69999694824219;65.5;15279100;43.943817138671875
2012-08-06;65.2300033569336;66.23999786376953;65.19999694824219;65.80999755859375;10034400;44.151798248291016
2012-08-07;65.91999816894531;66.44999694824219;65.91000366210938;66.22000122070312;10463300;44.426849365234375
2012-08-08;66.01000213623047;66.80000305175781;65.95999908447266;66.72000122070312;9673200;44.7623176574707
2012-08-09;66.58999633789062;66.93000030517578;66.4000015258789;66.7300033569336;9677800;44.769020080566406
2012-08-10;66.68000030517578;66.7699966430664;66.20999908447266;66.7699966430664;7293600;44.79585647583008
2012-08-13;66.55999755859375;66.75;66.3499984741211;66.4800033569336;6633900;44.601295471191406
2012-08-14;66.52999877929688;66.98999786376953;66.19000244140625;66.7300033569336;8887400;44.769020080566406
2012-08-15;66.86000061035156;66.91999816894531;66.55999755859375;66.63999938964844;9873600;44.708641052246094
2012-08-16;66.58000183105469;67.0;66.44999694824219;67.0;10165100;44.950157165527344
2012-08-17;66.87000274658203;67.30000305175781;66.62999725341797;67.0;9394300;44.950157165527344
2012-08-20;66.93000030517578;67.05000305175781;66.55000305175781;66.75;8938700;44.782432556152344
2012-08-21;66.76000213623047;67.13999938964844;66.68000030517578;66.7699966430664;9145400;44.79585647583008
2012-08-22;66.56999969482422;66.86000061035156;66.51000213623047;66.8499984741211;7749600;44.849517822265625
2012-08-23;66.80000305175781;66.83000183105469;66.58999633789062;66.68000030517578;8006500;44.735469818115234
2012-08-24;66.5999984741211;67.18000030517578;66.33000183105469;67.0199966430664;8580200;44.96357345581055
2012-08-27;66.93000030517578;67.37000274658203;66.86000061035156;67.11000061035156;6419600;45.023956298828125
2012-08-28;66.87000274658203;67.22000122070312;66.8499984741211;66.98999786376953;7605400;44.94344711303711
2012-08-29;66.97000122070312;67.18000030517578;66.80000305175781;66.87000274658203;6752200;44.86294174194336
2012-08-30;66.63999938964844;66.94000244140625;66.62000274658203;66.87999725341797;7285600;44.869659423828125
2012-08-31;67.13999938964844;67.44999694824219;66.88999938964844;67.19000244140625;10088600;45.07762908935547
2012-09-04;67.22000122070312;67.47000122070312;67.01000213623047;67.4000015258789;7628600;45.218528747558594
2012-09-05;67.20999908447266;67.54000091552734;67.20999908447266;67.29000091552734;7741100;45.14471435546875
2012-09-06;67.68000030517578;68.25;67.5999984741211;68.23999786376953;13200500;45.78207015991211
2012-09-07;68.16000366210938;68.5999984741211;67.9800033569336;68.5199966430664;12656300;45.96992111206055
2012-09-10;68.41000366210938;68.58000183105469;68.12000274658203;68.51000213623047;8920600;45.963226318359375
2012-09-11;68.43000030517578;68.6500015258789;68.08000183105469;68.26000213623047;8840900;45.79549789428711
2012-09-12;68.3499984741211;68.58999633789062;68.05000305175781;68.0999984741211;6896000;45.68815231323242
2012-09-13;67.88999938964844;68.9800033569336;67.88999938964844;68.91000366210938;10495400;46.231571197509766
2012-09-14;68.80999755859375;69.22000122070312;68.7699966430664;69.16000366210938;12269800;46.3993034362793
2012-09-17;68.87999725341797;69.25;68.86000061035156;69.25;11274600;46.45969009399414
2012-09-18;69.19000244140625;69.69000244140625;69.11000061035156;69.22000122070312;12833500;46.43955993652344
2012-09-19;69.0999984741211;69.58000183105469;69.0199966430664;69.26000213623047;8682900;46.46638870239258
2012-09-20;69.11000061035156;69.63999938964844;69.11000061035156;69.55999755859375;8652700;46.66764831542969
2012-09-21;69.69999694824219;69.83000183105469;69.37999725341797;69.41999816894531;20290300;46.573734283447266
2012-09-24;69.33999633789062;69.8499984741211;69.23999786376953;69.76000213623047;8361000;46.80183029174805
2012-09-25;69.69999694824219;69.97000122070312;69.54000091552734;69.58999633789062;10026700;46.687774658203125
2012-09-26;69.48999786376953;69.8499984741211;69.30000305175781;69.30000305175781;7698400;46.493221282958984
2012-09-27;69.41000366210938;69.55999755859375;69.05999755859375;69.30000305175781;6773100;46.493221282958984
2012-09-28;69.25;69.41999816894531;68.63999938964844;69.36000061035156;8955100;46.533470153808594
2012-10-01;69.33000183105469;69.7699966430664;69.0999984741211;69.44999694824219;8588600;46.5938606262207
2012-10-02;69.52999877929688;69.72000122070312;68.5199966430664;68.79000091552734;11241400;46.151058197021484
2012-10-03;69.0199966430664;69.54000091552734;68.7300033569336;69.16999816894531;8869500;46.406009674072266
2012-10-04;69.36000061035156;69.77999877929688;69.30999755859375;69.37999725341797;7792700;46.54689407348633
2012-10-05;69.77999877929688;69.8499984741211;69.41000366210938;69.62999725341797;6907800;46.714622497558594
2012-10-08;69.4800033569336;69.4800033569336;68.88999938964844;69.0999984741211;6577000;46.359046936035156
2012-10-09;68.91999816894531;69.27999877929688;68.5199966430664;68.69999694824219;8200100;46.09069061279297
2012-10-10;68.79000091552734;68.94000244140625;67.94999694824219;68.13999938964844;8937500;45.71498489379883
2012-10-11;68.33000183105469;68.38999938964844;67.81999969482422;68.0;6600700;45.62104797363281
2012-10-12;68.2300033569336;68.45999908447266;67.87000274658203;67.94000244140625;6537400;45.580814361572266
2012-10-15;68.2699966430664;68.88999938964844;67.97000122070312;68.70999908447266;8359300;46.097381591796875
2012-10-16;68.95999908447266;69.26000213623047;68.79000091552734;69.0;7702700;46.291954040527344
2012-10-17;68.55000305175781;69.63999938964844;68.51000213623047;69.47000122070312;11061000;46.990013122558594
2012-10-18;69.44999694824219;69.5;69.04000091552734;69.47000122070312;7358100;46.990013122558594
2012-10-19;69.36000061035156;69.48999786376953;68.44999694824219;68.56999969482422;10125600;46.3812370300293
2012-10-22;68.3499984741211;68.55000305175781;67.87000274658203;68.5;7516800;46.333892822265625
2012-10-23;67.9800033569336;68.12999725341797;67.26000213623047;67.44000244140625;8030800;45.616905212402344
2012-10-24;67.37000274658203;68.37000274658203;67.37000274658203;68.08000183105469;10209600;46.049800872802734
2012-10-25;69.75;70.83000183105469;69.58000183105469;70.06999969482422;24479700;47.39585876464844
2012-10-26;69.73999786376953;70.36000061035156;69.38999938964844;69.44000244140625;11945200;46.9697265625
2012-10-31;69.51000213623047;69.94999694824219;69.01000213623047;69.23999786376953;9095400;46.83442687988281
2012-11-01;69.16000366210938;69.51000213623047;69.13999938964844;69.25;7703800;46.841209411621094
2012-11-02;69.73999786376953;69.7699966430664;69.05999755859375;69.19000244140625;6963100;46.800621032714844
2012-11-05;69.22000122070312;69.22000122070312;68.3499984741211;68.66999816894531;6525700;46.44889450073242
2012-11-06;68.5999984741211;69.0;68.36000061035156;68.93000030517578;6639800;46.6247444152832
2012-11-07;68.81999969482422;68.87000274658203;67.79000091552734;68.05999755859375;8849600;46.03627014160156
2012-11-08;67.9800033569336;68.08999633789062;66.9000015258789;66.91000366210938;7917700;45.2584228515625
2012-11-09;66.83000183105469;67.45999908447266;66.76000213623047;67.01000213623047;8147700;45.3260498046875
2012-11-12;67.1500015258789;67.4000015258789;66.91000366210938;67.08000183105469;4371300;45.37339782714844
2012-11-13;66.7699966430664;67.5999984741211;66.7699966430664;66.8499984741211;6769100;45.21780776977539
2012-11-14;66.88999938964844;67.05999755859375;66.29000091552734;66.52999877929688;9680100;45.001365661621094
2012-11-15;66.76000213623047;67.0;65.83000183105469;66.31999969482422;9290000;44.85932540893555
2012-11-16;66.36000061035156;66.97000122070312;66.13999938964844;66.81999969482422;11354200;45.197532653808594
2012-11-19;66.98999786376953;67.91999816894531;66.86000061035156;67.91999816894531;8741400;45.94157791137695
2012-11-20;67.80999755859375;68.48999786376953;67.76000213623047;68.30000305175781;7611600;46.19861602783203
2012-11-21;68.16000366210938;68.5;67.97000122070312;68.47000122070312;6201400;46.3135986328125
2012-11-23;68.75;69.61000061035156;68.70999908447266;69.58999633789062;4598200;47.071170806884766
2012-11-26;69.13999938964844;69.56999969482422;69.05000305175781;69.4800033569336;7493600;46.99678039550781
2012-11-27;69.19999694824219;69.4800033569336;68.91000366210938;68.98999786376953;8154300;46.66533660888672
2012-11-28;69.0;69.73999786376953;68.9000015258789;69.44000244140625;11255800;46.9697265625
2012-11-29;69.41000366210938;69.80000305175781;69.12999725341797;69.5;8783800;47.01031494140625
2012-11-30;69.37000274658203;69.88999938964844;69.37000274658203;69.83000183105469;8886800;47.233524322509766
2012-12-03;69.83999633789062;69.93000030517578;69.5;69.58000183105469;7404600;47.06441116333008
2012-12-04;69.5;69.8499984741211;69.06999969482422;69.30999755859375;6634900;46.881778717041016
2012-12-05;69.4800033569336;69.87999725341797;69.08000183105469;69.41000366210938;7623400;46.949440002441406
2012-12-06;69.4800033569336;70.23999786376953;69.44000244140625;69.94999694824219;10686900;47.31468200683594
2012-12-07;69.8499984741211;70.66000366210938;69.8499984741211;70.29000091552734;11590900;47.544654846191406
2012-12-10;70.12000274658203;70.41999816894531;70.02999877929688;70.22000122070312;8124100;47.497310638427734
2012-12-11;70.29000091552734;70.97000122070312;70.13999938964844;70.66000366210938;9298000;47.794918060302734
2012-12-12;70.76000213623047;70.98999786376953;70.61000061035156;70.76000213623047;8405900;47.862571716308594
2012-12-13;70.55000305175781;70.63999938964844;69.9000015258789;70.12999725341797;8478200;47.43644714355469
2012-12-14;69.91999816894531;70.47000122070312;69.77999877929688;69.93000030517578;8997600;47.3011474609375
2012-12-17;69.94999694824219;70.1500015258789;69.62000274658203;69.93000030517578;8791500;47.3011474609375
2012-12-18;69.88999938964844;70.27999877929688;69.43000030517578;69.97000122070312;13568900;47.32820129394531
2012-12-19;69.76000213623047;69.98999786376953;68.7699966430664;69.33999633789062;10304800;46.902076721191406
2012-12-20;69.30000305175781;70.25;69.30000305175781;69.81999969482422;10218200;47.22674560546875
2012-12-21;69.43000030517578;69.81999969482422;68.37999725341797;68.72000122070312;17746900;46.48270797729492
2012-12-24;68.66999816894531;68.69000244140625;68.23999786376953;68.5199966430664;3578800;46.3474235534668
2012-12-26;68.56999969482422;68.58999633789062;67.69999694824219;68.0;6937000;45.99568176269531
2012-12-27;67.87999725341797;68.16000366210938;67.41000366210938;67.97000122070312;7648800;45.975399017333984
2012-12-28;67.7300033569336;67.91000366210938;67.05999755859375;67.1500015258789;6463300;45.42074203491211
2012-12-31;67.0;67.97000122070312;66.83000183105469;67.88999938964844;9061900;45.92128372192383
2013-01-02;68.6500015258789;69.38999938964844;68.3499984741211;69.38999938964844;9987000;46.93588638305664
2013-01-03;69.44000244140625;69.5;68.94000244140625;68.94999694824219;7741900;46.63825988769531
2013-01-04;69.01000213623047;69.16999816894531;68.68000030517578;69.08999633789062;5853700;46.73297119140625
2013-01-07;68.91999816894531;68.91999816894531;68.37999725341797;68.62000274658203;5269800;46.41505432128906
2013-01-08;68.5199966430664;68.7300033569336;68.4000015258789;68.51000213623047;7362000;46.340660095214844
2013-01-09;68.7699966430664;69.11000061035156;68.61000061035156;68.87999725341797;5762900;46.59092330932617
2013-01-10;68.9800033569336;69.29000091552734;68.68000030517578;69.2699966430664;12855000;46.8547248840332
2013-01-11;69.30000305175781;69.30000305175781;69.01000213623047;69.22000122070312;12193500;46.82091522216797
2013-01-14;69.30999755859375;69.97000122070312;69.2300033569336;69.62999725341797;11570700;47.09823226928711
2013-01-15;69.16000366210938;69.95999908447266;69.1500015258789;69.87999725341797;7563400;47.267333984375
2013-01-16;69.41999816894531;69.69999694824219;69.11000061035156;69.33999633789062;7061000;47.282344818115234
2013-01-17;69.55999755859375;69.95999908447266;69.33999633789062;69.66999816894531;6263300;47.507354736328125
2013-01-18;69.69000244140625;70.0;69.66999816894531;69.94000244140625;10610800;47.69147872924805
2013-01-22;69.86000061035156;69.9800033569336;69.75;69.94999694824219;8313600;47.69828796386719
2013-01-23;69.83999633789062;70.69999694824219;69.80000305175781;70.69000244140625;10588600;48.20289993286133
2013-01-24;70.68000030517578;70.8499984741211;70.19999694824219;70.41999816894531;8877200;48.01877212524414
2013-01-25;71.75;73.25;71.75;73.25;28760300;49.94852066040039
2013-01-28;73.7300033569336;74.2300033569336;73.19000244140625;73.7699966430664;14010000;50.30310821533203
2013-01-29;73.55000305175781;75.30999755859375;73.5199966430664;75.0;17576700;51.1418342590332
2013-01-30;74.75;75.4800033569336;74.66999816894531;75.08000183105469;12677800;51.19639205932617
2013-01-31;74.83000183105469;75.26000213623047;74.66999816894531;75.16000366210938;11661500;51.25096130371094
2013-02-01;75.30000305175781;75.97000122070312;75.16999816894531;75.91999816894531;12204000;51.769187927246094
2013-02-04;75.69000244140625;75.80000305175781;74.94999694824219;75.25;11086000;51.31230163574219
2013-02-05;75.44000244140625;76.69000244140625;75.31999969482422;75.69999694824219;14851700;51.619144439697266
2013-02-06;75.31999969482422;76.19000244140625;75.04000091552734;76.1500015258789;17015800;51.92601776123047
2013-02-07;75.9800033569336;76.41999816894531;75.79000091552734;76.1500015258789;9897000;51.92601776123047
2013-02-08;76.1500015258789;76.4800033569336;75.55999755859375;75.75;9130700;51.65324401855469
2013-02-11;75.41000366210938;75.91999816894531;75.12000274658203;75.80999755859375;6928200;51.694190979003906
2013-02-12;75.95999908447266;76.30999755859375;75.80999755859375;75.9800033569336;6281000;51.810089111328125
2013-02-13;76.01000213623047;76.58000183105469;75.9800033569336;76.55999755859375;7113300;52.205589294433594
2013-02-14;76.30000305175781;76.97000122070312;76.25;76.77999877929688;10049400;52.3556022644043
2013-02-15;76.72000122070312;76.95999908447266;76.20999908447266;76.54000091552734;11165600;52.191959381103516
2013-02-19;76.55999755859375;77.7699966430664;76.48999786376953;77.37999725341797;11783500;52.76474380493164
2013-02-20;77.2699966430664;77.5199966430664;76.91999816894531;77.08000183105469;9275400;52.5601692199707
2013-02-21;76.27999877929688;77.19999694824219;75.9000015258789;77.04000091552734;10305200;52.53290557861328
2013-02-22;77.05000305175781;77.19000244140625;76.75;76.98999786376953;8433200;52.498809814453125
2013-02-25;77.06999969482422;77.66999816894531;75.91999816894531;75.91999816894531;9970400;51.769187927246094
2013-02-26;75.98999786376953;76.37999725341797;75.7699966430664;76.08000183105469;8378900;51.87828063964844
2013-02-27;75.94999694824219;76.94999694824219;75.69999694824219;76.75;7567800;52.33513259887695
2013-02-28;76.66000366210938;76.91000366210938;76.16999816894531;76.18000030517578;10466900;51.94646072387695
2013-03-01;75.69999694824219;76.72000122070312;75.55999755859375;76.48999786376953;9599700;52.157859802246094
2013-03-04;76.25;76.68000030517578;75.97000122070312;76.68000030517578;7631000;52.28744125366211
2013-03-05;76.77999877929688;77.38999938964844;76.72000122070312;77.05000305175781;9716200;52.53971862792969
2013-03-06;77.01000213623047;77.44999694824219;76.80999755859375;77.19999694824219;7194700;52.64198303222656
2013-03-07;77.22000122070312;77.48999786376953;76.77999877929688;76.9000015258789;7111400;52.43743133544922
2013-03-08;77.01000213623047;77.19999694824219;76.45999908447266;77.18000030517578;7252800;52.62836837768555
2013-03-11;77.0199966430664;77.38999938964844;76.9000015258789;77.3499984741211;6621000;52.74427795410156
2013-03-12;77.19000244140625;77.44999694824219;77.0;77.16999816894531;7016700;52.621551513671875
2013-03-13;77.06999969482422;77.0999984741211;76.5199966430664;76.80000305175781;6340300;52.3692512512207
2013-03-14;76.87000274658203;77.47000122070312;76.83000183105469;77.38999938964844;8079100;52.77156066894531
2013-03-15;77.08000183105469;77.37999725341797;76.33999633789062;76.33999633789062;15237000;52.05556106567383
2013-03-18;75.9000015258789;76.55000305175781;75.80000305175781;76.16000366210938;7081800;51.93282699584961
2013-03-19;76.13999938964844;77.18000030517578;76.11000061035156;77.11000061035156;9326400;52.580631256103516
2013-03-20;77.29000091552734;77.81999969482422;77.2699966430664;77.58000183105469;8615800;52.901119232177734
2013-03-21;77.41999816894531;77.66999816894531;77.13999938964844;77.20999908447266;6319500;52.64882278442383
2013-03-22;77.18000030517578;77.44999694824219;77.0;77.2699966430664;5868400;52.689720153808594
2013-03-25;77.2699966430664;77.62000274658203;76.44000244140625;76.68000030517578;6843600;52.28744125366211
2013-03-26;77.0199966430664;77.5;76.88999938964844;77.4000015258789;5386000;52.77839660644531
2013-03-27;76.9800033569336;77.11000061035156;76.56999969482422;77.05999755859375;5274600;52.54652786254883
2013-03-28;76.94999694824219;77.16000366210938;76.66000366210938;77.05999755859375;8016700;52.54652786254883
2013-04-01;76.8499984741211;77.8499984741211;76.7300033569336;77.69999694824219;7266000;52.98293685913086
2013-04-02;77.83999633789062;79.1500015258789;77.6500015258789;78.95999908447266;13373600;53.84213638305664
2013-04-03;78.87999725341797;79.08000183105469;77.83999633789062;78.12000274658203;8426700;53.26934051513672
2013-04-04;78.31999969482422;78.9800033569336;78.25;78.54000091552734;8770600;53.55572509765625
2013-04-05;77.87999725341797;78.38999938964844;77.83000183105469;78.2300033569336;6562600;53.34434127807617
2013-04-08;78.12000274658203;78.87999725341797;77.87999725341797;78.79000091552734;6284500;53.726219177246094
2013-04-09;78.81999969482422;78.88999938964844;78.06999969482422;78.26000213623047;6760600;53.36480712890625
2013-04-10;78.48999786376953;79.48999786376953;78.43000030517578;79.23999786376953;7947600;54.03306198120117
2013-04-11;79.37000274658203;80.12999725341797;79.33000183105469;79.66999816894531;11831600;54.32627868652344
2013-04-12;79.51000213623047;80.66000366210938;79.47000122070312;80.08000183105469;9383400;54.60585021972656
2013-04-15;79.79000091552734;80.83999633789062;79.5999984741211;79.6500015258789;10877200;54.31264114379883
2013-04-16;79.83000183105469;80.20999908447266;79.37000274658203;80.0999984741211;9365600;54.61949157714844
2013-04-17;79.9800033569336;80.13999938964844;78.8499984741211;79.05999755859375;10964600;53.91032409667969
2013-04-18;79.08999633789062;80.18000030517578;79.05999755859375;79.87000274658203;10896200;54.46265411376953
2013-04-19;80.37000274658203;81.69999694824219;80.19999694824219;81.43000030517578;13147600;55.52640151977539
2013-04-22;81.30999755859375;81.58999633789062;81.12000274658203;81.4000015258789;7530300;55.505943298339844
2013-04-23;81.45999908447266;82.54000091552734;80.51000213623047;82.54000091552734;12684800;56.283294677734375
2013-04-24;79.48999786376953;79.61000061035156;76.93000030517578;77.12000274658203;25708200;52.973812103271484
2013-04-25;77.66999816894531;77.66999816894531;76.3499984741211;76.58000183105469;14702300;52.60288619995117
2013-04-26;76.72000122070312;77.22000122070312;76.58000183105469;77.0999984741211;8769100;52.960060119628906
2013-04-29;77.55999755859375;77.9800033569336;77.2300033569336;77.68000030517578;6638100;53.358482360839844
2013-04-30;77.86000061035156;77.88999938964844;76.5999984741211;76.7699966430664;9653800;52.733394622802734
2013-05-01;76.83000183105469;77.7699966430664;76.72000122070312;76.98999786376953;8388800;52.8845100402832
2013-05-02;77.38999938964844;78.27999877929688;77.13999938964844;77.76000213623047;7288200;53.413429260253906
2013-05-03;78.0999984741211;78.45999908447266;77.66000366210938;78.19000244140625;7884000;53.70878601074219
2013-05-06;78.02999877929688;78.4000015258789;77.5199966430664;77.75;7204200;53.406558990478516
2013-05-07;77.9800033569336;78.19999694824219;77.2699966430664;77.94000244140625;9574200;53.537071228027344
2013-05-08;77.9000015258789;78.51000213623047;77.2300033569336;78.44000244140625;12067300;53.880531311035156
2013-05-09;78.56999969482422;78.88999938964844;78.0199966430664;78.20999908447266;7189400;53.7225341796875
2013-05-10;78.41000366210938;78.79000091552734;78.2300033569336;78.76000213623047;6162500;54.10033416748047
2013-05-13;78.51000213623047;78.97000122070312;78.41999816894531;78.58999633789062;5420200;53.98355484008789
2013-05-14;78.93000030517578;79.47000122070312;78.73999786376953;79.47000122070312;6867400;54.58802032470703
2013-05-15;79.47000122070312;81.0;79.47000122070312;80.68000030517578;11154400;55.41916275024414
2013-05-16;80.48999786376953;80.73999786376953;79.88999938964844;80.19999694824219;8065600;55.08946228027344
2013-05-17;79.91000366210938;80.18000030517578;79.30999755859375;80.0199966430664;8549900;54.9658203125
2013-05-20;79.9800033569336;79.9800033569336;78.77999877929688;79.08999633789062;7307300;54.326988220214844
2013-05-21;79.16999816894531;79.22000122070312;78.22000122070312;78.80000305175781;7377700;54.12778091430664
2013-05-22;78.83999633789062;79.68000030517578;78.62000274658203;78.81999969482422;8873300;54.14154052734375
2013-05-23;78.2699966430664;79.11000061035156;78.2300033569336;78.69999694824219;7141200;54.05910873413086
2013-05-24;81.87999725341797;82.3499984741211;81.44000244140625;81.87999725341797;25580900;56.24345397949219
2013-05-28;82.05000305175781;82.12999725341797;80.7699966430664;80.86000061035156;14372700;55.542823791503906
2013-05-29;80.16000366210938;80.25;78.87000274658203;78.9000015258789;9992500;54.196510314941406
2013-05-30;78.9000015258789;79.87999725341797;78.9000015258789;79.08999633789062;14761500;54.326988220214844
2013-05-31;78.79000091552734;78.80999755859375;76.75;76.76000213623047;16461900;52.72654342651367
2013-06-03;76.87000274658203;77.69999694824219;76.12000274658203;77.66000366210938;11720600;53.34473419189453
2013-06-04;77.70999908447266;78.47000122070312;76.75;77.37000274658203;11379300;53.14555358886719
2013-06-05;77.08000183105469;77.20999908447266;76.62999725341797;76.66000366210938;8826900;52.6578483581543
2013-06-06;76.55999755859375;76.97000122070312;75.83000183105469;76.81999969482422;11099900;52.76774597167969
2013-06-07;77.44000244140625;78.27999877929688;77.2699966430664;77.75;7839500;53.406558990478516
2013-06-10;77.69000244140625;78.22000122070312;77.26000213623047;78.06999969482422;8966400;53.6263427734375
2013-06-11;77.68000030517578;78.75;77.44999694824219;78.12000274658203;6781200;53.66073226928711
2013-06-12;78.63999938964844;78.88999938964844;77.4800033569336;77.5999984741211;7834200;53.30351638793945
2013-06-13;77.54000091552734;78.69000244140625;77.13999938964844;78.43000030517578;6927700;53.87364959716797
2013-06-14;78.48999786376953;78.79000091552734;77.66999816894531;78.02999877929688;6825900;53.59890365600586
2013-06-17;78.26000213623047;79.47000122070312;78.25;78.95999908447266;7359900;54.23770523071289
2013-06-18;78.94999694824219;79.2300033569336;78.69999694824219;79.04000091552734;6051400;54.29265213012695
2013-06-19;79.05000305175781;79.47000122070312;77.58999633789062;77.61000061035156;7424500;53.31039047241211
2013-06-20;77.20999908447266;77.33000183105469;75.0999984741211;75.25;15555700;51.68929672241211
2013-06-21;76.25;77.52999877929688;75.69000244140625;77.43000030517578;20055700;53.186729431152344
2013-06-24;76.94999694824219;77.43000030517578;75.62999725341797;76.58000183105469;12563300;52.60288619995117
2013-06-25;77.0999984741211;77.23999786376953;76.29000091552734;76.69000244140625;7909400;52.6784553527832
2013-06-26;77.2300033569336;77.58999633789062;77.0199966430664;77.4000015258789;7326500;53.166141510009766
2013-06-27;77.95999908447266;78.37999725341797;77.56999969482422;77.66999816894531;14731500;53.35161209106445
2013-06-28;77.62000274658203;77.94000244140625;76.9000015258789;76.98999786376953;9865300;52.8845100402832
2013-07-01;77.0199966430664;78.44999694824219;77.0;78.0199966430664;6699200;53.59200668334961
2013-07-02;77.94999694824219;78.61000061035156;77.70999908447266;78.44000244140625;10228500;53.880531311035156
2013-07-03;78.27999877929688;78.75;77.43000030517578;78.56999969482422;5339900;53.96981430053711
2013-07-05;78.88999938964844;79.0199966430664;77.77999877929688;78.33999633789062;7264700;53.81184005737305
2013-07-08;78.54000091552734;79.08000183105469;78.5;78.76000213623047;11141400;54.10033416748047
2013-07-09;79.06999969482422;79.9000015258789;79.06999969482422;79.56999969482422;11456200;54.65671920776367
2013-07-10;79.6500015258789;80.0999984741211;79.30000305175781;79.80000305175781;6862800;54.814701080322266
2013-07-11;80.55000305175781;80.98999786376953;80.29000091552734;80.7699966430664;9185400;55.48101043701172
2013-07-12;80.66999816894531;81.63999938964844;80.66999816894531;81.55000305175781;12586300;56.01676559448242
2013-07-15;81.37000274658203;81.58999633789062;80.8499984741211;81.51000213623047;10024700;55.98930358886719
2013-07-16;81.31999969482422;81.37000274658203;80.91000366210938;80.97000122070312;11208600;55.618377685546875
2013-07-17;80.48999786376953;80.8499984741211;80.01000213623047;80.08999633789062;7644300;55.425987243652344
2013-07-18;80.02999877929688;80.75;80.02999877929688;80.30000305175781;5526000;55.57132339477539
2013-07-19;80.36000061035156;81.41000366210938;80.05000305175781;81.37000274658203;7862600;56.31181335449219
2013-07-22;81.2300033569336;81.44999694824219;80.9000015258789;81.22000122070312;4813600;56.208003997802734
2013-07-23;81.22000122070312;81.4000015258789;80.77999877929688;80.94999694824219;4311700;56.021141052246094
2013-07-24;80.94999694824219;81.0;80.12999725341797;80.2699966430664;5606600;55.550567626953125
2013-07-25;80.01000213623047;80.56999969482422;79.83999633789062;80.41000366210938;6239900;55.64744567871094
2013-07-26;80.0199966430664;80.41999816894531;79.38999938964844;80.38999938964844;6543500;55.63362503051758
2013-07-29;80.0999984741211;80.44999694824219;80.05000305175781;80.08999633789062;4389400;55.425987243652344
2013-07-30;80.48999786376953;80.9000015258789;80.16000366210938;80.44000244140625;6434100;55.66819763183594
2013-07-31;80.44000244140625;81.41000366210938;80.16000366210938;80.30000305175781;11857000;55.57132339477539
2013-08-01;81.62000274658203;82.2300033569336;81.20999908447266;81.63999938964844;10724800;56.49864959716797
2013-08-02;81.41999816894531;81.5;80.55999755859375;81.29000091552734;6626300;56.25643539428711
2013-08-05;81.05000305175781;81.6500015258789;80.95999908447266;81.4000015258789;4662800;56.33256912231445
2013-08-06;81.30000305175781;81.97000122070312;81.30000305175781;81.73999786376953;6212500;56.56786346435547
2013-08-07;81.41000366210938;82.20999908447266;81.37999725341797;81.95999908447266;5828500;56.72013854980469
2013-08-08;82.11000061035156;82.4000015258789;81.51000213623047;82.16999816894531;6207900;56.86543655395508
2013-08-09;81.91999816894531;82.05999755859375;81.19000244140625;81.63999938964844;6127200;56.49864959716797
2013-08-12;81.2300033569336;81.7300033569336;81.04000091552734;81.62000274658203;4922200;56.48484420776367
2013-08-13;81.77999877929688;81.98999786376953;81.33000183105469;81.66000366210938;4936400;56.51249694824219
2013-08-14;81.66999816894531;81.77999877929688;81.19000244140625;81.25;5167500;56.22875213623047
2013-08-15;80.95999908447266;81.08000183105469;80.16999816894531;80.4800033569336;7415300;55.695892333984375
2013-08-16;80.2699966430664;80.4800033569336;79.05999755859375;79.9000015258789;9451600;55.294490814208984
2013-08-19;79.63999938964844;80.08999633789062;79.41999816894531;79.58999633789062;5959400;55.07997131347656
2013-08-20;79.72000122070312;80.0999984741211;79.27999877929688;79.52999877929688;5172500;55.03842544555664
2013-08-21;79.5;80.12000274658203;79.05000305175781;79.37999725341797;7390900;54.934635162353516
2013-08-22;79.30000305175781;80.05000305175781;78.87000274658203;79.7699966430664;6274400;55.204524993896484
2013-08-23;79.87000274658203;80.06999969482422;79.58999633789062;80.01000213623047;5219600;55.37062454223633
2013-08-26;79.91999816894531;79.9800033569336;78.52999877929688;78.54000091552734;6385400;54.35330581665039
2013-08-27;77.87000274658203;78.36000061035156;77.33000183105469;77.97000122070312;7052200;53.95885467529297
2013-08-28;77.86000061035156;77.86000061035156;76.8499984741211;76.8499984741211;9008500;53.18376541137695
2013-08-29;76.76000213623047;77.83999633789062;76.41999816894531;77.30999755859375;5961000;53.50209426879883
2013-08-30;77.52999877929688;78.06999969482422;73.61000061035156;77.88999938964844;9039100;53.90348434448242
2013-09-03;78.2699966430664;78.41999816894531;77.44000244140625;77.75;6743800;53.806602478027344
2013-09-04;77.5199966430664;77.75;77.12000274658203;77.48999786376953;6031300;53.62666320800781
2013-09-05;77.58000183105469;77.62999725341797;76.83000183105469;77.13999938964844;7163200;53.384456634521484
2013-09-06;77.12000274658203;77.61000061035156;76.4000015258789;77.1500015258789;6977400;53.39137268066406
2013-09-09;77.37000274658203;78.19999694824219;77.37000274658203;78.16000366210938;6089300;54.09031677246094
2013-09-10;78.5;78.63999938964844;77.77999877929688;77.94999694824219;6650200;53.94501876831055
2013-09-11;77.26000213623047;78.2699966430664;77.25;78.2699966430664;7049800;54.16646194458008
2013-09-12;78.4000015258789;78.80000305175781;78.16999816894531;78.26000213623047;6944900;54.15956115722656
2013-09-13;78.44000244140625;79.18000030517578;78.41000366210938;79.05000305175781;4894100;54.70625686645508
2013-09-16;79.72000122070312;80.20999908447266;79.70999908447266;80.16000366210938;7512800;55.474430084228516
2013-09-17;79.95999908447266;80.25;79.63999938964844;79.83000183105469;5457700;55.246055603027344
2013-09-18;79.05999755859375;80.4800033569336;78.52999877929688;80.30000305175781;10372100;55.57132339477539
2013-09-19;80.5;80.52999877929688;79.77999877929688;80.12000274658203;8157300;55.446746826171875
2013-09-20;80.08999633789062;80.18000030517578;79.38999938964844;79.38999938964844;11146100;54.94155502319336
2013-09-23;79.19999694824219;79.58000183105469;78.66999816894531;79.27999877929688;6304900;54.86541748046875
2013-09-24;78.97000122070312;79.4800033569336;78.58999633789062;78.62000274658203;7692100;54.40867614746094
2013-09-25;78.83999633789062;79.0;77.70999908447266;77.72000122070312;7589300;53.78582763671875
2013-09-26;77.91000366210938;78.13999938964844;77.62000274658203;78.05000305175781;4632600;54.01422119140625
2013-09-27;77.75;77.75;76.7699966430664;77.20999908447266;6551300;53.43291473388672
2013-09-30;76.80000305175781;77.16000366210938;75.3499984741211;75.58999633789062;15028300;52.3117790222168
2013-10-01;75.5199966430664;76.5;75.44000244140625;76.16000366210938;8076100;52.70625305175781
2013-10-02;75.91000366210938;76.13999938964844;75.41999816894531;75.93000030517578;8522900;52.547088623046875
2013-10-03;75.88999938964844;76.13999938964844;75.19999694824219;75.83999633789062;9251600;52.484779357910156
2013-10-04;75.9800033569336;76.12000274658203;75.51000213623047;76.0199966430664;4984700;52.60934829711914
2013-10-07;75.66000366210938;76.0999984741211;75.4800033569336;75.6500015258789;6373300;52.353309631347656
2013-10-08;76.38999938964844;77.0;76.05000305175781;76.33000183105469;9656600;52.82387924194336
2013-10-09;76.58000183105469;77.16000366210938;76.0999984741211;76.94999694824219;8470700;53.25296401977539
2013-10-10;77.41000366210938;77.91999816894531;77.1500015258789;77.88999938964844;10121900;53.90348434448242
2013-10-11;78.0;78.48999786376953;77.80999755859375;78.4800033569336;6082200;54.311790466308594
2013-10-14;78.01000213623047;78.80000305175781;77.93000030517578;78.73999786376953;6326100;54.49171829223633
2013-10-15;78.37999725341797;78.61000061035156;77.44000244140625;77.5999984741211;11192500;53.70280075073242
2013-10-16;77.3499984741211;78.48999786376953;77.26000213623047;78.33999633789062;6562600;54.6387939453125
2013-10-17;78.19000244140625;79.47000122070312;77.9800033569336;79.41999816894531;8671300;55.39203643798828
2013-10-18;79.38999938964844;79.56999969482422;78.77999877929688;79.41000366210938;7958500;55.385066986083984
2013-10-21;79.2699966430664;79.31999969482422;78.44000244140625;78.97000122070312;6478700;55.07817840576172
2013-10-22;79.30999755859375;80.61000061035156;79.27999877929688;80.37999725341797;9572300;56.061588287353516
2013-10-23;80.33999633789062;81.25;80.25;80.91000366210938;8960700;56.4312629699707
2013-10-24;80.7699966430664;80.94999694824219;80.25;80.61000061035156;7521100;56.22203063964844
2013-10-25;80.55000305175781;80.72000122070312;79.51000213623047;80.0;9606500;55.79654312133789
2013-10-28;80.11000061035156;81.86000061035156;79.94999694824219;81.30000305175781;9820900;56.70325469970703
2013-10-29;81.45999908447266;82.62000274658203;81.0999984741211;82.45999908447266;9482900;57.5123176574707
2013-10-30;82.52999877929688;82.55999755859375;81.2300033569336;81.5199966430664;6490000;56.85670471191406
2013-10-31;81.19999694824219;81.5999984741211;80.72000122070312;80.75;7786800;56.31964874267578
2013-11-01;80.68000030517578;81.33000183105469;80.63999938964844;81.1500015258789;6802300;56.598655700683594
2013-11-04;81.45999908447266;81.7300033569336;80.91000366210938;81.33000183105469;5460100;56.724185943603516
2013-11-05;81.12999725341797;81.73999786376953;80.8499984741211;81.43000030517578;4949300;56.79393005371094
2013-11-06;81.63999938964844;83.0999984741211;81.33000183105469;82.80999755859375;9526400;57.75640869140625
2013-11-07;82.91000366210938;83.0999984741211;82.11000061035156;82.31999969482422;10087700;57.41466522216797
2013-11-08;82.27999877929688;82.56999969482422;81.66999816894531;82.51000213623047;9768400;57.54718017578125
2013-11-11;82.3499984741211;82.68000030517578;82.0199966430664;82.26000213623047;6173600;57.372806549072266
2013-11-12;82.2300033569336;83.04000091552734;82.12000274658203;82.80000305175781;8201700;57.74943542480469
2013-11-13;82.56999969482422;83.5;82.45999908447266;83.5;7581600;58.23765182495117
2013-11-14;83.43000030517578;84.45999908447266;83.43000030517578;84.31999969482422;7580500;58.8095588684082
2013-11-15;84.16999816894531;84.91999816894531;84.16000366210938;84.83999633789062;9664700;59.17222595214844
2013-11-18;84.79000091552734;84.94000244140625;84.18000030517578;84.56999969482422;8507300;58.98393630981445
2013-11-19;84.30999755859375;84.58999633789062;84.20999908447266;84.33999633789062;7924200;58.82352066040039
2013-11-20;84.30999755859375;84.9800033569336;84.23999786376953;84.69000244140625;7680900;59.067623138427734
2013-11-21;84.83999633789062;84.88999938964844;84.51000213623047;84.66999816894531;7287700;59.05369186401367
2013-11-22;84.52999877929688;85.0;84.2300033569336;84.94999694824219;7436200;59.24898147583008
2013-11-25;84.95999908447266;85.81999969482422;84.8499984741211;85.41000366210938;9670500;59.56983184814453
2013-11-26;85.19999694824219;85.76000213623047;84.63999938964844;84.63999938964844;7111600;59.03277587890625
2013-11-27;84.87999725341797;84.88999938964844;84.0199966430664;84.27999877929688;4905000;58.78166580200195
2013-11-29;84.7699966430664;85.20999908447266;84.1500015258789;84.22000122070312;4954500;58.73983383178711
2013-12-02;84.04000091552734;84.1500015258789;83.0999984741211;83.33999633789062;7497500;58.12604904174805
2013-12-03;83.30000305175781;84.0;83.2300033569336;83.83000183105469;7533200;58.467811584472656
2013-12-04;83.37999725341797;83.48999786376953;82.58999633789062;83.3499984741211;6807200;58.1330451965332
2013-12-05;83.38999938964844;83.44999694824219;82.30000305175781;82.69000244140625;8186600;57.6727180480957
2013-12-06;83.2300033569336;84.52999877929688;83.16999816894531;84.5199966430664;7189400;58.94904327392578
2013-12-09;84.4800033569336;84.94000244140625;84.33999633789062;84.77999877929688;7395300;59.130428314208984
2013-12-10;84.41000366210938;84.43000030517578;83.43000030517578;83.6500015258789;7373300;58.34226608276367
2013-12-11;83.73999786376953;84.5;83.61000061035156;84.0199966430664;9787900;58.60032653808594
2013-12-12;83.81999969482422;83.87000274658203;81.93000030517578;82.30000305175781;10176300;57.40071487426758
2013-12-13;82.31999969482422;82.45999908447266;81.55999755859375;82.37000274658203;7441600;57.44953918457031
2013-12-16;82.72000122070312;83.06999969482422;81.5999984741211;81.69000244140625;8849700;56.97526168823242
2013-12-17;81.79000091552734;81.8499984741211;80.69000244140625;80.91000366210938;11416400;56.4312629699707
2013-12-18;81.20999908447266;82.41999816894531;80.4800033569336;82.37999725341797;12036100;57.45651626586914
2013-12-19;81.9800033569336;82.29000091552734;81.51000213623047;81.9000015258789;6442600;57.12173843383789
2013-12-20;81.9800033569336;82.54000091552734;81.81999969482422;81.83999633789062;13206100;57.07988357543945
2013-12-23;82.13999938964844;82.13999938964844;81.01000213623047;81.30999755859375;8653600;56.710243225097656
2013-12-24;81.33000183105469;81.61000061035156;81.25;81.30999755859375;2899100;56.710243225097656
2013-12-26;81.48999786376953;81.88999938964844;81.29000091552734;81.76000213623047;5347000;57.02410125732422
2013-12-27;82.08999633789062;82.4800033569336;81.86000061035156;82.01000213623047;4006000;57.19844436645508
2013-12-30;82.0;82.05000305175781;81.56999969482422;82.0;4145600;57.191497802734375
2013-12-31;81.83000183105469;82.0;81.08999633789062;81.41000366210938;5765300;56.779991149902344
2014-01-02;81.33000183105469;81.36000061035156;80.31999969482422;80.54000091552734;6981700;56.173179626464844
2014-01-03;80.76000213623047;80.8499984741211;80.19000244140625;80.44999694824219;6925600;56.11042785644531
2014-01-06;80.61000061035156;80.9800033569336;80.30000305175781;80.63999938964844;7208200;56.242950439453125
2014-01-07;80.70999908447266;81.58000183105469;80.62000274658203;81.41999816894531;7158200;56.786949157714844
2014-01-08;80.97000122070312;81.1500015258789;80.05000305175781;80.23999786376953;13458800;55.96394348144531
2014-01-09;80.54000091552734;80.80000305175781;80.02999877929688;80.41999816894531;10833900;56.089500427246094
2014-01-10;80.58999633789062;80.88999938964844;80.19999694824219;80.30000305175781;8448300;56.00579833984375
2014-01-13;80.01000213623047;80.5;79.69000244140625;80.01000213623047;9360800;55.803524017333984
2014-01-14;80.05999755859375;80.91999816894531;80.0199966430664;80.87000274658203;8737100;56.40334701538086
2014-01-15;80.69999694824219;81.18000030517578;80.25;80.79000091552734;8221900;56.347537994384766
2014-01-16;80.6500015258789;80.83000183105469;80.26000213623047;80.55999755859375;11673300;56.187129974365234
2014-01-17;80.41999816894531;80.63999938964844;79.80000305175781;79.87999725341797;13629800;55.712867736816406
2014-01-21;80.58999633789062;80.72000122070312;79.54000091552734;80.18000030517578;13216400;55.92210006713867
2014-01-22;79.56999969482422;79.87999725341797;79.05000305175781;79.2300033569336;8455600;55.677547454833984
2014-01-23;78.70999908447266;78.97000122070312;78.12000274658203;78.23999786376953;12667700;54.98183059692383
2014-01-24;79.33000183105469;81.69999694824219;78.77999877929688;79.18000030517578;20163200;55.64240264892578
2014-01-27;79.23999786376953;79.30000305175781;78.41999816894531;78.47000122070312;10395400;55.14347839355469
2014-01-28;78.66999816894531;79.5199966430664;78.43000030517578;79.11000061035156;10060800;55.59321594238281
2014-01-29;78.80000305175781;78.80000305175781;77.37999725341797;77.63999938964844;13443100;54.560203552246094
2014-01-30;78.05000305175781;78.05000305175781;76.7699966430664;76.87000274658203;9450500;54.019107818603516
2014-01-31;76.02999877929688;77.19000244140625;75.26000213623047;76.62000274658203;12988800;53.84342575073242
2014-02-03;76.69000244140625;76.76000213623047;75.5999984741211;75.69999694824219;14292700;53.19690704345703
2014-02-04;76.0;76.38999938964844;75.4000015258789;76.08999633789062;12055400;53.470977783203125
2014-02-05;75.94000244140625;76.80000305175781;75.66999816894531;76.44999694824219;9734100;53.72394943237305
2014-02-06;76.52999877929688;76.98999786376953;76.4800033569336;76.9000015258789;7819700;54.040184020996094
2014-02-07;76.98999786376953;77.38999938964844;76.75;77.30999755859375;7259200;54.32829666137695
2014-02-10;77.43000030517578;78.08999633789062;77.19000244140625;78.02999877929688;8959700;54.83428192138672
2014-02-11;78.0999984741211;79.11000061035156;77.63999938964844;78.83999633789062;10500800;55.40346145629883
2014-02-12;78.12999725341797;78.52999877929688;77.05999755859375;77.48999786376953;11019700;54.45478439331055
2014-02-13;77.08999633789062;77.91999816894531;77.0;77.80000305175781;7420600;54.672630310058594
2014-02-14;77.69000244140625;79.75;77.25;79.4000015258789;10791900;55.79702377319336
2014-02-18;79.4800033569336;79.62999725341797;77.55999755859375;77.97000122070312;15750700;54.792110443115234
2014-02-19;77.63999938964844;78.95999908447266;77.55000305175781;78.13999938964844;8740000;54.91156005859375
2014-02-20;77.95999908447266;78.44000244140625;77.5;77.91999816894531;8275200;54.75696563720703
2014-02-21;78.05000305175781;78.88999938964844;77.91000366210938;77.97000122070312;8089200;54.792110443115234
2014-02-24;78.02999877929688;78.7699966430664;77.61000061035156;77.86000061035156;7838700;54.714805603027344
2014-02-25;77.7300033569336;78.30999755859375;77.4000015258789;78.12000274658203;8177500;54.897518157958984
2014-02-26;78.2300033569336;78.7699966430664;77.81999969482422;77.86000061035156;7764700;54.714805603027344
2014-02-27;77.7699966430664;78.2300033569336;77.55999755859375;78.19000244140625;6549800;54.946712493896484
2014-02-28;78.23999786376953;78.91000366210938;78.01000213623047;78.66000366210938;8489600;55.277000427246094
2014-03-03;78.26000213623047;78.41000366210938;77.3499984741211;77.4800033569336;8598600;54.44776916503906
2014-03-04;78.08999633789062;78.72000122070312;77.9000015258789;78.44999694824219;8306900;55.12942886352539
2014-03-05;78.31999969482422;78.41000366210938;77.55000305175781;77.81999969482422;8542300;54.68667984008789
2014-03-06;78.04000091552734;78.44000244140625;77.83999633789062;78.05999755859375;6475600;54.85535430908203
2014-03-07;78.41000366210938;78.5999984741211;78.11000061035156;78.37999725341797;5865400;55.08022689819336
2014-03-10;78.29000091552734;78.56999969482422;78.19999694824219;78.52999877929688;5229900;55.18561553955078
2014-03-11;78.58999633789062;79.38999938964844;78.56999969482422;78.94999694824219;6595800;55.48077392578125
2014-03-12;78.66000366210938;79.44999694824219;78.62000274658203;79.23999786376953;7469300;55.684566497802734
2014-03-13;79.31999969482422;79.76000213623047;79.19000244140625;79.19000244140625;9676600;55.64944076538086
2014-03-14;79.0999984741211;79.2300033569336;78.66999816894531;78.9800033569336;14850700;55.501869201660156
2014-03-17;79.0199966430664;79.94999694824219;79.0199966430664;79.83999633789062;8452100;56.106204986572266
2014-03-18;79.83999633789062;80.08000183105469;79.51000213623047;79.7699966430664;7703200;56.0570182800293
2014-03-19;79.68000030517578;79.91000366210938;78.51000213623047;78.77999877929688;8607200;55.361324310302734
2014-03-20;78.69999694824219;78.93000030517578;78.1500015258789;78.31999969482422;8659500;55.03805923461914
2014-03-21;79.04000091552734;79.75;77.87999725341797;77.87999725341797;21244400;54.72885513305664
2014-03-24;78.5;79.83000183105469;78.47000122070312;79.30000305175781;11221600;55.72674560546875
2014-03-25;79.5199966430664;79.98999786376953;79.44000244140625;79.80999755859375;8892500;56.085140228271484
2014-03-26;80.02999877929688;80.18000030517578;79.33000183105469;79.5;8269800;55.86729049682617
2014-03-27;79.55000305175781;80.43000030517578;79.37999725341797;79.6500015258789;8134100;55.972713470458984
2014-03-28;79.94000244140625;80.31999969482422;79.5199966430664;79.76000213623047;6413500;56.05000305175781
2014-03-31;80.0;80.83000183105469;79.55000305175781;80.5999984741211;8492800;56.64030456542969
2014-04-01;80.5999984741211;80.83999633789062;80.20999908447266;80.33999633789062;8222300;56.45759963989258
2014-04-02;80.19000244140625;80.33000183105469;79.80000305175781;80.12999725341797;6741800;56.31001281738281
2014-04-03;80.27999877929688;80.58000183105469;79.93000030517578;80.0999984741211;5646000;56.288936614990234
2014-04-04;80.47000122070312;80.55999755859375;79.75;79.7699966430664;8649600;56.0570182800293
2014-04-07;80.0199966430664;81.06999969482422;79.93000030517578;80.48999786376953;13229000;56.562984466552734
2014-04-08;80.51000213623047;81.37999725341797;80.0199966430664;81.3499984741211;11880700;57.167335510253906
2014-04-09;81.80000305175781;82.23999786376953;81.31999969482422;81.48999786376953;11550700;57.265716552734375
2014-04-10;81.58000183105469;82.12999725341797;80.88999938964844;81.08999633789062;12194300;56.98464584350586
2014-04-11;80.9800033569336;81.66000366210938;80.5;80.76000213623047;11831400;56.75275421142578
2014-04-14;81.0;81.19999694824219;80.51000213623047;80.80999755859375;7105600;56.78787612915039
2014-04-15;80.79000091552734;81.08999633789062;80.5199966430664;80.83999633789062;9000800;56.80894470214844
2014-04-16;81.27999877929688;81.87999725341797;81.02999877929688;81.6500015258789;8300700;57.378177642822266
2014-04-17;81.47000122070312;81.88999938964844;81.33999633789062;81.76000213623047;8374700;57.455482482910156
2014-04-21;81.80999755859375;81.80999755859375;81.29000091552734;81.55999755859375;6391000;57.314910888671875
2014-04-22;81.54000091552734;81.66999816894531;81.1500015258789;81.25;9259100;57.09706115722656
2014-04-23;80.72000122070312;80.72000122070312;79.37999725341797;80.36000061035156;9577500;56.92280578613281
2014-04-24;80.26000213623047;81.37999725341797;80.01000213623047;81.1500015258789;9523200;57.48243713378906
2014-04-25;81.19999694824219;81.58000183105469;80.97000122070312;81.41000366210938;7497400;57.666587829589844
2014-04-28;81.54000091552734;82.9800033569336;81.51000213623047;82.94000244140625;11595100;58.750362396240234
2014-04-29;82.75;82.94999694824219;82.36000061035156;82.44000244140625;7214300;58.39617919921875
2014-04-30;82.38999938964844;82.75;82.23999786376953;82.55000305175781;6243300;58.474090576171875
2014-05-01;82.38999938964844;82.47000122070312;81.76000213623047;82.33999633789062;5305000;58.325355529785156
2014-05-02;82.22000122070312;82.5999984741211;81.75;81.91999816894531;6629200;58.02784729003906
2014-05-05;81.63999938964844;81.87999725341797;81.47000122070312;81.69999694824219;4563600;57.87200164794922
2014-05-06;81.76000213623047;81.76000213623047;81.12000274658203;81.12999725341797;4591300;57.468231201171875
2014-05-07;81.44999694824219;82.13999938964844;81.41999816894531;82.08999633789062;6639500;58.14826583862305
2014-05-08;82.05999755859375;82.31999969482422;81.81999969482422;82.16000366210938;4631200;58.19784164428711
2014-05-09;82.19999694824219;82.80000305175781;82.13999938964844;82.38999938964844;7303500;58.36076354980469
2014-05-12;82.61000061035156;82.70999908447266;81.70999908447266;81.7300033569336;7859000;57.89326858520508
2014-05-13;81.94000244140625;81.9800033569336;81.41999816894531;81.61000061035156;6540200;57.80824661254883
2014-05-14;81.73999786376953;81.91000366210938;81.12000274658203;81.16999816894531;6867200;57.49656677246094
2014-05-15;81.25;81.37000274658203;80.44000244140625;80.52999877929688;9402100;57.04323196411133
2014-05-16;80.62999725341797;80.76000213623047;80.0;80.33000183105469;11558900;56.90156555175781
2014-05-19;80.01000213623047;80.05000305175781;79.54000091552734;79.93000030517578;6068100;56.61823654174805
2014-05-20;80.0199966430664;80.58000183105469;79.97000122070312;80.2300033569336;7057200;56.83073425292969
2014-05-21;80.33999633789062;80.66999816894531;80.0199966430664;80.48999786376953;6339800;57.014892578125
2014-05-22;80.37000274658203;80.66999816894531;80.05000305175781;80.6500015258789;5561100;57.12822341918945
2014-05-23;80.51000213623047;80.8499984741211;80.4000015258789;80.5199966430664;4472600;57.03614807128906
2014-05-27;80.55000305175781;80.58000183105469;80.05000305175781;80.08000183105469;7003800;56.7244758605957
2014-05-28;80.02999877929688;80.27999877929688;80.0199966430664;80.0999984741211;4201400;56.73865509033203
2014-05-29;80.0999984741211;80.4000015258789;80.08000183105469;80.4000015258789;3886800;56.95115280151367
2014-05-30;80.25;80.8499984741211;80.16999816894531;80.79000091552734;7433000;57.227394104003906
2014-06-02;80.66000366210938;80.66999816894531;80.29000091552734;80.36000061035156;4331700;56.92280578613281
2014-06-03;80.04000091552734;80.30000305175781;79.5999984741211;79.93000030517578;6970600;56.61823654174805
2014-06-04;80.0;80.22000122070312;79.63999938964844;79.86000061035156;5427700;56.56863784790039
2014-06-05;80.11000061035156;80.30999755859375;79.97000122070312;80.11000061035156;5787700;56.745750427246094
2014-06-06;80.08999633789062;80.23999786376953;79.81999969482422;80.02999877929688;5520500;56.68907165527344
2014-06-09;79.91000366210938;80.23999786376953;79.8499984741211;80.08999633789062;6352500;56.73155975341797
2014-06-10;80.02999877929688;80.30000305175781;80.0;80.1500015258789;5658400;56.77406311035156
2014-06-11;80.05000305175781;80.30000305175781;79.87999725341797;80.05999755859375;7453700;56.71030807495117
2014-06-12;79.81999969482422;80.02999877929688;79.69000244140625;79.76000213623047;6526800;56.49782943725586
2014-06-13;79.7300033569336;79.94000244140625;79.5;79.63999938964844;5214000;56.41280746459961
2014-06-16;79.5199966430664;79.94000244140625;79.11000061035156;79.69000244140625;5334600;56.448211669921875
2014-06-17;79.61000061035156;79.79000091552734;79.3499984741211;79.58000183105469;5337300;56.370323181152344
2014-06-18;79.44000244140625;79.94000244140625;79.12999725341797;79.79000091552734;9614200;56.519073486328125
2014-06-19;79.8499984741211;80.56999969482422;79.80000305175781;80.23999786376953;12485100;56.837806701660156
2014-06-20;80.44000244140625;80.5;79.83000183105469;79.93000030517578;11659900;56.61823654174805
2014-06-23;80.05999755859375;80.05999755859375;79.36000061035156;79.5199966430664;6938900;56.32779312133789
2014-06-24;79.41999816894531;79.44000244140625;78.91999816894531;79.01000213623047;8157300;55.96653747558594
2014-06-25;79.04000091552734;79.36000061035156;78.6500015258789;79.31999969482422;12569300;56.186126708984375
2014-06-26;79.23999786376953;79.29000091552734;78.58999633789062;78.62000274658203;7258800;55.6903076171875
2014-06-27;78.5999984741211;79.19000244140625;78.5199966430664;79.0199966430664;8974900;55.97362518310547
2014-06-30;79.01000213623047;79.45999908447266;78.43000030517578;78.58999633789062;10297700;55.66905212402344
2014-07-01;78.87000274658203;79.41000366210938;78.51000213623047;79.27999877929688;8421200;56.15779495239258
2014-07-02;79.55999755859375;79.86000061035156;79.44000244140625;79.55999755859375;6276600;56.356143951416016
2014-07-03;79.93000030517578;80.13999938964844;79.63999938964844;79.9800033569336;5501100;56.653656005859375
2014-07-07;79.75;80.19999694824219;79.66000366210938;80.19000244140625;6673600;56.80239486694336
2014-07-08;80.02999877929688;80.8499984741211;79.91000366210938;80.55999755859375;9150200;57.06447982788086
2014-07-09;80.66000366210938;81.80000305175781;80.5;81.66999816894531;12113100;57.85075378417969
2014-07-10;81.2699966430664;81.91000366210938;81.19000244140625;81.61000061035156;8786500;57.80824661254883
2014-07-11;81.05999755859375;81.56999969482422;81.0;81.16000366210938;7519300;57.4895133972168
2014-07-14;81.36000061035156;81.73999786376953;81.30000305175781;81.31999969482422;6802000;57.602813720703125
2014-07-15;81.51000213623047;81.5199966430664;81.08999633789062;81.26000213623047;9637600;57.560325622558594
2014-07-16;80.9000015258789;81.19999694824219;80.75;80.94000244140625;8940500;57.79168701171875
2014-07-17;80.98999786376953;81.22000122070312;80.38999938964844;80.4000015258789;5844700;57.406089782714844
2014-07-18;80.55000305175781;80.75;80.16000366210938;80.55000305175781;6502400;57.51322555541992
2014-07-21;80.33000183105469;80.4000015258789;79.94999694824219;80.27999877929688;4434300;57.320438385009766
2014-07-22;80.29000091552734;80.58000183105469;79.7699966430664;80.0999984741211;6073200;57.19190979003906
2014-07-23;80.33000183105469;80.5;79.81999969482422;79.98999786376953;5891200;57.113365173339844
2014-07-24;80.12000274658203;80.31999969482422;79.8499984741211;80.26000213623047;6273100;57.30615234375
2014-07-25;80.0199966430664;80.16000366210938;79.37000274658203;79.55999755859375;6293400;56.80634689331055
2014-07-28;79.41000366210938;79.62000274658203;78.8499984741211;79.26000213623047;6757300;56.5921516418457
2014-07-29;79.08999633789062;79.5;78.6500015258789;78.6500015258789;6419600;56.156593322753906
2014-07-30;78.69999694824219;79.01000213623047;78.13999938964844;78.16000366210938;8296500;55.80672073364258
2014-07-31;77.76000213623047;78.01000213623047;77.29000091552734;77.31999969482422;11235600;55.20696258544922
2014-08-01;79.25;80.66999816894531;78.83000183105469;79.6500015258789;18110700;56.8705940246582
2014-08-04;79.45999908447266;79.45999908447266;78.66000366210938;79.22000122070312;12075300;56.563575744628906
2014-08-05;78.98999786376953;79.73999786376953;78.9800033569336;79.41000366210938;7995900;56.69925308227539
2014-08-06;79.4000015258789;81.30000305175781;79.2699966430664;81.08999633789062;12839000;57.898765563964844
2014-08-07;81.0199966430664;81.18000030517578;80.01000213623047;80.13999938964844;7904000;57.22045135498047
2014-08-08;80.05000305175781;81.02999877929688;80.04000091552734;80.94999694824219;6215600;57.79879379272461
2014-08-11;81.2300033569336;81.87000274658203;81.02999877929688;81.4800033569336;8188000;58.177223205566406
2014-08-12;81.5;81.86000061035156;81.20999908447266;81.41999816894531;6591200;58.134403228759766
2014-08-13;81.63999938964844;81.80000305175781;81.11000061035156;81.4800033569336;5472200;58.177223205566406
2014-08-14;81.58999633789062;82.04000091552734;81.44000244140625;81.94999694824219;5930700;58.5128059387207
2014-08-15;82.2300033569336;82.2300033569336;81.18000030517578;81.77999877929688;7418400;58.391422271728516
2014-08-18;81.98999786376953;82.8499984741211;81.80999755859375;82.44000244140625;8450500;58.862674713134766
2014-08-19;82.3499984741211;82.87000274658203;82.12000274658203;82.69000244140625;6867700;59.04119873046875
2014-08-20;82.45999908447266;82.94000244140625;82.45999908447266;82.80999755859375;4581800;59.12683868408203
2014-08-21;82.80000305175781;83.47000122070312;82.69000244140625;83.27999877929688;7099800;59.46244430541992
2014-08-22;83.16000366210938;83.66000366210938;83.13999938964844;83.38999938964844;6978500;59.54096221923828
2014-08-25;83.73999786376953;83.81999969482422;83.30999755859375;83.54000091552734;5586800;59.648094177246094
2014-08-26;83.61000061035156;83.83000183105469;83.33000183105469;83.37999725341797;5188400;59.53385925292969
2014-08-27;83.43000030517578;83.5999984741211;83.16000366210938;83.30999755859375;4248300;59.48386764526367
2014-08-28;83.0199966430664;83.22000122070312;82.76000213623047;83.02999877929688;4278700;59.283939361572266
2014-08-29;83.08999633789062;83.12999725341797;82.5999984741211;83.11000061035156;4901300;59.3410530090332
2014-09-02;83.20999908447266;83.48999786376953;82.70999908447266;82.9800033569336;5528900;59.24823760986328
2014-09-03;83.26000213623047;83.4800033569336;82.7699966430664;82.9000015258789;5851800;59.19113540649414
2014-09-04;82.91999816894531;83.75;82.77999877929688;83.69999694824219;7444200;59.76231384277344
2014-09-05;83.44000244140625;83.80000305175781;83.06999969482422;83.7699966430664;5888900;59.81230545043945
2014-09-08;83.56999969482422;83.5999984741211;83.12999725341797;83.31999969482422;4899600;59.491024017333984
2014-09-09;83.05000305175781;83.29000091552734;82.83000183105469;82.98999786376953;5202900;59.255409240722656
2014-09-10;83.19999694824219;83.95999908447266;83.1500015258789;83.63999938964844;6715300;59.719486236572266
2014-09-11;83.61000061035156;83.75;83.37000274658203;83.48999786376953;6341600;59.61238479614258
2014-09-12;83.20999908447266;83.37999725341797;82.86000061035156;83.26000213623047;6358500;59.44814682006836
2014-09-15;83.18000030517578;84.25;83.13999938964844;83.87000274658203;7004700;59.88370132446289
2014-09-16;83.58000183105469;84.44999694824219;83.55999755859375;84.08000183105469;7143800;60.03364562988281
2014-09-17;84.0199966430664;84.5;83.93000030517578;84.16000366210938;8273800;60.09076690673828
2014-09-18;84.18000030517578;84.44000244140625;84.06999969482422;84.19000244140625;5309200;60.11220932006836
2014-09-19;84.5199966430664;84.7699966430664;84.18000030517578;84.47000122070312;11377700;60.31211471557617
2014-09-22;84.63999938964844;84.94999694824219;84.48999786376953;84.80999755859375;8397100;60.554840087890625
2014-09-23;84.6500015258789;84.91999816894531;84.44000244140625;84.44000244140625;7723500;60.29069137573242
2014-09-24;84.33000183105469;85.4000015258789;84.33000183105469;85.23999786376953;11694700;60.86188507080078
2014-09-25;85.0199966430664;85.12999725341797;84.33000183105469;84.33000183105469;8212300;60.21215057373047
2014-09-26;84.54000091552734;84.73999786376953;83.86000061035156;84.58000183105469;5478000;60.39065933227539
2014-09-29;84.11000061035156;84.47000122070312;83.66000366210938;84.44000244140625;6360000;60.29069137573242
2014-09-30;84.33999633789062;84.36000061035156;83.68000030517578;83.73999786376953;8074700;59.7908935546875
2014-10-01;84.0199966430664;84.04000091552734;83.02999877929688;83.13999938964844;9024700;59.36247253417969
2014-10-02;83.0999984741211;83.97000122070312;82.94999694824219;83.05000305175781;8858400;59.2982292175293
2014-10-03;83.44000244140625;83.94999694824219;82.87999725341797;83.79000091552734;6701500;59.826576232910156
2014-10-06;83.56999969482422;83.94000244140625;83.19000244140625;83.56999969482422;5656500;59.66952896118164
2014-10-07;83.37999725341797;83.91999816894531;83.12000274658203;83.16000366210938;7378200;59.37675476074219
2014-10-08;83.33999633789062;84.27999877929688;83.20999908447266;84.18000030517578;8107100;60.105064392089844
2014-10-09;84.20999908447266;84.87999725341797;83.52999877929688;83.66000366210938;7765700;59.73375701904297
2014-10-10;83.94999694824219;85.27999877929688;83.91000366210938;84.69000244140625;13732400;60.46920394897461
2014-10-13;84.30999755859375;84.47000122070312;83.30999755859375;83.37000274658203;10066100;59.52671432495117
2014-10-14;83.91000366210938;83.91000366210938;83.02999877929688;83.55000305175781;8210300;59.65521240234375
2014-10-15;82.58999633789062;83.58000183105469;81.76000213623047;82.94999694824219;13283200;59.226802825927734
2014-10-16;81.6500015258789;82.80000305175781;81.56999969482422;82.23999786376953;11310200;58.71988296508789
2014-10-17;82.94999694824219;83.4800033569336;82.02999877929688;83.2699966430664;11786600;59.455318450927734
2014-10-20;83.25;84.33000183105469;82.83000183105469;84.18000030517578;8558100;60.105064392089844
2014-10-21;84.47000122070312;84.63999938964844;83.66000366210938;84.61000061035156;12389600;60.41205978393555
2014-10-22;84.05999755859375;84.58999633789062;83.91999816894531;84.2300033569336;9747600;60.60201644897461
2014-10-23;84.26000213623047;84.33000183105469;82.30000305175781;83.2300033569336;14292100;59.882537841796875
2014-10-24;85.0999984741211;85.97000122070312;84.91000366210938;85.16000366210938;13465600;61.27115249633789
2014-10-27;84.95999908447266;86.4800033569336;84.83000183105469;85.94999694824219;10316600;61.839508056640625
2014-10-28;86.19999694824219;86.6500015258789;86.16999816894531;86.47000122070312;9437700;62.213653564453125
2014-10-29;86.66999816894531;86.66999816894531;85.91000366210938;86.54000091552734;6880600;62.264015197753906
2014-10-30;86.16000366210938;87.0;85.66999816894531;86.94000244140625;5560300;62.551795959472656
2014-10-31;87.08000183105469;87.36000061035156;86.70999908447266;87.2699966430664;9359800;62.78922653198242
2014-11-03;86.66000366210938;87.38999938964844;86.19999694824219;87.37999725341797;7789500;62.86837387084961
2014-11-04;87.48999786376953;88.87000274658203;87.44000244140625;88.63999938964844;10594800;63.774925231933594
2014-11-05;88.73999786376953;89.48999786376953;88.36000061035156;89.0;8462000;64.03396606445312
2014-11-06;89.08000183105469;89.19999694824219;88.56999969482422;88.9000015258789;6628900;63.962005615234375
2014-11-07;88.73999786376953;89.19999694824219;88.25;89.12999725341797;5975700;64.12747955322266
2014-11-10;88.91999816894531;89.5;88.26000213623047;89.44999694824219;5927100;64.35770416259766
2014-11-11;89.37999725341797;89.79000091552734;89.16999816894531;89.66999816894531;6343900;64.51600646972656
2014-11-12;89.5999984741211;89.87999725341797;89.41999816894531;89.4800033569336;6298700;64.37931060791016
2014-11-13;88.94000244140625;89.83999633789062;88.45999908447266;88.5999984741211;10191600;63.74614334106445
2014-11-14;88.69999694824219;88.88999938964844;87.93000030517578;88.11000061035156;7559400;63.39360427856445
2014-11-17;88.0;88.18000030517578;87.37000274658203;87.83999633789062;9475800;63.1993408203125
2014-11-18;88.0199966430664;88.18000030517578;87.48999786376953;87.94999694824219;6419400;63.27851486206055
2014-11-19;88.23999786376953;88.87000274658203;87.93000030517578;88.7300033569336;6570400;63.83970642089844
2014-11-20;88.33000183105469;88.80000305175781;88.33000183105469;88.47000122070312;5527600;63.652618408203125
2014-11-21;89.26000213623047;89.43000030517578;88.45999908447266;88.5999984741211;8984100;63.74614334106445
2014-11-24;88.87999725341797;88.88999938964844;87.86000061035156;88.11000061035156;5569200;63.39360427856445
2014-11-25;88.36000061035156;88.81999969482422;88.08000183105469;88.80000305175781;6439700;63.89002990722656
2014-11-26;88.83000183105469;88.87999725341797;88.44999694824219;88.87999725341797;4420000;63.94758987426758
2014-11-28;89.08999633789062;90.55999755859375;88.97000122070312;90.43000030517578;7661800;65.06281280517578
2014-12-01;90.16999816894531;90.66999816894531;89.5199966430664;90.08000183105469;6745100;64.81096649169922
2014-12-02;90.44000244140625;91.16999816894531;90.12000274658203;91.06999969482422;7432900;65.52326965332031
2014-12-03;90.83999633789062;90.97000122070312;89.63999938964844;90.0;6465600;64.7534408569336
2014-12-04;90.5;90.94000244140625;90.0999984741211;90.58000183105469;6406700;65.17072296142578
2014-12-05;90.31999969482422;90.41999816894531;89.20999908447266;90.37999725341797;6383400;65.0268325805664
2014-12-08;90.33999633789062;91.0;90.31999969482422;90.76000213623047;4721900;65.30024719238281
2014-12-09;90.47000122070312;90.77999877929688;89.87000274658203;90.70999908447266;5704000;65.26425170898438
2014-12-10;90.94999694824219;91.0999984741211;89.95999908447266;90.0;6293300;64.7534408569336
2014-12-11;90.0;91.27999877929688;89.9800033569336;90.41000366210938;6468700;65.04840850830078
2014-12-12;90.01000213623047;90.97000122070312;89.52999877929688;89.55000305175781;6574600;64.42967224121094
2014-12-15;89.69999694824219;90.5999984741211;89.02999877929688;89.19999694824219;6511900;64.17784118652344
2014-12-16;89.13999938964844;90.95999908447266;88.37999725341797;89.36000061035156;8773800;64.29295349121094
2014-12-17;89.55999755859375;91.16000366210938;89.4000015258789;90.69999694824219;7412700;65.257080078125
2014-12-18;91.01000213623047;92.0;90.55000305175781;92.0;8724500;66.19241333007812
2014-12-19;92.1500015258789;92.7300033569336;91.76000213623047;92.05000305175781;14037800;66.22838592529297
2014-12-22;92.0999984741211;92.7300033569336;92.0;92.5999984741211;7157100;66.62406158447266
2014-12-23;92.73999786376953;93.4800033569336;92.69999694824219;93.29000091552734;5610600;67.12051391601562
2014-12-24;93.5;93.88999938964844;93.13999938964844;93.13999938964844;2403000;67.01261138916016
2014-12-26;93.1500015258789;93.80999755859375;93.05999755859375;93.45999908447266;3148700;67.24284362792969
2014-12-29;93.12000274658203;93.43000030517578;92.5;92.63999938964844;4657700;66.6528549194336
2014-12-30;92.25;92.81999969482422;92.0999984741211;92.4000015258789;4730000;66.48017883300781
2014-12-31;92.04000091552734;92.55000305175781;91.02999877929688;91.08999633789062;5712100;65.53764343261719
2015-01-02;90.83999633789062;91.0;89.91999816894531;90.44000244140625;7251400;65.07000732421875
2015-01-05;90.2300033569336;91.0;89.8499984741211;90.01000213623047;8626100;64.76062774658203
2015-01-06;90.30999755859375;90.55999755859375;89.26000213623047;89.5999984741211;7791200;64.4655990600586
2015-01-07;89.94000244140625;90.37000274658203;89.55999755859375;90.06999969482422;5986600;64.80381774902344
2015-01-08;90.4800033569336;91.2300033569336;90.12999725341797;91.0999984741211;6823300;65.54485321044922
2015-01-09;91.18000030517578;91.18000030517578;90.12000274658203;90.25;4872800;64.93330383300781
2015-01-12;90.4800033569336;90.62000274658203;89.51000213623047;89.91999816894531;5250900;64.69584655761719
2015-01-13;90.77999877929688;91.5;89.7699966430664;90.30000305175781;6727100;64.96926879882812
2015-01-14;89.7300033569336;90.16000366210938;89.43000030517578;89.98999786376953;6418200;64.7462387084961
2015-01-15;90.48999786376953;90.5;89.33999633789062;89.86000061035156;6768200;64.6527099609375
2015-01-16;89.94999694824219;91.33999633789062;89.87000274658203;91.25;8815700;65.65277099609375
2015-01-20;91.25;91.79000091552734;90.5;91.19000244140625;9869900;65.6095962524414
2015-01-21;90.4000015258789;91.19000244140625;89.62999725341797;90.7300033569336;6974500;65.74298095703125
2015-01-22;91.04000091552734;91.69000244140625;89.87000274658203;91.62000274658203;7211200;66.38782501220703
2015-01-23;91.16999816894531;91.19000244140625;89.94999694824219;90.08000183105469;6745700;65.27194213867188
2015-01-26;89.94999694824219;89.94999694824219;88.73999786376953;89.58000183105469;9371700;64.90965270996094
2015-01-27;87.0999984741211;87.20999908447266;86.0199966430664;86.48999786376953;14417400;62.67064666748047
2015-01-28;86.62999725341797;86.91000366210938;85.01000213623047;85.1500015258789;14033400;61.69965744018555
2015-01-29;85.77999877929688;86.11000061035156;85.1500015258789;85.66999816894531;12054500;62.07645034790039
2015-01-30;85.08999633789062;85.22000122070312;84.25;84.29000091552734;14685300;61.07654571533203
2015-02-02;84.58000183105469;85.13999938964844;83.68000030517578;85.12000274658203;10278700;61.677947998046875
2015-02-03;85.94999694824219;86.0;85.12000274658203;85.94999694824219;10747900;62.27933883666992
2015-02-04;85.88999938964844;86.4800033569336;85.55000305175781;85.79000091552734;9212800;62.163421630859375
2015-02-05;86.23999786376953;86.77999877929688;86.0999984741211;86.69999694824219;6531300;62.82279968261719
2015-02-06;86.55999755859375;86.61000061035156;85.1500015258789;85.61000061035156;8429800;62.0329704284668
2015-02-09;85.30999755859375;85.43000030517578;84.58999633789062;85.05000305175781;8811500;61.627197265625
2015-02-10;85.33000183105469;85.56999969482422;84.81999969482422;85.38999938964844;7059300;61.87356185913086
2015-02-11;85.94999694824219;86.19999694824219;85.1500015258789;85.63999938964844;7184600;62.05472946166992
2015-02-12;86.05999755859375;86.1500015258789;85.41000366210938;86.02999877929688;6074600;62.33734130859375
2015-02-13;86.02999877929688;86.1500015258789;85.5;85.9000015258789;6272000;62.24313735961914
2015-02-17;86.05999755859375;86.05999755859375;85.0;85.48999786376953;10310400;61.9460334777832
2015-02-18;85.76000213623047;86.38999938964844;85.5199966430664;86.26000213623047;8132300;62.503971099853516
2015-02-19;86.11000061035156;86.30000305175781;85.05000305175781;85.20999908447266;7271600;61.743141174316406
2015-02-20;84.94999694824219;85.05000305175781;84.19000244140625;84.87000274658203;9581300;61.49678421020508
2015-02-23;84.95999908447266;85.5;84.6500015258789;85.38999938964844;7919200;61.87356185913086
2015-02-24;85.51000213623047;85.73999786376953;85.01000213623047;85.5;6502200;61.95328140258789
2015-02-25;85.69999694824219;85.80000305175781;85.23999786376953;85.45999908447266;5975800;61.924320220947266
2015-02-26;85.41999816894531;85.76000213623047;84.88999938964844;85.16999816894531;7964500;61.71415710449219
2015-02-27;85.0199966430664;85.37999725341797;84.56999969482422;85.12999725341797;7685000;61.685176849365234
2015-03-02;85.12999725341797;85.41000366210938;84.83999633789062;85.41000366210938;7235200;61.888084411621094
2015-03-03;85.3499984741211;85.44000244140625;84.54000091552734;85.16000366210938;6095600;61.70693588256836
2015-03-04;85.04000091552734;85.23999786376953;84.20999908447266;84.3499984741211;7370000;61.1200065612793
2015-03-05;84.62000274658203;84.76000213623047;84.08999633789062;84.62999725341797;5914200;61.322879791259766
2015-03-06;84.33999633789062;84.37000274658203;82.37000274658203;82.66000366210938;11338700;59.89542007446289
2015-03-09;82.79000091552734;83.20999908447266;82.68000030517578;83.08999633789062;7326700;60.207000732421875
2015-03-10;82.47000122070312;82.87999725341797;81.54000091552734;81.54000091552734;9681400;59.0838737487793
2015-03-11;81.52999877929688;81.77999877929688;80.80999755859375;81.38999938964844;10066600;58.97517395019531
2015-03-12;81.58999633789062;82.12000274658203;81.51000213623047;82.08999633789062;6951100;59.48237991333008
2015-03-13;81.9800033569336;82.27999877929688;81.1500015258789;81.83000183105469;7492500;59.294002532958984
2015-03-16;82.08000183105469;83.94999694824219;81.98999786376953;83.55999755859375;15618300;60.54756164550781
2015-03-17;83.36000061035156;83.37000274658203;82.43000030517578;82.8499984741211;7509300;60.0330924987793
2015-03-18;82.86000061035156;84.05000305175781;82.0199966430664;83.75;12607900;60.685237884521484
2015-03-19;83.45999908447266;83.75;83.12000274658203;83.37999725341797;9257500;60.41713333129883
2015-03-20;83.98999786376953;84.79000091552734;83.7699966430664;84.73999786376953;22580300;61.402565002441406
2015-03-23;84.37000274658203;85.05000305175781;84.36000061035156;84.86000061035156;9891100;61.48954772949219
2015-03-24;84.88999938964844;85.11000061035156;83.87000274658203;83.91999816894531;7478800;60.808441162109375
2015-03-25;84.37000274658203;84.37000274658203;82.86000061035156;83.01000213623047;8482200;60.14904022216797
2015-03-26;82.58000183105469;82.61000061035156;81.94999694824219;82.1500015258789;7311600;59.52589416503906
2015-03-27;82.08000183105469;82.54000091552734;81.98999786376953;82.30999755859375;6440600;59.64179229736328
2015-03-30;82.62999725341797;82.94999694824219;82.1500015258789;82.72000122070312;6416800;59.93889236450195
2015-03-31;82.76000213623047;82.93000030517578;81.94000244140625;81.94000244140625;8649700;59.37370300292969
2015-04-01;82.44000244140625;82.44999694824219;81.44999694824219;82.31999969482422;7395300;59.649070739746094
2015-04-02;82.16999816894531;82.58999633789062;81.91999816894531;82.43000030517578;6169800;59.728759765625
2015-04-06;81.91999816894531;83.2300033569336;81.51000213623047;83.04000091552734;6856300;60.17074966430664
2015-04-07;82.93000030517578;83.29000091552734;82.33000183105469;82.38999938964844;6329900;59.69977951049805
2015-04-08;82.30000305175781;83.18000030517578;82.2699966430664;82.7699966430664;6523400;59.97511672973633
2015-04-09;82.62999725341797;82.94999694824219;82.01000213623047;82.88999938964844;6185000;60.06209182739258
2015-04-10;82.80000305175781;83.62999725341797;82.72000122070312;83.3499984741211;7001700;60.39540481567383
2015-04-13;83.0;83.94999694824219;82.94000244140625;83.43000030517578;8290500;60.453369140625
2015-04-14;83.38999938964844;83.87999725341797;83.05000305175781;83.5999984741211;6792600;60.5765380859375
2015-04-15;83.8499984741211;84.19999694824219;83.4800033569336;83.51000213623047;7006400;60.5113410949707
2015-04-16;83.55999755859375;84.06999969482422;83.3499984741211;83.5;7615900;60.50407409667969
2015-04-17;83.0;83.22000122070312;82.02999877929688;82.52999877929688;9533800;59.801231384277344
2015-04-20;83.08999633789062;83.9800033569336;82.80000305175781;82.87000274658203;7416000;60.04758071899414
2015-04-21;83.38999938964844;83.80000305175781;82.9000015258789;83.08000183105469;7696400;60.19974899291992
2015-04-22;83.22000122070312;83.33999633789062;82.5999984741211;83.08999633789062;6753100;60.207000732421875
2015-04-23;81.41999816894531;82.0999984741211;80.9000015258789;80.94999694824219;14569500;59.128143310546875
2015-04-24;81.04000091552734;81.52999877929688;80.9000015258789;81.0;8785500;59.164676666259766
2015-04-27;80.91000366210938;81.19999694824219;80.47000122070312;80.5999984741211;9192300;58.87250518798828
2015-04-28;80.7300033569336;80.81999969482422;80.19000244140625;80.41999816894531;8395500;58.74104690551758
2015-04-29;80.0;80.30999755859375;79.72000122070312;79.8499984741211;11858500;58.324684143066406
2015-04-30;79.94999694824219;80.1500015258789;79.06999969482422;79.51000213623047;9409300;58.07633590698242
2015-05-01;79.76000213623047;80.31999969482422;79.62999725341797;80.29000091552734;8193000;58.646053314208984
2015-05-04;80.4800033569336;80.97000122070312;80.30000305175781;80.3499984741211;7203800;58.68989944458008
2015-05-05;80.5;80.6500015258789;79.77999877929688;80.06999969482422;6589400;58.485374450683594
2015-05-06;80.33999633789062;80.58000183105469;79.5199966430664;80.4000015258789;7335700;58.726417541503906
2015-05-07;80.37000274658203;80.55000305175781;80.0;80.19999694824219;7224300;58.5803337097168
2015-05-08;80.88999938964844;81.20999908447266;80.81999969482422;80.95999908447266;6929400;59.13544845581055
2015-05-11;80.94999694824219;80.98999786376953;80.26000213623047;80.2699966430664;5237800;58.63146209716797
2015-05-12;80.02999877929688;80.29000091552734;79.36000061035156;79.94999694824219;6305800;58.397727966308594
2015-05-13;80.16000366210938;80.58999633789062;79.55000305175781;79.69999694824219;6459900;58.21511459350586
2015-05-14;80.11000061035156;80.69000244140625;80.08999633789062;80.56999969482422;5634200;58.850608825683594
2015-05-15;80.83000183105469;81.12000274658203;80.7300033569336;81.05000305175781;7454800;59.20120620727539
2015-05-18;80.97000122070312;81.12999725341797;80.5;80.73999786376953;5590800;58.97475814819336
2015-05-19;80.75;80.94999694824219;80.33000183105469;80.83000183105469;5729500;59.04050064086914
2015-05-20;80.93000030517578;81.0;80.44999694824219;80.4800033569336;5487000;58.784847259521484
2015-05-21;80.16999816894531;80.58000183105469;79.83999633789062;80.41000366210938;6054700;58.73371887207031
2015-05-22;80.23999786376953;80.4000015258789;79.91999816894531;79.94999694824219;6003600;58.397727966308594
2015-05-26;79.97000122070312;80.06999969482422;78.94000244140625;79.13999938964844;6698300;57.80608367919922
2015-05-27;79.22000122070312;79.94000244140625;79.08999633789062;79.38999938964844;8094600;57.98868179321289
2015-05-28;79.43000030517578;79.44999694824219;79.0199966430664;79.33000183105469;5803400;57.94486999511719
2015-05-29;79.18000030517578;79.23999786376953;78.19000244140625;78.38999938964844;12551700;57.25825119018555
2015-06-01;78.6500015258789;79.06999969482422;78.2699966430664;78.8499984741211;7588000;57.59426498413086
2015-06-02;78.45999908447266;78.72000122070312;78.16999816894531;78.54000091552734;7380800;57.367835998535156
2015-06-03;78.91000366210938;78.93000030517578;78.2699966430664;78.55999755859375;5985800;57.38241958618164
2015-06-04;78.41000366210938;78.83999633789062;78.05999755859375;78.1500015258789;7714600;57.08293914794922
2015-06-05;78.04000091552734;78.12000274658203;77.37000274658203;77.43000030517578;9439700;56.557044982910156
2015-06-08;77.4800033569336;77.9800033569336;77.0999984741211;77.70999908447266;10916200;56.76156234741211
2015-06-09;77.97000122070312;79.33000183105469;77.81999969482422;78.9000015258789;11528900;57.630775451660156
2015-06-10;79.2300033569336;79.79000091552734;79.01000213623047;79.54000091552734;9483500;58.09825134277344
2015-06-11;79.93000030517578;79.93000030517578;79.23999786376953;79.41000366210938;7633300;58.0033073425293
2015-06-12;79.16999816894531;79.31999969482422;78.56999969482422;78.87000274658203;6508600;57.6088752746582
2015-06-15;78.33000183105469;78.45999908447266;77.93000030517578;78.12000274658203;7527900;57.06103515625
2015-06-16;79.5999984741211;79.5999984741211;78.54000091552734;79.0999984741211;8285700;57.77684783935547
2015-06-17;79.19999694824219;80.19000244140625;79.16000366210938;80.08000183105469;9305800;58.492671966552734
2015-06-18;80.33000183105469;81.22000122070312;80.30000305175781;80.81999969482422;10712500;59.033206939697266
2015-06-19;80.70999908447266;81.19999694824219;80.4800033569336;80.54000091552734;15598800;58.82865905761719
2015-06-22;80.91999816894531;81.18000030517578;80.33000183105469;80.44999694824219;6907900;58.76296615600586
2015-06-23;80.33000183105469;80.44999694824219;79.62000274658203;79.79000091552734;7190600;58.28086853027344
2015-06-24;79.80000305175781;79.8499984741211;79.5;79.51000213623047;8843700;58.07633590698242
2015-06-25;79.70999908447266;79.9000015258789;79.38999938964844;79.38999938964844;5855700;57.98868179321289
2015-06-26;79.54000091552734;79.73999786376953;79.27999877929688;79.33999633789062;7703200;57.952144622802734
2015-06-29;78.94999694824219;79.37000274658203;78.26000213623047;78.31999969482422;7966200;57.20712661743164
2015-06-30;78.91999816894531;79.01000213623047;78.12999725341797;78.23999786376953;8451400;57.1486701965332
2015-07-01;78.38999938964844;79.7699966430664;78.12000274658203;79.72000122070312;8868000;58.22971725463867
2015-07-02;80.01000213623047;80.3499984741211;79.7699966430664;79.93000030517578;6602500;58.383121490478516
2015-07-06;79.61000061035156;80.22000122070312;79.5;80.05000305175781;6601200;58.47076416015625
2015-07-07;80.05999755859375;81.83000183105469;80.05999755859375;81.72000122070312;11690400;59.69058609008789
2015-07-08;81.20999908447266;81.69000244140625;80.88999938964844;80.98999786376953;6724700;59.157379150390625
2015-07-09;81.75;82.0;80.5199966430664;80.66000366210938;10419800;58.91633987426758
2015-07-10;81.2300033569336;81.36000061035156;80.76000213623047;80.94999694824219;6892500;59.128143310546875
2015-07-13;81.5199966430664;82.04000091552734;81.33999633789062;81.91000366210938;7332900;59.82936096191406
2015-07-14;82.04000091552734;82.45999908447266;81.9800033569336;82.04000091552734;6119500;59.92432403564453
2015-07-15;81.91000366210938;82.31999969482422;81.83999633789062;82.1500015258789;6673700;60.004676818847656
2015-07-16;82.44999694824219;82.55000305175781;82.0999984741211;82.30000305175781;6623400;60.11423873901367
2015-07-17;81.88999938964844;82.37999725341797;81.5999984741211;82.23999786376953;5827300;60.07040023803711
2015-07-20;82.08999633789062;82.3499984741211;82.0;82.19000244140625;5012900;60.033870697021484
2015-07-21;82.01000213623047;82.12999725341797;81.37000274658203;81.62999725341797;7512400;59.624847412109375
2015-07-22;81.02999877929688;81.30000305175781;80.66999816894531;80.83000183105469;6106400;59.52394104003906
2015-07-23;80.83000183105469;80.88999938964844;80.13999938964844;80.69999694824219;5380900;59.4282112121582
2015-07-24;80.51000213623047;80.7300033569336;80.2300033569336;80.29000091552734;5660800;59.126277923583984
2015-07-27;79.83000183105469;80.06999969482422;79.43000030517578;79.97000122070312;8613600;58.890655517578125
2015-07-28;80.13999938964844;80.66000366210938;79.91000366210938;80.2300033569336;8649900;59.08209991455078
2015-07-29;80.26000213623047;80.98999786376953;80.16000366210938;80.62000274658203;8921500;59.369300842285156
2015-07-30;79.4000015258789;79.4800033569336;77.1500015258789;77.38999938964844;22067800;56.990726470947266
2015-07-31;77.62999725341797;77.73999786376953;76.66000366210938;76.69999694824219;11877200;56.48258972167969
2015-08-03;76.51000213623047;77.08999633789062;76.01000213623047;76.4000015258789;9511300;56.26166534423828
2015-08-04;76.02999877929688;76.33999633789062;75.75;75.91000366210938;13369100;55.900821685791016
2015-08-05;76.05000305175781;76.54000091552734;75.75;75.7699966430664;10895400;55.79771423339844
2015-08-06;76.01000213623047;76.01000213623047;75.25;75.73999786376953;9353300;55.775630950927734
2015-08-07;75.58999633789062;75.72000122070312;75.33999633789062;75.4800033569336;10045400;55.584171295166016
2015-08-10;75.94999694824219;76.5;75.80000305175781;76.37999725341797;9165900;56.24694061279297
2015-08-11;76.04000091552734;76.44999694824219;75.80999755859375;76.22000122070312;7491900;56.12912368774414
2015-08-12;75.88999938964844;76.43000030517578;75.33999633789062;76.38999938964844;10397700;56.254310607910156
2015-08-13;76.48999786376953;76.51000213623047;75.62999725341797;75.77999877929688;5948000;55.80508804321289
2015-08-14;75.73999786376953;75.80999755859375;75.37999725341797;75.62000274658203;5586900;55.68727111816406
2015-08-17;75.80999755859375;75.80999755859375;74.75;75.52999877929688;8683900;55.62099075317383
2015-08-18;75.58000183105469;75.80000305175781;75.0;75.12999725341797;7445900;55.3264274597168
2015-08-19;74.93000030517578;74.93000030517578;74.0199966430664;74.12000274658203;9865300;54.582645416259766
2015-08-20;73.75;74.72000122070312;73.45999908447266;73.91000366210938;10696500;54.428016662597656
2015-08-21;73.55000305175781;73.9000015258789;71.83000183105469;71.83999633789062;15763900;52.90361785888672
2015-08-24;68.56999969482422;71.06999969482422;65.0199966430664;69.13999938964844;23696300;50.915340423583984
2015-08-25;72.18000030517578;72.2300033569336;68.30000305175781;68.41999816894531;21476900;50.38511276245117
2015-08-26;69.9000015258789;71.0;68.94999694824219;70.9000015258789;17464700;52.21141815185547
2015-08-27;71.4000015258789;71.75;70.0199966430664;71.4800033569336;13434000;52.6385383605957
2015-08-28;71.16999816894531;71.2699966430664;70.58999633789062;71.20999908447266;10020000;52.439697265625
2015-08-31;71.0;71.0;70.30000305175781;70.66999816894531;9520900;52.042030334472656
2015-09-01;69.37000274658203;69.87999725341797;68.5199966430664;68.9000015258789;15437700;50.73859786987305
2015-09-02;69.6500015258789;69.8499984741211;69.22000122070312;69.80999755859375;8903700;51.40872573852539
2015-09-03;70.18000030517578;70.45999908447266;69.69999694824219;69.93000030517578;8468300;51.49711608886719
2015-09-04;69.27999877929688;69.27999877929688;68.5;68.76000213623047;11497500;50.63549041748047
2015-09-08;70.30999755859375;70.44000244140625;69.55999755859375;69.9800033569336;9182300;51.53391647338867
2015-09-09;70.44000244140625;70.54000091552734;68.37000274658203;68.4800033569336;11070600;50.42930221557617
2015-09-10;68.12000274658203;68.94999694824219;67.75;68.31999969482422;12591100;50.31148147583008
2015-09-11;68.05999755859375;68.51000213623047;67.7300033569336;68.41999816894531;11291400;50.38511276245117
2015-09-14;68.2300033569336;68.30000305175781;67.33000183105469;68.05999755859375;9712800;50.1200065612793
2015-09-15;68.0199966430664;69.73999786376953;67.9000015258789;69.44999694824219;11043700;51.143611907958984
2015-09-16;70.12000274658203;70.36000061035156;69.69999694824219;70.0999984741211;8704200;51.62228012084961
2015-09-17;70.0;71.2699966430664;69.86000061035156;70.23999786376953;11029600;51.725379943847656
2015-09-18;69.44000244140625;70.77999877929688;69.37000274658203;69.94000244140625;18210200;51.504459381103516
2015-09-21;70.1500015258789;70.87999725341797;70.01000213623047;70.6500015258789;7742800;52.027305603027344
2015-09-22;70.05999755859375;70.6500015258789;69.9800033569336;70.19000244140625;10207800;51.688568115234375
2015-09-23;70.18000030517578;70.48999786376953;69.95999908447266;70.26000213623047;6294200;51.740116119384766
2015-09-24;69.81999969482422;71.58000183105469;69.73999786376953;71.36000061035156;13423500;52.55016326904297
2015-09-25;72.38999938964844;73.37999725341797;71.94999694824219;72.66999816894531;15080700;53.514862060546875
2015-09-28;72.30999755859375;72.66999816894531;71.75;71.7699966430664;9207300;52.85210037231445
2015-09-29;71.7699966430664;72.41000366210938;71.3499984741211;72.27999877929688;9033300;53.22764587402344
2015-09-30;72.86000061035156;73.05999755859375;71.55000305175781;71.94000244140625;11041900;52.9772834777832
2015-10-01;71.76000213623047;72.18000030517578;71.4000015258789;71.94999694824219;8547600;52.984622955322266
2015-10-02;71.36000061035156;72.41999816894531;71.29000091552734;72.41999816894531;9085600;53.33075714111328
2015-10-05;72.97000122070312;73.43000030517578;72.5;73.22000122070312;9187700;53.91987609863281
2015-10-06;73.33999633789062;73.77999877929688;72.58999633789062;73.4000015258789;8851500;54.05244827270508
2015-10-07;73.72000122070312;73.87000274658203;73.31999969482422;73.72000122070312;8013200;54.2880973815918
2015-10-08;73.68000030517578;74.44000244140625;73.48999786376953;74.4000015258789;6856600;54.788848876953125
2015-10-09;74.58999633789062;74.91000366210938;74.31999969482422;74.4800033569336;6880100;54.847774505615234
2015-10-12;74.69000244140625;74.76000213623047;73.91000366210938;74.33000183105469;6255900;54.7373046875
2015-10-13;74.23999786376953;74.27999877929688;73.66000366210938;74.11000061035156;8390200;54.57527160644531
2015-10-14;74.20999908447266;74.61000061035156;73.9000015258789;74.20999908447266;8479200;54.648929595947266
2015-10-15;74.63999938964844;74.83999633789062;74.02999877929688;74.2699966430664;8607400;54.693115234375
2015-10-16;74.72000122070312;75.04000091552734;74.33999633789062;74.9000015258789;9578900;55.15707015991211
2015-10-19;74.6500015258789;75.19000244140625;74.52999877929688;75.16000366210938;7292200;55.34851837158203
2015-10-20;74.87000274658203;75.05000305175781;74.16000366210938;74.43000030517578;8531900;54.81093978881836
2015-10-21;73.75;74.54000091552734;73.5;73.58999633789062;8302100;54.6794319152832
2015-10-22;73.86000061035156;75.61000061035156;73.61000061035156;74.8499984741211;14080900;55.61561965942383
2015-10-23;76.76000213623047;78.44999694824219;76.30999755859375;77.02999877929688;16451200;57.23543167114258
2015-10-26;77.0;77.9000015258789;77.0;77.48999786376953;11464700;57.57722091674805
2015-10-27;77.12000274658203;77.36000061035156;76.80999755859375;77.29000091552734;9423400;57.428619384765625
2015-10-28;77.38999938964844;77.54000091552734;75.69000244140625;76.51000213623047;10178400;56.84906768798828
2015-10-29;76.75;77.19000244140625;76.23999786376953;77.0199966430664;8230700;57.22800064086914
2015-10-30;76.9800033569336;77.13999938964844;76.37999725341797;76.37999725341797;9547700;56.75247573852539
2015-11-02;76.56999969482422;76.7699966430664;76.05000305175781;76.5999984741211;7152900;56.91592788696289
2015-11-03;76.30000305175781;77.41999816894531;75.95999908447266;77.05000305175781;8013200;57.250282287597656
2015-11-04;77.02999877929688;77.13999938964844;76.51000213623047;77.05999755859375;6375400;57.25773239135742
2015-11-05;77.08999633789062;77.26000213623047;75.95999908447266;76.38999938964844;6860900;56.75990295410156
2015-11-06;75.87999725341797;76.0;74.69000244140625;75.56999969482422;9483500;56.15061950683594
2015-11-09;75.19000244140625;75.62999725341797;74.93000030517578;75.4000015258789;8607200;56.02429962158203
2015-11-10;75.37999725341797;76.23999786376953;75.2300033569336;75.7699966430664;6551000;56.29920196533203
2015-11-11;76.0199966430664;76.43000030517578;75.91999816894531;75.95999908447266;5295900;56.440391540527344
2015-11-12;75.66999816894531;76.01000213623047;74.66000366210938;74.66000366210938;7678600;55.47447204589844
2015-11-13;74.63999938964844;74.9800033569336;73.94999694824219;73.95999908447266;8468800;54.954341888427734
2015-11-16;74.25;75.33000183105469;74.01000213623047;75.30000305175781;7410600;55.950008392333984
2015-11-17;75.33000183105469;76.01000213623047;74.87000274658203;75.06999969482422;8761800;55.77909851074219
2015-11-18;74.9800033569336;75.95999908447266;74.80999755859375;75.9000015258789;6447100;56.39579391479492
2015-11-19;76.13999938964844;76.95999908447266;76.0199966430664;76.22000122070312;7899500;56.63359451293945
2015-11-20;76.55000305175781;76.86000061035156;75.68000030517578;75.81999969482422;9533200;56.33638000488281
2015-11-23;75.81999969482422;76.05999755859375;75.4000015258789;75.97000122070312;9421300;56.44783401489258
2015-11-24;75.62000274658203;76.69000244140625;75.61000061035156;76.44999694824219;7086800;56.804473876953125
2015-11-25;76.52999877929688;76.73999786376953;75.87999725341797;75.9000015258789;4266500;56.39579391479492
2015-11-27;75.88999938964844;76.37000274658203;75.5;75.69999694824219;2390100;56.247222900390625
2015-11-30;75.58000183105469;75.80999755859375;74.83999633789062;74.83999633789062;8935700;55.60820388793945
2015-12-01;74.87000274658203;76.22000122070312;74.87000274658203;75.94000244140625;8391700;56.42554473876953
2015-12-02;75.7300033569336;76.45999908447266;75.6500015258789;75.79000091552734;8104200;56.314083099365234
2015-12-03;75.83000183105469;76.19999694824219;75.16999816894531;75.73999786376953;11177800;56.27693176269531
2015-12-04;75.9800033569336;77.9000015258789;75.91999816894531;77.83000183105469;11961000;57.82985305786133
2015-12-07;77.54000091552734;78.5;77.54000091552734;78.37000274658203;9460000;58.23110580444336
2015-12-08;77.68000030517578;78.5;77.3499984741211;77.75;8312700;57.77042007446289
2015-12-09;77.5999984741211;78.98999786376953;77.44000244140625;77.69999694824219;10081900;57.7332763671875
2015-12-10;77.91000366210938;78.54000091552734;77.56999969482422;77.79000091552734;8984200;57.800148010253906
2015-12-11;77.51000213623047;78.33000183105469;77.11000061035156;77.77999877929688;12280500;57.79270935058594
2015-12-14;77.62999725341797;78.52999877929688;77.44000244140625;78.29000091552734;12179000;58.17164993286133
2015-12-15;78.70999908447266;80.0;78.4800033569336;79.68000030517578;14113400;59.20446014404297
2015-12-16;79.9800033569336;81.2300033569336;79.80000305175781;80.98999786376953;14102600;60.17783737182617
2015-12-17;80.9800033569336;81.02999877929688;80.19999694824219;80.29000091552734;9864200;59.65768814086914
2015-12-18;79.94999694824219;80.12000274658203;78.12999725341797;78.12999725341797;21342100;58.052757263183594
2015-12-21;78.62999725341797;78.9800033569336;78.1500015258789;78.94999694824219;9105800;58.66204071044922
2015-12-22;79.16000366210938;79.75;78.87999725341797;79.5999984741211;9872200;59.145015716552734
2015-12-23;79.94999694824219;80.43000030517578;79.5;79.91999816894531;8254600;59.3828125
2015-12-24;79.66000366210938;80.1500015258789;79.5999984741211;79.79000091552734;2498000;59.28620147705078
2015-12-28;79.73999786376953;79.97000122070312;79.47000122070312;79.91999816894531;4150000;59.3828125
2015-12-29;80.22000122070312;80.61000061035156;79.8499984741211;80.36000061035156;4406100;59.70973205566406
2015-12-30;80.45999908447266;80.5;80.0;80.06999969482422;3793200;59.494239807128906
2015-12-31;79.91000366210938;80.04000091552734;79.30999755859375;79.41000366210938;5077700;59.003822326660156
2016-01-04;78.36000061035156;78.5;77.54000091552734;78.37000274658203;11529800;58.23110580444336
2016-01-05;78.44000244140625;78.95999908447266;78.20999908447266;78.62000274658203;8133700;58.416847229003906
2016-01-06;77.66999816894531;78.29000091552734;77.12000274658203;77.86000061035156;9551000;57.852149963378906
2016-01-07;76.8499984741211;77.5999984741211;76.06999969482422;77.18000030517578;11973900;57.34689712524414
2016-01-08;77.36000061035156;77.4800033569336;75.66999816894531;75.97000122070312;9676400;56.44783401489258
2016-01-11;76.16999816894531;77.04000091552734;75.5999984741211;76.66999816894531;10209200;56.967926025390625
2016-01-12;77.0;77.0199966430664;75.75;76.51000213623047;8774700;56.84906768798828
2016-01-13;76.97000122070312;76.98999786376953;75.79000091552734;75.8499984741211;9310100;56.35866928100586
2016-01-14;76.0999984741211;76.94999694824219;75.87999725341797;76.1500015258789;12835100;56.581573486328125
2016-01-15;74.5;75.68000030517578;74.47000122070312;74.9800033569336;17023900;55.71222686767578
2016-01-19;75.80000305175781;76.91000366210938;75.72000122070312;76.7300033569336;13457300;57.012542724609375
2016-01-20;75.29000091552734;76.08999633789062;74.45999908447266;75.83000183105469;17795000;56.834896087646484
2016-01-21;76.0199966430664;77.18000030517578;75.41000366210938;76.72000122070312;12712900;57.50196838378906
2016-01-22;77.4000015258789;77.97000122070312;76.55000305175781;77.36000061035156;9465800;57.98163986206055
2016-01-25;77.19999694824219;77.36000061035156;76.55999755859375;76.8499984741211;9870400;57.59937286376953
2016-01-26;78.0;79.58000183105469;77.54000091552734;78.80999755859375;16374800;59.068424224853516
2016-01-27;78.52999877929688;79.8499984741211;78.1500015258789;78.80000305175781;10816100;59.060935974121094
2016-01-28;79.4000015258789;80.0;78.61000061035156;79.81999969482422;9895100;59.82542419433594
2016-01-29;79.9800033569336;82.0;79.83000183105469;81.69000244140625;19895000;61.22697067260742
2016-02-01;81.20999908447266;81.4000015258789;80.52999877929688;81.12000274658203;9657200;60.79978942871094
2016-02-02;80.08999633789062;80.54000091552734;79.80999755859375;80.22000122070312;9116400;60.12523651123047
2016-02-03;80.4800033569336;81.23999786376953;80.0199966430664;81.0999984741211;10149600;60.7848014831543
2016-02-04;80.8499984741211;81.0999984741211;80.33000183105469;80.69999694824219;8295100;60.484962463378906
2016-02-05;80.58000183105469;81.19999694824219;80.56999969482422;81.19999694824219;9957600;60.85974884033203
2016-02-08;80.29000091552734;82.72000122070312;80.29000091552734;82.62000274658203;16530200;61.924034118652344
2016-02-09;81.83000183105469;83.0;81.0199966430664;82.63999938964844;14308900;61.93903350830078
2016-02-10;82.91000366210938;83.0;81.45999908447266;81.62000274658203;10585400;61.17453384399414
2016-02-11;80.38999938964844;80.98999786376953;79.62999725341797;79.9000015258789;12343900;59.88536071777344
2016-02-12;80.36000061035156;81.0199966430664;79.79000091552734;80.98999786376953;9306100;60.70234298706055
2016-02-16;81.98999786376953;81.98999786376953;80.83999633789062;81.47000122070312;9352600;61.06210708618164
2016-02-17;81.6500015258789;82.83000183105469;81.51000213623047;82.44999694824219;10892900;61.7966194152832
2016-02-18;82.2300033569336;82.31999969482422;81.20999908447266;81.9800033569336;7702600;61.44435501098633
2016-02-19;81.95999908447266;82.26000213623047;81.4000015258789;81.79000091552734;7709600;61.301937103271484
2016-02-22;81.79000091552734;82.66999816894531;81.70999908447266;82.12999725341797;6916500;61.556766510009766
2016-02-23;82.0;82.45999908447266;81.61000061035156;81.80999755859375;5840600;61.316925048828125
2016-02-24;81.26000213623047;81.63999938964844;80.66000366210938;81.55999755859375;6759800;61.129554748535156
2016-02-25;81.69999694824219;82.33999633789062;81.47000122070312;82.33999633789062;6789700;61.71417236328125
2016-02-26;82.5199966430664;82.6500015258789;80.94999694824219;81.0999984741211;9281100;60.7848014831543
2016-02-29;81.0999984741211;81.3499984741211;80.20999908447266;80.29000091552734;11065300;60.17767333984375
2016-03-01;80.54000091552734;81.36000061035156;80.52999877929688;81.2300033569336;9483900;60.88224792480469
2016-03-02;81.58000183105469;82.66000366210938;80.8499984741211;82.55000305175781;12096600;61.871578216552734
2016-03-03;82.54000091552734;82.93000030517578;82.18000030517578;82.83999633789062;8747100;62.08891677856445
2016-03-04;82.62000274658203;83.73999786376953;82.26000213623047;83.48999786376953;9406700;62.576072692871094
2016-03-07;83.18000030517578;83.69999694824219;83.0;83.0999984741211;6792400;62.28378677368164
2016-03-08;82.97000122070312;83.75;82.66999816894531;83.05999755859375;7788400;62.25380325317383
2016-03-09;83.30000305175781;83.69000244140625;82.68000030517578;82.95999908447266;8954800;62.17884826660156
2016-03-10;83.12999725341797;83.2300033569336;81.75;82.27999877929688;10385600;61.669212341308594
2016-03-11;82.75;82.80000305175781;81.44000244140625;81.75;11109500;61.27196502685547
2016-03-14;81.56999969482422;81.8499984741211;80.68000030517578;81.16999816894531;12389300;60.83725357055664
2016-03-15;81.0;81.45999908447266;80.76000213623047;81.30999755859375;9297800;60.94218063354492
2016-03-16;81.30999755859375;81.80000305175781;80.4800033569336;81.33999633789062;9490300;60.96467208862305
2016-03-17;81.29000091552734;83.2300033569336;81.27999877929688;82.75;12061500;62.021488189697266
2016-03-18;82.86000061035156;83.5;82.44000244140625;83.1500015258789;33635200;62.3212776184082
2016-03-21;83.12000274658203;83.87000274658203;82.91000366210938;83.31999969482422;8625600;62.448673248291016
2016-03-22;83.27999877929688;83.31999969482422;82.48999786376953;82.73999786376953;7205900;62.013999938964844
2016-03-23;82.72000122070312;83.48999786376953;82.58000183105469;82.81999969482422;5594600;62.073917388916016
2016-03-24;82.45999908447266;83.12000274658203;82.43000030517578;82.88999938964844;6645700;62.126380920410156
2016-03-28;82.98999786376953;83.44999694824219;82.5199966430664;82.62000274658203;4988500;61.924034118652344
2016-03-29;82.66000366210938;83.08999633789062;82.16000366210938;82.80000305175781;6731400;62.058929443359375
2016-03-30;83.08999633789062;83.36000061035156;82.6500015258789;82.68000030517578;6925400;61.96902084350586
2016-03-31;82.75;83.0;82.1500015258789;82.30999755859375;6819200;61.69165802001953
2016-04-01;82.0;83.62000274658203;81.93000030517578;83.52999877929688;8028600;62.606109619140625
2016-04-04;83.6500015258789;83.6500015258789;83.02999877929688;83.20999908447266;5593400;62.36623001098633
2016-04-05;83.16000366210938;83.55999755859375;82.98999786376953;83.16000366210938;5259100;62.32878112792969
2016-04-06;83.13999938964844;83.83999633789062;83.08000183105469;83.80999755859375;6292100;62.815940856933594
2016-04-07;83.23999786376953;83.68000030517578;82.87000274658203;83.23999786376953;6655900;62.38872528076172
2016-04-08;83.44000244140625;83.44999694824219;82.7699966430664;83.19999694824219;5453000;62.3587532043457
2016-04-11;83.02999877929688;83.33999633789062;82.66000366210938;82.7300033569336;7081500;62.00646209716797
2016-04-12;82.70999908447266;83.20999908447266;82.44999694824219;82.83000183105469;7081600;62.08141326904297
2016-04-13;83.05000305175781;83.43000030517578;81.83999633789062;82.45999908447266;11738600;61.80411911010742
2016-04-14;81.94999694824219;82.37000274658203;81.54000091552734;82.01000213623047;6904400;61.9703483581543
2016-04-15;82.05000305175781;82.43000030517578;81.8499984741211;82.30000305175781;7299300;62.18948745727539
2016-04-18;82.30000305175781;82.98999786376953;82.0199966430664;82.83000183105469;5628000;62.589969635009766
2016-04-19;82.91000366210938;83.69999694824219;82.8499984741211;83.27999877929688;6606100;62.929996490478516
2016-04-20;83.29000091552734;83.33999633789062;81.4800033569336;81.55000305175781;9124200;61.62272644042969
2016-04-21;81.04000091552734;81.30999755859375;80.55000305175781;80.80000305175781;8802100;61.0560302734375
2016-04-22;80.4000015258789;80.94999694824219;79.91000366210938;80.94999694824219;8027700;61.169368743896484
2016-04-25;80.91999816894531;81.4800033569336;80.41999816894531;81.41000366210938;7672800;61.51696014404297
2016-04-26;81.5;81.5;79.20999908447266;79.55000305175781;13742300;60.11146926879883
2016-04-27;79.47000122070312;80.1500015258789;79.0999984741211;79.88999938964844;7689700;60.368377685546875
2016-04-28;79.4800033569336;80.2699966430664;79.38999938964844;79.76000213623047;7615900;60.2701530456543
2016-04-29;79.66999816894531;80.1500015258789;79.37000274658203;80.12000274658203;9391000;60.54219055175781
2016-05-02;80.0199966430664;81.30000305175781;80.0199966430664;80.97000122070312;7862600;61.18446350097656
2016-05-03;80.80000305175781;81.69999694824219;80.69000244140625;81.0999984741211;7617500;61.28273010253906
2016-05-04;80.87000274658203;81.7699966430664;80.87000274658203;81.5999984741211;7365900;61.66054916381836
2016-05-05;81.5999984741211;82.08999633789062;80.91999816894531;81.30000305175781;6399500;61.4338493347168
2016-05-06;81.41999816894531;82.25;81.16999816894531;82.12999725341797;6297200;62.06102752685547
2016-05-09;82.20999908447266;82.7300033569336;81.97000122070312;82.12000274658203;6718800;62.053462982177734
2016-05-10;82.1500015258789;82.68000030517578;82.12000274658203;82.4800033569336;6222400;62.32550048828125
2016-05-11;82.5;82.88999938964844;82.12999725341797;82.1500015258789;5975000;62.076168060302734
2016-05-12;82.4800033569336;82.73999786376953;82.11000061035156;82.41000366210938;4925000;62.27259826660156
2016-05-13;82.41999816894531;82.41999816894531;81.0;81.2300033569336;6579000;61.380977630615234
2016-05-16;81.01000213623047;81.88999938964844;80.75;81.62999725341797;6497200;61.683204650878906
2016-05-17;81.63999938964844;82.05999755859375;80.33000183105469;80.62000274658203;10188200;60.91999816894531
2016-05-18;80.58999633789062;80.7699966430664;79.41000366210938;79.8499984741211;8344100;60.338165283203125
2016-05-19;79.63999938964844;80.22000122070312;79.44999694824219;80.19000244140625;6242500;60.595069885253906
2016-05-20;80.44000244140625;80.5;79.79000091552734;80.0199966430664;6526800;60.46664047241211
2016-05-23;80.05000305175781;80.33000183105469;79.8499984741211;80.19999694824219;5620600;60.60262680053711
2016-05-24;80.30000305175781;81.37999725341797;80.30000305175781;80.97000122070312;6293300;61.18446350097656
2016-05-25;81.08000183105469;81.7699966430664;81.01000213623047;81.4800033569336;6049800;61.56986999511719
2016-05-26;81.4800033569336;81.5999984741211;81.08999633789062;81.22000122070312;4622300;61.373382568359375
2016-05-27;81.2699966430664;81.66000366210938;81.16000366210938;81.43000030517578;4322200;61.53208923339844
2016-05-31;81.58000183105469;81.81999969482422;80.73999786376953;81.04000091552734;6705000;61.237369537353516
2016-06-01;80.94999694824219;81.80000305175781;80.86000061035156;81.79000091552734;6184100;61.80411148071289
2016-06-02;81.52999877929688;81.94999694824219;81.33000183105469;81.94999694824219;5186300;61.92499923706055
2016-06-03;81.93000030517578;82.48999786376953;81.77999877929688;82.47000122070312;6306700;62.31793212890625
2016-06-06;82.4000015258789;82.83000183105469;82.2300033569336;82.7699966430664;5292300;62.54463195800781
2016-06-07;82.76000213623047;82.88999938964844;82.25;82.31999969482422;6327500;62.20460891723633
2016-06-08;82.37000274658203;82.75;82.0199966430664;82.6500015258789;4712600;62.453948974609375
2016-06-09;82.58000183105469;83.26000213623047;82.43000030517578;83.16999816894531;6144900;62.846893310546875
2016-06-10;82.7699966430664;83.33999633789062;82.61000061035156;83.19999694824219;6840800;62.86957550048828
2016-06-13;82.95999908447266;83.4000015258789;82.52999877929688;82.56999969482422;6167400;62.39350891113281
2016-06-14;82.55000305175781;83.37000274658203;82.2699966430664;83.3499984741211;6868600;62.98291015625
2016-06-15;83.4000015258789;83.5;82.81999969482422;82.94999694824219;7082200;62.6806640625
2016-06-16;82.66999816894531;83.61000061035156;82.66000366210938;83.41000366210938;6630100;63.028255462646484
2016-06-17;83.30999755859375;83.44000244140625;82.3499984741211;83.12999725341797;11741700;62.81666946411133
2016-06-20;83.5199966430664;83.69999694824219;83.02999877929688;83.04000091552734;6164300;62.7486686706543
2016-06-21;83.08999633789062;83.77999877929688;83.08999633789062;83.41000366210938;6594700;63.028255462646484
2016-06-22;83.5;83.76000213623047;83.29000091552734;83.56999969482422;4940100;63.1491584777832
2016-06-23;83.80999755859375;84.20999908447266;83.56999969482422;84.20999908447266;7361300;63.632781982421875
2016-06-24;82.61000061035156;83.81999969482422;81.98999786376953;82.26000213623047;12401100;62.15929412841797
2016-06-27;81.83000183105469;81.88999938964844;81.0;81.2300033569336;9601800;61.380977630615234
2016-06-28;81.44000244140625;82.48999786376953;80.94999694824219;82.45999908447266;9257100;62.310394287109375
2016-06-29;82.95999908447266;83.91000366210938;82.91000366210938;83.91000366210938;7927500;63.40606689453125
2016-06-30;83.91000366210938;84.80000305175781;83.81999969482422;84.66999816894531;10969300;63.98037338256836
2016-07-01;84.5199966430664;84.98999786376953;84.51000213623047;84.77999877929688;9531100;64.0634994506836
2016-07-05;84.4800033569336;85.94999694824219;84.44999694824219;85.44000244140625;11403100;64.56222534179688
2016-07-06;85.37000274658203;85.5;84.73999786376953;85.02999877929688;8356500;64.25239562988281
2016-07-07;85.2300033569336;85.23999786376953;84.52999877929688;84.83000183105469;7905700;64.10126495361328
2016-07-08;84.9800033569336;85.9000015258789;84.7699966430664;85.7699966430664;6827300;64.81157684326172
2016-07-11;85.61000061035156;85.94999694824219;84.91000366210938;85.75;6156800;64.79647064208984
2016-07-12;85.48999786376953;85.94000244140625;85.19000244140625;85.75;6649800;64.79647064208984
2016-07-13;85.80999755859375;86.1500015258789;85.41000366210938;85.88999938964844;7572100;64.90225219726562
2016-07-14;86.44000244140625;86.88999938964844;85.8499984741211;85.87000274658203;11342600;64.88713073730469
2016-07-15;86.25;86.4800033569336;85.79000091552734;86.01000213623047;8491300;64.992919921875
2016-07-18;86.0199966430664;86.05000305175781;85.69999694824219;85.93000030517578;4781300;64.93246459960938
2016-07-19;85.66999816894531;86.18000030517578;85.55999755859375;86.16999816894531;6078200;65.11384582519531
2016-07-20;85.37999725341797;85.7300033569336;85.12999725341797;85.31999969482422;6289000;64.97674560546875
2016-07-21;85.0199966430664;85.37000274658203;84.87999725341797;85.26000213623047;5407000;64.9310531616211
2016-07-22;85.5;85.9800033569336;85.44999694824219;85.72000122070312;6165600;65.28137969970703
2016-07-25;85.52999877929688;85.80000305175781;85.1500015258789;85.80000305175781;5605300;65.34229278564453
2016-07-26;85.68000030517578;86.08000183105469;85.16999816894531;85.2699966430664;5379300;64.93864440917969
2016-07-27;85.23999786376953;85.30000305175781;84.31999969482422;84.45999908447266;7744700;64.3218002319336
2016-07-28;84.41999816894531;84.9800033569336;84.4000015258789;84.80999755859375;5911600;64.58833312988281
2016-07-29;84.88999938964844;85.79000091552734;84.80000305175781;85.58999633789062;7520900;65.182373046875
2016-08-01;85.44000244140625;86.58000183105469;85.41999816894531;86.41000366210938;10420600;65.8068618774414
2016-08-02;87.0199966430664;87.1500015258789;86.23999786376953;86.76000213623047;13083200;66.0733871459961
2016-08-03;86.51000213623047;86.72000122070312;85.45999908447266;85.97000122070312;8192100;65.47176361083984
2016-08-04;86.12000274658203;86.52999877929688;85.80000305175781;86.05000305175781;5564100;65.53266143798828
2016-08-05;86.08000183105469;86.44000244140625;85.52999877929688;85.77999877929688;6729700;65.32706451416016
2016-08-08;85.61000061035156;85.9000015258789;85.12999725341797;85.76000213623047;5388200;65.31185150146484
2016-08-09;85.86000061035156;86.33999633789062;85.68000030517578;85.98999786376953;4158800;65.48698425292969
2016-08-10;86.26000213623047;86.81999969482422;86.0;86.30999755859375;5981400;65.73069763183594
2016-08-11;86.69999694824219;87.0;86.4000015258789;86.7300033569336;7387100;66.05055236816406
2016-08-12;86.91999816894531;87.44999694824219;86.77999877929688;87.04000091552734;8063400;66.28662872314453
2016-08-15;87.5199966430664;87.56999969482422;86.98999786376953;87.0199966430664;6871200;66.27142333984375
2016-08-16;86.9800033569336;87.4000015258789;86.47000122070312;86.58000183105469;8071100;65.93631744384766
2016-08-17;86.44999694824219;87.11000061035156;85.97000122070312;86.95999908447266;6762100;66.22572326660156
2016-08-18;86.94000244140625;87.45999908447266;86.94000244140625;87.44000244140625;7082800;66.59125518798828
2016-08-19;87.19999694824219;87.41000366210938;87.05000305175781;87.30999755859375;6199900;66.49223327636719
2016-08-22;87.13999938964844;87.20999908447266;86.58000183105469;86.8499984741211;5921100;66.14192962646484
2016-08-23;87.12999725341797;87.5;87.04000091552734;87.4000015258789;5420100;66.56079864501953
2016-08-24;87.31999969482422;87.44999694824219;86.55999755859375;87.30999755859375;5713300;66.49223327636719
2016-08-25;87.30000305175781;87.94000244140625;87.04000091552734;87.9000015258789;10595500;66.94157409667969
2016-08-26;87.87000274658203;88.5;87.16999816894531;87.58000183105469;16408200;66.6978988647461
2016-08-29;87.38999938964844;88.4000015258789;87.31999969482422;88.30000305175781;8934500;67.24623107910156
2016-08-30;87.72000122070312;88.30000305175781;87.45999908447266;87.54000091552734;11619400;66.66740417480469
2016-08-31;87.75;87.8499984741211;87.02999877929688;87.30999755859375;11407800;66.49223327636719
2016-09-01;87.36000061035156;88.30999755859375;86.9800033569336;88.30999755859375;29793300;67.25382995605469
2016-09-02;88.4800033569336;88.87000274658203;88.04000091552734;88.19999694824219;17470400;67.17005920410156
2016-09-06;88.25;88.63999938964844;87.87999725341797;88.63999938964844;14472100;67.5051498413086
2016-09-07;88.30999755859375;88.41000366210938;87.70999908447266;87.94999694824219;17556400;66.97965240478516
2016-09-08;87.94999694824219;88.18000030517578;87.62999725341797;87.77999877929688;23465700;66.85018920898438
2016-09-09;87.0999984741211;87.16999816894531;86.23999786376953;86.23999786376953;21955000;65.6773681640625
2016-09-12;86.04000091552734;88.37999725341797;85.95999908447266;88.25;16105700;67.20812225341797
2016-09-13;87.55000305175781;87.91000366210938;87.01000213623047;87.05000305175781;19682700;66.29426574707031
2016-09-14;87.12000274658203;87.5999984741211;86.87000274658203;87.01000213623047;25397900;66.2637710571289
2016-09-15;86.75;88.2699966430664;86.75;88.05999755859375;13833600;67.06340789794922
2016-09-16;87.62000274658203;88.11000061035156;87.30000305175781;88.05000305175781;23518300;67.05581665039062
2016-09-19;87.91999816894531;88.94999694824219;87.25;88.37000274658203;19173900;67.2995376586914
2016-09-20;88.5;88.94999694824219;88.18000030517578;88.58000183105469;33986500;67.45945739746094
2016-09-21;88.54000091552734;88.79000091552734;86.44000244140625;87.80000305175781;55409800;66.86541748046875
2016-09-22;87.7699966430664;89.30000305175781;87.7699966430664;88.98999786376953;52692700;67.7717056274414
2016-09-23;88.62999725341797;88.94000244140625;87.48999786376953;87.76000213623047;48281400;66.83497619628906
2016-09-26;87.41999816894531;88.43000030517578;86.61000061035156;87.8499984741211;60276600;66.90350341796875
2016-09-27;88.05999755859375;88.80999755859375;87.66000366210938;88.36000061035156;65150800;67.2918930053711
2016-09-28;88.9800033569336;89.7300033569336;88.47000122070312;89.45999908447266;89806000;68.1296157836914
2016-09-29;89.16000366210938;89.2699966430664;87.54000091552734;88.2300033569336;74587500;67.19291687011719
2016-09-30;88.30000305175781;90.22000122070312;88.29000091552734;89.75;123735700;68.3504867553711
2016-10-03;89.3499984741211;89.44999694824219;88.41000366210938;88.66000366210938;26789500;67.5203857421875
2016-10-04;88.29000091552734;88.68000030517578;87.94999694824219;88.3499984741211;23317600;67.2843017578125
2016-10-05;88.4800033569336;89.0;88.20999908447266;88.8499984741211;64580300;67.66505432128906
2016-10-06;88.61000061035156;89.7300033569336;88.47000122070312;89.22000122070312;61462800;67.94684600830078
2016-10-07;89.01000213623047;90.05000305175781;88.30000305175781;90.0;20518800;68.54088592529297
2016-10-10;90.19000244140625;90.33000183105469;88.77999877929688;89.05999755859375;15492400;67.8249740600586
2016-10-11;88.83000183105469;89.12000274658203;88.19999694824219;88.54000091552734;11723100;67.4289779663086
2016-10-12;88.73999786376953;89.01000213623047;88.33000183105469;88.56999969482422;17118000;67.45184326171875
2016-10-13;88.05000305175781;88.56999969482422;87.5999984741211;88.23999786376953;11158100;67.20052337646484
2016-10-14;88.5;88.95999908447266;88.22000122070312;88.43000030517578;7369000;67.3451919555664
2016-10-17;88.43000030517578;88.6500015258789;87.70999908447266;87.83000183105469;7610600;66.8882827758789
2016-10-18;88.20999908447266;88.2699966430664;87.44000244140625;87.44999694824219;10749500;66.59886932373047
2016-10-19;86.6500015258789;86.81999969482422;85.44000244140625;85.54000091552734;12788800;65.64725494384766
2016-10-20;85.37999725341797;85.5199966430664;84.79000091552734;84.93000030517578;10175100;65.17910766601562
2016-10-21;84.41000366210938;84.86000061035156;84.23999786376953;84.33000183105469;13974100;64.71863555908203
2016-10-24;84.38999938964844;84.69999694824219;84.05999755859375;84.0999984741211;10573200;64.5421142578125
2016-10-25;87.48999786376953;88.08000183105469;86.97000122070312;86.97000122070312;20761200;66.74470520019531
2016-10-26;86.91000366210938;87.73999786376953;86.77999877929688;87.4000015258789;8464100;67.07469940185547
2016-10-27;87.51000213623047;87.5999984741211;86.44999694824219;86.58000183105469;6598300;66.44540405273438
2016-10-28;86.87000274658203;87.2300033569336;86.44999694824219;86.83999633789062;7021100;66.64491271972656
2016-10-31;87.01000213623047;87.47000122070312;86.69000244140625;86.80000305175781;8207100;66.61422729492188
2016-11-01;86.58000183105469;86.98999786376953;86.4800033569336;86.8499984741211;8564500;66.65257263183594
2016-11-02;86.7699966430664;87.41000366210938;86.55999755859375;86.73999786376953;7773200;66.56818389892578
2016-11-03;86.80000305175781;86.9800033569336;86.47000122070312;86.5999984741211;6899900;66.46073913574219
2016-11-04;86.69000244140625;86.7300033569336;85.06999969482422;85.08000183105469;9378100;65.2942123413086
2016-11-07;86.0199966430664;86.56999969482422;85.5999984741211;86.55999755859375;8878500;66.43003845214844
2016-11-08;86.7699966430664;87.69000244140625;86.58999633789062;87.45999908447266;7674600;67.12074279785156
2016-11-09;85.26000213623047;86.54000091552734;84.30999755859375;85.93000030517578;11972500;65.94654846191406
2016-11-10;85.51000213623047;85.69999694824219;82.18000030517578;82.95999908447266;22095000;63.6672248840332
2016-11-11;82.66999816894531;84.05999755859375;82.6500015258789;83.58000183105469;8905700;64.14305877685547
2016-11-14;83.55999755859375;83.77999877929688;82.76000213623047;83.0;12862500;63.69792938232422
2016-11-15;84.58000183105469;84.58000183105469;82.87999725341797;83.62000274658203;9464000;64.17377471923828
2016-11-16;83.9800033569336;84.19999694824219;83.16999816894531;83.19000244140625;8542900;63.843746185302734
2016-11-17;83.2699966430664;83.5;82.93000030517578;83.06999969482422;9083700;63.75166320800781
2016-11-18;82.91999816894531;83.0999984741211;81.98999786376953;82.0;14565500;62.93051528930664
2016-11-21;82.0;82.75;81.70999908447266;82.63999938964844;11482100;63.421661376953125
2016-11-22;83.01000213623047;83.18000030517578;82.66000366210938;82.76000213623047;7426500;63.513729095458984
2016-11-23;82.58999633789062;82.93000030517578;82.5199966430664;82.68000030517578;7693300;63.45237731933594
2016-11-25;82.98999786376953;83.45999908447266;82.94999694824219;83.45999908447266;3882900;64.05097961425781
2016-11-28;83.12999725341797;83.36000061035156;82.76000213623047;83.06999969482422;6990100;63.75166320800781
2016-11-29;83.41999816894531;83.4800033569336;82.69000244140625;82.88999938964844;6183100;63.613521575927734
2016-11-30;82.5199966430664;82.83000183105469;82.26000213623047;82.45999908447266;12115500;63.28349304199219
2016-12-01;82.20999908447266;82.31999969482422;81.18000030517578;81.86000061035156;12516900;62.823062896728516
2016-12-02;82.3499984741211;82.68000030517578;82.06999969482422;82.4000015258789;9079400;63.23746871948242
2016-12-05;82.55999755859375;83.08000183105469;82.4800033569336;82.98999786376953;8597500;63.69028091430664
2016-12-06;83.23999786376953;83.25;82.61000061035156;82.91000366210938;7327200;63.628883361816406
2016-12-07;82.73999786376953;84.27999877929688;82.70999908447266;84.18000030517578;8567700;64.60350036621094
2016-12-08;83.79000091552734;84.18000030517578;83.5;83.5;7522800;64.08168029785156
2016-12-09;83.5199966430664;84.4000015258789;83.47000122070312;84.37000274658203;8004500;64.74932861328125
2016-12-12;84.20999908447266;85.18000030517578;84.20999908447266;85.12999725341797;7494100;65.33258056640625
2016-12-13;84.66999816894531;85.36000061035156;84.52999877929688;85.18000030517578;11795900;65.37093353271484
2016-12-14;85.29000091552734;85.73999786376953;84.16999816894531;84.37000274658203;12292200;64.74932861328125
2016-12-15;84.1500015258789;84.80000305175781;83.61000061035156;84.68000030517578;8768100;64.98721313476562
2016-12-16;84.9000015258789;85.12000274658203;84.1500015258789;84.68000030517578;21172400;64.98721313476562
2016-12-19;84.75;84.9800033569336;84.31999969482422;84.70999908447266;6431200;65.01023864746094
2016-12-20;84.56999969482422;84.70999908447266;84.19000244140625;84.56999969482422;7485400;64.90283203125
2016-12-21;84.19000244140625;84.7300033569336;84.12000274658203;84.27999877929688;6099300;64.68025207519531
2016-12-22;84.0;84.61000061035156;83.87000274658203;84.47000122070312;7864800;64.82606506347656
2016-12-23;84.68000030517578;85.18000030517578;84.55000305175781;84.95999908447266;5284200;65.20215606689453
2016-12-27;84.9000015258789;84.94000244140625;84.41999816894531;84.5999984741211;3782600;64.92584991455078
2016-12-28;84.4000015258789;84.62999725341797;83.94999694824219;84.06999969482422;4298800;64.51909637451172
2016-12-29;84.23999786376953;84.48999786376953;84.0999984741211;84.3499984741211;3718300;64.73396301269531
2016-12-30;84.16999816894531;84.44999694824219;83.91999816894531;84.08000183105469;6209800;64.52677917480469
2017-01-03;83.87999725341797;84.38999938964844;83.5;84.19999694824219;8792700;64.61885833740234
2017-01-04;84.44999694824219;84.5999984741211;84.23999786376953;84.5;8096700;64.8490982055664
2017-01-05;84.41000366210938;85.43000030517578;84.37999725341797;85.05999755859375;6852400;65.27886962890625
2017-01-06;84.94000244140625;85.25;84.62000274658203;85.02999877929688;4799900;65.25586700439453
2017-01-09;84.05999755859375;84.66000366210938;83.75;84.4000015258789;11000600;64.7723388671875
2017-01-10;84.33999633789062;84.43000030517578;83.23999786376953;83.48999786376953;10918200;64.0739974975586
2017-01-11;83.38999938964844;83.75;83.27999877929688;83.75;9572300;64.27352905273438
2017-01-12;83.70999908447266;83.87999725341797;83.37000274658203;83.83999633789062;6545400;64.34260559082031
2017-01-13;83.8499984741211;84.0199966430664;83.44000244140625;84.01000213623047;6762800;64.4730453491211
2017-01-17;83.9000015258789;85.58000183105469;83.87999725341797;85.20999908447266;13145100;65.39401245117188
2017-01-18;84.80000305175781;85.30000305175781;84.58999633789062;84.93000030517578;10520400;65.6956787109375
2017-01-19;84.62999725341797;85.0;84.27999877929688;84.69999694824219;14074500;65.51774597167969
2017-01-20;86.88999938964844;87.9800033569336;86.41999816894531;87.44999694824219;22944400;67.64495849609375
2017-01-23;87.08999633789062;87.3499984741211;86.8499984741211;86.95999908447266;9408900;67.26591491699219
2017-01-24;87.22000122070312;87.94999694824219;87.22000122070312;87.86000061035156;8704700;67.96209716796875
2017-01-25;87.83999633789062;87.9000015258789;87.05999755859375;87.16000366210938;8082900;67.42062377929688
2017-01-26;87.12000274658203;87.2300033569336;86.58999633789062;86.5999984741211;6542300;66.9874496459961
2017-01-27;86.44999694824219;86.8499984741211;86.0199966430664;86.72000122070312;9332300;67.08029174804688
2017-01-30;86.77999877929688;86.86000061035156;86.5;86.75;7350000;67.10346984863281
2017-01-31;86.62999725341797;87.66000366210938;86.52999877929688;87.5999984741211;9712400;67.76095581054688
2017-02-01;87.02999877929688;87.58999633789062;86.75;87.33000183105469;8291000;67.5521240234375
2017-02-02;87.61000061035156;88.3499984741211;87.25;87.76000213623047;8997200;67.8847427368164
2017-02-03;88.12000274658203;88.16999816894531;87.38999938964844;87.41000366210938;7161900;67.61399841308594
2017-02-06;87.5;87.79000091552734;87.12999725341797;87.4000015258789;7483000;67.60628509521484
2017-02-07;87.63999938964844;88.27999877929688;87.4800033569336;88.01000213623047;6646100;68.07813262939453
2017-02-08;88.06999969482422;88.33999633789062;87.80999755859375;88.33000183105469;6815800;68.32565307617188
2017-02-09;88.33000183105469;88.77999877929688;88.02999877929688;88.66999816894531;9914100;68.58863830566406
2017-02-10;88.55999755859375;88.7300033569336;87.97000122070312;87.97000122070312;11057600;68.04718780517578
2017-02-13;88.04000091552734;88.36000061035156;87.63999938964844;88.30999755859375;6905100;68.31018829345703
2017-02-14;88.0;88.22000122070312;87.2300033569336;87.86000061035156;20123400;67.96209716796875
2017-02-15;89.80999755859375;91.1500015258789;89.80999755859375;91.12000274658203;25847700;70.48382568359375
2017-02-16;90.91999816894531;91.12000274658203;90.54000091552734;90.79000091552734;12408500;70.22853088378906
2017-02-17;90.61000061035156;91.36000061035156;90.44999694824219;91.08999633789062;12152400;70.46060180664062
2017-02-21;90.58000183105469;91.80000305175781;90.58000183105469;91.66999816894531;9018700;70.90924835205078
2017-02-22;91.44999694824219;91.80000305175781;91.25;91.44000244140625;6749900;70.7313232421875
2017-02-23;91.61000061035156;91.80000305175781;90.91000366210938;91.12999725341797;7611600;70.49153900146484
2017-02-24;90.97000122070312;91.33999633789062;90.66999816894531;91.05000305175781;6643400;70.42964935302734
2017-02-27;90.52999877929688;90.91000366210938;90.05999755859375;90.88999938964844;11840300;70.30589294433594
2017-02-28;90.9000015258789;91.79000091552734;90.6500015258789;91.06999969482422;10535600;70.44510650634766
2017-03-01;91.05000305175781;91.88999938964844;90.70999908447266;91.66000366210938;8792200;70.9015121459961
2017-03-02;91.4000015258789;91.58999633789062;90.87999725341797;90.91000366210938;7031200;70.32135772705078
2017-03-03;90.91000366210938;90.91000366210938;89.88999938964844;90.5;8334900;70.00419616699219
2017-03-06;89.88999938964844;90.51000213623047;89.58999633789062;90.37000274658203;9533800;69.90365600585938
2017-03-07;90.13999938964844;90.48999786376953;90.05999755859375;90.29000091552734;5363000;69.84176635742188
2017-03-08;90.0199966430664;90.3499984741211;89.76000213623047;90.13999938964844;5503700;69.72573852539062
2017-03-09;90.13999938964844;90.48999786376953;90.0999984741211;90.33999633789062;5587400;69.88044738769531
2017-03-10;90.80000305175781;91.16000366210938;90.6500015258789;91.06999969482422;6797800;70.44510650634766
2017-03-13;91.05999755859375;91.48999786376953;90.8499984741211;91.30999755859375;7397500;70.63076782226562
2017-03-14;91.26000213623047;91.58999633789062;90.81999969482422;91.0;6686400;70.3909683227539
2017-03-15;91.0;91.77999877929688;90.7300033569336;91.4000015258789;7855300;70.70037841796875
2017-03-16;91.44000244140625;91.72000122070312;91.0999984741211;91.44000244140625;6601200;70.7313232421875
2017-03-17;91.44999694824219;92.0;90.91999816894531;91.0;37010100;70.3909683227539
2017-03-20;90.95999908447266;91.41000366210938;90.94000244140625;91.22000122070312;7772900;70.56114959716797
2017-03-21;91.30000305175781;91.75;91.02999877929688;91.19000244140625;8211000;70.53793334960938
2017-03-22;91.30999755859375;91.80000305175781;90.75;90.98999786376953;7798000;70.38325500488281
2017-03-23;90.91000366210938;91.45999908447266;90.5999984741211;90.7699966430664;6831400;70.21307373046875
2017-03-24;90.7699966430664;90.91999816894531;90.20999908447266;90.56999969482422;9252000;70.0583724975586
2017-03-27;90.44999694824219;90.72000122070312;90.18000030517578;90.48999786376953;10072000;69.9964828491211
2017-03-28;90.16999816894531;91.05999755859375;90.12999725341797;90.76000213623047;11855800;70.20532989501953
2017-03-29;90.55999755859375;90.87000274658203;90.38999938964844;90.5999984741211;4252800;70.0815658569336
2017-03-30;90.5;90.56999969482422;90.0999984741211;90.19999694824219;3691900;69.77217102050781
2017-03-31;90.02999877929688;90.33999633789062;89.83999633789062;89.8499984741211;6942400;69.50141143798828
2017-04-03;89.86000061035156;90.05999755859375;89.44999694824219;89.68000030517578;6967400;69.36991119384766
2017-04-04;89.75;89.95999908447266;89.41999816894531;89.91000366210938;5680800;69.5478286743164
2017-04-05;90.0;90.5;89.76000213623047;89.97000122070312;6320100;69.59425354003906
2017-04-06;89.7699966430664;89.80999755859375;89.30999755859375;89.4000015258789;7231500;69.1533432006836
2017-04-07;89.45999908447266;89.61000061035156;89.18000030517578;89.2300033569336;4739100;69.02185821533203
2017-04-10;89.12999725341797;89.68000030517578;88.75;89.48999786376953;5956000;69.22294616699219
2017-04-11;89.66000366210938;89.81999969482422;89.29000091552734;89.80000305175781;5186000;69.4627685546875
2017-04-12;89.69999694824219;90.41999816894531;89.55999755859375;90.30999755859375;6286300;69.85721588134766
2017-04-13;90.05000305175781;90.54000091552734;89.79000091552734;90.02999877929688;5040100;69.64064025878906
2017-04-17;90.2300033569336;90.58999633789062;90.12999725341797;90.38999938964844;6931700;69.91912078857422
2017-04-18;90.4000015258789;91.12999725341797;90.33999633789062;90.80000305175781;7087800;70.23625946044922
2017-04-19;90.0999984741211;90.44999694824219;89.5;89.5999984741211;6919000;69.83873748779297
2017-04-20;89.69999694824219;89.69999694824219;89.30999755859375;89.33000183105469;6983500;69.62831115722656
2017-04-21;89.16999816894531;89.27999877929688;88.61000061035156;88.62000274658203;9061200;69.07490539550781
2017-04-24;89.12000274658203;89.66000366210938;89.01000213623047;89.55000305175781;8338500;69.79976654052734
2017-04-25;89.58000183105469;90.25;89.47000122070312;90.0;9088400;70.15052795410156
2017-04-26;89.8499984741211;90.0;87.61000061035156;87.73999786376953;11951300;68.3889389038086
2017-04-27;87.58000183105469;88.23999786376953;87.2300033569336;87.69000244140625;8517500;68.35001373291016
2017-04-28;87.5199966430664;87.58999633789062;87.1500015258789;87.33000183105469;8295400;68.06941223144531
2017-05-01;87.37999725341797;87.5999984741211;87.08000183105469;87.08999633789062;4546600;67.88232421875
2017-05-02;87.29000091552734;87.29000091552734;86.0199966430664;86.22000122070312;13197500;67.2042236328125
2017-05-03;86.30000305175781;86.62999725341797;85.9000015258789;86.43000030517578;6122000;67.36788940429688
2017-05-04;86.8499984741211;87.23999786376953;86.30000305175781;86.44999694824219;5986200;67.38347625732422
2017-05-05;86.54000091552734;86.61000061035156;86.12999725341797;86.5;4506200;67.42244720458984
2017-05-08;86.33000183105469;86.62000274658203;86.23999786376953;86.55000305175781;4634600;67.46141052246094
2017-05-09;86.80000305175781;86.81999969482422;86.22000122070312;86.4000015258789;9577600;67.34449005126953
2017-05-10;86.4800033569336;86.79000091552734;86.38999938964844;86.48999786376953;6178500;67.41466522216797
2017-05-11;86.61000061035156;86.62999725341797;85.87999725341797;86.16999816894531;6064700;67.16525268554688
2017-05-12;86.23999786376953;86.31999969482422;85.91999816894531;86.19000244140625;5892400;67.18082427978516
2017-05-15;86.6500015258789;86.70999908447266;86.25;86.33000183105469;5820700;67.28997039794922
2017-05-16;86.87999725341797;87.0;86.19000244140625;86.23999786376953;6554500;67.21980285644531
2017-05-17;86.23999786376953;86.62999725341797;85.93000030517578;86.26000213623047;7805800;67.2353744506836
2017-05-18;86.18000030517578;86.22000122070312;85.5199966430664;85.87000274658203;6985600;66.9314193725586
2017-05-19;86.0;86.37999725341797;85.66999816894531;86.23999786376953;7320700;67.21980285644531
2017-05-22;86.25;86.4000015258789;86.02999877929688;86.20999908447266;4260000;67.19639587402344
2017-05-23;86.27999877929688;86.54000091552734;85.9800033569336;86.08000183105469;4394200;67.0950927734375
2017-05-24;86.44999694824219;86.6500015258789;86.20999908447266;86.5;4878800;67.42244720458984
2017-05-25;86.58000183105469;86.9800033569336;86.55000305175781;86.86000061035156;4368000;67.70304107666016
2017-05-26;86.93000030517578;87.37999725341797;86.81999969482422;87.25;4337000;68.00704956054688
2017-05-30;87.25;87.61000061035156;87.0999984741211;87.4000015258789;4594500;68.12397003173828
2017-05-31;87.66999816894531;88.3499984741211;87.44999694824219;88.08999633789062;10146600;68.66179656982422
2017-06-01;88.0199966430664;88.13999938964844;87.37000274658203;88.12999725341797;6251300;68.69295501708984
2017-06-02;88.4000015258789;88.68000030517578;88.01000213623047;88.58999633789062;6136400;69.05147552490234
2017-06-05;88.30000305175781;88.76000213623047;88.0;88.73999786376953;4115300;69.16844177246094
2017-06-06;88.76000213623047;88.97000122070312;88.44999694824219;88.80000305175781;6503000;69.2151870727539
2017-06-07;88.68000030517578;88.88999938964844;88.4000015258789;88.7699966430664;4781600;69.19181060791016
2017-06-08;88.7699966430664;88.80000305175781;87.36000061035156;87.8499984741211;7712100;68.47470092773438
2017-06-09;87.8499984741211;88.20999908447266;87.55000305175781;88.16000366210938;9696900;68.71635437011719
2017-06-12;88.16000366210938;88.66000366210938;88.08999633789062;88.23999786376953;7867700;68.77867889404297
2017-06-13;88.36000061035156;88.4000015258789;87.7699966430664;88.05999755859375;6419300;68.63839721679688
2017-06-14;88.48999786376953;88.75;88.05999755859375;88.44000244140625;6183900;68.9345932006836
2017-06-15;88.2300033569336;89.62000274658203;88.2300033569336;89.37999725341797;7047500;69.66726684570312
2017-06-16;89.72000122070312;89.7699966430664;88.80999755859375;89.66000366210938;13855000;69.88552856445312
2017-06-19;89.5999984741211;89.86000061035156;89.19999694824219;89.86000061035156;5246200;70.0414047241211
2017-06-20;89.7699966430664;90.20999908447266;89.61000061035156;89.62999725341797;5674200;69.86212158203125
2017-06-21;89.62000274658203;89.94999694824219;89.29000091552734;89.4000015258789;4164500;69.68284606933594
2017-06-22;89.2699966430664;89.41000366210938;88.9000015258789;89.02999877929688;4536700;69.39447021484375
2017-06-23;89.02999877929688;89.80000305175781;88.9000015258789;89.41999816894531;8782100;69.69845581054688
2017-06-26;89.62999725341797;89.68000030517578;89.2699966430664;89.36000061035156;4373300;69.65166473388672
2017-06-27;89.36000061035156;89.36000061035156;88.61000061035156;88.61000061035156;5180400;69.0671157836914
2017-06-28;89.08000183105469;89.20999908447266;88.26000213623047;88.37000274658203;4875000;68.8800277709961
2017-06-29;88.0199966430664;88.22000122070312;86.93000030517578;86.98999786376953;8123500;67.80435943603516
2017-06-30;87.05000305175781;87.47000122070312;87.0;87.1500015258789;6070300;67.92909240722656
2017-07-03;87.4000015258789;88.0;87.18000030517578;87.73999786376953;3607400;68.3889389038086
2017-07-05;87.86000061035156;88.0;87.48999786376953;87.66999816894531;4974300;68.33442687988281
2017-07-06;87.6500015258789;87.94999694824219;87.36000061035156;87.37000274658203;6038900;68.10057830810547
2017-07-07;87.69000244140625;87.81999969482422;87.27999877929688;87.6500015258789;5142200;68.31881713867188
2017-07-10;87.62999725341797;87.87000274658203;86.88999938964844;87.08999633789062;5356400;67.88232421875
2017-07-11;87.2300033569336;87.44999694824219;86.30999755859375;86.7699966430664;5838600;67.63289642333984
2017-07-12;87.23999786376953;87.47000122070312;86.83000183105469;86.95999908447266;4374200;67.78099060058594
2017-07-13;86.7699966430664;87.05000305175781;86.5;86.69999694824219;5448900;67.5783462524414
2017-07-14;86.95999908447266;87.29000091552734;86.7300033569336;87.0999984741211;4577700;67.8901138305664
2017-07-17;87.06999969482422;87.91000366210938;86.73999786376953;87.55000305175781;5227800;68.24088287353516
2017-07-18;87.61000061035156;88.76000213623047;87.45999908447266;88.63999938964844;7492300;69.09046936035156
2017-07-19;87.87000274658203;88.41000366210938;87.5999984741211;88.3499984741211;6008500;69.40470886230469
2017-07-20;88.31999969482422;89.30999755859375;88.30999755859375;88.5999984741211;7285000;69.60108184814453
2017-07-21;88.16000366210938;88.68000030517578;87.80999755859375;88.61000061035156;5714800;69.60896301269531
2017-07-24;88.55000305175781;88.5999984741211;87.97000122070312;88.18000030517578;6202000;69.27115631103516
2017-07-25;88.66999816894531;89.19999694824219;88.54000091552734;89.13999938964844;6766700;70.0252914428711
2017-07-26;89.0;89.41999816894531;88.87000274658203;89.30000305175781;6987000;70.15099334716797
2017-07-27;90.29000091552734;90.75;89.0;90.68000030517578;11089200;71.23506927490234
2017-07-28;90.55999755859375;91.0;89.95999908447266;90.20999908447266;6137500;70.86585998535156
2017-07-31;90.20999908447266;91.06999969482422;90.20999908447266;90.81999969482422;7835700;71.34505462646484
2017-08-01;91.02999877929688;91.7300033569336;90.72000122070312;91.0999984741211;8662100;71.56501007080078
2017-08-02;90.97000122070312;91.30000305175781;90.52999877929688;91.04000091552734;7167700;71.51786041259766
2017-08-03;90.86000061035156;91.75;90.81999969482422;90.86000061035156;6413200;71.37648010253906
2017-08-04;90.69000244140625;91.08000183105469;90.52999877929688;90.66999816894531;5824400;71.22721099853516
2017-08-07;90.66999816894531;91.55999755859375;90.5199966430664;91.44000244140625;5011300;71.83209991455078
2017-08-08;91.4000015258789;91.94000244140625;91.2300033569336;91.58000183105469;5623400;71.94210052490234
2017-08-09;91.5199966430664;91.94000244140625;91.5199966430664;91.91999816894531;5572800;72.20918273925781
2017-08-10;91.86000061035156;92.0;91.69000244140625;91.73999786376953;6338200;72.06776428222656
2017-08-11;91.94000244140625;92.08000183105469;91.29000091552734;91.33999633789062;7094200;71.75353240966797
2017-08-14;91.54000091552734;91.94999694824219;91.25;91.6500015258789;5398400;71.9970703125
2017-08-15;91.91000366210938;92.36000061035156;91.87999725341797;92.19999694824219;5293400;72.42914581298828
2017-08-16;92.29000091552734;92.94999694824219;92.19000244140625;92.44000244140625;7965500;72.61767578125
2017-08-17;92.4000015258789;92.66999816894531;92.06999969482422;92.06999969482422;5711400;72.3270034790039
2017-08-18;91.9800033569336;92.77999877929688;91.8499984741211;92.47000122070312;6815000;72.64122009277344
2017-08-21;92.37999725341797;92.95999908447266;92.36000061035156;92.86000061035156;4334300;72.94760131835938
2017-08-22;92.91000366210938;92.95999908447266;92.58999633789062;92.79000091552734;4731500;72.89261627197266
2017-08-23;92.5;92.66000366210938;92.27999877929688;92.44000244140625;3631900;72.61767578125
2017-08-24;92.44000244140625;92.56999969482422;92.04000091552734;92.2699966430664;5173700;72.48411560058594
2017-08-25;92.6500015258789;92.86000061035156;92.41000366210938;92.51000213623047;4933000;72.67265319824219
2017-08-28;92.5199966430664;92.70999908447266;91.9800033569336;92.47000122070312;5386500;72.64122009277344
2017-08-29;92.4800033569336;92.69000244140625;92.23999786376953;92.31999969482422;3676300;72.52339172363281
2017-08-30;92.08000183105469;92.08000183105469;91.66000366210938;91.87000274658203;4709600;72.16990661621094
2017-08-31;91.88999938964844;92.38999938964844;91.83999633789062;92.2699966430664;5864400;72.48411560058594
2017-09-01;92.41999816894531;92.66000366210938;92.26000213623047;92.52999877929688;4960700;72.68836212158203
2017-09-05;92.18000030517578;92.73999786376953;92.04000091552734;92.72000122070312;6532100;72.83763885498047
2017-09-06;92.79000091552734;92.91000366210938;92.36000061035156;92.72000122070312;6747200;72.83763885498047
2017-09-07;92.73999786376953;93.36000061035156;92.33000183105469;92.97000122070312;7735400;73.03402709960938
2017-09-08;92.76000213623047;93.1500015258789;92.51000213623047;92.83999633789062;6070100;72.93190002441406
2017-09-11;93.08999633789062;94.19000244140625;92.9000015258789;93.98999786376953;10177300;73.83531188964844
2017-09-12;93.72000122070312;93.9800033569336;93.20999908447266;93.51000213623047;5804000;73.45820617675781
2017-09-13;93.5;93.7699966430664;93.44999694824219;93.55000305175781;5369300;73.48963165283203
2017-09-14;93.2300033569336;93.6500015258789;93.18000030517578;93.55000305175781;5492300;73.48963165283203
2017-09-15;93.81999969482422;93.81999969482422;92.81999969482422;93.2699966430664;12428800;73.26970672607422
2017-09-18;93.16999816894531;93.5;92.86000061035156;93.1500015258789;6177700;73.17540740966797
2017-09-19;93.33999633789062;94.44999694824219;93.33999633789062;94.16999816894531;6587200;73.97669219970703
2017-09-20;94.16999816894531;94.66999816894531;93.83000183105469;94.4000015258789;5941500;74.15738677978516
2017-09-21;94.1500015258789;94.5;92.44999694824219;92.63999938964844;9376700;72.77478790283203
2017-09-22;92.55000305175781;93.0;92.08000183105469;92.23999786376953;6837700;72.4605484008789
2017-09-25;92.43000030517578;93.08999633789062;92.33000183105469;92.72000122070312;6436200;72.83763885498047
2017-09-26;92.81999969482422;92.8499984741211;92.19999694824219;92.6500015258789;4885200;72.78262329101562
2017-09-27;92.5199966430664;92.5199966430664;90.33999633789062;90.87000274658203;9631200;71.38433074951172
2017-09-28;90.86000061035156;91.12000274658203;90.62999725341797;90.88999938964844;4999800;71.40006256103516
2017-09-29;90.97000122070312;91.43000030517578;90.69999694824219;90.9800033569336;6634500;71.47075653076172
2017-10-02;91.26000213623047;92.4000015258789;91.23999786376953;91.7699966430664;7302400;72.09133911132812
2017-10-03;91.95999908447266;92.33999633789062;91.55999755859375;92.12000274658203;5909900;72.36630249023438
2017-10-04;92.12000274658203;92.80000305175781;92.0199966430664;92.41999816894531;6140700;72.60195922851562
2017-10-05;92.48999786376953;92.6500015258789;91.94000244140625;92.02999877929688;6912800;72.29557037353516
2017-10-06;92.0;92.3499984741211;91.87999725341797;92.33000183105469;5241900;72.53125762939453
2017-10-09;92.4000015258789;92.62000274658203;91.93000030517578;92.12000274658203;5149000;72.36630249023438
2017-10-10;92.37000274658203;93.04000091552734;89.86000061035156;91.62000274658203;17125600;71.9735336303711
2017-10-11;91.08999633789062;91.7300033569336;91.06999969482422;91.45999908447266;7115400;71.84781646728516
2017-10-12;91.41000366210938;92.30999755859375;91.38999938964844;92.1500015258789;5984900;72.38983917236328
2017-10-13;92.69999694824219;93.51000213623047;92.58999633789062;93.04000091552734;6956700;73.08902740478516
2017-10-16;92.97000122070312;93.37000274658203;92.70999908447266;93.13999938964844;4159100;73.16757202148438
2017-10-17;93.04000091552734;93.08999633789062;92.4000015258789;92.80000305175781;5316100;72.90046691894531
2017-10-18;92.77999877929688;92.94999694824219;92.01000213623047;92.7699966430664;7399700;72.87692260742188
2017-10-19;91.69999694824219;91.98999786376953;91.13999938964844;91.58999633789062;8585000;72.48908996582031
2017-10-20;89.72000122070312;89.95999908447266;87.58999633789062;88.25;19997800;69.84564971923828
2017-10-23;88.62999725341797;88.86000061035156;86.87000274658203;87.30000305175781;13358200;69.09378051757812
2017-10-24;87.37000274658203;87.41999816894531;86.77999877929688;86.9800033569336;11519000;68.84050750732422
2017-10-25;86.9000015258789;87.11000061035156;86.27999877929688;86.86000061035156;9024300;68.74552154541016
2017-10-26;87.19000244140625;87.7699966430664;87.0999984741211;87.5;6233800;69.2520523071289
2017-10-27;87.52999877929688;87.52999877929688;86.44999694824219;87.04000091552734;7433800;68.88799285888672
2017-10-30;86.91000366210938;87.08000183105469;86.16000366210938;86.2699966430664;5387100;68.27855682373047
2017-10-31;86.48999786376953;86.5;85.72000122070312;86.33999633789062;7119000;68.33397674560547
2017-11-01;86.33000183105469;87.13999938964844;86.11000061035156;86.88999938964844;4884100;68.7692642211914
2017-11-02;86.77999877929688;87.04000091552734;86.2300033569336;86.51000213623047;5021200;68.46852111816406
2017-11-03;86.77999877929688;87.16000366210938;86.45999908447266;86.58000183105469;5106500;68.52394104003906
2017-11-06;86.55000305175781;86.63999938964844;86.02999877929688;86.05000305175781;5186700;68.1044692993164
2017-11-07;86.04000091552734;87.0;85.41999816894531;86.9800033569336;6875100;68.84050750732422
2017-11-08;86.98999786376953;87.5999984741211;86.80000305175781;87.58000183105469;6910000;69.31536865234375
2017-11-09;87.3499984741211;88.16999816894531;87.30000305175781;87.77999877929688;5280000;69.4736557006836
2017-11-10;87.98999786376953;88.38999938964844;87.77999877929688;88.16000366210938;7227300;69.77442932128906
2017-11-13;88.66999816894531;89.41000366210938;88.62999725341797;89.0;6873500;70.43923950195312
2017-11-14;88.73999786376953;89.05000305175781;88.47000122070312;88.87000274658203;5035500;70.33633422851562
2017-11-15;88.7300033569336;88.94000244140625;88.0;88.2300033569336;6688100;69.82982635498047
2017-11-16;89.83999633789062;89.9000015258789;88.7699966430664;89.25;7205100;70.6370849609375
2017-11-17;88.94999694824219;89.08999633789062;88.08000183105469;88.43000030517578;5941800;69.98812103271484
2017-11-20;88.43000030517578;88.55999755859375;87.70999908447266;88.2699966430664;4926200;69.8614730834961
2017-11-21;88.18000030517578;89.20999908447266;88.0199966430664;88.72000122070312;6196400;70.21764373779297
2017-11-22;88.5;88.91000366210938;88.05999755859375;88.33000183105469;6006900;69.90896606445312
2017-11-24;88.58999633789062;88.95999908447266;88.41999816894531;88.44999694824219;2196700;70.0039291381836
2017-11-27;88.33000183105469;89.0999984741211;88.1500015258789;88.95999908447266;6199700;70.40756225585938
2017-11-28;89.4800033569336;89.5199966430664;88.91000366210938;89.4000015258789;4841300;70.75582122802734
2017-11-29;89.4000015258789;89.80999755859375;89.02999877929688;89.37999725341797;5158900;70.73999786376953
2017-11-30;89.3499984741211;90.37000274658203;89.20999908447266;89.98999786376953;9789900;71.22278594970703
2017-12-01;90.18000030517578;90.52999877929688;89.12000274658203;90.36000061035156;7953200;71.51560974121094
2017-12-04;91.76000213623047;91.91000366210938;89.83000183105469;91.41000366210938;9003700;72.3466567993164
2017-12-05;91.5199966430664;91.83999633789062;91.06999969482422;91.4000015258789;8683000;72.33870697021484
2017-12-06;91.38999938964844;91.77999877929688;91.06999969482422;91.25;6737400;72.2199935913086
2017-12-07;91.05000305175781;91.06999969482422;89.88999938964844;90.0999984741211;7273600;71.30982971191406
2017-12-08;90.0199966430664;90.37000274658203;89.58000183105469;90.37000274658203;5883400;71.52355194091797
2017-12-11;90.2300033569336;90.33000183105469;89.75;90.2300033569336;4856000;71.4127426147461
2017-12-12;90.44999694824219;90.51000213623047;89.81999969482422;89.8499984741211;6558900;71.1119613647461
2017-12-13;90.0199966430664;91.41000366210938;89.97000122070312;90.87999725341797;7141000;71.92715454101562
2017-12-14;90.94000244140625;91.43000030517578;90.9000015258789;91.0;5853500;72.02212524414062
2017-12-15;91.56999969482422;92.2699966430664;91.4800033569336;91.88999938964844;15924000;72.72655487060547
2017-12-18;91.9800033569336;93.13999938964844;91.80999755859375;91.87999725341797;7405700;72.71861267089844
2017-12-19;92.0;92.12999725341797;91.58000183105469;91.68000030517578;5644400;72.56031799316406
2017-12-20;91.80000305175781;91.97000122070312;91.3499984741211;91.52999877929688;6938500;72.4416275024414
2017-12-21;91.66000366210938;92.08000183105469;91.52999877929688;91.66999816894531;4860400;72.55240631103516
2017-12-22;91.87999725341797;92.43000030517578;91.72000122070312;92.12999725341797;4919400;72.9164810180664
2017-12-26;92.3499984741211;92.7699966430664;92.1500015258789;92.4800033569336;3431900;73.1934814453125
2017-12-27;92.48999786376953;92.75;91.93000030517578;92.0999984741211;4276700;72.89273834228516
2017-12-28;92.30000305175781;92.54000091552734;91.91000366210938;92.06999969482422;3005400;72.86900329589844
2017-12-29;92.23999786376953;92.45999908447266;91.87999725341797;91.87999725341797;4346700;72.71861267089844
2018-01-02;91.91999816894531;91.93000030517578;90.55000305175781;90.6500015258789;7558900;71.74513244628906
2018-01-03;90.7300033569336;91.08999633789062;90.5199966430664;90.54000091552734;5863600;71.65806579589844
2018-01-04;90.83000183105469;91.7699966430664;90.61000061035156;91.18000030517578;6322500;72.16461181640625
2018-01-05;91.2699966430664;91.30000305175781;90.56999969482422;91.23999786376953;5949700;72.21208190917969
2018-01-08;90.93000030517578;91.7699966430664;90.93000030517578;91.72000122070312;4860700;72.59197998046875
2018-01-09;91.47000122070312;91.6500015258789;91.01000213623047;91.05000305175781;6630100;72.06171417236328
2018-01-10;90.91000366210938;90.91000366210938;90.01000213623047;90.47000122070312;6564700;71.6026840209961
2018-01-11;90.4000015258789;90.5199966430664;89.91999816894531;90.1500015258789;5469700;71.34940338134766
2018-01-12;90.05000305175781;90.33999633789062;89.3499984741211;89.61000061035156;8111000;70.92203521728516
2018-01-16;90.13999938964844;90.7699966430664;89.63999938964844;90.22000122070312;9465300;71.40482330322266
2018-01-17;90.55999755859375;91.7300033569336;90.43000030517578;91.19999694824219;8345500;72.18041229248047
2018-01-18;90.23999786376953;90.6500015258789;89.66999816894531;90.18000030517578;7699800;71.9172592163086
2018-01-19;90.27999877929688;91.26000213623047;90.23999786376953;91.06999969482422;9364000;72.62702178955078
2018-01-22;90.87999725341797;91.91999816894531;90.7699966430664;91.88999938964844;8658000;73.28097534179688
2018-01-23;89.81999969482422;90.20999908447266;88.5999984741211;89.05000305175781;18756300;71.01612091064453
2018-01-24;89.05999755859375;89.16000366210938;87.69999694824219;88.30999755859375;15141900;70.42595672607422
2018-01-25;88.68000030517578;89.05000305175781;88.01000213623047;88.33999633789062;11264400;70.44988250732422
2018-01-26;88.16999816894531;88.16999816894531;87.2300033569336;87.7300033569336;11503100;69.96343231201172
2018-01-29;87.69000244140625;87.73999786376953;86.69000244140625;86.86000061035156;11685800;69.26959228515625
2018-01-30;86.81999969482422;87.44000244140625;86.62999725341797;86.94999694824219;9662900;69.3414077758789
2018-01-31;86.80999755859375;87.41000366210938;86.08000183105469;86.33999633789062;11798100;68.85491943359375
2018-02-01;86.1500015258789;86.5;85.55999755859375;85.8499984741211;8606300;68.4641342163086
2018-02-02;85.55999755859375;85.61000061035156;84.20999908447266;84.25;12846300;67.18816375732422
2018-02-05;83.98999786376953;84.37000274658203;80.0999984741211;81.05999755859375;17462200;64.64417266845703
2018-02-06;80.52999877929688;82.44999694824219;80.12000274658203;82.37999725341797;19955500;65.69686889648438
2018-02-07;82.30000305175781;83.38999938964844;81.81999969482422;81.83999633789062;11851800;65.2662353515625
2018-02-08;82.02999877929688;82.22000122070312;80.1500015258789;80.22000122070312;14596100;63.97429656982422
2018-02-09;80.9800033569336;81.02999877929688;78.58999633789062;79.91999816894531;18838800;63.735076904296875
2018-02-12;80.61000061035156;81.66999816894531;80.58000183105469;81.33000183105469;10769000;64.8595199584961
2018-02-13;81.1500015258789;81.83000183105469;80.91000366210938;81.5;9278700;64.99507141113281
2018-02-14;81.05999755859375;81.26000213623047;80.2699966430664;80.68000030517578;9412000;64.34113311767578
2018-02-15;80.97000122070312;82.41000366210938;80.5;82.41000366210938;8910700;65.72079467773438
2018-02-16;82.20999908447266;83.25;82.12999725341797;82.5999984741211;10371700;65.87232208251953
2018-02-20;82.19000244140625;82.22000122070312;81.06999969482422;81.33999633789062;7087700;64.86748504638672
2018-02-21;81.30999755859375;81.80999755859375;80.19000244140625;80.23999786376953;9134500;63.9902458190918
2018-02-22;80.47000122070312;81.27999877929688;80.16999816894531;80.83999633789062;10277700;64.46873474121094
2018-02-23;81.01000213623047;81.12000274658203;80.4800033569336;81.05000305175781;10321800;64.63622283935547
2018-02-26;81.44999694824219;81.69000244140625;81.05000305175781;81.62999725341797;9422200;65.0987548828125
2018-02-27;81.88999938964844;82.0;80.51000213623047;80.54000091552734;8919600;64.22947692871094
2018-02-28;80.68000030517578;80.79000091552734;78.5;78.5199966430664;16862000;62.61857604980469
2018-03-01;78.4000015258789;79.27999877929688;77.9000015258789;78.69999694824219;13504200;62.76211166381836
2018-03-02;78.4800033569336;79.66000366210938;78.41999816894531;79.5;9317700;63.40012741088867
2018-03-05;79.27999877929688;80.38999938964844;79.1500015258789;80.29000091552734;8177000;64.03014373779297
2018-03-06;80.41000366210938;80.41999816894531;79.37000274658203;80.0199966430664;9085300;63.81479263305664
2018-03-07;79.52999877929688;79.63999938964844;78.9000015258789;79.16000366210938;9089500;63.12895965576172
2018-03-08;79.16999816894531;79.98999786376953;79.0199966430664;79.97000122070312;7951700;63.77493667602539
2018-03-09;80.18000030517578;80.75;79.9000015258789;80.29000091552734;7662200;64.03014373779297
2018-03-12;80.2300033569336;80.62000274658203;79.76000213623047;79.86000061035156;7182000;63.68721008300781
2018-03-13;80.0;80.19000244140625;79.36000061035156;79.72000122070312;9620200;63.5755729675293
2018-03-14;79.69000244140625;79.83999633789062;78.86000061035156;79.0;8898100;63.001365661621094
2018-03-15;79.08999633789062;79.13999938964844;78.54000091552734;78.66999816894531;6996900;62.73820495605469
2018-03-16;78.93000030517578;79.38999938964844;78.83999633789062;78.97000122070312;17715400;62.97744369506836
2018-03-19;78.97000122070312;79.56999969482422;78.2699966430664;78.66000366210938;8368200;62.73020935058594
2018-03-20;78.73999786376953;79.0999984741211;77.95999908447266;78.30999755859375;8465500;62.45110321044922
2018-03-21;78.05000305175781;78.23999786376953;76.87999725341797;77.04000091552734;9822800;61.438289642333984
2018-03-22;76.83000183105469;77.5199966430664;76.37000274658203;76.41000366210938;10481600;60.93588638305664
2018-03-23;76.79000091552734;77.18000030517578;75.80999755859375;75.91000366210938;11728300;60.537139892578125
2018-03-26;76.56999969482422;76.87000274658203;76.0199966430664;76.41000366210938;12937000;60.93588638305664
2018-03-27;76.52999877929688;78.44000244140625;76.30000305175781;77.79000091552734;11288200;62.036407470703125
2018-03-28;77.94999694824219;79.13999938964844;77.94999694824219;78.83999633789062;12857800;62.873756408691406
2018-03-29;79.43000030517578;80.48999786376953;79.18000030517578;79.27999877929688;10036400;63.224666595458984
2018-04-02;79.26000213623047;79.37000274658203;77.05999755859375;77.4000015258789;12017200;61.725399017333984
2018-04-03;77.55999755859375;78.80000305175781;77.18000030517578;78.45999908447266;11933100;62.570735931396484
2018-04-04;77.81999969482422;79.5199966430664;77.58999633789062;79.05000305175781;9030800;63.04125213623047
2018-04-05;79.08999633789062;79.31999969482422;78.51000213623047;78.80000305175781;7864700;62.84187316894531
2018-04-06;78.37000274658203;79.36000061035156;77.9000015258789;78.43000030517578;8300800;62.54682159423828
2018-04-09;78.80000305175781;78.8499984741211;77.56999969482422;78.16000366210938;9031200;62.33146286010742
2018-04-10;78.70999908447266;78.83999633789062;77.94000244140625;78.37000274658203;6779000;62.498958587646484
2018-04-11;78.19000244140625;78.69000244140625;78.04000091552734;78.2699966430664;7143500;62.419212341308594
2018-04-12;78.63999938964844;78.69999694824219;77.79000091552734;77.79000091552734;8282300;62.036407470703125
2018-04-13;78.05999755859375;78.44000244140625;77.72000122070312;78.37000274658203;6198500;62.498958587646484
2018-04-16;78.55999755859375;78.86000061035156;78.04000091552734;78.61000061035156;5962200;62.69034194946289
2018-04-17;78.93000030517578;78.94000244140625;78.0999984741211;78.43000030517578;6492400;62.54682159423828
2018-04-18;78.58000183105469;78.68000030517578;78.0199966430664;78.19999694824219;7349400;62.36338424682617
2018-04-19;75.38999938964844;75.72000122070312;74.19999694824219;74.94999694824219;16955600;60.324649810791016
2018-04-20;74.04000091552734;74.91999816894531;73.73999786376953;73.80000305175781;14085000;59.39908218383789
2018-04-23;73.58999633789062;73.9800033569336;72.76000213623047;73.0;13653400;58.75518798828125
2018-04-24;73.05999755859375;73.33000183105469;72.1500015258789;72.5;16551700;58.35275650024414
2018-04-25;72.41000366210938;72.75;71.94999694824219;72.30000305175781;14208800;58.19175338745117
2018-04-26;72.56999969482422;73.01000213623047;72.37000274658203;72.75;11204300;58.553955078125
2018-04-27;72.52999877929688;73.08000183105469;72.20999908447266;72.80999755859375;8144800;58.60224151611328
2018-04-30;72.91000366210938;72.91999816894531;72.16000366210938;72.33999633789062;13076500;58.223968505859375
2018-05-01;72.05000305175781;72.33000183105469;71.66000366210938;71.95999908447266;8103800;57.918113708496094
2018-05-02;71.94000244140625;72.01000213623047;70.7300033569336;70.94000244140625;10830900;57.097145080566406
2018-05-03;70.80999755859375;71.72000122070312;70.73999786376953;71.36000061035156;9386500;57.43520736694336
2018-05-04;71.37999725341797;72.62000274658203;71.33999633789062;72.43000030517578;8107400;58.29639434814453
2018-05-07;72.66999816894531;73.22000122070312;71.88999938964844;71.9800033569336;6633600;57.93421173095703
2018-05-08;72.05000305175781;72.12000274658203;71.11000061035156;71.44000244140625;8084100;57.49958038330078
2018-05-09;71.7699966430664;72.55000305175781;71.73999786376953;72.37000274658203;7528400;58.24812316894531
2018-05-10;72.94000244140625;73.33999633789062;72.69000244140625;73.1500015258789;7618500;58.87590408325195
2018-05-11;73.62999725341797;74.0999984741211;73.05000305175781;73.37000274658203;7586200;59.052974700927734
2018-05-14;73.77999877929688;73.77999877929688;73.08999633789062;73.27999877929688;8646900;58.980525970458984
2018-05-15;73.30999755859375;73.41000366210938;72.5999984741211;72.94999694824219;11502800;58.714927673339844
2018-05-16;72.9800033569336;73.93000030517578;72.95999908447266;73.52999877929688;8325000;59.18174362182617
2018-05-17;73.5199966430664;74.0;73.4000015258789;73.95999908447266;8053600;59.52783966064453
2018-05-18;73.9800033569336;74.06999969482422;73.11000061035156;73.44999694824219;7042700;59.117366790771484
2018-05-21;73.75;74.25;73.41999816894531;74.05999755859375;6428400;59.60831832885742
2018-05-22;74.45999908447266;74.94000244140625;73.83000183105469;74.02999877929688;7744200;59.58418655395508
2018-05-23;74.0199966430664;74.30000305175781;73.72000122070312;74.18000030517578;6592500;59.704917907714844
2018-05-24;74.08000183105469;74.3499984741211;73.58999633789062;73.7699966430664;6508900;59.374916076660156
2018-05-25;73.9000015258789;74.62000274658203;73.75;74.30999755859375;7546500;59.80954360961914
2018-05-29;74.05999755859375;74.69999694824219;73.7699966430664;74.05000305175781;8905600;59.600284576416016
2018-05-30;74.33000183105469;75.0199966430664;74.05000305175781;74.88999938964844;8128600;60.276371002197266
2018-05-31;74.66999816894531;74.69000244140625;72.80000305175781;73.16999816894531;15526000;58.8919792175293
2018-06-01;73.33000183105469;73.73999786376953;72.86000061035156;73.44999694824219;7209300;59.117366790771484
2018-06-04;73.54000091552734;74.62000274658203;73.44999694824219;74.18000030517578;8743800;59.704917907714844
2018-06-05;74.27999877929688;74.37999725341797;73.5999984741211;73.97000122070312;6910100;59.535892486572266
2018-06-06;74.06999969482422;74.41999816894531;73.72000122070312;74.3499984741211;7002900;59.84174346923828
2018-06-07;74.18000030517578;76.38999938964844;74.0999984741211;75.76000213623047;13476100;60.97660446166992
2018-06-08;75.8499984741211;77.20999908447266;75.73999786376953;77.18000030517578;13625300;62.11949157714844
2018-06-11;76.97000122070312;77.69000244140625;76.87999725341797;77.52999877929688;9049400;62.40119934082031
2018-06-12;77.81999969482422;77.88999938964844;77.11000061035156;77.23999786376953;8786000;62.16779708862305
2018-06-13;77.4000015258789;77.4000015258789;76.19999694824219;76.47000122070312;8022400;61.54804229736328
2018-06-14;76.55999755859375;76.55999755859375;75.69999694824219;75.98999786376953;8895200;61.16172409057617
2018-06-15;76.16000366210938;77.51000213623047;75.91999816894531;77.37999725341797;14943500;62.28048324584961
2018-06-18;76.86000061035156;77.0999984741211;75.38999938964844;75.83999633789062;7384900;61.04096603393555
2018-06-19;75.58999633789062;76.68000030517578;75.56999969482422;76.33000183105469;8514000;61.435367584228516
2018-06-20;76.3499984741211;76.3499984741211;75.54000091552734;75.8499984741211;6603500;61.04904556274414
2018-06-21;75.52999877929688;77.05000305175781;75.52999877929688;76.44000244140625;8691200;61.5239143371582
2018-06-22;76.79000091552734;77.62999725341797;76.7699966430664;77.43000030517578;11446400;62.32070541381836
2018-06-25;77.27999877929688;77.94000244140625;77.18000030517578;77.79000091552734;11300500;62.610469818115234
2018-06-26;77.79000091552734;78.30999755859375;77.36000061035156;78.0;9558500;62.77949523925781
2018-06-27;78.11000061035156;78.70999908447266;77.55999755859375;77.69000244140625;7873300;62.529998779296875
2018-06-28;77.86000061035156;78.31999969482422;77.66000366210938;78.05000305175781;5714400;62.81975173950195
2018-06-29;77.93000030517578;78.54000091552734;77.29000091552734;78.05999755859375;7679900;62.82778549194336
2018-07-02;77.5;78.30999755859375;77.41999816894531;78.12999725341797;6092800;62.88410949707031
2018-07-03;78.54000091552734;78.76000213623047;77.77999877929688;77.9000015258789;5897200;62.69900131225586
2018-07-05;78.13999938964844;79.25;78.12000274658203;79.20999908447266;7956100;63.75337219238281
2018-07-06;79.37999725341797;79.62000274658203;78.9000015258789;79.30999755859375;7244000;63.8338508605957
2018-07-09;78.45999908447266;78.83000183105469;77.77999877929688;77.86000061035156;9095900;62.666812896728516
2018-07-10;78.06999969482422;79.94000244140625;77.98999786376953;79.81999969482422;12773500;64.2443618774414
2018-07-11;79.62999725341797;79.83999633789062;79.02999877929688;79.16000366210938;7851600;63.713130950927734
2018-07-12;79.33999633789062;79.5199966430664;78.56999969482422;78.88999938964844;8556800;63.49583053588867
2018-07-13;79.08000183105469;79.47000122070312;78.9000015258789;79.30999755859375;6021300;63.8338508605957
2018-07-16;79.20999908447266;79.62999725341797;78.83000183105469;79.52999877929688;6931200;64.01094055175781
2018-07-17;79.66000366210938;80.5;79.55000305175781;80.02999877929688;8983400;64.41336822509766
2018-07-18;79.72000122070312;80.20999908447266;79.33000183105469;79.72000122070312;9105100;64.16387939453125
2018-07-19;78.41999816894531;79.19000244140625;77.88999938964844;78.7300033569336;8010600;63.942134857177734
2018-07-20;78.31999969482422;79.05999755859375;78.31999969482422;78.68000030517578;8234700;63.90153884887695
2018-07-23;78.48999786376953;78.94000244140625;78.23999786376953;78.51000213623047;5881600;63.76346969604492
2018-07-24;77.54000091552734;79.01000213623047;77.54000091552734;78.98999786376953;8297100;64.15328216552734
2018-07-25;78.72000122070312;79.5999984741211;78.72000122070312;79.47000122070312;6208400;64.54315185546875
2018-07-26;79.55999755859375;80.7699966430664;79.47000122070312;80.08999633789062;9771100;65.04669189453125
2018-07-27;79.66999816894531;80.83000183105469;79.45999908447266;80.58000183105469;7492900;65.44465637207031
2018-07-30;80.06999969482422;80.5;79.83999633789062;80.19999694824219;7090700;65.13601684570312
2018-07-31;80.38999938964844;80.9800033569336;79.43000030517578;80.87999725341797;9878200;65.6883316040039
2018-08-01;80.41999816894531;80.81999969482422;80.11000061035156;80.6500015258789;7556700;65.50152587890625
2018-08-02;80.80000305175781;82.22000122070312;80.58999633789062;82.0;9261700;66.59794616699219
2018-08-03;82.13999938964844;83.0999984741211;81.91999816894531;82.33000183105469;7102800;66.86595153808594
2018-08-06;82.19999694824219;82.93000030517578;82.1500015258789;82.5199966430664;5669200;67.0202407836914
2018-08-07;82.41000366210938;82.68000030517578;81.7300033569336;82.63999938964844;6418000;67.11773681640625
2018-08-08;82.0999984741211;82.80000305175781;82.0999984741211;82.3499984741211;4891300;66.8822021484375
2018-08-09;82.44000244140625;82.44000244140625;81.30000305175781;81.4000015258789;5167400;66.11063385009766
2018-08-10;81.30000305175781;81.76000213623047;81.0;81.43000030517578;5566000;66.13500213623047
2018-08-13;81.69999694824219;82.08000183105469;81.1500015258789;81.5199966430664;5068100;66.20807647705078
2018-08-14;81.38999938964844;81.72000122070312;81.2300033569336;81.30999755859375;6226900;66.03755187988281
2018-08-15;81.30000305175781;82.37000274658203;80.80999755859375;82.30000305175781;8753500;66.84159851074219
2018-08-16;82.45999908447266;84.0;82.30999755859375;83.69000244140625;12368000;67.97049713134766
2018-08-17;83.7300033569336;84.19999694824219;83.5999984741211;83.69000244140625;8409300;67.97049713134766
2018-08-20;83.88999938964844;83.94999694824219;83.30999755859375;83.63999938964844;6795800;67.92989349365234
2018-08-21;83.56999969482422;84.0;83.08999633789062;83.9000015258789;8534500;68.14103698730469
2018-08-22;83.80999755859375;83.8499984741211;83.05999755859375;83.38999938964844;5132600;67.72684478759766
2018-08-23;83.01000213623047;83.5999984741211;82.83999633789062;83.23999786376953;4323200;67.60501098632812
2018-08-24;83.22000122070312;83.55000305175781;83.02999877929688;83.36000061035156;5356000;67.7024917602539
2018-08-27;83.5;83.81999969482422;83.0199966430664;83.44000244140625;3941500;67.76746368408203
2018-08-28;83.72000122070312;83.86000061035156;83.31999969482422;83.4800033569336;5405200;67.79995727539062
2018-08-29;83.51000213623047;83.76000213623047;83.29000091552734;83.48999786376953;4520400;67.80809783935547
2018-08-30;83.38999938964844;83.73999786376953;83.19000244140625;83.41000366210938;4549700;67.74309539794922
2018-08-31;83.3499984741211;83.52999877929688;82.38999938964844;82.94999694824219;6674900;67.3694839477539
2018-09-04;82.4800033569336;82.95999908447266;82.06999969482422;82.69999694824219;5800700;67.16646575927734
2018-09-05;82.11000061035156;83.47000122070312;82.11000061035156;83.29000091552734;7651900;67.6456298828125
2018-09-06;82.91000366210938;83.30999755859375;82.48999786376953;82.6500015258789;7541100;67.12583923339844
2018-09-07;82.0999984741211;82.19999694824219;81.25;81.91000366210938;11110900;66.52485656738281
2018-09-10;82.58000183105469;83.0999984741211;82.33999633789062;82.37999725341797;6783000;66.90655517578125
2018-09-11;82.12999725341797;82.41999816894531;81.62999725341797;82.01000213623047;5210300;66.60606384277344
2018-09-12;81.9000015258789;83.18000030517578;81.69999694824219;83.11000061035156;5925200;67.49943542480469
2018-09-13;83.2699966430664;83.48999786376953;82.6500015258789;83.44999694824219;5328400;67.77557373046875
2018-09-14;83.47000122070312;83.66999816894531;82.97000122070312;83.61000061035156;5004100;67.905517578125
2018-09-17;83.5;84.2699966430664;83.33999633789062;84.25;7098800;68.42532348632812
2018-09-18;84.29000091552734;84.29000091552734;83.58000183105469;84.0;6022800;68.22228240966797
2018-09-19;83.91999816894531;84.29000091552734;83.7699966430664;84.0;6157600;68.22228240966797
2018-09-20;84.29000091552734;85.63999938964844;84.2300033569336;85.36000061035156;10053000;69.32683563232422
2018-09-21;85.80999755859375;86.27999877929688;85.5199966430664;85.81999969482422;17402500;69.7004623413086
2018-09-24;85.62999725341797;85.70999908447266;84.2300033569336;84.2699966430664;6389400;68.4415512084961
2018-09-25;84.27999877929688;84.41000366210938;83.08000183105469;83.12000274658203;5657200;67.50756072998047
2018-09-26;83.25;83.98999786376953;83.02999877929688;83.26000213623047;6581000;67.62126922607422
2018-09-27;83.04000091552734;83.62999725341797;82.80999755859375;82.86000061035156;6277600;67.29639434814453
2018-09-28;83.02999877929688;83.29000091552734;82.79000091552734;83.2300033569336;5125800;67.5969009399414
2018-10-01;83.30999755859375;83.72000122070312;83.16999816894531;83.66999816894531;4899900;67.95425415039062
2018-10-02;83.4800033569336;84.44000244140625;83.37000274658203;84.36000061035156;7390900;68.5146713256836
2018-10-03;84.44000244140625;84.5199966430664;82.8499984741211;83.02999877929688;7958700;67.4344711303711
2018-10-04;82.5;82.5;81.0999984741211;81.91999816894531;7029900;66.53294372558594
2018-10-05;81.9800033569336;82.44999694824219;81.9800033569336;82.1500015258789;5454600;66.71977233886719
2018-10-08;81.9800033569336;82.73999786376953;81.75;82.4000015258789;7192300;66.92279052734375
2018-10-09;82.38999938964844;82.72000122070312;82.05999755859375;82.19999694824219;6268100;66.76036834716797
2018-10-10;81.80999755859375;82.68000030517578;81.44000244140625;81.44000244140625;9295800;66.14313507080078
2018-10-11;81.63999938964844;81.97000122070312;78.66999816894531;78.87000274658203;12560300;64.05583953857422
2018-10-12;79.37000274658203;79.37999725341797;78.48999786376953;79.05999755859375;9878700;64.21015167236328
2018-10-15;79.01000213623047;80.54000091552734;78.91999816894531;80.12999725341797;9691500;65.07917785644531
2018-10-16;79.91000366210938;81.08999633789062;79.9000015258789;81.01000213623047;9462600;65.79389953613281
2018-10-17;80.76000213623047;82.18000030517578;80.37999725341797;81.86000061035156;10375300;66.48422241210938
2018-10-18;80.70999908447266;81.33999633789062;80.0;80.23999786376953;9869500;65.74434661865234
2018-10-19;84.86000061035156;87.76000213623047;84.86000061035156;87.30000305175781;30276400;71.5289535522461
2018-10-22;86.7300033569336;87.23999786376953;85.2300033569336;86.5999984741211;14124100;70.95540618896484
2018-10-23;86.01000213623047;87.30000305175781;86.01000213623047;87.16000366210938;16269500;71.41423034667969
2018-10-24;87.27999877929688;90.69999694824219;87.22000122070312;89.45999908447266;26703500;73.29873657226562
2018-10-25;88.11000061035156;89.33000183105469;87.30999755859375;89.0;14647000;72.92183685302734
2018-10-26;88.69000244140625;89.16999816894531;87.38999938964844;87.86000061035156;14335900;71.98777770996094
2018-10-29;88.29000091552734;89.41999816894531;87.44000244140625;88.23999786376953;12878900;72.29912567138672
2018-10-30;88.8499984741211;89.43000030517578;88.20999908447266;89.19000244140625;13844000;73.07752227783203
2018-10-31;88.7699966430664;89.31999969482422;87.2699966430664;88.68000030517578;13362400;72.65963745117188
2018-11-01;88.80999755859375;89.83000183105469;88.18000030517578;89.58999633789062;9732400;73.40524291992188
2018-11-02;89.87999725341797;89.94999694824219;88.9800033569336;89.80999755859375;11336000;73.58551788330078
2018-11-05;89.88999938964844;91.44000244140625;89.81999969482422;91.19999694824219;12270100;74.72440338134766
2018-11-06;90.86000061035156;91.52999877929688;90.43000030517578;91.51000213623047;8857800;74.97842407226562
2018-11-07;91.58999633789062;91.62000274658203;90.62000274658203;91.29000091552734;9019800;74.79816436767578
2018-11-08;90.94999694824219;91.52999877929688;90.66999816894531;91.36000061035156;6614400;74.85549926757812
2018-11-09;91.3499984741211;92.66999816894531;91.16999816894531;92.41000366210938;10713500;75.71581268310547
2018-11-12;92.20999908447266;93.44999694824219;91.75;92.69999694824219;12522100;75.95341491699219
2018-11-13;91.97000122070312;93.56999969482422;91.58999633789062;93.47000122070312;13438700;76.5843276977539
2018-11-14;93.41999816894531;93.9000015258789;92.98999786376953;93.48999786376953;11623000;76.6007080078125
2018-11-15;93.33000183105469;93.9000015258789;92.72000122070312;93.83000183105469;12506000;76.8792953491211
2018-11-16;93.81999969482422;94.80999755859375;93.66999816894531;93.81999969482422;13013500;76.87108612060547
2018-11-19;93.72000122070312;94.19000244140625;92.91000366210938;93.29000091552734;9458300;76.43683624267578
2018-11-20;93.23999786376953;93.79000091552734;91.86000061035156;92.0999984741211;12074000;75.46180725097656
2018-11-21;91.66000366210938;92.37000274658203;91.23999786376953;91.41000366210938;8911800;74.89647674560547
2018-11-23;91.25;91.98999786376953;90.62999725341797;91.54000091552734;4399600;75.00297546386719
2018-11-26;91.1500015258789;92.4000015258789;91.1500015258789;91.94000244140625;8171400;75.33070373535156
2018-11-27;91.93000030517578;92.86000061035156;91.8499984741211;92.72000122070312;9023400;75.96979522705078
2018-11-28;92.62999725341797;93.22000122070312;92.20999908447266;93.01000213623047;8093700;76.20743560791016
2018-11-29;92.86000061035156;93.30000305175781;92.66000366210938;92.81999969482422;6126900;76.05174255371094
2018-11-30;93.18000030517578;94.6500015258789;92.75;94.51000213623047;16291800;77.43643188476562
2018-12-03;94.66999816894531;94.66999816894531;92.26000213623047;93.31999969482422;13934700;76.46141815185547
2018-12-04;93.48999786376953;94.86000061035156;93.16999816894531;93.30999755859375;11123600;76.4532241821289
2018-12-06;92.69999694824219;93.62999725341797;91.08000183105469;93.55000305175781;14199200;76.64986419677734
2018-12-07;93.58999633789062;93.77999877929688;92.13999938964844;92.44999694824219;7996800;75.74856567382812
2018-12-10;93.25;93.4000015258789;91.37000274658203;93.02999877929688;9307600;76.22381591796875
2018-12-11;93.72000122070312;94.5199966430664;93.4000015258789;93.91000366210938;8743800;76.94483184814453
2018-12-12;94.20999908447266;94.55000305175781;93.0999984741211;94.02999877929688;9644000;77.04315185546875
2018-12-13;94.87000274658203;96.79000091552734;94.80000305175781;96.48999786376953;18541300;79.0587387084961
2018-12-14;96.44999694824219;96.9000015258789;96.0199966430664;96.63999938964844;12657300;79.18164825439453
2018-12-17;96.0;96.5;92.4000015258789;92.7699966430664;12427600;76.01078796386719
2018-12-18;93.12999725341797;93.30999755859375;91.86000061035156;92.48999786376953;12250600;75.78136444091797
2018-12-19;92.55000305175781;93.3499984741211;91.29000091552734;91.76000213623047;10825600;75.18324279785156
2018-12-20;91.51000213623047;92.2300033569336;90.12999725341797;90.9800033569336;14439200;74.54415130615234
2018-12-21;90.61000061035156;93.16999816894531;90.36000061035156;90.97000122070312;24030000;74.53596496582031
2018-12-24;90.44999694824219;90.66000366210938;86.87999725341797;87.36000061035156;7396300;71.57810974121094
2018-12-26;87.41999816894531;90.08999633789062;86.73999786376953;90.08999633789062;8630900;73.8149185180664
2018-12-27;89.61000061035156;92.05000305175781;88.19999694824219;92.0199966430664;11360100;75.3962631225586
2018-12-28;92.55999755859375;93.27999877929688;90.83999633789062;91.18000030517578;9611800;74.7080307006836
2018-12-31;91.62999725341797;92.18000030517578;91.1500015258789;91.91999816894531;7239500;75.31434631347656
2019-01-02;91.02999877929688;91.38999938964844;89.93000030517578;91.27999877929688;9843900;74.7899398803711
2019-01-03;90.94000244140625;92.5;90.37999725341797;90.63999938964844;9820200;74.26557922363281
2019-01-04;90.83999633789062;92.48999786376953;90.37000274658203;92.48999786376953;10565700;75.78136444091797
2019-01-07;91.91000366210938;92.5;91.4000015258789;92.12000274658203;9012500;75.47817993164062
2019-01-08;92.69999694824219;93.08999633789062;91.81999969482422;92.45999908447266;9551300;75.75677490234375
2019-01-09;92.69000244140625;92.95999908447266;90.80999755859375;90.94999694824219;15015600;74.51956939697266
2019-01-10;90.88999938964844;91.54000091552734;90.61000061035156;91.16999816894531;11102300;74.6998062133789
2019-01-11;91.66999816894531;91.9800033569336;91.11000061035156;91.7699966430664;7166600;75.19142150878906
2019-01-14;91.5;91.91000366210938;90.8499984741211;91.1500015258789;7952000;74.68343353271484
2019-01-15;91.1500015258789;92.61000061035156;91.13999938964844;92.01000213623047;7834500;75.38807678222656
2019-01-16;91.73999786376953;92.1500015258789;90.98999786376953;91.37000274658203;7964500;74.86371612548828
2019-01-17;90.70999908447266;91.55999755859375;90.3499984741211;90.63999938964844;8044500;74.85296630859375
2019-01-18;91.37000274658203;91.83999633789062;91.04000091552734;91.41999816894531;9100300;75.49708557128906
2019-01-22;91.38999938964844;91.75;89.08000183105469;90.44000244140625;13518500;74.68778228759766
2019-01-23;94.18000030517578;96.41000366210938;93.62999725341797;94.83999633789062;22869000;78.32142639160156
2019-01-24;94.29000091552734;94.55999755859375;93.19000244140625;94.30000305175781;12146400;77.8754653930664
2019-01-25;94.41999816894531;94.88999938964844;93.05999755859375;93.5999984741211;10618000;77.29740905761719
2019-01-28;93.31999969482422;93.97000122070312;92.97000122070312;93.5199966430664;9765600;77.23133087158203
2019-01-29;93.79000091552734;94.12000274658203;93.0999984741211;93.54000091552734;9769800;77.24787139892578
2019-01-30;93.61000061035156;94.66000366210938;93.56999969482422;94.5199966430664;7750200;78.05716705322266
2019-01-31;94.43000030517578;96.80999755859375;94.08000183105469;96.47000122070312;16044400;79.66753387451172
2019-02-01;96.3499984741211;97.61000061035156;95.98999786376953;97.47000122070312;12720800;80.49335479736328
2019-02-04;97.20999908447266;98.22000122070312;96.72000122070312;98.02999877929688;11887500;80.95580291748047
2019-02-05;97.98999786376953;98.0199966430664;97.20999908447266;97.44000244140625;9772300;80.46857452392578
2019-02-06;97.25;98.31999969482422;97.12000274658203;97.91999816894531;8693900;80.8649673461914
2019-02-07;97.5199966430664;97.5999984741211;96.33999633789062;97.13999938964844;8732500;80.22080993652344
2019-02-08;97.01000213623047;97.72000122070312;96.69999694824219;97.70999908447266;7483200;80.69156646728516
2019-02-11;97.48999786376953;98.38999938964844;97.43000030517578;98.2699966430664;8494100;81.15401458740234
2019-02-12;98.37999725341797;99.33999633789062;97.9800033569336;99.26000213623047;11238800;81.97160339355469
2019-02-13;99.29000091552734;99.69999694824219;99.01000213623047;99.23999786376953;11587200;81.9550552368164
2019-02-14;98.69999694824219;98.81999969482422;97.83999633789062;98.45999908447266;7930100;81.31092071533203
2019-02-15;98.94999694824219;99.19999694824219;98.25;98.4800033569336;12069100;81.32746124267578
2019-02-19;98.55999755859375;100.0;98.47000122070312;99.98999786376953;10098200;82.5744400024414
2019-02-20;99.77999877929688;100.22000122070312;98.94000244140625;99.27999877929688;8947400;81.98809051513672
2019-02-21;99.0999984741211;99.86000061035156;98.58999633789062;99.77999877929688;7444800;82.40100860595703
2019-02-22;99.69000244140625;100.4000015258789;99.4000015258789;100.25;7925400;82.78913879394531
2019-02-25;100.36000061035156;100.44999694824219;99.33000183105469;99.56999969482422;7436100;82.22760772705078
2019-02-26;99.83999633789062;100.18000030517578;99.62999725341797;99.83000183105469;7115300;82.44229125976562
2019-02-27;99.33999633789062;99.62999725341797;98.81999969482422;98.91000366210938;6013600;81.68253326416016
2019-02-28;98.91000366210938;99.19999694824219;98.08000183105469;98.55000305175781;10575400;81.38523864746094
2019-03-01;98.61000061035156;98.77999877929688;97.83000183105469;98.44000244140625;7733200;81.29441833496094
2019-03-04;98.56999969482422;98.87999725341797;97.87999725341797;98.87000274658203;6895300;81.6495132446289
2019-03-05;98.91000366210938;99.68000030517578;98.91000366210938;99.08999633789062;6274600;81.83118438720703
2019-03-06;98.86000061035156;99.0999984741211;98.4000015258789;98.93000030517578;4622300;81.69905090332031
2019-03-07;98.97000122070312;99.5999984741211;98.25;98.55000305175781;8408600;81.38523864746094
2019-03-08;98.81999969482422;99.18000030517578;97.75;98.41000366210938;5144500;81.2696304321289
2019-03-11;98.79000091552734;99.68000030517578;98.51000213623047;99.58000183105469;7544400;82.23583984375
2019-03-12;99.77999877929688;100.5199966430664;99.7300033569336;100.05000305175781;7597500;82.62398529052734
2019-03-13;99.98999786376953;101.58999633789062;99.95999908447266;101.18000030517578;9883300;83.55718231201172
2019-03-14;100.94000244140625;101.77999877929688;100.72000122070312;101.31999969482422;8590200;83.67278289794922
2019-03-15;101.76000213623047;102.88999938964844;101.7300033569336;102.44000244140625;30802700;84.59770965576172
2019-03-18;102.05999755859375;102.29000091552734;101.19999694824219;101.51000213623047;8442800;83.82969665527344
2019-03-19;101.91000366210938;102.13999938964844;101.29000091552734;101.9000015258789;7334100;84.15176391601562
2019-03-20;101.7300033569336;102.30999755859375;101.05000305175781;101.72000122070312;7513800;84.00311279296875
2019-03-21;101.27999877929688;102.91000366210938;101.27999877929688;102.48999786376953;8221000;84.63900756835938
2019-03-22;102.4800033569336;103.1500015258789;99.01000213623047;101.66000366210938;11035900;83.95358276367188
2019-03-25;101.66000366210938;102.33999633789062;101.26000213623047;101.95999908447266;6955500;84.20130920410156
2019-03-26;102.44000244140625;103.4800033569336;102.4000015258789;103.0199966430664;6909400;85.0766830444336
2019-03-27;102.76000213623047;103.0199966430664;102.04000091552734;102.9000015258789;6037100;84.97760772705078
2019-03-28;103.30999755859375;103.68000030517578;103.11000061035156;103.55000305175781;6793700;85.51439666748047
2019-03-29;103.86000061035156;104.1500015258789;103.11000061035156;104.05000305175781;7535400;85.92729187011719
2019-04-01;104.2300033569336;104.2300033569336;103.13999938964844;103.63999938964844;6626500;85.58870697021484
2019-04-02;103.61000061035156;104.0199966430664;103.26000213623047;103.75;6088800;85.67955017089844
2019-04-03;103.58000183105469;103.88999938964844;102.75;103.69000244140625;5226500;85.6300048828125
2019-04-04;103.4800033569336;103.66999816894531;102.79000091552734;103.43000030517578;4786100;85.415283203125
2019-04-05;103.61000061035156;103.69000244140625;103.16999816894531;103.6500015258789;4281800;85.59695434570312
2019-04-08;103.93000030517578;105.13999938964844;103.5;104.97000122070312;8468600;86.6870346069336
2019-04-09;104.55000305175781;104.76000213623047;104.13999938964844;104.66000366210938;5820300;86.43104553222656
2019-04-10;104.66000366210938;105.0;104.23999786376953;104.6500015258789;5394300;86.42281341552734
2019-04-11;104.58000183105469;105.05000305175781;104.37000274658203;104.75;5078400;86.50537109375
2019-04-12;104.75;105.05999755859375;104.16999816894531;105.05999755859375;6707900;86.76138305664062
2019-04-15;104.9800033569336;105.77999877929688;104.79000091552734;105.7300033569336;5639200;87.31468963623047
2019-04-16;105.9800033569336;106.5;105.6500015258789;106.41999816894531;8136100;87.8844985961914
2019-04-17;106.2699966430664;106.51000213623047;105.3499984741211;105.8499984741211;6778100;88.03086853027344
2019-04-18;106.0199966430664;106.70999908447266;105.83000183105469;106.05000305175781;7248900;88.19721221923828
2019-04-22;106.12999725341797;107.19999694824219;105.73999786376953;106.01000213623047;9057200;88.16394805908203
2019-04-23;104.01000213623047;104.11000061035156;102.12999725341797;103.16000366210938;15979800;85.79373168945312
2019-04-24;103.31999969482422;104.6500015258789;102.79000091552734;103.69000244140625;10094800;86.23451232910156
2019-04-25;103.0999984741211;103.56999969482422;102.58999633789062;103.27999877929688;6085300;85.89351654052734
2019-04-26;103.94999694824219;105.87999725341797;103.91000366210938;105.86000061035156;7747400;88.03919982910156
2019-04-29;105.56999969482422;105.75;104.72000122070312;104.77999877929688;4787600;87.1410140991211
2019-04-30;104.86000061035156;106.62000274658203;104.66000366210938;106.4800033569336;8251300;88.55482482910156
2019-05-01;106.1500015258789;106.38999938964844;104.80999755859375;104.93000030517578;6733800;87.26577758789062
2019-05-02;105.19999694824219;105.76000213623047;105.05000305175781;105.55999755859375;6270300;87.78970336914062
2019-05-03;105.98999786376953;106.41000366210938;105.58000183105469;106.08000183105469;4793400;88.22215270996094
2019-05-06;105.12000274658203;105.81999969482422;105.04000091552734;105.68000030517578;4890400;87.88949584960938
2019-05-07;105.02999877929688;105.58000183105469;104.0999984741211;104.69999694824219;6021700;87.07447052001953
2019-05-08;104.98999786376953;105.7699966430664;104.16000366210938;105.06999969482422;5392600;87.3821792602539
2019-05-09;104.66999816894531;105.04000091552734;103.77999877929688;104.23999786376953;6901700;86.69192504882812
2019-05-10;103.9800033569336;106.1500015258789;103.91999816894531;106.01000213623047;5815800;88.16394805908203
2019-05-13;105.13999938964844;106.58999633789062;104.8499984741211;106.11000061035156;7575500;88.24710845947266
2019-05-14;105.7699966430664;106.5;105.56999969482422;105.5999984741211;7004000;87.82294464111328
2019-05-15;105.61000061035156;107.0;105.5;106.69999694824219;5535600;88.73778533935547
2019-05-16;106.73999786376953;108.68000030517578;106.58999633789062;108.11000061035156;9284200;89.9104232788086
2019-05-17;107.2699966430664;108.0;107.26000213623047;107.44999694824219;6370200;89.36153411865234
2019-05-20;107.44000244140625;108.12999725341797;107.13999938964844;107.33000183105469;6565300;89.26173400878906
2019-05-21;107.47000122070312;107.54000091552734;106.29000091552734;106.37000274658203;5226400;88.46333312988281
2019-05-22;106.08999633789062;107.05000305175781;105.94000244140625;106.72000122070312;4889700;88.7544174194336
2019-05-23;106.68000030517578;107.02999877929688;105.88999938964844;106.76000213623047;6175600;88.78767395019531
2019-05-24;107.1500015258789;107.44000244140625;106.54000091552734;106.69000244140625;4372100;88.72945404052734
2019-05-28;106.69999694824219;107.25;104.41999816894531;104.45999908447266;7615500;86.87487030029297
2019-05-29;103.95999908447266;104.80999755859375;103.69999694824219;104.19000244140625;7137300;86.65032958984375
2019-05-30;104.37000274658203;105.37000274658203;104.37000274658203;105.33000183105469;4729200;87.59840393066406
2019-05-31;104.88999938964844;104.9000015258789;102.41000366210938;102.91000366210938;10282300;85.58580780029297
2019-06-03;103.1500015258789;103.95999908447266;102.4000015258789;103.80000305175781;8532900;86.32598114013672
2019-06-04;104.01000213623047;105.0999984741211;103.8499984741211;104.68000030517578;6906400;87.05783081054688
2019-06-05;105.23999786376953;106.75;104.88999938964844;106.7300033569336;6481700;88.76272583007812
2019-06-06;106.8499984741211;107.68000030517578;106.33000183105469;107.37999725341797;6681600;89.30330657958984
2019-06-07;107.73999786376953;109.37999725341797;107.73999786376953;108.7699966430664;8063400;90.45930480957031
2019-06-10;108.31999969482422;109.0199966430664;107.45999908447266;108.72000122070312;4767000;90.41771697998047
2019-06-11;108.94000244140625;109.5999984741211;108.87000274658203;109.37999725341797;8074400;90.96662139892578
2019-06-12;109.5999984741211;110.66000366210938;109.58000183105469;109.68000030517578;7687800;91.21612548828125
2019-06-13;109.9800033569336;110.94999694824219;109.86000061035156;110.91000366210938;8611400;92.23905944824219
2019-06-14;110.97000122070312;111.75;110.6500015258789;111.19999694824219;6438100;92.480224609375
2019-06-17;111.16000366210938;111.20999908447266;110.23999786376953;110.98999786376953;6020000;92.30557250976562
2019-06-18;111.44999694824219;111.55999755859375;109.43000030517578;109.5999984741211;7731200;91.14958953857422
2019-06-19;109.5;110.7300033569336;109.26000213623047;110.41999816894531;7028000;91.83155059814453
2019-06-20;110.77999877929688;112.0199966430664;110.5;111.73999786376953;7044200;92.92933654785156
2019-06-21;111.62000274658203;112.47000122070312;111.0199966430664;111.19999694824219;13799400;92.480224609375
2019-06-24;111.81999969482422;112.5;111.4000015258789;112.33000183105469;5518100;93.41999816894531
2019-06-25;112.11000061035156;112.62999725341797;111.30999755859375;111.72000122070312;6805600;92.91270446777344
2019-06-26;111.38999938964844;111.44000244140625;109.66000366210938;109.7300033569336;7170300;91.25770568847656
2019-06-27;109.91999816894531;110.2699966430664;109.29000091552734;109.77999877929688;5613300;91.29927062988281
2019-06-28;111.86000061035156;111.95999908447266;109.0199966430664;109.6500015258789;12152000;91.191162109375
2019-07-01;109.91999816894531;110.69999694824219;109.61000061035156;110.48999786376953;6775900;91.88973999023438
2019-07-02;110.61000061035156;111.5;110.29000091552734;111.4800033569336;6578200;92.71308898925781
2019-07-03;111.95999908447266;114.2699966430664;111.83999633789062;114.08000183105469;6223300;94.87540435791016
2019-07-05;112.97000122070312;113.44999694824219;112.2300033569336;113.1500015258789;8694800;94.10198211669922
2019-07-08;113.33999633789062;114.2300033569336;113.30000305175781;114.05000305175781;5317800;94.85047912597656
2019-07-09;113.9000015258789;113.91000366210938;112.31999969482422;112.91000366210938;7537700;93.90238189697266
2019-07-10;113.45999908447266;114.5;113.4000015258789;113.75;5600700;94.60095977783203
2019-07-11;113.66000366210938;114.4000015258789;113.44000244140625;114.37999725341797;4625300;95.12490844726562
2019-07-12;114.06999969482422;115.20999908447266;114.06999969482422;114.98999786376953;7058600;95.63221740722656
2019-07-15;115.06999969482422;115.87999725341797;114.79000091552734;115.4800033569336;6240700;96.03976440429688
2019-07-16;115.72000122070312;116.5199966430664;115.44999694824219;115.88999938964844;7644300;96.3807373046875
2019-07-17;115.7300033569336;116.29000091552734;115.7300033569336;115.94000244140625;7861700;96.42229461669922
2019-07-18;114.93000030517578;115.7699966430664;114.79000091552734;115.44000244140625;5828700;96.62820434570312
2019-07-19;115.5;115.94999694824219;115.01000213623047;115.01000213623047;6547000;96.26826477050781
2019-07-22;115.04000091552734;115.44999694824219;114.58000183105469;115.30000305175781;4018800;96.5110092163086
2019-07-23;115.70999908447266;116.05000305175781;113.83999633789062;113.8499984741211;8194600;95.29732513427734
2019-07-24;113.8499984741211;113.87999725341797;112.27999877929688;112.5999984741211;9635900;94.25100708007812
2019-07-25;111.4800033569336;112.9800033569336;111.37999725341797;112.7699966430664;7809400;94.39330291748047
2019-07-26;113.20999908447266;114.87999725341797;112.87999725341797;114.7300033569336;5559600;96.03390502929688
2019-07-29;114.7300033569336;116.20999908447266;114.62000274658203;116.0;7768700;97.0969467163086
2019-07-30;119.81999969482422;121.76000213623047;118.80000305175781;120.41000366210938;18788800;100.78831481933594
2019-07-31;119.66000366210938;120.68000030517578;117.06999969482422;118.04000091552734;12641800;98.80450439453125
2019-08-01;118.55999755859375;119.16999816894531;116.7300033569336;116.7300033569336;11308600;97.70801544189453
2019-08-02;116.51000213623047;117.08000183105469;115.69000244140625;116.44000244140625;12266100;97.46527099609375
2019-08-05;116.08999633789062;116.30000305175781;112.83000183105469;113.08000183105469;12974800;94.65278625488281
2019-08-06;113.6500015258789;115.0;113.18000030517578;114.27999877929688;9490600;95.65725708007812
2019-08-07;113.75;116.23999786376953;112.68000030517578;115.5199966430664;9507600;96.69517517089844
2019-08-08;115.5199966430664;117.48999786376953;115.33999633789062;117.44000244140625;7416600;98.30229187011719
2019-08-09;117.62000274658203;118.04000091552734;115.8499984741211;116.77999877929688;6939500;97.74983978271484
2019-08-12;116.77999877929688;117.66999816894531;115.58999633789062;116.02999877929688;4996200;97.12206268310547
2019-08-13;116.51000213623047;118.06999969482422;116.33999633789062;117.25;6722000;98.14325714111328
2019-08-14;116.45999908447266;117.94000244140625;115.66000366210938;115.79000091552734;10148300;96.92117309570312
2019-08-15;116.80000305175781;118.08999633789062;116.44000244140625;117.38999938964844;7758000;98.26042938232422
2019-08-16;118.05999755859375;119.54000091552734;117.5999984741211;119.18000030517578;8302400;99.75874328613281
2019-08-19;119.97000122070312;120.44999694824219;119.11000061035156;120.23999786376953;5867100;100.64598083496094
2019-08-20;120.05000305175781;120.26000213623047;118.79000091552734;118.9000015258789;6744300;99.52438354492188
2019-08-21;119.2699966430664;119.6500015258789;118.68000030517578;119.19999694824219;4037400;99.7754898071289
2019-08-22;119.08000183105469;119.79000091552734;118.69999694824219;119.41999816894531;4558400;99.95962524414062
2019-08-23;119.13999938964844;120.11000061035156;116.43000030517578;117.31999969482422;7336800;98.20185852050781
2019-08-26;117.75;119.5999984741211;117.22000122070312;119.31999969482422;5661500;99.87592315673828
2019-08-27;119.98999786376953;121.05000305175781;119.77999877929688;120.55000305175781;6996300;100.90550231933594
2019-08-28;120.45999908447266;121.43000030517578;119.62999725341797;121.4000015258789;4600300;101.61698913574219
2019-08-29;121.79000091552734;122.0;120.31999969482422;121.18000030517578;5011500;101.43284606933594
2019-08-30;121.95999908447266;122.0;119.51000213623047;120.2300033569336;6007100;100.63765716552734
2019-09-03;119.79000091552734;121.54000091552734;119.62999725341797;121.36000061035156;4959300;101.58350372314453
2019-09-04;121.8499984741211;123.27999877929688;121.45999908447266;123.20999908447266;5586900;103.13202667236328
2019-09-05;123.23999786376953;123.43000030517578;122.18000030517578;122.76000213623047;7491900;102.75534057617188
2019-09-06;123.0;123.37999725341797;122.54000091552734;122.87000274658203;5306900;102.8474349975586
2019-09-09;122.70999908447266;122.77999877929688;121.77999877929688;122.16999816894531;7662400;102.26148986816406
2019-09-10;121.02999877929688;121.18000030517578;119.58000183105469;119.87999725341797;9582200;100.34468841552734
2019-09-11;119.86000061035156;121.33999633789062;119.36000061035156;121.2699966430664;7565500;101.50814819335938
2019-09-12;122.6500015258789;123.20999908447266;121.62000274658203;122.7699966430664;6194300;102.76376342773438
2019-09-13;121.81999969482422;122.58000183105469;121.5;122.12000274658203;6777400;102.21966552734375
2019-09-16;121.80999755859375;121.95999908447266;119.0199966430664;119.75;9626700;100.23584747314453
2019-09-17;119.62999725341797;121.98999786376953;119.44000244140625;121.16000366210938;6377100;101.41609191894531
2019-09-18;121.2699966430664;121.95999908447266;120.7699966430664;121.41000366210938;5684200;101.62535095214844
2019-09-19;121.38999938964844;122.2300033569336;121.23999786376953;121.9000015258789;4525800;102.0355224609375
2019-09-20;122.12999725341797;122.5999984741211;121.75;122.23999786376953;15362000;102.3200912475586
2019-09-23;122.19999694824219;123.7699966430664;121.97000122070312;123.22000122070312;6060400;103.1404037475586
2019-09-24;123.69999694824219;124.7300033569336;123.36000061035156;123.61000061035156;7633200;103.46682739257812
2019-09-25;123.55999755859375;123.83000183105469;122.94999694824219;123.0199966430664;5812600;102.97298431396484
2019-09-26;123.63999938964844;125.0;123.52999877929688;124.30999755859375;6984800;104.05277252197266
2019-09-27;124.41000366210938;124.87999725341797;123.72000122070312;124.56999969482422;5589800;104.2703857421875
2019-09-30;124.56999969482422;125.36000061035156;124.12999725341797;124.37999725341797;5206900;104.11137390136719
2019-10-01;124.36000061035156;124.63999938964844;123.19999694824219;123.8499984741211;5415700;103.66773223876953
2019-10-02;123.19999694824219;123.6500015258789;120.20999908447266;121.08000183105469;6755100;101.34912872314453
2019-10-03;121.66999816894531;122.54000091552734;120.83999633789062;121.73999786376953;5171000;101.90157318115234
2019-10-04;122.19000244140625;124.05999755859375;121.98999786376953;124.0;4377900;103.79328155517578
2019-10-07;123.52999877929688;123.88999938964844;122.68000030517578;122.83999633789062;4749700;102.82230377197266
2019-10-08;122.66000366210938;122.93000030517578;120.87999725341797;120.93000030517578;5545300;101.22358703613281
2019-10-09;121.80999755859375;122.38999938964844;121.43000030517578;121.9800033569336;3775600;102.1024398803711
2019-10-10;121.33000183105469;122.19000244140625;120.80000305175781;121.94000244140625;3943400;102.06896209716797
2019-10-11;122.04000091552734;122.05999755859375;120.81999969482422;121.08999633789062;6292200;101.35748291015625
2019-10-14;121.62000274658203;121.62000274658203;119.58000183105469;120.05000305175781;7360200;100.48696899414062
2019-10-15;120.19000244140625;120.55999755859375;116.69999694824219;117.19999694824219;11113900;98.10137939453125
2019-10-16;117.66999816894531;117.7699966430664;116.51000213623047;117.52999877929688;7973100;98.37762451171875
2019-10-17;117.30999755859375;117.63999938964844;116.55000305175781;116.62999725341797;5956900;98.24789428710938
2019-10-18;116.55000305175781;117.75;116.16999816894531;117.47000122070312;9016700;98.95549774169922
2019-10-21;117.41999816894531;119.12000274658203;117.3499984741211;119.08000183105469;6731600;100.3117446899414
2019-10-22;124.0;124.22000122070312;121.5999984741211;122.18000030517578;14410500;102.92317962646484
2019-10-23;121.98999786376953;123.7300033569336;121.83999633789062;123.0;8249300;103.61392211914062
2019-10-24;123.76000213623047;125.7699966430664;123.33999633789062;124.79000091552734;6725600;105.12178802490234
2019-10-25;124.81999969482422;124.81999969482422;123.16999816894531;123.25;6093300;103.82452392578125
2019-10-28;123.4800033569336;124.12000274658203;122.5999984741211;123.4800033569336;5459500;104.01826477050781
2019-10-29;123.19999694824219;124.55999755859375;123.0999984741211;123.5999984741211;5659800;104.1193618774414
2019-10-30;123.98999786376953;125.16999816894531;123.5;124.94000244140625;4734500;105.24816131591797
2019-10-31;124.79000091552734;125.44999694824219;123.36000061035156;124.51000213623047;6399500;104.88594818115234
2019-11-01;124.83000183105469;125.13999938964844;123.25;123.87000274658203;6010200;104.34678649902344
2019-11-04;123.91999816894531;123.91999816894531;118.63999938964844;119.06999969482422;10351400;100.30331420898438
2019-11-05;118.83000183105469;119.58999633789062;118.23999786376953;118.9000015258789;9239600;100.1601333618164
2019-11-06;119.0999984741211;120.3499984741211;118.66000366210938;120.31999969482422;6756300;101.3563003540039
2019-11-07;120.33999633789062;120.33999633789062;118.80999755859375;119.62000274658203;8909700;100.76663208007812
2019-11-08;119.8499984741211;120.58999633789062;119.16000366210938;119.69999694824219;4249900;100.83402252197266
2019-11-11;119.4800033569336;120.0;119.08999633789062;119.33000183105469;3850400;100.5223617553711
2019-11-12;119.48999786376953;119.5999984741211;118.55000305175781;119.2699966430664;4759600;100.4718017578125
2019-11-13;119.9000015258789;121.05000305175781;119.87000274658203;120.6500015258789;7262800;101.63431549072266
2019-11-14;120.62000274658203;121.16999816894531;120.11000061035156;120.5;5188300;101.50794982910156
2019-11-15;120.98999786376953;120.98999786376953;119.97000122070312;120.54000091552734;7108600;101.54163360595703
2019-11-18;120.25;122.55999755859375;120.16999816894531;121.88999938964844;7493700;102.67887115478516
2019-11-19;121.93000030517578;122.77999877929688;121.12999725341797;121.41999816894531;5989000;102.28295135498047
2019-11-20;121.41999816894531;122.37999725341797;120.93000030517578;122.29000091552734;6480000;103.01583099365234
2019-11-21;121.77999877929688;122.54000091552734;120.27999877929688;120.33999633789062;7094200;101.3731689453125
2019-11-22;120.2300033569336;120.61000061035156;119.38999938964844;120.29000091552734;4414900;101.33103942871094
2019-11-25;120.44000244140625;120.91999816894531;120.0199966430664;120.51000213623047;5134300;101.51634216308594
2019-11-26;120.7300033569336;122.3499984741211;120.41000366210938;122.26000213623047;8235200;102.99055480957031
2019-11-27;122.41999816894531;122.44000244140625;120.95999908447266;121.76000213623047;3751400;102.56935119628906
2019-11-29;121.98999786376953;122.62999725341797;121.70999908447266;122.05999755859375;2927300;102.82206726074219
2019-12-02;121.94000244140625;122.77999877929688;120.95999908447266;122.72000122070312;6146200;103.3780288696289
2019-12-03;122.30999755859375;122.95999908447266;121.80000305175781;122.94999694824219;6396200;103.57177734375
2019-12-04;122.75;124.58000183105469;122.69000244140625;124.52999877929688;6857300;104.90276336669922
2019-12-05;124.2699966430664;124.62999725341797;123.66000366210938;124.62000274658203;7029200;104.97857666015625
2019-12-06;124.7300033569336;125.44999694824219;123.88999938964844;124.19000244140625;7150900;104.61634826660156
2019-12-09;124.30999755859375;125.13999938964844;124.18000030517578;124.87000274658203;7452800;105.18919372558594
2019-12-10;124.77999877929688;124.87000274658203;124.12000274658203;124.2699966430664;4740100;104.68374633789062
2019-12-11;124.2699966430664;125.2699966430664;124.06999969482422;124.66000366210938;4823300;105.01229858398438
2019-12-12;124.77999877929688;125.76000213623047;123.87999725341797;124.56999969482422;5897800;104.93647766113281
2019-12-13;124.20999908447266;125.73999786376953;123.79000091552734;125.47000122070312;5471600;105.69461822509766
2019-12-16;125.47000122070312;126.3499984741211;125.3499984741211;125.55999755859375;8281900;105.77042388916016
2019-12-17;125.58999633789062;125.9800033569336;124.30999755859375;125.30999755859375;8832200;105.5598373413086
2019-12-18;125.30999755859375;125.87000274658203;123.69000244140625;124.01000213623047;8607600;104.4647445678711
2019-12-19;124.16000366210938;125.19999694824219;123.9000015258789;124.91999816894531;6629100;105.23130798339844
2019-12-20;126.1500015258789;126.5999984741211;125.02999877929688;125.36000061035156;16250500;105.60195922851562
2019-12-23;125.5199966430664;125.81999969482422;124.69000244140625;124.9000015258789;6619500;105.21443939208984
2019-12-24;124.79000091552734;125.30999755859375;124.58000183105469;125.22000122070312;2022100;105.48401641845703
2019-12-26;125.0999984741211;125.75;124.87000274658203;125.22000122070312;4760400;105.48401641845703
2019-12-27;125.55999755859375;126.30000305175781;125.38999938964844;126.08999633789062;5192000;106.21688842773438
2019-12-30;125.76000213623047;125.9800033569336;124.13999938964844;124.47000122070312;3884300;104.85224151611328
2019-12-31;124.43000030517578;124.98999786376953;123.94999694824219;124.9000015258789;4798900;105.21443939208984
2020-01-02;124.5;124.7300033569336;122.94000244140625;123.41000366210938;8130800;103.95928192138672
2020-01-03;122.16000366210938;123.52999877929688;121.86000061035156;122.58000183105469;7970500;103.2601089477539
2020-01-06;122.56999969482422;123.19000244140625;122.37999725341797;122.75;6674400;103.40332794189453
2020-01-07;122.87999725341797;123.20999908447266;121.87000274658203;121.98999786376953;7583400;102.76309204101562
2020-01-08;122.19000244140625;123.43000030517578;122.0;122.51000213623047;5385100;103.20113372802734
2020-01-09;122.51000213623047;123.87999725341797;122.51000213623047;123.8499984741211;5944000;104.32994079589844
2020-01-10;123.9000015258789;124.31999969482422;123.30000305175781;123.97000122070312;3927100;104.4310531616211
2020-01-13;124.0;124.9000015258789;123.80999755859375;124.87999725341797;8409200;105.19760131835938
2020-01-14;124.6500015258789;125.19999694824219;124.4800033569336;124.69000244140625;7829700;105.03755950927734
2020-01-15;125.05999755859375;126.12000274658203;125.01000213623047;125.95999908447266;4843700;106.1073989868164
2020-01-16;126.11000061035156;126.77999877929688;125.58999633789062;126.06999969482422;6233700;106.20006561279297
2020-01-17;126.3499984741211;127.0;125.87999725341797;126.41000366210938;11315200;106.4864730834961
2020-01-21;126.41000366210938;126.62000274658203;124.83999633789062;126.08999633789062;8553100;106.21688842773438
2020-01-22;126.33000183105469;126.68000030517578;125.83000183105469;126.30999755859375;7396700;106.4022216796875
2020-01-23;124.30000305175781;126.55000305175781;123.6500015258789;124.98999786376953;11096500;105.91581726074219
2020-01-24;125.22000122070312;126.79000091552734;124.7699966430664;125.13999938964844;9508600;106.04293823242188
2020-01-27;124.75;126.38999938964844;124.75;125.69000244140625;9338400;106.50900268554688
2020-01-28;125.93000030517578;126.9800033569336;125.72000122070312;126.02999877929688;6200200;106.797119140625
2020-01-29;125.91000366210938;126.06999969482422;125.02999877929688;125.05999755859375;5271000;105.97515869140625
2020-01-30;124.79000091552734;126.05999755859375;124.41999816894531;125.94999694824219;5894400;106.72931671142578
2020-01-31;125.98999786376953;126.94999694824219;124.45999908447266;124.62000274658203;6612900;105.60227966308594
2020-02-03;124.66000366210938;125.94999694824219;124.48999786376953;125.11000061035156;6052300;106.01750946044922
2020-02-04;125.70999908447266;127.3499984741211;125.36000061035156;125.66000366210938;6512200;106.48358154296875
2020-02-05;125.91000366210938;127.05999755859375;125.4000015258789;126.80999755859375;6125400;107.45806121826172
2020-02-06;126.9000015258789;128.08999633789062;126.5999984741211;127.13999938964844;9102700;107.73771667480469
2020-02-07;127.19000244140625;127.2699966430664;126.05000305175781;126.08000183105469;5915100;106.83949279785156
2020-02-10;126.45999908447266;126.83000183105469;125.76000213623047;126.16999816894531;5216100;106.91575622558594
2020-02-11;126.2699966430664;126.2699966430664;124.02999877929688;124.16000366210938;6105700;105.2125015258789
2020-02-12;123.68000030517578;123.97000122070312;122.8499984741211;123.44999694824219;6031700;104.61083221435547
2020-02-13;123.7300033569336;125.27999877929688;123.5199966430664;124.95999908447266;7159000;105.89041137695312
2020-02-14;125.29000091552734;126.1500015258789;124.79000091552734;126.13999938964844;5889100;106.89032745361328
2020-02-18;125.83000183105469;126.18000030517578;124.83000183105469;124.87000274658203;6767600;105.81415557861328
2020-02-19;124.8499984741211;126.47000122070312;124.6500015258789;125.44000244140625;4734000;106.29717254638672
2020-02-20;125.47000122070312;126.76000213623047;125.12999725341797;126.58000183105469;6094600;107.26317596435547
2020-02-21;126.12999725341797;128.07000732421875;125.9800033569336;126.69999694824219;8723900;107.36487579345703
2020-02-24;125.26000213623047;126.58999633789062;123.13999938964844;123.30000305175781;7533900;104.48372650146484
2020-02-25;123.0199966430664;123.95999908447266;120.87999725341797;121.43000030517578;8903200;102.89909362792969
2020-02-26;121.41999816894531;122.38999938964844;119.8499984741211;120.16000366210938;6894200;101.82290649414062
2020-02-27;119.12000274658203;119.91999816894531;113.43000030517578;113.5;13298900;96.17927551269531
2020-02-28;109.45999908447266;113.2300033569336;106.66999816894531;113.2300033569336;22784300;95.9504623413086
2020-03-02;113.19000244140625;119.79000091552734;112.55000305175781;119.55999755859375;12399800;101.31446838378906
2020-03-03;119.7300033569336;121.83999633789062;117.13999938964844;118.16999816894531;12510900;100.13660430908203
2020-03-04;119.87999725341797;124.69000244140625;119.5999984741211;124.5;9459300;105.50057983398438
2020-03-05;121.30000305175781;122.9000015258789;120.27999877929688;121.62999725341797;9363500;103.06856536865234
2020-03-06;118.02999877929688;122.61000061035156;117.55000305175781;121.66000366210938;9817400;103.09400939941406
2020-03-09;115.2699966430664;120.02999877929688;115.12000274658203;116.05999755859375;13116500;98.34860229492188
2020-03-10;118.95999908447266;120.81999969482422;114.44000244140625;120.55000305175781;11419100;102.15337371826172
2020-03-11;117.5999984741211;118.44000244140625;110.68000030517578;111.58999633789062;16456000;94.56072235107422
2020-03-12;103.0;111.58000183105469;101.0;101.83999633789062;20988000;86.29865264892578
2020-03-13;106.5;114.62999725341797;105.41000366210938;114.06999969482422;17378700;96.66229248046875
2020-03-16;101.75;115.94999694824219;101.0;108.5;17367400;91.94229125976562
2020-03-17;111.44999694824219;119.69999694824219;110.7699966430664;118.23999786376953;19451400;100.19591522216797
2020-03-18;113.0199966430664;121.5;112.08999633789062;117.44999694824219;23139200;99.5264663696289
2020-03-19;116.61000061035156;118.0;109.79000091552734;110.83000183105469;16428100;93.9167251586914
2020-03-20;109.19000244140625;109.69999694824219;101.58999633789062;102.43000030517578;19922900;86.79861450195312
2020-03-23;100.19000244140625;103.75;94.33999633789062;97.69999694824219;17776800;82.79041290283203
2020-03-24;101.2300033569336;104.0;96.06999969482422;103.2699966430664;14625500;87.5103988647461
2020-03-25;100.51000213623047;104.69999694824219;98.5999984741211;100.91999816894531;13789100;85.51905822753906
2020-03-26;103.87999725341797;108.30999755859375;102.52999877929688;107.37999725341797;15796000;90.9931869506836
2020-03-27;106.48999786376953;114.29000091552734;106.48999786376953;110.16999816894531;16073100;93.35742950439453
2020-03-30;113.9000015258789;115.79000091552734;110.19999694824219;115.0;14571600;97.45035552978516
2020-03-31;113.5;114.29000091552734;108.94999694824219;110.0;21691000;93.21338653564453
2020-04-01;107.94999694824219;112.18000030517578;107.0;109.33000183105469;11095800;92.64563751220703
2020-04-02;107.69000244140625;114.98999786376953;107.5;114.4000015258789;9168800;96.9419174194336
2020-04-03;113.73999786376953;115.9000015258789;113.01000213623047;115.08000183105469;7768700;97.51812744140625
2020-04-06;117.0;119.0;114.58000183105469;117.80999755859375;16848400;99.83152770996094
2020-04-07;116.70999908447266;120.05999755859375;112.5;112.7699966430664;14438400;95.56066131591797
2020-04-08;114.38999938964844;117.30000305175781;111.86000061035156;115.0999984741211;12564500;97.53509521484375
2020-04-09;115.26000213623047;118.66000366210938;114.19999694824219;114.66000366210938;12747300;97.16223907470703
2020-04-13;113.61000061035156;116.75;113.16000366210938;115.94999694824219;7926700;98.25537872314453
2020-04-14;118.76000213623047;121.47000122070312;116.25;120.95999908447266;10474200;102.50080871582031
2020-04-15;120.86000061035156;123.41999816894531;119.58999633789062;121.22000122070312;14192900;102.72114562988281
2020-04-16;122.3499984741211;122.5;119.9000015258789;121.5;12020200;102.95841217041016
2020-04-17;122.44999694824219;124.98999786376953;120.54000091552734;124.69000244140625;15899800;105.66161346435547
2020-04-20;121.47000122070312;123.2300033569336;120.54000091552734;120.5999984741211;10832000;102.19575500488281
2020-04-21;119.5;120.30000305175781;118.43000030517578;119.68000030517578;9465400;101.4161605834961
2020-04-22;119.98999786376953;120.27999877929688;118.77999877929688;119.4000015258789;10259400;101.17886352539062
2020-04-23;118.6500015258789;119.66999816894531;118.05000305175781;119.4000015258789;17277000;101.85363006591797
2020-04-24;119.0999984741211;119.76000213623047;118.62000274658203;118.77999877929688;12751100;101.32476043701172
2020-04-27;119.19000244140625;119.19000244140625;116.9000015258789;117.44999694824219;10635700;100.19021606445312
2020-04-28;117.0999984741211;117.91000366210938;116.16999816894531;116.88999938964844;9958000;99.71251678466797
2020-04-29;117.5199966430664;118.05000305175781;115.08000183105469;117.08000183105469;8707900;99.87459564208984
2020-04-30;115.91999816894531;118.27999877929688;115.66000366210938;117.87000274658203;10026400;100.54851531982422
2020-05-01;117.5999984741211;118.37000274658203;116.31999969482422;116.81999969482422;7366400;99.65279388427734
2020-05-04;117.08999633789062;117.19999694824219;115.0;115.7699966430664;5636000;98.75709533691406
2020-05-05;115.80000305175781;117.26000213623047;115.20999908447266;116.01000213623047;5425200;98.96182250976562
2020-05-06;115.54000091552734;116.13999938964844;112.88999938964844;113.0999984741211;7892200;96.4794692993164
2020-05-07;114.05999755859375;114.13999938964844;111.81999969482422;112.16999816894531;8762800;95.68612670898438
2020-05-08;113.5199966430664;116.30000305175781;113.38999938964844;115.94999694824219;9279900;98.91062927246094
2020-05-11;115.75;116.01000213623047;114.91999816894531;115.30999755859375;6947500;98.36469268798828
2020-05-12;115.19999694824219;115.9000015258789;114.13999938964844;114.55000305175781;6734400;97.71639251708984
2020-05-13;114.27999877929688;115.3499984741211;113.7300033569336;113.91999816894531;9312600;97.178955078125
2020-05-14;113.54000091552734;114.44999694824219;111.25;113.80999755859375;9310000;97.08512115478516
2020-05-15;113.93000030517578;114.79000091552734;112.05000305175781;114.61000061035156;10694800;97.76756286621094
2020-05-18;116.02999877929688;116.98999786376953;114.70999908447266;116.20999908447266;10020800;99.1324462890625
2020-05-19;115.08999633789062;115.63999938964844;112.33999633789062;112.44000244140625;8047600;95.9164810180664
2020-05-20;113.0;113.7699966430664;112.12999725341797;113.27999877929688;6593800;96.63301086425781
2020-05-21;112.80000305175781;113.19999694824219;111.43000030517578;111.62000274658203;6552700;95.21694946289062
2020-05-22;112.29000091552734;113.5999984741211;111.76000213623047;112.5999984741211;5571900;96.05293273925781
2020-05-26;114.1500015258789;114.1500015258789;111.68000030517578;112.02999877929688;10432400;95.56670379638672
2020-05-27;112.5;113.97000122070312;111.81999969482422;113.88999938964844;8279700;97.15336608886719
2020-05-28;115.52999877929688;116.98999786376953;114.9000015258789;116.05999755859375;6586700;99.00447845458984
2020-05-29;116.12999725341797;116.72000122070312;114.62000274658203;115.91999816894531;7868000;98.88504791259766
2020-06-01;116.0;117.5;115.26000213623047;117.25;5105600;100.01959228515625
2020-06-02;117.06999969482422;118.13999938964844;116.81999969482422;118.05999755859375;6327900;100.71056365966797
2020-06-03;118.0999984741211;119.19000244140625;117.94999694824219;118.52999877929688;6171000;101.11151123046875
2020-06-04;118.0;118.83000183105469;115.56999969482422;116.05000305175781;6895800;98.99593353271484
2020-06-05;116.25;118.83000183105469;116.05000305175781;118.33000183105469;7337800;100.9408950805664
2020-06-08;117.44000244140625;119.12000274658203;116.83999633789062;119.05000305175781;6926700;101.55508422851562
2020-06-09;119.4000015258789;119.76000213623047;118.1500015258789;118.33999633789062;5563200;100.94940948486328
2020-06-10;119.0;119.88999938964844;118.11000061035156;119.2300033569336;6678200;101.7086181640625
2020-06-11;118.80999755859375;119.56999969482422;116.0;116.26000213623047;8937500;99.17509460449219
2020-06-12;116.58999633789062;118.05000305175781;115.26000213623047;115.62000274658203;7998500;98.62914276123047
2020-06-15;114.55000305175781;117.27999877929688;113.76000213623047;116.69000244140625;8786000;99.54190063476562
2020-06-16;118.52999877929688;118.97000122070312;116.93000030517578;118.12999725341797;8165200;100.77027893066406
2020-06-17;118.38999938964844;119.11000061035156;117.44000244140625;117.93000030517578;6320800;100.59967041015625
2020-06-18;117.45999908447266;119.95999908447266;117.37000274658203;119.27999877929688;6274400;101.75128173828125
2020-06-19;120.48999786376953;121.81999969482422;118.83000183105469;118.91999816894531;17506200;101.44416046142578
2020-06-22;118.77999877929688;119.08000183105469;117.33999633789062;117.75;5695600;100.44612884521484
2020-06-23;118.66999816894531;119.19000244140625;117.6500015258789;117.7300033569336;5340400;100.42906951904297
2020-06-24;117.22000122070312;117.95999908447266;116.27999877929688;116.41999816894531;6547800;99.31157684326172
2020-06-25;116.98999786376953;118.02999877929688;116.02999877929688;117.88999938964844;5489300;100.56556701660156
2020-06-26;117.58999633789062;118.47000122070312;115.04000091552734;115.2300033569336;23201700;98.29646301269531
2020-06-29;116.51000213623047;118.05000305175781;116.3499984741211;117.66000366210938;6866900;100.3693618774414
2020-06-30;117.97000122070312;119.98999786376953;117.80000305175781;119.56999969482422;7818000;101.99867248535156
2020-07-01;119.6500015258789;120.38999938964844;118.9000015258789;119.9800033569336;6501200;102.3484115600586
2020-07-02;121.0;122.56999969482422;120.52999877929688;120.87999725341797;6150900;103.11615753173828
2020-07-06;121.7699966430664;122.41000366210938;120.87999725341797;121.62999725341797;6023300;103.75594329833984
2020-07-07;121.30000305175781;123.25;120.88999938964844;122.22000122070312;6866300;104.2592544555664
2020-07-08;122.1500015258789;123.23999786376953;122.0;122.88999938964844;6494100;104.8307876586914
2020-07-09;122.81999969482422;123.9800033569336;121.80999755859375;122.4800033569336;5341000;104.48102569580078
2020-07-10;122.56999969482422;124.5;122.47000122070312;123.88999938964844;6752600;105.68384552001953
2020-07-13;124.0;125.58999633789062;123.33999633789062;124.05000305175781;7681500;105.82029724121094
2020-07-14;123.98999786376953;125.66000366210938;123.5;125.08999633789062;6272100;106.70747375488281
2020-07-15;125.9800033569336;126.9000015258789;124.26000213623047;124.5;8145000;106.20418548583984
2020-07-16;125.08000183105469;125.5199966430664;123.91000366210938;124.76000213623047;3959300;106.42598724365234
2020-07-17;125.08999633789062;126.06999969482422;124.83000183105469;125.62999725341797;4868600;107.16812133789062
2020-07-20;125.47000122070312;125.83999633789062;124.79000091552734;125.23999786376953;4242100;106.83543395996094
2020-07-21;125.48999786376953;126.63999938964844;124.91999816894531;125.06999969482422;5162300;106.6904067993164
2020-07-22;125.5;126.4000015258789;124.20999908447266;126.13999938964844;5929200;107.6031723022461
2020-07-23;126.12000274658203;127.18000030517578;125.5999984741211;126.16000366210938;6664800;108.29936981201172
2020-07-24;126.98999786376953;127.7699966430664;125.31999969482422;125.95999908447266;6014200;108.127685546875
2020-07-27;125.70999908447266;126.63999938964844;125.54000091552734;126.31999969482422;6464600;108.43672943115234
2020-07-28;126.37000274658203;128.4600067138672;126.29000091552734;127.87999725341797;7644400;109.77586364746094
2020-07-29;127.55999755859375;129.24000549316406;127.36000061035156;128.30999755859375;6702000;110.14496612548828
2020-07-30;130.66000366210938;132.02999877929688;129.64999389648438;131.4199981689453;10400700;112.81470489501953
2020-07-31;130.66000366210938;131.2100067138672;129.27000427246094;131.1199951171875;8487000;112.55716705322266
2020-08-03;130.47000122070312;131.9199981689453;130.47000122070312;131.2899932861328;7769400;112.70308685302734
2020-08-04;130.77000427246094;133.92999267578125;130.6999969482422;133.7899932861328;7773700;114.84916687011719
2020-08-05;133.58999633789062;134.64999389648438;133.1199951171875;133.44000244140625;5680000;114.54874420166016
2020-08-06;132.85000610351562;133.3699951171875;132.1199951171875;132.7100067138672;3974100;113.92208099365234
2020-08-07;132.88999938964844;133.63999938964844;132.4499969482422;133.5500030517578;4934900;114.64315795898438
2020-08-10;133.6999969482422;134.44000244140625;133.19000244140625;134.10000610351562;5812700;115.11529541015625
2020-08-11;134.27000427246094;134.74000549316406;132.7899932861328;133.22999572753906;5329900;114.36846923828125
2020-08-12;133.77000427246094;135.97000122070312;133.6999969482422;135.4600067138672;5920400;116.2827377319336
2020-08-13;135.0800018310547;135.8699951171875;134.92999267578125;135.77999877929688;4989500;116.55745697021484
2020-08-14;135.61000061035156;135.63999938964844;134.5500030517578;135.10000610351562;5845200;115.97370147705078
2020-08-17;134.94000244140625;135.6999969482422;134.66000366210938;135.5;5603800;116.31710052490234
2020-08-18;135.80999755859375;137.52000427246094;135.4199981689453;136.50999450683594;8670700;117.18412780761719
2020-08-19;135.5399932861328;136.32000732421875;135.5;135.77000427246094;6827700;116.54887390136719
2020-08-20;135.24000549316406;136.97999572753906;135.19000244140625;136.85000610351562;4352200;117.4759521484375
2020-08-21;136.60000610351562;138.10000610351562;135.91000366210938;137.44000244140625;5706600;117.98245239257812
2020-08-24;137.49000549316406;138.77999877929688;137.1999969482422;138.50999450683594;7420500;118.90098571777344
2020-08-25;139.0;139.14999389648438;137.8000030517578;139.05999755859375;4718300;119.37310028076172
2020-08-26;138.57000732421875;139.32000732421875;138.25;138.38999938964844;4746200;118.7979507446289
2020-08-27;138.83999633789062;139.69000244140625;138.17999267578125;138.2100067138672;6156100;118.64344787597656
2020-08-28;138.32000732421875;138.91000366210938;136.9499969482422;138.77000427246094;4166300;119.12419891357422
2020-08-31;138.19000244140625;138.72999572753906;137.82000732421875;138.3300018310547;5596800;118.74646759033203
2020-09-01;137.86000061035156;138.22000122070312;137.07000732421875;138.17999267578125;5671800;118.61769104003906
2020-09-02;138.11000061035156;141.44000244140625;137.61000061035156;140.50999450683594;8384800;120.61779022216797
2020-09-03;140.74000549316406;141.6999969482422;137.08999633789062;138.25999450683594;7277900;118.68637084960938
2020-09-04;137.80999755859375;139.19000244140625;136.1199951171875;137.9600067138672;7437700;118.4288330078125
2020-09-08;138.52000427246094;138.63999938964844;135.0399932861328;135.94000244140625;6847500;116.6948013305664
2020-09-09;136.4199981689453;139.55999755859375;136.27000427246094;138.14999389648438;6002900;118.5919189453125
2020-09-10;138.1199951171875;138.72000122070312;136.50999450683594;136.6999969482422;5242500;117.34721374511719
2020-09-11;137.69000244140625;138.66000366210938;137.16000366210938;138.13999938964844;4398000;118.58333587646484
2020-09-14;138.44000244140625;139.5800018310547;138.3300018310547;138.6300048828125;4767400;119.00399017333984
2020-09-15;138.7899932861328;139.77000427246094;138.38999938964844;138.6300048828125;4046500;119.00399017333984
2020-09-16;139.57000732421875;140.1699981689453;137.60000610351562;137.6999969482422;6049900;118.20559692382812
2020-09-17;137.05999755859375;137.8800048828125;136.19000244140625;137.52000427246094;4648500;118.05110168457031
2020-09-18;136.91000366210938;137.92999267578125;136.25999450683594;137.3699951171875;10192800;117.92233276367188
2020-09-21;137.0;137.47000122070312;134.6999969482422;136.7100067138672;7092600;117.35579681396484
2020-09-22;136.49000549316406;139.02999877929688;136.24000549316406;137.9600067138672;4722800;118.4288330078125
2020-09-23;138.4199981689453;138.4199981689453;136.08999633789062;136.30999755859375;6373700;117.01241302490234
2020-09-24;136.6699981689453;137.14999389648438;135.7100067138672;136.9199981689453;5708200;117.53604888916016
2020-09-25;135.88999938964844;137.99000549316406;135.88999938964844;137.6199951171875;4969900;118.13693237304688
2020-09-28;138.55999755859375;139.94000244140625;137.77999877929688;138.00999450683594;5810800;118.47175598144531
2020-09-29;138.38999938964844;138.4199981689453;136.66000366210938;137.25999450683594;4492100;117.82791137695312
2020-09-30;138.16000366210938;139.85000610351562;137.80999755859375;138.99000549316406;8727800;119.3130111694336
2020-10-01;139.5800018310547;139.99000549316406;138.2100067138672;139.24000549316406;5713400;119.52762603759766
2020-10-02;137.92999267578125;139.1199951171875;136.9499969482422;138.1199951171875;6077900;118.5661849975586
2020-10-05;138.72000122070312;139.64999389648438;138.3000030517578;139.38999938964844;6333900;119.65638732910156
2020-10-06;139.4199981689453;140.77000427246094;138.80999755859375;139.61000061035156;6042900;119.8452377319336
2020-10-07;140.0800018310547;141.38999938964844;139.3699951171875;140.6999969482422;4640900;120.78092193603516
2020-10-08;140.55999755859375;141.92999267578125;140.36000061035156;141.64999389648438;4569800;121.59639739990234
2020-10-09;141.83999633789062;143.63999938964844;141.6999969482422;142.9199981689453;6551700;122.68661499023438
2020-10-12;143.3300018310547;145.3300018310547;143.3300018310547;144.49000549316406;5791500;124.03438568115234
2020-10-13;143.82000732421875;144.83999633789062;143.4600067138672;144.2100067138672;4509400;123.79402160644531
2020-10-14;144.17999267578125;145.10000610351562;143.0800018310547;144.0399932861328;3860700;123.64805603027344
2020-10-15;143.05999755859375;144.38999938964844;142.88999938964844;143.8300018310547;4997100;123.46778106689453
2020-10-16;144.4199981689453;145.8699951171875;143.9199981689453;144.38999938964844;6806100;123.94851684570312
2020-10-19;144.47000122070312;145.38999938964844;141.1300048828125;141.91000366210938;6427600;121.81963348388672
2020-10-20;145.61000061035156;145.69000244140625;141.89999389648438;142.47999572753906;7582100;122.30889892578125
2020-10-21;142.49000549316406;144.33999633789062;142.47000122070312;143.25;5649700;122.96991729736328
2020-10-22;141.49000549316406;142.75;141.0800018310547;141.4499969482422;4502900;122.09891510009766
2020-10-23;141.75999450683594;142.8800048828125;141.75999450683594;142.3800048828125;4278100;122.90170288085938
2020-10-26;141.5;142.0500030517578;140.00999450683594;141.3000030517578;5315500;121.96947479248047
2020-10-27;141.94000244140625;143.33999633789062;141.64999389648438;142.36000061035156;6806700;122.88444519042969
2020-10-28;140.4499969482422;140.94000244140625;137.30999755859375;137.66000366210938;8192200;118.82745361328125
2020-10-29;137.35000610351562;139.08999633789062;135.8000030517578;137.57000732421875;5476900;118.7497329711914
2020-10-30;137.17999267578125;137.99000549316406;134.67999267578125;137.10000610351562;6422000;118.34404754638672
2020-11-02;138.50999450683594;140.0;137.44000244140625;138.5;6682800;119.55253601074219
2020-11-03;139.32000732421875;142.66000366210938;139.32000732421875;141.22000122070312;6244200;121.90042877197266
2020-11-04;140.4600067138672;143.0;140.27000427246094;140.63999938964844;5820600;121.3997573852539
2020-11-05;142.44000244140625;143.52999877929688;141.77999877929688;142.3800048828125;5673100;122.90170288085938
2020-11-06;142.6699981689453;144.07000732421875;142.3800048828125;143.22999572753906;4702300;123.63542938232422
2020-11-09;146.14999389648438;146.9199981689453;137.60000610351562;137.99000549316406;12664700;119.1123046875
2020-11-10;138.10000610351562;140.6199951171875;137.14999389648438;140.25999450683594;7854000;121.07174682617188
2020-11-11;141.85000610351562;143.0;140.64999389648438;142.07000732421875;5554300;122.63414764404297
2020-11-12;142.2899932861328;142.5500030517578;141.07000732421875;142.14999389648438;5631700;122.70320129394531
2020-11-13;142.2100067138672;144.47999572753906;141.8800048828125;144.27999877929688;6466800;124.54176330566406
2020-11-16;144.77999877929688;144.77999877929688;141.25999450683594;142.42999267578125;7976600;122.94486999511719
2020-11-17;141.88999938964844;143.47000122070312;141.75;141.8800048828125;6396800;122.47013092041016
2020-11-18;141.99000549316406;142.10000610351562;139.66000366210938;139.6999969482422;6097100;120.58836364746094
2020-11-19;139.8699951171875;140.1199951171875;138.4499969482422;139.52999877929688;5284100;120.4416275024414
2020-11-20;139.52999877929688;140.35000610351562;138.6300048828125;139.3000030517578;4726900;120.24308013916016
2020-11-23;139.32000732421875;139.9499969482422;137.86000061035156;138.75999450683594;4770600;119.77693939208984
2020-11-24;138.8300018310547;139.83999633789062;138.07000732421875;138.30999755859375;7101800;119.38851165771484
2020-11-25;138.16000366210938;139.38999938964844;138.0399932861328;138.67999267578125;8411300;119.70793914794922
2020-11-27;138.58999633789062;138.88999938964844;137.52999877929688;138.61000061035156;4252200;119.64746856689453
2020-11-30;138.0;139.1999969482422;136.74000549316406;138.8699951171875;11640400;119.87187957763672
2020-12-01;139.16000366210938;139.5399932861328;138.16000366210938;139.3699951171875;7169700;120.30349731445312
2020-12-02;139.3699951171875;139.94000244140625;137.49000549316406;138.36000061035156;6963000;119.43167114257812
2020-12-03;138.08999633789062;138.35000610351562;135.5399932861328;137.33999633789062;8742500;118.55121612548828
2020-12-04;137.2100067138672;137.86000061035156;135.8699951171875;137.47000122070312;6617200;118.66344451904297
2020-12-07;136.61000061035156;137.74000549316406;136.55999755859375;137.67999267578125;6918000;118.84471130371094
2020-12-08;137.02000427246094;138.77999877929688;136.42999267578125;138.0500030517578;6493500;119.16410827636719
2020-12-09;137.8300018310547;138.0399932861328;136.25;136.41000366210938;6773400;117.74842071533203
2020-12-10;136.52000427246094;136.9199981689453;135.0399932861328;135.50999450683594;6800500;116.9715576171875
2020-12-11;134.4600067138672;136.8000030517578;134.1999969482422;136.50999450683594;6548000;117.83479309082031
2020-12-14;137.02000427246094;137.92999267578125;135.77000427246094;135.85000610351562;6485300;117.26505279541016
2020-12-15;136.38999938964844;137.5399932861328;136.24000549316406;136.64999389648438;5397000;117.95559692382812
2020-12-16;136.7100067138672;138.27000427246094;136.7100067138672;137.27000427246094;5382500;118.49081420898438
2020-12-17;138.00999450683594;139.1199951171875;137.9499969482422;138.25;7405300;119.33672332763672
2020-12-18;138.25999450683594;140.07000732421875;137.4499969482422;139.0399932861328;19988800;120.01864624023438
2020-12-21;137.9600067138672;138.42999267578125;136.22000122070312;137.52000427246094;6732400;118.70657348632812
2020-12-22;137.2899932861328;138.07000732421875;136.3800048828125;136.5500030517578;5023100;117.86929321289062
2020-12-23;137.38999938964844;137.5500030517578;136.1300048828125;136.33999633789062;6004200;117.6880111694336
2020-12-24;136.1999969482422;138.1300048828125;136.1999969482422;137.72000122070312;2588200;118.87924194335938
2020-12-28;138.14999389648438;139.38999938964844;137.9499969482422;138.67999267578125;3714700;119.70793914794922
2020-12-29;139.22000122070312;139.94000244140625;138.1999969482422;138.4199981689453;5139300;119.48343658447266
2020-12-30;138.60000610351562;138.9199981689453;137.5500030517578;137.77000427246094;3261400;118.92240142822266
2020-12-31;138.30999755859375;139.2899932861328;137.38999938964844;139.13999938964844;4076400;120.10496520996094
2021-01-04;139.66000366210938;139.86000061035156;136.35000610351562;137.82000732421875;8330900;118.96556091308594
2021-01-05;137.99000549316406;138.9199981689453;136.27000427246094;138.6999969482422;6856400;119.72515869140625
2021-01-06;138.77000427246094;141.0399932861328;138.60000610351562;140.16000366210938;10578000;120.98544311523438
2021-01-07;139.75;140.1300048828125;138.0399932861328;138.85000610351562;7355400;119.85468292236328
2021-01-08;138.47000122070312;139.05999755859375;137.0;138.7899932861328;7448500;119.80284118652344
2021-01-11;138.75;139.44000244140625;137.60000610351562;137.85000610351562;7239900;118.99147033691406
2021-01-12;137.85000610351562;138.25;136.24000549316406;137.0500030517578;6333500;118.30088806152344
2021-01-13;137.10000610351562;138.07000732421875;137.10000610351562;137.25999450683594;6078800;118.4821548461914
2021-01-14;137.42999267578125;137.64999389648438;135.27999877929688;135.8000030517578;6172800;117.22187805175781
2021-01-15;135.25;136.1999969482422;134.66000366210938;134.77999877929688;7757600;116.34144592285156
2021-01-19;135.6999969482422;136.36000061035156;133.55999755859375;133.60000610351562;9184900;115.32289123535156
2021-01-20;132.52999877929688;133.8000030517578;131.25999450683594;131.92999267578125;12506600;113.88133239746094
2021-01-21;130.64999389648438;131.99000549316406;130.50999450683594;131.00999450683594;8761600;113.76932525634766
2021-01-22;131.02000427246094;131.47000122070312;129.99000549316406;130.0;7202800;112.8922119140625
2021-01-25;129.9499969482422;133.0;129.89999389648438;132.24000549316406;9640000;114.83745574951172
2021-01-26;132.25;133.47000122070312;131.42999267578125;133.08999633789062;5996700;115.57559204101562
2021-01-27;132.38999938964844;133.10000610351562;127.69999694824219;128.3800048828125;10826700;111.48542022705078
2021-01-28;127.83999633789062;131.64999389648438;127.44000244140625;130.36000061035156;8242000;113.20484161376953
2021-01-29;130.19000244140625;130.2899932861328;128.07000732421875;128.2100067138672;8344100;111.33779907226562
2021-02-01;129.0;129.66000366210938;128.1999969482422;128.97000122070312;6534200;111.99776458740234
2021-02-02;129.60000610351562;130.72000122070312;128.69000244140625;128.7899932861328;6825600;111.84144592285156
2021-02-03;128.9499969482422;129.1999969482422;127.75;128.9499969482422;7309400;111.98040008544922
2021-02-04;129.3800048828125;129.4600067138672;128.5800018310547;129.02999877929688;6613700;112.04986572265625
2021-02-05;129.1199951171875;130.10000610351562;129.02999877929688;129.57000732421875;5063700;112.518798828125
2021-02-08;129.92999267578125;130.10000610351562;128.11000061035156;129.1699981689453;7011200;112.17144775390625
2021-02-09;129.4600067138672;129.94000244140625;128.22999572753906;128.6699981689453;5917800;111.73725891113281
2021-02-10;128.75;129.16000366210938;127.95999908447266;128.22000122070312;8594100;111.34647369384766
2021-02-11;128.5399932861328;129.3300018310547;128.2100067138672;128.3300018310547;6139200;111.4419937133789
2021-02-12;128.0;128.1300048828125;126.58000183105469;127.62000274658203;8407300;110.8254165649414
2021-02-16;127.97000122070312;128.1699981689453;126.98999786376953;127.91999816894531;8246000;111.08594512939453
2021-02-17;127.19000244140625;129.49000549316406;127.11000061035156;128.4600067138672;8845200;111.55489349365234
2021-02-18;127.80999755859375;129.85000610351562;127.58999633789062;129.52999877929688;6936400;112.48406219482422
2021-02-19;129.35000610351562;129.44000244140625;127.0199966430664;127.12000274658203;8277900;110.39122009277344
2021-02-22;126.79000091552734;127.23999786376953;126.37999725341797;126.58000183105469;6975500;109.92228698730469
2021-02-23;127.77999877929688;129.92999267578125;127.19000244140625;127.5199966430664;10145300;110.73858642578125
2021-02-24;127.3499984741211;128.24000549316406;126.91000366210938;127.66000366210938;7263000;110.86018371582031
2021-02-25;127.48999786376953;128.99000549316406;126.29000091552734;126.58000183105469;7790800;109.92228698730469
2021-02-26;126.54000091552734;126.93000030517578;121.81999969482422;123.52999877929688;17718800;107.27367401123047
2021-03-01;124.16000366210938;125.48999786376953;124.0;124.29000091552734;7740200;107.93366241455078
2021-03-02;123.87000274658203;124.86000061035156;123.43000030517578;123.9000015258789;10206500;107.594970703125
2021-03-03;123.7699966430664;124.19999694824219;122.79000091552734;123.16000366210938;7537000;106.95234680175781
2021-03-04;123.0999984741211;124.7699966430664;121.54000091552734;122.1500015258789;10228100;106.07527160644531
2021-03-05;122.76000213623047;126.33000183105469;122.55000305175781;125.9800033569336;10490900;109.40125274658203
2021-03-08;125.76000213623047;128.89999389648438;125.31999969482422;127.30999755859375;9224700;110.55623626708984
2021-03-09;127.6500015258789;128.9199981689453;126.05999755859375;126.18000030517578;8859700;109.5749282836914
2021-03-10;126.1500015258789;128.4199981689453;125.47000122070312;127.33999633789062;9070900;110.58226776123047
2021-03-11;127.12999725341797;127.8499984741211;126.72000122070312;126.91000366210938;6941500;110.20886993408203
2021-03-12;127.6500015258789;128.82000732421875;127.6500015258789;128.13999938964844;6521900;111.27701568603516
2021-03-15;128.38999938964844;129.0399932861328;127.19000244140625;128.55999755859375;7172600;111.64173126220703
2021-03-16;128.50999450683594;129.97999572753906;128.50999450683594;128.94000244140625;6485200;111.97171020507812
2021-03-17;129.11000061035156;129.83999633789062;128.35000610351562;128.4199981689453;6192900;111.52015686035156
2021-03-18;128.2100067138672;129.0399932861328;127.04000091552734;128.6999969482422;6871300;111.76329803466797
2021-03-19;129.10000610351562;129.74000549316406;127.9000015258789;128.00999450683594;20262100;111.16410827636719
2021-03-22;128.00999450683594;130.88999938964844;128.00999450683594;130.17999267578125;8077600;113.04850769042969
2021-03-23;130.41000366210938;133.2899932861328;129.99000549316406;132.60000610351562;9503800;115.15005493164062
2021-03-24;130.94000244140625;133.13999938964844;130.6199951171875;132.55999755859375;8318000;115.11532592773438
2021-03-25;133.08999633789062;133.6199951171875;132.0500030517578;133.47999572753906;7517300;115.91426086425781
2021-03-26;133.22000122070312;135.61000061035156;132.47999572753906;135.4499969482422;10821200;117.62501525878906
2021-03-29;135.0;137.60000610351562;135.0;137.57000732421875;11176000;119.46602630615234
2021-03-30;136.61000061035156;137.0;135.13999938964844;135.4499969482422;8090600;117.62501525878906
2021-03-31;135.67999267578125;136.75;135.25999450683594;135.42999267578125;9202600;117.6076431274414
2021-04-01;135.0500030517578;135.47999572753906;133.3300018310547;134.27999877929688;9117800;116.60896301269531
2021-04-05;134.9600067138672;137.25;134.72999572753906;136.4499969482422;8279100;118.4934310913086
2021-04-06;136.0;137.02000427246094;135.63999938964844;136.5;6180600;118.53682708740234
2021-04-07;137.1199951171875;137.3300018310547;136.25;136.74000549316406;10244500;118.74525451660156
2021-04-08;136.89999389648438;137.6300048828125;136.58999633789062;137.25999450683594;6190300;119.19682312011719
2021-04-09;136.50999450683594;137.27000427246094;135.55999755859375;136.3699951171875;5855400;118.42395782470703
2021-04-12;136.5;137.0399932861328;135.7100067138672;136.9199981689453;6440900;118.90157318115234
2021-04-13;136.02000427246094;136.38999938964844;134.83999633789062;135.11000061035156;9161200;117.32977294921875
2021-04-14;135.52000427246094;135.7899932861328;134.5800018310547;135.60000610351562;7584000;117.75524139404297
2021-04-15;135.97000122070312;137.75999450683594;135.8699951171875;137.24000549316406;7945300;119.17947387695312
2021-04-16;137.61000061035156;137.89999389648438;136.8800048828125;137.25;7708500;119.18814849853516
2021-04-19;136.94000244140625;137.0800018310547;135.38999938964844;136.61000061035156;9149400;118.63235473632812
2021-04-20;134.83999633789062;138.58999633789062;133.52999877929688;137.75;10040500;119.62235260009766
2021-04-21;137.88999938964844;138.57000732421875;136.60000610351562;136.85000610351562;8465900;118.84077453613281
2021-04-22;135.3699951171875;135.7899932861328;134.05999755859375;134.6300048828125;7338300;117.66094970703125
2021-04-23;134.92999267578125;135.0800018310547;133.25;133.94000244140625;6708300;117.0578842163086
2021-04-26;133.49000549316406;133.75999450683594;131.1699981689453;131.25999450683594;9910600;114.7156753540039
2021-04-27;131.24000549316406;131.88999938964844;130.2899932861328;131.17999267578125;8296800;114.64575958251953
2021-04-28;131.7100067138672;131.85000610351562;130.8800048828125;131.39999389648438;6262800;114.83805084228516
2021-04-29;131.30999755859375;132.99000549316406;131.30999755859375;132.50999450683594;6786800;115.80811309814453
2021-04-30;132.75;133.6699981689453;132.25999450683594;133.4199981689453;9188600;116.60344696044922
2021-05-03;134.02999877929688;135.67999267578125;134.02999877929688;135.0;8070300;117.98429107666016
2021-05-04;134.97999572753906;135.8300018310547;134.2100067138672;134.5399932861328;9624000;117.582275390625
2021-05-05;134.3699951171875;134.97000122070312;133.3699951171875;133.4600067138672;8295900;116.63841247558594
2021-05-06;134.00999450683594;135.3699951171875;133.9199981689453;135.13999938964844;9771100;118.10663604736328
2021-05-07;135.0800018310547;136.02999877929688;134.75999450683594;135.14999389648438;6299100;118.11538696289062
2021-05-10;135.88999938964844;138.4199981689453;135.69000244140625;137.6699981689453;8852700;120.3177719116211
2021-05-11;138.49000549316406;138.7899932861328;136.47000122070312;136.99000549316406;10973700;119.7234878540039
2021-05-12;136.49000549316406;137.0;135.49000549316406;135.5399932861328;8853700;118.45621490478516
2021-05-13;135.88999938964844;138.52999877929688;135.38999938964844;137.72000122070312;8753600;120.36148834228516
2021-05-14;137.6699981689453;139.10000610351562;137.6699981689453;138.00999450683594;5989500;120.61491394042969
2021-05-17;137.97000122070312;139.07000732421875;137.61000061035156;137.72999572753906;7690700;120.37018585205078
2021-05-18;136.4600067138672;137.8300018310547;136.14999389648438;136.32000732421875;9239100;119.13790893554688
2021-05-19;136.05999755859375;136.8300018310547;135.58999633789062;136.60000610351562;9806800;119.38265991210938
2021-05-20;136.7899932861328;138.7100067138672;136.72000122070312;138.0;8768200;120.60615539550781
2021-05-21;138.1999969482422;138.94000244140625;137.77999877929688;138.0;10161000;120.60615539550781
2021-05-24;138.0;138.8000030517578;137.72999572753906;137.9600067138672;6981300;120.57122039794922
2021-05-25;138.0500030517578;138.47999572753906;136.75;138.42999267578125;8142400;120.9819564819336
2021-05-26;138.7899932861328;138.86000061035156;137.8699951171875;138.1199951171875;8122900;120.71105194091797
2021-05-27;138.1199951171875;138.27999877929688;134.66000366210938;134.97999572753906;33095700;117.96683502197266
2021-05-28;135.14999389648438;136.1300048828125;134.63999938964844;134.85000610351562;10477100;117.85320281982422
2021-06-01;135.7899932861328;136.0;132.47999572753906;132.8800048828125;9993900;116.13152313232422
2021-06-02;133.0;133.6300048828125;132.52000427246094;133.4600067138672;8254100;116.63841247558594
2021-06-03;133.22999572753906;135.91000366210938;133.1999969482422;135.85000610351562;11249800;118.72718811035156
2021-06-04;135.6999969482422;136.6199951171875;135.39999389648438;135.9499969482422;6894400;118.81455993652344
2021-06-07;136.36000061035156;136.83999633789062;135.67999267578125;136.4199981689453;8418000;119.22533416748047
2021-06-08;136.67999267578125;136.75;134.75;134.83999633789062;6911500;117.84447479248047
2021-06-09;135.5500030517578;136.44000244140625;134.74000549316406;134.7899932861328;6200700;117.80079650878906
2021-06-10;135.02000427246094;136.35000610351562;134.6199951171875;135.7899932861328;6515500;118.67471313476562
2021-06-11;135.75;135.8699951171875;133.89999389648438;134.86000061035156;10641400;117.8619384765625
2021-06-14;134.97999572753906;135.02999877929688;133.9600067138672;134.91000366210938;6302000;117.90564727783203
2021-06-15;135.1999969482422;135.63999938964844;134.5500030517578;134.64999389648438;5543400;117.67840576171875
2021-06-16;135.17999267578125;135.5800018310547;132.64999389648438;132.77999877929688;8936400;116.04410552978516
2021-06-17;132.82000732421875;134.16000366210938;132.64999389648438;133.99000549316406;7875600;117.10159301757812
2021-06-18;133.33999633789062;133.35000610351562;131.94000244140625;132.02999877929688;13997600;115.38865661621094
2021-06-21;132.69000244140625;133.25999450683594;132.39999389648438;133.07000732421875;8014800;116.29756927490234
2021-06-22;133.0399932861328;134.02000427246094;132.8800048828125;133.1199951171875;6550900;116.34124755859375
2021-06-23;132.9499969482422;133.36000061035156;132.32000732421875;132.92999267578125;5796000;116.17520904541016
2021-06-24;132.9499969482422;133.30999755859375;132.6999969482422;133.02000427246094;6056700;116.25386810302734
2021-06-25;133.25999450683594;135.5399932861328;132.9499969482422;134.9199981689453;24504900;117.91437530517578
2021-06-28;134.89999389648438;136.16000366210938;134.75999450683594;135.32000732421875;6065400;118.26399230957031
2021-06-29;135.50999450683594;135.8300018310547;133.82000732421875;134.39999389648438;5792300;117.45991516113281
2021-06-30;134.5800018310547;135.2899932861328;134.2899932861328;134.92999267578125;5776600;117.92311096191406
2021-07-01;135.42999267578125;136.13999938964844;134.9199981689453;135.24000549316406;5922300;118.19406127929688
2021-07-02;135.60000610351562;136.63999938964844;135.4199981689453;135.89999389648438;5572000;118.7708740234375
2021-07-06;135.52000427246094;136.3000030517578;135.36000061035156;135.97999572753906;6534400;118.84077453613281
2021-07-07;136.02999877929688;137.58999633789062;136.02999877929688;137.0;5532700;119.73222351074219
2021-07-08;136.99000549316406;137.39999389648438;135.88999938964844;136.97999572753906;7585200;119.71473693847656
2021-07-09;137.24000549316406;137.64999389648438;136.83999633789062;137.02999877929688;5948700;119.7584457397461
2021-07-12;136.89999389648438;137.47000122070312;136.42999267578125;137.13999938964844;6807300;119.85457611083984
2021-07-13;136.38999938964844;137.57000732421875;136.38999938964844;136.97000122070312;5603800;119.70599365234375
2021-07-14;137.00999450683594;138.22999572753906;136.3699951171875;137.97999572753906;5903600;120.58866119384766
2021-07-15;138.00999450683594;139.25999450683594;137.6999969482422;139.16000366210938;7357100;121.61994934082031
2021-07-16;139.3000030517578;140.77999877929688;139.11000061035156;140.50999450683594;9346300;122.79981231689453
2021-07-19;140.32000732421875;141.8699951171875;138.80999755859375;140.44000244140625;9544100;122.73866271972656
2021-07-20;140.44000244140625;141.97999572753906;139.63999938964844;139.69000244140625;8136300;122.08314514160156
2021-07-21;139.9499969482422;140.1999969482422;138.99000549316406;139.1999969482422;6954700;121.6549072265625
2021-07-22;137.2899932861328;138.3300018310547;136.7100067138672;137.8000030517578;6013800;121.18880462646484
2021-07-23;137.47999572753906;139.97999572753906;137.0800018310547;139.7899932861328;7906000;122.93891143798828
2021-07-26;139.6199951171875;140.82000732421875;139.22000122070312;140.27999877929688;5925800;123.36986541748047
2021-07-27;140.14999389648438;141.6199951171875;140.0;140.85000610351562;7075400;123.87113952636719
2021-07-28;140.6699981689453;140.6699981689453;138.7100067138672;138.75999450683594;8520000;122.03308868408203
2021-07-29;139.75999450683594;140.17999267578125;138.72999572753906;139.47999572753906;5430500;122.66630554199219
2021-07-30;142.0;144.5399932861328;141.5500030517578;142.22999572753906;14394300;125.08480072021484
2021-08-02;141.77000427246094;142.42999267578125;140.8000030517578;141.8800048828125;7009500;124.77698516845703
2021-08-03;141.86000061035156;144.2100067138672;141.52000427246094;143.9499969482422;8455700;126.59747314453125
2021-08-04;143.0399932861328;144.08999633789062;142.35000610351562;142.42999267578125;6628000;125.26068115234375
2021-08-05;143.35000610351562;143.5500030517578;141.47000122070312;142.5;5363300;125.3222427368164
2021-08-06;143.02999877929688;143.1199951171875;141.22000122070312;141.41000366210938;6030100;124.36360931396484
2021-08-09;141.9499969482422;142.58999633789062;141.6999969482422;142.17999267578125;4743800;125.04082489013672
2021-08-10;141.91000366210938;142.50999450683594;141.66000366210938;142.27000427246094;5253500;125.11996459960938
2021-08-11;142.74000549316406;143.24000549316406;142.47000122070312;142.6199951171875;4205000;125.42778778076172
2021-08-12;143.14999389648438;143.14999389648438;142.35000610351562;142.9499969482422;4956100;125.71800231933594
2021-08-13;142.9499969482422;143.99000549316406;142.69000244140625;143.63999938964844;4888800;126.32482147216797
2021-08-16;143.6699981689453;144.69000244140625;143.3800048828125;144.63999938964844;6040800;127.20428466796875
2021-08-17;144.39999389648438;145.60000610351562;143.88999938964844;144.8800048828125;7577000;127.41535186767578
2021-08-18;144.6999969482422;144.8800048828125;143.17999267578125;143.3000030517578;7162000;126.02582550048828
2021-08-19;143.16000366210938;145.27999877929688;143.16000366210938;144.99000549316406;5787200;127.51209259033203
2021-08-20;145.25;145.97999572753906;144.77999877929688;145.08999633789062;5273800;127.60002899169922
2021-08-23;144.2899932861328;145.33999633789062;144.22999572753906;144.35000610351562;4522200;126.94922637939453
2021-08-24;144.00999450683594;144.14999389648438;142.97999572753906;143.17999267578125;4560400;125.9202880859375
2021-08-25;143.07000732421875;143.1300048828125;142.25;142.6699981689453;3861500;125.47175598144531
2021-08-26;142.55999755859375;142.7100067138672;141.47000122070312;142.4199981689453;4749400;125.25189971923828
2021-08-27;142.47999572753906;142.77000427246094;141.63999938964844;142.30999755859375;4741200;125.1551513671875
2021-08-30;142.60000610351562;142.99000549316406;142.0500030517578;142.92999267578125;3845800;125.7004165649414
2021-08-31;143.0399932861328;143.52999877929688;142.0500030517578;142.38999938964844;9642400;125.22553253173828
2021-09-01;142.3300018310547;144.19000244140625;142.22999572753906;143.83999633789062;6214200;126.50068664550781
2021-09-02;143.97000122070312;144.72999572753906;143.5800018310547;143.9499969482422;5392500;126.59747314453125
2021-09-03;143.75999450683594;144.3699951171875;143.52000427246094;144.0500030517578;5466400;126.68540954589844
2021-09-07;144.32000732421875;144.5;143.2899932861328;143.50999450683594;6520600;126.21049499511719
2021-09-08;143.0800018310547;144.94000244140625;143.00999450683594;144.60000610351562;6897800;127.16908264160156
2021-09-09;144.57000732421875;144.8800048828125;143.64999389648438;143.99000549316406;6354700;126.63262176513672
2021-09-10;144.05999755859375;144.4600067138672;143.32000732421875;144.1300048828125;5750000;126.75576782226562
2021-09-13;144.85000610351562;147.22999572753906;144.85000610351562;145.67999267578125;9952500;128.11891174316406
2021-09-14;146.1300048828125;146.36000061035156;144.9499969482422;145.42999267578125;5831800;127.89904022216797
2021-09-15;145.35000610351562;145.77000427246094;144.74000549316406;145.1199951171875;6237100;127.6264419555664
2021-09-16;144.83999633789062;145.19000244140625;142.82000732421875;144.11000061035156;6142100;126.7381591796875
2021-09-17;144.3699951171875;146.27999877929688;144.22999572753906;144.33999633789062;18737400;126.94041442871094
2021-09-20;144.22000122070312;144.85000610351562;141.97000122070312;142.88999938964844;10238700;125.66522216796875
2021-09-21;142.97999572753906;144.52999877929688;142.8800048828125;143.11000061035156;6651300;125.85872650146484
2021-09-22;143.82000732421875;144.35000610351562;142.86000061035156;143.60000610351562;6332500;126.28968048095703
2021-09-23;144.05999755859375;144.69000244140625;143.49000549316406;144.19000244140625;5171200;126.80853271484375
2021-09-24;143.8000030517578;144.4499969482422;143.08999633789062;143.5500030517578;5009400;126.24566650390625
2021-09-27;143.14999389648438;143.1699981689453;141.52000427246094;141.66000366210938;5749700;124.58353424072266
2021-09-28;141.0500030517578;141.3699951171875;139.55999755859375;140.58999633789062;7015300;123.64250183105469
2021-09-29;140.27000427246094;142.67999267578125;140.17999267578125;142.02000427246094;5460000;124.9001235961914
2021-09-30;142.63999938964844;142.74000549316406;139.52999877929688;139.8000030517578;6934900;122.94771575927734
2021-10-01;139.92999267578125;140.22999572753906;138.32000732421875;139.5800018310547;5587200;122.75425720214844
2021-10-04;139.38999938964844;140.39999389648438;137.60000610351562;138.7899932861328;5816000;122.05947875976562
2021-10-05;138.8000030517578;140.52000427246094;138.72000122070312;139.3300018310547;6902700;122.53440856933594
2021-10-06;138.99000549316406;141.25999450683594;138.6199951171875;141.19000244140625;5332900;124.17015838623047
2021-10-07;141.75;143.02999877929688;141.75;142.32000732421875;5334600;125.16393280029297
2021-10-08;142.2899932861328;142.6199951171875;141.0399932861328;141.72999572753906;6131800;124.64507293701172
2021-10-11;142.3699951171875;142.77000427246094;141.77000427246094;142.32000732421875;5995600;125.16393280029297
2021-10-12;142.60000610351562;143.0399932861328;141.6999969482422;142.11000061035156;6734800;124.9792251586914
2021-10-13;142.39999389648438;142.75999450683594;141.02999877929688;142.44000244140625;5689800;125.26948547363281
2021-10-14;142.8300018310547;144.30999755859375;142.80999755859375;144.0500030517578;6777800;126.68540954589844
2021-10-15;144.52000427246094;144.8699951171875;143.67999267578125;144.4199981689453;6923700;127.01081085205078
2021-10-18;143.5500030517578;143.6999969482422;142.10000610351562;142.33999633789062;9119000;125.18153381347656
2021-10-19;139.0800018310547;140.82000732421875;138.8000030517578;140.66000366210938;9555300;123.70408630371094
2021-10-20;140.14999389648438;141.9600067138672;139.85000610351562;141.2100067138672;7352700;124.18773651123047
2021-10-21;140.86000061035156;141.16000366210938;139.17999267578125;139.3300018310547;6545500;123.29399108886719
2021-10-22;139.38999938964844;141.00999450683594;139.32000732421875;140.8300018310547;5265000;124.62133026123047
2021-10-25;140.41000366210938;140.9199981689453;139.0500030517578;140.85000610351562;5382100;124.63907623291016
2021-10-26;141.6199951171875;143.17999267578125;141.24000549316406;142.85000610351562;6234900;126.40886688232422
2021-10-27;143.13999938964844;143.67999267578125;141.69000244140625;141.8300018310547;9643500;125.50628662109375
2021-10-28;141.88999938964844;142.8800048828125;141.7100067138672;142.67999267578125;4538500;126.25841522216797
2021-10-29;142.16000366210938;143.47999572753906;142.02000427246094;142.99000549316406;6239500;126.53278350830078
2021-11-01;143.36000061035156;143.8000030517578;142.49000549316406;142.63999938964844;5038900;126.22303009033203
2021-11-02;142.72000122070312;144.5800018310547;142.27999877929688;144.05999755859375;9954300;127.47960662841797
2021-11-03;144.1300048828125;145.11000061035156;143.52000427246094;145.0500030517578;7620100;128.35568237304688
2021-11-04;142.83999633789062;145.38999938964844;142.33999633789062;145.32000732421875;6402500;128.59457397460938
2021-11-05;145.44000244140625;146.3699951171875;144.8000030517578;146.0399932861328;6062700;129.23171997070312
2021-11-08;145.5;146.10000610351562;144.02000427246094;144.9499969482422;5854400;128.2671661376953
2021-11-09;145.02999877929688;145.8300018310547;144.5800018310547;145.38999938964844;4873100;128.6565399169922
2021-11-10;145.74000549316406;147.30999755859375;145.58999633789062;146.82000732421875;7334900;129.92193603515625
2021-11-11;146.86000061035156;146.97000122070312;146.2100067138672;146.39999389648438;4096300;129.5502471923828
2021-11-12;146.74000549316406;147.0800018310547;145.97999572753906;146.55999755859375;5687400;129.69186401367188
2021-11-15;147.02999877929688;147.75;146.47000122070312;147.39999389648438;5510200;130.4351806640625
2021-11-16;147.38999938964844;148.58999633789062;147.00999450683594;147.19000244140625;7603900;130.24935913085938
2021-11-17;146.97000122070312;147.77999877929688;146.4199981689453;147.10000610351562;4900200;130.1697540283203
2021-11-18;147.0399932861328;148.0800018310547;146.50999450683594;147.1199951171875;5509300;130.1874237060547
2021-11-19;147.9499969482422;148.22999572753906;146.7899932861328;146.82000732421875;6274300;129.92193603515625
2021-11-22;146.97000122070312;148.94000244140625;146.8300018310547;147.8000030517578;6625400;130.7891387939453
2021-11-23;147.8300018310547;149.5;147.6699981689453;149.44000244140625;7912800;132.2404022216797
2021-11-24;148.77000427246094;148.8800048828125;147.67999267578125;148.66000366210938;5665200;131.55020141601562
2021-11-26;148.5800018310547;149.72000122070312;147.30999755859375;147.47000122070312;6299800;130.49713134765625
2021-11-29;147.7899932861328;149.66000366210938;146.7899932861328;149.02000427246094;7113300;131.86871337890625
2021-11-30;147.80999755859375;148.5399932861328;144.1199951171875;144.5800018310547;11696400;127.9397201538086
2021-12-01;144.85000610351562;147.8699951171875;144.85000610351562;146.39999389648438;8313500;129.5502471923828
2021-12-02;147.00999450683594;148.4600067138672;146.94000244140625;147.25999450683594;9468800;130.311279296875
2021-12-03;148.02000427246094;150.0;147.66000366210938;149.8800048828125;11200800;132.62974548339844
2021-12-06;150.19000244140625;152.38999938964844;150.19000244140625;152.14999389648438;11935100;134.6385040283203
2021-12-07;151.9499969482422;152.5800018310547;151.27000427246094;151.75;7913400;134.2845001220703
2021-12-08;151.6699981689453;152.66000366210938;150.27999877929688;152.42999267578125;8329300;134.88626098632812
2021-12-09;152.30999755859375;154.19000244140625;151.60000610351562;153.32000732421875;8334300;135.6738739013672
2021-12-10;153.85000610351562;155.8000030517578;153.42999267578125;155.4600067138672;7172300;137.5675811767578
2021-12-13;155.3000030517578;158.3300018310547;154.91000366210938;157.6699981689453;8944000;139.52316284179688
2021-12-14;157.89999389648438;158.6300048828125;156.66000366210938;158.25;8677500;140.03643798828125
2021-12-15;157.63999938964844;159.63999938964844;157.63999938964844;158.86000061035156;9152600;140.5762481689453
2021-12-16;158.72999572753906;161.32000732421875;158.4199981689453;161.11000061035156;10852900;142.56724548339844
2021-12-17;160.66000366210938;161.72000122070312;157.30999755859375;157.4600067138672;24349400;139.3373565673828
2021-12-20;156.60000610351562;158.4600067138672;156.57000732421875;157.86000061035156;9202600;139.6913299560547
2021-12-21;157.64999389648438;158.14999389648438;156.7899932861328;157.75999450683594;6946000;139.6028289794922
2021-12-22;157.77000427246094;159.5800018310547;157.27000427246094;159.32000732421875;6626300;140.98324584960938
2021-12-23;159.5;160.9199981689453;159.44000244140625;160.10000610351562;5640900;141.67352294921875
2021-12-27;160.6699981689453;161.99000549316406;160.61000061035156;161.97000122070312;4548600;143.3282928466797
2021-12-28;161.9600067138672;163.3800048828125;161.94000244140625;162.83999633789062;5929400;144.09812927246094
2021-12-29;163.2100067138672;164.97999572753906;163.0800018310547;164.19000244140625;5346100;145.2928009033203
2021-12-30;164.39999389648438;164.58999633789062;162.61000061035156;162.77000427246094;5911500;144.0362091064453
2021-12-31;162.86000061035156;163.72999572753906;162.4600067138672;163.5800018310547;5327000;144.7529754638672
2022-01-03;161.69000244140625;162.94000244140625;159.8800048828125;162.89999389648438;9317300;144.15122985839844
2022-01-04;162.2899932861328;164.38999938964844;162.17999267578125;163.47000122070312;9253800;144.65562438964844
2022-01-05;163.44000244140625;165.32000732421875;163.39999389648438;164.2100067138672;9330200;145.31048583984375
2022-01-06;164.33999633789062;165.1999969482422;162.61000061035156;162.8300018310547;7556000;144.0893096923828
2022-01-07;163.1300048828125;163.52999877929688;161.9499969482422;162.74000549316406;6098500;144.0096435546875
2022-01-10;162.50999450683594;163.1199951171875;160.1699981689453;160.52000427246094;8055000;142.045166015625
2022-01-11;160.22000122070312;160.22000122070312;156.91000366210938;158.66000366210938;11957900;140.3992462158203
2022-01-12;158.25999450683594;159.36000061035156;157.8300018310547;159.00999450683594;7127500;140.70899963378906
2022-01-13;159.30999755859375;159.4499969482422;157.77999877929688;158.2899932861328;6551000;140.07180786132812
2022-01-14;158.07000732421875;160.49000549316406;157.55999755859375;159.80999755859375;10708000;141.41690063476562
2022-01-18;158.52999877929688;158.52999877929688;156.0399932861328;156.72999572753906;10988400;138.6913299560547
2022-01-19;157.61000061035156;164.19000244140625;156.97000122070312;162.0;14088300;143.35484313964844
2022-01-20;160.1199951171875;164.3300018310547;160.1199951171875;162.0;10799100;144.1288604736328
2022-01-21;163.0;165.35000610351562;162.10000610351562;162.6199951171875;10900400;144.68045043945312
2022-01-24;163.42999267578125;164.1199951171875;158.72000122070312;161.3000030517578;14838100;143.506103515625
2022-01-25;160.4499969482422;161.3000030517578;157.88999938964844;159.5399932861328;9369600;141.94021606445312
2022-01-26;157.33999633789062;159.57000732421875;156.3800048828125;158.14999389648438;10707100;140.7035369873047
2022-01-27;158.72999572753906;161.35000610351562;158.5800018310547;159.1300048828125;9083000;141.57545471191406
2022-01-28;158.61000061035156;160.9499969482422;157.32000732421875;160.5;9494200;142.7943115234375
2022-01-31;159.35000610351562;160.64999389648438;158.8699951171875;160.4499969482422;8950100;142.7498321533203
2022-02-01;160.7899932861328;161.3000030517578;157.72999572753906;159.74000549316406;6284100;142.1181640625
2022-02-02;160.13999938964844;162.83999633789062;159.47000122070312;162.60000610351562;7558800;144.66265869140625
2022-02-03;161.97999572753906;164.97999572753906;161.6199951171875;164.13999938964844;10474500;146.03277587890625
2022-02-04;163.1300048828125;164.49000549316406;161.41000366210938;161.52999877929688;8959900;143.71070861816406
2022-02-07;161.8699951171875;162.25999450683594;159.6699981689453;160.32000732421875;6430500;142.63418579101562
2022-02-08;161.1199951171875;161.27000427246094;159.64999389648438;159.9600067138672;5048700;142.3138885498047
2022-02-09;160.36000061035156;160.63999938964844;159.27000427246094;159.60000610351562;8077400;141.9936065673828
2022-02-10;159.08999633789062;159.5;156.64999389648438;157.1699981689453;7033000;139.8317108154297
2022-02-11;158.00999450683594;158.5800018310547;155.5800018310547;156.2899932861328;9341400;139.04873657226562
2022-02-14;156.13999938964844;157.05999755859375;153.36000061035156;156.74000549316406;9472200;139.44912719726562
2022-02-15;157.77000427246094;159.32000732421875;156.11000061035156;156.82000732421875;6659200;139.52027893066406
2022-02-16;156.8300018310547;158.77999877929688;156.27000427246094;158.00999450683594;9315700;140.5789794921875
2022-02-17;158.3800048828125;160.3800048828125;157.35000610351562;159.82000732421875;7925500;142.18934631347656
2022-02-18;159.5;161.05999755859375;158.82000732421875;159.89999389648438;8063200;142.26051330566406
2022-02-22;160.11000061035156;160.8800048828125;156.66000366210938;157.92999267578125;8179500;140.50784301757812
2022-02-23;158.3000030517578;158.60000610351562;155.60000610351562;155.9600067138672;6273000;138.75515747070312
2022-02-24;155.63999938964844;155.97999572753906;150.55999755859375;151.75999450683594;13145100;135.01846313476562
2022-02-25;152.3300018310547;158.94000244140625;152.25;158.24000549316406;8888800;140.78363037109375
2022-02-28;156.2899932861328;157.19000244140625;153.82000732421875;155.88999938964844;8669200;138.69287109375
2022-03-01;154.30999755859375;155.39999389648438;152.33999633789062;153.30999755859375;8311900;136.39744567871094
2022-03-02;152.9600067138672;155.0800018310547;152.60000610351562;153.7899932861328;6111300;136.82452392578125
2022-03-03;153.77000427246094;155.86000061035156;153.77000427246094;154.36000061035156;7451200;137.33168029785156
2022-03-04;153.1199951171875;155.35000610351562;152.5500030517578;155.13999938964844;8639100;138.02561950683594
2022-03-07;154.49000549316406;154.52000427246094;151.13999938964844;152.83999633789062;8374500;135.97933959960938
2022-03-08;152.17999267578125;152.9499969482422;146.5800018310547;146.7899932861328;9517200;130.5967254638672
2022-03-09;148.8300018310547;150.47000122070312;147.80999755859375;148.77000427246094;7044100;132.35836791992188
2022-03-10;147.8000030517578;148.27999877929688;143.94000244140625;144.94000244140625;9221000;128.95083618164062
2022-03-11;145.39999389648438;146.16000366210938;143.02999877929688;143.22000122070312;7086100;127.42054748535156
2022-03-14;144.4499969482422;146.0399932861328;143.35000610351562;145.0500030517578;7964600;129.04872131347656
2022-03-15;147.00999450683594;150.5399932861328;146.88999938964844;150.27000427246094;9868400;133.69287109375
2022-03-16;150.6300048828125;151.7899932861328;148.0399932861328;149.75999450683594;6908900;133.23912048339844
2022-03-17;149.99000549316406;150.47000122070312;148.5;150.22999572753906;6003800;133.6572723388672
2022-03-18;150.8699951171875;150.8699951171875;148.24000549316406;150.14999389648438;15570300;133.58607482910156
2022-03-21;150.44000244140625;151.4199981689453;149.24000549316406;150.72000122070312;6937500;134.0932159423828
2022-03-22;153.42999267578125;153.60000610351562;150.52000427246094;151.8800048828125;7292100;135.125244140625
2022-03-23;152.1999969482422;153.00999450683594;150.69000244140625;150.82000732421875;5531900;134.1821746826172
2022-03-24;150.88999938964844;151.55999755859375;150.16000366210938;151.0800018310547;4203100;134.41346740722656
2022-03-25;151.6300048828125;153.9199981689453;151.50999450683594;152.8300018310547;5047700;135.97044372558594
2022-03-28;153.63999938964844;153.89999389648438;152.6300048828125;153.8800048828125;4234000;136.90460205078125
2022-03-29;155.3699951171875;156.47000122070312;154.02000427246094;155.4600067138672;5643400;138.31036376953125
2022-03-30;152.5;154.42999267578125;151.94000244140625;154.38999938964844;5779300;137.35836791992188
2022-03-31;154.10000610351562;154.33999633789062;152.39999389648438;152.8000030517578;7538600;135.94374084472656
2022-04-01;153.52000427246094;155.4600067138672;152.05999755859375;155.08999633789062;5742600;137.9811248779297
2022-04-04;153.80999755859375;154.35000610351562;151.25999450683594;154.0800018310547;5992000;137.08255004882812
2022-04-05;153.61000061035156;157.3699951171875;153.5399932861328;154.6199951171875;7653000;137.56298828125
2022-04-06;154.4199981689453;157.2899932861328;153.94000244140625;156.8300018310547;8884700;139.52919006347656
2022-04-07;157.8699951171875;159.38999938964844;156.97000122070312;158.86000061035156;6889700;141.3352508544922
2022-04-08;159.6999969482422;160.52999877929688;158.9199981689453;160.10000610351562;6045400;142.43846130371094
2022-04-11;159.9499969482422;161.2100067138672;158.6300048828125;159.49000549316406;6158400;141.89573669433594
2022-04-12;159.30999755859375;160.6300048828125;158.6999969482422;159.00999450683594;7221500;141.46871948242188
2022-04-13;159.0800018310547;160.41000366210938;158.7100067138672;159.4600067138672;5247700;141.8690643310547
2022-04-14;159.97999572753906;160.3000030517578;158.4499969482422;158.57000732421875;7806500;141.07725524902344
2022-04-18;158.47999572753906;158.97999572753906;156.52999877929688;157.05999755859375;6034500;139.7338104248047
2022-04-19;156.77000427246094;160.02999877929688;156.3000030517578;159.41000366210938;7897000;141.8245849609375
2022-04-20;160.5;164.47999572753906;160.0;163.64999389648438;10196100;145.5968017578125
2022-04-21;163.82000732421875;164.89999389648438;162.42999267578125;162.61000061035156;9365700;145.4832305908203
2022-04-22;163.24000549316406;163.52000427246094;160.91000366210938;161.25;9394600;144.26646423339844
2022-04-25;161.6999969482422;163.2899932861328;159.8000030517578;162.5500030517578;6986800;145.42955017089844
2022-04-26;162.67999267578125;163.63999938964844;159.75;159.7899932861328;7769500;142.96018981933594
2022-04-27;160.2100067138672;161.4499969482422;159.11000061035156;159.36000061035156;6754900;142.5754852294922
2022-04-28;160.5399932861328;163.7100067138672;159.27000427246094;163.41000366210938;9306800;146.19894409179688
2022-04-29;162.47000122070312;162.9499969482422;160.1999969482422;160.5500030517578;10637000;143.64019775390625
2022-05-02;161.60000610351562;162.0;156.19000244140625;158.3800048828125;10351600;141.69871520996094
2022-05-03;158.22000122070312;158.99000549316406;155.00999450683594;156.2100067138672;10344000;139.75726318359375
2022-05-04;155.8300018310547;157.5500030517578;155.14999389648438;157.36000061035156;7771000;140.78614807128906
2022-05-05;156.3000030517578;157.2899932861328;153.13999938964844;154.4600067138672;8217100;138.19158935546875
2022-05-06;154.77000427246094;156.24000549316406;153.8699951171875;156.0;7304800;139.56935119628906
2022-05-09;153.9600067138672;156.75999450683594;152.75;155.61000061035156;8540800;139.22048950195312
2022-05-10;155.5500030517578;156.6199951171875;153.94000244140625;154.7899932861328;7447400;138.48681640625
2022-05-11;154.02999877929688;155.89999389648438;152.35000610351562;152.61000061035156;7692200;136.53643798828125
2022-05-12;153.52000427246094;153.61000061035156;149.8800048828125;151.99000549316406;9600800;135.9817657470703
2022-05-13;152.5800018310547;153.72999572753906;150.4199981689453;153.6199951171875;5675500;137.44004821777344
2022-05-16;153.47000122070312;155.89999389648438;152.02999877929688;155.1199951171875;5971000;138.78208923339844
2022-05-17;155.1300048828125;156.75;153.07000732421875;154.67999267578125;6509100;138.388427734375
2022-05-18;154.6699981689453;154.75999450683594;144.5399932861328;145.0399932861328;9670700;129.76376342773438
2022-05-19;143.41000366210938;143.4199981689453;140.60000610351562;141.6999969482422;9694100;126.77554321289062
2022-05-20;142.14999389648438;142.4499969482422;139.17999267578125;141.7899932861328;7786900;126.85604095458984
2022-05-23;142.83999633789062;145.6300048828125;142.0800018310547;145.0500030517578;7134500;129.77273559570312
2022-05-24;144.88999938964844;147.94000244140625;144.82000732421875;147.6300048828125;7207400;132.0810089111328
2022-05-25;147.11000061035156;147.13999938964844;143.5;145.2100067138672;8217800;129.9158477783203
2022-05-26;146.47999572753906;147.3800048828125;145.0399932861328;146.47999572753906;5702600;131.0520477294922
2022-05-27;146.97000122070312;148.72000122070312;146.6300048828125;148.72000122070312;6028800;133.05616760253906
2022-05-31;147.2899932861328;148.99000549316406;146.16000366210938;147.8800048828125;12416700;132.30465698242188
2022-06-01;148.0;148.1199951171875;144.7100067138672;145.63999938964844;7036000;130.30055236816406
2022-06-02;145.97000122070312;147.25999450683594;142.6300048828125;147.2100067138672;6479800;131.7052001953125
2022-06-03;146.36000061035156;147.2100067138672;145.1199951171875;145.88999938964844;4720700;130.5242156982422
2022-06-06;147.3699951171875;147.63999938964844;144.58999633789062;145.32000732421875;4751100;130.0142822265625
2022-06-07;143.6699981689453;147.17999267578125;143.42999267578125;146.94000244140625;4918600;131.46365356445312
2022-06-08;146.3000030517578;146.42999267578125;144.99000549316406;145.11000061035156;4369600;129.8263702392578
2022-06-09;145.41000366210938;146.88999938964844;142.33999633789062;142.49000549316406;4625700;127.4823226928711
2022-06-10;140.88999938964844;143.14999389648438;139.4499969482422;141.9499969482422;6630800;126.99917602539062
2022-06-13;139.5;140.49000549316406;137.6300048828125;138.14999389648438;8549500;123.59945678710938
2022-06-14;137.50999450683594;137.5800018310547;132.5399932861328;133.83999633789062;9980200;119.7433853149414
2022-06-15;134.44000244140625;134.89999389648438;129.5;132.50999450683594;12178100;118.553466796875
2022-06-16;131.02999877929688;135.07000732421875;130.60000610351562;133.32000732421875;9683300;119.27814483642578
2022-06-17;132.55999755859375;134.25999450683594;131.42999267578125;132.36000061035156;17113300;118.41926574707031
2022-06-21;134.6199951171875;137.0;133.42999267578125;136.3699951171875;9017000;122.00691986083984
2022-06-22;135.67999267578125;139.69000244140625;135.6699981689453;138.5;8374500;123.91255187988281
2022-06-23;139.0500030517578;142.47999572753906;138.89999389648438;142.3000030517578;6418300;127.3123550415039
2022-06-24;144.1999969482422;145.24000549316406;143.1199951171875;144.35000610351562;19440600;129.14639282226562
2022-06-27;144.1199951171875;144.75999450683594;142.7100067138672;143.25;5618500;128.1622772216797
2022-06-28;143.5399932861328;144.08999633789062;140.5800018310547;140.9199981689453;6077300;126.07769012451172
2022-06-29;141.60000610351562;142.86000061035156;141.14999389648438;142.1999969482422;5174600;127.22283935546875
2022-06-30;141.69000244140625;144.44000244140625;141.22999572753906;143.7899932861328;7410100;128.6453857421875
2022-07-01;144.24000549316406;146.25;143.39999389648438;146.11000061035156;5937200;130.7210693359375
2022-07-05;144.5800018310547;146.10000610351562;142.5399932861328;144.6999969482422;5760900;129.45957946777344
2022-07-06;145.50999450683594;147.49000549316406;144.97000122070312;146.0500030517578;5485200;130.66734313964844
2022-07-07;145.2899932861328;146.19000244140625;144.60000610351562;146.0;6623400;130.62265014648438
2022-07-08;145.99000549316406;146.80999755859375;144.57000732421875;145.02000427246094;4294200;129.74588012695312
2022-07-11;145.14999389648438;146.5800018310547;144.67999267578125;146.0399932861328;5482900;130.65843200683594
2022-07-12;145.86000061035156;146.9199981689453;144.3699951171875;144.75;5204400;129.50428771972656
2022-07-13;144.41000366210938;146.9600067138672;144.2100067138672;145.6999969482422;5075600;130.35423278808594
2022-07-14;143.75999450683594;145.52999877929688;143.47000122070312;145.27000427246094;4867000;129.96951293945312
2022-07-15;145.33999633789062;145.6999969482422;144.10000610351562;145.07000732421875;6264600;129.79061889648438
2022-07-18;144.94000244140625;145.08999633789062;143.1699981689453;143.30999755859375;6047500;128.21597290039062
2022-07-19;144.57000732421875;145.00999450683594;143.63999938964844;144.0399932861328;5943600;128.86904907226562
2022-07-20;144.0;144.22000122070312;140.63999938964844;141.5500030517578;8635300;126.641357421875
2022-07-21;140.60000610351562;141.36000061035156;138.9499969482422;140.77000427246094;8310200;126.76110076904297
2022-07-22;140.75999450683594;143.1699981689453;140.6699981689453;143.02000427246094;5292700;128.78720092773438
2022-07-25;142.8000030517578;144.4199981689453;142.52999877929688;143.99000549316406;5262100;129.66064453125
2022-07-26;142.69000244140625;144.49000549316406;141.7100067138672;144.27000427246094;5375700;129.9127960205078
2022-07-27;143.8800048828125;146.2100067138672;143.52999877929688;145.63999938964844;5500000;131.146484375
2022-07-28;146.13999938964844;148.61000061035156;145.0800018310547;148.05999755859375;7115700;133.3256378173828
2022-07-29;141.42999267578125;142.5;138.22999572753906;138.91000366210938;18694700;125.086181640625
2022-08-01;138.33999633789062;143.94000244140625;138.27000427246094;142.89999389648438;12590000;128.6791229248047
2022-08-02;143.11000061035156;143.72000122070312;141.77000427246094;141.9499969482422;7495000;127.8236312866211
2022-08-03;141.66000366210938;145.27000427246094;140.91000366210938;144.8800048828125;6811000;130.4621124267578
2022-08-04;144.85000610351562;146.4600067138672;144.00999450683594;144.64999389648438;6124700;130.25497436523438
2022-08-05;143.75;144.83999633789062;142.77000427246094;144.72000122070312;4580300;130.31800842285156
2022-08-08;145.02999877929688;146.47000122070312;144.72999572753906;145.27000427246094;4486800;130.8132781982422
2022-08-09;145.57000732421875;145.94000244140625;144.49000549316406;144.92999267578125;3977300;130.50709533691406
2022-08-10;145.88999938964844;146.5;145.38999938964844;146.3000030517578;4641300;131.7407684326172
2022-08-11;146.80999755859375;147.2899932861328;144.92999267578125;145.25999450683594;5954300;130.8042449951172
2022-08-12;145.91000366210938;146.72999572753906;144.9600067138672;146.6699981689453;5038700;132.07395935058594
2022-08-15;146.8699951171875;148.77000427246094;146.75;148.55999755859375;6008000;133.77586364746094
2022-08-16;148.36000061035156;150.60000610351562;148.36000061035156;149.92999267578125;7093000;135.009521484375
2022-08-17;149.10000610351562;149.75;148.8800048828125;149.24000549316406;4834600;134.38819885253906
2022-08-18;148.8699951171875;149.99000549316406;148.52000427246094;149.77000427246094;3829000;134.8654327392578
2022-08-19;149.2100067138672;150.6300048828125;148.72000122070312;149.72999572753906;6502500;134.82945251464844
2022-08-22;148.97999572753906;150.1300048828125;148.83999633789062;149.3300018310547;6380700;134.46926879882812
2022-08-23;148.42999267578125;148.44000244140625;145.8300018310547;146.4499969482422;5268200;131.87583923339844
2022-08-24;146.61000061035156;147.25999450683594;145.1199951171875;145.82000732421875;5903200;131.3085479736328
2022-08-25;145.22999572753906;145.77999877929688;144.49000549316406;145.6999969482422;5097600;131.20045471191406
2022-08-26;146.0;146.52999877929688;142.02000427246094;142.2899932861328;6086600;128.1298370361328
2022-08-29;141.3000030517578;142.69000244140625;141.02000427246094;141.69000244140625;5272100;127.58956146240234
2022-08-30;142.41000366210938;142.41000366210938;139.91000366210938;140.17999267578125;5203700;126.22979736328125
2022-08-31;140.39999389648438;140.8800048828125;137.86000061035156;137.94000244140625;8406900;124.21273040771484
2022-09-01;137.8300018310547;139.75999450683594;136.75999450683594;139.63999938964844;7446500;125.7435531616211
2022-09-02;140.4199981689453;141.14999389648438;136.5500030517578;137.16000366210938;7077800;123.51033782958984
2022-09-06;135.8800048828125;137.94000244140625;135.2899932861328;135.6300048828125;8217200;122.13260650634766
2022-09-07;136.02999877929688;137.75999450683594;136.02000427246094;137.67999267578125;6609400;123.97858428955078
2022-09-08;137.00999450683594;138.49000549316406;136.05999755859375;137.86000061035156;7380500;124.14068603515625
2022-09-09;137.9499969482422;141.08999633789062;137.3000030517578;139.9600067138672;6434300;126.03170776367188
2022-09-12;139.41000366210938;141.8000030517578;139.11000061035156;141.10000610351562;5818700;127.05828857421875
2022-09-13;140.77999877929688;141.42999267578125;137.86000061035156;138.17999267578125;6350200;124.42884063720703
2022-09-14;138.66000366210938;139.66000366210938;137.6699981689453;138.50999450683594;6137800;124.72601318359375
2022-09-15;138.77999877929688;138.88999938964844;136.63999938964844;137.44000244140625;5320700;123.76250457763672
2022-09-16;137.44000244140625;139.05999755859375;137.11000061035156;138.27999877929688;9321500;124.5188980102539
2022-09-19;138.1999969482422;138.4600067138672;137.22999572753906;137.99000549316406;6056000;124.25775909423828
2022-09-20;137.41000366210938;137.97000122070312;136.52999877929688;137.5;5589800;123.81651306152344
2022-09-21;138.0800018310547;138.1999969482422;135.7100067138672;135.72999572753906;6413900;122.22265625
2022-09-22;135.74000549316406;137.07000732421875;135.24000549316406;136.2100067138672;5061600;122.65491485595703
2022-09-23;135.67999267578125;136.5;133.9499969482422;135.5800018310547;6523600;122.08759307861328
2022-09-26;135.5800018310547;136.82000732421875;134.99000549316406;135.7100067138672;7396400;122.20464324951172
2022-09-27;135.9600067138672;136.94000244140625;131.7100067138672;131.97999572753906;7722200;118.84584045410156
2022-09-28;133.02000427246094;133.02000427246094;131.19000244140625;131.97999572753906;10455100;118.84584045410156
2022-09-29;131.8699951171875;131.8699951171875;128.25999450683594;128.6999969482422;7128500;115.89225006103516
2022-09-30;129.0;129.0399932861328;126.20999908447266;126.25;9431900;113.68608856201172
2022-10-03;127.25;129.10000610351562;126.68000030517578;128.50999450683594;8477700;115.72116088867188
2022-10-04;129.10000610351562;130.8699951171875;128.6999969482422;130.10000610351562;7211600;117.1529541015625
2022-10-05;129.1999969482422;130.08999633789062;128.08999633789062;129.1999969482422;5071100;116.34249877929688
2022-10-06;128.88999938964844;129.05999755859375;126.3499984741211;126.4800033569336;5530800;113.89319610595703
2022-10-07;126.5;126.58000183105469;123.76000213623047;124.2699966430664;6095400;111.90312957763672
2022-10-10;123.37000274658203;124.25;122.18000030517578;123.76000213623047;6923300;111.44386291503906
2022-10-11;123.69000244140625;125.69999694824219;123.5999984741211;124.2300033569336;5516200;111.86711120605469
2022-10-12;124.83999633789062;125.80999755859375;124.41000366210938;124.43000030517578;6823500;112.04718017578125
2022-10-13;123.51000213623047;126.75;122.91999816894531;126.30999755859375;6910500;113.74009704589844
2022-10-14;126.75;127.0199966430664;124.7699966430664;125.08000183105469;5516800;112.63249969482422
2022-10-17;126.01000213623047;128.27999877929688;125.86000061035156;127.33999633789062;6664600;114.6676025390625
2022-10-18;129.3300018310547;130.07000732421875;127.66000366210938;128.3699951171875;7114200;115.5950927734375
2022-10-19;131.63999938964844;133.0;129.50999450683594;129.55999755859375;9993700;116.66668701171875
2022-10-20;128.6199951171875;129.77000427246094;126.68000030517578;126.98999786376953;8168000;115.16400146484375
2022-10-21;126.54000091552734;128.9499969482422;126.4800033569336;128.5800018310547;6394600;116.60592651367188
2022-10-24;129.49000549316406;130.44000244140625;128.35000610351562;129.3699951171875;6946000;117.32234191894531
2022-10-25;129.60000610351562;131.17999267578125;128.47000122070312;130.86000061035156;6776000;118.67359161376953
2022-10-26;130.64999389648438;132.57000732421875;130.39999389648438;131.77999877929688;6612800;119.50791931152344
2022-10-27;132.0;133.1199951171875;131.5;131.8800048828125;6676700;119.59860229492188
2022-10-28;133.1699981689453;135.50999450683594;132.9199981689453;135.22000122070312;6996400;122.62757873535156
2022-10-31;135.1999969482422;135.6699981689453;134.25999450683594;134.6699981689453;8346300;122.1287612915039
2022-11-01;134.6999969482422;136.27999877929688;133.83999633789062;134.8800048828125;6428300;122.3192138671875
2022-11-02;134.72000122070312;136.5399932861328;132.80999755859375;132.94000244140625;7318100;120.55989074707031
2022-11-03;131.72999572753906;132.63999938964844;130.9600067138672;132.02999877929688;5204000;119.73463439941406
2022-11-04;133.32000732421875;135.0;132.52000427246094;134.44000244140625;5555400;121.92020416259766
2022-11-07;135.35000610351562;137.19000244140625;135.05999755859375;136.5;6746800;123.78836822509766
2022-11-08;136.82000732421875;137.52000427246094;135.8000030517578;136.80999755859375;5266200;124.0694808959961
2022-11-09;136.8699951171875;137.97000122070312;136.33999633789062;136.47999572753906;5690700;123.77023315429688
2022-11-10;139.4600067138672;141.6300048828125;138.1999969482422;141.17999267578125;8068700;128.0325164794922
2022-11-11;141.1999969482422;141.6300048828125;139.11000061035156;140.97000122070312;7175200;127.84208679199219
2022-11-14;140.50999450683594;143.55999755859375;140.25999450683594;140.97999572753906;8516200;127.85115051269531
2022-11-15;142.08999633789062;143.1999969482422;139.6999969482422;140.49000549316406;7732400;127.40679168701172
2022-11-16;141.5;142.91000366210938;140.97999572753906;141.74000549316406;6193700;128.5403594970703
2022-11-17;141.11000061035156;141.69000244140625;139.86000061035156;140.8699951171875;5186300;127.75139617919922
2022-11-18;141.9199981689453;142.75999450683594;141.27000427246094;142.57000732421875;5671400;129.29312133789062
2022-11-21;143.05999755859375;145.19000244140625;142.8300018310547;144.3800048828125;6377200;130.9345245361328
2022-11-22;145.42999267578125;145.7899932861328;144.83999633789062;145.6199951171875;5372900;132.05906677246094
2022-11-23;145.89999389648438;146.6300048828125;145.57000732421875;146.4499969482422;4296000;132.811767578125
2022-11-25;146.7899932861328;147.1999969482422;146.39999389648438;146.72000122070312;2411100;133.05662536621094
2022-11-28;146.38999938964844;147.33999633789062;146.13999938964844;146.60000610351562;6628200;132.9477996826172
2022-11-29;145.75;146.05999755859375;144.52999877929688;145.47999572753906;5634200;131.93209838867188
2022-11-30;145.64999389648438;149.16000366210938;145.1300048828125;149.16000366210938;12396800;135.2694091796875
2022-12-01;149.52999877929688;150.36000061035156;148.57000732421875;149.25;6927400;135.35101318359375
2022-12-02;148.47000122070312;150.77000427246094;148.0800018310547;150.61000061035156;4938300;136.58438110351562
2022-12-05;148.7100067138672;149.6699981689453;148.27000427246094;149.08999633789062;5402500;135.20591735839844
2022-12-06;149.72000122070312;150.0800018310547;148.27999877929688;149.27999877929688;6866700;135.37820434570312
2022-12-07;149.00999450683594;150.42999267578125;149.00999450683594;150.24000549316406;6175500;136.2488250732422
2022-12-08;149.4600067138672;151.3800048828125;149.00999450683594;151.32000732421875;5187100;137.228271484375
2022-12-09;150.6999969482422;151.9499969482422;150.22000122070312;150.9199981689453;5868200;136.865478515625
2022-12-12;151.22000122070312;152.55999755859375;151.0399932861328;152.47000122070312;6142400;138.27114868164062
2022-12-13;153.41000366210938;154.22999572753906;150.7899932861328;152.24000549316406;7680600;138.06256103515625
2022-12-14;152.7899932861328;154.44000244140625;152.1699981689453;152.83999633789062;7385600;138.60665893554688
2022-12-15;151.72000122070312;152.0;149.74000549316406;151.11000061035156;7117200;137.03778076171875
2022-12-16;150.36000061035156;151.07000732421875;149.02000427246094;150.44000244140625;19966400;136.43019104003906
2022-12-19;150.22000122070312;151.3800048828125;149.24000549316406;150.39999389648438;5881800;136.39393615722656
2022-12-20;149.32000732421875;150.89999389648438;149.27000427246094;150.4600067138672;5646100;136.44834899902344
2022-12-21;150.75;152.6300048828125;150.72000122070312;151.83999633789062;5024700;137.69979858398438
2022-12-22;151.1300048828125;152.41000366210938;150.8800048828125;152.19000244140625;5904900;138.01724243164062
2022-12-23;152.30999755859375;152.9199981689453;151.6699981689453;152.6199951171875;3401800;138.40716552734375
2022-12-27;152.6999969482422;154.32000732421875;152.66000366210938;153.9499969482422;4215100;139.6133270263672
2022-12-28;154.27999877929688;154.64999389648438;151.89999389648438;151.9600067138672;4197500;137.8086395263672
2022-12-29;152.80999755859375;153.24000549316406;152.13999938964844;152.58999633789062;3809100;138.3799591064453
2022-12-30;152.42999267578125;152.67999267578125;150.44000244140625;151.55999755859375;4532000;137.44589233398438
2023-01-03;150.9499969482422;151.7100067138672;149.1199951171875;151.57000732421875;6447300;137.45497131347656
2023-01-04;151.99000549316406;153.38999938964844;151.22999572753906;152.22999572753906;7313400;138.05348205566406
2023-01-05;152.2100067138672;152.47999572753906;150.1300048828125;150.33999633789062;5373800;136.33949279785156
2023-01-06;151.85000610351562;154.4600067138672;151.75;153.9199981689453;7882200;139.5861053466797
2023-01-09;153.44000244140625;154.8000030517578;152.0;152.0399932861328;5727000;137.88119506835938
2023-01-10;152.10000610351562;152.6999969482422;150.94000244140625;151.88999938964844;4716400;137.7451629638672
2023-01-11;152.32000732421875;152.55999755859375;149.35000610351562;150.66000366210938;8691300;136.62974548339844
2023-01-12;151.6999969482422;151.72999572753906;149.52000427246094;149.80999755859375;7801600;135.8588409423828
2023-01-13;149.61000061035156;151.0500030517578;149.4199981689453;150.8800048828125;5535800;136.8292236328125
2023-01-17;150.7899932861328;152.1300048828125;150.39999389648438;150.44000244140625;9611800;136.43019104003906
2023-01-18;149.66000366210938;149.92999267578125;146.0399932861328;146.41000366210938;10461200;132.7755126953125
2023-01-19;143.30999755859375;146.22000122070312;142.24000549316406;142.4199981689453;12683700;129.96754455566406
2023-01-20;142.32000732421875;143.14999389648438;140.14999389648438;142.97000122070312;8603300;130.46945190429688
2023-01-23;143.36000061035156;143.6999969482422;140.69000244140625;141.0500030517578;7473100;128.71728515625
2023-01-24;140.69000244140625;142.3800048828125;139.80999755859375;141.82000732421875;6822500;129.4199981689453
2023-01-25;140.38999938964844;141.75;138.72999572753906;141.72000122070312;6902600;129.3287353515625
2023-01-26;141.72999572753906;141.74000549316406;140.74000549316406;141.14999389648438;5398600;128.80856323242188
2023-01-27;141.07000732421875;141.36000061035156;139.2899932861328;140.57000732421875;6870800;128.27928161621094
2023-01-30;140.9600067138672;142.1199951171875;140.27999877929688;141.00999450683594;6369300;128.68080139160156
2023-01-31;141.22999572753906;142.47000122070312;140.75999450683594;142.3800048828125;9373400;129.93101501464844
2023-02-01;142.0800018310547;144.10000610351562;141.35000610351562;143.19000244140625;7207900;130.67019653320312
2023-02-02;142.1699981689453;142.7100067138672;141.2100067138672;142.1699981689453;6444300;129.7393798828125
2023-02-03;142.77999877929688;143.3800048828125;141.1699981689453;142.61000061035156;5993100;130.14093017578125
2023-02-06;142.00999450683594;142.63999938964844;141.00999450683594;141.39999389648438;6108100;129.03671264648438
2023-02-07;139.97000122070312;140.7899932861328;138.77999877929688;140.02000427246094;6278300;127.77737426757812
2023-02-08;139.05999755859375;139.5399932861328;138.41000366210938;138.57000732421875;7123800;126.45414733886719
2023-02-09;138.8800048828125;139.3300018310547;137.0;137.0500030517578;6547400;125.0670394897461
2023-02-10;136.9499969482422;138.3000030517578;135.8300018310547;138.25999450683594;8108900;126.17125701904297
2023-02-13;138.94000244140625;140.4499969482422;138.74000549316406;140.07000732421875;5081600;127.82301330566406
2023-02-14;140.13999938964844;140.24000549316406;138.6199951171875;139.27999877929688;5253500;127.1020736694336
2023-02-15;139.11000061035156;139.32000732421875;138.07000732421875;138.9600067138672;5530300;126.81004333496094
2023-02-16;137.38999938964844;138.1999969482422;136.5500030517578;137.13999938964844;7595700;125.14920043945312
2023-02-17;136.58999633789062;140.0399932861328;136.58999633789062;140.00999450683594;8034700;127.76825714111328
2023-02-21;138.8699951171875;140.88999938964844;138.8699951171875;139.91000366210938;6899500;127.67695617675781
2023-02-22;139.97999572753906;141.5800018310547;139.8800048828125;140.5;6126300;128.2154083251953
2023-02-23;140.22999572753906;141.13999938964844;139.10000610351562;140.0500030517578;5835400;127.80475616455078
2023-02-24;138.92999267578125;139.42999267578125;138.0800018310547;139.25999450683594;5260700;127.08380889892578
2023-02-27;139.61000061035156;140.47000122070312;138.52999877929688;139.13999938964844;5820900;126.97432708740234
2023-02-28;138.4499969482422;138.58999633789062;137.27999877929688;137.55999755859375;6709900;125.53245544433594
2023-03-01;138.0500030517578;138.3300018310547;136.50999450683594;137.66000366210938;7101800;125.62371063232422
2023-03-02;138.0;140.42999267578125;137.77999877929688;139.92999267578125;5924600;127.69522857666016
2023-03-03;141.19000244140625;141.24000549316406;139.97000122070312;140.9499969482422;5259400;128.62603759765625
2023-03-06;140.72999572753906;141.13999938964844;139.94000244140625;140.35000610351562;4943100;128.0785369873047
2023-03-07;140.42999267578125;140.6199951171875;137.33999633789062;137.55999755859375;5606800;125.53245544433594
2023-03-08;137.1999969482422;137.69000244140625;136.60000610351562;137.5800018310547;5518800;125.55072021484375
2023-03-09;138.14999389648438;138.55999755859375;136.10000610351562;136.57000732421875;4467200;124.62903594970703
2023-03-10;136.9499969482422;137.99000549316406;136.35000610351562;137.19000244140625;5928000;125.1948013305664
2023-03-13;137.0399932861328;141.32000732421875;137.0399932861328;138.13999938964844;8337100;126.06172180175781
2023-03-14;138.2899932861328;140.11000061035156;137.39999389648438;139.85000610351562;9219700;127.62223052978516
2023-03-15;138.80999755859375;142.14999389648438;138.80999755859375;141.8300018310547;8823500;129.42913818359375
2023-03-16;141.94000244140625;143.1199951171875;141.61000061035156;142.88999938964844;7063400;130.39645385742188
2023-03-17;142.5;143.38999938964844;141.52999877929688;142.92999267578125;16018800;130.4329376220703
2023-03-20;143.5;145.39999389648438;143.22999572753906;145.1300048828125;8379200;132.4405517578125
2023-03-21;144.91000366210938;145.22999572753906;142.83999633789062;144.0800018310547;7753200;131.48236083984375
2023-03-22;144.0399932861328;145.75;143.8300018310547;143.99000549316406;5729100;131.4002227783203
2023-03-23;144.24000549316406;145.1199951171875;143.19000244140625;143.7899932861328;5788400;131.21774291992188
2023-03-24;144.3000030517578;146.75999450683594;144.3000030517578;146.72000122070312;6144800;133.8915557861328
2023-03-27;146.88999938964844;147.4199981689453;145.8699951171875;145.9499969482422;5917200;133.1888885498047
2023-03-28;146.5500030517578;146.82000732421875;145.8000030517578;146.36000061035156;4213800;133.56301879882812
2023-03-29;147.0800018310547;147.2899932861328;146.25999450683594;146.80999755859375;4987700;133.9736785888672
2023-03-30;146.9199981689453;147.5399932861328;146.3000030517578;147.4499969482422;4117700;134.55772399902344
2023-03-31;147.74000549316406;148.69000244140625;147.57000732421875;148.69000244140625;7685900;135.6892852783203
2023-04-03;148.42999267578125;150.07000732421875;147.08999633789062;149.50999450683594;5721700;136.43760681152344
2023-04-04;150.0800018310547;151.7100067138672;150.0800018310547;150.22999572753906;6714300;137.09466552734375
2023-04-05;151.3300018310547;152.35000610351562;151.14999389648438;151.25999450683594;6094800;138.03457641601562
2023-04-06;151.8699951171875;152.9600067138672;151.4199981689453;152.22000122070312;5399700;138.91065979003906
2023-04-10;151.64999389648438;151.6699981689453;149.50999450683594;150.9600067138672;4891800;137.76083374023438
2023-04-11;151.25999450683594;151.44000244140625;150.52000427246094;150.66000366210938;6311800;137.48707580566406
2023-04-12;150.30999755859375;152.41000366210938;149.92999267578125;151.07000732421875;6137900;137.8612060546875
2023-04-13;150.89999389648438;151.8699951171875;149.82000732421875;151.77000427246094;5489500;138.5
2023-04-14;151.35000610351562;151.58999633789062;150.50999450683594;151.0;4478800;137.7973175048828
2023-04-17;151.1699981689453;151.47000122070312;150.33999633789062;151.0500030517578;4296400;137.8429718017578
2023-04-18;150.97999572753906;151.58999633789062;150.10000610351562;151.2100067138672;4158400;137.98898315429688
2023-04-19;151.1699981689453;151.89999389648438;150.7100067138672;151.24000549316406;3837600;138.01634216308594
2023-04-20;150.3699951171875;151.36000061035156;150.3699951171875;150.85000610351562;5370900;138.52230834960938
2023-04-21;154.94000244140625;158.11000061035156;154.5;156.07000732421875;14876900;143.31573486328125
2023-04-24;155.22000122070312;157.25;155.22000122070312;156.35000610351562;8109800;143.57286071777344
2023-04-25;156.50999450683594;157.94000244140625;155.7899932861328;156.38999938964844;8341800;143.60958862304688
2023-04-26;155.3000030517578;156.0;154.33999633789062;154.5800018310547;4843700;141.94749450683594
2023-04-27;155.3000030517578;156.61000061035156;155.00999450683594;156.47000122070312;4805600;143.6830596923828
2023-04-28;156.27999877929688;157.3699951171875;155.75999450683594;156.3800048828125;5754700;143.6003875732422
2023-05-01;156.02999877929688;157.39999389648438;155.8000030517578;156.57000732421875;3844600;143.77488708496094
2023-05-02;156.58999633789062;156.92999267578125;155.6699981689453;156.42999267578125;5262900;143.64633178710938
2023-05-03;156.63999938964844;157.57000732421875;155.42999267578125;156.22999572753906;5775000;143.46266174316406
2023-05-04;156.10000610351562;156.60000610351562;155.08999633789062;155.50999450683594;4892600;142.801513671875
2023-05-05;155.39999389648438;156.30999755859375;154.69000244140625;156.02999877929688;3989200;143.27899169921875
2023-05-08;155.35000610351562;155.72999572753906;154.8699951171875;155.3000030517578;4950700;142.60865783691406
2023-05-09;155.85000610351562;155.97999572753906;153.5800018310547;153.7100067138672;4472100;141.14857482910156
2023-05-10;153.4499969482422;154.32000732421875;152.44000244140625;154.02999877929688;4754900;141.4424591064453
2023-05-11;154.80999755859375;154.88999938964844;153.38999938964844;154.38999938964844;3495300;141.77304077148438
2023-05-12;154.6999969482422;156.0500030517578;154.38999938964844;155.9600067138672;5252900;143.21473693847656
2023-05-15;156.61000061035156;156.75;154.63999938964844;156.00999450683594;5414900;143.26063537597656
2023-05-16;155.8699951171875;156.9199981689453;154.92999267578125;155.74000549316406;5591500;143.0126953125
2023-05-17;156.25999450683594;156.55999755859375;153.89999389648438;155.0800018310547;4286900;142.40664672851562
2023-05-18;153.30999755859375;153.64999389648438;151.60000610351562;152.52999877929688;6997600;140.0650634765625
2023-05-19;152.47000122070312;153.32000732421875;151.83999633789062;153.1699981689453;4754100;140.6527557373047
2023-05-22;152.5;152.60000610351562;148.8300018310547;149.16000366210938;7876200;136.970458984375
2023-05-23;148.7899932861328;148.8800048828125;147.07000732421875;147.5500030517578;6116000;135.4919891357422
2023-05-24;147.58999633789062;148.1999969482422;146.08999633789062;146.3300018310547;5755400;134.37168884277344
2023-05-25;145.49000549316406;146.2100067138672;144.35000610351562;145.38999938964844;6510300;133.50851440429688
2023-05-26;145.3300018310547;146.00999450683594;144.72999572753906;145.39999389648438;4716400;133.5177001953125
2023-05-30;143.86000061035156;144.0399932861328;142.35000610351562;143.17999267578125;5561000;131.4791259765625
2023-05-31;143.16000366210938;143.97999572753906;141.89999389648438;142.5;19854800;130.8546905517578
2023-06-01;143.25;144.1199951171875;142.4499969482422;143.9600067138672;6091100;132.19537353515625
2023-06-02;144.50999450683594;146.67999267578125;144.38999938964844;146.52000427246094;6124400;134.5461883544922
2023-06-05;146.0500030517578;147.85000610351562;145.72999572753906;145.94000244140625;4753700;134.0135498046875
2023-06-06;146.07000732421875;146.30999755859375;143.5500030517578;144.49000549316406;4635900;132.68206787109375
2023-06-07;144.00999450683594;145.1199951171875;143.47000122070312;144.8000030517578;6194400;132.96673583984375
2023-06-08;145.33999633789062;146.64999389648438;144.9199981689453;146.44000244140625;4863700;134.4727020263672
2023-06-09;145.67999267578125;146.77999877929688;144.72999572753906;146.55999755859375;5569500;134.58291625976562
2023-06-12;147.0;147.00999450683594;144.5500030517578;145.41000366210938;5354000;133.52688598632812
2023-06-13;144.50999450683594;145.67999267578125;144.27999877929688;145.05999755859375;5321200;133.2054901123047
2023-06-14;145.30999755859375;146.88999938964844;144.8300018310547;146.4199981689453;5693300;134.45433044433594
2023-06-15;147.1699981689453;148.97000122070312;146.5399932861328;148.4499969482422;5863000;136.3184356689453
2023-06-16;148.9199981689453;150.08999633789062;148.89999389648438;149.5399932861328;11244900;137.31935119628906
2023-06-20;149.75;150.27999877929688;148.11000061035156;148.16000366210938;5340700;136.0521697998047
2023-06-21;148.25999450683594;149.60000610351562;147.8699951171875;149.44000244140625;4649700;137.2275390625
2023-06-22;150.35000610351562;151.10000610351562;149.47999572753906;149.9499969482422;6666800;137.69583129882812
2023-06-23;150.25;150.52999877929688;147.9600067138672;148.4600067138672;13843300;136.32763671875
2023-06-26;148.10000610351562;148.97000122070312;146.72000122070312;148.61000061035156;4353100;136.4653778076172
2023-06-27;148.44000244140625;150.1699981689453;148.38999938964844;150.02000427246094;5445400;137.7601318359375
2023-06-28;149.3300018310547;150.3000030517578;147.9600067138672;149.99000549316406;6733300;137.7325897216797
2023-06-29;148.47999572753906;149.6999969482422;147.10000610351562;149.3800048828125;7343000;137.1724395751953
2023-06-30;149.8300018310547;152.07000732421875;149.7899932861328;151.74000549316406;7058300;139.339599609375
2023-07-03;151.47999572753906;152.52999877929688;150.47000122070312;152.5;3996100;140.03746032714844
2023-07-05;151.6300048828125;152.4600067138672;151.44000244140625;152.24000549316406;8279800;139.79873657226562
2023-07-06;151.1999969482422;152.19000244140625;150.75999450683594;151.99000549316406;7958300;139.56915283203125
2023-07-07;151.7100067138672;151.9199981689453;148.75;148.8000030517578;9169500;136.6398468017578
2023-07-10;148.94000244140625;150.32000732421875;148.74000549316406;148.86000061035156;5529200;136.6949462890625
2023-07-11;148.72999572753906;149.0500030517578;146.9600067138672;148.0800018310547;5150300;135.97869873046875
2023-07-12;148.02999877929688;149.39999389648438;147.63999938964844;148.85000610351562;6764600;136.68576049804688
2023-07-13;149.0;149.52000427246094;148.1999969482422;148.9499969482422;5561400;136.777587890625
2023-07-14;149.27000427246094;150.6300048828125;148.72999572753906;150.0500030517578;6128900;137.78768920898438
2023-07-17;149.64999389648438;150.16000366210938;148.97000122070312;148.99000549316406;4625300;136.81431579589844
2023-07-18;148.63999938964844;150.47999572753906;148.3800048828125;149.27000427246094;5351200;137.07142639160156
2023-07-19;149.5500030517578;150.82000732421875;148.86000061035156;150.2899932861328;6203600;138.00807189941406
2023-07-20;149.5500030517578;150.75;148.13999938964844;150.55999755859375;6445400;139.1271209716797
2023-07-21;151.14999389648438;153.6699981689453;150.6999969482422;152.92999267578125;9938400;141.31715393066406
2023-07-24;152.83999633789062;153.9499969482422;152.3000030517578;153.4199981689453;5549500;141.76992797851562
2023-07-25;153.47999572753906;153.86000061035156;152.4499969482422;153.77999877929688;5883800;142.1026153564453
2023-07-26;153.1199951171875;154.83999633789062;152.88999938964844;153.94000244140625;7013800;142.25047302246094
2023-07-27;154.16000366210938;154.60000610351562;151.9199981689453;152.11000061035156;7191600;140.5594024658203
2023-07-28;154.66000366210938;157.47999572753906;154.60000610351562;156.41000366210938;9397300;144.5329132080078
2023-07-31;156.39999389648438;157.67999267578125;155.05999755859375;156.3000030517578;7955200;144.43125915527344
2023-08-01;155.8800048828125;157.1699981689453;155.8699951171875;156.25;5718800;144.38507080078125
2023-08-02;155.97000122070312;157.72999572753906;155.97000122070312;156.58999633789062;5636000;144.6992645263672
2023-08-03;156.75999450683594;157.6999969482422;156.2100067138672;157.0;5792700;145.07809448242188
2023-08-04;157.42999267578125;157.72999572753906;155.14999389648438;155.27999877929688;4785900;143.48870849609375
2023-08-07;155.6699981689453;157.14999389648438;155.49000549316406;156.9199981689453;4107400;145.00416564941406
2023-08-08;157.27999877929688;157.6300048828125;156.52999877929688;157.08999633789062;4625500;145.16122436523438
2023-08-09;157.30999755859375;158.08999633789062;156.77000427246094;156.88999938964844;4293200;144.97642517089844
2023-08-10;157.1699981689453;158.3800048828125;155.8000030517578;156.11000061035156;4307800;144.2556915283203
2023-08-11;156.42999267578125;157.4600067138672;155.7899932861328;157.02000427246094;3862300;145.09657287597656
2023-08-14;157.1300048828125;157.52999877929688;155.5;155.7899932861328;4297600;143.9599609375
2023-08-15;155.7899932861328;155.97000122070312;154.4600067138672;154.7899932861328;6921100;143.03587341308594
2023-08-16;154.75999450683594;155.72999572753906;152.8699951171875;153.2100067138672;6356800;141.575927734375
2023-08-17;153.2100067138672;153.55999755859375;151.7899932861328;152.11000061035156;6419500;140.5594024658203
2023-08-18;151.6199951171875;152.88999938964844;151.1699981689453;152.5399932861328;5448200;140.95677185058594
2023-08-21;152.08999633789062;152.77999877929688;151.25999450683594;151.77000427246094;4504700;140.2452392578125
2023-08-22;151.4199981689453;152.14999389648438;150.92999267578125;151.8300018310547;4195600;140.30068969726562
2023-08-23;152.47000122070312;153.47999572753906;152.47000122070312;153.25;4522500;141.61285400390625
2023-08-24;152.5500030517578;154.67999267578125;152.47999572753906;152.5399932861328;4088900;140.95677185058594
2023-08-25;153.39999389648438;154.0800018310547;152.4600067138672;153.5399932861328;3541500;141.88082885742188
2023-08-28;153.7100067138672;154.3699951171875;153.0500030517578;153.77999877929688;3614700;142.1026153564453
2023-08-29;153.9499969482422;154.0399932861328;152.02999877929688;153.8699951171875;4034600;142.18577575683594
2023-08-30;154.10000610351562;154.8699951171875;153.7100067138672;154.0399932861328;3712200;142.34288024902344
2023-08-31;154.1199951171875;155.16000366210938;153.8300018310547;154.33999633789062;5451400;142.62010192871094
2023-09-01;154.89999389648438;155.27999877929688;153.55999755859375;154.50999450683594;4126300;142.77716064453125
2023-09-05;153.8000030517578;154.85000610351562;152.39999389648438;152.44000244140625;5097000;140.86436462402344
2023-09-06;152.2899932861328;152.4499969482422;151.5399932861328;152.13999938964844;3877400;140.58714294433594
2023-09-07;152.49000549316406;154.19000244140625;152.3699951171875;153.58999633789062;4824800;141.92703247070312
2023-09-08;153.4199981689453;153.4600067138672;152.35000610351562;152.92999267578125;3384700;141.31715393066406
2023-09-11;153.3300018310547;155.10000610351562;153.0800018310547;154.75;4288500;142.9989471435547
2023-09-12;154.99000549316406;155.14999389648438;151.57000732421875;152.02999877929688;4537800;140.48550415039062
2023-09-13;151.97999572753906;153.58999633789062;151.66000366210938;153.08999633789062;4040600;141.46499633789062
2023-09-14;153.85000610351562;154.9199981689453;153.3699951171875;154.77000427246094;4606800;143.01742553710938
2023-09-15;154.02999877929688;155.32000732421875;153.22999572753906;153.47000122070312;10262400;141.81614685058594
2023-09-18;154.4499969482422;154.47999572753906;153.50999450683594;154.0500030517578;3536500;142.35211181640625
2023-09-19;153.75;154.05999755859375;151.74000549316406;153.60000610351562;4704200;141.93629455566406
2023-09-20;153.77000427246094;154.77999877929688;153.36000061035156;153.47000122070312;5446400;141.81614685058594
2023-09-21;153.4499969482422;153.7100067138672;152.07000732421875;152.13999938964844;5096400;140.58714294433594
2023-09-22;152.44000244140625;153.33999633789062;151.3800048828125;151.5800018310547;6327000;140.0696563720703
2023-09-25;151.17999267578125;151.27999877929688;150.02000427246094;150.66000366210938;5527000;139.21954345703125
2023-09-26;149.97999572753906;150.36000061035156;148.7899932861328;149.32000732421875;6366500;137.98130798339844
2023-09-27;149.4199981689453;149.6999969482422;146.6300048828125;147.33999633789062;5403700;136.15164184570312
2023-09-28;147.82000732421875;147.97999572753906;145.67999267578125;146.33999633789062;6237100;135.22756958007812
2023-09-29;146.5399932861328;146.77000427246094;144.82000732421875;145.86000061035156;6683300;134.78402709960938
2023-10-02;144.77999877929688;145.60000610351562;143.89999389648438;145.19000244140625;5153800;134.16488647460938
2023-10-03;145.1699981689453;146.49000549316406;145.00999450683594;145.49000549316406;4670600;134.44212341308594
2023-10-04;145.58999633789062;146.30999755859375;144.92999267578125;145.97000122070312;4727800;134.8856964111328
2023-10-05;145.67999267578125;146.08999633789062;143.69000244140625;143.8000030517578;5205700;132.8804473876953
2023-10-06;143.60000610351562;144.55999755859375;141.4499969482422;144.08999633789062;7406700;133.14842224121094
2023-10-09;143.36000061035156;143.97000122070312;141.60000610351562;143.36000061035156;5062200;132.47386169433594
2023-10-10;143.97999572753906;145.22000122070312;143.72000122070312;144.77999877929688;5988900;133.7860107421875
2023-10-11;145.13999938964844;145.55999755859375;142.55999755859375;143.0;5469100;132.1411895751953
2023-10-12;142.7899932861328;143.92999267578125;141.66000366210938;143.32000732421875;5965600;132.43692016601562
2023-10-13;143.19000244140625;145.02999877929688;143.19000244140625;144.69000244140625;7078900;133.70289611816406
2023-10-16;145.86000061035156;147.05999755859375;145.4600067138672;146.07000732421875;6509800;134.97808837890625
2023-10-17;146.11000061035156;146.82000732421875;145.24000549316406;146.25999450683594;6160100;135.1536102294922
2023-10-18;150.05999755859375;151.3000030517578;148.77000427246094;150.02999877929688;10508500;138.63735961914062
2023-10-19;149.61000061035156;150.27999877929688;147.17999267578125;148.25;8146000;137.85719299316406
2023-10-20;149.0500030517578;149.8800048828125;147.9199981689453;148.0500030517578;7284200;137.67123413085938
2023-10-23;147.86000061035156;149.5;147.55999755859375;148.14999389648438;5981800;137.76417541503906
2023-10-24;148.1199951171875;150.07000732421875;148.07000732421875;149.89999389648438;6322000;139.39149475097656
2023-10-25;149.63999938964844;151.19000244140625;149.1199951171875;150.60000610351562;6172900;140.04246520996094
2023-10-26;151.0500030517578;151.3800048828125;149.74000549316406;149.8000030517578;7582100;139.2985382080078
2023-10-27;148.97999572753906;149.9499969482422;146.27999877929688;147.16000366210938;8131800;136.84361267089844
2023-10-30;147.89999389648438;149.5500030517578;147.5399932861328;149.25999450683594;5412800;138.79637145996094
2023-10-31;149.4600067138672;150.25999450683594;148.63999938964844;150.02999877929688;6762100;139.5124053955078
2023-11-01;150.67999267578125;150.67999267578125;149.2100067138672;149.61000061035156;5896900;139.12184143066406
2023-11-02;149.5399932861328;151.64999389648438;148.91000366210938;151.44000244140625;5859200;140.82357788085938
2023-11-03;151.7899932861328;152.2899932861328;149.6199951171875;150.07000732421875;6587700;139.5496063232422
2023-11-06;150.36000061035156;151.25;150.10000610351562;150.94000244140625;6480800;140.3585968017578
2023-11-07;150.9199981689453;151.25;150.1199951171875;150.58999633789062;6003800;140.0331268310547
2023-11-08;150.9600067138672;151.1999969482422;149.50999450683594;150.00999450683594;4832600;139.49378967285156
2023-11-09;149.74000549316406;150.35000610351562;149.1199951171875;150.35000610351562;6581500;139.80996704101562
2023-11-10;150.83999633789062;151.44000244140625;149.9199981689453;151.41000366210938;5387200;140.79568481445312
2023-11-13;151.4499969482422;152.89999389648438;151.4499969482422;152.4600067138672;6297500;141.77206420898438
2023-11-14;152.5500030517578;153.5;151.67999267578125;152.1199951171875;7982600;141.45587158203125
2023-11-15;152.05999755859375;152.38999938964844;150.3800048828125;151.4199981689453;7672600;140.80494689941406
2023-11-16;151.99000549316406;152.88999938964844;151.30999755859375;152.8300018310547;7590500;142.1160888671875
2023-11-17;152.72000122070312;152.83999633789062;150.88999938964844;151.07000732421875;8495600;140.47950744628906
2023-11-20;150.2100067138672;151.02999877929688;149.66000366210938;150.27000427246094;6856500;139.73558044433594
2023-11-21;149.85000610351562;150.00999450683594;148.8300018310547;149.61000061035156;7310400;139.12184143066406
2023-11-22;150.10000610351562;151.47999572753906;150.10000610351562;151.02000427246094;4372700;140.43299865722656
2023-11-24;151.17999267578125;151.74000549316406;151.02999877929688;151.3800048828125;2132500;140.76776123046875
2023-11-27;151.52000427246094;151.63999938964844;150.74000549316406;151.24000549316406;6021300;140.6375732421875
2023-11-28;151.14999389648438;152.77000427246094;151.14999389648438;152.2899932861328;6110400;141.6139678955078
2023-11-29;152.2899932861328;152.4499969482422;150.99000549316406;151.1300048828125;5342700;140.5352783203125
2023-11-30;150.89999389648438;153.6300048828125;150.0800018310547;153.52000427246094;9771300;142.7577362060547
2023-12-01;153.3300018310547;153.49000549316406;152.22999572753906;152.66000366210938;5685400;141.9580535888672
2023-12-04;151.77000427246094;152.52999877929688;151.66000366210938;152.05999755859375;6578300;141.40008544921875
2023-12-05;152.13999938964844;152.61000061035156;146.17999267578125;146.75999450683594;11895800;136.4716339111328
2023-12-06;147.00999450683594;147.16000366210938;145.63999938964844;146.64999389648438;7610000;136.36932373046875
2023-12-07;146.57000732421875;147.10000610351562;146.02000427246094;146.5;6119600;136.2298583984375
2023-12-08;145.9199981689453;146.24000549316406;144.52000427246094;145.14999389648438;6385300;134.9744873046875
2023-12-11;144.8000030517578;145.8699951171875;144.64999389648438;145.82000732421875;8471200;135.59754943847656
2023-12-12;145.86000061035156;146.22999572753906;145.0800018310547;145.94000244140625;6069200;135.7091522216797
2023-12-13;145.86000061035156;148.64999389648438;145.4499969482422;148.5800018310547;9055500;138.16403198242188
2023-12-14;148.4600067138672;148.5500030517578;144.3800048828125;144.66000366210938;10565200;134.51885986328125
2023-12-15;143.17999267578125;144.25;142.5;143.9600067138672;14550000;133.86795043945312
2023-12-18;144.1699981689453;147.49000549316406;144.14999389648438;146.1699981689453;8421800;135.92300415039062
2023-12-19;145.6699981689453;146.33999633789062;145.38999938964844;146.1699981689453;5233600;135.92300415039062
2023-12-20;145.57000732421875;146.07000732421875;143.83999633789062;143.91000366210938;7663800;133.8214569091797
2023-12-21;144.52000427246094;144.7899932861328;143.1300048828125;144.25999450683594;6104700;134.14688110351562
2023-12-22;144.5;145.6300048828125;144.2899932861328;145.27999877929688;4413800;135.0953826904297
2023-12-26;145.08999633789062;146.1699981689453;144.97000122070312;145.94000244140625;3634900;135.7091522216797
2023-12-27;145.64999389648438;146.30999755859375;145.36000061035156;146.05999755859375;4569400;135.82070922851562
2023-12-28;146.0;146.00999450683594;145.0399932861328;145.72999572753906;5023000;135.51385498046875
2023-12-29;146.0;146.9600067138672;145.72999572753906;146.5399932861328;5300900;136.2670440673828
2024-01-02;146.36000061035156;149.41000366210938;146.30999755859375;148.74000549316406;7238400;138.31285095214844
2024-01-03;148.33999633789062;149.1999969482422;147.17999267578125;147.83999633789062;7697500;137.47593688964844
2024-01-04;148.0500030517578;149.27000427246094;147.77000427246094;148.64999389648438;7067400;138.2291259765625
2024-01-05;148.72000122070312;148.8699951171875;146.5500030517578;147.4199981689453;5294200;137.08534240722656
2024-01-08;147.91000366210938;148.9199981689453;147.64999389648438;148.69000244140625;8255300;138.26632690429688
2024-01-09;148.57000732421875;149.39999389648438;148.0500030517578;149.3000030517578;9786800;138.8336181640625
2024-01-10;149.35000610351562;150.0;149.25999450683594;149.94000244140625;8591100;139.42872619628906
2024-01-11;150.0500030517578;150.8000030517578;149.2899932861328;150.50999450683594;6659400;139.95875549316406
2024-01-12;150.9499969482422;151.3000030517578;149.88999938964844;150.60000610351562;5684700;140.04246520996094
2024-01-16;150.14999389648438;151.5;148.8800048828125;149.7899932861328;8120100;139.28919982910156
2024-01-17;149.16000366210938;150.60000610351562;149.00999450683594;149.94000244140625;6541400;139.42872619628906
2024-01-18;148.22999572753906;148.39999389648438;146.9199981689453;148.13999938964844;6526200;138.6248779296875
2024-01-19;148.25;148.6199951171875;147.30999755859375;147.57000732421875;7848100;138.09149169921875
2024-01-22;146.97000122070312;148.2100067138672;146.27999877929688;147.86000061035156;11084100;138.36288452148438
2024-01-23;153.11000061035156;156.39999389648438;152.88999938964844;153.97999572753906;19101600;144.0897674560547
2024-01-24;153.92999267578125;154.22999572753906;152.08999633789062;152.1199951171875;11592700;142.34922790527344
2024-01-25;152.39999389648438;155.66000366210938;152.05999755859375;155.6199951171875;10352500;145.62445068359375
2024-01-26;155.80999755859375;156.16000366210938;155.33999633789062;156.13999938964844;8356600;146.11102294921875
2024-01-29;156.67999267578125;157.3300018310547;155.39999389648438;156.16000366210938;8987400;146.12974548339844
2024-01-30;156.33999633789062;157.9199981689453;155.82000732421875;157.49000549316406;7794700;147.3743133544922
2024-01-31;157.99000549316406;158.5;156.6999969482422;157.13999938964844;8870000;147.0467987060547
2024-02-01;156.77000427246094;159.3000030517578;156.6199951171875;159.17999267578125;7601100;148.95579528808594
2024-02-02;158.97000122070312;159.60000610351562;157.52999877929688;158.08999633789062;7937700;147.93577575683594
2024-02-05;158.1699981689453;159.0;157.55999755859375;158.2100067138672;6931900;148.04806518554688
2024-02-06;158.30999755859375;159.07000732421875;157.8699951171875;158.9600067138672;6185400;148.7499237060547
2024-02-07;159.10000610351562;159.8300018310547;158.74000549316406;159.1199951171875;7209300;148.89962768554688
2024-02-08;158.8000030517578;159.10000610351562;157.77000427246094;158.63999938964844;6121600;148.4504852294922
2024-02-09;158.25999450683594;158.33999633789062;156.9600067138672;157.4199981689453;5978000;147.308837890625
2024-02-12;157.36000061035156;157.61000061035156;155.49000549316406;157.11000061035156;5482000;147.0187225341797
2024-02-13;157.75;158.97000122070312;155.47999572753906;156.27000427246094;6046800;146.23268127441406
2024-02-14;156.16000366210938;156.16000366210938;154.91000366210938;155.6300048828125;5727300;145.6337890625
2024-02-15;156.3000030517578;157.4199981689453;156.14999389648438;157.00999450683594;6249200;146.9251708984375
2024-02-16;157.0399932861328;158.4499969482422;156.6699981689453;157.50999450683594;6617600;147.39306640625
2024-02-20;158.6999969482422;159.7899932861328;158.1300048828125;158.50999450683594;6622100;148.3288116455078
2024-02-21;159.19000244140625;160.39999389648438;159.19000244140625;160.39999389648438;7121000;150.09742736816406
2024-02-22;159.4600067138672;161.08999633789062;158.6300048828125;160.55999755859375;6619500;150.24713134765625
2024-02-23;160.60000610351562;161.74000549316406;160.16000366210938;161.02999877929688;5486500;150.6869354248047
2024-02-26;161.02999877929688;161.1699981689453;160.07000732421875;160.22000122070312;4531900;149.92897033691406
2024-02-27;159.41000366210938;159.8000030517578;158.9600067138672;159.3000030517578;3868200;149.06805419921875
2024-02-28;159.07000732421875;160.1199951171875;158.63999938964844;160.0500030517578;3802900;149.76991271972656
2024-02-29;159.92999267578125;160.11000061035156;158.17999267578125;158.94000244140625;8348100;148.731201171875
2024-03-01;158.0500030517578;159.02999877929688;157.61000061035156;158.85000610351562;4819800;148.64698791503906
2024-03-04;157.74000549316406;159.75999450683594;157.6699981689453;159.55999755859375;3841600;149.3113555908203
2024-03-05;159.4600067138672;159.99000549316406;158.77999877929688;159.32000732421875;4481600;149.08680725097656
2024-03-06;159.67999267578125;159.99000549316406;158.91000366210938;159.57000732421875;5405700;149.3207550048828
2024-03-07;159.9499969482422;160.91000366210938;159.47000122070312;160.6199951171875;4783900;150.3032684326172
2024-03-08;159.85000610351562;161.25;158.2899932861328;160.35000610351562;5080200;150.05064392089844
2024-03-11;161.33999633789062;162.6199951171875;160.82000732421875;161.5500030517578;5170900;151.17355346679688
2024-03-12;161.82000732421875;162.52000427246094;161.22999572753906;161.92999267578125;4229100;151.5291290283203
2024-03-13;162.3800048828125;162.72999572753906;161.3300018310547;162.3000030517578;5410500;151.87539672851562
2024-03-14;162.24000549316406;162.6199951171875;161.1300048828125;161.5;5848100;151.1267547607422
2024-03-15;160.6999969482422;161.5;160.3000030517578;161.3800048828125;10956900;151.0144805908203
2024-03-18;161.47999572753906;162.72000122070312;161.0;161.2100067138672;6086300;150.85540771484375
2024-03-19;161.8000030517578;162.1699981689453;161.1699981689453;161.8300018310547;6148100;151.43557739257812
2024-03-20;162.00999450683594;162.39999389648438;161.47000122070312;161.99000549316406;4870300;151.5852813720703
2024-03-21;162.08999633789062;162.4600067138672;161.1199951171875;161.86000061035156;5211500;151.46365356445312
2024-03-22;162.1999969482422;162.41000366210938;161.47000122070312;161.66000366210938;6393200;151.27650451660156
2024-03-25;161.1699981689453;161.66000366210938;159.72999572753906;160.19000244140625;7145600;149.90089416503906
2024-03-26;160.36000061035156;161.13999938964844;160.13999938964844;160.5500030517578;5842700;150.23779296875
2024-03-27;161.36000061035156;162.74000549316406;161.33999633789062;162.61000061035156;6599700;152.16546630859375
2024-03-28;162.82000732421875;163.13999938964844;161.6999969482422;162.25;7191500;151.82858276367188
2024-04-01;161.77999877929688;162.07000732421875;159.8000030517578;160.5800018310547;5971900;150.26585388183594
2024-04-02;159.63999938964844;160.7100067138672;159.63999938964844;160.57000732421875;6771200;150.2565155029297
2024-04-03;160.6300048828125;160.8800048828125;155.67999267578125;156.14999389648438;9601800;146.12039184570312
2024-04-04;156.8800048828125;157.0800018310547;155.41000366210938;155.4499969482422;6801700;145.46539306640625
2024-04-05;155.2899932861328;157.05999755859375;154.69000244140625;156.10000610351562;5121200;146.0736083984375
2024-04-08;155.97000122070312;156.6999969482422;155.6300048828125;156.0399932861328;5476800;146.0174560546875
2024-04-09;156.27000427246094;156.75;155.6999969482422;156.66000366210938;4608100;146.59762573242188
2024-04-10;155.64999389648438;157.5800018310547;155.64999389648438;157.24000549316406;7784900;147.14036560058594
2024-04-11;157.5500030517578;157.60000610351562;155.77000427246094;155.83999633789062;8209800;145.83029174804688
2024-04-12;155.22000122070312;155.97000122070312;154.74000549316406;155.3300018310547;6770500;145.35305786132812
2024-04-15;156.4199981689453;156.82000732421875;155.3300018310547;155.4499969482422;5754000;145.46539306640625
2024-04-16;155.85000610351562;156.94000244140625;155.6699981689453;155.9499969482422;6103300;145.93321228027344
2024-04-17;156.3000030517578;157.1199951171875;155.74000549316406;156.9600067138672;6621900;146.8783721923828
2024-04-18;156.33999633789062;157.6300048828125;155.9600067138672;157.2899932861328;7819300;148.1375732421875
2024-04-19;154.97999572753906;158.17999267578125;153.52000427246094;158.13999938964844;12034200;148.93814086914062
2024-04-22;158.42999267578125;161.2899932861328;157.25;160.5399932861328;8926300;151.19847106933594
2024-04-23;161.67999267578125;162.10000610351562;160.4199981689453;161.5;7707300;152.1025848388672
2024-04-24;161.1999969482422;162.86000061035156;159.4199981689453;162.60000610351562;7217600;153.13858032226562
2024-04-25;162.97000122070312;164.32000732421875;162.0800018310547;162.5500030517578;7094600;153.09149169921875
2024-04-26;162.5;163.32000732421875;160.49000549316406;161.2899932861328;5659800;151.90481567382812
2024-04-29;161.1699981689453;161.7899932861328;160.41000366210938;161.66000366210938;4621000;152.25331115722656
2024-04-30;161.83999633789062;163.35000610351562;161.60000610351562;163.1999969482422;8106100;153.7036590576172
2024-05-01;163.27999877929688;164.24000549316406;162.22000122070312;163.39999389648438;7543000;153.89202880859375
2024-05-02;163.5399932861328;164.49000549316406;162.63999938964844;163.83999633789062;5647500;154.30645751953125
2024-05-03;163.5399932861328;164.7100067138672;162.16000366210938;164.4600067138672;5581500;154.89039611816406
2024-05-06;164.77999877929688;164.97999572753906;163.25999450683594;164.44000244140625;5472400;154.8715362548828
2024-05-07;164.97999572753906;166.0399932861328;164.58999633789062;165.75999450683594;6433000;156.1147003173828
2024-05-08;165.97999572753906;166.3699951171875;164.92999267578125;165.07000732421875;4579400;155.4648895263672
2024-05-09;165.0500030517578;166.3300018310547;165.0500030517578;166.0399932861328;4671100;156.37841796875
2024-05-10;166.08999633789062;167.36000061035156;165.6999969482422;166.85000610351562;4879400;157.1412811279297
2024-05-13;166.85000610351562;167.64999389648438;165.36000061035156;165.8699951171875;5725500;156.21832275390625
2024-05-14;165.52999877929688;166.07000732421875;163.9499969482422;165.75999450683594;6009800;156.1147003173828
2024-05-15;165.30999755859375;166.67999267578125;165.1199951171875;166.50999450683594;5102700;156.82106018066406
2024-05-16;166.92999267578125;168.33999633789062;166.58999633789062;167.86000061035156;6793600;158.09251403808594
2024-05-17;167.6699981689453;168.0;166.8800048828125;167.63999938964844;4700800;157.8853302001953
2024-05-20;167.5500030517578;167.8800048828125;166.7899932861328;167.30999755859375;3804600;157.5745391845703
2024-05-21;167.75999450683594;168.5399932861328;167.2899932861328;168.35000610351562;5147100;158.5540313720703
2024-05-22;168.00999450683594;168.42999267578125;167.6300048828125;167.80999755859375;4536700;158.04544067382812
2024-05-23;167.2899932861328;168.11000061035156;165.32000732421875;165.49000549316406;4729800;155.8604278564453
2024-05-24;165.85000610351562;166.30999755859375;165.14999389648438;165.3300018310547;3820100;155.70974731445312
2024-05-28;164.49000549316406;164.75999450683594;162.25999450683594;163.11000061035156;6466200;153.61892700195312
2024-05-29;162.64999389648438;162.74000549316406;161.4199981689453;161.64999389648438;4360400;152.243896484375
2024-05-30;161.64999389648438;162.6999969482422;161.47999572753906;162.5800018310547;4748200;153.1197509765625
2024-05-31;162.44000244140625;164.77000427246094;161.97000122070312;164.5399932861328;10341400;154.9656982421875
2024-06-03;163.92999267578125;166.24000549316406;163.6300048828125;164.64999389648438;5828400;155.06930541992188
2024-06-04;164.7899932861328;167.1199951171875;164.39999389648438;167.00999450683594;6277000;157.2919921875
2024-06-05;167.00999450683594;167.00999450683594;164.97999572753906;166.0500030517578;5243300;156.38784790039062
2024-06-06;165.8300018310547;168.5800018310547;165.0800018310547;168.47000122070312;6302000;158.6670379638672
2024-06-07;168.39999389648438;168.97000122070312;166.83999633789062;167.05999755859375;4558200;157.33909606933594
2024-06-10;166.77999877929688;167.72000122070312;166.0800018310547;167.35000610351562;4110600;157.61224365234375
2024-06-11;166.97000122070312;167.5;166.02000427246094;167.47999572753906;3947700;157.734619140625
2024-06-12;167.5;167.63999938964844;164.22000122070312;165.17999267578125;5474500;155.56846618652344
2024-06-13;164.47000122070312;167.0;164.47000122070312;166.41000366210938;4902200;156.72689819335938
2024-06-14;165.99000549316406;166.92999267578125;165.25;166.7899932861328;3695000;157.08477783203125
2024-06-17;165.85000610351562;168.7100067138672;165.39999389648438;167.5;6759400;157.75347900390625
2024-06-18;167.02999877929688;168.64999389648438;166.94000244140625;168.55999755859375;5112600;158.75180053710938
2024-06-20;168.3699951171875;168.77999877929688;166.86000061035156;167.6699981689453;8483600;157.91358947753906
2024-06-21;167.47999572753906;168.8800048828125;167.17999267578125;168.25999450683594;14682000;158.46923828125
2024-06-24;168.75999450683594;169.41000366210938;167.47999572753906;168.4499969482422;7565200;158.648193359375
2024-06-25;168.6300048828125;168.91000366210938;165.89999389648438;166.85000610351562;7968200;157.1412811279297
2024-06-26;166.0500030517578;167.80999755859375;165.66000366210938;167.4499969482422;5164000;157.7063751220703
2024-06-27;167.49000549316406;168.10000610351562;165.5;166.6199951171875;5007000;156.92469787597656
2024-06-28;166.0;167.24000549316406;164.5800018310547;164.9199981689453;9253100;155.32359313964844
2024-07-01;165.58999633789062;166.2100067138672;162.1999969482422;162.72000122070312;7638600;153.25161743164062
2024-07-02;162.5800018310547;164.0399932861328;161.7100067138672;163.89999389648438;5449200;154.3629608154297
2024-07-03;163.2100067138672;164.2100067138672;162.97999572753906;163.8300018310547;2980500;154.2969970703125
2024-07-05;164.00999450683594;165.6300048828125;163.5;165.2100067138672;6509200;155.5967559814453
2024-07-08;165.9499969482422;166.6699981689453;165.6199951171875;166.52000427246094;5144500;156.8305206298828
2024-07-09;166.6300048828125;166.75999450683594;165.13999938964844;165.66000366210938;4393100;156.0205535888672
2024-07-10;165.89999389648438;166.9199981689453;165.5399932861328;166.8000030517578;5037100;157.09420776367188
2024-07-11;166.3000030517578;166.6300048828125;164.77999877929688;165.5399932861328;5831500;155.90753173828125
2024-07-12;166.22000122070312;167.63999938964844;166.02000427246094;166.61000061035156;4684600;156.91526794433594
2024-07-15;166.47000122070312;166.6199951171875;164.4600067138672;164.5800018310547;5752500;155.00338745117188
2024-07-16;164.91000366210938;167.07000732421875;164.61000061035156;166.9499969482422;6378300;157.2354736328125
2024-07-17;167.75;170.1699981689453;167.3300018310547;169.44000244140625;7982300;159.58059692382812
2024-07-18;168.8000030517578;170.9199981689453;168.27999877929688;168.44000244140625;5926300;158.63877868652344
2024-07-19;167.97000122070312;169.0399932861328;167.1300048828125;167.9600067138672;6597100;159.13809204101562
2024-07-22;167.92999267578125;168.6999969482422;167.6999969482422;168.25;6383000;159.41287231445312
2024-07-23;168.11000061035156;168.4199981689453;166.32000732421875;166.6199951171875;4863400;157.8684844970703
2024-07-24;166.32000732421875;168.27999877929688;165.5800018310547;168.0;5907000;159.17599487304688
2024-07-25;168.32000732421875;170.08999633789062;166.8699951171875;166.89999389648438;7338300;158.13377380371094
2024-07-26;167.25;169.32000732421875;167.02999877929688;169.11000061035156;5581600;160.22767639160156
2024-07-29;168.85000610351562;170.5399932861328;168.11000061035156;169.92999267578125;6797800;161.00462341308594
2024-07-30;161.7899932861328;162.3800048828125;158.0399932861328;161.6999969482422;15746300;153.2069091796875
2024-07-31;160.80999755859375;162.86000061035156;159.2100067138672;160.75999450683594;9660900;152.31626892089844
2024-08-01;160.8800048828125;166.30999755859375;160.67999267578125;165.69000244140625;12532700;156.98733520507812
2024-08-02;167.44000244140625;170.35000610351562;165.14999389648438;170.0800018310547;11899000;161.146728515625
2024-08-05;170.8800048828125;170.8800048828125;166.6699981689453;168.05999755859375;10338800;159.2328338623047
2024-08-06;167.89999389648438;170.3300018310547;167.85000610351562;168.08999633789062;7454900;159.26126098632812
2024-08-07;168.57000732421875;171.72000122070312;168.00999450683594;170.02000427246094;8385500;161.0898895263672
2024-08-08;169.4199981689453;171.55999755859375;169.0;170.8699951171875;6386900;161.89524841308594
2024-08-09;170.1199951171875;171.25999450683594;169.64999389648438;170.5399932861328;5377300;161.5825958251953
2024-08-12;169.39999389648438;169.64999389648438;166.1999969482422;166.80999755859375;7208100;158.04849243164062
2024-08-13;167.33999633789062;167.8000030517578;166.4600067138672;167.2899932861328;3770000;158.50328063964844
2024-08-14;166.5;169.47000122070312;165.82000732421875;168.8000030517578;5476600;159.93397521972656
2024-08-15;169.4600067138672;169.67999267578125;166.75;167.9199981689453;9491400;159.10018920898438
2024-08-16;167.82000732421875;168.35000610351562;166.8000030517578;167.88999938964844;5640800;159.07177734375
2024-08-19;168.17999267578125;169.24000549316406;168.1699981689453;168.4199981689453;3885300;159.57395935058594
2024-08-20;168.77000427246094;170.55999755859375;168.11000061035156;170.41000366210938;4513600;161.4594268798828
2024-08-21;170.19000244140625;171.88999938964844;169.60000610351562;170.16000366210938;4082000;161.22254943847656
2024-08-22;170.8800048828125;171.24000549316406;169.13999938964844;170.14999389648438;4097300;161.21307373046875
2024-08-23;170.0500030517578;170.11000061035156;168.25;169.1699981689453;4771300;160.28453063964844
2024-08-26;168.6999969482422;170.97000122070312;168.6999969482422;170.35000610351562;6472400;161.40257263183594
2024-08-27;170.8300018310547;171.10000610351562;169.0800018310547;169.25;4456400;160.3603515625
2024-08-28;169.4199981689453;171.1999969482422;168.5800018310547;169.05999755859375;5644800;160.1803436279297
2024-08-29;169.75;170.60000610351562;168.94000244140625;170.02999877929688;4413200;161.09938049316406
2024-08-30;170.16000366210938;171.8800048828125;169.69000244140625;171.5399932861328;7301600;162.53004455566406
2024-09-03;171.02999877929688;175.0;170.99000549316406;174.52000427246094;10101400;165.35354614257812
2024-09-04;173.6300048828125;176.0;173.6300048828125;175.89999389648438;7517500;166.66107177734375
2024-09-05;175.99000549316406;176.5500030517578;174.6699981689453;175.47000122070312;6061900;166.25363159179688
2024-09-06;175.75999450683594;177.0399932861328;175.33999633789062;175.58999633789062;5785700;166.3673553466797
2024-09-09;175.5399932861328;176.83999633789062;174.66000366210938;176.05999755859375;6450200;166.81265258789062
2024-09-10;175.91000366210938;177.94000244140625;175.91000366210938;177.7899932861328;6396300;168.4517822265625
2024-09-11;176.60000610351562;177.0;173.6300048828125;173.9199981689453;6828200;164.7850341796875
2024-09-12;173.89999389648438;174.61000061035156;172.44000244140625;173.47000122070312;4838900;164.35870361328125
2024-09-13;173.3699951171875;174.5399932861328;172.8000030517578;174.0800018310547;3918000;164.93667602539062
2024-09-16;174.7100067138672;177.30999755859375;174.32000732421875;177.24000549316406;6892300;167.93069458007812
2024-09-17;176.6300048828125;176.97000122070312;175.36000061035156;175.8800048828125;4757100;166.64212036132812
2024-09-18;175.0500030517578;175.89999389648438;172.57000732421875;173.9199981689453;5102900;164.7850341796875
2024-09-19;172.8800048828125;173.16000366210938;170.3800048828125;171.5399932861328;8692000;162.53004455566406
2024-09-20;171.50999450683594;174.5399932861328;171.5;174.22000122070312;28647500;165.0692901611328
2024-09-23;174.00999450683594;175.19000244140625;172.58999633789062;173.77000427246094;10265000;164.6429443359375
2024-09-24;172.8800048828125;174.5;172.6199951171875;173.24000549316406;5422400;164.14077758789062
2024-09-25;174.07000732421875;174.67999267578125;172.05999755859375;172.25999450683594;8916500;163.2122344970703
2024-09-26;171.5;174.61000061035156;171.36000061035156;173.2100067138672;4957200;164.1123504638672
2024-09-27;173.00999450683594;174.4499969482422;172.5800018310547;173.5500030517578;4599500;164.43447875976562
2024-09-30;173.72999572753906;174.0;172.7100067138672;173.1999969482422;6296600;164.10289001464844
2024-10-01;173.24000549316406;174.0;172.1999969482422;173.0399932861328;7130600;163.95127868652344
2024-10-02;172.00999450683594;172.4499969482422;171.0800018310547;171.9199981689453;6212700;162.89012145996094
2024-10-03;171.3699951171875;171.3699951171875;169.77000427246094;170.1199951171875;4794300;161.18463134765625
2024-10-04;168.85000610351562;170.08999633789062;168.25999450683594;168.8800048828125;6002800;160.00978088378906
2024-10-07;169.16000366210938;169.5800018310547;166.8699951171875;167.1199951171875;6325300;158.34219360351562
2024-10-08;166.85000610351562;168.58999633789062;166.27000427246094;168.16000366210938;7473000;159.32760620117188
2024-10-09;168.3800048828125;169.80999755859375;168.0;169.27000427246094;8758800;160.37930297851562
2024-10-10;168.8000030517578;169.7899932861328;168.3699951171875;168.9499969482422;6932300;160.0760955810547
2024-10-11;169.4600067138672;171.41000366210938;168.97000122070312;171.08999633789062;7036500;162.1036834716797
2024-10-14;171.02000427246094;172.83999633789062;170.74000549316406;172.50999450683594;5909000;163.4490966796875
2024-10-15;172.88999938964844;174.91000366210938;172.82000732421875;173.57000732421875;7172200;164.45346069335938
2024-10-16;171.8800048828125;172.58999633789062;170.88999938964844;172.3800048828125;6117000;163.32594299316406
2024-10-17;172.17999267578125;173.67999267578125;171.75999450683594;172.27999877929688;7045600;163.23117065429688
2024-10-18;170.3000030517578;172.2100067138672;168.4600067138672;171.27999877929688;8372500;163.2378692626953
2024-10-21;170.97999572753906;171.47999572753906;168.4499969482422;169.5399932861328;5522500;161.57955932617188
2024-10-22;168.57000732421875;170.72999572753906;168.57000732421875;169.6999969482422;7511400;161.73204040527344
2024-10-23;169.5500030517578;170.1699981689453;168.72999572753906;169.5800018310547;4837800;161.61767578125
2024-10-24;169.4199981689453;169.9600067138672;168.92999267578125;169.6199951171875;5861200;161.65579223632812
2024-10-25;168.9199981689453;169.39999389648438;168.0399932861328;168.22000122070312;4877900;160.32154846191406
2024-10-28;169.27999877929688;169.66000366210938;168.3800048828125;169.3000030517578;5753800;161.35084533691406
2024-10-29;168.86000061035156;168.86000061035156;166.8300018310547;167.1699981689453;5681000;159.32086181640625
2024-10-30;167.08999633789062;167.32000732421875;165.9600067138672;166.16000366210938;5518100;158.3582763671875
2024-10-31;165.75999450683594;167.0399932861328;165.08999633789062;165.17999267578125;6056500;157.4242706298828
2024-11-01;165.30999755859375;166.35000610351562;164.99000549316406;165.10000610351562;5454800;157.34805297851562
2024-11-04;165.72000122070312;166.27000427246094;164.5800018310547;165.0800018310547;5130200;157.3289794921875
2024-11-05;164.3300018310547;166.32000732421875;164.3300018310547;165.75999450683594;4397400;157.97703552246094
2024-11-06;165.61000061035156;166.0399932861328;159.80999755859375;161.0500030517578;11473700;153.4882049560547
2024-11-07;161.9600067138672;163.9499969482422;161.47999572753906;163.41000366210938;9056700;155.73739624023438
2024-11-08;164.02000427246094;167.75;163.92999267578125;167.7100067138672;7506200;159.8354949951172
2024-11-11;167.0;168.52000427246094;165.77999877929688;166.02999877929688;6364400;158.234375
2024-11-12;166.13999938964844;167.05999755859375;165.57000732421875;165.83999633789062;6507500;158.05328369140625
2024-11-13;166.05999755859375;166.8000030517578;165.67999267578125;166.5800018310547;5412300;158.758544921875
2024-11-14;166.7100067138672;168.0399932861328;166.50999450683594;167.0800018310547;7444300;159.23507690429688
2024-11-15;167.94000244140625;170.57000732421875;166.8800048828125;169.5399932861328;9939400;161.57955932617188
2024-11-18;169.11000061035156;171.4499969482422;168.8300018310547;170.75;6681000;162.73275756835938
2024-11-19;170.69000244140625;171.1699981689453;169.66000366210938;170.75999450683594;5683700;162.74227905273438
2024-11-20;170.00999450683594;171.07000732421875;169.50999450683594;170.88999938964844;7081100;162.86618041992188
2024-11-21;171.66000366210938;173.50999450683594;170.22000122070312;172.75;6240400;164.63885498046875
2024-11-22;174.14999389648438;177.39999389648438;173.8800048828125;176.27999877929688;10609800;168.00311279296875
2024-11-25;177.47999572753906;178.82000732421875;176.89999389648438;177.38999938964844;19357000;169.06097412109375
2024-11-26;177.1999969482422;179.4600067138672;177.1999969482422;179.30999755859375;6276700;170.8908233642578
2024-11-27;180.0;180.42999267578125;178.72999572753906;179.36000061035156;5522900;170.9384765625
2024-11-29;178.6999969482422;179.6300048828125;178.27999877929688;179.25999450683594;3823700;170.8431854248047
2024-12-02;179.1199951171875;180.16000366210938;178.00999450683594;179.6999969482422;5728200;171.2625274658203
2024-12-03;178.77000427246094;179.6199951171875;175.1999969482422;175.4199981689453;8127300;167.18345642089844
2024-12-04;174.1699981689453;175.14999389648438;173.4600067138672;175.11000061035156;6823500;166.88803100585938
2024-12-05;174.86000061035156;176.4600067138672;174.4499969482422;176.02999877929688;5022200;167.7648468017578
2024-12-06;175.3699951171875;176.74000549316406;173.75;173.82000732421875;5741200;165.6586151123047
2024-12-09;173.63999938964844;173.75999450683594;170.42999267578125;170.7899932861328;7164300;162.77085876464844
2024-12-10;170.4199981689453;172.92999267578125;169.92999267578125;172.27999877929688;6219900;164.19091796875
2024-12-11;173.00999450683594;173.38999938964844;170.39999389648438;170.6300048828125;5237500;162.61839294433594
2024-12-12;171.42999267578125;171.82000732421875;170.02000427246094;170.85000610351562;4072800;162.82806396484375
2024-12-13;170.77000427246094;171.7899932861328;170.1199951171875;171.05999755859375;3884500;163.0281982421875
2024-12-16;171.4499969482422;172.77999877929688;171.10000610351562;171.13999938964844;5943600;163.1044158935547
2024-12-17;170.6699981689453;171.9499969482422;170.02000427246094;170.3300018310547;6069200;162.3324737548828
2024-12-18;169.75999450683594;170.55999755859375;169.02000427246094;169.0800018310547;7517100;161.1411895751953
2024-12-19;169.00999450683594;170.10000610351562;167.35000610351562;169.19000244140625;8585200;161.24600219726562
2024-12-20;168.8699951171875;169.8699951171875;167.5;168.05999755859375;21999300;160.16903686523438
2024-12-23;168.05999755859375;168.67999267578125;166.36000061035156;168.11000061035156;6983900;160.21670532226562
2024-12-24;167.6199951171875;169.17999267578125;167.4199981689453;168.94000244140625;2460800;161.0077362060547
2024-12-26;168.30999755859375;170.3000030517578;168.07000732421875;170.16000366210938;3629400;162.1704559326172
2024-12-27;169.4199981689453;170.75999450683594;169.25999450683594;169.52999877929688;4367900;161.57003784179688
2024-12-30;168.6699981689453;168.97999572753906;166.7100067138672;167.08999633789062;4354500;159.24461364746094
2024-12-31;167.36000061035156;168.0800018310547;166.58999633789062;167.64999389648438;3957600;159.77830505371094
2025-01-02;168.08999633789062;168.7100067138672;165.91000366210938;165.97999572753906;5401700;158.18670654296875
2025-01-03;166.25;166.5;164.25;165.1300048828125;5256600;157.3766326904297
2025-01-06;162.80999755859375;163.5;160.44000244140625;160.60000610351562;8731700;153.059326171875
2025-01-07;161.4600067138672;162.61000061035156;160.74000549316406;161.3000030517578;8447400;153.72647094726562
2025-01-08;160.99000549316406;162.39999389648438;160.57000732421875;162.10000610351562;4974800;154.48890686035156
2025-01-10;160.14999389648438;161.2100067138672;157.47000122070312;158.55999755859375;8501500;151.1151123046875
2025-01-13;159.35000610351562;160.08999633789062;158.41000366210938;158.83999633789062;6772200;151.3819580078125
2025-01-14;158.85000610351562;160.07000732421875;158.30999755859375;159.74000549316406;5982200;152.23971557617188
2025-01-15;160.58999633789062;161.14999389648438;159.33999633789062;159.64999389648438;8059200;152.1539306640625
2025-01-16;159.6199951171875;160.5800018310547;159.13999938964844;160.5;5774400;152.9640350341797
2025-01-17;159.74000549316406;161.75;159.60000610351562;161.1300048828125;7262700;153.56443786621094
2025-01-21;160.9600067138672;162.35000610351562;160.9600067138672;161.72000122070312;13914700;154.12673950195312
2025-01-22;167.10000610351562;168.13999938964844;164.44000244140625;164.74000549316406;14356700;157.00494384765625
2025-01-23;163.8800048828125;166.47999572753906;163.32000732421875;166.14999389648438;7614300;158.34872436523438
2025-01-24;165.91000366210938;165.91000366210938;163.1999969482422;164.1199951171875;6199800;157.36782836914062
2025-01-27;166.72000122070312;169.94000244140625;166.11000061035156;169.66000366210938;9170800;162.67990112304688
2025-01-28;168.91000366210938;169.58999633789062;166.11000061035156;166.19000244140625;6716300;159.35267639160156
2025-01-29;166.72000122070312;167.2899932861328;165.8800048828125;166.22999572753906;4850300;159.39102172851562
2025-01-30;167.47999572753906;167.60000610351562;165.92999267578125;167.41000366210938;4136500;160.5224609375
2025-01-31;166.0;166.6199951171875;165.2100067138672;165.99000549316406;5464700;159.160888671875
2025-02-03;165.47000122070312;169.3800048828125;165.22999572753906;168.75999450683594;8668600;161.81689453125
2025-02-04;169.2899932861328;169.2899932861328;166.27999877929688;168.1300048828125;6410900;161.21282958984375
2025-02-05;168.08999633789062;169.13999938964844;166.61000061035156;169.00999450683594;7536800;162.05662536621094
2025-02-06;169.3699951171875;169.92999267578125;168.02999877929688;168.8800048828125;4957900;161.93199157714844
2025-02-07;169.08999633789062;169.1199951171875;167.8699951171875;167.97000122070312;4535600;161.05941772460938
2025-02-10;167.69000244140625;168.47999572753906;166.39999389648438;167.52999877929688;7062900;160.6375274658203
2025-02-11;167.69000244140625;169.57000732421875;166.5;169.42999267578125;5438100;162.4593505859375
2025-02-12;168.35000610351562;170.0800018310547;167.97000122070312;169.5800018310547;6037400;162.60316467285156
2025-02-13;169.6300048828125;171.3800048828125;169.13999938964844;171.02000427246094;6328300;163.98394775390625
2025-02-14;169.7899932861328;170.0;162.3000030517578;162.88999938964844;13179500;156.1884002685547
2025-02-18;163.35000610351562;165.75999450683594;162.1999969482422;165.42999267578125;7075300;158.6239013671875
2025-02-19;166.10000610351562;166.8699951171875;165.24000549316406;166.49000549316406;7910700;159.64031982421875
2025-02-20;163.14999389648438;167.77999877929688;162.8000030517578;167.2100067138672;6162600;160.33070373535156
2025-02-21;167.44000244140625;170.5500030517578;165.9199981689453;170.22999572753906;9813700;163.2264404296875
2025-02-24;170.22000122070312;172.97999572753906;169.7899932861328;170.5399932861328;8564100;163.523681640625
2025-02-25;171.27999877929688;173.9499969482422;170.8000030517578;172.64999389648438;7314900;165.546875
2025-02-26;172.27999877929688;172.64999389648438;170.64999389648438;171.3000030517578;5519000;164.25241088867188
2025-02-27;170.85000610351562;173.08999633789062;170.6300048828125;171.97000122070312;5467000;164.8948516845703
2025-02-28;173.5800018310547;174.64999389648438;171.85000610351562;173.83999633789062;10240100;166.68792724609375
2025-03-03;173.5800018310547;176.2899932861328;173.50999450683594;175.58999633789062;7615300;168.3659210205078
2025-03-04;176.75;179.99000549316406;172.91000366210938;173.17999267578125;12117600;166.05506896972656
2025-03-05;173.3800048828125;175.8699951171875;173.02000427246094;174.61000061035156;6989100;167.4262237548828
2025-03-06;174.88999938964844;175.83999633789062;172.83999633789062;174.66000366210938;6702500;167.4741973876953
2025-03-07;174.08999633789062;178.88999938964844;174.0500030517578;175.9499969482422;9566700;168.7111053466797
2025-03-10;176.75999450683594;179.99000549316406;175.8300018310547;176.25999450683594;11047000;169.00836181640625
2025-03-11;175.8300018310547;175.99000549316406;172.32000732421875;173.1199951171875;11032300;165.99752807617188
2025-03-12;169.6999969482422;171.8300018310547;167.77000427246094;168.3699951171875;10158800;161.44296264648438
2025-03-13;167.6999969482422;169.2899932861328;167.27999877929688;168.58999633789062;6609000;161.65390014648438
2025-03-14;167.7899932861328;168.58999633789062;166.6199951171875;167.97000122070312;6790500;161.05941772460938
2025-03-17;168.3699951171875;171.08999633789062;168.1300048828125;169.75999450683594;9931700;162.77577209472656
2025-03-18;170.07000732421875;170.25999450683594;167.5800018310547;167.7100067138672;6099900;160.8101348876953
2025-03-19;167.8699951171875;168.75;167.11000061035156;168.57000732421875;7569200;161.634765625
2025-03-20;168.88999938964844;169.2100067138672;166.02999877929688;167.5500030517578;8789200;160.65670776367188
2025-03-21;167.13999938964844;168.13999938964844;164.1199951171875;166.69000244140625;16027300;159.8321075439453
2025-03-24;166.42999267578125;166.8699951171875;165.36000061035156;165.64999389648438;6102100;158.83486938476562
2025-03-25;165.3000030517578;165.3699951171875;162.1999969482422;162.85000610351562;8366700;156.15008544921875
2025-03-26;163.35000610351562;166.82000732421875;162.99000549316406;166.5800018310547;7756000;159.7266082763672
2025-03-27;167.8699951171875;169.02999877929688;166.6199951171875;168.7100067138672;6211700;161.7689971923828
2025-03-28;169.3800048828125;169.7100067138672;167.6199951171875;168.02999877929688;5479100;161.11695861816406
2025-03-31;168.10000610351562;171.13999938964844;168.10000610351562;170.4199981689453;11520100;163.4086151123047
2025-04-01;170.57000732421875;171.0500030517578;169.05999755859375;170.55999755859375;7021100;163.54286193847656
2025-04-02;170.07000732421875;170.8800048828125;168.30999755859375;169.5;6274500;162.52647399902344
2025-04-03;174.22999572753906;174.8000030517578;170.72999572753906;172.38999938964844;9393300;165.29757690429688
2025-04-04;171.77000427246094;173.60000610351562;163.47000122070312;163.75;13454200;157.01304626464844
2025-04-07;163.66000366210938;164.6999969482422;159.19000244140625;160.22999572753906;15708000;153.63784790039062
2025-04-08;162.30999755859375;163.27999877929688;156.7100067138672;158.38999938964844;11541100;151.87355041503906
2025-04-09;157.36000061035156;164.67999267578125;156.69000244140625;162.32000732421875;10670200;155.6418914794922
2025-04-10;162.89999389648438;165.07000732421875;160.75;163.55999755859375;10581600;156.8308563232422
2025-04-11;163.3699951171875;168.02000427246094;162.6199951171875;166.91000366210938;8602800;160.0430450439453
2025-04-14;167.0399932861328;170.11000061035156;165.77999877929688;169.1300048828125;9877300;162.1717071533203
2025-04-15;169.13999938964844;170.16000366210938;168.27999877929688;168.47000122070312;8765000;161.53884887695312
2025-04-16;169.2899932861328;169.67999267578125;165.7899932861328;166.38999938964844;5897500;159.54444885253906
2025-04-17;167.52999877929688;171.64999389648438;167.35000610351562;170.6300048828125;7227100;163.6099853515625
2025-04-21;169.88999938964844;169.9499969482422;164.27999877929688;165.75;8062400;159.92141723632812
2025-04-22;165.86000061035156;168.77000427246094;164.5399932861328;167.8800048828125;7907400;161.97653198242188
2025-04-23;166.39999389648438;166.61000061035156;163.11000061035156;165.72999572753906;9309200;159.90211486816406
2025-04-24;160.5;160.9600067138672;156.5800018310547;159.52999877929688;20077700;153.92015075683594
2025-04-25;159.8800048828125;161.8000030517578;157.77000427246094;161.02000427246094;12892800;155.35775756835938
2025-04-28;161.0399932861328;162.55999755859375;160.38999938964844;161.85000610351562;8127000;156.1585693359375
2025-04-29;161.2899932861328;162.38999938964844;159.1999969482422;162.25999450683594;8266200;156.5541534423828
2025-04-30;162.4499969482422;163.16000366210938;159.9499969482422;162.57000732421875;12475500;156.85325622558594
2025-05-01;160.66000366210938;161.35000610351562;159.0500030517578;159.97999572753906;6792800;154.3543243408203
2025-05-02;160.92999267578125;161.80999755859375;159.89999389648438;160.52000427246094;5750200;154.8753204345703
2025-05-05;160.88999938964844;160.91000366210938;158.02000427246094;158.8300018310547;7576200;153.24478149414062
2025-05-06;158.0399932861328;159.7100067138672;157.64999389648438;159.25;7703800;153.64999389648438
2025-05-07;159.02000427246094;160.0500030517578;158.5399932861328;159.2899932861328;6430000;153.68858337402344
2025-05-08;158.3800048828125;160.0;158.00999450683594;158.64999389648438;7230800;153.07110595703125
2025-05-09;158.02000427246094;159.1300048828125;157.41000366210938;157.66000366210938;6453200;152.11590576171875
2025-05-12;157.42999267578125;161.0500030517578;156.69000244140625;160.89999389648438;7378400;155.24197387695312
2025-05-13;160.02000427246094;160.72000122070312;157.36000061035156;158.72999572753906;7780800;153.14828491210938
2025-05-14;158.1199951171875;159.16000366210938;157.57000732421875;158.02000427246094;5988900;152.46327209472656
2025-05-15;159.58999633789062;162.91000366210938;158.6999969482422;162.41000366210938;8727300;156.69888305664062
2025-05-16;162.64999389648438;163.42999267578125;161.85000610351562;163.27999877929688;7100800;157.53826904296875
2025-05-19;163.47000122070312;165.14999389648438;163.41000366210938;164.77000427246094;8119900;158.97589111328125
2025-05-20;164.61000061035156;166.0;164.60000610351562;165.63999938964844;5576600;159.81529235839844
2025-05-21;164.82000732421875;166.3699951171875;164.6199951171875;165.42999267578125;6424200;159.61268615722656
2025-05-22;164.44000244140625;166.1999969482422;164.02000427246094;165.02999877929688;6245600;159.22674560546875
2025-05-23;164.8300018310547;166.22000122070312;163.47999572753906;165.86000061035156;5349800;160.02755737304688
2025-05-27;165.27000427246094;167.97999572753906;165.27000427246094;167.75999450683594;11423800;161.86074829101562
2025-05-28;167.64999389648438;168.83999633789062;167.05999755859375;167.36000061035156;5385900;161.47482299804688
2025-05-29;166.74000549316406;168.99000549316406;166.44000244140625;168.55999755859375;4842500;162.6326141357422
2025-05-30;168.75;170.99000549316406;168.60000610351562;169.88999938964844;12587500;163.91586303710938
2025-06-02;169.02000427246094;169.0399932861328;166.22999572753906;167.77999877929688;7574400;161.88003540039062
2025-06-03;166.77999877929688;167.41000366210938;165.89999389648438;166.85000610351562;6223000;160.98275756835938
2025-06-04;166.69000244140625;168.0500030517578;165.9199981689453;165.9499969482422;4939000;160.11439514160156
2025-06-05;165.42999267578125;165.44000244140625;162.50999450683594;162.8000030517578;10351800;157.07518005371094
2025-06-06;163.2899932861328;165.24000549316406;163.27999877929688;164.02000427246094;5697700;158.2522735595703
2025-06-09;163.38999938964844;164.02000427246094;162.07000732421875;162.55999755859375;6544200;156.84359741210938
2025-06-10;162.69000244140625;163.50999450683594;161.9199981689453;162.83999633789062;7680000;157.11376953125
2025-06-11;162.6300048828125;162.77000427246094;161.69000244140625;162.11000061035156;5960100;156.40943908691406
2025-06-12;161.97000122070312;163.30999755859375;161.67999267578125;163.17999267578125;6509900;157.44180297851562
2025-06-13;162.75999450683594;163.02999877929688;159.91000366210938;160.27999877929688;7104500;154.64378356933594
2025-06-16;160.8800048828125;161.9499969482422;160.00999450683594;160.8800048828125;6332000;155.22268676757812
2025-06-17;160.05999755859375;160.3699951171875;158.30999755859375;158.52000427246094;6809700;152.9456787109375
2025-06-18;158.5500030517578;158.64999389648438;157.66000366210938;158.02000427246094;7211200;152.46327209472656
2025-06-20;158.02999877929688;159.33999633789062;157.85000610351562;159.0800018310547;16173400;153.48599243164062
2025-06-23;159.07000732421875;161.19000244140625;159.0;161.02999877929688;6588200;155.36740112304688
2025-06-24;161.17999267578125;161.74000549316406;159.64999389648438;160.36000061035156;7470100;154.72096252441406
2025-06-25;159.82000732421875;160.33999633789062;158.7100067138672;158.97000122070312;5933700;153.37985229492188
2025-06-26;159.5500030517578;159.55999755859375;157.1699981689453;158.6300048828125;7410400;153.05181884765625
2025-06-27;158.67999267578125;160.1300048828125;158.2899932861328;159.86000061035156;19257000;154.23855590820312
2025-06-30;159.25999450683594;159.89999389648438;158.1300048828125;159.32000732421875;11238200;153.71754455566406
2025-07-01;159.8800048828125;162.52999877929688;159.3800048828125;161.22000122070312;10664900;155.55072021484375
2025-07-02;161.13999938964844;161.35000610351562;159.86000061035156;161.1999969482422;8848700;155.53143310546875
2025-07-03;161.7899932861328;162.02000427246094;159.7899932861328;160.8300018310547;6999600;155.17442321777344
2025-07-07;160.88999938964844;161.17999267578125;159.2899932861328;160.5;7225700;154.85604858398438
2025-07-08;159.52000427246094;159.77999877929688;157.44000244140625;157.88999938964844;12034800;152.3378143310547
2025-07-09;158.10000610351562;158.1999969482422;155.9499969482422;157.52000427246094;18770900;151.98085021972656
2025-07-10;157.75999450683594;159.61000061035156;157.0399932861328;158.49000549316406;7200500;152.91673278808594
2025-07-11;158.0500030517578;158.0500030517578;156.44000244140625;157.0500030517578;8053800;151.52735900878906
2025-07-14;155.5800018310547;155.8000030517578;152.86000061035156;153.75999450683594;11491700;148.35305786132812
2025-07-15;153.55999755859375;154.0500030517578;151.89999389648438;152.67999267578125;9142600;147.31101989746094
2025-07-16;152.74000549316406;153.75999450683594;152.27000427246094;153.72999572753906;8479000;148.32411193847656
2025-07-17;154.0399932861328;155.75;153.8800048828125;155.6199951171875;8320000;150.1476287841797
2025-07-18;153.77999877929688;155.57000732421875;153.6300048828125;155.10000610351562;7337300;150.66929626464844
2025-07-21;155.07000732421875;155.94000244140625;154.88999938964844;155.02999877929688;6328400;150.60130310058594
2025-07-22;154.9199981689453;158.3699951171875;154.89999389648438;158.32000732421875;8187000;153.79733276367188
2025-07-23;158.22000122070312;158.8800048828125;157.67999267578125;158.27999877929688;4804800;153.7584686279297
2025-07-24;158.8699951171875;159.02000427246094;158.0500030517578;158.80999755859375;7027400;154.2733154296875
2025-07-25;157.33999633789062;158.44000244140625;157.02000427246094;158.3000030517578;5799900;153.77789306640625
2025-07-28;157.6300048828125;158.08999633789062;156.22999572753906;157.11000061035156;7885000;152.62188720703125
2025-07-29;158.64999389648438;158.64999389648438;154.83999633789062;156.61000061035156;11466100;152.13616943359375
2025-07-30;157.0;157.0;152.0500030517578;152.8800048828125;8162900;148.51272583007812
2025-07-31;151.8000030517578;152.0;149.91000366210938;150.47000122070312;11845400;146.17156982421875
2025-08-01;151.77999877929688;153.49000549316406;150.52000427246094;150.64999389648438;8594200;146.34642028808594
2025-08-04;150.25;151.4600067138672;150.02000427246094;150.75999450683594;7679400;146.45327758789062
2025-08-05;150.7100067138672;152.0800018310547;150.32000732421875;150.50999450683594;6670100;146.21041870117188
2025-08-06;150.86000061035156;153.47999572753906;150.2100067138672;152.86000061035156;7376200;148.49330139160156
2025-08-07;153.1199951171875;154.00999450683594;152.6999969482422;153.49000549316406;6719000;149.10531616210938
2025-08-08;152.77000427246094;153.7899932861328;152.57000732421875;153.50999450683594;5811000;149.12472534179688
2025-08-11;153.5399932861328;155.38999938964844;153.30999755859375;154.97999572753906;7331700;150.552734375
2025-08-12;155.05999755859375;155.5399932861328;154.30999755859375;155.08999633789062;6938000;150.6595916748047
2025-08-13;155.2100067138672;157.00999450683594;154.9499969482422;155.41000366210938;5812400;150.970458984375
2025-08-14;154.63999938964844;154.6999969482422;153.27000427246094;153.74000549316406;6343700;149.34815979003906
2025-08-15;154.47000122070312;155.60000610351562;154.2100067138672;154.36000061035156;7121700;149.95045471191406
2025-08-18;154.4199981689453;156.9199981689453;154.1699981689453;155.72000122070312;8274500;151.27159118652344
2025-08-19;155.72999572753906;158.6999969482422;155.6699981689453;158.39999389648438;7868100;153.87503051757812
2025-08-20;158.5800018310547;161.02999877929688;158.41000366210938;159.50999450683594;7840400;154.9533233642578
2025-08-21;157.92999267578125;159.05999755859375;157.17999267578125;158.72999572753906;6417500;154.19561767578125
2025-08-22;159.3800048828125;160.67999267578125;158.30999755859375;158.6699981689453;5797300;154.1373291015625
2025-08-25;158.38999938964844;158.6999969482422;155.88999938964844;156.14999389648438;4692500;151.68931579589844
2025-08-26;155.9199981689453;156.6999969482422;155.33999633789062;155.97000122070312;6338000;151.5144500732422
2025-08-27;156.14999389648438;157.1300048828125;155.7899932861328;156.9600067138672;4551200;152.47618103027344
2025-08-28;157.0;157.00999450683594;155.02999877929688;155.64999389648438;5857400;151.20359802246094
2025-08-29;156.08999633789062;157.55999755859375;155.64999389648438;157.0399932861328;5318200;152.5538787841797
2025-09-02;157.36000061035156;158.86000061035156;156.97999572753906;157.99000549316406;6432800;153.4767608642578
2025-09-03;157.64999389648438;158.63999938964844;156.5;158.1699981689453;6592500;153.651611328125
2025-09-04;158.52000427246094;159.75;157.80999755859375;159.19000244140625;6934900;154.64248657226562
2025-09-05;158.5500030517578;160.55999755859375;158.41000366210938;160.02000427246094;6436200;155.44876098632812
2025-09-08;159.61000061035156;160.27000427246094;158.25;159.00999450683594;7178400;154.46762084960938
2025-09-09;158.61000061035156;159.8699951171875;158.1999969482422;159.4600067138672;4984900;154.90476989746094
2025-09-10;158.60000610351562;158.94000244140625;155.88999938964844;157.35000610351562;6205500;152.8550262451172
2025-09-11;157.72000122070312;159.35000610351562;157.38999938964844;158.6300048828125;5819500;154.09848022460938
2025-09-12;157.92999267578125;159.1300048828125;157.77999877929688;157.89999389648438;5957000;153.3893280029297
2025-09-15;157.8800048828125;158.52000427246094;156.1999969482422;156.8300018310547;5995000;152.34988403320312
2025-09-16;157.13999938964844;158.38999938964844;156.88999938964844;158.0500030517578;6559600;153.53504943847656
2025-09-17;158.42999267578125;161.6699981689453;158.42999267578125;160.3300018310547;6764200;155.74989318847656
2025-09-18;158.14999389648438;159.02000427246094;157.16000366210938;157.32000732421875;7651500;152.82591247558594
2025-09-19;157.61000061035156;157.6199951171875;155.97000122070312;156.0399932861328;17224800;151.58245849609375
2025-09-22;156.0800018310547;156.0800018310547;153.0500030517578;153.07000732421875;8712900;148.6973114013672
2025-09-23;153.1999969482422;153.2899932861328;150.97000122070312;152.5;8853400;148.14358520507812
2025-09-24;152.0500030517578;153.6300048828125;151.7899932861328;152.4199981689453;6483300;148.0658721923828
2025-09-25;153.22999572753906;153.8800048828125;151.77999877929688;152.14999389648438;7511400;147.8035888671875
2025-09-26;152.22999572753906;152.67999267578125;151.52999877929688;152.5;5721100;148.14358520507812
2025-09-29;152.4199981689453;153.72000122070312;151.7899932861328;153.52999877929688;8139700;149.14414978027344
2025-09-30;153.4600067138672;154.3800048828125;152.83999633789062;153.64999389648438;7762600;149.26071166992188
2025-10-01;153.6999969482422;153.88999938964844;151.41000366210938;153.17999267578125;7566000;148.80413818359375
2025-10-02;152.72000122070312;152.8000030517578;151.6300048828125;152.0500030517578;6892100;147.70643615722656
2025-10-03;152.0;153.42999267578125;152.0;152.27000427246094;5212600;147.920166015625
2025-10-06;151.5;152.32000732421875;150.39999389648438;150.41000366210938;6737000;146.11329650878906
2025-10-07;150.75999450683594;153.1699981689453;150.0500030517578;152.5399932861328;6844400;148.18243408203125
2025-10-08;152.7899932861328;152.7899932861328;150.6300048828125;150.69000244140625;5254700;146.3852996826172
2025-10-09;150.74000549316406;150.8699951171875;149.5800018310547;150.5800018310547;6134500;146.2784423828125
2025-10-10;150.94000244140625;151.50999450683594;149.4499969482422;149.69000244140625;7374000;145.41384887695312
2025-10-13;149.0;149.42999267578125;146.97000122070312;147.49000549316406;7511100;143.27670288085938
2025-10-14;147.57000732421875;149.25;147.0800018310547;149.16000366210938;8585300;144.89898681640625
2025-10-15;148.52999877929688;149.41000366210938;147.27000427246094;147.4199981689453;10003100;143.2086944580078
2025-10-16;148.00999450683594;150.39999389648438;147.9199981689453;149.60000610351562;8809700;145.326416015625
2025-10-17;150.57000732421875;152.02999877929688;150.42999267578125;151.39999389648438;8612900;147.0749969482422
2025-10-20;151.58999633789062;152.38999938964844;151.3000030517578;151.9600067138672;5601300;147.61900329589844
2025-10-21;151.9600067138672;152.27999877929688;150.8699951171875;151.6199951171875;6013400;147.28871154785156
2025-10-22;151.3000030517578;153.4600067138672;150.7899932861328;152.1999969482422;6394400;147.85215759277344
2025-10-23;152.35000610351562;153.3000030517578;150.5800018310547;152.2100067138672;8205400;147.86187744140625
2025-10-24;156.39999389648438;157.39999389648438;151.52999877929688;152.49000549316406;11968500;149.16976928710938
2025-10-27;151.61000061035156;151.75999450683594;150.1300048828125;151.74000549316406;7775300;148.43609619140625
2025-10-28;151.1199951171875;153.1699981689453;150.6199951171875;151.3699951171875;5819300;148.07412719726562
2025-10-29;150.66000366210938;150.97000122070312;148.47000122070312;148.77000427246094;7405500;145.53074645996094
2025-10-30;149.47000122070312;150.8000030517578;149.33999633789062;149.5800018310547;6760700;146.3231201171875
2025-10-31;148.7100067138672;151.10000610351562;148.52999877929688;150.3699951171875;7930300;147.0959014892578
2025-11-03;150.10000610351562;150.22000122070312;147.77000427246094;148.02000427246094;8946400;144.79708862304688
2025-11-04;148.60000610351562;149.5;146.25;147.1699981689453;9295400;143.96559143066406
2025-11-05;146.8699951171875;147.4199981689453;145.64999389648438;145.7899932861328;11199900;142.61563110351562
2025-11-06;145.8800048828125;146.67999267578125;144.4600067138672;146.1300048828125;10024500;142.9482421875
2025-11-07;146.9499969482422;147.94000244140625;146.0;146.97999572753906;8500100;143.77972412109375
2025-11-10;146.3800048828125;146.6199951171875;144.08999633789062;145.5;10208100;142.3319549560547
2025-11-11;145.9600067138672;148.64999389648438;145.6699981689453;148.5399932861328;7332500;145.30575561523438
2025-11-12;148.52999877929688;149.14999389648438;147.50999450683594;148.00999450683594;7851100;144.78729248046875
2025-11-13;148.17999267578125;149.0;147.63999938964844;147.9600067138672;7566800;144.73838806152344
2025-11-14;149.10000610351562;149.3800048828125;147.61000061035156;147.6699981689453;9150800;144.45469665527344
2025-11-17;147.75;147.97999572753906;145.00999450683594;145.82000732421875;9902300;142.64498901367188
2025-11-18;146.3300018310547;147.38999938964844;145.50999450683594;146.99000549316406;10735200;143.78952026367188
2025-11-19;146.9600067138672;147.5399932861328;145.86000061035156;146.99000549316406;6367000;143.78952026367188
2025-11-20;146.63999938964844;148.66000366210938;146.1300048828125;148.19000244140625;9021300;144.96337890625
2025-11-21;148.3800048828125;151.5;148.3000030517578;150.9199981689453;12018000;147.63394165039062
2025-11-24;150.10000610351562;150.41000366210938;146.5399932861328;146.97999572753906;13846900;143.77972412109375
2025-11-25;147.32000732421875;148.64999389648438;147.22000122070312;148.49000549316406;10477700;145.25685119628906
2025-11-26;147.9199981689453;148.97000122070312;147.61000061035156;148.25;9238500;145.02207946777344
2025-11-28;147.8000030517578;148.7100067138672;147.17999267578125;148.16000366210938;4707200;144.9340362548828
2025-12-01;148.10000610351562;148.88999938964844;147.35000610351562;147.44000244140625;8240700;144.22972106933594
2025-12-02;145.2899932861328;146.19000244140625;142.50999450683594;145.86000061035156;16376800;142.68411254882812
2025-12-03;145.9199981689453;148.2899932861328;145.86000061035156;146.7100067138672;9125300;143.51560974121094
2025-12-04;146.6699981689453;147.4199981689453;144.5;145.36000061035156;10479300;142.19500732421875
2025-12-05;145.16000366210938;145.6300048828125;143.25;143.4499969482422;12791700;140.3265838623047
2025-12-08;142.91000366210938;142.91000366210938;138.13999938964844;138.33999633789062;17507500;135.32785034179688
2025-12-09;139.19000244140625;140.8800048828125;139.0;139.6300048828125;10375700;136.5897674560547
2025-12-10;139.64999389648438;141.27999877929688;139.5399932861328;139.82000732421875;13650400;136.77561950683594
2025-12-11;141.0;141.83999633789062;140.36000061035156;140.75999450683594;11798000;137.6951446533203
2025-12-12;141.0;143.11000061035156;140.83999633789062;142.83999633789062;10268800;139.72987365722656
2025-12-15;143.27000427246094;145.32000732421875;143.1999969482422;145.1300048828125;13877700;141.9700164794922
2025-12-16;146.10000610351562;146.5399932861328;144.64999389648438;145.2100067138672;10251700;142.04827880859375
2025-12-17;146.69000244140625;148.4499969482422;146.4499969482422;147.80999755859375;9833300;144.59164428710938
2025-12-18;146.6199951171875;147.5;145.35000610351562;145.52000427246094;12239900;142.3515167236328
2025-12-19;145.50999450683594;146.0500030517578;143.94000244140625;144.4600067138672;19345600;141.31460571289062
2025-12-22;143.7100067138672;144.39999389648438;142.4199981689453;142.69000244140625;11731400;139.58314514160156
2025-12-23;142.49000549316406;143.72999572753906;142.0800018310547;143.17999267578125;9541600;140.06246948242188
2025-12-24;142.89999389648438;144.74000549316406;142.8300018310547;144.49000549316406;3259200;141.3439483642578
2025-12-26;144.30999755859375;145.63999938964844;144.30999755859375;144.74000549316406;4711500;141.58851623535156
2025-12-29;144.8000030517578;145.07000732421875;143.9499969482422;144.57000732421875;7662100;141.42221069335938
2025-12-30;144.2899932861328;144.4600067138672;143.57000732421875;144.0500030517578;6006400;140.9135284423828
2025-12-31;144.0;144.13999938964844;143.22999572753906;143.30999755859375;5293200;140.18963623046875
2026-01-02;143.11000061035156;143.33999633789062;141.24000549316406;141.7899932861328;8946100;138.70274353027344
2026-01-05;141.10000610351562;141.35000610351562;139.60000610351562;140.3699951171875;12297300;137.3136444091797
2026-01-06;140.38999938964844;141.4199981689453;139.50999450683594;139.91000366210938;10421800;136.86366271972656
2026-01-07;139.8000030517578;139.8000030517578;137.6199951171875;138.0399932861328;14369100;135.0343780517578
2026-01-08;137.88999938964844;141.77999877929688;137.82000732421875;141.52999877929688;9297100;138.44839477539062
2026-01-09;141.6999969482422;142.3300018310547;140.8300018310547;141.8699951171875;9528500;138.78099060058594
2026-01-12;142.27999877929688;143.8800048828125;141.7100067138672;143.4600067138672;12812000;140.3363800048828
2026-01-13;144.0;144.33999633789062;142.97000122070312;144.24000549316406;15549200;141.09939575195312
2026-01-14;144.67999267578125;146.89999389648438;144.3699951171875;146.35000610351562;13475000;143.1634521484375
2026-01-15;145.67999267578125;146.35000610351562;144.35000610351562;144.6300048828125;10102800;141.48089599609375
2026-01-16;143.75999450683594;144.72999572753906;143.66000366210938;144.52999877929688;11729300;141.38307189941406
2026-01-20;144.4600067138672;147.0;144.1199951171875;147.0;12901400;143.79930114746094
2026-01-21;147.05999755859375;147.3699951171875;144.97000122070312;146.05999755859375;14126800;142.8797607421875
2026-01-22;148.0800018310547;150.91000366210938;147.5;149.92999267578125;18501900;146.6654815673828
2026-01-23;150.83999633789062;151.64999389648438;149.8000030517578;150.14999389648438;14562600;147.92355346679688
2026-01-26;150.1199951171875;150.8800048828125;148.52000427246094;149.49000549316406;12655700;147.27334594726562
2026-01-27;148.07000732421875;149.63999938964844;147.92999267578125;148.33999633789062;9546000;146.14039611816406
2026-01-28;148.0;148.7100067138672;146.7899932861328;147.33999633789062;7465800;145.15521240234375
2026-01-29;147.2899932861328;150.1300048828125;147.11000061035156;149.89999389648438;11035600;147.67726135253906
2026-01-30;150.42999267578125;151.97000122070312;149.14999389648438;151.77000427246094;12651400;149.51954650878906
2026-02-02;152.4199981689453;153.72999572753906;151.25;153.19000244140625;10554900;150.91848754882812
2026-02-03;152.58999633789062;156.52999877929688;152.1999969482422;155.32000732421875;12424700;153.01690673828125
2026-02-04;156.1300048828125;158.3699951171875;155.75999450683594;156.8699951171875;12178500;154.54391479492188
2026-02-05;158.83999633789062;159.64999389648438;156.1199951171875;158.61000061035156;13077700;156.25811767578125
2026-02-06;158.24000549316406;159.99000549316406;158.00999450683594;159.1699981689453;10441700;156.809814453125
2026-02-09;158.75999450683594;159.27999877929688;156.02000427246094;157.3300018310547;11439900;154.99710083007812
2026-02-10;157.52999877929688;160.14999389648438;156.72000122070312;159.0800018310547;9910100;156.72116088867188
2026-02-11;158.63999938964844;161.13999938964844;158.19000244140625;160.0;10217300;157.6275177001953
2026-02-12;160.02000427246094;163.13999938964844;159.64999389648438;161.2100067138672;13512900;158.81956481933594
2026-02-13;161.74000549316406;162.57000732421875;159.7100067138672;160.07000732421875;13998900;157.6964874267578
2026-02-17;159.9499969482422;162.1699981689453;158.8800048828125;159.5500030517578;13319100;157.18417358398438
2026-02-18;158.97999572753906;158.97999572753906;155.77000427246094;156.86000061035156;14434300;154.53407287597656
2026-02-19;156.8300018310547;159.9600067138672;156.8300018310547;158.55999755859375;10724600;156.2088623046875
2026-02-20;159.1300048828125;161.05999755859375;158.16000366210938;160.77999877929688;11508100;158.39593505859375
2026-02-23;160.32000732421875;165.36000061035156;160.3000030517578;165.1699981689453;14772400;162.72084045410156
2026-02-24;164.89999389648438;166.8699951171875;163.94000244140625;165.27999877929688;9709500;162.8292236328125
2026-02-25;164.5399932861328;165.0;162.10000610351562;163.38999938964844;7878500;160.9672393798828
2026-02-26;164.22000122070312;164.5;162.86000061035156;163.75;7028600;161.3218994140625
2026-02-27;164.0399932861328;167.25;163.69000244140625;167.1999969482422;14878500;164.72073364257812
2026-03-02;165.2899932861328;166.5500030517578;163.4499969482422;163.50999450683594;9095500;161.08544921875
2026-03-03;162.19000244140625;162.19000244140625;158.6199951171875;159.72000122070312;10161000;157.35166931152344
2026-03-04;159.44000244140625;159.61000061035156;157.30999755859375;158.3000030517578;8752700;155.9527130126953
2026-03-05;156.94000244140625;157.10000610351562;153.77000427246094;153.99000549316406;10060300;151.7066192626953
2026-03-06;153.66000366210938;154.42999267578125;151.88999938964844;153.6300048828125;8187900;151.35195922851562
2026-03-09;153.14999389648438;156.22999572753906;152.89999389648438;155.22000122070312;12494900;152.9183807373047
2026-03-10;155.49000549316406;157.14999389648438;153.60000610351562;156.00999450683594;7756800;153.6966552734375
2026-03-11;155.22999572753906;155.3800048828125;151.42999267578125;153.32000732421875;8855100;151.04656982421875
2026-03-12;152.2100067138672;153.0500030517578;150.3300018310547;150.5;8489300;148.26837158203125
2026-03-13;151.3699951171875;152.5500030517578;150.17999267578125;150.64999389648438;7298900;148.4161376953125
2026-03-16;151.86000061035156;152.63999938964844;150.64999389648438;152.1199951171875;6944000;149.86434936523438
2026-03-17;153.00999450683594;153.4600067138672;151.1999969482422;151.47999572753906;6147700;149.2338409423828
2026-03-18;149.30999755859375;149.6199951171875;146.4600067138672;146.7100067138672;10059300;144.53457641601562
2026-03-19;146.22000122070312;147.3800048828125;144.7899932861328;144.83999633789062;10340300;142.69229125976562
2026-03-20;144.99000549316406;145.82000732421875;144.25;144.27999877929688;60620900;142.14059448242188
2026-03-23;146.14999389648438;146.14999389648438;143.47999572753906;143.99000549316406;10315600;141.8549041748047
2026-03-24;143.3300018310547;145.22999572753906;142.22999572753906;143.16000366210938;8567600;141.03721618652344
2026-03-25;143.74000549316406;144.10000610351562;142.22999572753906;143.9199981689453;8418100;141.7859344482422
2026-03-26;143.69000244140625;144.57000732421875;142.24000549316406;142.4199981689453;6443200;140.3081817626953
2026-03-27;142.72000122070312;144.0800018310547;142.00999450683594;142.7100067138672;11558300;140.59388732910156
2026-03-30;143.0399932861328;145.57000732421875;142.57000732421875;144.72000122070312;11616300;142.57408142089844
2026-03-31;144.82000732421875;144.9199981689453;142.27999877929688;144.44000244140625;10407500;142.29823303222656
2026-04-01;143.9199981689453;144.97000122070312;143.2100067138672;144.08999633789062;8061700;141.95343017578125
2026-04-02;144.08999633789062;144.2100067138672;142.5800018310547;143.1199951171875;5941700;140.997802734375
2026-04-06;143.00999450683594;143.6699981689453;141.9199981689453;142.77000427246094;6823100;140.6529998779297
2026-04-07;142.52000427246094;142.77000427246094;140.74000549316406;141.3000030517578;7207500;139.2047882080078
2026-04-08;143.14999389648438;145.11000061035156;141.8699951171875;144.89999389648438;10849700;142.75140380859375
2026-04-09;144.38999938964844;146.94000244140625;143.0;146.66000366210938;6794800;144.48532104492188
2026-04-10;146.88999938964844;146.88999938964844;144.75999450683594;145.16000366210938;9790300;143.00755310058594
2026-04-13;145.0;145.08999633789062;142.6300048828125;143.5800018310547;7121400;141.4509735107422
2026-04-14;143.24000549316406;144.72000122070312;142.77000427246094;144.3800048828125;6621600;142.2391357421875
2026-04-15;144.36000061035156;144.39999389648438;142.25999450683594;143.3800048828125;7698200;141.2539520263672
2026-04-16;143.1999969482422;144.2899932861328;142.66000366210938;143.11000061035156;6947100;140.9879608154297
2026-04-17;143.41000366210938;147.58999633789062;143.16000366210938;146.92999267578125;10886000;144.75131225585938
2026-04-20;146.05999755859375;146.66000366210938;143.58999633789062;144.49000549316406;8084700;142.3474884033203
2026-04-21;144.6199951171875;144.6199951171875;142.32000732421875;142.32000732421875;11197200;140.2096710205078
2026-04-22;142.5;143.3000030517578;142.22000122070312;142.85000610351562;7236300;140.7318115234375
2026-04-23;143.39999389648438;146.22999572753906;143.39999389648438;145.7100067138672;11288800;143.54940795898438
2026-04-24;152.00999450683594;152.4199981689453;147.6199951171875;148.17999267578125;13786200;147.08203125
2026-04-27;147.4199981689453;149.6999969482422;147.4199981689453;148.39999389648438;9166400;147.30039978027344
2026-04-28;150.02999877929688;151.19000244140625;148.42999267578125;149.1699981689453;7965700;148.064697265625
2026-04-29;148.3000030517578;148.75;145.88999938964844;146.4600067138672;9002400;145.37478637695312
2026-04-30;147.08999633789062;147.72000122070312;145.9499969482422;147.08999633789062;9491700;146.00010681152344
2026-05-01;147.8699951171875;149.27999877929688;146.4600067138672;147.25999450683594;6814800;146.16883850097656
2026-05-04;146.05999755859375;146.05999755859375;143.27000427246094;143.4199981689453;9642800;142.3572998046875
2026-05-05;143.3800048828125;145.89999389648438;142.17999267578125;144.89999389648438;7664300;143.82632446289062
2026-05-06;146.39999389648438;148.9499969482422;145.94000244140625;147.89999389648438;9399500;146.80410766601562
2026-05-07;147.99000549316406;147.99000549316406;146.02000427246094;146.05999755859375;9545800;144.9777374267578
2026-05-08;146.5500030517578;147.52000427246094;146.2100067138672;146.4199981689453;5741000;145.33506774902344
2026-05-11;145.7899932861328;145.9499969482422;141.97000122070312;143.36000061035156;7489500;142.29774475097656
2026-05-12;144.35000610351562;145.86000061035156;142.86000061035156;143.91000366210938;9051200;142.8436737060547
2026-05-13;143.14999389648438;144.6699981689453;141.66000366210938;142.24000549316406;6685900;141.18605041503906
2026-05-14;143.17999267578125;144.27999877929688;142.6300048828125;142.7100067138672;9636200;141.65257263183594
2026-05-15;143.39999389648438;143.39999389648438;141.1999969482422;141.57000732421875;6989400;140.52101135253906
2026-05-18;142.10000610351562;144.42999267578125;141.6300048828125;142.38999938964844;7731200;141.33493041992188
2026-05-19;142.47000122070312;143.7100067138672;140.85000610351562;141.3000030517578;8355800;140.2530059814453
2026-05-20;141.4499969482422;143.22000122070312;140.6199951171875;142.44000244140625;8375600;141.3845672607422
2026-05-21;141.8800048828125;143.72000122070312;140.08999633789062;143.39999389648438;6297300;142.3374481201172
2026-05-22;143.8699951171875;144.63999938964844;143.52999877929688;144.44000244140625;4616700;143.3697509765625
2026-05-26;144.50999450683594;145.61000061035156;142.52999877929688;142.9600067138672;8157200;141.9007110595703
2026-05-27;143.4600067138672;148.5399932861328;143.4600067138672;147.49000549316406;10048900;146.39715576171875
2026-05-28;146.6999969482422;146.6999969482422;145.00999450683594;145.91000366210938;10196700;144.828857421875
2026-05-29;145.52000427246094;145.63999938964844;143.1999969482422;143.55999755859375;12355800;142.4962615966797
2026-06-01;141.52000427246094;141.82000732421875;138.86000061035156;140.27999877929688;11093800;139.24057006835938
2026-06-02;140.1199951171875;141.1199951171875;139.02999877929688;140.82000732421875;9599500;139.77658081054688
2026-06-03;140.92999267578125;142.4499969482422;140.0;140.19000244140625;9351000;139.1512451171875
2026-06-04;142.6999969482422;143.13999938964844;139.88999938964844;140.77999877929688;8194000;139.7368621826172
2026-06-05;142.22000122070312;148.22999572753906;141.8000030517578;146.5399932861328;10963200;145.4541778564453
2026-06-08;145.7899932861328;146.5500030517578;145.02000427246094;145.10000610351562;7200700;144.0248565673828
2026-06-09;144.6699981689453;149.47999572753906;144.52999877929688;148.6699981689453;8259300;147.5684051513672
2026-06-10;149.91000366210938;150.42999267578125;148.3800048828125;149.0500030517578;7345900;147.94558715820312
2026-06-11;148.6999969482422;149.6199951171875;147.77000427246094;148.33999633789062;6684700;147.2408447265625
2026-06-12;149.3800048828125;150.1999969482422;148.3000030517578;149.61000061035156;6832000;148.50143432617188
2026-06-15;148.75999450683594;151.5;148.75999450683594;150.4600067138672;9158900;149.3451385498047
2026-06-16;151.50999450683594;153.02000427246094;150.5500030517578;152.49000549316406;8518900;151.360107421875
2026-06-17;152.3800048828125;152.94000244140625;149.77000427246094;150.55999755859375;7055800;149.44439697265625
2026-06-18;150.8699951171875;152.2899932861328;150.17999267578125;150.3800048828125;17076100;149.26573181152344
2026-06-22;150.11000061035156;150.88999938964844;147.57000732421875;147.67999267578125;10533000;146.58572387695312
2026-06-23;149.66000366210938;151.3699951171875;149.3699951171875;150.86000061035156;7259600;149.74217224121094
2026-06-24;151.99000549316406;153.35000610351562;150.9199981689453;152.0399932861328;8618500;150.91342163085938
2026-06-25;151.57000732421875;152.2899932861328;147.82000732421875;148.5;11197200;147.399658203125
2026-06-26;150.33999633789062;150.8800048828125;148.4199981689453;149.02000427246094;16724600;147.9158172607422
2026-06-29;148.72999572753906;149.0500030517578;147.0399932861328;148.4499969482422;10387700;147.3500213623047
2026-06-30;147.52999877929688;147.52999877929688;144.1699981689453;146.63999938964844;9353800;145.55343627929688
2026-07-01;146.52999877929688;147.5;145.5500030517578;147.42999267578125;9571700;146.33758544921875
2026-07-02;148.5800018310547;151.6699981689453;147.74000549316406;151.41000366210938;9256000;150.28810119628906
2026-07-06;150.67999267578125;151.22000122070312;146.9600067138672;149.30999755859375;8323100;148.2036590576172
2026-07-07;152.66000366210938;153.49000549316406;150.61000061035156;152.75;8061400;151.6181640625
2026-07-08;150.9600067138672;151.07000732421875;148.35000610351562;148.39999389648438;14272300;147.30039978027344
2026-07-09;146.77000427246094;147.66000366210938;145.60000610351562;146.85000610351562;7748000;145.7618865966797
2026-07-10;147.10000610351562;148.58999633789062;146.7100067138672;147.0399932861328;12473000;145.95046997070312
2026-07-13;148.0800018310547;150.0500030517578;147.11000061035156;148.3699951171875;7816100;147.27061462402344
2026-07-14;148.3699951171875;148.75;145.58999633789062;146.0800018310547;7668100;144.99758911132812
2026-07-15;145.27999877929688;148.58999633789062;144.66000366210938;148.0500030517578;6180000;146.9530029296875
2026-07-16;149.49000549316406;151.52000427246094;148.17999267578125;151.5;6485400;150.37742614746094
2026-07-17;152.86000061035156;154.32000732421875;149.30999755859375;149.97999572753906;8917400;148.86868286132812
2026-07-20;149.55999755859375;150.10000610351562;148.42999267578125;149.1300048828125;5788300;148.02499389648438
2026-07-21;147.86000061035156;148.41000366210938;146.8800048828125;148.10000610351562;7027600;147.00262451171875
2026-07-22;149.5;150.4600067138672;148.82000732421875;149.1300048828125;5371200;148.02499389648438
2026-07-23;146.13999938964844;147.61000061035156;145.58999633789062;146.97000122070312;6499200;145.88099670410156
2026-07-24;146.4499969482422;147.99000549316406;145.39999389648438;147.41000366210938;6620700;147.41000366210938
2026-07-27;147.85000610351562;150.25;147.85000610351562;148.6300048828125;7301800;148.6300048828125
2026-07-28;151.5;153.67999267578125;148.52000427246094;148.8800048828125;12848800;148.8800048828125
2026-07-29;141.3800048828125;146.3800048828125;140.1999969482422;146.10000610351562;14616800;146.10000610351562
2026-07-30;143.75999450683594;144.4499969482422;142.25;143.9600067138672;9571100;143.9600067138672
2026-07-31;143.50999450683594;144.6999969482422;141.4600067138672;144.49000549316406;9152600;144.49000549316406
2026-08-03;145.85000610351562;147.14999389648438;144.25999450683594;144.97000122070312;8843600;144.97000122070312
2026-08-04;144.0399932861328;148.25;143.7899932861328;148.00999450683594;7362300;148.00999450683594
2026-08-05;147.85000610351562;147.85000610351562;144.66000366210938;146.8000030517578;9753300;146.8000030517578
2026-08-06;147.82000732421875;148.5;145.4499969482422;146.97000122070312;8766700;146.97000122070312
2026-08-07;144.89999389648438;146.0;143.8800048828125;145.7899932861328;7565500;145.7899932861328
2026-08-10;144.72999572753906;146.4600067138672;144.14999389648438;146.44000244140625;7386500;146.44000244140625
2026-08-11;145.41000366210938;145.7100067138672;143.92999267578125;145.2100067138672;7936700;145.2100067138672
2026-08-12;144.0500030517578;144.94000244140625;143.7899932861328;144.0800018310547;7195000;144.0800018310547
2026-08-13;144.58999633789062;145.8000030517578;144.0;144.25999450683594;7491300;144.25999450683594
2026-08-14;144.3300018310547;144.91000366210938;143.4199981689453;144.5500030517578;7249600;144.5500030517578
2026-08-17;143.63999938964844;143.97000122070312;142.47999572753906;143.1199951171875;9867500;143.1199951171875
2026-08-18;143.27999877929688;144.4199981689453;142.67999267578125;143.4499969482422;12746100;143.4499969482422
2026-08-19;144.3000030517578;146.22999572753906;143.6199951171875;144.3800048828125;13948500;144.3800048828125
2026-08-20;144.47000122070312;144.9199981689453;142.55999755859375;142.97000122070312;15794100;142.97000122070312
2026-08-21;143.02000427246094;145.27000427246094;142.13999938964844;144.67999267578125;9785200;144.67999267578125
2026-08-24;145.24000549316406;146.8000030517578;145.0;146.60000610351562;7061800;146.60000610351562
2026-08-25;145.72999572753906;146.1199951171875;144.9499969482422;145.39999389648438;9125700;145.39999389648438
2026-08-26;145.27999877929688;145.92999267578125;144.5;145.0;8249100;145.0
2026-08-27;143.6999969482422;144.14999389648438;142.7100067138672;143.13999938964844;7817200;143.13999938964844
2026-08-28;143.25;144.39999389648438;143.00999450683594;143.77999877929688;5868900;143.77999877929688
2026-08-31;143.44000244140625;145.89999389648438;142.5;145.1199951171875;12097900;145.1199951171875
2026-09-01;145.75999450683594;148.36000061035156;145.08999633789062;146.2100067138672;8503800;146.2100067138672
2026-09-02;146.4199981689453;148.32000732421875;145.7899932861328;147.63999938964844;7431100;147.63999938964844
2026-09-03;147.67999267578125;148.22000122070312;146.5;146.9199981689453;6105800;146.9199981689453
2026-09-04;146.47000122070312;147.14999389648438;145.82000732421875;146.44000244140625;5588200;146.44000244140625
2026-09-08;145.60000610351562;146.16000366210938;144.3000030517578;145.5800018310547;8325100;145.5800018310547
2026-09-09;144.16000366210938;144.47000122070312;142.33999633789062;142.63999938964844;9270000;142.63999938964844
2026-09-10;142.60000610351562;143.50999450683594;141.86000061035156;142.97000122070312;10925000;142.97000122070312
2026-09-11;143.72000122070312;145.49000549316406;143.5500030517578;145.27000427246094;11526600;145.27000427246094
