datetime;open;high;low;close;volume;adjclose
1999-03-08;51.125;51.734375;49.65625;50.0625;23664200;42.18441390991211
1999-03-15;50.4375;53.25;49.90625;51.21875;27248600;43.158714294433594
1999-03-22;51.4375;52.46875;48.5;51.75;40824200;43.60635757446289
1999-03-29;52.375;54.1875;52.0625;53.5625;27026800;45.133636474609375
1999-04-05;54.4296875;56.25;53.8125;55.8125;38042400;47.029579162597656
1999-04-12;54.5;55.90625;51.125;51.96875;77074600;43.790706634521484
1999-04-19;52.3125;55.71875;48.84375;55.3125;68509600;46.60824966430664
1999-04-26;55.6875;57.28125;51.8125;53.71875;64024000;45.26530456542969
1999-05-03;53.5625;54.375;51.03125;52.96875;70784600;44.633323669433594
1999-05-10;53.3125;56.0;52.6875;53.40625;53981800;45.001983642578125
1999-05-17;52.9375;54.9921875;52.4140625;52.875;44116000;44.554325103759766
1999-05-24;52.96875;53.0625;48.9375;52.03125;90417600;43.84335708618164
1999-05-31;51.9375;52.7421875;49.5703125;52.5625;43091800;44.29100036621094
1999-06-07;52.9296875;54.03125;51.3125;51.78125;53971000;43.63270568847656
1999-06-14;51.96875;55.21875;50.6875;55.0625;60015800;46.397586822509766
1999-06-21;55.4375;57.09375;54.1875;54.6875;54659400;46.08161544799805
1999-06-28;55.15625;59.9375;54.703125;58.75;46258800;49.50480270385742
1999-07-05;59.0625;59.90625;57.9375;59.84375;34746600;50.42642593383789
1999-07-12;60.0625;61.71875;58.78125;61.375;32409200;51.71674346923828
1999-07-19;61.625;61.625;56.6875;57.28125;59914200;48.2672004699707
1999-07-26;56.5;58.4375;55.78125;56.59375;58595800;47.68787384033203
1999-08-02;56.6875;57.8125;53.75;55.328125;66962400;46.62140655517578
1999-08-09;55.53125;57.71875;52.9375;57.65625;64909600;48.58318328857422
1999-08-16;57.625;58.84375;56.6953125;57.96875;46992800;48.846500396728516
1999-08-23;58.5;61.75;58.3671875;59.875;54283800;50.45279312133789
1999-08-30;60.125;62.6796875;58.125;62.65625;64262600;52.79634475708008
1999-09-06;62.53125;63.7421875;61.03125;63.125;46241000;53.191322326660156
1999-09-13;63.0625;63.4921875;60.1953125;63.3125;63236800;53.349334716796875
1999-09-20;63.5;63.75;58.625;60.078125;74231600;50.62392807006836
1999-09-27;60.9375;61.375;58.75;60.2109375;85999400;50.735862731933594
1999-10-04;60.53125;63.9375;60.1875;63.7578125;95595600;53.72455596923828
1999-10-11;63.9375;64.953125;59.5078125;59.875;111602800;50.45279312133789
1999-10-18;59.9375;63.25;57.4140625;61.96875;112902600;52.217041015625
1999-10-25;61.6875;66.25;60.4453125;65.75;75726800;55.403263092041016
1999-11-01;65.75;69.21875;65.1953125;68.1875;76452400;57.45719909667969
1999-11-08;68.4375;72.25;68.21875;72.1875;89229600;60.827720642089844
1999-11-15;72.25;75.90625;71.6875;75.78125;87397200;63.855926513671875
1999-11-22;75.9375;78.78125;74.25;77.6875;69552400;65.46221923828125
1999-11-29;77.53125;80.1875;73.5;79.125;106067200;66.67350006103516
1999-12-06;79.4296875;80.5;77.25;79.90625;107852200;67.33180236816406
1999-12-13;79.6328125;84.875;77.9375;83.78125;126878600;70.59706115722656
1999-12-20;84.40625;90.75;83.6875;90.21875;81253000;76.02149963378906
1999-12-27;90.3125;93.75;87.90625;91.375;87492200;76.99578094482422
2000-01-03;96.1875;96.1875;79.75;90.0;177901400;75.83716583251953
2000-01-10;91.0;93.9375;86.0;93.375;138336000;78.68107604980469
2000-01-17;92.0625;96.875;91.4375;96.25;80414600;81.10359191894531
2000-01-24;97.4375;97.625;84.75;86.0;150765200;72.46660614013672
2000-01-31;85.875;98.2421875;83.5;97.15625;145821200;81.86724090576172
2000-02-07;97.25;102.875;96.25;99.875;118236200;84.15817260742188
2000-02-14;99.9921875;103.25;95.875;98.4375;134049400;82.9469223022461
2000-02-21;99.0;107.5;96.25;104.0625;150882800;87.68671417236328
2000-02-28;103.25;111.125;100.5;111.0625;151419600;93.58512878417969
2000-03-06;111.75;116.4375;106.28125;114.5;166104000;96.48169708251953
2000-03-13;110.0;114.125;101.0;110.8125;214558200;93.37454223632812
2000-03-20;111.0;120.5;103.5625;117.5625;120262900;99.06228637695312
2000-03-27;118.0;119.5;103.5;109.5;130957000;92.26851654052734
2000-04-03;107.765625;109.125;88.3125;106.625;186541200;89.8459701538086
2000-04-10;107.625;107.6875;78.0;80.375;203491500;67.72676849365234
2000-04-17;78.015625;93.625;78.0;87.25;140997500;73.51988220214844
2000-04-24;83.4375;94.75;79.875;94.75;147381200;79.83967590332031
2000-05-01;95.75;96.875;85.515625;91.4375;108425200;77.04841613769531
2000-05-08;90.5;90.75;79.5;84.625;111118000;71.3079605102539
2000-05-15;84.8125;91.5;81.3125;81.6875;109290100;68.83274841308594
2000-05-22;81.625;82.625;72.25;77.75;173090200;65.51487731933594
2000-05-29;80.0;93.9375;80.0;93.625;121936500;78.89168548583984
2000-06-05;92.25;95.3125;89.5625;93.75;105837600;78.99703979492188
2000-06-12;94.3125;95.3125;89.359375;94.25;101958300;79.41836547851562
2000-06-19;94.015625;99.71875;91.375;91.5;108326200;77.10113525390625
2000-06-26;93.0625;95.5;90.625;93.4375;92723900;78.73369598388672
2000-07-03;93.5;97.0;90.0625;95.9375;61898900;80.84028625488281
2000-07-10;94.6875;101.125;92.8125;100.625;82072700;84.79016876220703
2000-07-17;100.9375;102.0625;95.65625;97.0;89585600;81.73558807373047
2000-07-24;97.9375;99.0;86.0;86.875;120591000;73.20393371582031
2000-07-31;87.625;92.765625;83.3125;90.125;125098000;75.94247436523438
2000-08-07;90.875;94.4375;87.875;91.0625;84972200;76.7324447631836
2000-08-14;91.375;96.625;90.203125;95.25;71074000;80.260986328125
2000-08-21;96.0;99.953125;93.828125;98.03125;75167100;82.60457611083984
2000-08-28;98.25;103.515625;97.765625;102.625;63682900;86.47541809082031
2000-09-04;101.625;101.75;94.765625;95.125;77458100;80.15568542480469
2000-09-11;94.5;96.125;90.0;91.3125;139221100;76.9430923461914
2000-09-18;91.8125;95.234375;87.0;92.9375;148651900;78.31243133544922
2000-09-25;93.625;94.25;88.0;88.75;131303700;74.78385925292969
2000-10-02;90.25;90.25;81.25;83.0;158150400;69.93872833251953
2000-10-09;82.5625;83.8125;74.40625;81.25;208214200;68.46411895751953
2000-10-16;81.125;87.875;74.5625;86.3125;229071800;72.72997283935547
2000-10-23;86.1875;87.5;73.625;79.71875;230128500;67.1738510131836
2000-10-30;78.1875;83.9375;75.703125;83.0625;180978300;69.99136352539062
2000-11-06;83.625;84.125;71.75;71.75;202349800;60.45906066894531
2000-11-13;70.953125;78.0625;68.265625;72.828125;241426300;61.367557525634766
2000-11-20;70.9375;72.0625;66.5;70.4375;165602500;59.35314178466797
2000-11-27;72.5625;72.9375;60.5;64.0;282323700;53.928646087646484
2000-12-04;64.125;73.5;61.75;68.0;296328200;57.29917526245117
2000-12-11;72.0625;74.78125;62.5625;63.875;235134700;53.82331085205078
2000-12-18;65.15625;65.96875;54.25;60.5;347986900;50.979427337646484
2000-12-25;60.59375;62.484375;58.0;58.375;151226200;49.188819885253906
2001-01-01;58.5625;65.25;52.15625;56.625;307937200;47.71422576904297
2001-01-08;56.3125;64.625;53.515625;62.734375;309399300;52.8621826171875
2001-01-15;62.5625;68.3125;60.5625;66.3125;204819300;55.87723159790039
2001-01-22;65.875;69.125;63.0;65.546875;242375300;55.23209762573242
2001-01-29;64.75;67.98999786376953;60.0;61.54999923706055;225889200;51.864200592041016
2001-02-05;61.189998626708984;63.119998931884766;56.0;56.400001525878906;244060900;47.52463150024414
2001-02-12;56.25;60.4900016784668;54.119998931884766;55.130001068115234;307083600;46.4544792175293
2001-02-19;55.7400016784668;55.84000015258789;48.22999954223633;51.18000030517578;324840800;43.12607192993164
2001-02-26;52.08000183105469;52.599998474121094;45.650001525878906;46.70000076293945;444972400;39.3510627746582
2001-03-05;47.5;50.65999984741211;44.95000076293945;45.099998474121094;288888600;38.00284194946289
2001-03-12;44.0;45.310001373291016;40.560001373291016;41.20000076293945;409808400;34.716552734375
2001-03-19;41.439998626708984;43.83000183105469;39.4900016784668;42.79999923706055;479730700;36.06476974487305
2001-03-26;43.470001220703125;43.720001220703125;38.0;39.150001525878906;348791000;32.98915100097656
2001-04-02;39.16999816894531;39.849998474121094;33.599998474121094;35.95000076293945;408362600;30.29271697998047
2001-04-09;36.790000915527344;42.79999923706055;35.849998474121094;42.79999923706055;318264800;36.06476974487305
2001-04-16;41.939998626708984;49.439998626708984;39.900001525878906;48.400001525878906;479881200;40.783546447753906
2001-04-23;46.9900016784668;47.720001220703125;43.099998474121094;45.150001525878906;363314500;38.04497528076172
2001-04-30;46.25;49.400001525878906;45.11000061035156;48.20000076293945;345722200;40.615020751953125
2001-05-07;48.0;48.599998474121094;45.09000015258789;45.54999923706055;273407600;38.38203430175781
2001-05-14;45.29999923706055;48.790000915527344;43.349998474121094;48.040000915527344;307131900;40.480201721191406
2001-05-21;48.16999816894531;51.95000076293945;47.650001525878906;48.9900016784668;326262400;41.28069305419922
2001-05-28;48.5;48.5;44.08000183105469;46.04999923706055;277899600;38.803340911865234
2001-06-04;46.33000183105469;49.4900016784668;45.290000915527344;47.349998474121094;292803500;39.898773193359375
2001-06-11;46.900001525878906;47.0;41.279998779296875;42.599998474121094;371435000;35.89625930786133
2001-06-18;42.63999938964844;44.22999954223633;41.2599983215332;43.25;339597600;36.443965911865234
2001-06-25;43.61000061035156;46.52000045776367;42.47999954223633;45.70000076293945;297339900;38.50843048095703
2001-07-02;45.650001525878906;46.47999954223633;41.4900016784668;41.650001525878906;173487300;35.09575653076172
2001-07-09;41.88999938964844;44.43000030517578;39.869998931884766;43.150001525878906;314845200;36.35970687866211
2001-07-16;43.369998931884766;43.86000061035156;41.13999938964844;41.650001525878906;303604000;35.09575653076172
2001-07-23;42.2400016784668;42.400001525878906;39.310001373291016;41.95000076293945;311264100;35.34855270385742
2001-07-30;42.130001068115234;44.0;41.400001525878906;43.18000030517578;253757700;36.38499069213867
2001-08-06;42.529998779296875;42.849998474121094;39.22999954223633;40.279998779296875;280911700;33.94133758544922
2001-08-13;40.59000015258789;41.70000076293945;37.709999084472656;37.7599983215332;283505200;31.817893981933594
2001-08-20;37.849998474121094;39.38999938964844;36.540000915527344;39.29999923706055;284750700;33.11555480957031
2001-08-27;39.279998779296875;39.900001525878906;35.75;36.630001068115234;305678300;30.865707397460938
2001-09-03;36.5099983215332;37.5;33.349998474121094;33.70000076293945;353765400;28.39680290222168
2001-09-10;33.4900016784668;34.31999969482422;33.34000015258789;34.099998474121094;80371300;28.733858108520508
2001-09-17;31.25;32.79999923706055;27.200000762939453;28.190000534057617;483801100;23.753873825073242
2001-09-24;29.079999923706055;30.43000030517578;27.420000076293945;28.979999542236328;384178400;24.419559478759766
2001-10-01;28.850000381469727;33.20000076293945;27.850000381469727;31.760000228881836;487607700;26.762096405029297
2001-10-08;31.1299991607666;35.25;30.75;34.54999923706055;428328800;29.113037109375
2001-10-15;34.119998931884766;36.0;32.0;33.54999923706055;469081500;28.270416259765625
2001-10-22;33.439998626708984;37.060001373291016;33.220001220703125;36.0099983215332;480714300;30.343292236328125
2001-10-29;36.0;36.150001525878906;32.84000015258789;35.599998474121094;452048200;29.997831344604492
2001-11-05;36.2599983215332;39.400001525878906;36.15999984741211;37.72999954223633;444288200;31.7926082611084
2001-11-12;37.0;40.2400016784668;36.29999923706055;39.369998931884766;449971500;33.17454147338867
2001-11-19;39.790000915527344;40.4900016784668;37.97999954223633;39.279998779296875;242286700;33.09870147705078
2001-11-26;39.58000183105469;40.970001220703125;38.689998626708984;39.650001525878906;426918300;33.41048049926758
2001-12-03;39.290000915527344;43.2400016784668;38.439998626708984;41.72999954223633;414936900;35.16315841674805
2001-12-10;41.31999969482422;42.2599983215332;39.56999969482422;40.11000061035156;360826800;33.79808807373047
2001-12-17;40.02000045776367;41.5;38.68000030517578;39.47999954223633;331995900;33.267242431640625
2001-12-24;39.540000915527344;40.79999923706055;39.150001525878906;40.33000183105469;123828900;33.98346710205078
2001-12-31;40.310001373291016;42.290000915527344;38.90999984741211;41.66999816894531;280531700;35.112613677978516
2002-01-07;42.11000061035156;42.599998474121094;40.11000061035156;40.849998474121094;363626900;34.42163848876953
2002-01-14;40.4900016784668;40.75;38.220001220703125;38.59000015258789;386440300;32.51731491088867
2002-01-21;39.0;39.5099983215332;37.33000183105469;38.83000183105469;292825900;32.71950912475586
2002-01-28;39.150001525878906;39.400001525878906;36.849998474121094;38.13999938964844;363383800;32.13810348510742
2002-02-04;37.959999084472656;38.06999969482422;34.970001220703125;36.16999816894531;446333700;30.478120803833008
2002-02-11;36.13999938964844;37.56999969482422;35.63999938964844;35.779998779296875;327305800;30.149471282958984
2002-02-18;35.369998931884766;35.459999084472656;33.09000015258789;33.650001525878906;388121900;28.354665756225586
2002-02-25;34.0;35.75;33.75;35.7400016784668;460630100;30.11578369140625
2002-03-04;35.70000076293945;39.029998779296875;35.400001525878906;38.66999816894531;454070300;32.5847053527832
2002-03-11;38.349998474121094;39.189998626708984;36.59000015258789;37.22999954223633;359730500;31.371299743652344
2002-03-18;37.630001068115234;37.939998626708984;35.900001525878906;36.68000030517578;347831300;30.907869338989258
2002-03-25;36.689998626708984;36.900001525878906;35.400001525878906;36.060001373291016;303950600;30.385417938232422
2002-04-01;35.79999923706055;36.900001525878906;34.18000030517578;34.369998931884766;393204200;28.96137046813965
2002-04-08;33.470001220703125;34.97999954223633;32.880001068115234;33.52000045776367;410635300;28.245134353637695
2002-04-15;33.79999923706055;35.5;33.20000076293945;34.459999084472656;363874500;29.03719711303711
2002-04-22;34.0099983215332;34.0099983215332;31.010000228881836;31.040000915527344;409916900;26.1554012298584
2002-04-29;31.239999771118164;32.189998626708984;29.479999542236328;29.739999771118164;468615800;25.059978485107422
2002-05-06;29.6299991607666;31.889999389648438;28.420000076293945;29.559999465942383;546947100;24.90829086303711
2002-05-13;29.8700008392334;33.630001068115234;29.670000076293945;32.93000030517578;524389300;27.747970581054688
2002-05-20;32.599998474121094;32.70000076293945;30.40999984741211;31.239999771118164;422187700;26.32391929626465
2002-05-27;31.469999313354492;31.520000457763672;29.899999618530273;30.040000915527344;314287500;25.312763214111328
2002-06-03;30.0;30.25;27.520000457763672;28.299999237060547;467935900;23.846576690673828
2002-06-10;28.360000610351562;28.75;26.200000762939453;27.6200008392334;530389900;23.273582458496094
2002-06-17;28.0;29.149999618530273;25.649999618530273;25.81999969482422;550307400;21.756832122802734
2002-06-24;25.450000762939453;26.799999237060547;24.389999389648438;26.100000381469727;714301900;21.99277687072754
2002-07-01;25.969999313354492;26.389999389648438;23.09000015258789;26.34000015258789;334218800;22.19500732421875
2002-07-08;26.200000762939453;26.549999237060547;23.530000686645508;24.799999237060547;603992300;20.89735221862793
2002-07-15;24.68000030517578;26.440000534057617;23.75;23.989999771118164;684612300;20.214820861816406
2002-07-22;23.850000381469727;24.5;21.639999389648438;22.670000076293945;737264900;19.1025390625
2002-07-29;23.270000457763672;24.690000534057617;21.81999969482422;22.25;479816500;18.74863052368164
2002-08-05;22.110000610351562;23.709999084472656;21.299999237060547;23.329999923706055;531214300;19.658674240112305
2002-08-12;23.049999237060547;25.0;22.469999313354492;24.700000762939453;470079600;20.81308937072754
2002-08-19;24.770000457763672;26.209999084472656;24.68000030517578;25.149999618530273;422919400;21.192279815673828
2002-08-26;25.299999237060547;25.510000228881836;23.020000457763672;23.489999771118164;447741200;19.79349136352539
2002-09-02;23.059999465942383;23.43000030517578;21.93000030517578;22.850000381469727;342131100;19.254215240478516
2002-09-09;22.670000076293945;24.350000381469727;22.389999389648438;22.989999771118164;371677700;19.372188568115234
2002-09-16;22.860000610351562;23.209999084472656;21.479999542236328;21.670000076293945;404716200;18.259904861450195
2002-09-23;21.450000762939453;22.329999923706055;20.649999618530273;21.309999465942383;459019900;17.95655059814453
2002-09-30;21.06999969482422;21.989999771118164;20.110000610351562;20.350000381469727;444620100;17.147626876831055
2002-10-07;20.260000228881836;22.3799991607666;19.760000228881836;22.219999313354492;511653800;18.723350524902344
2002-10-14;21.8700008392334;23.850000381469727;21.780000686645508;23.809999465942383;475204600;20.063142776489258
2002-10-21;23.520000457763672;24.860000610351562;23.299999237060547;24.700000762939453;423584100;20.81308937072754
2002-10-28;25.0;25.399999618530273;23.3700008392334;25.25;452248400;21.276538848876953
2002-11-04;26.049999237060547;26.81999969482422;24.959999084472656;25.06999969482422;466066600;21.12486457824707
2002-11-11;24.950000762939453;26.450000762939453;24.149999618530273;26.440000534057617;437486300;22.279273986816406
2002-11-18;26.709999084472656;27.940000534057617;25.299999237060547;27.719999313354492;418763400;23.35784339904785
2002-11-25;27.760000228881836;28.290000915527344;26.899999618530273;27.719999313354492;260980000;23.35784339904785
2002-12-02;28.420000076293945;28.790000915527344;25.739999771118164;26.469999313354492;458508500;22.304550170898438
2002-12-09;26.219999313354492;26.690000534057617;25.010000228881836;25.040000915527344;344615300;21.09958267211914
2002-12-16;25.219999313354492;26.200000762939453;24.809999465942383;25.31999969482422;351520200;21.33551788330078
2002-12-23;25.18000030517578;25.90999984741211;24.75;24.81999969482422;139000000;20.914196014404297
2002-12-30;24.84000015258789;25.709999084472656;24.280000686645508;25.68000030517578;208374500;21.63886260986328
2003-01-06;25.709999084472656;27.260000228881836;25.200000762939453;27.100000381469727;388924800;22.835405349731445
2003-01-13;27.329999923706055;27.469999313354492;25.270000457763672;25.309999465942383;321024800;21.32708740234375
2003-01-20;25.40999984741211;25.84000015258789;24.639999389648438;24.81999969482422;300740600;20.914196014404297
2003-01-27;24.450000762939453;25.450000762939453;24.010000228881836;24.440000534057617;398335100;20.593994140625
2003-02-03;24.520000457763672;24.860000610351562;23.649999618530273;23.809999465942383;377366600;20.063142776489258
2003-02-10;23.889999389648438;24.610000610351562;23.31999969482422;24.489999771118164;342046700;20.636127471923828
2003-02-17;24.700000762939453;25.3700008392334;24.510000228881836;25.170000076293945;249506500;21.20912742614746
2003-02-24;25.1299991607666;25.219999313354492;24.079999923706055;25.15999984741211;307702700;21.200700759887695
2003-03-03;25.270000457763672;25.479999542236328;23.959999084472656;24.540000915527344;317954000;20.678266525268555
2003-03-10;24.329999923706055;25.979999542236328;23.540000915527344;25.719999313354492;407074000;21.67258071899414
2003-03-17;25.43000030517578;27.3799991607666;25.350000381469727;27.170000076293945;514998900;22.89439582824707
2003-03-24;26.469999313354492;26.770000457763672;25.950000762939453;26.079999923706055;341344000;21.97592544555664
2003-03-31;25.600000381469727;26.850000381469727;25.209999084472656;26.049999237060547;374152500;21.95064353942871
2003-04-07;27.110000610351562;27.200000762939453;25.299999237060547;25.510000228881836;339542400;21.49561882019043
2003-04-14;25.600000381469727;26.979999542236328;25.489999771118164;26.81999969482422;258023400;22.59947395324707
2003-04-21;26.940000534057617;27.75;26.6200008392334;26.950000762939453;329475700;22.709014892578125
2003-04-28;27.049999237060547;28.290000915527344;26.950000762939453;28.280000686645508;350798800;23.82971954345703
2003-05-05;28.329999923706055;28.899999618530273;27.760000228881836;28.40999984741211;366989100;23.939266204833984
2003-05-12;28.360000610351562;28.989999771118164;28.170000076293945;28.700000762939453;327425300;24.18363380432129
2003-05-19;28.520000457763672;28.68000030517578;27.40999984741211;28.100000381469727;327125000;23.678043365478516
2003-05-26;27.93000030517578;29.8700008392334;27.899999618530273;29.790000915527344;353142200;25.102092742919922
2003-06-02;30.079999923706055;31.469999313354492;29.309999465942383;30.1299991607666;517581700;25.388595581054688
2003-06-09;30.0;30.75;29.530000686645508;29.959999084472656;414744200;25.245357513427734
2003-06-16;30.170000076293945;31.239999771118164;30.0;30.3799991607666;369978300;25.59925079345703
2003-06-23;30.329999923706055;30.56999969482422;29.469999313354492;29.829999923706055;425408500;25.135793685913086
2003-06-30;30.15999984741211;31.100000381469727;29.260000228881836;30.579999923706055;309918400;25.767778396606445
2003-07-07;30.969999313354492;32.4900016784668;30.959999084472656;31.84000015258789;430674300;26.82950210571289
2003-07-14;32.34000015258789;32.75;30.920000076293945;31.280000686645508;436501700;26.357620239257812
2003-07-21;31.239999771118164;32.02000045776367;30.610000610351562;31.799999237060547;437556500;26.795801162719727
2003-07-28;31.860000610351562;32.33000183105469;31.239999771118164;31.459999084472656;352447700;26.509296417236328
2003-08-04;31.420000076293945;31.799999237060547;29.93000030517578;30.06999969482422;438206100;25.33803367614746
2003-08-11;30.079999923706055;31.290000915527344;30.030000686645508;31.170000076293945;259745800;26.264942169189453
2003-08-18;31.309999465942383;33.369998931884766;31.229999542236328;32.439998626708984;363813800;27.3350772857666
2003-08-25;32.36000061035156;33.459999084472656;31.809999465942383;33.38999938964844;278875100;28.135583877563477
2003-09-01;33.4900016784668;34.34000015258789;33.130001068115234;33.939998626708984;320298100;28.599035263061523
2003-09-08;34.0;34.529998779296875;33.0099983215332;33.81999969482422;470615900;28.49791717529297
2003-09-15;33.84000015258789;34.86000061035156;33.439998626708984;34.58000183105469;383118600;29.138320922851562
2003-09-22;34.130001068115234;34.560001373291016;32.52000045776367;32.58000183105469;514547200;27.453046798706055
2003-09-29;32.7599983215332;34.470001220703125;32.36000061035156;34.189998626708984;519412800;28.809694290161133
2003-10-06;34.279998779296875;35.27000045776367;34.0099983215332;35.0099983215332;387227200;29.50065803527832
2003-10-13;35.13999938964844;35.849998474121094;34.599998474121094;34.61000061035156;391989300;29.163604736328125
2003-10-20;34.650001525878906;35.45000076293945;33.4900016784668;34.20000076293945;434329500;28.818119049072266
2003-10-27;34.279998779296875;36.0;34.040000915527344;35.18000030517578;395591200;29.64390754699707
2003-11-03;35.43000030517578;36.18000030517578;35.150001525878906;35.630001068115234;352660400;30.023090362548828
2003-11-10;35.70000076293945;36.02000045776367;34.849998474121094;35.040000915527344;380043300;29.52593994140625
2003-11-17;34.84000015258789;34.970001220703125;33.72999954223633;34.22999954223633;502083900;28.843408584594727
2003-11-24;34.52000045776367;35.52000045776367;34.470001220703125;35.380001068115234;262222800;29.812435150146484
2003-12-01;35.709999084472656;36.119998931884766;34.959999084472656;35.040000915527344;442665300;29.52593994140625
2003-12-08;35.02000045776367;35.459999084472656;34.130001068115234;35.2400016784668;480979000;29.69446563720703
2003-12-15;35.93000030517578;35.9900016784668;34.41999816894531;35.459999084472656;444226400;29.879837036132812
2003-12-22;35.349998474121094;36.09000015258789;35.290000915527344;35.849998474121094;200917700;30.220273971557617
2003-12-29;36.029998779296875;36.790000915527344;36.02000045776367;36.36000061035156;227274300;30.650184631347656
2004-01-05;36.58000183105469;38.349998474121094;36.560001373291016;37.72999954223633;372678300;31.80504035949707
2004-01-12;37.849998474121094;38.630001068115234;37.599998474121094;38.56999969482422;420516500;32.51313400268555
2004-01-19;38.72999954223633;39.0;37.779998779296875;38.0099983215332;372991600;32.041080474853516
2004-01-26;37.97999954223633;38.650001525878906;36.65999984741211;37.06999969482422;537879900;31.248695373535156
2004-02-02;37.20000076293945;37.47999954223633;36.33000183105469;37.130001068115234;481888200;31.29926872253418
2004-02-09;37.34000015258789;37.970001220703125;36.7599983215332;36.939998626708984;377490200;31.139089584350586
2004-02-16;37.279998779296875;37.900001525878906;36.54999923706055;36.86000061035156;373842100;31.07166862487793
2004-02-23;37.0;37.029998779296875;36.099998474121094;36.56999969482422;494890300;30.827192306518555
2004-03-01;36.68000030517578;37.18000030517578;36.209999084472656;36.630001068115234;439187700;30.87779426574707
2004-03-08;36.689998626708984;36.81999969482422;34.79999923706055;35.5099983215332;643467600;29.933656692504883
2004-03-15;35.36000061035156;35.619998931884766;34.630001068115234;34.75;541989800;29.293014526367188
2004-03-22;34.529998779296875;35.58000183105469;34.0099983215332;35.220001220703125;599245800;29.689212799072266
2004-03-29;35.5099983215332;37.15999984741211;35.4900016784668;37.099998474121094;524587000;31.273967742919922
2004-04-05;37.0099983215332;37.5;36.65999984741211;36.939998626708984;334144200;31.139089584350586
2004-04-12;37.02000045776367;37.36000061035156;35.790000915527344;36.09000015258789;503875400;30.422584533691406
2004-04-19;36.0099983215332;37.2599983215332;35.63999938964844;37.209999084472656;552713200;31.36669921875
2004-04-26;37.18000030517578;37.290000915527344;34.720001220703125;34.77000045776367;581427700;29.309877395629883
2004-05-03;35.0;35.75;34.849998474121094;34.970001220703125;581131000;29.478469848632812
2004-05-10;34.66999816894531;35.45000076293945;34.27000045776367;34.75;746742000;29.293014526367188
2004-05-17;34.380001068115234;35.5099983215332;34.11000061035156;35.02000045776367;595253400;29.520618438720703
2004-05-24;35.29999923706055;36.54999923706055;34.95000076293945;36.54999923706055;506535800;30.81035804748535
2004-05-31;36.27000045776367;36.65999984741211;35.81999969482422;36.189998626708984;382647100;30.506868362426758
2004-06-07;36.439998626708984;37.189998626708984;36.34000015258789;36.84000015258789;335380000;31.054811477661133
2004-06-14;36.61000061035156;36.9900016784668;36.099998474121094;36.439998626708984;398296600;30.717599868774414
2004-06-21;36.52000045776367;37.38999938964844;36.02000045776367;37.33000183105469;434639900;31.467866897583008
2004-06-28;37.4900016784668;37.900001525878906;36.630001068115234;36.81999969482422;456306800;31.037939071655273
2004-07-05;36.599998474121094;36.599998474121094;35.54999923706055;35.75;420625800;30.135971069335938
2004-07-12;35.56999969482422;35.810001373291016;34.619998931884766;34.66999816894531;493348500;29.2255859375
2004-07-19;34.779998779296875;35.650001525878906;34.029998779296875;34.209999084472656;599171300;28.837806701660156
2004-07-26;34.2400016784668;35.099998474121094;33.70000076293945;34.88999938964844;552704300;29.411027908325195
2004-08-02;34.61000061035156;35.02000045776367;32.65999984741211;32.720001220703125;512248000;27.58179473876953
2004-08-09;32.810001373291016;33.47999954223633;32.349998474121094;32.52000045776367;511427300;27.413198471069336
2004-08-16;32.61000061035156;34.13999938964844;32.59000015258789;34.0099983215332;470685500;28.66922378540039
2004-08-23;34.04999923706055;34.68000030517578;33.810001373291016;34.560001373291016;374656500;29.132854461669922
2004-08-30;34.40999984741211;34.880001068115234;33.650001525878906;34.13999938964844;413516000;28.77880096435547
2004-09-06;34.400001525878906;35.189998626708984;34.119998931884766;35.119998931884766;410011700;29.60489845275879
2004-09-13;35.25;35.720001220703125;35.119998931884766;35.43000030517578;426969900;29.866228103637695
2004-09-20;35.290000915527344;35.849998474121094;34.75;34.79999923706055;501510500;29.335166931152344
2004-09-27;34.619998931884766;36.150001525878906;34.22999954223633;36.099998474121094;460951400;30.430999755859375
2004-10-04;36.36000061035156;36.689998626708984;35.5;35.58000183105469;483049800;29.99268341064453
2004-10-11;35.720001220703125;36.13999938964844;35.20000076293945;35.630001068115234;510075300;30.034820556640625
2004-10-18;35.5099983215332;36.790000915527344;35.400001525878906;35.79999923706055;582379800;30.178117752075195
2004-10-25;35.72999954223633;37.2400016784668;35.40999984741211;36.900001525878906;565344000;31.105384826660156
2004-11-01;36.97999954223633;38.15999984741211;36.79999923706055;37.959999084472656;551798400;31.998926162719727
2004-11-08;37.95000076293945;38.7599983215332;37.650001525878906;38.65999984741211;448403900;32.589019775390625
2004-11-15;38.63999938964844;39.36000061035156;38.31999969482422;38.68000030517578;518486000;32.605873107910156
2004-11-22;38.61000061035156;39.47999954223633;38.47999954223633;39.209999084472656;277108500;33.05261993408203
2004-11-29;39.459999084472656;40.59000015258789;38.970001220703125;40.130001068115234;521036800;33.82816696166992
2004-12-06;40.119998931884766;40.5;39.2400016784668;39.93000030517578;422499500;33.65957260131836
2004-12-13;40.22999954223633;40.68000030517578;39.43000030517578;39.470001220703125;445509000;33.5904655456543
2004-12-20;39.56999969482422;39.93000030517578;39.09000015258789;39.7599983215332;310662300;33.837284088134766
2004-12-27;39.97999954223633;40.15999984741211;39.400001525878906;39.91999816894531;262145500;33.97343444824219
2005-01-03;40.09000015258789;40.290000915527344;38.209999084472656;38.54999923706055;591558200;32.80750274658203
2005-01-10;38.439998626708984;38.869998931884766;38.0099983215332;38.43000030517578;518361200;32.705413818359375
2005-01-17;38.279998779296875;38.790000915527344;36.9900016784668;37.04999923706055;456274500;31.53095817565918
2005-01-24;37.119998931884766;37.290000915527344;36.459999084472656;36.91999816894531;579439400;31.420331954956055
2005-01-31;37.36000061035156;37.81999969482422;37.0;37.75;455370600;32.126670837402344
2005-02-07;37.79999923706055;38.0099983215332;36.880001068115234;37.70000076293945;456706800;32.084129333496094
2005-02-14;37.70000076293945;38.47999954223633;37.2599983215332;37.349998474121094;451376400;31.786287307739258
2005-02-21;37.029998779296875;37.70000076293945;36.70000076293945;37.619998931884766;395565400;32.01605987548828
2005-02-28;37.459999084472656;38.02000045776367;36.91999816894531;37.52000045776367;457878600;31.93094825744629
2005-03-07;37.599998474121094;38.290000915527344;37.02000045776367;37.16999816894531;481123200;31.633092880249023
2005-03-14;37.2400016784668;37.47999954223633;36.349998474121094;36.5099983215332;528339500;31.071393966674805
2005-03-21;36.599998474121094;36.75;36.06999969482422;36.27000045776367;381780500;30.86715316772461
2005-03-28;36.40999984741211;36.880001068115234;35.939998626708984;36.20000076293945;524397500;30.807571411132812
2005-04-04;36.25;37.06999969482422;36.029998779296875;36.63999938964844;429476700;31.182029724121094
2005-04-11;36.75;36.779998779296875;34.68000030517578;34.7400016784668;652891200;29.565048217773438
2005-04-18;34.709999084472656;35.709999084472656;34.59000015258789;35.09000015258789;586965400;29.862930297851562
2005-04-25;35.29999923706055;35.70000076293945;34.349998474121094;34.97999954223633;532286000;29.76931381225586
2005-05-02;35.099998474121094;36.02000045776367;34.88999938964844;35.86000061035156;418210000;30.518238067626953
2005-05-09;35.869998931884766;36.470001220703125;35.29999923706055;36.2400016784668;525321200;30.84161949157715
2005-05-16;36.2400016784668;37.689998626708984;36.130001068115234;37.65999984741211;458014800;32.05009841918945
2005-05-23;37.65999984741211;38.27000045776367;37.59000015258789;38.209999084472656;404512500;32.518157958984375
2005-05-30;38.189998626708984;38.68000030517578;37.91999816894531;38.099998474121094;359082100;32.424537658691406
2005-06-06;38.119998931884766;38.470001220703125;37.380001068115234;37.54999923706055;426201700;31.95650291442871
2005-06-13;37.47999954223633;38.209999084472656;37.25;37.869998931884766;423242700;32.25859069824219
2005-06-20;37.720001220703125;38.18000030517578;36.959999084472656;36.970001220703125;504954100;31.491958618164062
2005-06-27;36.95000076293945;37.2599983215332;36.68000030517578;36.72999954223633;360683200;31.287508010864258
2005-07-04;36.599998474121094;37.810001373291016;36.54999923706055;37.77000045776367;379176700;32.17341995239258
2005-07-11;37.869998931884766;39.0;37.79999923706055;38.88999938964844;420852800;33.1274528503418
2005-07-18;38.790000915527344;39.689998626708984;38.689998626708984;39.41999816894531;426890600;33.57893371582031
2005-07-25;39.459999084472656;39.91999816894531;39.189998626708984;39.58000183105469;338438100;33.715213775634766
2005-08-01;39.63999938964844;40.13999938964844;39.43000030517578;39.47999954223633;339013800;33.63003921508789
2005-08-08;39.52000045776367;39.689998626708984;38.970001220703125;39.209999084472656;406690500;33.400054931640625
2005-08-15;39.13999938964844;39.630001068115234;38.7400016784668;38.81999969482422;356711300;33.067832946777344
2005-08-22;38.880001068115234;39.18000030517578;38.27000045776367;38.459999084472656;356734400;32.76115798950195
2005-08-29;38.2599983215332;39.150001525878906;38.2599983215332;38.77000045776367;383869600;33.02524948120117
2005-09-05;38.95000076293945;39.689998626708984;38.900001525878906;39.619998931884766;284418500;33.74930191040039
2005-09-12;39.630001068115234;39.90999984741211;39.04999923706055;39.400001525878906;367935300;33.56191635131836
2005-09-19;39.31999969482422;39.540000915527344;38.2400016784668;38.75;493834700;33.00820541381836
2005-09-26;38.970001220703125;39.47999954223633;38.45000076293945;39.459999084472656;402344700;33.61302185058594
2005-10-03;39.540000915527344;39.880001068115234;37.91999816894531;38.34000015258789;526520000;32.65896224975586
2005-10-10;38.27000045776367;38.459999084472656;37.33000183105469;38.060001373291016;594891200;32.42044448852539
2005-10-17;38.06999969482422;38.849998474121094;37.61000061035156;38.54999923706055;527639600;32.83783721923828
2005-10-24;38.72999954223633;39.27000045776367;37.91999816894531;38.31999969482422;514839800;32.641937255859375
2005-10-31;38.45000076293945;40.22999954223633;38.41999816894531;40.08000183105469;528189800;34.141151428222656
2005-11-07;40.209999084472656;40.91999816894531;39.91999816894531;40.709999084472656;417463300;34.67778015136719
2005-11-14;40.77000045776367;41.650001525878906;40.380001068115234;41.45000076293945;402337300;35.30812454223633
2005-11-21;41.400001525878906;42.02000045776367;41.2400016784668;41.88999938964844;245576800;35.68294906616211
2005-11-28;42.0;42.130001068115234;41.189998626708984;42.11000061035156;405046900;35.87033462524414
2005-12-05;42.060001373291016;42.310001373291016;41.27000045776367;41.720001220703125;395484900;35.53813934326172
2005-12-12;41.869998931884766;42.209999084472656;41.54999923706055;41.58000183105469;331407000;35.50431442260742
2005-12-19;41.66999816894531;41.709999084472656;40.75;41.400001525878906;311684300;35.35061264038086
2005-12-26;41.52000045776367;41.68000030517578;40.36000061035156;40.40999984741211;213286900;34.50528335571289
2006-01-02;40.650001525878906;42.70000076293945;40.15999984741211;42.68000030517578;389830600;36.44358444213867
2006-01-09;42.68000030517578;43.310001373291016;42.52000045776367;42.97999954223633;412900900;36.69974136352539
2006-01-16;42.650001525878906;42.81999969482422;41.150001525878906;41.25;498647400;35.2225341796875
2006-01-23;41.36000061035156;42.38999938964844;41.08000183105469;42.11000061035156;512596200;35.95686721801758
2006-01-30;42.18000030517578;42.31999969482422;40.779998779296875;40.91999816894531;459241000;34.94074630737305
2006-02-06;40.720001220703125;41.369998931884766;40.2599983215332;40.959999084472656;416186900;34.97491455078125
2006-02-13;40.70000076293945;41.54999923706055;40.29999923706055;41.209999084472656;442867500;35.18837356567383
2006-02-20;41.209999084472656;41.540000915527344;40.61000061035156;41.2599983215332;300687800;35.231056213378906
2006-02-27;41.36000061035156;42.0099983215332;40.970001220703125;41.45000076293945;445394500;35.39330291748047
2006-03-06;41.540000915527344;41.630001068115234;40.189998626708984;40.560001373291016;533015600;34.633365631103516
2006-03-13;40.7400016784668;41.91999816894531;40.619998931884766;41.45000076293945;451336700;35.41813278198242
2006-03-20;41.56999969482422;42.0099983215332;40.81999969482422;41.29999923706055;466042600;35.28996658325195
2006-03-27;41.279998779296875;42.29999923706055;40.9900016784668;41.93000030517578;472582500;35.828277587890625
2006-04-03;42.150001525878906;43.04999923706055;41.900001525878906;42.31999969482422;470628600;36.16153335571289
2006-04-10;42.400001525878906;42.5;41.709999084472656;42.099998474121094;272691900;35.973541259765625
2006-04-17;42.040000915527344;42.81999969482422;41.38999938964844;42.0;519003300;35.88811492919922
2006-04-24;41.95000076293945;42.4900016784668;41.5;41.849998474121094;501580900;35.75991439819336
2006-05-01;41.91999816894531;42.209999084472656;41.279998779296875;42.15999984741211;422084200;36.02481460571289
2006-05-08;42.08000183105469;42.279998779296875;40.18000030517578;40.189998626708984;480942600;34.34149932861328
2006-05-15;40.02000045776367;40.34000015258789;38.75;39.349998474121094;802188300;33.62373352050781
2006-05-22;39.0099983215332;39.58000183105469;38.22999954223633;39.4900016784668;761647800;33.74335479736328
2006-05-29;39.29999923706055;40.0;38.540000915527344;39.63999938964844;490893900;33.871524810791016
2006-06-05;39.560001373291016;39.560001373291016;37.4900016784668;38.150001525878906;785924700;32.59836959838867
2006-06-12;38.20000076293945;38.790000915527344;37.15999984741211;38.34000015258789;875290300;32.782779693603516
2006-06-19;38.5;38.9900016784668;37.90999984741211;38.150001525878906;593020600;32.62031555175781
2006-06-26;38.16999816894531;39.13999938964844;37.380001068115234;38.77000045776367;549677900;33.15044021606445
2006-07-03;38.88999938964844;39.0;37.56999969482422;37.689998626708984;294001000;32.226985931396484
2006-07-10;37.790000915527344;37.93000030517578;35.790000915527344;35.939998626708984;745876900;30.730627059936523
2006-07-17;35.95000076293945;36.83000183105469;35.540000915527344;35.70000076293945;805428600;30.525413513183594
2006-07-24;35.84000015258789;37.13999938964844;35.79999923706055;37.11000061035156;539564200;31.731037139892578
2006-07-31;37.08000183105469;37.630001068115234;36.2599983215332;36.95000076293945;486638100;31.594236373901367
2006-08-07;36.90999984741211;37.310001373291016;36.2599983215332;36.529998779296875;528501400;31.235116958618164
2006-08-14;36.84000015258789;38.97999954223633;36.70000076293945;38.790000915527344;605692000;33.16753387451172
2006-08-21;38.5;38.810001373291016;37.91999816894531;38.31999969482422;417341500;32.765655517578125
2006-08-28;38.290000915527344;39.209999084472656;38.18000030517578;39.08000183105469;391159900;33.41549301147461
2006-09-04;39.099998474121094;39.47999954223633;38.36000061035156;38.720001220703125;395975800;33.107688903808594
2006-09-11;38.40999984741211;40.459999084472656;38.31999969482422;40.11000061035156;618475800;34.31594467163086
2006-09-18;40.119998931884766;40.66999816894531;39.52000045776367;39.869998931884766;616386300;34.110591888427734
2006-09-25;40.040000915527344;40.95000076293945;39.68000030517578;40.650001525878906;534234600;34.77793884277344
2006-10-02;40.599998474121094;41.560001373291016;39.880001068115234;41.40999984741211;539790000;35.428157806396484
2006-10-09;41.36000061035156;42.52000045776367;41.16999816894531;42.43000030517578;473259600;36.30080032348633
2006-10-16;42.43000030517578;42.619998931884766;41.59000015258789;42.0;542185300;35.932945251464844
2006-10-23;41.91999816894531;42.91999816894531;41.81999969482422;42.209999084472656;615537400;36.112579345703125
2006-10-30;42.15999984741211;42.77000045776367;41.61000061035156;41.93000030517578;608152000;35.8730354309082
2006-11-06;42.06999969482422;43.349998474121094;42.060001373291016;43.029998779296875;627932900;36.81413650512695
2006-11-13;43.04999923706055;44.41999816894531;43.0;44.29999923706055;536350600;37.90066146850586
2006-11-20;44.15999984741211;44.86000061035156;44.0099983215332;44.650001525878906;296891900;38.20010757446289
2006-11-27;44.5099983215332;44.61000061035156;43.2599983215332;43.65999984741211;685306900;37.353126525878906
2006-12-04;43.790000915527344;44.54999923706055;43.470001220703125;43.900001525878906;511422200;37.558467864990234
2006-12-11;43.83000183105469;44.7599983215332;43.560001373291016;44.43000030517578;471999200;38.058223724365234
2006-12-18;44.58000183105469;44.75;42.93000030517578;42.93000030517578;521148200;36.77332305908203
2006-12-25;42.93000030517578;43.61000061035156;42.880001068115234;43.15999984741211;249146300;36.9703483581543
2007-01-01;43.459999084472656;44.209999084472656;42.52000045776367;43.849998474121094;443501800;37.561397552490234
2007-01-08;43.88999938964844;45.349998474121094;43.630001068115234;45.310001373291016;627296300;38.81201171875
2007-01-15;45.349998474121094;45.400001525878906;43.90999984741211;44.16999816894531;539407200;37.83551025390625
2007-01-22;44.209999084472656;44.470001220703125;43.290000915527344;43.56999969482422;678782500;37.32155990600586
2007-01-29;43.459999084472656;44.400001525878906;43.33000183105469;44.15999984741211;577124700;37.82695007324219
2007-02-05;44.13999938964844;44.720001220703125;43.63999938964844;43.880001068115234;558275700;37.587100982666016
2007-02-12;43.869998931884766;44.86000061035156;43.59000015258789;44.709999084472656;536752700;38.298057556152344
2007-02-19;44.63999938964844;45.54999923706055;44.43000030517578;45.2599983215332;419304500;38.769187927246094
2007-02-26;45.47999954223633;45.5;42.2400016784668;42.47999954223633;1049581500;36.38787841796875
2007-03-05;42.150001525878906;43.34000015258789;42.060001373291016;42.93000030517578;696914800;36.77332305908203
2007-03-12;42.869998931884766;43.279998779296875;42.099998474121094;42.83000183105469;665084800;36.71079635620117
2007-03-19;43.060001373291016;44.45000076293945;42.95000076293945;44.119998931884766;531389000;37.81647872924805
2007-03-26;44.13999938964844;44.31999969482422;43.099998474121094;43.529998779296875;578277200;37.310752868652344
2007-04-02;43.66999816894531;44.58000183105469;43.29999923706055;44.560001373291016;334799600;38.19361114501953
2007-04-09;44.709999084472656;44.75;43.95000076293945;44.650001525878906;461800300;38.270748138427734
2007-04-16;44.83000183105469;45.66999816894531;44.720001220703125;45.400001525878906;454448400;38.913612365722656
2007-04-23;45.459999084472656;46.70000076293945;45.33000183105469;46.56999969482422;496109900;39.91643524169922
2007-04-30;46.4900016784668;46.88999938964844;45.65999984741211;46.630001068115234;511901900;39.967872619628906
2007-05-07;46.65999984741211;46.970001220703125;46.06999969482422;46.779998779296875;534612000;40.096435546875
2007-05-14;46.77000045776367;46.880001068115234;45.90999984741211;46.709999084472656;657589000;40.03645324707031
2007-05-21;46.7400016784668;47.369998931884766;45.970001220703125;46.45000076293945;623492900;39.8135871887207
2007-05-28;46.5;47.77000045776367;46.349998474121094;47.439998626708984;466286400;40.66215896606445
2007-06-04;47.27000045776367;47.63999938964844;46.15999984741211;46.90999984741211;798070700;40.207847595214844
2007-06-11;46.880001068115234;47.869998931884766;46.45000076293945;47.7599983215332;600963700;40.96842575073242
2007-06-18;47.849998474121094;47.91999816894531;47.08000183105469;47.290000915527344;643734000;40.565277099609375
2007-06-25;47.29999923706055;47.880001068115234;46.70000076293945;47.599998474121094;647351700;40.83119201660156
2007-07-02;47.709999084472656;48.90999984741211;47.68000030517578;48.86000061035156;255059200;41.912010192871094
2007-07-09;48.900001525878906;49.970001220703125;48.31999969482422;49.900001525878906;452688800;42.80412292480469
2007-07-16;49.88999938964844;50.65999984741211;49.63999938964844;50.04999923706055;627834200;42.932777404785156
2007-07-23;50.220001220703125;50.310001373291016;47.9900016784668;47.9900016784668;1018128600;41.16573715209961
2007-07-30;48.220001220703125;48.9900016784668;46.97999954223633;47.41999816894531;1071313900;40.67676544189453
2007-08-06;47.470001220703125;49.060001373291016;46.630001068115234;47.279998779296875;1012234600;40.55669403076172
2007-08-13;47.68000030517578;47.880001068115234;44.38999938964844;46.310001373291016;1071034300;39.724632263183594
2007-08-20;46.4900016784668;48.22999954223633;46.08000183105469;48.20000076293945;582409000;41.345863342285156
2007-08-27;48.060001373291016;49.060001373291016;46.709999084472656;48.869998931884766;525333400;41.92058563232422
2007-09-03;48.93000030517578;50.0;47.95000076293945;48.22999954223633;464190800;41.3715934753418
2007-09-10;48.619998931884766;49.369998931884766;47.810001373291016;49.220001220703125;502866000;42.220829010009766
2007-09-17;49.0;50.59000015258789;48.59000015258789;50.36000061035156;560160300;43.22116470336914
2007-09-24;50.4900016784668;51.68000030517578;50.33000183105469;51.40999984741211;453422800;44.12233352661133
2007-10-01;51.45000076293945;52.900001525878906;51.34000015258789;52.81999969482422;478039100;45.33244323730469
2007-10-08;52.79999923706055;53.939998626708984;52.279998779296875;53.529998779296875;620228200;45.94180679321289
2007-10-15;53.61000061035156;53.88999938964844;52.38999938964844;52.439998626708984;888843200;45.006317138671875
2007-10-22;52.15999984741211;54.209999084472656;52.02000045776367;53.93000030517578;1048229500;46.285099029541016
2007-10-29;54.189998626708984;55.06999969482422;53.599998474121094;54.41999816894531;764802200;46.70563888549805
2007-11-05;53.86000061035156;54.689998626708984;50.0;50.0;1170423100;42.91221237182617
2007-11-12;49.91999816894531;51.439998626708984;48.650001525878906;50.279998779296875;1317298500;43.15251159667969
2007-11-19;50.15999984741211;50.779998779296875;48.849998474121094;49.84000015258789;758103400;42.774871826171875
2007-11-26;49.970001220703125;52.25;48.900001525878906;51.310001373291016;922094200;44.0365104675293
2007-12-03;51.09000015258789;52.540000915527344;50.380001068115234;52.33000183105469;548330800;44.91193771362305
2007-12-10;52.459999084472656;52.84000015258789;50.88999938964844;50.970001220703125;687570300;43.74470138549805
2007-12-17;50.779998779296875;51.900001525878906;49.18000030517578;51.849998474121094;701514800;44.54632568359375
2007-12-24;52.0099983215332;52.630001068115234;51.43000030517578;51.81999969482422;226316200;44.520565032958984
2007-12-31;51.56999969482422;51.68000030517578;48.209999084472656;48.400001525878906;549201000;41.582313537597656
2008-01-07;48.400001525878906;48.7599983215332;46.459999084472656;47.04999923706055;1212408900;40.4224739074707
2008-01-14;47.689998626708984;48.0099983215332;44.97999954223633;45.349998474121094;1201931400;38.96193313598633
2008-01-21;42.83000183105469;45.869998931884766;41.61000061035156;43.9900016784668;1165409200;37.79352569580078
2008-01-28;44.02000045776367;45.880001068115234;43.56999969482422;45.59000015258789;931800000;39.16814041137695
2008-02-04;45.58000183105469;45.61000061035156;42.150001525878906;43.599998474121094;927521400;37.45843505859375
2008-02-11;43.77000045776367;44.880001068115234;43.45000076293945;43.81999969482422;684582800;37.6474609375
2008-02-18;44.400001525878906;44.5;42.599998474121094;43.68000030517578;533068100;37.527183532714844
2008-02-25;43.630001068115234;44.529998779296875;42.849998474121094;42.95000076293945;713424000;36.90000534057617
2008-03-03;42.91999816894531;43.540000915527344;41.380001068115234;42.06999969482422;895327700;36.143951416015625
2008-03-10;42.0099983215332;43.439998626708984;41.16999816894531;42.25;1017681000;36.298614501953125
2008-03-17;41.290000915527344;43.599998474121094;41.04999923706055;43.09000015258789;753985200;37.049217224121094
2008-03-24;43.279998779296875;45.06999969482422;43.279998779296875;43.4900016784668;623641000;37.393150329589844
2008-03-31;43.650001525878906;46.349998474121094;43.45000076293945;45.86000061035156;662920800;39.43089294433594
2008-04-07;46.13999938964844;46.40999984741211;44.119998931884766;44.279998779296875;559823800;38.07238006591797
2008-04-14;44.209999084472656;46.93000030517578;43.68000030517578;46.709999084472656;605510400;40.161720275878906
2008-04-21;46.619998931884766;47.790000915527344;45.93000030517578;47.150001525878906;607533400;40.5400390625
2008-04-28;47.2599983215332;49.189998626708984;47.029998779296875;48.77000045776367;563254200;41.932945251464844
2008-05-05;48.77000045776367;49.22999954223633;47.869998931884766;48.209999084472656;580336300;41.45143508911133
2008-05-12;48.279998779296875;50.11000061035156;48.20000076293945;50.0099983215332;622464900;42.99908447265625
2008-05-19;50.04999923706055;50.470001220703125;47.81999969482422;48.20000076293945;744915700;41.442848205566406
2008-05-26;48.29999923706055;50.2400016784668;48.290000915527344;50.0099983215332;466493900;42.99908447265625
2008-06-02;49.91999816894531;50.61000061035156;48.66999816894531;49.029998779296875;802627300;42.156490325927734
2008-06-09;49.130001068115234;49.189998626708984;47.0;48.369998931884766;899830900;41.58900833129883
2008-06-16;48.119998931884766;49.060001373291016;47.209999084472656;47.41999816894531;847352400;40.80064010620117
2008-06-23;47.61000061035156;48.0;44.970001220703125;45.650001525878906;860186100;39.27770233154297
2008-06-30;45.5099983215332;46.130001068115234;44.279998779296875;44.630001068115234;701101400;38.40009307861328
2008-07-07;45.040000915527344;46.029998779296875;43.849998474121094;44.560001373291016;1059989000;38.339874267578125
2008-07-14;45.13999938964844;45.81999969482422;43.29999923706055;44.59000015258789;1005544800;38.36568832397461
2008-07-21;45.0;45.88999938964844;43.86000061035156;45.27000045776367;707069100;38.95075607299805
2008-07-28;45.2599983215332;46.150001525878906;44.209999084472656;44.880001068115234;792822800;38.61519241333008
2008-08-04;44.869998931884766;47.439998626708984;44.29999923706055;47.31999969482422;697346400;40.71458435058594
2008-08-11;47.29999923706055;48.56999969482422;47.13999938964844;48.15999984741211;748676600;41.43733596801758
2008-08-18;48.29999923706055;48.310001373291016;46.380001068115234;47.4900016784668;677708100;40.86087417602539
2008-08-25;47.15999984741211;47.279998779296875;45.91999816894531;46.119998931884766;589784800;39.68208694458008
2008-09-01;46.869998931884766;47.08000183105469;42.810001373291016;43.45000076293945;790942600;37.38481521606445
2008-09-08;44.02000045776367;44.220001220703125;42.16999816894531;43.43000030517578;1061396300;37.36760711669922
2008-09-15;42.400001525878906;43.83000183105469;39.5;42.900001525878906;1993694800;36.93647766113281
2008-09-22;42.7400016784668;42.84000015258789;40.220001220703125;41.08000183105469;839245600;35.36945724487305
2008-09-29;40.2599983215332;40.380001068115234;36.099998474121094;36.18000030517578;1141664500;31.150617599487305
2008-10-06;35.2599983215332;35.529998779296875;29.3799991607666;31.31999969482422;2000251800;26.96619987487793
2008-10-13;32.86000061035156;36.150001525878906;29.25;32.29999923706055;1752037900;27.809965133666992
2008-10-20;32.7599983215332;33.2599983215332;28.09000015258789;29.510000228881836;1462805800;25.407814025878906
2008-10-27;29.170000076293945;33.43000030517578;28.65999984741211;32.88999938964844;1387410900;28.31795883178711
2008-11-03;32.810001373291016;34.0099983215332;30.399999618530273;31.190000534057617;892460400;26.85427474975586
2008-11-10;31.969999313354492;31.969999313354492;27.280000686645508;28.979999542236328;1067751600;24.951480865478516
2008-11-17;28.489999771118164;29.229999542236328;25.049999237060547;26.670000076293945;1324896800;22.96259117126465
2008-11-24;27.219999313354492;29.360000610351562;26.979999542236328;29.1200008392334;634177100;25.072025299072266
2008-12-01;28.5;29.06999969482422;26.84000015258789;28.940000534057617;963001800;24.917051315307617
2008-12-08;29.59000015258789;30.829999923706055;28.469999313354492;29.68000030517578;852027400;25.554176330566406
2008-12-15;29.729999542236328;30.65999984741211;28.739999771118164;29.860000610351562;697965900;25.746484756469727
2008-12-22;29.860000610351562;29.920000076293945;28.739999771118164;29.1299991607666;212276100;25.117053985595703
2008-12-29;29.209999084472656;31.1299991607666;28.459999084472656;31.030000686645508;326859000;26.75530433654785
2009-01-05;30.829999923706055;31.6299991607666;29.920000076293945;30.06999969482422;611487900;25.92755699157715
2009-01-12;30.110000610351562;30.149999618530273;28.06999969482422;29.420000076293945;793332200;25.36709976196289
2009-01-19;29.299999237060547;29.43000030517578;27.959999084472656;28.899999618530273;655052200;24.91873550415039
2009-01-26;28.940000534057617;30.649999618530273;28.75;29.059999465942383;661778800;25.056692123413086
2009-02-02;28.780000686645508;31.510000228881836;28.739999771118164;31.3700008392334;805210200;27.0484676361084
2009-02-09;31.389999389648438;31.68000030517578;29.639999389648438;30.43000030517578;846987400;26.23796272277832
2009-02-16;29.489999771118164;29.670000076293945;28.389999389648438;28.8700008392334;685130000;24.892858505249023
2009-02-23;29.030000686645508;29.170000076293945;27.389999389648438;27.530000686645508;986746600;23.737464904785156
2009-03-02;27.1200008392334;27.709999084472656;25.709999084472656;26.299999237060547;929898700;22.676902770996094
2009-03-09;26.09000015258789;28.84000015258789;25.6299991607666;28.739999771118164;870440500;24.7807674407959
2009-03-16;28.93000030517578;30.200000762939453;28.190000534057617;29.18000030517578;864241700;25.20176124572754
2009-03-23;29.899999618530273;31.459999084472656;29.200000762939453;30.81999969482422;827379400;26.618181228637695
2009-03-30;30.299999237060547;32.400001525878906;29.6200008392334;32.349998474121094;797963200;27.93958282470703
2009-04-06;31.989999771118164;33.0099983215332;31.209999084472656;32.939998626708984;565942400;28.449146270751953
2009-04-13;32.84000015258789;33.5;31.850000381469727;33.310001373291016;669191100;28.768714904785156
2009-04-20;32.709999084472656;33.93000030517578;32.060001373291016;33.689998626708984;756447800;29.096899032592773
2009-04-27;33.41999816894531;34.900001525878906;33.349998474121094;34.369998931884766;615363100;29.684186935424805
2009-05-04;34.68000030517578;35.34000015258789;33.880001068115234;34.22999954223633;811719400;29.563274383544922
2009-05-11;33.790000915527344;34.720001220703125;32.959999084472656;33.369998931884766;727514500;28.82053565979004
2009-05-18;33.599998474121094;35.040000915527344;33.310001373291016;33.540000915527344;598057300;28.96735382080078
2009-05-25;33.25;35.5;33.18000030517578;35.380001068115234;496673000;30.556488037109375
2009-06-01;35.7599983215332;37.08000183105469;35.61000061035156;36.779998779296875;550554000;31.765628814697266
2009-06-08;36.54999923706055;37.22999954223633;36.119998931884766;36.650001525878906;589148900;31.653343200683594
2009-06-15;36.29999923706055;36.36000061035156;35.45000076293945;36.15999984741211;624436400;31.26856231689453
2009-06-22;35.83000183105469;36.5;34.77000045776367;36.369998931884766;556148100;31.45016098022461
2009-06-29;36.470001220703125;36.84000015258789;35.5;35.599998474121094;390946400;30.784311294555664
2009-07-06;35.380001068115234;35.540000915527344;34.29999923706055;34.91999816894531;616515400;30.196292877197266
2009-07-13;34.95000076293945;37.56999969482422;34.47999954223633;37.560001373291016;628690700;32.47918701171875
2009-07-20;37.7599983215332;39.4900016784668;37.61000061035156;39.04999923706055;611116600;33.76763153076172
2009-07-27;39.33000183105469;40.18000030517578;38.869998931884766;39.45000076293945;519999300;34.11353302001953
2009-08-03;39.869998931884766;40.189998626708984;39.2400016784668;39.880001068115234;554886200;34.4853515625
2009-08-10;39.7400016784668;40.220001220703125;39.04999923706055;39.630001068115234;560913100;34.2691764831543
2009-08-17;38.959999084472656;40.36000061035156;38.459999084472656;40.290000915527344;500463400;34.839908599853516
2009-08-24;40.36000061035156;41.08000183105469;39.66999816894531;40.439998626708984;535471500;34.9696044921875
2009-08-31;40.13999938964844;40.59000015258789;39.02000045776367;40.36000061035156;503781100;34.90041732788086
2009-09-07;40.68000030517578;41.619998931884766;40.459999084472656;41.52000045776367;363462700;35.903499603271484
2009-09-14;41.25;42.65999984741211;41.209999084472656;42.439998626708984;468532500;36.734554290771484
2009-09-21;42.20000076293945;43.16999816894531;41.58000183105469;41.70000076293945;511146300;36.09406280517578
2009-09-28;41.93000030517578;42.65999984741211;40.720001220703125;40.880001068115234;649673100;35.38428497314453
2009-10-05;41.09000015258789;42.619998931884766;40.83000183105469;42.47999954223633;486148200;36.769187927246094
2009-10-12;42.650001525878906;43.209999084472656;42.279998779296875;42.779998779296875;412798200;37.02885818481445
2009-10-19;42.810001373291016;43.81999969482422;42.59000015258789;43.130001068115234;486649500;37.331809997558594
2009-10-26;43.20000076293945;43.7599983215332;40.91999816894531;40.959999084472656;620064500;35.45353317260742
2009-11-02;41.0;42.650001525878906;40.63999938964844;42.599998474121094;577051300;36.87306213378906
2009-11-09;42.93000030517578;44.15999984741211;42.880001068115234;44.0099983215332;439529100;38.09351348876953
2009-11-16;44.20000076293945;44.650001525878906;43.279998779296875;43.439998626708984;455371000;37.60012435913086
2009-11-23;43.88999938964844;44.400001525878906;42.900001525878906;43.5099983215332;251151600;37.66073226928711
2009-11-30;43.40999984741211;44.72999954223633;43.11000061035156;44.119998931884766;445813800;38.188716888427734
2009-12-07;44.09000015258789;44.59000015258789;43.31999969482422;44.130001068115234;376279900;38.197364807128906
2009-12-14;44.43000030517578;44.70000076293945;43.7599983215332;44.459999084472656;357649800;38.5472412109375
2009-12-21;44.689998626708984;45.97999954223633;44.66999816894531;45.97999954223633;239629100;39.865081787109375
2009-12-28;46.09000015258789;46.29999923706055;45.75;45.75;189483500;39.665672302246094
2010-01-04;46.33000183105469;46.54999923706055;45.91999816894531;46.54999923706055;387772100;40.359256744384766
2010-01-11;46.61000061035156;46.63999938964844;45.529998779296875;45.849998474121094;498066600;39.75235366821289
2010-01-18;45.959999084472656;46.63999938964844;44.040000915527344;44.15999984741211;606106500;38.28712463378906
2010-01-25;44.43000030517578;44.88999938964844;42.630001068115234;42.790000915527344;890207300;37.09932327270508
2010-02-01;42.900001525878906;43.970001220703125;42.119998931884766;42.97999954223633;706407500;37.26404571533203
2010-02-08;42.90999984741211;43.880001068115234;42.63999938964844;43.7599983215332;494402600;37.940311431884766
2010-02-15;44.08000183105469;45.04999923706055;43.849998474121094;44.83000183105469;312722200;38.868011474609375
2010-02-22;45.0099983215332;45.029998779296875;43.83000183105469;44.7599983215332;418644100;38.807334899902344
2010-03-01;44.959999084472656;46.540000915527344;44.95000076293945;46.439998626708984;342001300;40.263885498046875
2010-03-08;46.459999084472656;47.529998779296875;46.400001525878906;47.36000061035156;390872700;41.06156921386719
2010-03-15;47.2599983215332;47.95000076293945;46.90999984741211;47.4900016784668;374911100;41.21821212768555
2010-03-22;47.29999923706055;48.599998474121094;47.25;48.0;348443800;41.66084289550781
2010-03-29;48.2400016784668;48.70000076293945;47.790000915527344;48.15999984741211;251106600;41.799720764160156
2010-04-05;48.27000045776367;49.04999923706055;48.13999938964844;49.029998779296875;310070500;42.55482482910156
2010-04-12;49.04999923706055;50.189998626708984;48.86000061035156;49.529998779296875;372303600;42.98878479003906
2010-04-19;49.349998474121094;50.56999969482422;48.900001525878906;50.52000045776367;430226500;43.848052978515625
2010-04-26;50.56999969482422;50.650001525878906;48.97999954223633;49.2400016784668;505128300;42.73709487915039
2010-05-03;49.45000076293945;50.16999816894531;42.63999938964844;45.40999984741211;906423600;39.41291046142578
2010-05-10;47.43000030517578;48.790000915527344;46.380001068115234;46.93000030517578;584750500;40.732173919677734
2010-05-17;47.02000045776367;47.58000183105469;43.4900016784668;44.84000015258789;812962900;38.918174743652344
2010-05-24;44.81999969482422;45.9900016784668;43.22999954223633;45.599998474121094;648091100;39.57781982421875
2010-05-31;45.43000030517578;46.77000045776367;44.939998626708984;45.09000015258789;413270300;39.13515853881836
2010-06-07;45.31999969482422;45.540000915527344;43.59000015258789;45.5;474655000;39.491004943847656
2010-06-14;45.91999816894531;47.34000015258789;45.40999984741211;47.0;375850600;40.87023162841797
2010-06-21;47.599998474121094;47.68000030517578;44.95000076293945;45.27000045776367;485265300;39.443275451660156
2010-06-28;45.27000045776367;45.54999923706055;41.77000045776367;42.470001220703125;546307700;37.00365447998047
2010-07-05;43.099998474121094;44.630001068115234;42.25;44.619998931884766;287156100;38.876930236816406
2010-07-12;44.58000183105469;45.810001373291016;44.29999923706055;44.34000015258789;436749500;38.63298416137695
2010-07-19;44.470001220703125;46.099998474121094;43.86000061035156;46.060001373291016;418385400;40.13158416748047
2010-07-26;46.119998931884766;46.720001220703125;45.06999969482422;45.810001373291016;369122300;39.91376495361328
2010-08-02;46.38999938964844;46.9900016784668;46.04999923706055;46.7599983215332;283873400;40.74147033691406
2010-08-09;47.0;47.189998626708984;44.45000076293945;44.720001220703125;318229300;38.96406936645508
2010-08-16;44.5;45.81999969482422;44.29999923706055;44.91999816894531;323011600;39.13832473754883
2010-08-23;45.20000076293945;45.34000015258789;42.970001220703125;44.06999969482422;436723700;38.397735595703125
2010-08-30;43.86000061035156;46.02000045776367;43.18000030517578;46.0099983215332;310821100;40.08802795410156
2010-09-06;45.81999969482422;46.70000076293945;45.630001068115234;46.599998474121094;246547100;40.60209655761719
2010-09-13;46.959999084472656;48.13999938964844;46.939998626708984;47.9900016784668;366295800;41.91109848022461
2010-09-20;48.16999816894531;49.689998626708984;48.11000061035156;49.65999984741211;419598800;43.36955642700195
2010-09-27;49.630001068115234;49.84000015258789;48.59000015258789;49.0099983215332;430595900;42.801876068115234
2010-10-04;48.869998931884766;49.869998931884766;48.20000076293945;49.75;411409600;43.44814682006836
2010-10-11;49.779998779296875;51.5;49.2599983215332;51.4900016784668;379692600;44.96775436401367
2010-10-18;51.5;51.720001220703125;50.41999816894531;51.63999938964844;392292900;45.0987434387207
2010-10-25;51.849998474121094;52.4900016784668;51.41999816894531;52.18000030517578;277284300;45.570335388183594
2010-11-01;52.369998931884766;53.86000061035156;51.97999954223633;53.66999816894531;397057000;46.871612548828125
2010-11-08;53.58000183105469;54.040000915527344;52.11000061035156;52.5099983215332;374333800;45.8585319519043
2010-11-15;52.779998779296875;52.880001068115234;50.849998474121094;52.470001220703125;361651000;45.82361602783203
2010-11-22;52.2599983215332;53.25;51.77000045776367;52.77000045776367;223821700;46.085601806640625
2010-11-29;52.70000076293945;53.939998626708984;51.880001068115234;53.869998931884766;384748800;47.046268463134766
2010-12-06;53.880001068115234;54.54999923706055;53.68000030517578;54.4900016784668;242822200;47.58773422241211
2010-12-13;54.70000076293945;54.7400016784668;54.029998779296875;54.52000045776367;302310500;47.70833206176758
2010-12-20;54.619998931884766;54.959999084472656;54.15999984741211;54.7400016784668;141366300;47.90082931518555
2010-12-27;54.58000183105469;54.91999816894531;54.209999084472656;54.459999084472656;143650300;47.655826568603516
2011-01-03;54.970001220703125;56.04999923706055;54.91999816894531;55.869998931884766;297034500;48.88966751098633
2011-01-10;55.75;57.02000045776367;55.58000183105469;57.0;255426800;49.87848663330078
2011-01-17;56.56999969482422;57.2599983215332;55.650001525878906;55.68000030517578;285603900;48.72339630126953
2011-01-24;55.790000915527344;57.349998474121094;55.470001220703125;55.72999954223633;356972100;48.76716232299805
2011-01-31;55.810001373291016;57.41999816894531;55.38999938964844;57.380001068115234;289174900;50.21098709106445
2011-02-07;57.4900016784668;58.47999954223633;57.400001525878906;58.439998626708984;264316000;51.13857650756836
2011-02-14;58.439998626708984;59.040000915527344;58.22999954223633;58.72999954223633;223987800;51.39234161376953
2011-02-21;57.93000030517578;58.130001068115234;56.130001068115234;57.650001525878906;343251700;50.447288513183594
2011-02-28;57.880001068115234;58.369998931884766;56.70000076293945;57.970001220703125;331424600;50.72727966308594
2011-03-07;58.209999084472656;58.2599983215332;55.81999969482422;56.4900016784668;430207100;49.432212829589844
2011-03-14;56.18000030517578;56.59000015258789;53.77000045776367;54.45000076293945;540671700;47.71430587768555
2011-03-21;55.279998779296875;57.220001220703125;54.5;56.84000015258789;297583700;49.808658599853516
2011-03-28;57.09000015258789;57.900001525878906;56.22999954223633;57.459999084472656;248790800;50.35194778442383
2011-04-04;57.619998931884766;57.72999954223633;56.650001525878906;56.95000076293945;257019800;49.90504455566406
2011-04-11;57.16999816894531;57.290000915527344;56.150001525878906;56.650001525878906;264928400;49.64216232299805
2011-04-18;56.08000183105469;58.470001220703125;55.31999969482422;58.34000015258789;218737700;51.123111724853516
2011-04-25;58.38999938964844;59.290000915527344;58.279998779296875;59.08000183105469;224173500;51.771583557128906
2011-05-02;59.16999816894531;59.34000015258789;58.08000183105469;58.470001220703125;284053600;51.23702621459961
2011-05-09;58.56999969482422;59.310001373291016;58.2400016784668;58.40999984741211;269582200;51.184444427490234
2011-05-16;58.13999938964844;58.34000015258789;56.97999954223633;57.77000045776367;258321500;50.62360763549805
2011-05-23;56.97999954223633;57.4900016784668;56.470001220703125;57.43000030517578;195075100;50.3256721496582
2011-05-30;57.970001220703125;58.36000061035156;56.27000045776367;56.349998474121094;207356900;49.379276275634766
2011-06-06;56.220001220703125;56.529998779296875;54.59000015258789;54.63999938964844;241961200;47.88081359863281
2011-06-13;54.66999816894531;55.470001220703125;53.619998931884766;53.790000915527344;273977700;47.24164962768555
2011-06-20;53.63999938964844;55.369998931884766;53.63999938964844;54.380001068115234;267170600;47.75981521606445
2011-06-27;54.439998626708984;57.9900016784668;54.31999969482422;57.90999984741211;265956100;50.86009979248047
2011-07-04;57.970001220703125;59.36000061035156;57.83000183105469;59.029998779296875;216730800;51.8437385559082
2011-07-11;58.40999984741211;58.709999084472656;56.869998931884766;57.849998474121094;385515300;50.80739974975586
2011-07-18;57.529998779296875;59.70000076293945;56.97999954223633;59.599998474121094;304271500;52.34435272216797
2011-07-25;59.130001068115234;59.83000183105469;57.439998626708984;58.0;317696900;50.93914031982422
2011-08-01;58.70000076293945;58.81999969482422;52.31999969482422;53.83000183105469;626828500;47.276798248291016
2011-08-08;52.18000030517578;53.900001525878906;49.93000030517578;53.56999969482422;838738100;47.04845428466797
2011-08-15;53.790000915527344;54.41999816894531;49.9900016784668;50.029998779296875;473884100;43.93937683105469
2011-08-22;51.22999954223633;53.310001373291016;50.060001373291016;53.130001068115234;418190800;46.66201400756836
2011-08-29;53.65999984741211;55.7400016784668;52.9900016784668;53.279998779296875;283848200;46.79374313354492
2011-09-05;52.040000915527344;55.16999816894531;51.90999984741211;53.18000030517578;227030700;46.70591354370117
2011-09-12;52.59000015258789;56.650001525878906;52.56999969482422;56.59000015258789;391188500;49.79296875
2011-09-19;55.88999938964844;57.349998474121094;52.75;54.150001525878906;457377100;47.646034240722656
2011-09-26;54.41999816894531;56.20000076293945;52.459999084472656;52.4900016784668;475937400;46.18541717529297
2011-10-03;52.02000045776367;54.65999984741211;50.099998474121094;54.06999969482422;489453300;47.57564926147461
2011-10-10;54.9900016784668;58.189998626708984;54.88999938964844;58.18000030517578;329394200;51.191993713378906
2011-10-17;57.90999984741211;58.290000915527344;55.790000915527344;57.29999923706055;365069400;50.417686462402344
2011-10-24;57.5099983215332;59.20000076293945;56.209999084472656;58.939998626708984;372348000;51.86069869995117
2011-10-31;58.43000030517578;58.63999938964844;56.119998931884766;57.79999923706055;365979000;50.85763931274414
2011-11-07;57.7599983215332;58.97999954223633;56.22999954223633;57.849998474121094;318528300;50.90162658691406
2011-11-14;57.689998626708984;58.36000061035156;55.29999923706055;55.400001525878906;327288200;48.74590301513672
2011-11-21;54.650001525878906;54.72999954223633;52.869998931884766;52.880001068115234;178109200;46.52857208251953
2011-11-28;54.16999816894531;57.34000015258789;54.13999938964844;56.619998931884766;247987100;49.819358825683594
2011-12-05;57.470001220703125;57.619998931884766;56.0099983215332;57.02000045776367;231188900;50.17131805419922
2011-12-12;56.41999816894531;57.0099983215332;54.58000183105469;54.86000061035156;307364000;48.41312789916992
2011-12-19;55.06999969482422;56.08000183105469;54.16999816894531;56.08000183105469;273973700;49.48979187011719
2011-12-26;55.9900016784668;56.41999816894531;55.439998626708984;55.83000183105469;109533900;49.312232971191406
2012-01-02;56.90999984741211;57.939998626708984;56.560001373291016;57.810001373291016;156503300;51.061100006103516
2012-01-09;57.959999084472656;58.470001220703125;57.43000030517578;58.18000030517578;174458200;51.38789367675781
2012-01-16;58.689998626708984;59.970001220703125;58.4900016784668;59.77000045776367;179299700;52.79227066040039
2012-01-23;59.779998779296875;60.79999923706055;59.40999984741211;60.400001525878906;224375300;53.34873962402344
2012-01-30;59.88999938964844;62.119998931884766;59.65999984741211;62.04999923706055;223221500;54.80609130859375
2012-02-06;61.81999969482422;62.97999954223633;61.65999984741211;62.470001220703125;212595000;55.177066802978516
2012-02-13;62.939998626708984;63.86000061035156;62.630001068115234;63.43000030517578;353922100;56.02498245239258
2012-02-20;63.5;64.06999969482422;63.09000015258789;63.959999084472656;176930900;56.49311828613281
2012-02-27;63.61000061035156;65.08000183105469;63.33000183105469;64.87000274658203;247097500;57.29689407348633
2012-03-05;64.83000183105469;65.13999938964844;63.22999954223633;65.0199966430664;229997500;57.42937469482422
2012-03-12;65.0;66.81999969482422;64.72000122070312;66.5199966430664;272727600;58.854000091552734
2012-03-19;66.62999725341797;67.48999786376953;66.44999694824219;66.94000244140625;250400500;59.225624084472656
2012-03-26;67.38999938964844;68.51000213623047;67.19999694824219;67.55000305175781;216011600;59.76532745361328
2012-04-02;67.4800033569336;68.55000305175781;66.91000366210938;67.72000122070312;182639500;59.91569900512695
2012-04-09;66.87999725341797;67.4800033569336;65.91999816894531;66.19000244140625;281747300;58.56204605102539
2012-04-16;66.5199966430664;67.16999816894531;65.23999786376953;65.68000030517578;288504300;58.11079788208008
2012-04-23;65.05999755859375;67.44999694824219;64.44999694824219;67.23999786376953;265506100;59.49103546142578
2012-04-30;67.04000091552734;67.62999725341797;64.69000244140625;64.69999694824219;272582400;57.243751525878906
2012-05-07;64.30999755859375;65.06999969482422;63.47999954223633;64.18000030517578;305191600;56.78367614746094
2012-05-14;63.630001068115234;64.2699966430664;60.7599983215332;60.810001373291016;307844900;53.802032470703125
2012-05-21;60.93000030517578;62.95000076293945;60.849998474121094;62.06999969482422;296589000;54.91684341430664
2012-05-28;62.650001525878906;63.150001525878906;60.38999938964844;60.40999984741211;227339400;53.448143005371094
2012-06-04;60.58000183105469;63.18000030517578;60.040000915527344;62.869998931884766;258963800;55.6246337890625
2012-06-11;63.349998474121094;63.380001068115234;61.68000030517578;62.9900016784668;257358300;55.8588981628418
2012-06-18;62.72999954223633;64.56999969482422;62.619998931884766;63.349998474121094;192054300;56.17815017700195
2012-06-25;62.83000183105469;64.16000366210938;61.540000915527344;64.16000366210938;194008000;56.89646911621094
2012-07-02;64.25;65.25;63.650001525878906;64.12000274658203;127021000;56.860965728759766
2012-07-09;64.05000305175781;64.51000213623047;61.86000061035156;63.380001068115234;216463600;56.20473861694336
2012-07-16;63.2400016784668;65.30999755859375;62.630001068115234;64.23999786376953;208169800;56.96738815307617
2012-07-23;62.9900016784668;64.98999786376953;62.150001525878906;64.87000274658203;236741100;57.52607345581055
2012-07-30;65.02999877929688;65.87999725341797;63.90999984741211;65.5999984741211;185982100;58.17340850830078
2012-08-06;65.94000244140625;66.91999816894531;65.80000305175781;66.86000061035156;113508600;59.290767669677734
2012-08-13;66.83999633789062;68.33000183105469;66.5;68.31999969482422;131494100;60.58546829223633
2012-08-20;68.2699966430664;68.87999725341797;67.5999984741211;68.29000091552734;180055900;60.55888366699219
2012-08-27;68.58000183105469;68.66999816894531;67.47000122070312;68.16000366210938;141235100;60.4435920715332
2012-09-03;68.02999877929688;69.55000305175781;67.41999816894531;69.43000030517578;134205100;61.569847106933594
2012-09-10;69.25;70.43000030517578;68.20999908447266;70.18000030517578;181801600;62.23493576049805
2012-09-17;70.22000122070312;70.58000183105469;69.87000274658203;70.1500015258789;161651500;62.38572692871094
2012-09-24;69.56999969482422;70.08000183105469;67.8499984741211;68.56999969482422;161863700;60.980594635009766
2012-10-01;68.9000015258789;69.80000305175781;68.12999725341797;68.9800033569336;160542100;61.34521484375
2012-10-08;68.58000183105469;68.72000122070312;66.55000305175781;66.68000030517578;199380400;59.29979705810547
2012-10-15;66.93000030517578;68.30000305175781;65.5999984741211;65.68000030517578;226690300;58.41046905517578
2012-10-22;65.6500015258789;66.19000244140625;64.6500015258789;65.3499984741211;237986900;58.117008209228516
2012-10-29;65.2699966430664;66.20999908447266;64.7300033569336;65.16999816894531;109552500;57.9569206237793
2012-11-05;65.18000030517578;66.16999816894531;63.15999984741211;63.43000030517578;238568800;56.40951156616211
2012-11-12;63.79999923706055;63.869998931884766;61.310001373291016;62.29999923706055;284604600;55.40458679199219
2012-11-19;62.97999954223633;64.91999816894531;62.959999084472656;64.9000015258789;143393700;57.71681594848633
2012-11-26;64.73999786376953;66.13999938964844;64.25;65.80000305175781;164188800;58.51719665527344
2012-12-03;66.30999755859375;66.37000274658203;64.52999877929688;64.93000030517578;209502400;57.74348068237305
2012-12-10;64.75;66.33999633789062;64.47000122070312;64.69000244140625;204986100;57.53004455566406
2012-12-17;64.75;66.76000213623047;64.5999984741211;65.19999694824219;224638600;58.30653381347656
2012-12-24;65.02999877929688;65.18000030517578;63.599998474121094;63.779998779296875;119184900;57.036678314208984
2012-12-31;63.709999084472656;67.33999633789062;63.58000183105469;66.62999725341797;209578900;59.585357666015625
2013-01-07;66.45999908447266;67.29000091552734;66.16999816894531;67.26000213623047;139788000;60.14875030517578
2013-01-14;66.91999816894531;67.4800033569336;66.33000183105469;67.06999969482422;166282300;59.97882843017578
2013-01-21;67.13999938964844;67.79000091552734;66.55999755859375;67.0;145935200;59.916221618652344
2013-01-28;67.01000213623047;67.77999877929688;66.62999725341797;67.66000366210938;190917100;60.50648498535156
2013-02-04;67.2699966430664;68.12999725341797;66.45999908447266;67.98999786376953;213052300;60.80155563354492
2013-02-11;68.02999877929688;68.2300033569336;67.55999755859375;67.75;113015400;60.58693313598633
2013-02-18;67.87999725341797;68.26000213623047;66.2300033569336;67.13999938964844;129460400;60.041439056396484
2013-02-25;67.56999969482422;67.80999755859375;65.95999908447266;67.37999725341797;179530400;60.25605392456055
2013-03-04;67.16000366210938;69.0199966430664;67.06999969482422;68.7699966430664;131969300;61.49908447265625
2013-03-11;68.68000030517578;69.01000213623047;68.33999633789062;68.51000213623047;147344000;61.40837860107422
2013-03-18;67.87999725341797;68.86000061035156;67.62000274658203;68.58999633789062;156211500;61.48008728027344
2013-03-25;68.80999755859375;69.05999755859375;68.01000213623047;68.97000122070312;90837300;61.820716857910156
2013-04-01;69.0199966430664;69.2699966430664;67.19000244140625;67.86000061035156;180574100;60.825767517089844
2013-04-08;67.88999938964844;70.16999816894531;67.69000244140625;69.94000244140625;174111600;62.69016647338867
2013-04-15;69.68000030517578;69.79000091552734;66.87999725341797;68.08999633789062;236544200;61.03190612792969
2013-04-22;68.33000183105469;70.05000305175781;68.08000183105469;69.56999969482422;182508000;62.3585205078125
2013-04-29;69.79000091552734;72.33999633789062;69.76000213623047;72.12000274658203;156142900;64.6441650390625
2013-05-06;72.25;73.0999984741211;72.08999633789062;73.05000305175781;119335400;65.47776794433594
2013-05-13;72.93000030517578;74.33000183105469;72.86000061035156;74.30000305175781;151322200;66.59817504882812
2013-05-20;74.16000366210938;74.94999694824219;72.76000213623047;73.41000366210938;185528000;65.80045318603516
2013-05-27;74.2699966430664;74.54000091552734;73.12000274658203;73.25;129885500;65.65703582763672
2013-06-03;73.26000213623047;73.81999969482422;71.47000122070312;73.38999938964844;226013100;65.78253936767578
2013-06-10;73.52999877929688;73.76000213623047;71.55000305175781;72.27999877929688;163663000;64.78758239746094
2013-06-17;72.8499984741211;73.72000122070312;69.83999633789062;70.43000030517578;212907400;63.32906723022461
2013-06-24;69.8499984741211;71.69000244140625;69.1500015258789;71.2699966430664;145978100;64.08439636230469
2013-07-01;71.75;72.61000061035156;71.3499984741211;72.58000183105469;95654100;65.26231384277344
2013-07-08;72.95999908447266;75.3499984741211;72.37999725341797;75.30000305175781;151447500;67.70805358886719
2013-07-15;75.37999725341797;75.73999786376953;74.37000274658203;74.58999633789062;150173400;67.06963348388672
2013-07-22;74.87000274658203;75.37999725341797;74.19999694824219;75.37000274658203;114350100;67.7710189819336
2013-07-29;75.22000122070312;76.98999786376953;75.02999877929688;76.97000122070312;105055900;69.20967102050781
2013-08-05;76.93000030517578;77.08000183105469;75.87000274658203;76.48999786376953;97971900;68.77810668945312
2013-08-12;76.19999694824219;77.2699966430664;75.29000091552734;75.4800033569336;137585500;67.86991119384766
2013-08-19;75.48999786376953;76.7699966430664;75.13999938964844;76.66999816894531;117101600;68.93993377685547
2013-08-26;76.7300033569336;77.27999877929688;74.95999908447266;75.47000122070312;141601200;67.8609390258789
2013-09-02;76.08999633789062;77.33999633789062;75.54000091552734;76.93000030517578;99909200;69.1737289428711
2013-09-09;77.26000213623047;78.31999969482422;77.2300033569336;78.05999755859375;116179400;70.1897964477539
2013-09-16;78.72000122070312;79.69000244140625;77.66999816894531;78.98999786376953;137357900;71.23930358886719
2013-09-23;79.31999969482422;79.41000366210938;78.4000015258789;79.06999969482422;122510400;71.31145477294922
2013-09-30;78.25;79.76000213623047;78.0;79.4000015258789;152516300;71.60907745361328
2013-10-07;78.69999694824219;79.3499984741211;76.3499984741211;79.2300033569336;201691300;71.45575714111328
2013-10-14;78.73999786376953;82.18000030517578;78.68000030517578;82.1500015258789;188713500;74.08924865722656
2013-10-21;82.33999633789062;83.27999877929688;81.55000305175781;82.9000015258789;172122600;74.76561737060547
2013-10-28;82.91000366210938;83.48999786376953;82.4000015258789;82.80999755859375;161209700;74.68449401855469
2013-11-04;83.05999755859375;83.4000015258789;81.37000274658203;82.54000091552734;154030100;74.44097900390625
2013-11-11;82.41999816894531;83.95999908447266;82.0;83.95999908447266;127889800;75.72161865234375
2013-11-18;83.94000244140625;84.11000061035156;82.45999908447266;83.98999786376953;142888600;75.74868774414062
2013-11-25;84.29000091552734;85.83999633789062;83.9800033569336;85.7300033569336;86663100;77.31794738769531
2013-12-02;85.83000183105469;86.18000030517578;84.77999877929688;86.0;177367000;77.56146240234375
2013-12-09;86.3499984741211;86.52999877929688;84.70999908447266;84.8499984741211;154121100;76.52430725097656
2013-12-16;85.2699966430664;86.68000030517578;84.05000305175781;86.5;203184100;78.26020050048828
2013-12-23;87.20999908447266;87.9000015258789;86.94999694824219;87.5199966430664;73102800;79.18302917480469
2013-12-30;87.38999938964844;87.95999908447266;86.62000274658203;86.63999938964844;108775400;78.3868637084961
2014-01-06;86.66000366210938;87.63999938964844;86.0;87.30000305175781;146814700;78.98396301269531
2014-01-13;87.18000030517578;88.54000091552734;85.68000030517578;87.87999725341797;194382700;79.50875854492188
2014-01-20;88.44000244140625;89.0;86.70999908447266;86.73999786376953;154776100;78.47735595703125
2014-01-27;86.73999786376953;86.88999938964844;84.76000213623047;86.2699966430664;270858000;78.05209350585938
2014-02-03;86.11000061035156;87.36000061035156;83.73999786376953;87.30000305175781;215662200;78.98396301269531
2014-02-10;87.2699966430664;90.01000213623047;87.20999908447266;89.80999755859375;175015000;81.25489807128906
2014-02-17;89.95999908447266;90.47000122070312;89.30999755859375;89.93000030517578;144303500;81.36347961425781
2014-02-24;90.13999938964844;90.95999908447266;89.54000091552734;90.33999633789062;178578000;82.07368469238281
2014-03-03;89.48999786376953;91.36000061035156;88.87000274658203;90.52999877929688;154509700;82.24630737304688
2014-03-10;90.4800033569336;91.05999755859375;88.62999725341797;88.66999816894531;160867500;80.5565414428711
2014-03-17;89.23999786376953;90.66000366210938;88.83000183105469;89.0;194975300;81.04120635986328
2014-03-24;89.31999969482422;89.38999938964844;86.4000015258789;87.05000305175781;265068600;79.26558685302734
2014-03-31;87.7300033569336;89.68000030517578;86.13999938964844;86.37000274658203;268772000;78.64640808105469
2014-04-07;85.83000183105469;87.87999725341797;83.91000366210938;84.11000061035156;348493700;76.5885238647461
2014-04-14;84.8499984741211;86.62999725341797;83.27999877929688;86.19999694824219;231822600;78.4916000366211
2014-04-21;86.4000015258789;88.20999908447266;85.9800033569336;86.19000244140625;192178300;78.48251342773438
2014-04-28;86.5999984741211;88.1500015258789;85.11000061035156;87.48999786376953;211257300;79.66625213623047
2014-05-05;86.97000122070312;87.97000122070312;85.52999877929688;86.80000305175781;210750400;79.03797149658203
2014-05-12;87.31999969482422;88.61000061035156;86.58000183105469;87.70999908447266;222231000;79.8665542602539
2014-05-19;87.44999694824219;89.9000015258789;87.30000305175781;89.87999725341797;155875100;81.8425064086914
2014-05-26;90.27999877929688;91.44999694824219;90.19999694824219;91.30999755859375;123135800;83.1446304321289
2014-06-02;91.41999816894531;92.81999969482422;90.63999938964844;92.81999969482422;130566400;84.51959991455078
2014-06-09;92.83999633789062;93.0199966430664;91.7300033569336;92.31999969482422;141626700;84.06431579589844
2014-06-16;92.16000366210938;93.16999816894531;91.95999908447266;92.7699966430664;144023900;84.70108032226562
2014-06-23;92.76000213623047;93.7699966430664;92.43000030517578;93.75;131044000;85.59586334228516
2014-06-30;93.7300033569336;95.69999694824219;93.66999816894531;95.69999694824219;85683400;87.3762435913086
2014-07-07;95.58999633789062;95.70999908447266;93.62999725341797;95.2699966430664;157609400;86.98361206054688
2014-07-14;95.69999694824219;96.30000305175781;94.31999969482422;96.12000274658203;160892800;87.75970458984375
2014-07-21;95.91999816894531;97.51000213623047;95.55000305175781;96.73999786376953;139074700;88.32576751708984
2014-07-28;96.83999633789062;97.31999969482422;94.04000091552734;94.66999816894531;198730000;86.43584442138672
2014-08-04;94.87000274658203;95.69000244140625;93.88999938964844;94.9000015258789;191505100;86.64584350585938
2014-08-11;95.2699966430664;97.62999725341797;94.93000030517578;97.4000015258789;164638400;88.92839813232422
2014-08-18;97.91000366210938;99.25;97.7699966430664;99.05000305175781;127768800;90.43485260009766
2014-08-25;99.5199966430664;99.91000366210938;99.08000183105469;99.77999877929688;101284400;91.10138702392578
2014-09-01;100.0199966430664;100.33999633789062;99.02999877929688;99.88999938964844;99739200;91.20181274414062
2014-09-08;99.91999816894531;100.45999908447266;99.05999755859375;99.4800033569336;152236900;90.82744598388672
2014-09-15;99.58999633789062;100.55999755859375;98.05000305175781;99.9800033569336;185450300;91.50114440917969
2014-09-22;99.73999786376953;99.88999938964844;97.69999694824219;98.77999877929688;243355300;90.40290069580078
2014-09-29;97.80000305175781;99.30000305175781;95.97000122070312;98.16999816894531;229471000;89.8446273803711
2014-10-06;98.4800033569336;98.76000213623047;94.41999816894531;94.44000244140625;286200800;86.43093872070312
2014-10-13;94.2699966430664;94.98999786376953;90.23999786376953;93.0;424210700;85.11309051513672
2014-10-20;92.98999786376953;98.69000244140625;92.80000305175781;98.62000274658203;225548500;90.25647735595703
2014-10-27;98.43000030517578;101.75;98.0199966430664;101.4000015258789;194783500;92.80074310302734
2014-11-03;101.58000183105469;102.02999877929688;100.66999816894531;101.5999984741211;127676500;92.98375701904297
2014-11-10;101.6500015258789;103.27999877929688;101.37999725341797;103.22000122070312;105143400;94.46633911132812
2014-11-17;102.9800033569336;104.69000244140625;102.41999816894531;103.87000274658203;130381700;95.06124877929688
2014-11-24;104.1500015258789;106.25;104.05999755859375;106.01000213623047;71788500;97.019775390625
2014-12-01;105.72000122070312;105.91999816894531;104.41999816894531;105.37999725341797;151606100;96.4432144165039
2014-12-08;105.11000061035156;105.56999969482422;102.66000366210938;102.66999816894531;212516400;93.96302795410156
2014-12-15;103.19999694824219;104.73999786376953;99.91999816894531;104.31999969482422;299293100;95.82880401611328
2014-12-22;104.1500015258789;105.26000213623047;104.08999633789062;105.04000091552734;92241700;96.490234375
2014-12-29;104.94000244140625;105.25;102.44000244140625;102.94000244140625;91359500;94.56116485595703
2015-01-05;102.48999786376953;103.6500015258789;99.62000274658203;102.62000274658203;221926900;94.26719665527344
2015-01-12;102.81999969482422;103.62000274658203;99.36000061035156;100.81999969482422;228013900;92.61371612548828
2015-01-19;101.43000030517578;104.58000183105469;100.29000091552734;104.26000213623047;146763100;95.77374267578125
2015-01-26;104.13999938964844;104.33000183105469;99.95999908447266;101.0999984741211;198273100;92.87091064453125
2015-02-02;101.33000183105469;104.16999816894531;99.75;103.12999725341797;166223100;94.73567199707031
2015-02-09;102.7300033569336;106.93000030517578;102.55000305175781;106.91000366210938;118145300;98.20801544189453
2015-02-16;106.91000366210938;108.47000122070312;106.63999938964844;108.41000366210938;80989700;99.58594512939453
2015-02-23;108.3499984741211;108.94000244140625;108.05000305175781;108.4000015258789;107098400;99.57673645019531
2015-03-02;108.61000061035156;109.41999816894531;107.13999938964844;107.41000366210938;111156300;98.66731262207031
2015-03-09;107.62999725341797;107.98999786376953;104.68000030517578;105.33999633789062;149425600;96.76580810546875
2015-03-16;105.7300033569336;109.06999969482422;105.62000274658203;108.52999877929688;148975500;99.92543029785156
2015-03-23;108.47000122070312;108.80999755859375;104.23999786376953;105.5199966430664;163019900;97.15408325195312
2015-03-30;106.16000366210938;106.81999969482422;104.37000274658203;105.12000274658203;113193000;96.78578186035156
2015-04-06;104.5;107.76000213623047;104.33999633789062;107.75;109976400;99.207275390625
2015-04-13;107.83000183105469;108.37999725341797;105.55000305175781;106.01000213623047;125377100;97.60523986816406
2015-04-20;106.54000091552734;110.69000244140625;106.5;110.54000091552734;135116200;101.77607727050781
2015-04-27;110.94999694824219;111.16000366210938;107.05999755859375;109.05000305175781;178969200;100.40421295166016
2015-05-04;109.4000015258789;109.91000366210938;106.0;108.69000244140625;176396900;100.07273864746094
2015-05-11;108.76000213623047;110.01000213623047;106.80000305175781;109.58000183105469;121924300;100.89218139648438
2015-05-18;109.4000015258789;110.87000274658203;109.31999969482422;110.47000122070312;83291500;101.71166229248047
2015-05-25;110.2300033569336;111.08000183105469;108.76000213623047;110.05000305175781;103746500;101.32494354248047
2015-06-01;110.63999938964844;110.80999755859375;108.62999725341797;109.30000305175781;118543300;100.63438415527344
2015-06-08;109.25;110.1500015258789;107.19999694824219;108.75;127197000;100.12799835205078
2015-06-15;107.94000244140625;110.87999725341797;107.30999755859375;109.88999938964844;141902400;101.41033935546875
2015-06-22;110.69999694824219;111.12999725341797;108.86000061035156;109.2699966430664;103703100;100.8381576538086
2015-06-29;108.05999755859375;108.66000366210938;106.63999938964844;107.94999694824219;127477200;99.6200180053711
2015-07-06;107.2699966430664;108.31999969482422;105.83000183105469;107.6500015258789;163030100;99.34320068359375
2015-07-13;108.58000183105469;113.58999633789062;108.56999969482422;113.58999633789062;142155100;104.82481384277344
2015-07-20;113.83000183105469;114.38999938964844;110.93000030517578;111.0999984741211;154125900;102.5269775390625
2015-07-27;110.47000122070312;112.48999786376953;109.79000091552734;111.94999694824219;143782200;103.31135559082031
2015-08-03;111.97000122070312;113.0;109.4000015258789;110.30999755859375;148256200;101.79792022705078
2015-08-10;111.01000213623047;111.80999755859375;108.22000122070312;110.51000213623047;139948500;101.98247528076172
2015-08-17;110.23999786376953;111.45999908447266;102.4000015258789;102.4000015258789;233231400;94.49828338623047
2015-08-24;94.2300033569336;106.0;84.73999786376953;105.62000274658203;449319300;97.46980285644531
2015-08-31;105.02999877929688;105.61000061035156;100.62999725341797;102.16000366210938;251179900;94.27681732177734
2015-09-07;104.12000274658203;106.30999755859375;103.58999633789062;105.56999969482422;161283000;97.42366027832031
2015-09-14;105.95999908447266;108.7300033569336;104.8499984741211;105.3499984741211;185591900;97.45718383789062
2015-09-21;105.93000030517578;106.55000305175781;102.2699966430664;102.91999816894531;187891700;95.209228515625
2015-09-28;102.4800033569336;104.01000213623047;98.75;104.01000213623047;233514400;96.21754455566406
2015-10-05;104.77999877929688;106.7300033569336;104.18000030517578;106.52999877929688;177399400;98.54876708984375
2015-10-12;106.7300033569336;108.18000030517578;105.48999786376953;108.12000274658203;139549100;100.0196762084961
2015-10-19;107.9800033569336;113.23999786376953;107.4800033569336;112.77999877929688;173325800;104.33052062988281
2015-10-26;112.69999694824219;114.08000183105469;112.2699966430664;113.33000183105469;151642900;104.83932495117188
2015-11-02;113.62999725341797;115.47000122070312;113.38999938964844;114.79000091552734;126157300;106.18993377685547
2015-11-09;114.36000061035156;114.51000213623047;109.77999877929688;109.83999633789062;175713600;101.61078643798828
2015-11-16;109.7300033569336;114.56999969482422;109.4800033569336;114.4800033569336;146442300;105.9031753540039
2015-11-23;114.5199966430664;114.94000244140625;112.83999633789062;114.30999755859375;70058500;105.74585723876953
2015-11-30;114.6500015258789;115.75;111.83999633789062;115.13999938964844;158868100;106.51368713378906
2015-12-07;115.22000122070312;115.29000091552734;110.72000122070312;110.79000091552734;191370700;102.4896011352539
2015-12-14;110.94000244140625;114.4800033569336;109.37999725341797;109.83000183105469;245885500;101.91184997558594
2015-12-21;110.87000274658203;112.9000015258789;110.05000305175781;112.58999633789062;90098600;104.47283172607422
2015-12-28;112.31999969482422;114.55000305175781;111.51000213623047;111.86000061035156;96316200;103.79550170898438
2016-01-04;109.44999694824219;110.18000030517578;103.9000015258789;104.01000213623047;262224200;96.51141357421875
2016-01-11;104.75;106.2300033569336;99.51000213623047;100.83999633789062;336518600;93.56997680664062
2016-01-18;102.20999908447266;103.80999755859375;97.25;103.7699966430664;247128700;96.2887191772461
2016-01-25;103.4000015258789;104.16999816894531;100.1500015258789;104.12999725341797;231436700;96.62274932861328
2016-02-01;103.62999725341797;104.80000305175781;97.72000122070312;98.12000274658203;259322800;91.04608917236328
2016-02-08;96.29000091552734;98.69000244140625;94.83999633789062;98.0199966430664;350898900;90.95328521728516
2016-02-15;99.47000122070312;102.83999633789062;98.8499984741211;101.62999725341797;149581800;94.30298614501953
2016-02-22;102.58000183105469;104.37000274658203;99.7699966430664;103.43000030517578;154902200;95.97325897216797
2016-02-29;103.33000183105469;106.3499984741211;102.5;105.66999816894531;151593500;98.0517578125
2016-03-07;105.12999725341797;106.48999786376953;103.30999755859375;106.48999786376953;161497200;98.81261444091797
2016-03-14;106.08999633789062;107.86000061035156;105.94999694824219;107.37000274658203;150898600;99.9247055053711
2016-03-21;107.18000030517578;108.37000274658203;106.52999877929688;107.26000213623047;76059100;99.82235717773438
2016-03-28;107.55999755859375;110.4000015258789;106.7300033569336;110.36000061035156;115499600;102.70740509033203
2016-04-04;110.36000061035156;110.70999908447266;108.61000061035156;109.0;113792100;101.44171905517578
2016-04-11;109.47000122070312;111.33000183105469;108.0199966430664;110.63999938964844;118245900;102.96795654296875
2016-04-18;110.31999969482422;111.44000244140625;108.12000274658203;108.9800033569336;136975800;101.42308807373047
2016-04-25;108.6500015258789;109.38999938964844;104.87999725341797;105.72000122070312;163851000;98.38916015625
2016-05-02;105.98999786376953;106.87000274658203;104.4000015258789;105.58000183105469;142404300;98.25885009765625
2016-05-09;105.58999633789062;107.48999786376953;105.13999938964844;105.5;111690400;98.18436431884766
2016-05-16;105.66000366210938;107.20999908447266;104.54000091552734;106.47000122070312;132653200;99.0871353149414
2016-05-23;106.58999633789062;110.13999938964844;106.2300033569336;110.12999725341797;125368700;102.49334716796875
2016-05-30;110.27999877929688;110.5999984741211;109.33999633789062;110.05999755859375;79904100;102.42818450927734
2016-06-06;110.26000213623047;110.75;108.55999755859375;108.94000244140625;89792000;101.38584899902344
2016-06-13;108.31999969482422;108.93000030517578;106.23999786376953;106.48999786376953;135637600;99.36968994140625
2016-06-20;107.7300033569336;108.79000091552734;104.05999755859375;104.29000091552734;152818000;97.31682586669922
2016-06-27;103.5999984741211;108.4800033569336;101.75;108.08000183105469;164043500;100.8533935546875
2016-07-04;107.51000213623047;110.36000061035156;106.56999969482422;110.30000305175781;94366800;102.92496490478516
2016-07-11;110.66999816894531;112.30000305175781;110.66000366210938;111.80000305175781;102102700;104.32467651367188
2016-07-18;111.87000274658203;113.77999877929688;111.8499984741211;113.6500015258789;103537300;106.05099487304688
2016-07-25;113.55999755859375;115.54000091552734;113.22000122070312;115.2300033569336;101163000;107.52536010742188
2016-08-01;115.30999755859375;117.04000091552734;114.22000122070312;116.77999877929688;86311700;108.9717025756836
2016-08-08;116.83999633789062;117.37000274658203;116.27999877929688;117.19999694824219;72671900;109.36358642578125
2016-08-15;117.3499984741211;117.97000122070312;116.43000030517578;117.26000213623047;70698800;109.41959381103516
2016-08-22;117.08999633789062;118.01000213623047;116.08000183105469;116.77999877929688;92389500;108.9717025756836
2016-08-29;116.80999755859375;117.55999755859375;115.91000366210938;117.12000274658203;86230900;109.28898620605469
2016-09-05;117.31999969482422;118.12000274658203;114.26000213623047;114.27999877929688;107010700;106.63884735107422
2016-09-12;113.63999938964844;117.81999969482422;113.62999725341797;117.29000091552734;179849600;109.72179412841797
2016-09-19;117.58999633789062;119.22000122070312;116.55000305175781;118.33000183105469;110676100;110.69468688964844
2016-09-26;117.66000366210938;119.06999969482422;117.1500015258789;118.72000122070312;104187300;111.05953979492188
2016-10-03;118.56999969482422;119.16999816894531;117.88999938964844;118.47000122070312;86908700;110.82565307617188
2016-10-10;119.08000183105469;119.4800033569336;115.94000244140625;117.13999938964844;105863800;109.58147430419922
2016-10-17;117.04000091552734;118.41000366210938;116.66999816894531;118.1500015258789;81002300;110.52630615234375
2016-10-24;118.91000366210938;119.66000366210938;116.73999786376953;117.0999984741211;114417600;109.54405975341797
2016-10-31;117.52999877929688;117.52999877929688;113.44999694824219;113.6500015258789;132410900;106.31669616699219
2016-11-07;115.48999786376953;118.37999725341797;114.19999694824219;115.80000305175781;231544100;108.32796478271484
2016-11-14;115.83000183105469;118.0999984741211;114.02999877929688;117.31999969482422;121268000;109.74983215332031
2016-11-21;117.61000061035156;119.19000244140625;117.56999969482422;118.80000305175781;69207900;111.13438415527344
2016-11-28;118.6500015258789;119.51000213623047;115.22000122070312;115.69999694824219;135110700;108.2343978881836
2016-12-05;116.30000305175781;119.54000091552734;115.7699966430664;119.5;115776900;111.78921508789062
2016-12-12;118.97000122070312;121.11000061035156;118.47000122070312;119.5999984741211;155529400;112.2136001586914
2016-12-19;119.72000122070312;120.83000183105469;119.55000305175781;120.19999694824219;65332300;112.77654266357422
2016-12-26;120.45999908447266;121.5199966430664;118.13999938964844;118.4800033569336;89102300;111.16278076171875
2017-01-02;119.2699966430664;122.25;118.88999938964844;121.93000030517578;86775300;114.39973449707031
2017-01-09;122.02999877929688;123.37000274658203;121.5999984741211;123.16000366210938;92325100;115.55374145507812
2017-01-16;122.83999633789062;123.83000183105469;122.43000030517578;123.25;61839900;115.6382064819336
2017-01-23;123.16999816894531;125.91999816894531;122.56999969482422;125.80000305175781;81216500;118.03069305419922
2017-01-30;125.37999725341797;125.80999755859375;123.8499984741211;125.68000030517578;99018300;117.91812133789062
2017-02-06;125.47000122070312;127.55999755859375;125.3499984741211;127.37999725341797;73198700;119.51312255859375
2017-02-13;127.7699966430664;129.82000732421875;127.72000122070312;129.80999755859375;84007100;121.79305267333984
2017-02-20;130.05999755859375;130.6999969482422;129.3800048828125;130.25999450683594;66704000;122.21521759033203
2017-02-27;130.02000427246094;131.67999267578125;129.66000366210938;131.02000427246094;88095200;122.92831420898438
2017-03-06;130.58999633789062;131.60000610351562;130.13999938964844;131.38999938964844;86081000;123.27546691894531
2017-03-13;131.33999633789062;132.41000366210938;130.75999450683594;131.69000244140625;87152200;123.81393432617188
2017-03-20;131.64999389648438;132.42999267578125;129.67999267578125;130.6300048828125;118404300;122.8173599243164
2017-03-27;129.6999969482422;132.74000549316406;129.39999389648438;132.3800048828125;91838100;124.46269226074219
2017-04-03;132.49000549316406;133.47999572753906;131.5;131.97000122070312;104686800;124.07720184326172
2017-04-10;132.10000610351562;132.57000732421875;130.3800048828125;130.39999389648438;89035900;122.60108184814453
2017-04-17;130.77000427246094;132.8800048828125;130.72000122070312;132.55999755859375;88364200;124.63190460205078
2017-04-24;134.02999877929688;136.33999633789062;133.8000030517578;135.99000549316406;106161200;127.85672760009766
2017-05-01;136.44000244140625;137.5399932861328;136.3800048828125;137.5399932861328;100949000;129.31402587890625
2017-05-08;137.61000061035156;138.6300048828125;137.3300018310547;138.60000610351562;109176100;130.31068420410156
2017-05-15;138.66000366210938;139.63999938964844;135.8699951171875;137.83999633789062;175959500;129.5961151123047
2017-05-22;138.14999389648438;141.3300018310547;138.10000610351562;141.22000122070312;92869300;132.77395629882812
2017-05-29;141.14999389648438;143.49000549316406;140.57000732421875;143.4600067138672;110879400;134.88003540039062
2017-06-05;143.4499969482422;143.89999389648438;138.11000061035156;139.97999572753906;192164000;131.60813903808594
2017-06-12;138.8000030517578;140.92999267578125;137.47000122070312;138.14999389648438;318973400;130.24142456054688
2017-06-19;139.49000549316406;141.4199981689453;139.27999877929688;141.24000549316406;162058400;133.1545867919922
2017-06-26;142.0500030517578;142.2899932861328;136.25;137.63999938964844;315463800;129.7606201171875
2017-07-03;138.27000427246094;138.42999267578125;135.8000030517578;137.75999450683594;160314500;129.87376403808594
2017-07-10;137.85000610351562;142.3000030517578;137.5;142.1199951171875;158035400;133.98414611816406
2017-07-17;142.27000427246094;144.44000244140625;141.63999938964844;144.11000061035156;160680500;135.8602294921875
2017-07-24;144.08999633789062;145.9600067138672;142.3000030517578;143.83999633789062;192123300;135.60569763183594
2017-07-31;144.25;144.52000427246094;142.61000061035156;143.64999389648438;152353400;135.42657470703125
2017-08-07;143.91000366210938;145.47000122070312;140.88999938964844;142.10000610351562;194108000;133.96531677246094
2017-08-14;143.22999572753906;144.9600067138672;140.64999389648438;141.22999572753906;222526100;133.14512634277344
2017-08-21;141.22000122070312;143.35000610351562;140.17999267578125;141.97000122070312;163649200;133.84275817871094
2017-08-28;142.39999389648438;146.58999633789062;141.05999755859375;146.0;134277400;137.64207458496094
2017-09-04;145.57000732421875;145.8800048828125;143.60000610351562;144.2100067138672;126128200;135.9545135498047
2017-09-11;145.33999633789062;146.58999633789062;145.2899932861328;146.05999755859375;167552700;137.69859313964844
2017-09-18;145.91000366210938;146.3699951171875;143.85000610351562;144.32000732421875;130509800;136.3560333251953
2017-09-25;143.75;145.55999755859375;142.10000610351562;145.4499969482422;185077700;137.42367553710938
2017-10-02;145.6699981689453;147.66000366210938;144.92999267578125;147.66000366210938;128571100;139.51173400878906
2017-10-09;147.85000610351562;148.50999450683594;146.9499969482422;148.33999633789062;78290400;140.15419006347656
2017-10-16;148.7100067138672;149.2100067138672;147.27000427246094;148.7100067138672;110019400;140.5037841796875
2017-10-23;149.02000427246094;151.52000427246094;146.3300018310547;151.24000549316406;174161000;142.89413452148438
2017-10-30;151.1300048828125;153.2899932861328;150.77000427246094;153.27000427246094;144750900;144.81214904785156
2017-11-06;153.14999389648438;154.5399932861328;152.11000061035156;153.67999267578125;128145800;145.19952392578125
2017-11-13;153.10000610351562;154.88999938964844;151.77999877929688;153.9499969482422;126020600;145.45462036132812
2017-11-20;154.05999755859375;156.30999755859375;153.61000061035156;156.25999450683594;66871300;147.6371307373047
2017-11-27;156.2100067138672;156.69000244140625;152.25999450683594;154.49000549316406;235478300;145.96485900878906
2017-12-04;155.4600067138672;155.6300048828125;152.05999755859375;154.6999969482422;181319000;146.16322326660156
2017-12-11;154.77000427246094;157.82000732421875;154.75999450683594;157.64999389648438;139961200;148.950439453125
2017-12-18;158.36000061035156;158.77000427246094;156.91000366210938;157.3699951171875;139201200;148.9968719482422
2017-12-25;156.49000549316406;157.07000732421875;155.6999969482422;155.75999450683594;102886700;147.47250366210938
2018-01-01;156.55999755859375;162.02999877929688;156.1699981689453;161.9199981689453;113725300;153.3046875
2018-01-08;161.9199981689453;164.66000366210938;161.1199951171875;164.49000549316406;140181700;155.73797607421875
2018-01-15;165.5800018310547;166.61000061035156;163.52999877929688;166.33999633789062;140451500;157.48959350585938
2018-01-22;166.27999877929688;170.9499969482422;166.08999633789062;170.92999267578125;179321700;161.83535766601562
2018-01-29;170.57000732421875;170.91000366210938;164.47000122070312;164.61000061035156;231230700;155.85162353515625
2018-02-05;163.07000732421875;165.75;150.1300048828125;156.10000610351562;522959800;147.79441833496094
2018-02-12;157.6999969482422;166.75999450683594;156.4600067138672;164.9600067138672;260833800;156.18307495117188
2018-02-19;164.3800048828125;168.1699981689453;164.30999755859375;168.1699981689453;165118700;159.22216796875
2018-02-26;168.9600067138672;170.72999572753906;161.9600067138672;165.99000549316406;258667900;157.158203125
2018-03-05;165.2100067138672;173.16000366210938;164.58999633789062;173.16000366210938;166769400;163.94667053222656
2018-03-12;173.6699981689453;175.2100067138672;170.89999389648438;171.02000427246094;193797400;161.9205780029297
2018-03-19;169.10000610351562;169.22000122070312;158.42999267578125;158.50999450683594;296052000;150.31964111328125
2018-03-26;161.72000122070312;165.6199951171875;156.0399932861328;160.1300048828125;294432900;151.85592651367188
2018-04-02;158.99000549316406;161.5800018310547;153.8800048828125;156.6300048828125;318333900;148.53677368164062
2018-04-09;157.97999572753906;163.25999450683594;157.4600067138672;161.3699951171875;206802100;153.0318145751953
2018-04-16;162.5;167.0;161.47999572753906;162.3000030517578;177193600;153.913818359375
2018-04-23;163.08999633789062;164.41000366210938;156.47000122070312;162.08999633789062;249435600;153.7146759033203
2018-04-30;162.47000122070312;165.25;159.22000122070312;164.8699951171875;212655900;156.35098266601562
2018-05-07;165.63999938964844;169.86000061035156;164.86000061035156;169.4600067138672;139419500;160.70384216308594
2018-05-14;169.85000610351562;170.82000732421875;166.97999572753906;167.4600067138672;147822600;158.80723571777344
2018-05-21;168.75999450683594;170.3300018310547;166.8800048828125;169.72000122070312;124147100;160.95042419433594
2018-05-28;168.9499969482422;172.83999633789062;167.9600067138672;172.74000549316406;145100500;163.8143310546875
2018-06-04;173.17999267578125;175.92999267578125;173.07000732421875;174.44000244140625;141656100;165.42654418945312
2018-06-11;174.30999755859375;177.88999938964844;174.27999877929688;176.97999572753906;168221800;167.8352813720703
2018-06-18;175.49000549316406;177.97999572753906;173.7100067138672;175.32000732421875;176449800;166.616943359375
2018-06-25;173.72999572753906;173.99000549316406;169.1699981689453;171.64999389648438;252467500;163.12905883789062
2018-07-02;170.0399932861328;175.74000549316406;169.6699981689453;175.61000061035156;125914500;166.8925323486328
2018-07-09;176.52000427246094;179.89999389648438;175.8000030517578;179.61000061035156;137525100;170.69398498535156
2018-07-16;179.64999389648438;180.64999389648438;177.27999877929688;178.99000549316406;142651600;170.10470581054688
2018-07-23;178.4600067138672;182.92999267578125;176.60000610351562;177.6199951171875;194441200;168.80276489257812
2018-07-30;177.6300048828125;180.08999633789062;174.27000427246094;180.0800018310547;220692600;171.140625
2018-08-06;179.9600067138672;182.6300048828125;179.74000549316406;180.52000427246094;130056600;171.55877685546875
2018-08-13;180.85000610351562;182.00999450683594;178.1199951171875;179.86000061035156;169334600;170.9315185546875
2018-08-20;180.25999450683594;182.6300048828125;179.0;182.47999572753906;118152400;173.42147827148438
2018-08-27;183.39999389648438;187.52000427246094;183.11000061035156;186.64999389648438;136764900;177.38449096679688
2018-09-03;186.0800018310547;186.39999389648438;180.44000244140625;181.11000061035156;164407700;172.11949157714844
2018-09-10;182.14999389648438;184.9499969482422;180.52000427246094;183.99000549316406;154809800;174.85658264160156
2018-09-17;183.67999267578125;185.47999572753906;181.1699981689453;183.7100067138672;168693100;174.59043884277344
2018-09-24;182.0500030517578;186.49000549316406;181.3000030517578;185.7899932861328;157623800;176.88490295410156
2018-10-01;186.8699951171875;187.52999877929688;178.42999267578125;180.14999389648438;246001500;171.51524353027344
2018-10-08;179.52000427246094;181.02000427246094;167.80999755859375;174.32000732421875;475596400;165.96470642089844
2018-10-15;173.7100067138672;178.25999450683594;171.55999755859375;173.02000427246094;369262500;164.72702026367188
2018-10-22;174.05999755859375;175.25;164.22999572753906;166.66000366210938;447925700;158.67184448242188
2018-10-29;169.2100067138672;172.5500030517578;160.08999633789062;169.3800048828125;406958100;161.26150512695312
2018-11-05;169.60000610351562;175.5800018310547;167.0800018310547;171.52000427246094;216052700;163.29884338378906
2018-11-12;170.32000732421875;170.63999938964844;163.4600067138672;167.5;340622200;159.4715576171875
2018-11-19;166.6999969482422;166.89999389648438;157.1300048828125;159.2100067138672;236402800;151.57896423339844
2018-11-26;161.44000244140625;169.47000122070312;160.75999450683594;169.3699951171875;230370200;161.25193786621094
2018-12-03;173.11000061035156;173.30999755859375;160.86000061035156;161.3800048828125;273514100;153.64495849609375
2018-12-10;161.0800018310547;167.60000610351562;159.41000366210938;161.0800018310547;289725000;153.35926818847656
2018-12-17;160.38999938964844;161.6699981689453;146.72000122070312;147.57000732421875;460464200;140.496826171875
2018-12-24;146.0800018310547;155.58999633789062;143.4600067138672;152.97000122070312;318826300;146.0546875
2018-12-31;154.47000122070312;157.0;149.49000549316406;156.22999572753906;261121500;149.16729736328125
2019-01-07;156.6199951171875;161.52000427246094;156.11000061035156;160.69000244140625;217059700;153.42568969726562
2019-01-14;159.3300018310547;166.02000427246094;158.58999633789062;165.25;201908800;157.77955627441406
2019-01-21;164.05999755859375;165.64999389648438;160.32000732421875;165.14999389648438;163751500;157.68405151367188
2019-01-28;163.02000427246094;168.99000549316406;160.99000549316406;167.4499969482422;175024000;159.88006591796875
2019-02-04;167.47999572753906;171.3699951171875;166.57000732421875;168.55999755859375;153902100;160.93992614746094
2019-02-11;169.1699981689453;172.55999755859375;167.97999572753906;171.94000244140625;140098800;164.16709899902344
2019-02-18;171.41000366210938;173.0800018310547;170.7100067138672;172.88999938964844;105023500;165.07415771484375
2019-02-25;174.2100067138672;174.66000366210938;171.75999450683594;174.38999938964844;136227200;166.5063934326172
2019-03-04;175.5399932861328;175.7899932861328;169.33999633789062;171.1699981689453;166288600;163.43186950683594
2019-03-11;171.8800048828125;178.8800048828125;171.85000610351562;178.35000610351562;168841500;170.28733825683594
2019-03-18;177.9499969482422;182.8300018310547;177.58999633789062;178.55999755859375;233156400;170.79812622070312
2019-03-25;177.91000366210938;180.69000244140625;176.60000610351562;179.66000366210938;182255000;171.850341796875
2019-04-01;181.50999450683594;184.9199981689453;180.77000427246094;184.66000366210938;139453700;176.63294982910156
2019-04-08;184.36000061035156;185.9499969482422;183.6300048828125;185.8300018310547;118535600;177.7520751953125
2019-04-15;185.83999633789062;187.92999267578125;184.6199951171875;187.38999938964844;106501200;179.24427795410156
2019-04-22;186.57000732421875;191.22000122070312;186.42999267578125;190.64999389648438;132455700;182.36257934570312
2019-04-29;190.64999389648438;191.32000732421875;186.8699951171875;191.11000061035156;162504900;182.8025665283203
2019-05-06;187.0500030517578;190.1999969482422;181.02999877929688;185.0;248233300;176.9581756591797
2019-05-13;180.2899932861328;186.07000732421875;178.05999755859375;183.0399932861328;235474400;175.08335876464844
2019-05-20;180.49000549316406;182.3300018310547;177.13999938964844;178.16000366210938;165809300;170.41552734375
2019-05-27;178.66000366210938;179.66000366210938;173.8699951171875;173.9499969482422;142743600;166.38848876953125
2019-06-03;173.47999572753906;181.77000427246094;169.27000427246094;181.0399932861328;233854300;173.17030334472656
2019-06-10;182.25;185.39999389648438;181.94000244140625;182.63999938964844;156963600;174.7007598876953
2019-06-17;183.0399932861328;189.77000427246094;182.83999633789062;188.57000732421875;181132100;180.3730010986328
2019-06-24;188.52999877929688;188.72000122070312;184.64999389648438;186.74000549316406;116780400;179.01748657226562
2019-07-01;190.32000732421875;191.44000244140625;188.3800048828125;191.0500030517578;86269100;183.1492156982422
2019-07-08;189.80999755859375;193.5399932861328;188.64999389648438;193.52999877929688;109114800;185.5266876220703
2019-07-15;193.97999572753906;194.19000244140625;190.69000244140625;191.00999450683594;110827000;183.1108856201172
2019-07-22;191.44000244140625;195.5500030517578;191.44000244140625;195.2899932861328;107030400;187.21389770507812
2019-07-29;195.11000061035156;195.17999267578125;186.2100067138672;187.35000610351562;199249800;179.6022186279297
2019-08-05;183.42999267578125;188.32000732421875;179.1999969482422;186.49000549316406;238954800;178.7777862548828
2019-08-12;185.33999633789062;189.67999267578125;181.16000366210938;185.47999572753906;185351700;177.80955505371094
2019-08-19;188.16000366210938;189.4600067138672;181.55999755859375;182.07000732421875;142431600;174.54063415527344
2019-08-26;184.13999938964844;188.97000122070312;182.91000366210938;187.47000122070312;129082800;179.71726989746094
2019-09-02;186.22000122070312;192.3300018310547;185.02999877929688;191.58999633789062;102976700;183.6669158935547
2019-09-09;192.19000244140625;194.7100067138672;188.91000366210938;192.5399932861328;129575600;184.57757568359375
2019-09-16;191.3000030517578;194.0399932861328;190.11000061035156;190.8000030517578;126179200;182.90957641601562
2019-09-23;190.36000061035156;191.7899932861328;185.75;187.02999877929688;165611000;179.6570281982422
2019-09-30;187.7899932861328;190.58999633789062;181.82000732421875;188.80999755859375;178499700;181.36685180664062
2019-10-07;188.27000427246094;192.6300048828125;185.27000427246094;191.11000061035156;139897100;183.57626342773438
2019-10-14;190.83999633789062;194.5;190.64999389648438;191.69000244140625;105412300;184.1333465576172
2019-10-21;192.7100067138672;195.74000549316406;191.14999389648438;195.63999938964844;93527500;187.9276123046875
2019-10-28;196.5500030517578;198.8800048828125;195.2899932861328;198.8699951171875;108086400;191.03030395507812
2019-11-04;200.19000244140625;201.72000122070312;198.7899932861328;201.22999572753906;86881500;193.29727172851562
2019-11-11;200.2100067138672;202.91000366210938;199.94000244140625;202.91000366210938;76073800;194.91102600097656
2019-11-18;202.58999633789062;203.83999633789062;200.6199951171875;201.8300018310547;106991400;193.8736114501953
2019-11-25;202.6999969482422;206.0500030517578;202.6699981689453;205.10000610351562;59351100;197.0146942138672
2019-12-02;205.11000061035156;205.17999267578125;199.22999572753906;205.0;105928800;196.91867065429688
2019-12-09;204.6300048828125;207.91000366210938;203.44000244140625;207.19000244140625;119696100;199.0223388671875
2019-12-16;208.5500030517578;212.52000427246094;208.47999572753906;211.7100067138672;98274500;203.36412048339844
2019-12-23;212.0;214.55999755859375;211.44000244140625;213.61000061035156;66065300;205.6340789794922
2019-12-30;213.5;216.16000366210938;211.16000366210938;214.17999267578125;98474700;206.1828155517578
2020-01-06;212.5;219.8699951171875;212.24000549316406;218.42999267578125;115637400;210.2740936279297
2020-01-13;219.3300018310547;223.55999755859375;218.97999572753906;223.3800048828125;116047300;215.0392608642578
2020-01-20;222.75999450683594;225.8800048828125;221.6699981689453;222.6999969482422;105815300;214.38467407226562
2020-01-27;217.6699981689453;223.55999755859375;217.17999267578125;219.07000732421875;189504700;210.89024353027344
2020-02-03;220.13999938964844;230.44000244140625;219.99000549316406;229.1999969482422;142986600;220.64198303222656
2020-02-10;228.44000244140625;234.92999267578125;228.3800048828125;234.63999938964844;122359900;225.87884521484375
2020-02-17;233.5;237.47000122070312;229.32000732421875;230.27000427246094;155246200;221.67202758789062
2020-02-24;221.67999267578125;224.25;198.1699981689453;205.8000030517578;531799600;198.1156768798828
2020-03-02;208.8800048828125;219.61000061035156;202.91000366210938;208.02000427246094;486507500;200.25279235839844
2020-03-09;193.47999572753906;204.3000030517578;176.94000244140625;192.33999633789062;578894700;185.15826416015625
2020-03-16;174.14999389648438;184.67999267578125;166.8000030517578;170.6999969482422;567348200;164.32626342773438
2020-03-23;170.9199981689453;192.72000122070312;164.92999267578125;185.3000030517578;447009100;178.76129150390625
2020-03-30;187.05999755859375;195.25;180.86000061035156;183.3699951171875;269684500;176.89938354492188
2020-04-06;190.47999572753906;203.22000122070312;189.19000244140625;200.86000061035156;248861000;193.772216796875
2020-04-13;200.0;216.50999450683594;198.75;215.2899932861328;281370100;207.6929931640625
2020-04-20;213.36000061035156;215.8800048828125;203.6300048828125;213.83999633789062;228781400;206.2942352294922
2020-04-27;216.19000244140625;220.0399932861328;211.2100067138672;212.74000549316406;224185400;205.23304748535156
2020-05-04;211.4600067138672;225.0;211.1199951171875;224.86000061035156;177556400;216.92532348632812
2020-05-11;223.49000549316406;228.10000610351562;215.99000549316406;223.27000427246094;249585900;215.3914031982422
2020-05-18;226.27999877929688;232.13999938964844;225.47000122070312;229.66000366210938;188457700;221.55596923828125
2020-05-25;233.36000061035156;233.60000610351562;223.94000244140625;233.36000061035156;182197000;225.12538146972656
2020-06-01;232.4600067138672;240.3000030517578;232.0;239.69000244140625;182469800;231.2320098876953
2020-06-08;239.5399932861328;247.82000732421875;231.74000549316406;235.8800048828125;271022200;227.5564422607422
2020-06-15;232.44000244140625;247.0;231.47000122070312;244.24000549316406;208947500;235.6214141845703
2020-06-22;243.67999267578125;251.14999389648438;239.67999267578125;240.22000122070312;192633900;232.1463165283203
2020-06-29;239.97000122070312;254.27000427246094;237.35000610351562;252.19000244140625;139932700;243.71400451660156
2020-07-06;255.4499969482422;264.2300109863281;255.42999267578125;263.9700012207031;174791700;255.0980987548828
2020-07-13;266.9100036621094;269.7900085449219;252.75999450683594;259.4200134277344;273594500;250.70101928710938
2020-07-20;260.0799865722656;268.4100036621094;251.32000732421875;255.55999755859375;219137400;246.97076416015625
2020-07-27;257.260009765625;265.95001220703125;256.45001220703125;265.7900085449219;190765800;256.8569030761719
2020-08-03;268.0;274.9800109863281;267.8699951171875;271.4700012207031;151622600;262.3459777832031
2020-08-10;271.7699890136719;274.8299865722656;264.6300048828125;272.1600036621094;179661300;263.0127868652344
2020-08-17;273.92999267578125;282.3399963378906;272.20001220703125;281.8699951171875;142804200;272.3965148925781
2020-08-24;285.25;293.8500061035156;281.2699890136719;292.5299987792969;191005500;282.69818115234375
2020-08-31;293.07000732421875;303.5;271.79998779296875;283.5799865722656;357416300;274.0490417480469
2020-09-07;272.2200012207031;282.20001220703125;266.8999938964844;270.45001220703125;305883000;261.3602294921875
2020-09-14;274.3599853515625;280.45001220703125;262.6300048828125;266.8699951171875;290518000;257.9006042480469
2020-09-21;262.4700012207031;273.0799865722656;260.1099853515625;271.55999755859375;273008900;262.4329833984375
2020-09-28;276.5799865722656;282.8800048828125;271.6700134277344;274.30999755859375;260386700;265.0905456542969
2020-10-05;276.3399963378906;285.7900085449219;274.25;285.7099914550781;161072900;276.1073303222656
2020-10-12;290.54998779296875;297.4599914550781;286.5400085449219;288.510009765625;263644700;278.81329345703125
2020-10-19;290.489990234375;291.4800109863281;280.82000732421875;284.739990234375;155113000;275.1700439453125
2020-10-26;282.3800048828125;285.29998779296875;267.07000732421875;269.3800048828125;231478300;260.3262939453125
2020-11-02;271.8500061035156;295.3900146484375;266.9700012207031;294.6099853515625;252333700;284.7083435058594
2020-11-09;297.6499938964844;299.1400146484375;280.6199951171875;290.92999267578125;250886400;281.1519775390625
2020-11-16;290.6199951171875;293.739990234375;288.8500061035156;290.3800048828125;128707200;280.6204833984375
2020-11-23;291.4100036621094;300.1700134277344;288.07000732421875;299.010009765625;91882300;288.9604187011719
2020-11-30;299.3399963378906;305.8800048828125;294.7799987792969;305.5199890136719;121138300;295.2516174316406
2020-12-07;305.7099914550781;308.6000061035156;298.0899963378906;301.8500061035156;142311700;291.70501708984375
2020-12-14;303.0799865722656;311.9800109863281;303.010009765625;310.05999755859375;144879600;299.6390380859375
2020-12-21;306.4599914550781;310.7099914550781;303.6000061035156;309.55999755859375;101258100;299.69805908203125
2020-12-28;312.25;314.69000244140625;310.3599853515625;313.739990234375;88119100;303.74493408203125
2021-01-04;315.1099853515625;319.3900146484375;305.17999267578125;319.0299987792969;191789500;308.8663635253906
2021-01-11;315.9800109863281;317.5299987792969;310.5799865722656;311.8599853515625;143530400;301.9248046875
2021-01-18;314.25;327.1300048828125;313.1199951171875;325.4200134277344;102005100;315.0528259277344
2021-01-25;328.9100036621094;330.32000732421875;312.760009765625;314.55999755859375;217938000;304.5387268066406
2021-02-01;318.1099853515625;332.3999938964844;316.0199890136719;331.3599853515625;139484200;320.8035583496094
2021-02-08;333.1000061035156;336.6199951171875;329.5;336.45001220703125;108521900;325.7314147949219
2021-02-15;337.2699890136719;338.19000244140625;328.3599853515625;331.0199890136719;129835000;320.4743957519531
2021-02-22;326.5;327.79998779296875;310.8800048828125;314.1400146484375;417627500;304.1321716308594
2021-03-01;319.2699890136719;324.3299865722656;297.45001220703125;308.67999267578125;444490900;298.8460693359375
2021-03-08;308.1199951171875;319.8599853515625;299.510009765625;315.4599914550781;368399400;305.4100646972656
2021-03-15;315.7900085449219;324.20001220703125;309.6600036621094;313.1400146484375;337304600;303.1639709472656
2021-03-22;315.2099914550781;321.0899963378906;307.3900146484375;316.0;316702500;306.3193664550781
2021-03-29;315.45001220703125;324.7099914550781;311.5400085449219;324.57000732421875;209961800;314.6268005371094
2021-04-05;327.1300048828125;337.32000732421875;326.8800048828125;337.1099853515625;174361800;326.7825927734375
2021-04-12;336.0400085449219;342.2300109863281;334.7300109863281;342.010009765625;175974200;331.5325012207031
2021-04-19;340.3900146484375;341.5799865722656;333.9700012207031;339.4200134277344;191531000;329.02191162109375
2021-04-26;339.6700134277344;342.79998779296875;336.8999938964844;337.989990234375;173587200;327.6356506347656
2021-05-03;339.2300109863281;340.0;326.2099914550781;334.20001220703125;241234800;323.96173095703125
2021-05-10;332.7799987792969;332.9599914550781;316.0;326.3900146484375;338076800;316.3909912109375
2021-05-17;324.6300048828125;330.8599853515625;316.29998779296875;327.010009765625;239039100;316.9920349121094
2021-05-24;329.3699951171875;335.57000732421875;326.8999938964844;333.92999267578125;147060100;323.6999816894531
2021-05-31;335.29998779296875;336.05999755859375;328.2799987792969;335.6000061035156;128987600;325.3188781738281
2021-06-07;335.04998779296875;341.25;334.3399963378906;341.239990234375;136304900;330.7861022949219
2021-06-14;341.67999267578125;346.3800048828125;337.45001220703125;342.6300048828125;234328600;332.133544921875
2021-06-21;342.42999267578125;351.4599914550781;340.1499938964844;349.4599914550781;150387100;339.1471252441406
2021-06-28;350.7799987792969;358.9700012207031;350.7200012207031;358.6400146484375;163297500;348.05633544921875
2021-07-05;359.260009765625;362.760009765625;354.4200134277344;361.010009765625;160182100;350.3562927246094
2021-07-12;362.45001220703125;365.489990234375;357.239990234375;357.6000061035156;201430700;347.0469665527344
2021-07-19;354.04998779296875;368.489990234375;352.0400085449219;368.20001220703125;199061200;357.3342590332031
2021-07-26;367.489990234375;368.8900146484375;360.1600036621094;364.57000732421875;190594500;353.81134033203125
2021-08-02;366.2799987792969;369.9100036621094;362.0;368.04998779296875;147270800;357.1885986328125
2021-08-09;368.5199890136719;369.55999755859375;364.29998779296875;368.82000732421875;140646200;357.93585205078125
2021-08-16;367.6700134277344;369.0199890136719;359.9599914550781;367.7300109863281;206178100;356.878173828125
2021-08-23;368.79998779296875;376.55999755859375;368.7900085449219;376.0400085449219;132447500;364.9427795410156
2021-08-30;376.8500061035156;382.7099914550781;376.8299865722656;381.57000732421875;135121000;370.3096008300781
2021-09-06;381.67999267578125;382.7799987792969;376.25;376.5899963378906;126567800;365.47650146484375
2021-09-13;378.989990234375;379.42999267578125;372.760009765625;373.8299865722656;220771700;362.79791259765625
2021-09-20;367.4599914550781;374.0400085449219;360.92999267578125;373.3299865722656;245812400;362.7144470214844
2021-09-27;370.20001220703125;371.25;354.3800048828125;360.17999267578125;316876400;349.9383850097656
2021-10-04;358.5199890136719;365.69000244140625;350.32000732421875;361.1600036621094;262038900;350.8904724121094
2021-10-11;359.5799865722656;369.05999755859375;356.4800109863281;368.94000244140625;202726900;358.44927978515625
2021-10-18;367.6099853515625;377.4700012207031;366.989990234375;374.1000061035156;156739900;363.4625549316406
2021-10-25;375.55999755859375;386.2799987792969;373.55999755859375;386.1099853515625;200866700;375.13104248046875
2021-11-01;386.55999755859375;400.989990234375;384.4200134277344;398.6000061035156;173298600;387.2658996582031
2021-11-08;398.57000732421875;399.6199951171875;387.5299987792969;394.70001220703125;201658000;383.47674560546875
2021-11-15;395.9100036621094;405.29998779296875;392.1000061035156;403.989990234375;181206300;392.502685546875
2021-11-22;405.57000732421875;408.7099914550781;389.7699890136719;391.20001220703125;230301800;380.07635498046875
2021-11-29;395.8900146484375;401.19000244140625;378.8999938964844;383.1300048828125;403312000;372.23577880859375
2021-12-06;383.6300048828125;400.20001220703125;379.29998779296875;398.010009765625;265317600;386.6927795410156
2021-12-13;398.0;398.4800109863281;381.7699890136719;384.9100036621094;362307500;373.9652404785156
2021-12-20;379.57000732421875;398.42999267578125;377.4700012207031;396.9200134277344;180874000;386.1262512207031
2021-12-27;398.25;404.5799865722656;397.3399963378906;397.8500061035156;156785900;387.031005859375
2022-01-03;399.04998779296875;402.2799987792969;378.0400085449219;379.8599853515625;317809500;369.53021240234375
2022-01-10;374.82000732421875;390.20001220703125;369.30999755859375;380.010009765625;372757800;369.676025390625
2022-01-17;374.0400085449219;376.2200012207031;351.3999938964844;351.69000244140625;389242000;342.1262512207031
2022-01-24;345.9100036621094;356.8800048828125;334.1499938964844;351.79998779296875;673067300;342.2331848144531
2022-01-31;353.20001220703125;370.1000061035156;351.5199890136719;358.010009765625;429239600;348.27435302734375
2022-02-07;358.6199951171875;366.80999755859375;345.79998779296875;347.05999755859375;392723000;337.62213134765625
2022-02-14;346.489990234375;357.0899963378906;339.1400146484375;341.510009765625;336133200;332.2230224609375
2022-02-21;338.489990234375;345.9800109863281;318.260009765625;345.7699890136719;381638700;336.3671875
2022-02-28;342.510009765625;350.0400085449219;334.9200134277344;337.29998779296875;363557200;328.1275939941406
2022-03-07;337.2900085449219;338.4800109863281;319.94000244140625;324.3999938964844;406402200;315.5783996582031
2022-03-14;323.1300048828125;351.7900085449219;317.45001220703125;351.489990234375;414772900;341.9316101074219
2022-03-21;350.20001220703125;360.6700134277344;345.5799865722656;359.3500061035156;318900000;350.0101318359375
2022-03-28;359.3399963378906;371.8299865722656;358.07000732421875;361.8500061035156;315203800;352.44512939453125
2022-04-04;362.7099914550781;369.30999755859375;348.5;349.1499938964844;324499500;340.0752258300781
2022-04-11;344.80999755859375;347.69000244140625;338.0400085449219;338.42999267578125;273784800;329.63385009765625
2022-04-18;337.3500061035156;347.8699951171875;324.9599914550781;325.3999938964844;338939400;316.94244384765625
2022-04-25;323.7300109863281;329.8999938964844;312.6000061035156;313.25;510207600;305.1083679199219
2022-05-02;312.8299865722656;330.2900085449219;305.1099853515625;309.25;603960900;301.21221923828125
2022-05-09;303.4800109863281;309.3500061035156;284.94000244140625;301.94000244140625;582433800;294.0921936035156
2022-05-16;300.1499938964844;306.55999755859375;280.2099914550781;288.67999267578125;373067700;281.1768493652344
2022-05-23;289.75;309.25;282.25;309.1000061035156;330731800;301.066162109375
2022-05-30;309.07000732421875;314.55999755859375;303.3999938964844;306.20001220703125;246516000;298.2415771484375
2022-06-06;310.75;312.3500061035156;288.3800048828125;288.8399963378906;276891400;281.33270263671875
2022-06-13;279.75;286.8299865722656;269.2799987792969;274.69000244140625;409804600;267.5503845214844
2022-06-20;278.75;295.0400085449219;277.9100036621094;294.6099853515625;234986700;287.5043640136719
2022-06-27;296.0;296.5799865722656;275.7799987792969;282.1300048828125;309052700;275.3253173828125
2022-07-04;278.30999755859375;296.75;276.75;295.3500061035156;241539600;288.2265625
2022-07-11;292.8800048828125;293.1099853515625;279.79998779296875;291.8699951171875;312570300;284.8304748535156
2022-07-18;294.7200012207031;308.54998779296875;288.20001220703125;301.989990234375;294638700;294.70635986328125
2022-07-25;302.0199890136719;316.3900146484375;293.5400085449219;315.4599914550781;272601800;307.8514099121094
2022-08-01;313.6499938964844;324.7200012207031;311.8399963378906;321.75;241638700;313.9897155761719
2022-08-08;322.69000244140625;330.5899963378906;315.4200134277344;330.3900146484375;221928400;322.42138671875
2022-08-15;329.4200134277344;334.4200134277344;322.0799865722656;322.8599853515625;221003500;315.072998046875
2022-08-22;318.5;321.510009765625;307.3500061035156;307.44000244140625;235799100;300.0248718261719
2022-08-29;304.6199951171875;307.2200012207031;292.95001220703125;295.1700134277344;272207900;288.0508728027344
2022-09-05;295.6600036621094;307.6000061035156;290.8699951171875;307.0899963378906;218040800;299.6833190917969
2022-09-12;308.5;311.0799865722656;285.6199951171875;289.32000732421875;325594900;282.3419189453125
2022-09-19;286.1000061035156;293.95001220703125;272.0199890136719;275.510009765625;324388200;269.3482360839844
2022-09-26;275.0299987792969;281.25;267.1000061035156;267.260009765625;380307300;261.2826843261719
2022-10-03;269.07000732421875;284.17999267578125;267.5299987792969;269.1000061035156;308574700;263.08154296875
2022-10-10;269.29998779296875;271.80999755859375;254.25999450683594;260.739990234375;367634100;254.9085235595703
2022-10-17;266.8399963378906;277.2099914550781;266.739990234375;275.4200134277344;325976100;269.2602233886719
2022-10-24;275.69000244140625;284.6000061035156;271.9700012207031;281.2200012207031;306882100;274.9304504394531
2022-10-31;278.9200134277344;282.07000732421875;259.0799865722656;264.67999267578125;321793100;258.7603759765625
2022-11-07;265.75;288.6400146484375;263.0299987792969;287.9599914550781;341628200;281.51971435546875
2022-11-14;285.8599853515625;293.260009765625;280.7200012207031;284.82000732421875;287186600;278.4499816894531
2022-11-21;283.3999938964844;289.4599914550781;280.4599914550781;286.9200134277344;143845700;280.5029296875
2022-11-28;284.8999938964844;295.75;279.1700134277344;292.54998779296875;254181700;286.007080078125
2022-12-05;290.3800048828125;291.67999267578125;278.7799987792969;282.0400085449219;231489400;275.73211669921875
2022-12-12;282.2200012207031;296.8800048828125;272.6099853515625;274.25;310239100;268.1164245605469
2022-12-19;273.8699951171875;274.7799987792969;262.4599914550781;267.3599853515625;241278800;262.0062561035156
2022-12-26;266.739990234375;267.3999938964844;259.7300109863281;266.2799987792969;168899900;260.9478454589844
2023-01-02;268.6499938964844;270.1499938964844;260.3399963378906;268.79998779296875;190146600;263.4173889160156
2023-01-09;270.8299865722656;281.2200012207031;268.9700012207031;280.9700012207031;230296400;275.34368896484375
2023-01-16;280.7699890136719;284.69000244140625;273.8900146484375;282.67999267578125;188788200;277.0194091796875
2023-01-23;283.5400085449219;298.260009765625;281.17999267578125;296.260009765625;256585200;290.3275146484375
2023-01-30;292.92999267578125;313.67999267578125;289.8900146484375;306.17999267578125;322914500;300.04888916015625
2023-02-06;303.510009765625;311.0299987792969;297.25;299.70001220703125;264295100;293.6985778808594
2023-02-13;301.1300048828125;309.2699890136719;298.1000061035156;301.1600036621094;264545700;295.1294250488281
2023-02-20;297.260009765625;298.7300109863281;290.04998779296875;291.8500061035156;241542300;286.0058288574219
2023-02-27;295.07000732421875;299.9200134277344;288.3699951171875;299.67999267578125;269602500;293.6789855957031
2023-03-06;300.94000244140625;304.0;287.3800048828125;288.54998779296875;343618700;282.7719421386719
2023-03-13;286.7300109863281;309.1499938964844;285.19000244140625;305.3599853515625;442479400;299.2452697753906
2023-03-20;304.260009765625;315.25;302.010009765625;310.8900146484375;313679600;305.13616943359375
2023-03-27;311.6000061035156;321.1700134277344;304.7699890136719;320.92999267578125;272640500;314.9903869628906
2023-04-03;318.7699890136719;321.6300048828125;312.82000732421875;318.04998779296875;202714400;312.1636962890625
2023-04-10;315.07000732421875;320.3599853515625;312.57000732421875;318.57000732421875;258953700;312.6741027832031
2023-04-17;318.1499938964844;321.4200134277344;314.1000061035156;316.6099853515625;250178400;310.75030517578125
2023-04-24;316.3800048828125;322.6499938964844;309.8900146484375;322.55999755859375;281708200;316.5902404785156
2023-05-01;322.0899963378906;323.760009765625;315.1199951171875;322.8900146484375;259445500;316.91412353515625
2023-05-08;322.4200134277344;327.1700134277344;321.32000732421875;325.0299987792969;221392500;319.0145263671875
2023-05-15;325.510009765625;338.2099914550781;323.9599914550781;336.510009765625;246649300;330.2821044921875
2023-05-22;336.25;349.25;329.55999755859375;348.3999938964844;283993600;341.95196533203125
2023-05-29;352.7099914550781;355.8299865722656;346.510009765625;354.6499938964844;241618300;348.0862731933594
2023-06-05;354.42999267578125;357.6600036621094;348.17999267578125;354.5;258233300;347.9391174316406
2023-06-12;356.19000244140625;372.8500061035156;355.20001220703125;367.92999267578125;323300700;361.1205139160156
2023-06-19;365.95001220703125;368.32000732421875;360.2200012207031;362.5400085449219;199108900;356.3184814453125
2023-06-26;362.0;370.489990234375;357.5899963378906;369.4200134277344;253475100;363.0802917480469
2023-07-03;370.07000732421875;372.010009765625;364.5199890136719;366.239990234375;150402200;359.9549255371094
2023-07-10;365.9599914550781;382.8599853515625;363.4100036621094;379.07000732421875;250796800;372.56475830078125
2023-07-17;379.79998779296875;387.9800109863281;375.19000244140625;375.6300048828125;282665200;369.18377685546875
2023-07-24;376.6199951171875;384.7099914550781;374.3399963378906;383.4800109863281;247193300;376.8990478515625
2023-07-31;383.7900085449219;384.8800048828125;371.5299987792969;372.0400085449219;267136800;365.65533447265625
2023-08-07;373.8800048828125;375.2900085449219;364.69000244140625;366.239990234375;253850300;359.9549255371094
2023-08-14;365.42999267578125;370.4700012207031;354.7099914550781;358.1300048828125;264656900;351.98406982421875
2023-08-21;359.6199951171875;372.739990234375;358.5799865722656;364.0199890136719;283800300;357.7730407714844
2023-08-28;366.989990234375;380.8299865722656;364.25;377.5899963378906;216665800;371.1101989746094
2023-09-04;376.7699890136719;379.30999755859375;369.1499938964844;372.5799865722656;163203700;366.1860656738281
2023-09-11;375.6600036621094;378.2699890136719;369.8599853515625;370.80999755859375;245478900;364.446533203125
2023-09-18;369.32000732421875;371.7900085449219;357.5899963378906;357.9100036621094;241363900;352.277099609375
2023-09-25;356.92999267578125;362.95001220703125;351.3599853515625;358.2699890136719;270174600;352.6314392089844
2023-10-02;358.5400085449219;365.9100036621094;353.2799987792969;364.70001220703125;287836800;358.960205078125
2023-10-09;362.29998779296875;373.739990234375;360.7799987792969;365.2799987792969;232546500;359.5310974121094
2023-10-16;366.6199951171875;370.4800109863281;354.3699951171875;354.6000061035156;294314600;349.0191650390625
2023-10-23;353.260009765625;359.9100036621094;342.3500061035156;345.30999755859375;321035900;339.8753967285156
2023-10-30;347.8299865722656;369.0199890136719;346.45001220703125;367.7099914550781;273406000;361.92279052734375
2023-11-06;368.489990234375;378.5400085449219;366.9100036621094;378.3900146484375;237458700;372.4347229003906
2023-11-13;376.7900085449219;387.75;375.239990234375;386.0400085449219;254582900;379.96435546875
2023-11-20;386.04998779296875;393.07000732421875;386.04998779296875;389.510009765625;147606400;383.3797302246094
2023-11-27;389.010009765625;394.1400146484375;385.82000732421875;389.94000244140625;201767000;383.8030090332031
2023-12-04;386.0899963378906;392.6199951171875;382.6600036621094;392.1700134277344;232395000;385.99786376953125
2023-12-11;391.739990234375;406.5400085449219;391.5299987792969;405.3399963378906;254171700;398.9606018066406
2023-12-18;404.92999267578125;410.4700012207031;402.8999938964844;408.3800048828125;216247200;402.755615234375
2023-12-25;409.25;412.9200134277344;407.5799865722656;409.5199890136719;124394300;404.0923156738281
2024-01-01;405.8399963378906;406.0899963378906;395.3399963378906;396.75;189385300;391.4915771484375
2024-01-08;397.989990234375;411.25;397.8399963378906;409.55999755859375;209700700;404.13177490234375
2024-01-15;408.30999755859375;421.3399963378906;402.9200134277344;421.17999267578125;228176600;415.5978088378906
2024-01-22;423.4100036621094;429.8500061035156;420.57000732421875;423.80999755859375;206336600;418.1929626464844
2024-01-29;424.2699890136719;430.239990234375;416.7900085449219;429.010009765625;250055300;423.3240051269531
2024-02-05;429.07000732421875;437.8500061035156;425.0;437.04998779296875;180281800;431.2574462890625
2024-02-12;436.94000244140625;439.1400146484375;425.3299865722656;430.57000732421875;235300300;424.8634033203125
2024-02-19;428.54998779296875;440.5899963378906;421.6300048828125;436.7799987792969;197520200;430.99102783203125
2024-02-26;437.6000061035156;446.5799865722656;434.29998779296875;445.6099853515625;186043400;439.7039794921875
2024-03-04;445.6099853515625;448.6400146484375;433.6499938964844;439.0199890136719;255100000;433.2013244628906
2024-03-11;437.510009765625;444.0199890136719;432.739990234375;433.9200134277344;264354600;428.16900634765625
2024-03-18;438.7300109863281;449.3399963378906;433.3299865722656;446.3800048828125;201581000;441.0462646484375
2024-03-25;443.54998779296875;447.2300109863281;441.92999267578125;444.010009765625;140130000;438.7045593261719
2024-04-01;444.9700012207031;447.5299987792969;435.1099853515625;440.4700012207031;234950800;435.20684814453125
2024-04-08;441.4100036621094;446.3299865722656;436.2799987792969;438.2699890136719;228230300;433.0331115722656
2024-04-15;442.05999755859375;442.1499938964844;413.07000732421875;414.6499938964844;289733500;409.69537353515625
2024-04-22;417.30999755859375;432.54998779296875;413.94000244140625;431.0;239899800;425.85003662109375
2024-04-29;433.1300048828125;436.4800109863281;420.6300048828125;435.4800109863281;211014100;430.2764892578125
2024-05-06;437.29998779296875;444.30999755859375;436.5199890136719;442.05999755859375;137816700;436.7778625488281
2024-05-13;443.989990234375;454.69000244140625;441.6499938964844;451.760009765625;169521300;446.3619384765625
2024-05-20;451.9800109863281;460.5799865722656;451.7900085449219;457.95001220703125;143330600;452.4779968261719
2024-05-27;459.17999267578125;459.739990234375;443.05999755859375;450.7099914550781;142434100;445.3244323730469
2024-06-03;454.57000732421875;465.739990234375;447.8999938964844;462.9599914550781;138378800;457.4281311035156
2024-06-10;461.82000732421875;479.260009765625;461.5299987792969;479.19000244140625;126478300;473.4642028808594
2024-06-17;479.4599914550781;486.8599853515625;478.1400146484375;480.17999267578125;132868600;474.4423522949219
2024-06-24;478.17999267578125;487.20001220703125;473.82000732421875;479.1099853515625;150606500;474.1375427246094
2024-07-01;480.0400085449219;496.6000061035156;476.260009765625;496.1600036621094;98182700;491.0105895996094
2024-07-08;496.5299987792969;503.5199890136719;490.7300109863281;494.82000732421875;162846800;489.68450927734375
2024-07-15;496.6099853515625;501.010009765625;473.94000244140625;475.239990234375;204761100;470.3077087402344
2024-07-22;481.1600036621094;484.42999267578125;455.6300048828125;462.9700012207031;221650000;458.1650695800781
2024-07-29;465.7099914550781;475.54998779296875;444.4700012207031;448.75;237064900;444.0926818847656
2024-08-05;424.7099914550781;452.05999755859375;423.45001220703125;450.4100036621094;287041200;445.7353820800781
2024-08-12;451.3900146484375;476.4100036621094;448.54998779296875;475.0299987792969;179277400;470.09991455078125
2024-08-19;475.1700134277344;485.5400085449219;473.3699951171875;480.0;152406900;475.0183410644531
2024-08-26;479.45001220703125;480.3800048828125;467.8900146484375;476.2699890136719;166883000;471.32696533203125
2024-09-02;470.6600036621094;473.3299865722656;448.19000244140625;448.69000244140625;162567100;444.0332946777344
2024-09-09;453.05999755859375;476.5299987792969;449.82000732421875;475.3399963378906;189684100;470.4066467285156
2024-09-16;473.19000244140625;486.2300109863281;469.8900146484375;482.44000244140625;179939400;477.4329833984375
2024-09-23;482.95001220703125;493.70001220703125;480.1700134277344;486.75;132216800;482.3751525878906
2024-09-30;485.7799987792969;488.4100036621094;477.3999938964844;487.32000732421875;152784300;482.9400634765625
2024-10-07;485.3900146484375;494.4700012207031;480.8699951171875;493.3599853515625;124637000;488.9257507324219
2024-10-14;495.7699890136719;498.8299865722656;487.57000732421875;494.4700012207031;136387100;490.0257873535156
2024-10-21;493.25;500.2799987792969;485.04998779296875;495.32000732421875;157155900;490.8681335449219
2024-10-28;498.4599914550781;501.3500061035156;483.75;487.42999267578125;153148900;483.0491027832031
2024-11-04;486.82000732421875;514.9199829101562;484.25;514.1400146484375;146505000;509.5190124511719
2024-11-11;515.3699951171875;515.5800170898438;494.489990234375;496.57000732421875;154710800;492.1069641113281
2024-11-18;498.1300048828125;506.9599914550781;496.55999755859375;505.7900085449219;139522600;501.2440490722656
2024-11-25;509.8999938964844;511.45001220703125;501.92999267578125;509.739990234375;93223700;505.1585388183594
2024-12-02;511.010009765625;526.719970703125;510.6199951171875;526.47998046875;111763500;521.748046875
2024-12-09;525.5499877929688;533.1699829101562;519.1599731445312;530.530029296875;129550900;525.7616577148438
2024-12-16;533.0800170898438;539.1500244140625;509.2900085449219;518.6599731445312;222234000;513.998291015625
2024-12-23;519.5499877929688;531.239990234375;516.1300048828125;522.5599975585938;100161100;518.6984252929688
2024-12-30;515.510009765625;519.6500244140625;505.7099914550781;518.5800170898438;129150300;514.747802734375
2025-01-06;524.02001953125;527.9199829101562;503.9200134277344;507.19000244140625;144110300;503.44195556640625
2025-01-13;501.20001220703125;524.0700073242188;499.70001220703125;521.739990234375;180455900;517.8843994140625
2025-01-20;524.47998046875;533.8200073242188;520.0599975585938;529.6300048828125;100195900;525.716064453125
2025-01-27;511.0;531.52001953125;510.1499938964844;522.2899780273438;186801400;518.4302978515625
2025-02-03;513.469970703125;532.0999755859375;511.04998779296875;522.9199829101562;136801700;519.0556640625
2025-02-10;527.219970703125;538.8400268554688;521.9500122070312;538.1500244140625;111765100;534.1732177734375
2025-02-17;539.72998046875;540.8099975585938;525.7100219726562;526.0800170898438;113876500;522.1923217773438
2025-02-24;527.8800048828125;529.0700073242188;496.92999267578125;508.1700134277344;222768000;504.41473388671875
2025-03-03;511.5199890136719;513.0399780273438;480.5299987792969;491.7900085449219;271075300;488.1557922363281
2025-03-10;483.45001220703125;483.9700012207031;466.42999267578125;479.6600036621094;282526200;476.1153869628906
2025-03-17;479.6099853515625;485.8399963378906;472.4100036621094;480.8399963378906;200262400;477.2867126464844
2025-03-24;487.739990234375;493.6199951171875;468.04998779296875;468.94000244140625;175063100;466.16876220703125
2025-03-31;461.9200134277344;479.55999755859375;422.6700134277344;422.6700134277344;331595700;420.1722106933594
2025-04-07;408.6600036621094;467.8299865722656;402.3900146484375;454.3999938964844;566549900;451.7146911621094
2025-04-14;464.4599914550781;465.04998779296875;437.760009765625;444.1000061035156;173163000;441.47552490234375
2025-04-21;438.2300109863281;473.0899963378906;427.92999267578125;472.55999755859375;236908000;469.7673645019531
2025-04-28;473.0299987792969;490.9100036621094;462.42999267578125;488.8299865722656;193509100;485.9411926269531
2025-05-05;484.6000061035156;492.70001220703125;476.7799987792969;487.9700012207031;166447100;485.0863037109375
2025-05-12;506.989990234375;521.9299926757812;501.4800109863281;521.510009765625;243922600;518.4281005859375
2025-05-19;514.239990234375;523.0;505.5799865722656;509.239990234375;280321900;506.2305908203125
2025-05-26;516.1500244140625;526.47998046875;511.92999267578125;519.1099853515625;220039600;516.042236328125
2025-06-02;517.239990234375;533.0499877929688;515.969970703125;529.9199829101562;233690600;526.7883911132812
2025-06-09;530.1400146484375;536.780029296875;525.72998046875;526.9600219726562;217973800;523.8458862304688
2025-06-16;530.5;535.3699951171875;524.8800048828125;526.8300170898438;185430000;523.7167358398438
2025-06-23;526.8099975585938;549.989990234375;523.6500244140625;548.0900268554688;242300800;545.4629516601562
2025-06-30;551.260009765625;557.2000122070312;544.6599731445312;556.219970703125;164697200;553.553955078125
2025-07-07;553.52001953125;557.6300048828125;549.5800170898438;554.2000122070312;198877600;551.543701171875
2025-07-14;553.989990234375;564.72998046875;551.5599975585938;561.260009765625;222954200;558.56982421875
2025-07-21;562.0900268554688;567.7000122070312;558.6099853515625;566.3699951171875;195987400;563.6553955078125
2025-07-28;567.739990234375;574.6300048828125;551.6799926757812;553.8800048828125;254410200;551.2251586914062
2025-08-04;559.0499877929688;574.77001953125;558.9500122070312;574.5499877929688;217878600;571.796142578125
2025-08-11;574.6900024414062;583.3200073242188;571.5700073242188;577.3400268554688;211370700;574.57275390625
2025-08-18;576.4400024414062;577.77001953125;558.8400268554688;571.969970703125;258303700;569.2284545898438
2025-08-25;570.4000244140625;578.0;568.5399780273438;570.4000244140625;207893100;567.666015625
2025-09-01;561.3099975585938;581.1199951171875;559.5399780273438;576.0599975585938;235975800;573.298828125
2025-09-08;578.3699951171875;587.8599853515625;577.0399780273438;586.6599731445312;235178700;583.8480834960938
2025-09-15;588.4400024414062;600.0499877929688;584.3699951171875;599.3499755859375;269952600;596.4771118164062
2025-09-22;597.739990234375;602.8699951171875;588.5;595.969970703125;296898200;593.801025390625
2025-09-29;599.1099853515625;607.3300170898438;596.0999755859375;603.1799926757812;232013800;600.9848022460938
2025-10-06;608.4500122070312;613.1799926757812;589.0499877929688;589.5;293967200;587.3546142578125
2025-10-13;599.6799926757812;608.3099975585938;590.1300048828125;603.9299926757812;340888200;601.7320556640625
2025-10-20;607.1400146484375;618.4199829101562;599.739990234375;617.0999755859375;242255500;614.8541259765625
2025-10-27;624.52001953125;637.010009765625;624.030029296875;629.0700073242188;310650800;626.780517578125
2025-11-03;635.1099853515625;635.8200073242188;598.6699829101562;609.739990234375;303624100;607.5209350585938
2025-11-10;618.9199829101562;624.8599853515625;597.1699829101562;608.8599853515625;299654000;606.64404296875
2025-11-17;606.2999877929688;614.030029296875;580.739990234375;590.0700073242188;441376600;587.9224853515625
2025-11-24;595.280029296875;619.3200073242188;595.1599731445312;619.25;183157000;616.996337890625
2025-12-01;613.6300048828125;628.9199829101562;612.52001953125;625.47998046875;244023000;623.20361328125
2025-12-08;627.2100219726562;629.2100219726562;611.3599853515625;613.6199951171875;269081300;611.3867797851562
2025-12-15;618.3699951171875;618.4199829101562;600.280029296875;617.0499877929688;314590900;614.8043212890625
2025-12-22;621.3499755859375;625.52001953125;617.77001953125;623.8900146484375;132252000;622.4203491210938
2025-12-29;620.0999755859375;622.8499755859375;610.1500244140625;613.1199951171875;166290800;611.6756591796875
2026-01-05;619.3200073242188;627.9400024414062;616.719970703125;626.6500244140625;234970800;625.173828125
2026-01-12;622.3099975585938;630.0;614.5599975585938;621.260009765625;269461800;619.7965087890625
2026-01-19;610.530029296875;625.4000244140625;607.0499877929688;622.719970703125;247727400;621.2530517578125
2026-01-26;623.2100219726562;636.5999755859375;618.27001953125;621.8699951171875;271266600;620.405029296875
2026-02-02;618.7000122070312;629.97998046875;594.760009765625;609.6500244140625;379478800;608.2138671875
2026-02-09;607.5399780273438;617.52001953125;596.4199829101562;601.9199829101562;319928000;600.5020141601562
2026-02-16;598.3800048828125;610.3499755859375;593.3400268554688;608.8099975585938;268352600;607.3757934570312
2026-02-23;606.6099853515625;616.8300170898438;599.0499877929688;607.2899780273438;338897600;605.8594360351562
2026-03-02;598.8599853515625;612.8800048828125;591.8699951171875;599.75;419128700;598.337158203125
2026-03-09;594.22998046875;613.2899780273438;591.3300170898438;593.719970703125;352244000;592.3213500976562
2026-03-16;600.0399780273438;605.9000244140625;578.5399780273438;582.0599975585938;319874100;580.6888427734375
2026-03-23;590.52001953125;595.0800170898438;561.5700073242188;562.5800170898438;372356800;561.9624633789062
2026-03-30;567.3800048828125;587.739990234375;555.5999755859375;584.97998046875;296857400;584.3378295898438
2026-04-06;586.22998046875;613.6699829101562;578.4000244140625;611.0700073242188;220018700;610.3992309570312
2026-04-13;609.47998046875;650.0;608.1099853515625;648.8499755859375;228805100;648.1376953125
2026-04-20;648.0399780273438;664.510009765625;642.2100219726562;663.8800048828125;199750300;663.1512451171875
2026-04-27;663.4000244140625;675.969970703125;653.8099975585938;674.1500244140625;178384600;673.4099731445312
2026-05-04;674.6599731445312;711.22998046875;668.9000244140625;711.22998046875;198521100;710.44921875
2026-05-11;710.3599853515625;722.030029296875;696.6400146484375;708.9299926757812;207024800;708.1517944335938
2026-05-18;711.5399780273438;722.1199951171875;695.25;717.5399780273438;202975200;716.7523193359375
2026-05-25;725.9600219726562;741.6300048828125;724.1599731445312;738.3099975585938;139785100;737.49951171875
2026-06-01;737.0399780273438;748.6500244140625;704.3200073242188;705.0599975585938;244635200;704.2860107421875
2026-06-08;717.8099975585938;725.6599731445312;686.3699951171875;721.3400268554688;327635300;720.5481567382812
2026-06-15;738.0999755859375;744.760009765625;720.8499755859375;740.6199951171875;193882800;739.8070068359375
2026-06-22;742.02001953125;745.4500122070312;702.8099975585938;706.52001953125;246103000;706.52001953125
2026-06-29;713.989990234375;737.6199951171875;705.1699829101562;712.5999755859375;178824500;712.5999755859375
2026-07-06;719.9299926757812;726.3900146484375;700.9099731445312;725.510009765625;168377300;725.510009765625
2026-07-13;717.719970703125;724.3599853515625;686.760009765625;695.3300170898438;192139400;695.3300170898438
2026-07-20;702.1599731445312;710.0499877929688;682.47998046875;684.22998046875;174013400;684.22998046875
2026-07-27;691.6799926757812;695.77001953125;661.1400146484375;687.989990234375;268607700;687.989990234375
2026-08-03;688.2999877929688;728.5399780273438;685.8200073242188;723.030029296875;202390200;723.030029296875
2026-08-10;722.3900146484375;734.3900146484375;715.5;731.0700073242188;139985600;731.0700073242188
2026-08-17;732.9500122070312;734.5800170898438;708.52001953125;713.4400024414062;178047300;713.4400024414062
2026-08-24;709.6599731445312;724.1300048828125;702.7000122070312;716.4299926757812;144534000;716.4299926757812
2026-08-31;715.1699829101562;717.5800170898438;704.6599731445312;709.239990234375;90858200;709.239990234375
2026-09-02;707.1099853515625;709.798828125;705.1099853515625;709.239990234375;23119119;709.239990234375
