datetime;open;high;low;close;volume
2010-03-11;0.64249998;0.66049999;0.64249998;0.66049999;3702000
2010-03-12;0.66100001;0.66533297;0.64416701;0.64416701;4548000
2010-03-15;0.63116699;0.63800001;0.61416698;0.62383300;534000
2010-03-16;0.63166702;0.67516702;0.63066697;0.67449999;1260000
2010-03-17;0.69999999;0.70700002;0.68616700;0.69883299;2610000
2010-03-18;0.69883299;0.70083302;0.67216700;0.68183303;1584000
2010-03-19;0.67333299;0.67366701;0.63966697;0.65083301;1596000
2010-03-22;0.63800001;0.70033300;0.63433301;0.69783300;3804000
2010-03-23;0.70766699;0.74550003;0.70733303;0.74283302;6114000
2010-03-24;0.73566699;0.73566699;0.69800001;0.70166701;2034000
2010-03-25;0.73199999;0.74250001;0.69749999;0.69816703;2034000
2010-03-26;0.71683300;0.72049999;0.67350000;0.68716699;2322000
2010-03-29;0.70933300;0.71366698;0.70066702;0.70566702;1380000
2010-03-30;0.71666700;0.72666699;0.69816703;0.71916699;1920000
2010-03-31;0.72466701;0.73000002;0.70416701;0.70800000;1080000
2010-04-01;0.72783297;0.75716698;0.69849998;0.71033299;1644000
2010-04-05;0.73733300;0.77333301;0.69016701;0.77050000;1500000
2010-04-06;0.75583303;0.76966703;0.74716699;0.75883299;1998000
2010-04-07;0.76283300;0.78216702;0.74183297;0.76633298;3414000
2010-04-08;0.75250000;0.75250000;0.71466702;0.73916698;4470000
2010-04-09;0.74766701;0.75916702;0.73066700;0.75883299;1254000
2010-04-12;0.77033299;0.79750001;0.76116699;0.77783298;2400000
2010-04-13;0.78216702;0.79666698;0.77216703;0.79283297;2904000
2010-04-14;0.84200001;0.89766699;0.84200001;0.89483303;6504000
2010-04-15;0.91083300;0.92316699;0.89233297;0.90249997;12666000
2010-04-16;0.89166701;0.89166701;0.82849997;0.86916697;4452000
2010-04-19;0.83999997;0.86549997;0.79183298;0.83983302;5712000
2010-04-20;0.86433297;0.88666701;0.85833299;0.88050002;2922000
2010-04-21;0.88666701;0.90616697;0.81400001;0.85299999;5772000
2010-04-22;0.83633298;0.90399998;0.79733300;0.90116698;6594000
2010-04-23;0.91600001;0.91600001;0.86866701;0.90516698;3600000
2010-04-26;0.91333300;0.93800002;0.90683299;0.91316700;3846000
2010-04-27;0.875;0.90649998;0.81599998;0.81866699;5112000
2010-04-28;0.83533299;0.87916702;0.79350001;0.83499998;6864000
2010-04-29;0.83533299;0.86666697;0.82550001;0.86366701;5838000
2010-04-30;0.84166700;0.84166700;0.74533302;0.74716699;10104000
2010-05-03;0.75766701;0.81400001;0.75766701;0.80216700;4926000
2010-05-04;0.78549999;0.78549999;0.66133302;0.69599998;19164000
2010-05-05;0.68500000;0.70583302;0.64150000;0.67366701;7920000
2010-05-06;0.66666698;0.69566703;0.41666701;0.61633301;17448000
2010-05-07;0.60000002;0.61816698;0.51433301;0.57883298;12372000
2010-05-10;0.68000001;0.68266702;0.64683300;0.68000001;7206000
2010-05-11;0.64366698;0.70249999;0.63550001;0.66700000;27720000
2010-05-12;0.67799997;0.72466701;0.67799997;0.72116703;42330000
2010-05-13;0.70183301;0.73083299;0.65549999;0.66466701;28992000
2010-05-14;0.64899999;0.64899999;0.56766701;0.60399997;15846000
2010-05-17;0.59116697;0.63483298;0.56999999;0.62900001;19140000
2010-05-18;0.64450002;0.65533298;0.56916702;0.57766700;16128000
2010-05-19;0.57483298;0.60416698;0.54666698;0.58683300;21306000
2010-05-20;0.54166698;0.57616699;0.50433302;0.53899997;10638000
2010-05-21;0.51666701;0.59899998;0.50383300;0.57416701;11220000
2010-05-24;0.56283301;0.58483303;0.54033297;0.54033297;10944000
2010-05-25;0.49433300;0.55266702;0.47499999;0.55250001;10818000
2010-05-26;0.58033299;0.60366702;0.54650003;0.54966700;14250000
2010-05-27;0.59233302;0.63416702;0.58399999;0.63333303;10578000
2010-05-28;0.64066702;0.64066702;0.57716697;0.60283297;9288000
2010-06-01;0.59899998;0.62116700;0.56183302;0.56183302;4530000
2010-06-02;0.58183300;0.62250000;0.56416702;0.62183303;11094000
2010-06-03;0.63300002;0.65300000;0.61500001;0.64566702;9102000
2010-06-04;0.62900001;0.63050002;0.55250001;0.56166703;13650000
2010-06-07;0.56983298;0.57800001;0.49500000;0.49900001;18312000
2010-06-08;0.50183302;0.50416702;0.45683300;0.49349999;12504000
2010-06-09;0.50700003;0.53850001;0.47749999;0.48366699;8634000
2010-06-10;0.50933301;0.53866702;0.50150001;0.53683299;9504000
2010-06-11;0.51800001;0.56216699;0.51333302;0.55983299;6510000
2010-06-14;0.58683300;0.60250002;0.56916702;0.57050002;6924000
2010-06-15;0.58333302;0.66966701;0.58333302;0.66549999;14508000
2010-06-16;0.65133297;0.68966699;0.63400000;0.67466700;14226000
2010-06-17;0.68800002;0.68949997;0.63616699;0.67033303;8724000
2010-06-18;0.67350000;0.68250000;0.65666699;0.66583300;4656000
2010-06-21;0.69566703;0.71316701;0.63599998;0.64816701;9054000
2010-06-22;0.65133297;0.67699999;0.60833299;0.61400002;9888000
2010-06-23;0.62000000;0.64249998;0.58649999;0.61933303;8076000
2010-06-24;0.60850000;0.61066699;0.55783302;0.56533301;11754000
2010-06-25;0.57183301;0.57349998;0.53666699;0.56716698;8718000
2010-06-28;0.56150001;0.59233302;0.55283302;0.57383299;4248000
2010-06-29;0.54466701;0.54466701;0.48583299;0.49566701;23970000
2010-06-30;0.49849999;0.51466697;0.46766701;0.47166699;10842000
2010-07-01;0.47499999;0.48633301;0.43450001;0.47350001;10716000
2010-07-02;0.47450000;0.48150000;0.44433299;0.46766701;7032000
2010-07-06;0.49566701;0.50500000;0.45483300;0.46683300;24060000
2010-07-07;0.46700001;0.54100001;0.46700001;0.54016697;13650000
2010-07-08;0.56016701;0.56016701;0.51066703;0.53616703;14706000
2010-07-09;0.53850001;0.55633301;0.52716702;0.55466700;7512000
2010-07-12;0.55733299;0.58216703;0.55100000;0.57583302;8718000
2010-07-13;0.59666699;0.61866701;0.58633298;0.61283302;11688000
2010-07-14;0.63999999;0.64666700;0.59533298;0.60716701;16902000
2010-07-15;0.59899998;0.60566700;0.56800002;0.59933299;11166000
2010-07-16;0.58833301;0.59233302;0.54133302;0.54233301;7878000
2010-07-19;0.55949998;0.58550000;0.54716700;0.58333302;7908000
2010-07-20;0.53950000;0.58516699;0.51966703;0.58499998;14142000
2010-07-21;0.59616703;0.59616703;0.54566699;0.54949999;10890000
2010-07-22;0.55833298;0.61166698;0.55833298;0.59983301;10308000
2010-07-23;0.59500003;0.61549997;0.57983297;0.61133301;7092000
2010-07-26;0.61166698;0.63683301;0.59316701;0.63333303;8622000
2010-07-27;0.64716703;0.64716703;0.61233300;0.62033302;10470000
2010-07-28;0.61250001;0.62650001;0.57833302;0.58816701;17106000
2010-07-29;0.59483302;0.59600002;0.53016698;0.55250001;24666000
2010-07-30;0.53966701;0.54566699;0.50766701;0.53516698;13908000
2010-08-02;0.56216699;0.57166702;0.54216701;0.56349999;19812000
2010-08-03;0.56366700;0.56483299;0.53233302;0.54650003;11742000
2010-08-04;0.54833299;0.56416702;0.53233302;0.5625;8508000
2010-08-05;0.55933303;0.56699997;0.54333299;0.54900002;7224000
2010-08-06;0.53883302;0.56099999;0.52916700;0.54966700;7914000
2010-08-09;0.55366701;0.56666702;0.54000002;0.55866700;7584000
2010-08-10;0.54166698;0.54166698;0.50083297;0.51583302;18732000
2010-08-11;0.48266700;0.48316699;0.44066700;0.45366701;30720000
2010-08-12;0.42150000;0.44150001;0.40666699;0.43550000;27768000
2010-08-13;0.43766701;0.44949999;0.42150000;0.42233300;9888000
2010-08-16;0.41833299;0.43983299;0.40833300;0.42666700;15528000
2010-08-17;0.44316700;0.45800000;0.43349999;0.44299999;14430000
2010-08-18;0.44700000;0.46450001;0.43816701;0.45783299;10218000
2010-08-19;0.45249999;0.45933300;0.42883301;0.43483299;11196000
2010-08-20;0.43883300;0.45283300;0.43066701;0.43983299;8682000
2010-08-23;0.45233300;0.45433301;0.42383301;0.42433301;15390000
2010-08-24;0.40733299;0.41666701;0.39316699;0.40283301;13998000
2010-08-25;0.39716700;0.42016700;0.38249999;0.41499999;19578000
2010-08-26;0.42233300;0.42466700;0.38699999;0.39133301;15816000
2010-08-27;0.40316701;0.41916701;0.37133300;0.41466701;22824000
2010-08-30;0.40866700;0.41416699;0.38400000;0.38466701;11874000
2010-08-31;0.38166699;0.38949999;0.35483301;0.36016700;17046000
2010-09-01;0.37483299;0.40549999;0.37483299;0.39366701;21294000
2010-09-02;0.40033299;0.41983300;0.39233300;0.41983300;32310000
2010-09-03;0.43633300;0.44749999;0.41666701;0.43799999;39972000
2010-09-07;0.43416700;0.4375;0.41000000;0.41433299;24540000
2010-09-08;0.41616699;0.41883299;0.39583299;0.40750000;55176000
2010-09-09;0.42283300;0.42383301;0.40433300;0.40916699;16536000
2010-09-10;0.40549999;0.41066700;0.37566701;0.39316699;50568000
2010-09-13;0.40500000;0.43316701;0.40450001;0.43216699;34164000
2010-09-14;0.42833301;0.46166700;0.41633299;0.45333299;29940000
2010-09-15;0.44400001;0.45083299;0.43149999;0.44983301;20400000
2010-09-16;0.44083300;0.46100000;0.43799999;0.45933300;15978000
2010-09-17;0.46599999;0.46799999;0.45249999;0.45966700;14418000
2010-09-20;0.45983300;0.46783301;0.44583300;0.46516699;39192000
2010-09-21;0.46349999;0.47416699;0.45766699;0.46200001;18630000
2010-09-22;0.45600000;0.46050000;0.43250000;0.44283301;25320000
2010-09-23;0.43050000;0.47433299;0.42216700;0.45133299;21150000
2010-09-24;0.47166699;0.50766701;0.47166699;0.50500000;25266000
2010-09-27;0.50883299;0.51016700;0.49050000;0.49633300;20460000
2010-09-28;0.50233299;0.52233303;0.48183301;0.51950002;25440000
2010-09-29;0.50999999;0.54266697;0.50999999;0.53100002;31692000
2010-09-30;0.53933299;0.55000001;0.50483298;0.51950002;36396000
2010-10-01;0.53216702;0.53549999;0.50216699;0.51400000;24258000
2010-10-04;0.51099998;0.51133299;0.47583300;0.49300000;25332000
2010-10-05;0.50333297;0.52850002;0.50333297;0.52383298;24222000
2010-10-06;0.52333301;0.52416700;0.48750001;0.50583303;22194000
2010-10-07;0.50466698;0.51316702;0.48833299;0.50599998;20838000
2010-10-08;0.50250000;0.52483302;0.48583299;0.52249998;29346000
2010-10-11;0.52249998;0.54733300;0.52249998;0.53200001;20370000
2010-10-12;0.52533299;0.55000001;0.51599997;0.54333299;18330000
2010-10-13;0.54850000;0.55416697;0.53066701;0.54583299;27384000
2010-10-14;0.54683298;0.55683303;0.53183299;0.54133302;19338000
2010-10-15;0.55266702;0.55833298;0.52883297;0.55366701;22374000
2010-10-18;0.55083299;0.55083299;0.52733302;0.54083300;21282000
2010-10-19;0.52383298;0.54633301;0.50116700;0.51816702;37842000
2010-10-20;0.51866698;0.53483301;0.50833303;0.52683300;24378000
2010-10-21;0.52950001;0.53216702;0.50433302;0.51899999;22062000
2010-10-22;0.51899999;0.55233300;0.51899999;0.54983300;29832000
2010-10-25;0.55833298;0.57733297;0.55833298;0.56783301;12414000
2010-10-26;0.55983299;0.56916702;0.54183298;0.56066698;10962000
2010-10-27;0.56266701;0.61299998;0.5625;0.61216700;19632000
2010-10-28;0.61383301;0.61750001;0.59100002;0.61366701;13932000
2010-10-29;0.60866702;0.63000000;0.60766703;0.62516701;10818000
2010-11-01;0.62966698;0.63783300;0.60399997;0.61883301;19554000
2010-11-02;0.63016701;0.64033300;0.62166703;0.63083303;11472000
2010-11-03;0.63716698;0.65166700;0.62199998;0.65166700;18366000
2010-11-04;0.66949999;0.71383297;0.66949999;0.71149999;18684000
2010-11-05;0.71866697;0.73666698;0.70933300;0.72633302;18162000
2010-11-08;0.72233301;0.74150002;0.71433300;0.72733301;17436000
2010-11-09;0.72733301;0.72950000;0.69199997;0.69966698;14748000
2010-11-10;0.69900000;0.70233297;0.67299998;0.70050001;14172000
2010-11-11;0.64700001;0.68333298;0.62150002;0.67600000;24570000
2010-11-12;0.67083299;0.70733303;0.65466702;0.67433298;16152000
2010-11-15;0.68933302;0.69483298;0.65933299;0.65933299;14220000
2010-11-16;0.64316702;0.66399997;0.62133300;0.63133299;16314000
2010-11-17;0.62900001;0.65149999;0.62183303;0.62949997;7788000
2010-11-18;0.64866698;0.67283303;0.64866698;0.66466701;10518000
2010-11-19;0.66033298;0.70200002;0.66033298;0.69700003;9654000
2010-11-22;0.69900000;0.72433299;0.69283301;0.72283298;32064000
2010-11-23;0.70016700;0.71899998;0.69566703;0.70349997;22074000
2010-11-24;0.71883303;0.76383299;0.71883303;0.75983298;24210000
2010-11-26;0.74849999;0.75833303;0.73833299;0.74716699;6378000
2010-11-29;0.73466700;0.74616700;0.71383297;0.74199998;12354000
2010-11-30;0.71933299;0.72583300;0.70733303;0.71450001;14658000
2010-12-01;0.74983299;0.78533298;0.74983299;0.78299999;16272000
2010-12-02;0.78750002;0.82849997;0.78483301;0.82700002;13560000
2010-12-03;0.81483299;0.84316701;0.80833298;0.83899999;10824000
2010-12-06;0.84183300;0.84183300;0.81333297;0.83466703;11808000
2010-12-07;0.86100000;0.87116700;0.83200002;0.83300000;22344000
2010-12-08;0.84200001;0.85866702;0.82666701;0.85583299;8406000
2010-12-09;0.87066698;0.87633300;0.85383302;0.86199999;7170000
2010-12-10;0.86516702;0.87283301;0.85283297;0.86433297;7374000
2010-12-13;0.88183302;0.88183302;0.84166700;0.84816700;8994000
2010-12-14;0.84799999;0.85200000;0.81833303;0.82650000;11034000
2010-12-15;0.82016701;0.83416700;0.79666698;0.80083299;13974000
2010-12-16;0.80766702;0.82183301;0.79216701;0.81500000;5910000
2010-12-17;0.81900001;0.83666700;0.81633300;0.83166701;5250000
2010-12-20;0.82800001;0.83733302;0.81150001;0.82216698;24018000
2010-12-21;0.83266699;0.84766698;0.82849997;0.83950001;7824000
2010-12-22;0.82666701;0.84166700;0.81300002;0.84033298;10470000
2010-12-23;0.82583302;0.84066701;0.82583302;0.83333302;4158000
2010-12-27;0.81783301;0.84033298;0.80250001;0.83583301;7362000
2010-12-28;0.83333302;0.84149998;0.81533301;0.82516700;6186000
2010-12-29;0.82849997;0.83249998;0.81783301;0.82849997;3360000
2010-12-30;0.82849997;0.83950001;0.82416701;0.83583301;3732000
2010-12-31;0.82933301;0.83766699;0.81999999;0.83316702;6024000
2011-01-03;0.84950000;0.87916702;0.84200001;0.85183299;11646000
2011-01-04;0.85966700;0.87216699;0.82800001;0.85466701;10098000
2011-01-05;0.84249997;0.86949998;0.83416700;0.86299998;4482000
2011-01-06;0.87050003;0.91299999;0.87050003;0.91083300;9810000
2011-01-07;0.91666698;0.92933297;0.87483299;0.91683298;21936000
2011-01-10;0.91166699;0.95083302;0.89999998;0.94566703;9960000
2011-01-11;0.96166700;0.96166700;0.93533301;0.95616698;9942000
2011-01-12;0.97483301;1.0100000;0.95716703;1.0098330;9696000
2011-01-13;1.010833;1.025833;0.98983300;1.0095000;8448000
2011-01-14;1.024000;1.092000;1.020000;1.092000;18042000
2011-01-18;1.080000;1.092000;1.062667;1.079167;13842000
2011-01-19;1.052500;1.057333;0.99666703;1.0039999;14754000
2011-01-20;0.98449999;0.98449999;0.93049997;0.96749997;18720000
2011-01-21;1;1.0025001;0.94749999;0.95083302;12576000
2011-01-24;0.96133298;1.021667;0.95999998;1.019500;12990000
2011-01-25;1.0063330;1.017833;0.97433299;0.99816698;13026000
2011-01-26;1.018333;1.031500;0.98983300;1.025833;16392000
2011-01-27;1.046500;1.088333;1.046500;1.082500;19854000
2011-01-28;1.10400;1.10400;0.97016698;0.99483299;36168000
2011-01-31;1.0033330;1.020500;0.96666700;1.0061671;12234000
2011-02-01;1.036000;1.093333;1.034333;1.079000;22254000
2011-02-02;1.067167;1.11200;1.057000;1.097333;18420000
2011-02-03;1.097833;1.10483;1.064667;1.098500;10446000
2011-02-04;1.10867;1.16600;1.10300;1.16350;16854000
2011-02-07;1.17600;1.19167;1.14017;1.15150;21102000
2011-02-08;1.15183;1.15833;1.12217;1.14883;8292000
2011-02-09;1.13400;1.15067;1.11250;1.12700;12252000
2011-02-10;1.090000;1.13933;1.078667;1.13667;12342000
2011-02-11;1.12900;1.17417;1.11050;1.16267;8436000
2011-02-14;1.17633;1.21617;1.17150;1.18917;15360000
2011-02-15;1.18700;1.18833;1.13983;1.15517;14406000
2011-02-16;1.17983;1.20233;1.16533;1.19167;10158000
2011-02-17;1.18467;1.25;1.17500;1.24417;15246000
2011-02-18;1.25583;1.25600;1.21650;1.22983;13470000
2011-02-22;1.16633;1.17433;1.075000;1.083333;40812000
2011-02-23;1.094333;1.094333;0.98166698;1.025167;35844000
2011-02-24;1.039000;1.082667;1.015167;1.075833;41208000
2011-02-25;1.11100;1.15933;1.10717;1.15717;38130000
2011-02-28;1.18167;1.18167;1.085167;1.12217;38628000
2011-03-01;1.13717;1.14467;1.052833;1.055167;37800000
2011-03-02;1.053500;1.13867;1.053167;1.10017;51600000
2011-03-03;1.13983;1.17417;1.13733;1.16400;33474000
2011-03-04;1.15550;1.16467;1.10450;1.12733;31500000
2011-03-07;1.12917;1.14417;1.0011671;1.034000;50460000
2011-03-08;1.042667;1.071000;1.0076669;1.039500;26598000
2011-03-09;1.021167;1.021167;0.94116700;0.94683301;66846000
2011-03-10;0.89966702;0.91666698;0.87033302;0.87516701;60888000
2011-03-11;0.85850000;0.90750003;0.85683298;0.89850003;37662000
2011-03-14;0.89450002;0.92966700;0.87750000;0.89483303;37458000
2011-03-15;0.80483299;0.88033301;0.78233302;0.86233300;39852000
2011-03-16;0.86516702;0.89200002;0.78850001;0.80666697;35268000
2011-03-17;0.84233302;0.86616701;0.82700002;0.83616698;37530000
2011-03-18;0.87800002;0.87800002;0.83416700;0.84450001;32274000
2011-03-21;0.87466699;0.90683299;0.87066698;0.88816702;39534000
2011-03-22;0.89433300;0.89433300;0.86266702;0.86733299;24156000
2011-03-23;0.86133301;0.89583302;0.83999997;0.89083302;25218000
2011-03-24;0.92216700;0.96266699;0.90883303;0.95649999;44664000
2011-03-25;0.96533298;0.98016697;0.94683301;0.94849998;31548000
2011-03-28;0.96333301;0.97700000;0.94849998;0.95300001;22812000
2011-03-29;0.94933301;0.97933298;0.92350000;0.97916698;29970000
2011-03-30;1.0021670;1.0081670;0.95950001;0.98233300;29814000
2011-03-31;0.97483301;0.98716700;0.94583303;0.95733303;20958000
2011-04-01;0.97850001;0.97850001;0.91366702;0.92383301;33942000
2011-04-04;0.92883301;0.93733299;0.88316703;0.89999998;27054000
2011-04-05;0.94166702;0.98116702;0.94066697;0.95866698;44274000
2011-04-06;0.98750001;1.0070000;0.97600001;1.0056670;30012000
2011-04-07;1.0058330;1.0058330;0.95999998;0.99100000;20022000
2011-04-08;1.0080000;1.016667;0.95216697;0.96666700;20496000
2011-04-11;0.97366703;0.97366703;0.93283302;0.94066697;18594000
2011-04-12;0.91666698;0.91666698;0.86849999;0.88300002;31302000
2011-04-13;0.90083301;0.90799999;0.87366700;0.89050001;33960000
2011-04-14;0.87166703;0.89366698;0.85299999;0.89233297;18072000
2011-04-15;0.88633299;0.91716701;0.87250000;0.91000003;17262000
2011-04-18;0.87733299;0.88249999;0.83966702;0.86133301;29268000
2011-04-19;0.85600001;0.87333298;0.85000002;0.87166703;22242000
2011-04-20;0.94983298;0.98333299;0.94333303;0.98333299;52812000
2011-04-21;1.0041670;1.0041670;0.96799999;0.98066700;22464000
2011-04-25;0.97783297;0.99816698;0.97116703;0.98350000;13536000
2011-04-26;0.98533303;1.033333;0.98449999;1.030833;30864000
2011-04-27;1.020000;1.034167;0.99266702;1.030667;26574000
2011-04-28;1.020167;1.030500;0.98949999;1.010167;25950000
2011-04-29;1.0046670;1.029500;1.0043330;1.025000;12540000
2011-05-02;1.035000;1.035000;0.98666698;0.99299997;21006000
2011-05-03;0.98333299;0.98766702;0.93683302;0.95633298;33096000
2011-05-04;0.98049998;0.98116702;0.92316699;0.95800000;20118000
2011-05-05;0.94166702;0.99250001;0.93583298;0.96383297;41994000
2011-05-06;1;1.017833;0.97299999;0.98500001;40860000
2011-05-09;0.98500001;0.98533303;0.95683300;0.97649997;18708000
2011-05-10;0.99033302;0.99833298;0.97250003;0.98916698;19446000
2011-05-11;0.99316698;1.0046670;0.94766700;0.96649998;18096000
2011-05-12;0.95266700;1.015333;0.94950002;1.0061671;25260000
2011-05-13;1.00083303;1.0085000;0.96416700;0.96716702;16488000
2011-05-16;0.96450001;0.98833299;0.92266703;0.92616701;23142000
2011-05-17;0.91600001;0.91683298;0.86683297;0.89266700;35832000
2011-05-18;0.90283298;0.95166701;0.90200001;0.94300002;17988000
2011-05-19;0.93150002;0.93199998;0.89433300;0.91949999;20982000
2011-05-20;0.92150003;0.92766702;0.89683300;0.91100001;10974000
2011-05-23;0.88016701;0.88016701;0.85383302;0.85500002;23688000
2011-05-24;0.87016702;0.87133300;0.83350003;0.83566701;23982000
2011-05-25;0.82933301;0.86633301;0.81999999;0.85766703;19098000
2011-05-26;0.85483301;0.88733298;0.84566700;0.88183302;14706000
2011-05-27;0.89933300;0.92116702;0.89933300;0.91316700;19008000
2011-05-31;0.94166702;0.95416701;0.92699999;0.95416701;15954000
2011-06-01;0.94683301;0.94683301;0.86666697;0.86766702;17838000
2011-06-02;0.86900002;0.89349997;0.85416698;0.86799997;16122000
2011-06-03;0.84050000;0.86000001;0.81816697;0.82183301;38124000
2011-06-06;0.81766701;0.82816702;0.80016702;0.80183297;18660000
2011-06-07;0.82650000;0.83850002;0.81333297;0.81366700;14688000
2011-06-08;0.80283302;0.80299997;0.75716698;0.76483297;36198000
2011-06-09;0.76749998;0.78166699;0.75449997;0.76733297;25770000
2011-06-10;0.75833303;0.76200002;0.71450001;0.73016697;22752000
2011-06-13;0.73049998;0.74233299;0.70166701;0.70883298;18828000
2011-06-14;0.73366702;0.76200002;0.73366702;0.74849999;15768000
2011-06-15;0.73199999;0.74183297;0.70300001;0.70450002;13464000
2011-06-16;0.71016699;0.71033299;0.66250002;0.68066698;17418000
2011-06-17;0.70466697;0.70466697;0.64416701;0.65100002;23820000
2011-06-20;0.64700001;0.66166699;0.64383298;0.65300000;18750000
2011-06-21;0.66500002;0.70550001;0.65416700;0.70216697;30174000
2011-06-22;0.69216698;0.71183300;0.68566698;0.69183302;20856000
2011-06-23;0.66666698;0.72450000;0.65366697;0.72299999;41520000
2011-06-24;0.71616697;0.71616697;0.66649997;0.67133301;21660000
2011-06-27;0.67133301;0.69266701;0.65166700;0.68283302;15390000
2011-06-28;0.69099998;0.70950001;0.68650001;0.70883298;24696000
2011-06-29;0.71516699;0.72366703;0.69550002;0.71183300;16728000
2011-06-30;0.71666700;0.76999998;0.71666700;0.76333302;30492000
2011-07-01;0.76916701;0.81666702;0.75733298;0.81316698;25212000
2011-07-05;0.80883300;0.81766701;0.77916700;0.79100001;15444000
2011-07-06;0.78283298;0.78316700;0.75349998;0.77266699;10506000
2011-07-07;0.79433298;0.83166701;0.78833300;0.81833303;18822000
2011-07-08;0.78683299;0.79000002;0.75616699;0.78166699;16896000
2011-07-11;0.76633298;0.78700000;0.73500001;0.74150002;22608000
2011-07-12;0.71916699;0.72250003;0.66750002;0.67816699;46284000
2011-07-13;0.69450003;0.70333302;0.66350001;0.67100000;27108000
2011-07-14;0.67366701;0.69783300;0.63666701;0.64083302;41184000
2011-07-15;0.65383297;0.65433300;0.62750000;0.65100002;24444000
2011-07-18;0.64283299;0.65050000;0.60916698;0.62300003;25644000
2011-07-19;0.64266700;0.68900001;0.64266700;0.68466699;31746000
2011-07-20;0.70150000;0.70816702;0.66333300;0.67583299;21420000
2011-07-21;0.67083299;0.69833302;0.64433300;0.69433302;32058000
2011-07-22;0.69783300;0.74833298;0.69783300;0.74133301;40338000
2011-07-25;0.71933299;0.72866702;0.69783300;0.71300000;17520000
2011-07-26;0.72600001;0.75583303;0.72600001;0.73083299;30282000
2011-07-27;0.70700002;0.70700002;0.64633298;0.65083301;54816000
2011-07-28;0.64999998;0.68000001;0.62699997;0.64600003;23532000
2011-07-29;0.61199999;0.64800000;0.60266697;0.63050002;33750000
2011-08-01;0.65683299;0.66633302;0.60366702;0.62900001;41922000
2011-08-02;0.61483300;0.62699997;0.57083303;0.57316703;44364000
2011-08-03;0.57666701;0.59600002;0.53883302;0.59133297;48840000
2011-08-04;0.57200003;0.57333302;0.48949999;0.49433300;70020000
2011-08-05;0.50916702;0.52566701;0.41866699;0.45833299;60150000
2011-08-08;0.40816700;0.44066700;0.38150001;0.38666701;42156000
2011-08-09;0.40916699;0.44000000;0.37000000;0.43866700;49818000
2011-08-10;0.42449999;0.45416701;0.39300001;0.41233301;35904000
2011-08-11;0.42983299;0.49116701;0.42699999;0.47366700;29616000
2011-08-12;0.48550001;0.49983299;0.45899999;0.46900001;27114000
2011-08-15;0.47749999;0.49766701;0.47266701;0.49666700;22326000
2011-08-16;0.47933301;0.49383301;0.44999999;0.46866700;25092000
2011-08-17;0.46433300;0.49000001;0.44600001;0.45850000;17232000
2011-08-18;0.42033300;0.42033300;0.37000000;0.37916699;38010000
2011-08-19;0.37033299;0.40366700;0.35499999;0.35699999;28344000
2011-08-22;0.38699999;0.38783300;0.35966700;0.36700001;21594000
2011-08-23;0.38000000;0.42433301;0.37000000;0.42316699;51924000
2011-08-24;0.42316699;0.43433300;0.39733300;0.42250001;51954000
2011-08-25;0.41583300;0.43116701;0.38666701;0.38900000;33522000
2011-08-26;0.39033300;0.42683300;0.37166700;0.41983300;38676000
2011-08-29;0.44083300;0.46750000;0.4375;0.46666700;29448000
2011-08-30;0.45566699;0.47499999;0.44633299;0.46666700;25152000
2011-08-31;0.48066700;0.48850000;0.44683301;0.45666701;29664000
2011-09-01;0.45733300;0.47483301;0.43333301;0.43383300;26106000
2011-09-02;0.41416699;0.41666701;0.39633301;0.40400001;22992000
2011-09-06;0.36649999;0.39683300;0.36466700;0.39600000;29136000
2011-09-07;0.41916701;0.44833300;0.41916701;0.44700000;43224000
2011-09-08;0.43599999;0.47400001;0.43300000;0.44033301;32784000
2011-09-09;0.42516699;0.46116701;0.41733301;0.42600000;39306000
2011-09-12;0.41483301;0.46483299;0.41483301;0.46483299;34446000
2011-09-13;0.47316700;0.49666700;0.46183300;0.49300000;43494000
2011-09-14;0.50066698;0.54750001;0.49416700;0.52999997;86268000
2011-09-15;0.54666698;0.55900002;0.53299999;0.55400002;61032000
2011-09-16;0.55333298;0.57333302;0.54850000;0.55583298;62544000
2011-09-19;0.53033298;0.54850000;0.50983298;0.53716701;54882000
2011-09-20;0.54583299;0.55049998;0.51616699;0.51950002;72882000
2011-09-21;0.52983302;0.54133302;0.48666701;0.48699999;117186000
2011-09-22;0.44999999;0.45249999;0.41333300;0.43816701;61854000
2011-09-23;0.42800000;0.46916699;0.42166701;0.46216699;52566000
2011-09-26;0.47883299;0.47883299;0.42966700;0.46133301;98616000
2011-09-27;0.48616701;0.51633298;0.47816700;0.48649999;75846000
2011-09-28;0.49500000;0.49500000;0.44350001;0.44450000;57690000
2011-09-29;0.46166700;0.46599999;0.40166700;0.42633301;82098000
2011-09-30;0.40533301;0.41850001;0.38333300;0.38350001;47844000
2011-10-03;0.37583300;0.38783300;0.34000000;0.34083301;52956000
2011-10-04;0.33000001;0.38450000;0.32600001;0.38383299;89970000
2011-10-05;0.38483301;0.42300001;0.36899999;0.41999999;78738000
2011-10-06;0.41733301;0.43516701;0.40250000;0.43450001;78432000
2011-10-07;0.44583300;0.45649999;0.42666700;0.44133300;53652000
2011-10-10;0.46033299;0.48416701;0.46033299;0.47650000;30468000
2011-10-11;0.46883300;0.48100001;0.46366701;0.47333300;30294000
2011-10-12;0.49133301;0.50166702;0.48583299;0.48583299;41778000
2011-10-13;0.47766700;0.52033299;0.47616699;0.51633298;45486000
2011-10-14;0.53649998;0.53733301;0.50700003;0.53466702;47322000
2011-10-17;0.52200001;0.52399999;0.48483300;0.49066699;36648000
2011-10-18;0.49149999;0.52666700;0.47383299;0.52233303;52332000
2011-10-19;0.52116698;0.52116698;0.48449999;0.48816699;44826000
2011-10-20;0.47466701;0.48116699;0.43633300;0.46466699;53466000
2011-10-21;0.48333299;0.51200002;0.48300001;0.49300000;28434000
2011-10-24;0.50416702;0.54633301;0.50150001;0.54416698;81846000
2011-10-25;0.53233302;0.54433298;0.51166701;0.51483297;63798000
2011-10-26;0.52833301;0.53899997;0.48966700;0.52200001;38490000
2011-10-27;0.56366700;0.59850001;0.55583298;0.58850002;55464000
2011-10-28;0.57966697;0.59316701;0.57550001;0.59316701;25170000
2011-10-31;0.57516700;0.57516700;0.54750001;0.54799998;29562000
2011-11-01;0.50316697;0.51516700;0.48516700;0.49550000;40368000
2011-11-02;0.51333302;0.51666701;0.49066699;0.50300002;15834000
2011-11-03;0.51666701;0.55100000;0.48750001;0.54816699;44694000
2011-11-04;0.53549999;0.57316703;0.53366703;0.56733298;40914000
2011-11-07;0.55916703;0.56950003;0.53333300;0.56483299;44898000
2011-11-08;0.57716697;0.58249998;0.54683298;0.57383299;42258000
2011-11-09;0.53649998;0.53649998;0.49466699;0.49599999;41424000
2011-11-10;0.52050000;0.52149999;0.48666701;0.50916702;21204000
2011-11-11;0.52333301;0.56733298;0.52333301;0.56116700;34920000
2011-11-14;0.55299997;0.56950003;0.53116697;0.54183298;29382000
2011-11-15;0.53833300;0.57333302;0.53516698;0.56383300;45540000
2011-11-16;0.55000001;0.58083302;0.54299998;0.55466700;36810000
2011-11-17;0.55000001;0.55333298;0.47216699;0.49166700;73242000
2011-11-18;0.50183302;0.50183302;0.46950001;0.47700000;32286000
2011-11-21;0.45683300;0.45916700;0.43000001;0.44966701;39312000
2011-11-22;0.44466701;0.45833299;0.42516699;0.43349999;28380000
2011-11-23;0.41966701;0.42033300;0.39233300;0.39266700;31662000
2011-11-25;0.38866699;0.40366700;0.37633300;0.37633300;22728000
2011-11-28;0.41983300;0.42283300;0.40266699;0.41483301;23802000
2011-11-29;0.41866699;0.42666700;0.40233299;0.40549999;23424000
2011-11-30;0.43849999;0.47633299;0.43849999;0.47483301;51342000
2011-12-01;0.47583300;0.48733300;0.45883301;0.48300001;24264000
2011-12-02;0.49766701;0.50616699;0.47850001;0.47983301;28338000
2011-12-05;0.50300002;0.50916702;0.48516700;0.49466699;29232000
2011-12-06;0.49250001;0.49966699;0.47916701;0.49166700;16620000
2011-12-07;0.48516700;0.51316702;0.47333300;0.50900000;20436000
2011-12-08;0.49433300;0.51300001;0.46200001;0.46566701;26226000
2011-12-09;0.45583299;0.48833299;0.44133300;0.48249999;35904000
2011-12-12;0.45283300;0.45283300;0.42716700;0.44383299;28650000
2011-12-13;0.45066699;0.45866701;0.40583301;0.41200000;41736000
2011-12-14;0.41000000;0.41883299;0.38550001;0.39216700;31500000
2011-12-15;0.41383299;0.41700000;0.38550001;0.39116701;20004000
2011-12-16;0.40400001;0.41616699;0.39500001;0.40033299;18036000
2011-12-19;0.40450001;0.40549999;0.36500001;0.36666700;36264000
2011-12-20;0.38850001;0.41866699;0.38850001;0.41499999;36492000
2011-12-21;0.41450000;0.41666701;0.38583300;0.40283301;24912000
2011-12-22;0.40900001;0.44600001;0.40766701;0.44250000;28410000
2011-12-23;0.44383299;0.44983301;0.43349999;0.44883299;15252000
2011-12-27;0.44250000;0.45766699;0.44166699;0.44766700;19536000
2011-12-28;0.44299999;0.44783300;0.42500001;0.42583299;23736000
2011-12-29;0.43416700;0.43983299;0.42416701;0.43816701;13962000
2011-12-30;0.43833300;0.44333300;0.43200001;0.43266699;15528000
2012-01-03;0.46000001;0.47000000;0.44499999;0.44850001;20838000
2012-01-04;0.44616699;0.45133299;0.43133301;0.44816700;19632000
2012-01-05;0.44650000;0.46916699;0.44400001;0.46750000;25092000
2012-01-06;0.46733299;0.47333300;0.45649999;0.47166699;19224000
2012-01-09;0.47966701;0.50166702;0.47666699;0.49783301;27516000
2012-01-10;0.51633298;0.52266699;0.50733298;0.51316702;20658000
2012-01-11;0.50349998;0.52399999;0.50250000;0.51950002;16698000
2012-01-12;0.52883297;0.53866702;0.51333302;0.53700000;20850000
2012-01-13;0.52233303;0.52266699;0.49883300;0.50199997;24198000
2012-01-17;0.52200001;0.52483302;0.50616699;0.50849998;17028000
2012-01-18;0.52649999;0.58783299;0.52649999;0.58333302;50442000
2012-01-19;0.60033298;0.62166703;0.59716702;0.61916697;41148000
2012-01-20;0.61666697;0.63133299;0.60983300;0.62816697;17694000
2012-01-23;0.63200003;0.63666701;0.60783303;0.62333298;22410000
2012-01-24;0.61316699;0.63516700;0.60983300;0.62766701;11994000
2012-01-25;0.63383299;0.64166701;0.60816699;0.63583302;29904000
2012-01-26;0.64416701;0.65433300;0.60733300;0.61616701;22794000
2012-01-27;0.60850000;0.62949997;0.60516697;0.62466699;9660000
2012-01-30;0.61033303;0.61033303;0.58333302;0.60283297;15960000
2012-01-31;0.61883301;0.62150002;0.59316701;0.60533297;17148000
2012-02-01;0.62566698;0.66000003;0.62266701;0.64516699;39444000
2012-02-02;0.65499997;0.67100000;0.64633298;0.65766698;22602000
2012-02-03;0.68016702;0.69516701;0.67216700;0.68550003;26310000
2012-02-06;0.67900002;0.67966700;0.65300000;0.66366702;16218000
2012-02-07;0.65333301;0.67083299;0.64333302;0.66433299;18906000
2012-02-08;0.66850001;0.70383298;0.66850001;0.68949997;28428000
2012-02-09;0.70083302;0.70083302;0.67883301;0.69550002;20448000
2012-02-10;0.67350000;0.67750001;0.64516699;0.65249997;28206000
2012-02-13;0.67250001;0.67500001;0.63433301;0.65933299;18954000
2012-02-14;0.65266699;0.66883302;0.64999998;0.66883302;20418000
2012-02-15;0.68300003;0.70249999;0.67500001;0.67783302;32016000
2012-02-16;0.67333299;0.73166698;0.67333299;0.72799999;32184000
2012-02-17;0.74583298;0.74599999;0.70450002;0.71100003;18594000
2012-02-21;0.71633297;0.71666700;0.67333299;0.68250000;19566000
2012-02-22;0.67383301;0.69116700;0.66500002;0.67216700;12120000
2012-02-23;0.67333299;0.67949998;0.64666700;0.67616701;14346000
2012-02-24;0.68000001;0.69099998;0.66733301;0.67116702;8700000
2012-02-27;0.65799999;0.68633300;0.64483303;0.67183298;16248000
2012-02-28;0.67633301;0.71466702;0.67633301;0.70583302;25620000
2012-02-29;0.70833302;0.70950001;0.66900003;0.67316699;17994000
2012-03-01;0.68516701;0.69300002;0.66533297;0.67383301;11220000
2012-03-02;0.66866702;0.68433303;0.64999998;0.65316701;15672000
2012-03-05;0.64649999;0.64683300;0.59799999;0.60433298;37602000
2012-03-06;0.57716697;0.59050000;0.56650001;0.58600003;25242000
2012-03-07;0.59616703;0.62099999;0.59149998;0.61416698;33216000
2012-03-08;0.63333303;0.64566702;0.62199998;0.64033300;18336000
2012-03-09;0.63966697;0.66266698;0.63916701;0.66100001;25692000
2012-03-12;0.66166699;0.66166699;0.63550001;0.64300001;16902000
2012-03-13;0.65466702;0.68466699;0.65466702;0.68466699;29352000
2012-03-14;0.69166702;0.71133298;0.67416698;0.67850000;32916000
2012-03-15;0.69033301;0.72033298;0.68633300;0.71683300;32976000
2012-03-16;0.71749997;0.72566700;0.70933300;0.71833301;17574000
2012-03-19;0.71499997;0.74449998;0.71166700;0.73566699;17856000
2012-03-20;0.71883303;0.72733301;0.70249999;0.72133303;16914000
2012-03-21;0.72716701;0.73783302;0.71499997;0.72833300;10542000
2012-03-22;0.71333301;0.72200000;0.69833302;0.71583301;12330000
2012-03-23;0.71966702;0.72166699;0.69383299;0.72133303;17070000
2012-03-26;0.73983300;0.75183302;0.72583300;0.75183302;19938000
2012-03-27;0.74666703;0.76749998;0.74666703;0.75;11262000
2012-03-28;0.74916703;0.75483298;0.70766699;0.72299999;20256000
2012-03-29;0.70966703;0.72883302;0.69583303;0.72533298;13368000
2012-03-30;0.74849999;0.74849999;0.71666700;0.73366702;17772000
2012-04-02;0.72833300;0.74033302;0.70183301;0.73299998;16848000
2012-04-03;0.73000002;0.73000002;0.69033301;0.69916701;24684000
2012-04-04;0.67233300;0.67433298;0.63416702;0.65149999;43110000
2012-04-05;0.64899999;0.66333300;0.64450002;0.65766698;13242000
2012-04-09;0.62766701;0.63550001;0.61750001;0.63033301;20418000
2012-04-10;0.62699997;0.64249998;0.59149998;0.59733301;19278000
2012-04-11;0.61666697;0.63833302;0.61583298;0.62516701;15714000
2012-04-12;0.62949997;0.66750002;0.62766701;0.65950000;29892000
2012-04-13;0.65133297;0.65899998;0.62383300;0.62416703;13854000
2012-04-16;0.64050001;0.64366698;0.60850000;0.62516701;26910000
2012-04-17;0.63800001;0.66250002;0.63800001;0.65416700;25710000
2012-04-18;0.63283300;0.64616698;0.61849999;0.63783300;18018000
2012-04-19;0.63016701;0.66166699;0.60500002;0.61699998;19344000
2012-04-20;0.61750001;0.61766702;0.57216698;0.57416701;40272000
2012-04-23;0.55350000;0.55433297;0.53566700;0.55316699;27534000
2012-04-24;0.56033301;0.56083298;0.53366703;0.53983301;19170000
2012-04-25;0.56633300;0.57966697;0.55750000;0.57583302;29502000
2012-04-26;0.58033299;0.61816698;0.58033299;0.61466700;28902000
2012-04-27;0.61366701;0.62099999;0.59649998;0.61516702;29844000
2012-04-30;0.61366701;0.61516702;0.60500002;0.60516697;15000000
2012-05-01;0.60500002;0.62733299;0.59983301;0.61233300;19788000
2012-05-02;0.60000002;0.625;0.59583300;0.62083298;15480000
2012-05-03;0.62349999;0.62483299;0.57400000;0.57633299;26280000
2012-05-04;0.56750000;0.57666701;0.53750002;0.53916699;31662000
2012-05-07;0.53116697;0.54750001;0.53116697;0.53583300;21600000
2012-05-08;0.52566701;0.53016698;0.49316701;0.52649999;33234000
2012-05-09;0.50233299;0.52850002;0.48833299;0.52200001;33318000
2012-05-10;0.53250003;0.53250003;0.50283301;0.51533300;21144000
2012-05-11;0.51249999;0.54500002;0.51066703;0.52633297;23736000
2012-05-14;0.51050001;0.52033299;0.50333297;0.51083302;18600000
2012-05-15;0.50883299;0.52316701;0.49149999;0.49466699;18522000
2012-05-16;0.49916700;0.50449997;0.47000000;0.47183299;32856000
2012-05-17;0.47466701;0.47650000;0.43766701;0.43766701;27282000
2012-05-18;0.44633299;0.44783300;0.41083300;0.41350001;48906000
2012-05-21;0.41533300;0.44666699;0.41333300;0.44483301;43740000
2012-05-22;0.44566700;0.44566700;0.42699999;0.43616700;29538000
2012-05-23;0.42066699;0.44250000;0.41000000;0.44133300;27300000
2012-05-24;0.44200000;0.44400001;0.41499999;0.42399999;28086000
2012-05-25;0.42350000;0.44400001;0.42316699;0.43933299;21594000
2012-05-29;0.45266700;0.47133300;0.45133299;0.46516699;18396000
2012-05-30;0.45233300;0.45266700;0.43533301;0.44000000;22146000
2012-05-31;0.43733299;0.44016701;0.41233301;0.42533299;21192000
2012-06-01;0.40400001;0.40516701;0.375;0.37549999;45294000
2012-06-04;0.37683299;0.38850001;0.36033300;0.37033299;27960000
2012-06-05;0.37166700;0.39899999;0.37166700;0.39533299;36054000
2012-06-06;0.40683299;0.43716699;0.40566701;0.43533301;41736000
2012-06-07;0.45050001;0.45583299;0.41583300;0.41766700;32898000
2012-06-08;0.40983301;0.4375;0.40833300;0.43599999;22326000
2012-06-11;0.45383301;0.45583299;0.40966699;0.41116700;29760000
2012-06-12;0.41716701;0.43950000;0.41583300;0.43916699;36006000
2012-06-13;0.43300000;0.44333300;0.41933301;0.42416701;21486000
2012-06-14;0.42566699;0.42950001;0.40733299;0.42283300;21318000
2012-06-15;0.42399999;0.44350001;0.42316699;0.44183299;16392000
2012-06-18;0.43366700;0.46866700;0.43366700;0.46250001;31980000
2012-06-19;0.47366700;0.48400000;0.46483299;0.47666699;23340000
2012-06-20;0.48033300;0.49816701;0.47749999;0.49283299;39066000
2012-06-21;0.48766699;0.48833299;0.43000001;0.43116701;48192000
2012-06-22;0.43833300;0.45400000;0.43666700;0.44900000;21888000
2012-06-25;0.43766701;0.43799999;0.40366700;0.40566701;41736000
2012-06-26;0.41116700;0.41700000;0.39633301;0.40933299;24744000
2012-06-27;0.41583300;0.43000001;0.41166699;0.42616701;23748000
2012-06-28;0.41233301;0.42216700;0.40083301;0.41766700;30120000
2012-06-29;0.44900000;0.47083300;0.44633299;0.47000000;48804000
2012-07-02;0.47916701;0.48233300;0.45983300;0.46816701;17688000
2012-07-03;0.47333300;0.48949999;0.46900001;0.48949999;18162000
2012-07-05;0.47883299;0.48300001;0.46200001;0.47616699;17106000
2012-07-06;0.46316701;0.46483299;0.42916700;0.44133300;30462000
2012-07-09;0.43633300;0.44283301;0.41933301;0.42600000;25698000
2012-07-10;0.41633299;0.43099999;0.38833299;0.39616701;48462000
2012-07-11;0.39966699;0.40300000;0.37833300;0.38383299;34476000
2012-07-12;0.37566701;0.37616700;0.35616699;0.36649999;49020000
2012-07-13;0.36916700;0.37950000;0.36700001;0.37583300;30048000
2012-07-16;0.37066701;0.37066701;0.35516700;0.36333299;27762000
2012-07-17;0.37000000;0.37083301;0.34033301;0.35833299;49782000
2012-07-18;0.35383299;0.40216699;0.35266700;0.39466700;82602000
2012-07-19;0.41166699;0.42883301;0.41166699;0.41983300;54054000
2012-07-20;0.41833299;0.42066699;0.39833301;0.39883301;30600000
2012-07-23;0.37333301;0.39350000;0.35933301;0.38699999;36108000
2012-07-24;0.38999999;0.39300001;0.37166700;0.38333300;30174000
2012-07-25;0.39150000;0.41916701;0.39133301;0.40366700;43992000
2012-07-26;0.42883301;0.44083300;0.41999999;0.43200001;42372000
2012-07-27;0.43833300;0.46583301;0.43183300;0.46200001;44328000
2012-07-30;0.46250001;0.47283301;0.44200000;0.44983301;21042000
2012-07-31;0.46433300;0.47650000;0.45833299;0.46050000;64002000
2012-08-01;0.46816701;0.47350001;0.44999999;0.45966700;20508000
2012-08-02;0.44600001;0.47666699;0.44066700;0.45533299;21774000
2012-08-03;0.47666699;0.49166700;0.46666700;0.48333299;25608000
2012-08-06;0.49250001;0.49950001;0.48816699;0.49183300;15390000
2012-08-07;0.50133300;0.53333300;0.50133300;0.52149999;31686000
2012-08-08;0.51666701;0.52950001;0.51400000;0.52850002;15552000
2012-08-09;0.52566701;0.54116702;0.52499998;0.53816700;14832000
2012-08-10;0.53666699;0.54699999;0.53299999;0.54516703;13224000
2012-08-13;0.54516703;0.54516703;0.51483297;0.53466702;17268000
2012-08-14;0.54416698;0.54533303;0.51333302;0.51999998;21054000
2012-08-15;0.50783300;0.53616703;0.50783300;0.52883297;13752000
2012-08-16;0.52866697;0.55666697;0.52733302;0.55633301;14346000
2012-08-17;0.55299997;0.55299997;0.53716701;0.54516703;16194000
2012-08-20;0.54116702;0.54183298;0.51983303;0.53083301;60024000
2012-08-21;0.53683299;0.55316699;0.52633297;0.53200001;14460000
2012-08-22;0.52383298;0.52833301;0.51050001;0.52083302;16560000
2012-08-23;0.51633298;0.51816702;0.50099999;0.51033300;12726000
2012-08-24;0.50500000;0.52233303;0.5;0.51866698;11352000
2012-08-27;0.52399999;0.52450001;0.50583303;0.51400000;7974000
2012-08-28;0.50766701;0.51899999;0.50500000;0.51266700;10518000
2012-08-29;0.51083302;0.51983303;0.50166702;0.51366699;8772000
2012-08-30;0.50500000;0.50500000;0.48533300;0.48816699;13566000
2012-08-31;0.49849999;0.51349998;0.48583299;0.50733298;18720000
2012-09-04;0.50599998;0.50716698;0.47749999;0.49566701;33096000
2012-09-05;0.49300000;0.50266701;0.47900000;0.48466700;15120000
2012-09-06;0.49700001;0.53866702;0.49700001;0.53633302;33888000
2012-09-07;0.52883297;0.53233302;0.51516700;0.52633297;13488000
2012-09-10;0.51800001;0.51983303;0.49566701;0.49883300;19014000
2012-09-11;0.50400001;0.51400000;0.49550000;0.50733298;15582000
2012-09-12;0.51166701;0.52216703;0.50283301;0.51050001;18390000
2012-09-13;0.50766701;0.52966702;0.49700001;0.52466702;30066000
2012-09-14;0.53366703;0.56199998;0.53233302;0.54483300;22680000
2012-09-17;0.55233300;0.55233300;0.52283299;0.52983302;13680000
2012-09-18;0.52583301;0.52833301;0.51700002;0.52249998;8472000
2012-09-19;0.52316701;0.52350003;0.50999999;0.51249999;11808000
2012-09-20;0.50599998;0.50849998;0.49000001;0.49916700;18546000
2012-09-21;0.50733298;0.51633298;0.49933299;0.49966699;10662000
2012-09-24;0.48666701;0.48933300;0.47166699;0.47716701;20208000
2012-09-25;0.48300001;0.48800001;0.44066700;0.44066700;29880000
2012-09-26;0.43166700;0.43599999;0.41483301;0.43300000;29124000
2012-09-27;0.44283301;0.46550000;0.43516701;0.46200001;22788000
2012-09-28;0.45649999;0.46000001;0.44783300;0.44933301;18846000
2012-10-01;0.45699999;0.46516699;0.44233301;0.44549999;17454000
2012-10-02;0.45616701;0.45666701;0.44250000;0.45350000;12186000
2012-10-03;0.45866701;0.45866701;0.44299999;0.44600001;11076000
2012-10-04;0.45016700;0.45750001;0.44033301;0.45633301;13104000
2012-10-05;0.46316701;0.47633299;0.45100001;0.45449999;21108000
2012-10-08;0.44666699;0.44783300;0.43433300;0.43933299;13800000
2012-10-09;0.43583301;0.43583301;0.41466701;0.41866699;26988000
2012-10-10;0.41549999;0.41850001;0.40066701;0.40133300;33456000
2012-10-11;0.41566700;0.41666701;0.40333301;0.40383300;24282000
2012-10-12;0.40233299;0.40833300;0.39666700;0.39700001;20214000
2012-10-15;0.40266699;0.41666701;0.40266699;0.41433299;23754000
2012-10-16;0.41749999;0.44250000;0.41749999;0.44100001;25398000
2012-10-17;0.42966700;0.44616699;0.42733300;0.43799999;19134000
2012-10-18;0.43266699;0.43799999;0.41999999;0.42699999;17580000
2012-10-19;0.42383301;0.42416701;0.38966700;0.39033300;56556000
2012-10-22;0.39583299;0.40066701;0.38416699;0.38966700;23040000
2012-10-23;0.37766701;0.39616701;0.37333301;0.39333299;41184000
2012-10-24;0.40599999;0.40599999;0.37483299;0.37516701;38772000
2012-10-25;0.39416701;0.39416701;0.37883300;0.39033300;27804000
2012-10-26;0.38999999;0.40383300;0.38666701;0.39583299;28536000
2012-10-31;0.40000001;0.40466699;0.39166701;0.39533299;17892000
2012-11-01;0.40000001;0.43666700;0.39649999;0.43566701;59682000
2012-11-02;0.43716699;0.44016701;0.41116700;0.41133299;29826000
2012-11-05;0.41083300;0.43533301;0.40750000;0.43183300;21156000
2012-11-06;0.43599999;0.45383301;0.43183300;0.44900000;36810000
2012-11-07;0.43016699;0.43566701;0.40599999;0.41516700;49578000
2012-11-08;0.42166701;0.42300001;0.40000001;0.40000001;29484000
2012-11-09;0.39850000;0.41783300;0.39783299;0.40283301;39966000
2012-11-12;0.41233301;0.41316700;0.39466700;0.40316701;20754000
2012-11-13;0.39583299;0.40433300;0.39183301;0.39449999;25692000
2012-11-14;0.40233299;0.40583301;0.37250000;0.37516701;41352000
2012-11-15;0.37700000;0.38016701;0.35800001;0.35983300;44232000
2012-11-16;0.36649999;0.36649999;0.34116700;0.36033300;43050000
2012-11-19;0.37599999;0.38200000;0.36933300;0.38083300;43926000
2012-11-20;0.37599999;0.37916699;0.36600000;0.37833300;28992000
2012-11-21;0.38000000;0.38400000;0.37533301;0.38016701;13506000
2012-11-23;0.38749999;0.40533301;0.38666701;0.39966699;39354000
2012-11-26;0.39899999;0.40833300;0.39600000;0.40633300;27870000
2012-11-27;0.40833300;0.41400000;0.40033299;0.40149999;26604000
2012-11-28;0.39600000;0.41666701;0.38466701;0.41549999;30288000
2012-11-29;0.42150000;0.42649999;0.41100001;0.41900000;28662000
2012-11-30;0.41866699;0.42416701;0.41299999;0.41733301;17814000
2012-12-03;0.42516699;0.42866701;0.41000000;0.41183299;20892000
2012-12-04;0.41366699;0.42250001;0.40549999;0.41883299;11244000
2012-12-05;0.41533300;0.42350000;0.40900001;0.41616699;11466000
2012-12-06;0.41816700;0.43200001;0.41666701;0.43099999;22764000
2012-12-07;0.43566701;0.43766701;0.42516699;0.43383300;12366000
2012-12-10;0.43200001;0.44566700;0.43200001;0.44183299;10578000
2012-12-11;0.44816700;0.47150001;0.44783300;0.46849999;43932000
2012-12-12;0.47766700;0.47766700;0.45966700;0.46300000;21654000
2012-12-13;0.46016699;0.47400001;0.44450000;0.44999999;27486000
2012-12-14;0.44383299;0.45050001;0.43366700;0.44066700;18882000
2012-12-17;0.44266701;0.45183301;0.43466699;0.44583300;17166000
2012-12-18;0.45699999;0.47033301;0.44566700;0.46650001;29934000
2012-12-19;0.46849999;0.48283300;0.46849999;0.47016701;24540000
2012-12-20;0.46950001;0.47200000;0.45699999;0.46933299;15660000
2012-12-21;0.44666699;0.45633301;0.43000001;0.45449999;23190000
2012-12-24;0.46200001;0.47150001;0.44499999;0.45050001;9054000
2012-12-26;0.45199999;0.46166700;0.43883300;0.44033301;11136000
2012-12-27;0.43900001;0.43966699;0.41833299;0.43333301;24114000
2012-12-28;0.42333299;0.43866700;0.42150000;0.42583299;12612000
2012-12-31;0.42983299;0.45116699;0.42250001;0.44816700;29208000
2013-01-02;0.47533301;0.50550002;0.47499999;0.50516701;59640000
2013-01-03;0.50333297;0.50783300;0.49033299;0.49616700;23976000
2013-01-04;0.49750000;0.49966699;0.48566699;0.49450001;14664000
2013-01-07;0.49133301;0.49599999;0.47933301;0.48949999;14658000
2013-01-08;0.48566699;0.49216700;0.47166699;0.47333300;20568000
2013-01-09;0.47633299;0.48783299;0.47633299;0.48733300;15072000
2013-01-10;0.50333297;0.50983298;0.49516699;0.50700003;31482000
2013-01-11;0.50133300;0.51666701;0.50133300;0.51583302;11706000
2013-01-14;0.50083297;0.51599997;0.49849999;0.51150000;11772000
2013-01-15;0.50533301;0.50566697;0.49666700;0.50383300;11472000
2013-01-16;0.50616699;0.52499998;0.50216699;0.52016699;16008000
2013-01-17;0.53233302;0.55416697;0.52866697;0.55316699;35070000
2013-01-18;0.54083300;0.54983300;0.53500003;0.54433298;25674000
2013-01-22;0.54416698;0.54416698;0.52950001;0.53950000;14790000
2013-01-23;0.54583299;0.55849999;0.54133302;0.55716699;19140000
2013-01-24;0.53433299;0.55666697;0.52999997;0.54233301;15810000
2013-01-25;0.54783303;0.57066703;0.54783303;0.5625;17778000
2013-01-28;0.56833303;0.57200003;0.56083298;0.56633300;9876000
2013-01-29;0.56083298;0.56183302;0.54916698;0.55583298;12882000
2013-01-30;0.55333298;0.56750000;0.55333298;0.55866700;14028000
2013-01-31;0.55766702;0.56683302;0.54916698;0.55366701;17040000
2013-02-01;0.56733298;0.58550000;0.56349999;0.58316702;23550000
2013-02-04;0.56999999;0.58800000;0.55650002;0.55783302;17340000
2013-02-05;0.56833303;0.58833301;0.56500000;0.58416700;13062000
2013-02-06;0.57516700;0.58999997;0.57283300;0.58733302;8304000
2013-02-07;0.59266698;0.59266698;0.56333297;0.57966697;14106000
2013-02-08;0.58333302;0.60350001;0.58333302;0.60216701;20130000
2013-02-11;0.60316700;0.60883301;0.59433299;0.60483301;7806000
2013-02-12;0.60483301;0.61183298;0.59833300;0.60866702;12744000
2013-02-13;0.61549997;0.62166703;0.60216701;0.61350000;9024000
2013-02-14;0.60433298;0.63183302;0.60333300;0.63099998;8382000
2013-02-15;0.63416702;0.63683301;0.61216700;0.61883301;15144000
2013-02-19;0.62116700;0.64249998;0.61949998;0.64116699;14514000
2013-02-20;0.64166701;0.64499998;0.59816700;0.59816700;25884000
2013-02-21;0.58166701;0.59016699;0.55383301;0.56550002;27420000
2013-02-22;0.58149999;0.60316700;0.57700002;0.60083300;29910000
2013-02-25;0.61500001;0.61883301;0.56650001;0.56650001;27048000
2013-02-26;0.56916702;0.58483303;0.56483299;0.58066702;17646000
2013-02-27;0.58350003;0.61583298;0.58033299;0.60666698;12156000
2013-02-28;0.60200000;0.62250000;0.60200000;0.62216699;18894000
2013-03-01;0.59266698;0.60833299;0.57616699;0.60016698;21294000
2013-03-04;0.60316700;0.60533297;0.58350003;0.59766698;10890000
2013-03-05;0.61366701;0.63599998;0.61350000;0.63166702;24552000
2013-03-06;0.64499998;0.64533299;0.62866700;0.63450003;22008000
2013-03-07;0.64116699;0.65249997;0.63666701;0.64266700;15654000
2013-03-08;0.65833300;0.65833300;0.62750000;0.64416701;29580000
2013-03-11;0.64083302;0.64933300;0.62916702;0.64716703;9966000
2013-03-12;0.63816702;0.65750003;0.63816702;0.65683299;10350000
2013-03-13;0.65499997;0.66649997;0.64416701;0.66266698;12882000
2013-03-14;0.66983300;0.68133301;0.66683298;0.67183298;10014000
2013-03-15;0.67183298;0.67183298;0.63300002;0.63916701;22080000
2013-03-18;0.61266702;0.63050002;0.60466701;0.61333299;22266000
2013-03-19;0.62316698;0.62550002;0.59050000;0.60616702;18228000
2013-03-20;0.62000000;0.63333303;0.61799997;0.63000000;21108000
2013-03-21;0.62816697;0.62816697;0.59816700;0.60016698;20580000
2013-03-22;0.61000001;0.62916702;0.60816699;0.61900002;14652000
2013-03-25;0.63200003;0.64150000;0.60600001;0.61583298;13764000
2013-03-26;0.62083298;0.63383299;0.62083298;0.63283300;9618000
2013-03-27;0.62250000;0.63749999;0.61033303;0.63550001;9366000
2013-03-28;0.64566702;0.64999998;0.62750000;0.64700001;11640000
2013-04-01;0.63749999;0.64333302;0.60466701;0.61049998;14892000
2013-04-02;0.62800002;0.62800002;0.58633298;0.59299999;23736000
2013-04-03;0.61666697;0.61666697;0.55116701;0.55733299;25308000
2013-04-04;0.55800003;0.57999998;0.54616702;0.57866699;17364000
2013-04-05;0.55083299;0.57316703;0.53916699;0.57033300;27174000
2013-04-08;0.56416702;0.59133297;0.55699998;0.59133297;14004000
2013-04-09;0.58583301;0.62000000;0.58083302;0.60750002;19890000
2013-04-10;0.61333299;0.64883298;0.61299998;0.64649999;29310000
2013-04-11;0.63966697;0.65200001;0.62783301;0.64016700;13578000
2013-04-12;0.62483299;0.63650000;0.60916698;0.63066697;11412000
2013-04-15;0.61400002;0.62550002;0.58233303;0.58566701;22998000
2013-04-16;0.60016698;0.62250000;0.59433299;0.62083298;15036000
2013-04-17;0.59666699;0.59666699;0.55216700;0.55966699;26514000
2013-04-18;0.57433301;0.58816701;0.54166698;0.54449999;19272000
2013-04-19;0.55033302;0.56133300;0.53266698;0.55750000;22866000
2013-04-22;0.56166703;0.58083302;0.53966701;0.57450002;22254000
2013-04-23;0.58333302;0.61433297;0.58333302;0.61150002;29820000
2013-04-24;0.60049999;0.63933301;0.60049999;0.63349998;17994000
2013-04-25;0.64016700;0.66399997;0.63833302;0.65200001;18084000
2013-04-26;0.63400000;0.64116699;0.62699997;0.63416702;9282000
2013-04-29;0.63333303;0.66083300;0.63333303;0.65583301;10020000
2013-04-30;0.66233301;0.67533302;0.64666700;0.67533302;9654000
2013-05-01;0.67866701;0.67866701;0.65416700;0.65633303;9882000
2013-05-02;0.67166698;0.68650001;0.65850002;0.68349999;12612000
2013-05-03;0.70749998;0.71666700;0.70083302;0.70333302;21360000
2013-05-06;0.71700001;0.72600001;0.70816702;0.71749997;17496000
2013-05-07;0.72799999;0.72799999;0.70483297;0.71649998;10182000
2013-05-08;0.71666700;0.74583298;0.71600002;0.74466699;10608000
2013-05-09;0.74483299;0.76650000;0.74199998;0.75650001;15090000
2013-05-10;0.76366699;0.77733302;0.76183301;0.77716702;12012000
2013-05-13;0.77916700;0.77916700;0.75050002;0.75383300;14652000
2013-05-14;0.75999999;0.76999998;0.75150001;0.76533300;11418000
2013-05-15;0.76533300;0.79549998;0.75833303;0.78566700;8250000
2013-05-16;0.79216701;0.79833299;0.76783299;0.77066702;8520000
2013-05-17;0.78833300;0.80083299;0.77766699;0.79966700;9216000
2013-05-20;0.80416697;0.80916703;0.79049999;0.79516703;16860000
2013-05-21;0.80366701;0.80366701;0.78600001;0.79350001;9300000
2013-05-22;0.80033302;0.81883299;0.74550003;0.75716698;25668000
2013-05-23;0.73449999;0.76033300;0.71416700;0.75633299;18678000
2013-05-24;0.74166697;0.75616699;0.73333299;0.75616699;6270000
2013-05-28;0.79616702;0.79616702;0.77083302;0.77633297;11004000
2013-05-29;0.75483298;0.79316700;0.75483298;0.78583300;5958000
2013-05-30;0.79083300;0.83099997;0.79083300;0.82200003;11388000
2013-05-31;0.80266702;0.82683301;0.79200000;0.79799998;9222000
2013-06-03;0.79483300;0.81849998;0.77133298;0.80000001;14388000
2013-06-04;0.80666697;0.83583301;0.79900002;0.81066698;24846000
2013-06-05;0.80566698;0.80566698;0.77016699;0.77300000;13428000
2013-06-06;0.77183300;0.78866702;0.74650002;0.76700002;11610000
2013-06-07;0.78149998;0.80500001;0.76550001;0.80366701;11730000
2013-06-10;0.81650001;0.82099998;0.79733300;0.81633300;10980000
2013-06-11;0.79916698;0.79949999;0.76133299;0.76416701;16632000
2013-06-12;0.78299999;0.78783298;0.73350000;0.73616701;17346000
2013-06-13;0.73199999;0.78383303;0.72850001;0.78066701;14190000
2013-06-14;0.79733300;0.79983300;0.76766700;0.77216703;8658000
2013-06-17;0.79283297;0.82016701;0.79283297;0.80533302;12372000
2013-06-18;0.82283300;0.84766698;0.80849999;0.84450001;15378000
2013-06-19;0.84583300;0.85600001;0.81449997;0.81699997;16416000
2013-06-20;0.78649998;0.78649998;0.73299998;0.74083298;19248000
2013-06-21;0.74266702;0.76333302;0.71933299;0.74650002;19020000
2013-06-24;0.71749997;0.73116702;0.68333298;0.70016700;22710000
2013-06-25;0.71899998;0.75583303;0.71716702;0.75199997;13842000
2013-06-26;0.77383298;0.77616698;0.74833298;0.76166701;11466000
2013-06-27;0.78333300;0.79133302;0.77016699;0.77166700;11340000
2013-06-28;0.77366698;0.79233301;0.75250000;0.78200001;11352000
2013-07-01;0.78783298;0.80133301;0.77383298;0.77616698;8286000
2013-07-02;0.77616698;0.80166698;0.76266700;0.77816701;12954000
2013-07-03;0.75500000;0.80000001;0.75500000;0.79049999;6444000
2013-07-05;0.80500001;0.82466698;0.79416698;0.82133299;11562000
2013-07-08;0.84183300;0.84183300;0.76450002;0.77249998;29700000
2013-07-09;0.79333299;0.80316699;0.78766698;0.79633301;10788000
2013-07-10;0.79433298;0.82783300;0.79383302;0.82366699;14016000
2013-07-11;0.85850000;0.87699997;0.84899998;0.87616700;13638000
2013-07-12;0.88333303;0.89483303;0.87616700;0.89116699;8298000
2013-07-15;0.89833301;0.89833301;0.88466698;0.89099997;8160000
2013-07-16;0.88566703;0.91133302;0.88433301;0.89833301;11532000
2013-07-17;0.91100001;0.91133302;0.89333302;0.90066701;13026000
2013-07-18;0.90766698;0.90766698;0.86883301;0.87833297;14046000
2013-07-19;0.86400002;0.87300003;0.84766698;0.87300003;12150000
2013-07-22;0.87916702;0.87916702;0.85549998;0.86666697;6804000
2013-07-23;0.86699998;0.89349997;0.85316700;0.85716701;13200000
2013-07-24;0.86666697;0.86666697;0.80699998;0.81016701;20934000
2013-07-25;0.79983300;0.82516700;0.79449999;0.82466698;9228000
2013-07-26;0.82300001;0.82300001;0.78916699;0.80233300;10296000
2013-07-29;0.80133301;0.80716699;0.78250003;0.78916699;7278000
2013-07-30;0.79716700;0.82083303;0.79666698;0.81550002;7872000
2013-07-31;0.82333302;0.84283298;0.81766701;0.82716697;7854000
2013-08-01;0.85466701;0.87366700;0.84883302;0.87199998;11010000
2013-08-02;0.86366701;0.86366701;0.83916700;0.85549998;5070000
2013-08-05;0.84566700;0.85533297;0.84350002;0.85149997;3534000
2013-08-06;0.85266697;0.85266697;0.82450002;0.83416700;4620000
2013-08-07;0.82066703;0.82400000;0.79850000;0.80816698;6234000
2013-08-08;0.82116699;0.82200003;0.79616702;0.81066698;4242000
2013-08-09;0.80833298;0.81233299;0.79266697;0.79866701;4308000
2013-08-12;0.78683299;0.81449997;0.78666699;0.80750000;3732000
2013-08-13;0.81500000;0.83783299;0.79850000;0.83450001;8910000
2013-08-14;0.81650001;0.81833303;0.79283297;0.79733300;12360000
2013-08-15;0.77166700;0.77166700;0.74166697;0.74266702;10518000
2013-08-16;0.74250001;0.77149999;0.73816699;0.75;7278000
2013-08-19;0.73983300;0.75900000;0.73416698;0.73483300;6270000
2013-08-20;0.73650002;0.75700003;0.73600000;0.74949998;6636000
2013-08-21;0.74233299;0.75199997;0.72500002;0.73299998;8808000
2013-08-22;0.74100000;0.76249999;0.74100000;0.75783300;8454000
2013-08-23;0.76599997;0.76849997;0.74550003;0.75833303;9096000
2013-08-26;0.75516701;0.76816702;0.74949998;0.75316697;4092000
2013-08-27;0.72500002;0.72783297;0.69383299;0.69700003;16050000
2013-08-28;0.70266700;0.73100001;0.70266700;0.72000003;6834000
2013-08-29;0.72450000;0.75250000;0.72016698;0.74750000;5964000
2013-08-30;0.74599999;0.74900001;0.71950001;0.72700000;7362000
2013-09-03;0.76050001;0.77333301;0.73416698;0.74483299;7626000
2013-09-04;0.75900000;0.80699998;0.75250000;0.80199999;17016000
2013-09-05;0.80849999;0.82533300;0.80633301;0.82083303;5136000
2013-09-06;0.82900000;0.83050001;0.79000002;0.81083298;10566000
2013-09-09;0.81416702;0.84683299;0.81233299;0.84333301;5964000
2013-09-10;0.86233300;0.89166701;0.86199999;0.89016700;10008000
2013-09-11;0.87900001;0.88916701;0.85916698;0.88249999;4254000
2013-09-12;0.88733298;0.88900000;0.86333299;0.86716700;3576000
2013-09-13;0.86466700;0.87900001;0.85366702;0.87866700;2934000
2013-09-16;0.91016698;0.91149998;0.88633299;0.88916701;6642000
2013-09-17;0.89416701;0.91166699;0.89416701;0.90716702;5118000
2013-09-18;0.90583301;0.93283302;0.89450002;0.93049997;6474000
2013-09-19;0.93500000;0.94583303;0.91250002;0.92083299;5850000
2013-09-20;0.91916698;0.93666703;0.90200001;0.90600002;4320000
2013-09-23;0.90916699;0.92199999;0.88316703;0.89433300;12870000
2013-09-24;0.90499997;0.92299998;0.89416701;0.91233301;5820000
2013-09-25;0.91766697;0.92916697;0.89700001;0.91466701;4452000
2013-09-26;0.92683297;0.93016702;0.90233302;0.91333300;6276000
2013-09-27;0.89983302;0.90433300;0.88499999;0.89233297;3846000
2013-09-30;0.86766702;0.90083301;0.85350001;0.89399999;8412000
2013-10-01;0.89983302;0.92416698;0.89349997;0.91716701;5850000
2013-10-02;0.89550000;0.91549999;0.89550000;0.91549999;2394000
2013-10-03;0.90966702;0.92966700;0.87966698;0.90816700;4836000
2013-10-04;0.90816700;0.93583298;0.90816700;0.92850000;4698000
2013-10-07;0.90683299;0.93333298;0.89666700;0.91466701;3126000
2013-10-08;0.91649997;0.92216700;0.86066699;0.87116700;6852000
2013-10-09;0.87166703;0.87900001;0.83183300;0.86000001;7686000
2013-10-10;0.88566703;0.92266703;0.88300002;0.91850001;10824000
2013-10-11;0.90833300;0.93333298;0.89916700;0.92699999;6798000
2013-10-14;0.90149999;0.94849998;0.89999998;0.94516701;5442000
2013-10-15;0.94633299;0.95099998;0.91666698;0.92100000;6456000
2013-10-16;0.92699999;0.94950002;0.92250001;0.94716698;4344000
2013-10-17;0.93250000;0.96916699;0.91816700;0.96716702;5004000
2013-10-18;0.97783297;0.97783297;0.95083302;0.97366703;6288000
2013-10-21;0.98166698;0.98666698;0.97166699;0.98516703;4620000
2013-10-22;0.99116701;0.99116701;0.96183300;0.97866702;6168000
2013-10-23;0.93500000;0.93500000;0.86866701;0.88200003;13896000
2013-10-24;0.89733303;0.91299999;0.89733303;0.90350002;5088000
2013-10-25;0.91183299;0.91666698;0.90350002;0.91350001;7236000
2013-10-28;0.91333300;0.93583298;0.90733302;0.93233299;3276000
2013-10-29;0.94166702;0.97466701;0.94166702;0.97333300;6594000
2013-10-30;0.97850001;0.98483300;0.94733298;0.95899999;4176000
2013-10-31;0.96149999;0.99266702;0.96016699;0.97533298;6642000
2013-11-01;0.98316699;0.98750001;0.95499998;0.96466702;4572000
2013-11-04;0.97683299;0.97683299;0.95716703;0.96283299;2082000
2013-11-05;0.94133300;0.96566701;0.93049997;0.95416701;3276000
2013-11-06;0.96816701;0.97016698;0.94783300;0.96483302;2826000
2013-11-07;0.96200001;0.96200001;0.90516698;0.90933299;7236000
2013-11-08;0.90533298;0.94050002;0.89999998;0.93949997;5514000
2013-11-11;0.93049997;0.94166702;0.92199999;0.93883300;2082000
2013-11-12;0.93000001;0.95716703;0.93000001;0.95450002;4428000
2013-11-13;0.94333303;0.98233300;0.93699998;0.98150003;2928000
2013-11-14;0.98083299;0.98083299;0.96166700;0.96783298;2946000
2013-11-15;0.97266698;0.99000001;0.95583302;0.98616701;3630000
2013-11-18;0.99000001;0.99066699;0.95366699;0.95950001;7848000
2013-11-19;0.96483302;0.96616697;0.92350000;0.92600000;6336000
2013-11-20;0.92949998;0.93650001;0.90516698;0.91216701;5040000
2013-11-21;0.92183298;0.96266699;0.92133301;0.96083301;4164000
2013-11-22;0.95733303;0.96616697;0.94816703;0.96249998;2322000
2013-11-25;0.96766698;0.96766698;0.94133300;0.95916700;3900000
2013-11-26;0.97433299;0.99000001;0.96183300;0.98383301;5604000
2013-11-27;0.97383302;0.99699998;0.96700001;0.99666703;4746000
2013-11-29;1;1.0093330;0.99366701;0.99650002;2976000
2013-12-02;1.0053329;1.0070000;0.98716700;0.99116701;5214000
2013-12-03;0.98449999;1.011000;0.98250002;1.0013330;5022000
2013-12-04;0.99716699;1.0083330;0.96833301;0.98866701;2712000
2013-12-05;0.99000001;1.0070000;0.98799998;0.99516702;3810000
2013-12-06;1.040167;1.040167;1.018333;1.029500;4728000
2013-12-09;1.046333;1.049000;1.032167;1.037500;3150000
2013-12-10;1.034000;1.042167;1.017833;1.028667;1938000
2013-12-11;1.032500;1.036000;0.99416697;0.99833298;3504000
2013-12-12;0.99533302;1.0016670;0.96950001;0.97316700;4140000
2013-12-13;0.98333299;0.98900002;0.96166700;0.96799999;4620000
2013-12-16;0.98900002;1.024667;0.98900002;1.0070000;3594000
2013-12-17;1.0070000;1.045500;1.0070000;1.038333;5094000
2013-12-18;1.040500;1.061833;0.99233299;1.059000;6684000
2013-12-19;1.057333;1.057333;1.026167;1.040000;3366000
2013-12-20;1.040000;1.075167;1.040000;1.066500;7314000
2013-12-23;1.086000;1.097167;1.077333;1.093000;4920000
2013-12-24;1.10133;1.11300;1.095000;1.10600;2052000
2013-12-26;1.11167;1.12100;1.10533;1.11617;4362000
2013-12-27;1.11950;1.12650;1.11083;1.11317;2088000
2013-12-30;1.10783;1.12867;1.10783;1.12167;2718000
2013-12-31;1.12917;1.15133;1.12917;1.15033;4722000
2014-01-02;1.12867;1.12867;1.087333;1.098667;7344000
2014-01-03;1.10350;1.10350;1.078500;1.094667;4176000
2014-01-06;1.10050;1.10050;1.069167;1.074000;3546000
2014-01-07;1.083667;1.10283;1.079833;1.099000;2796000
2014-01-08;1.12400;1.15000;1.11667;1.14750;4404000
2014-01-09;1.15900;1.15900;1.11017;1.12317;2556000
2014-01-10;1.12333;1.14167;1.12117;1.13683;2616000
2014-01-13;1.13100;1.14200;1.087500;1.096333;5268000
2014-01-14;1.10133;1.17417;1.097167;1.17167;8208000
2014-01-15;1.18483;1.21133;1.18167;1.20133;5568000
2014-01-16;1.19833;1.20167;1.17500;1.18133;6768000
2014-01-17;1.16700;1.18533;1.15350;1.16100;4092000
2014-01-21;1.17600;1.18417;1.15433;1.18383;5472000
2014-01-22;1.18383;1.22500;1.17550;1.22433;3648000
2014-01-23;1.18967;1.20183;1.16200;1.18267;6252000
2014-01-24;1.16133;1.16683;1.098000;1.099667;8844000
2014-01-27;1.11333;1.11383;1.058500;1.078667;8034000
2014-01-28;1.070667;1.097333;1.057333;1.091833;4476000
2014-01-29;1.071000;1.10733;1.071000;1.076500;6654000
2014-01-30;1.10233;1.12783;1.095833;1.11833;5076000
2014-01-31;1.084833;1.11700;1.072000;1.10100;3480000
2014-02-03;1.098500;1.098500;1.022167;1.031500;7428000
2014-02-04;1.032333;1.040333;1.016167;1.033167;6804000
2014-02-05;1.027500;1.051167;1.0023330;1.037333;4200000
2014-02-06;1.054500;1.093333;1.053667;1.086667;7758000
2014-02-07;1.10150;1.14233;1.089333;1.13917;7098000
2014-02-10;1.13233;1.16150;1.13183;1.15667;4908000
2014-02-11;1.16233;1.20967;1.15900;1.20083;6120000
2014-02-12;1.22000;1.24033;1.21367;1.23467;8586000
2014-02-13;1.21300;1.27900;1.20933;1.27900;5844000
2014-02-14;1.27883;1.30500;1.26250;1.30017;7818000
2014-02-18;1.31767;1.31767;1.28333;1.31067;5424000
2014-02-19;1.30517;1.32650;1.29683;1.30767;4584000
2014-02-20;1.31033;1.34167;1.30350;1.33850;5178000
2014-02-21;1.34383;1.35167;1.30617;1.31817;5064000
2014-02-24;1.33750;1.35833;1.32850;1.33333;4512000
2014-02-25;1.32817;1.33867;1.29183;1.31383;6354000
2014-02-26;1.32267;1.36783;1.32267;1.33933;5082000
2014-02-27;1.33333;1.34650;1.31033;1.33750;3162000
2014-02-28;1.34817;1.35083;1.30700;1.33333;4836000
2014-03-03;1.29350;1.32000;1.27250;1.31150;8346000
2014-03-04;1.35183;1.38483;1.35133;1.37950;7014000
2014-03-05;1.37950;1.40000;1.37183;1.38817;3366000
2014-03-06;1.40000;1.42133;1.38517;1.41983;3126000
2014-03-07;1.43317;1.43683;1.39967;1.41317;3978000
2014-03-10;1.40167;1.42233;1.38500;1.40417;1980000
2014-03-11;1.41817;1.42750;1.37017;1.38183;2088000
2014-03-12;1.36017;1.41667;1.35350;1.41667;2508000
2014-03-13;1.43167;1.43817;1.32300;1.34583;5796000
2014-03-14;1.33333;1.35833;1.32183;1.32450;3678000
2014-03-17;1.35233;1.38517;1.34933;1.37200;4002000
2014-03-18;1.38783;1.43267;1.37133;1.43050;8142000
2014-03-19;1.43283;1.45700;1.40033;1.42733;6624000
2014-03-20;1.40467;1.50850;1.40467;1.50767;6588000
2014-03-21;1.52550;1.52717;1.45600;1.46800;7470000
2014-03-24;1.48967;1.48967;1.41367;1.44983;9888000
2014-03-25;1.46100;1.50517;1.45683;1.47983;6858000
2014-03-26;1.51000;1.53333;1.43267;1.43500;8124000
2014-03-27;1.42283;1.44783;1.38933;1.39950;5778000
2014-03-28;1.41500;1.46167;1.40833;1.42967;4116000
2014-03-31;1.46317;1.50950;1.45500;1.49850;9546000
2014-04-01;1.53083;1.56850;1.51483;1.56850;8106000
2014-04-02;1.58333;1.58333;1.53617;1.55867;7266000
2014-04-03;1.56667;1.61183;1.54467;1.56800;6804000
2014-04-04;1.61083;1.61083;1.43033;1.43617;15960000
2014-04-07;1.41167;1.45917;1.37033;1.39650;9858000
2014-04-08;1.40833;1.45383;1.40067;1.44883;5208000
2014-04-09;1.47867;1.50017;1.45000;1.49550;7512000
2014-04-10;1.50067;1.50200;1.35333;1.35767;11070000
2014-04-11;1.31667;1.36867;1.28233;1.29283;9384000
2014-04-14;1.32283;1.34550;1.28850;1.32317;5760000
2014-04-15;1.33750;1.36200;1.28000;1.35050;6870000
2014-04-16;1.37767;1.37767;1.28667;1.34267;5334000
2014-04-17;1.33967;1.43767;1.33967;1.42017;10782000
2014-04-21;1.42567;1.45867;1.40183;1.45767;6312000
2014-04-22;1.46667;1.51000;1.45800;1.49933;5940000
2014-04-23;1.50400;1.51417;1.48050;1.49317;2610000
2014-04-24;1.53233;1.53233;1.45983;1.51633;6888000
2014-04-25;1.47800;1.47800;1.36033;1.36967;12810000
2014-04-28;1.37917;1.40433;1.29183;1.34467;7662000
2014-04-29;1.36367;1.38550;1.33883;1.36917;3888000
2014-04-30;1.35450;1.39683;1.35383;1.39683;4680000
2014-05-01;1.39900;1.43533;1.37583;1.38300;4398000
2014-05-02;1.36983;1.41233;1.36983;1.39133;4212000
2014-05-05;1.37633;1.40883;1.35717;1.39800;2844000
2014-05-06;1.40417;1.42167;1.38083;1.38133;2064000
2014-05-07;1.39433;1.39933;1.34883;1.38400;3090000
2014-05-08;1.37150;1.47067;1.37117;1.41233;7788000
2014-05-09;1.40800;1.41117;1.37017;1.40083;2988000
2014-05-12;1.40933;1.48117;1.40933;1.47667;9942000
2014-05-13;1.48800;1.48933;1.44217;1.44400;4584000
2014-05-14;1.43300;1.44283;1.40500;1.40717;3846000
2014-05-15;1.39500;1.40650;1.32550;1.35783;8310000
2014-05-16;1.35550;1.40450;1.35150;1.39800;3402000
2014-05-19;1.39283;1.45433;1.39283;1.44283;4440000
2014-05-20;1.44417;1.45683;1.40000;1.42250;3666000
2014-05-21;1.43667;1.45533;1.42200;1.44300;4350000
2014-05-22;1.45283;1.48000;1.44733;1.46417;4740000
2014-05-23;1.46283;1.50617;1.45783;1.50350;7674000
2014-05-27;1.54567;1.56100;1.52200;1.56100;6498000
2014-05-28;1.57483;1.57983;1.54300;1.56600;4740000
2014-05-29;1.56967;1.59400;1.56683;1.57567;3030000
2014-05-30;1.57417;1.58817;1.56383;1.58217;2382000
2014-06-02;1.60967;1.62083;1.56750;1.60783;3918000
2014-06-03;1.60917;1.65883;1.60083;1.65317;6246000
2014-06-04;1.65350;1.68250;1.63650;1.67567;4044000
2014-06-05;1.68583;1.71417;1.65583;1.69883;6264000
2014-06-06;1.71083;1.73550;1.70467;1.72417;6654000
2014-06-09;1.73300;1.76550;1.72833;1.73650;6924000
2014-06-10;1.73983;1.75533;1.71417;1.75383;4128000
2014-06-11;1.73783;1.79767;1.73783;1.77933;4884000
2014-06-12;1.77883;1.79483;1.74033;1.76083;6840000
2014-06-13;1.81100;1.82917;1.78133;1.81083;6210000
2014-06-16;1.81617;1.85467;1.80233;1.84467;7470000
2014-06-17;1.85083;1.89333;1.83867;1.88617;6432000
2014-06-18;1.89117;1.89283;1.81633;1.86350;9090000
2014-06-19;1.88033;1.88317;1.83167;1.86867;7944000
2014-06-20;1.87217;1.88500;1.85783;1.88500;4170000
2014-06-23;1.89267;1.89267;1.85850;1.86417;6738000
2014-06-24;1.85367;1.90417;1.80750;1.82267;9162000
2014-06-25;1.80833;1.84883;1.78433;1.84233;6300000
2014-06-26;1.83083;1.84533;1.77650;1.81883;5352000
2014-06-27;1.80517;1.82750;1.79617;1.82750;2694000
2014-06-30;1.82917;1.89000;1.82917;1.88467;4662000
2014-07-01;1.89833;1.98817;1.89833;1.96233;9978000
2014-07-02;1.97883;1.98583;1.95850;1.97717;5664000
2014-07-03;1.98167;2.024667;1.98167;2.017000;3942000
2014-07-07;2.017000;2.022667;1.96433;1.97483;8154000
2014-07-08;1.96350;1.97617;1.88717;1.94500;10506000
2014-07-09;1.96050;1.98500;1.91500;1.97883;6528000
2014-07-10;1.89233;1.97450;1.87200;1.95033;6774000
2014-07-11;1.96067;1.96900;1.92683;1.95417;3882000
2014-07-14;1.99050;2.0020001;1.96500;1.98050;7164000
2014-07-15;1.99867;1.99883;1.90967;1.96483;6828000
2014-07-16;2.010500;2.035833;1.99533;2.032833;5760000
2014-07-17;1.98450;1.98450;1.86517;1.87583;12642000
2014-07-18;1.90000;1.95467;1.88700;1.94933;5280000
2014-07-21;1.94917;1.97617;1.93167;1.96533;3408000
2014-07-22;2.00016689;2.015167;1.97500;2.0028329;4308000
2014-07-23;1.98250;1.98250;1.86200;1.86450;12192000
2014-07-24;1.86450;1.86667;1.81117;1.81733;9876000
2014-07-25;1.78167;1.78167;1.69133;1.70800;10626000
2014-07-28;1.71333;1.71367;1.63967;1.70250;8148000
2014-07-29;1.71350;1.74267;1.69217;1.69467;5832000
2014-07-30;1.72383;1.75833;1.71150;1.74467;5922000
2014-07-31;1.69117;1.69933;1.61433;1.62633;9606000
2014-08-01;1.61667;1.68167;1.61000;1.65067;9360000
2014-08-04;1.66450;1.68667;1.625;1.67133;4602000
2014-08-05;1.64683;1.67467;1.60000;1.62150;6888000
2014-08-06;1.59700;1.66817;1.59367;1.63600;8052000
2014-08-07;1.67067;1.67667;1.55833;1.57183;7098000
2014-08-08;1.58750;1.62900;1.57800;1.62450;6456000
2014-08-11;1.64817;1.69983;1.64817;1.67350;7698000
2014-08-12;1.66383;1.68717;1.62417;1.66717;5640000
2014-08-13;1.68217;1.71517;1.67733;1.71517;5910000
2014-08-14;1.71667;1.73450;1.70900;1.72433;4776000
2014-08-15;1.75950;1.79767;1.71900;1.77633;7260000
2014-08-18;1.79850;1.80250;1.76233;1.79983;6054000
2014-08-19;1.80583;1.84750;1.80583;1.83833;4548000
2014-08-20;1.83833;1.89300;1.83183;1.88350;4878000
2014-08-21;1.88983;1.91083;1.87317;1.90850;4374000
2014-08-22;1.91617;1.93483;1.88767;1.91267;6348000
2014-08-25;1.95050;1.95050;1.88033;1.88950;6822000
2014-08-26;1.88517;1.91150;1.88517;1.89117;3456000
2014-08-27;1.89017;1.90717;1.86550;1.90150;3738000
2014-08-28;1.88350;1.94217;1.86433;1.94217;3102000
2014-08-29;1.95250;1.98167;1.93917;1.96367;5214000
2014-09-02;1.97650;1.97650;1.91183;1.93717;4158000
2014-09-03;1.97183;1.97817;1.93917;1.95417;3906000
2014-09-04;1.96517;2.014833;1.95550;1.96917;6786000
2014-09-05;1.96650;2.018667;1.96433;2.018667;8496000
2014-09-08;2.018667;2.064833;2.0100000;2.031167;5826000
2014-09-09;2.031333;2.037500;1.96917;1.97733;4278000
2014-09-10;1.97667;1.98767;1.93683;1.97533;7584000
2014-09-11;1.95750;1.99133;1.92917;1.99033;4134000
2014-09-12;1.97567;1.97567;1.90000;1.91333;5574000
2014-09-15;1.92167;1.92833;1.84150;1.84350;7626000
2014-09-16;1.83650;1.94700;1.83200;1.93917;6174000
2014-09-17;1.94650;2.016667;1.94650;1.98500;8154000
2014-09-18;2.013500;2.070333;1.99283;2.070333;6774000
2014-09-19;2.087500;2.093167;1.98500;1.99633;6696000
2014-09-22;1.97833;1.98667;1.91233;1.92333;8310000
2014-09-23;1.89283;1.95383;1.87917;1.90833;5520000
2014-09-24;1.92217;1.98017;1.91717;1.97683;4500000
2014-09-25;1.97233;1.97233;1.85117;1.86983;8892000
2014-09-26;1.89800;1.95117;1.89600;1.93483;5322000
2014-09-29;1.87483;1.96150;1.86567;1.94300;4182000
2014-09-30;1.94617;1.94833;1.875;1.89450;5490000
2014-10-01;1.88583;1.88583;1.74250;1.75633;13020000
2014-10-02;1.74833;1.74833;1.63183;1.72717;17538000
2014-10-03;1.77900;1.79167;1.73000;1.75333;10464000
2014-10-06;1.77450;1.77550;1.67733;1.71100;7080000
2014-10-07;1.69417;1.70450;1.61483;1.61483;6960000
2014-10-08;1.61983;1.73000;1.57083;1.72133;11916000
2014-10-09;1.71667;1.71667;1.57900;1.58350;11388000
2014-10-10;1.45433;1.45433;1.21367;1.25533;57942000
2014-10-13;1.26017;1.30267;1.17417;1.17417;18840000
2014-10-14;1.23667;1.30500;1.20717;1.24050;30090000
2014-10-15;1.17400;1.28333;1.14467;1.25683;41124000
2014-10-16;1.20250;1.34217;1.19167;1.31133;31764000
2014-10-17;1.38750;1.40933;1.33583;1.34333;43908000
2014-10-20;1.33600;1.41017;1.31717;1.40683;16344000
2014-10-21;1.45967;1.56500;1.44233;1.55983;22548000
2014-10-22;1.58967;1.60667;1.49200;1.49500;32538000
2014-10-23;1.54783;1.58400;1.53850;1.55967;17814000
2014-10-24;1.55833;1.61683;1.55833;1.61000;15600000
2014-10-27;1.58350;1.63650;1.56283;1.62650;24660000
2014-10-28;1.64600;1.69900;1.63533;1.69733;18132000
2014-10-29;1.69000;1.72000;1.64900;1.70750;24510000
2014-10-30;1.69367;1.69367;1.58067;1.64983;17796000
2014-10-31;1.77917;1.86383;1.77917;1.84167;30552000
2014-11-03;1.87317;1.90433;1.84150;1.87583;12402000
2014-11-04;1.85900;1.89017;1.81350;1.86017;8046000
2014-11-05;1.90000;1.91917;1.84850;1.91500;13212000
2014-11-06;1.88533;1.89617;1.82750;1.86617;11454000
2014-11-07;1.86617;1.87800;1.76617;1.81133;16014000
2014-11-10;1.82783;1.86067;1.80217;1.85233;3756000
2014-11-11;1.86567;1.86567;1.82133;1.83617;4548000
2014-11-12;1.81167;1.84000;1.80333;1.83283;3774000
2014-11-13;1.84717;1.89100;1.81667;1.83600;7716000
2014-11-14;1.81917;1.88600;1.79483;1.88117;9924000
2014-11-17;1.85833;1.87050;1.80933;1.85683;10320000
2014-11-18;1.86500;1.97967;1.86500;1.96417;10830000
2014-11-19;1.96867;1.97483;1.89717;1.92633;8220000
2014-11-20;1.88400;1.98333;1.87400;1.98000;8310000
2014-11-21;2.045667;2.060000;1.99783;2.039500;12906000
2014-11-24;2.054000;2.10633;2.041667;2.10250;9054000
2014-11-25;2.11667;2.12483;2.089000;2.10167;6144000
2014-11-26;2.11250;2.23883;2.11250;2.23717;10092000
2014-11-28;2.25617;2.27717;2.21300;2.25;6168000
2014-12-01;2.23233;2.26200;2.14267;2.17150;13002000
2014-12-02;2.18983;2.21333;2.12733;2.21283;8928000
2014-12-03;2.23317;2.35917;2.23317;2.35033;10110000
2014-12-04;2.38217;2.40333;2.31667;2.36050;11634000
2014-12-05;2.37800;2.43300;2.36467;2.43300;6846000
2014-12-08;2.42883;2.44467;2.28250;2.32817;15150000
2014-12-09;2.21150;2.34200;2.20633;2.32183;12642000
2014-12-10;2.32400;2.33317;2.17933;2.19183;11838000
2014-12-11;2.22933;2.30483;2.20750;2.22300;9138000
2014-12-12;2.16667;2.20850;2.10700;2.11300;10422000
2014-12-15;2.15083;2.20467;2.033333;2.053000;16956000
2014-12-16;2.027667;2.14450;2.0021670;2.018000;16812000
2014-12-17;2.023667;2.15783;1.97333;2.14817;15510000
2014-12-18;2.24933;2.26667;2.20167;2.26667;21252000
2014-12-19;2.29033;2.29650;2.21367;2.24900;15420000
2014-12-22;2.28067;2.35583;2.27150;2.34883;10992000
2014-12-23;2.40000;2.40467;2.32900;2.33550;16380000
2014-12-24;2.34400;2.37167;2.33333;2.34367;3030000
2014-12-26;2.36900;2.37800;2.34117;2.35283;3072000
2014-12-29;2.33967;2.34733;2.30233;2.33183;5970000
2014-12-30;2.28417;2.32000;2.28417;2.29167;5286000
2014-12-31;2.29817;2.34733;2.24567;2.24700;8412000
2015-01-02;2.28717;2.32200;2.18233;2.24717;15978000
2015-01-05;2.18550;2.22500;2.11483;2.12000;12648000
2015-01-06;2.11750;2.125;1.95717;1.97567;13386000
2015-01-07;2.010333;2.063667;1.97700;2.035500;8574000
2015-01-08;2.11667;2.26183;2.100000;2.21867;13884000
2015-01-09;2.24583;2.25250;2.13750;2.22417;11070000
2015-01-12;2.19367;2.19367;2.055667;2.090500;10962000
2015-01-13;2.13700;2.21350;1.99633;2.028167;12708000
2015-01-14;1.96200;2.056167;1.93350;1.99567;9324000
2015-01-15;2.034333;2.074833;1.94167;1.94700;6774000
2015-01-16;1.92900;2.021000;1.90333;2.013500;8616000
2015-01-20;2.030000;2.099000;1.99717;2.077167;9438000
2015-01-21;2.060167;2.17150;2.035667;2.14533;9642000
2015-01-22;2.15167;2.19083;2.018333;2.18567;12336000
2015-01-23;2.16117;2.20000;2.12933;2.16650;9594000
2015-01-26;2.16417;2.19267;2.10350;2.18917;6576000
2015-01-27;2.100000;2.125;2.020333;2.063333;15486000
2015-01-28;2.13333;2.19817;2.029833;2.032500;13218000
2015-01-29;2.0020001;2.060667;1.92417;2.038333;15474000
2015-01-30;1.98433;2.048333;1.90833;1.91300;10230000
2015-02-02;1.93200;1.94333;1.80600;1.93050;14562000
2015-02-03;1.95950;2.037833;1.94533;2.034667;10800000
2015-02-04;2.020333;2.10100;2.0038331;2.059000;8946000
2015-02-05;2.069167;2.11750;2.052333;2.11533;6324000
2015-02-06;2.12850;2.17850;2.065167;2.083333;11220000
2015-02-09;2.047833;2.073833;2;2.015167;6336000
2015-02-10;2.089000;2.22083;2.075500;2.21933;10446000
2015-02-11;2.21633;2.26667;2.15383;2.24167;9228000
2015-02-12;2.28317;2.35000;2.26617;2.34983;8820000
2015-02-13;2.38900;2.41900;2.33600;2.39983;8976000
2015-02-17;2.40067;2.42950;2.37367;2.42383;5856000
2015-02-18;2.41667;2.42167;2.37333;2.40000;5652000
2015-02-19;2.38383;2.44300;2.37683;2.42200;5124000
2015-02-20;2.40383;2.46800;2.38233;2.46517;6198000
2015-02-23;2.46317;2.46483;2.39050;2.41617;5010000
2015-02-24;2.40750;2.51733;2.36867;2.51400;8376000
2015-02-25;2.51333;2.51817;2.45233;2.47183;5766000
2015-02-26;2.50517;2.54583;2.48333;2.52200;6090000
2015-02-27;2.52750;2.54467;2.48067;2.50383;4236000
2015-03-02;2.55867;2.71317;2.55867;2.71183;10602000
2015-03-03;2.68617;2.68617;2.55000;2.55517;11424000
2015-03-04;2.53467;2.55433;2.45933;2.55100;7704000
2015-03-05;2.58867;2.59717;2.52083;2.55333;5172000
2015-03-06;2.52183;2.54267;2.45283;2.47633;6402000
2015-03-09;2.47000;2.51400;2.46267;2.49800;3822000
2015-03-10;2.44283;2.46233;2.34800;2.35700;10950000
2015-03-11;2.38767;2.44850;2.37317;2.37683;5814000
2015-03-12;2.30550;2.37417;2.29500;2.37383;5214000
2015-03-13;2.38917;2.43400;2.34217;2.42283;5982000
2015-03-16;2.44017;2.53367;2.44017;2.52950;6324000
2015-03-17;2.48183;2.48950;2.42950;2.47567;6150000
2015-03-18;2.47583;2.56750;2.37850;2.53000;8148000
2015-03-19;2.53000;2.56733;2.50967;2.54850;4704000
2015-03-20;2.60733;2.68083;2.59067;2.66033;6618000
2015-03-23;2.66017;2.66817;2.58583;2.58583;6318000
2015-03-24;2.57417;2.60500;2.51683;2.51967;6552000
2015-03-25;2.52917;2.52917;2.16667;2.17450;21066000
2015-03-26;2.058333;2.125;1.94250;2.084833;24066000
2015-03-27;2.072500;2.28283;2.068000;2.25600;16368000
2015-03-30;2.30000;2.36233;2.26300;2.35000;16764000
2015-03-31;2.30717;2.32333;2.25467;2.26733;6942000
2015-04-01;2.24650;2.25317;2.16667;2.22467;12366000
2015-04-02;2.22967;2.27083;2.19967;2.20233;10686000
2015-04-06;2.13633;2.24917;2.10883;2.23383;8514000
2015-04-07;2.25033;2.29667;2.22517;2.23950;5790000
2015-04-08;2.22650;2.29983;2.22000;2.27983;3948000
2015-04-09;2.24133;2.37433;2.24133;2.36833;7356000
2015-04-10;2.38200;2.39483;2.35667;2.39483;4248000
2015-04-13;2.39483;2.43300;2.34267;2.34833;7758000
2015-04-14;2.36800;2.36800;2.25483;2.27983;8010000
2015-04-15;2.33633;2.41517;2.30283;2.39500;8970000
2015-04-16;2.33333;2.37900;2.31950;2.36483;3702000
2015-04-17;2.31283;2.31283;2.22833;2.26350;9108000
2015-04-20;2.29950;2.34650;2.29150;2.31883;4416000
2015-04-21;2.39633;2.41667;2.34217;2.36950;6054000
2015-04-22;2.39917;2.47200;2.35833;2.46767;9702000
2015-04-23;2.33250;2.38083;2.28717;2.35183;11388000
2015-04-24;2.34167;2.34600;2.19433;2.23683;18216000
2015-04-27;2.24250;2.32500;2.23467;2.26017;8376000
2015-04-28;2.24183;2.27517;2.16667;2.26300;4686000
2015-04-29;2.24050;2.24617;2.15583;2.22500;7008000
2015-04-30;2.20583;2.23600;2.12600;2.17417;6360000
2015-05-01;2.19583;2.36067;2.19583;2.34367;17382000
2015-05-04;2.35317;2.38033;2.31000;2.32833;7014000
2015-05-05;2.30717;2.30717;2.17467;2.18117;11862000
2015-05-06;2.20167;2.22850;2.12467;2.17300;9012000
2015-05-07;2.19300;2.25600;2.19300;2.24617;7686000
2015-05-08;2.30017;2.33850;2.28683;2.31050;10140000
2015-05-11;2.30483;2.33817;2.28200;2.31117;7164000
2015-05-12;2.28817;2.29117;2.21850;2.25583;6732000
2015-05-13;2.27800;2.34133;2.27417;2.29267;5100000
2015-05-14;2.34133;2.40283;2.31450;2.37733;10308000
2015-05-15;2.40000;2.41667;2.35350;2.38900;4164000
2015-05-18;2.37967;2.46083;2.37967;2.45300;6348000
2015-05-19;2.48017;2.50683;2.40350;2.43067;6744000
2015-05-20;2.45467;2.5;2.41600;2.44333;2923500
2015-05-21;2.43667;2.49333;2.40400;2.48000;2389500
2015-05-22;2.48733;2.52333;2.48067;2.49800;2566500
2015-05-26;2.47333;2.49133;2.40467;2.44400;4063500
2015-05-27;2.46200;2.75200;2.45667;2.72933;13917000
2015-05-28;2.73533;2.78067;2.68267;2.73667;6607500
2015-05-29;2.75333;2.80067;2.73000;2.76067;5224500
2015-06-01;2.80733;2.83067;2.73133;2.77333;6366000
2015-06-02;2.74933;2.74933;2.66667;2.67533;5436000
2015-06-03;2.72533;2.72733;2.62000;2.62200;4191000
2015-06-04;2.58933;2.61933;2.53067;2.55333;8517000
2015-06-05;2.54667;2.57333;2.48067;2.55733;6295500
2015-06-08;2.55733;2.56067;2.39200;2.41667;10593000
2015-06-09;2.40733;2.42467;2.33333;2.40400;10443000
2015-06-10;2.45600;2.52133;2.43333;2.49400;8491500
2015-06-11;2.52800;2.53333;2.48600;2.49267;5124000
2015-06-12;2.46067;2.46667;2.41467;2.42467;3468000
2015-06-15;2.37667;2.41467;2.31000;2.40667;3541500
2015-06-16;2.38400;2.44800;2.37667;2.43200;3762000
2015-06-17;2.45000;2.46533;2.40800;2.43733;4078500
2015-06-18;2.45867;2.57333;2.45867;2.54067;7689000
2015-06-19;2.54733;2.56733;2.47533;2.51800;4377000
2015-06-22;2.56333;2.58533;2.52733;2.56533;4977000
2015-06-23;2.57667;2.59400;2.49800;2.52133;5640000
2015-06-24;2.51267;2.53133;2.44333;2.44667;4566000
2015-06-25;2.48867;2.48867;2.41933;2.44133;3018000
2015-06-26;2.38133;2.38133;2.22800;2.26333;10182000
2015-06-29;2.16667;2.21733;2.064667;2.070000;11571000
2015-06-30;2.12733;2.14200;2.064000;2.094667;11799000
2015-07-01;2.17267;2.19133;2.092667;2.11000;10522500
2015-07-02;2.12333;2.15600;2.10733;2.13600;3387000
2015-07-06;2.093333;2.13600;2.015333;2.050667;8164500
2015-07-07;2.047333;2.047333;1.83933;2.023333;8449500
2015-07-08;1.94133;1.98333;1.84333;1.87533;7170000
2015-07-09;1.96667;1.97400;1.78600;1.78600;11626500
2015-07-10;1.86667;1.90733;1.84667;1.88733;10768500
2015-07-13;1.94333;1.94533;1.89267;1.93267;7369500
2015-07-14;1.95333;2.0086670;1.95333;1.99933;5853000
2015-07-15;2.011333;2.011333;1.93200;1.95867;8317500
2015-07-16;2.0066669;2.0066669;1.91600;1.97133;9607500
2015-07-17;1.95200;1.96333;1.90933;1.95467;5380500
2015-07-20;1.97533;1.99000;1.91333;1.91467;4542000
2015-07-21;1.90200;1.97000;1.90200;1.92000;6831000
2015-07-22;1.79400;1.79400;1.71333;1.77800;14968500
2015-07-23;1.80867;1.91667;1.80867;1.85600;8224500
2015-07-24;1.89467;1.89467;1.73667;1.74400;7174500
2015-07-27;1.71800;1.73933;1.64667;1.70267;9583500
2015-07-28;1.73067;1.84267;1.69067;1.80867;12343500
2015-07-29;1.80867;1.82800;1.75667;1.81800;9057000
2015-07-30;1.80267;1.85667;1.77400;1.83867;5058000
2015-07-31;1.84200;1.84667;1.76400;1.77400;5568000
2015-08-03;1.76200;1.77867;1.72733;1.75667;3805500
2015-08-04;1.74000;1.75067;1.66400;1.69800;6415500
2015-08-05;1.71800;1.79800;1.71800;1.76133;7600500
2015-08-06;1.76667;1.76667;1.62733;1.66933;7930500
2015-08-07;1.66667;1.70133;1.64667;1.69667;6246000
2015-08-10;1.73333;1.83067;1.73333;1.82400;8170500
2015-08-11;1.78800;1.78800;1.67533;1.70000;7215000
2015-08-12;1.64933;1.75333;1.59867;1.72867;9519000
2015-08-13;1.72867;1.75200;1.67600;1.67600;7285500
2015-08-14;1.66200;1.67200;1.61533;1.64667;5598000
2015-08-17;1.62200;1.69600;1.60000;1.69600;4459500
2015-08-18;1.69267;1.69267;1.58333;1.59133;8851500
2015-08-19;1.59600;1.60200;1.51533;1.54667;7707000
2015-08-20;1.50667;1.50667;1.37333;1.37467;13956000
2015-08-21;1.32267;1.38200;1.26067;1.27733;12129000
2015-08-24;1.021333;1.34000;1.0039999;1.17933;29239500
2015-08-25;1.30667;1.32400;1.14067;1.14067;14115000
2015-08-26;1.25200;1.31467;1.17800;1.31000;21187500
2015-08-27;1.38000;1.46200;1.37267;1.45733;24174000
2015-08-28;1.42600;1.49067;1.42600;1.48533;10723500
2015-08-31;1.44667;1.51400;1.42533;1.46733;9834000
2015-09-01;1.34667;1.42533;1.29133;1.31600;13606500
2015-09-02;1.38133;1.40867;1.33533;1.40867;5200500
2015-09-03;1.43600;1.49667;1.42867;1.44133;7801500
2015-09-04;1.37133;1.41933;1.34800;1.36467;7768500
2015-09-08;1.46000;1.54867;1.45667;1.54333;11443500
2015-09-09;1.58867;1.62067;1.45200;1.46200;17734500
2015-09-10;1.46000;1.52200;1.41733;1.48267;8355000
2015-09-11;1.43800;1.48667;1.42133;1.48200;6459000
2015-09-14;1.50200;1.51733;1.47733;1.49667;5242500
2015-09-15;1.51000;1.56267;1.51000;1.54800;5133000
2015-09-16;1.54667;1.56533;1.51133;1.56067;6328500
2015-09-17;1.56067;1.59733;1.51267;1.51867;10005000
2015-09-18;1.45600;1.50133;1.42467;1.44267;9004500
2015-09-21;1.46667;1.48467;1.40933;1.42800;7872000
2015-09-22;1.35200;1.37067;1.31733;1.33467;10623000
2015-09-23;1.33867;1.35800;1.30067;1.30400;5457000
2015-09-24;1.27000;1.32400;1.19600;1.29867;11694000
2015-09-25;1.35267;1.37800;1.28200;1.31867;14334000
2015-09-28;1.29067;1.31733;1.20867;1.20867;19645500
2015-09-29;1.22467;1.26867;1.18933;1.23533;8577000
2015-09-30;1.29133;1.38000;1.29067;1.37333;11164500
2015-10-01;1.37067;1.37067;1.25667;1.32800;11292000
2015-10-02;1.28267;1.41333;1.27133;1.41333;11044500
2015-10-05;1.45200;1.51400;1.43600;1.49200;11214000
2015-10-06;1.50733;1.52000;1.42667;1.50733;10017000
2015-10-07;1.54267;1.59533;1.49000;1.57533;13086000
2015-10-08;1.55800;1.60533;1.52133;1.60467;10491000
2015-10-09;1.59600;1.61200;1.53867;1.56200;9637500
2015-10-12;1.56200;1.57667;1.54400;1.56867;3466500
2015-10-13;1.53133;1.56000;1.50467;1.50533;5832000
2015-10-14;1.53333;1.71467;1.51867;1.67533;12873000
2015-10-15;1.71267;1.75867;1.67800;1.72533;7219500
2015-10-16;1.73333;1.73867;1.69000;1.73200;3847500
2015-10-19;1.70733;1.76467;1.69267;1.73133;3388500
2015-10-20;1.72133;1.74333;1.69800;1.72333;3612000
2015-10-21;1.78000;1.83200;1.73200;1.73267;7911000
2015-10-22;1.80733;1.92200;1.80733;1.90867;9553500
2015-10-23;1.96867;1.99867;1.90467;1.98333;12801000
2015-10-26;1.95667;1.95933;1.84667;1.86467;7888500
2015-10-27;1.82667;1.86467;1.81267;1.82600;5899500
2015-10-28;1.86067;1.92200;1.84200;1.92067;7332000
2015-10-29;1.80533;1.81133;1.73667;1.75200;7363500
2015-10-30;1.76333;1.81333;1.76333;1.79667;4933500
2015-11-02;1.81400;1.85000;1.80467;1.84200;4515000
2015-11-03;1.83667;1.89200;1.82933;1.86933;3586500
2015-11-04;1.87533;1.90000;1.84667;1.88933;4272000
2015-11-05;1.86733;1.86733;1.75867;1.77133;6928500
2015-11-06;1.79933;1.91000;1.79933;1.90467;7741500
2015-11-09;1.89067;1.89067;1.82267;1.85067;4533000
2015-11-10;1.79200;1.80000;1.73333;1.75;6873000
2015-11-11;1.76200;1.81200;1.75;1.75400;6765000
2015-11-12;1.73533;1.75867;1.68733;1.68933;5874000
2015-11-13;1.68467;1.70400;1.62133;1.64200;8245500
2015-11-16;1.63933;1.70533;1.63800;1.70333;4926000
2015-11-17;1.70533;1.77600;1.70200;1.73667;5721000
2015-11-18;1.73867;1.79267;1.70533;1.78800;7293000
2015-11-19;1.79733;1.84733;1.77000;1.80067;4227000
2015-11-20;1.82333;1.84667;1.80200;1.81933;4059000
2015-11-23;1.82267;1.82267;1.74333;1.74667;4002000
2015-11-24;1.73333;1.82467;1.69400;1.81400;6042000
2015-11-25;1.82267;1.84667;1.79600;1.81867;2290500
2015-11-27;1.83533;1.86400;1.82800;1.85933;1800000
2015-11-30;1.86600;1.91933;1.85533;1.91600;4113000
2015-12-01;1.92733;1.99400;1.92733;1.99067;8346000
2015-12-02;2.0013330;2.030000;1.95267;1.96267;9337500
2015-12-03;2.031333;2.050000;1.89733;1.92600;6945000
2015-12-04;1.94133;2.044667;1.91000;2.032667;6492000
2015-12-07;2.021333;2.021333;1.96667;1.97467;3729000
2015-12-08;1.89333;1.94600;1.87067;1.92667;6631500
2015-12-09;1.91067;1.93533;1.82533;1.85000;6715500
2015-12-10;1.85133;1.92533;1.85000;1.88200;5155500
2015-12-11;1.82733;1.84267;1.76267;1.77133;7531500
2015-12-14;1.76867;1.79067;1.68400;1.73733;8115000
2015-12-15;1.77400;1.83867;1.76333;1.81733;5202000
2015-12-16;1.83533;1.87067;1.77200;1.85933;5487000
2015-12-17;1.89000;1.91067;1.77733;1.77733;5890500
2015-12-18;1.74000;1.76667;1.70667;1.71467;5401500
2015-12-21;1.75800;1.81067;1.74467;1.81000;3751500
2015-12-22;1.83200;1.83533;1.77333;1.81667;2517000
2015-12-23;1.83200;1.85800;1.81000;1.85600;3277500
2015-12-24;1.84733;1.89400;1.84333;1.87533;1558500
2015-12-28;1.85333;1.85333;1.79600;1.85333;3654000
2015-12-29;1.89000;1.94200;1.86733;1.92067;5613000
2015-12-30;1.91000;1.92867;1.85933;1.86133;3543000
2015-12-31;1.83733;1.84600;1.78467;1.78467;2239500
2016-01-04;1.68267;1.72533;1.64867;1.72400;6852000
2016-01-05;1.74400;1.74533;1.66600;1.67067;7008000
2016-01-06;1.58933;1.59200;1.49133;1.53600;8817000
2016-01-07;1.41933;1.48267;1.36800;1.37867;8475000
2016-01-08;1.40800;1.42067;1.30667;1.31067;9717000
2016-01-11;1.33333;1.36667;1.27667;1.33067;9301500
2016-01-12;1.37800;1.40133;1.30733;1.36400;8331000
2016-01-13;1.36667;1.39467;1.23067;1.23467;6531000
2016-01-14;1.25067;1.33067;1.19800;1.31067;8373000
2016-01-15;1.15267;1.18133;1.080667;1.13400;12220500
2016-01-19;1.19333;1.21200;1.10733;1.13800;9246000
2016-01-20;1.093333;1.19533;1.064000;1.16000;11091000
2016-01-21;1.19200;1.25600;1.15600;1.20800;13318500
2016-01-22;1.27600;1.30400;1.25467;1.27867;12348000
2016-01-25;1.26467;1.27733;1.21600;1.22400;7657500
2016-01-26;1.24333;1.28867;1.22133;1.26000;7986000
2016-01-27;1.23800;1.28600;1.19600;1.21533;9180000
2016-01-28;1.24533;1.25067;1.17800;1.20467;6303000
2016-01-29;1.22467;1.37000;1.22467;1.36733;11986500
2016-02-01;1.33867;1.40867;1.32667;1.38800;8037000
2016-02-02;1.34267;1.34267;1.23667;1.25067;8760000
2016-02-03;1.29400;1.30000;1.18267;1.26067;9664500
2016-02-04;1.26667;1.34800;1.25733;1.32267;13746000
2016-02-05;1.31067;1.31067;1.17133;1.18867;16936500
2016-02-08;1.12933;1.13333;1.043333;1.096667;10143000
2016-02-09;1.056000;1.13800;1.047333;1.075333;6549000
2016-02-10;1.11333;1.13533;1.050667;1.052000;13690500
2016-02-11;1;1.047333;0.98866701;1.028000;18111000
2016-02-12;1.080000;1.10067;1.019333;1.096000;14359500
2016-02-16;1.14467;1.23067;1.12933;1.21200;19578000
2016-02-17;1.23733;1.30667;1.23133;1.29867;18730500
2016-02-18;1.33000;1.33067;1.27533;1.27800;11878500
2016-02-19;1.27467;1.31933;1.27000;1.29533;7744500
2016-02-22;1.34200;1.37933;1.33800;1.35667;8479500
2016-02-23;1.32667;1.34800;1.28533;1.29067;5545500
2016-02-24;1.24667;1.35333;1.22333;1.34467;14658000
2016-02-25;1.36400;1.39800;1.31200;1.39667;9294000
2016-02-26;1.42800;1.43600;1.40067;1.41800;11154000
2016-02-29;1.44000;1.48400;1.41067;1.41067;15354000
2016-03-01;1.46333;1.52933;1.44000;1.52800;12424500
2016-03-02;1.53067;1.55467;1.51133;1.55400;8562000
2016-03-03;1.55333;1.56667;1.52467;1.55733;9262500
2016-03-04;1.59133;1.64533;1.55533;1.60667;17245500
2016-03-07;1.56933;1.64600;1.55733;1.62467;13198500
2016-03-08;1.58533;1.59000;1.50933;1.51400;13114500
2016-03-09;1.53533;1.56333;1.51467;1.55133;10950000
2016-03-10;1.57600;1.61667;1.50800;1.57200;10504500
2016-03-11;1.61800;1.66600;1.61400;1.66533;10131000
2016-03-14;1.65400;1.66800;1.62800;1.64600;10215000
2016-03-15;1.62933;1.63667;1.59600;1.63667;10891500
2016-03-16;1.62400;1.68867;1.60733;1.68200;12388500
2016-03-17;1.67400;1.72867;1.66000;1.71867;10372500
2016-03-18;1.72933;1.79067;1.71333;1.78733;9391500
2016-03-21;1.76667;1.79733;1.74467;1.79600;6912000
2016-03-22;1.77533;1.80867;1.75200;1.79133;6469500
2016-03-23;1.78200;1.78333;1.71667;1.71933;7260000
2016-03-24;1.68067;1.71667;1.65867;1.71533;10165500
2016-03-28;1.74333;1.74333;1.69000;1.71333;8259000
2016-03-29;1.69600;1.78800;1.66600;1.77867;8484000
2016-03-30;1.81200;1.86333;1.80800;1.83200;8788500
2016-03-31;1.81533;1.82733;1.79733;1.80067;6111000
2016-04-01;1.77467;1.83733;1.74200;1.83600;8401500
2016-04-04;1.83600;1.83800;1.77667;1.78533;6859500
2016-04-05;1.74200;1.79333;1.72667;1.75333;4804500
2016-04-06;1.75133;1.81133;1.70667;1.80667;7842000
2016-04-07;1.77867;1.78667;1.70467;1.72200;4113000
2016-04-08;1.77267;1.79667;1.73067;1.74800;5931000
2016-04-11;1.77600;1.82467;1.74533;1.74533;4776000
2016-04-12;1.75200;1.77067;1.67200;1.74000;6948000
2016-04-13;1.77467;1.86133;1.77000;1.85867;8346000
2016-04-14;1.80867;1.82200;1.75800;1.81333;7392000
2016-04-15;1.81733;1.81733;1.76333;1.76467;4174500
2016-04-18;1.73333;1.78200;1.73333;1.76733;5779500
2016-04-19;1.77533;1.78400;1.68067;1.70000;7656000
2016-04-20;1.69000;1.77400;1.68667;1.75;6774000
2016-04-21;1.75133;1.75133;1.69533;1.71933;3598500
2016-04-22;1.72333;1.77467;1.68800;1.72867;4846500
2016-04-25;1.70933;1.74067;1.68533;1.69733;3564000
2016-04-26;1.73600;1.81267;1.72600;1.76533;5229000
2016-04-27;1.71467;1.82867;1.70867;1.82200;7045500
2016-04-28;1.78400;1.82067;1.66400;1.67533;8776500
2016-04-29;1.66067;1.66067;1.50600;1.54667;10438500
2016-05-02;1.55267;1.58533;1.52133;1.57867;4453500
2016-05-03;1.53667;1.55467;1.50400;1.52600;4360500
2016-05-04;1.48667;1.52333;1.45733;1.47133;4780500
2016-05-05;1.51400;1.52733;1.46867;1.48267;5563500
2016-05-06;1.46867;1.48933;1.42867;1.48867;3399000
2016-05-09;1.49467;1.52333;1.47133;1.48200;3502500
2016-05-10;1.49733;1.53867;1.47067;1.53733;4980000
2016-05-11;1.52800;1.56733;1.52067;1.52333;7488000
2016-05-12;1.54067;1.54333;1.40667;1.44267;8350500
2016-05-13;1.44800;1.49400;1.44600;1.46000;6027000
2016-05-16;1.46933;1.55933;1.46800;1.52800;8338500
2016-05-17;1.52667;1.54867;1.48667;1.49800;4624500
2016-05-18;1.46933;1.60933;1.46933;1.57067;10564500
2016-05-19;1.55200;1.58267;1.50200;1.54000;5457000
2016-05-20;1.61600;1.68733;1.60133;1.68333;9211500
2016-05-23;1.73133;1.76533;1.71067;1.72000;6511500
2016-05-24;1.76000;1.84933;1.75;1.84467;9954000
2016-05-25;1.87333;1.89000;1.83333;1.87733;10669500
2016-05-26;1.89867;1.90800;1.87000;1.89600;4302000
2016-05-27;1.89600;1.94000;1.89600;1.93067;3603000
2016-05-31;1.94667;1.96800;1.92400;1.96200;4935000
2016-06-01;1.96267;2.00066710;1.93533;1.99600;4663500
2016-06-02;1.97467;1.99467;1.95733;1.99467;3682500
2016-06-03;2.044000;2.054000;1.97667;2.013333;4863000
2016-06-06;2.025333;2.048667;1.98667;1.99800;4572000
2016-06-07;2.024000;2.067333;2.024000;2.056667;5604000
2016-06-08;2.054667;2.069333;2.034667;2.051333;4368000
2016-06-09;2.0060000;2.062667;1.98867;2.059333;5599500
2016-06-10;1.99400;1.99400;1.93533;1.95600;5686500
2016-06-13;1.92067;1.99400;1.91533;1.92933;5010000
2016-06-14;1.90067;1.93933;1.87133;1.92400;6199500
2016-06-15;1.95400;1.96867;1.91600;1.92467;3606000
2016-06-16;1.85533;1.92733;1.82467;1.92267;7249500
2016-06-17;1.91267;1.92667;1.83400;1.87467;3912000
2016-06-20;1.96533;2.0073330;1.93467;1.93800;5973000
2016-06-21;1.96733;1.97000;1.93467;1.95800;2568000
2016-06-22;1.95600;2.013333;1.94400;1.94933;3489000
2016-06-23;2.030667;2.10267;2.014000;2.10133;5671500
2016-06-24;1.81667;1.92467;1.73067;1.74667;11479500
2016-06-27;1.68467;1.68467;1.50667;1.53867;11446500
2016-06-28;1.61200;1.67133;1.60067;1.66200;14646000
2016-06-29;1.72333;1.78000;1.70200;1.76200;9870000
2016-06-30;1.77267;1.85800;1.75533;1.85800;5794500
2016-07-01;1.80467;1.82467;1.78933;1.79800;4080000
2016-07-05;1.76067;1.76133;1.67400;1.70733;4137000
2016-07-06;1.67267;1.72200;1.62067;1.71467;6273000
2016-07-07;1.72600;1.81400;1.72600;1.77733;6213000
2016-07-08;1.82933;1.92867;1.82733;1.92667;9957000
2016-07-11;1.96800;2.014667;1.96467;1.99000;9292500
2016-07-12;2.041333;2.088667;2.036667;2.071333;6894000
2016-07-13;2.093333;2.11467;2.065333;2.076667;5205000
2016-07-14;2.13400;2.14000;2.082000;2.12200;6063000
2016-07-15;2.12467;2.12933;2.093333;2.11733;4302000
2016-07-18;2.18133;2.22333;2.17933;2.21267;5875500
2016-07-19;2.19867;2.20600;2.16867;2.18667;3187500
2016-07-20;2.21133;2.31067;2.20600;2.29200;6294000
2016-07-21;2.29467;2.30400;2.21600;2.24400;5059500
2016-07-22;2.22933;2.28067;2.18067;2.27933;5407500
2016-07-25;2.28533;2.33067;2.28533;2.31600;4806000
2016-07-26;2.38267;2.61867;2.38267;2.59867;15642000
2016-07-27;2.65667;2.66067;2.53533;2.58267;8205000
2016-07-28;2.53333;2.59600;2.50467;2.54200;5161500
2016-07-29;2.54467;2.56200;2.47467;2.50333;5205000
2016-08-01;2.53667;2.54467;2.48867;2.51667;3016500
2016-08-02;2.50133;2.50133;2.35533;2.39600;7983000
2016-08-03;2.35400;2.41267;2.35400;2.41267;4182000
2016-08-04;2.43067;2.47733;2.41333;2.47533;5209500
2016-08-05;2.52200;2.57600;2.51000;2.57000;5161500
2016-08-08;2.59400;2.61400;2.54733;2.55933;3063000
2016-08-09;2.57533;2.64867;2.57467;2.62533;3786000
2016-08-10;2.63533;2.63733;2.53600;2.56467;5244000
2016-08-11;2.58333;2.61000;2.55667;2.60133;2359500
2016-08-12;2.60000;2.65267;2.60000;2.63467;4086000
2016-08-15;2.65933;2.76267;2.65667;2.74400;4903500
2016-08-16;2.74000;2.74000;2.67533;2.68533;2446500
2016-08-17;2.69400;2.69400;2.64000;2.68400;3484500
2016-08-18;2.67067;2.74333;2.67067;2.74333;3172500
2016-08-19;2.75267;2.83333;2.74467;2.81467;4912500
2016-08-22;2.80600;2.84067;2.78267;2.81800;3501000
2016-08-23;2.85733;2.89733;2.85467;2.86333;4677000
2016-08-24;2.86333;2.87867;2.76400;2.78933;4705500
2016-08-25;2.82133;2.85933;2.76133;2.82333;3475500
2016-08-26;2.84133;2.92333;2.80000;2.86267;3075000
2016-08-29;2.87933;2.92733;2.87933;2.89200;5029500
2016-08-30;2.89733;2.94333;2.84333;2.86667;4834500
2016-08-31;2.87200;2.88133;2.82267;2.86867;2962500
2016-09-01;2.87400;2.94400;2.82867;2.94400;5970000
2016-09-02;2.97800;2.97800;2.88867;2.92800;4899000
2016-09-06;2.97667;2.97667;2.86133;2.90333;2661000
2016-09-07;2.91133;2.92400;2.82533;2.83933;4519500
2016-09-08;2.81333;2.84733;2.77533;2.82667;4620000
2016-09-09;2.76333;2.76333;2.50133;2.51533;7638000
2016-09-12;2.46067;2.67333;2.43333;2.66600;7582500
2016-09-13;2.62067;2.69267;2.55200;2.58867;4434000
2016-09-14;2.59667;2.68067;2.56467;2.66267;5754000
2016-09-15;2.67600;2.86200;2.66267;2.84667;11305500
2016-09-16;2.92000;2.92533;2.78267;2.84800;5265000
2016-09-19;2.91333;2.98467;2.83067;2.86200;5494500
2016-09-20;2.90133;2.91333;2.79867;2.82600;3736500
2016-09-21;2.86267;2.94800;2.82533;2.93667;3955500
2016-09-22;2.98667;3.025333;2.94200;2.97067;4545000
2016-09-23;2.96467;2.96467;2.86333;2.87600;2404500
2016-09-26;2.82667;2.84133;2.75600;2.78667;2850000
2016-09-27;2.78000;2.93733;2.76667;2.93667;4380000
2016-09-28;2.95467;3;2.90000;2.95600;4860000
2016-09-29;2.95600;3.11800;2.86000;3.064667;12943500
2016-09-30;3.13200;3.26600;3.12600;3.20733;7447500
2016-10-03;3.21333;3.27267;3.12533;3.14067;3537000
2016-10-04;3.19200;3.20933;3.083333;3.11667;4381500
2016-10-05;3.14667;3.25333;3.13267;3.18933;3516000
2016-10-06;3.19267;3.24933;3.12267;3.24467;4366500
2016-10-07;3.26600;3.28533;3.14133;3.22600;4740000
2016-10-10;3.27467;3.31267;3.17600;3.17800;4125000
2016-10-11;3.16333;3.16533;2.89400;2.97933;11005500
2016-10-12;2.97933;2.97933;2.86067;2.94600;4563000
2016-10-13;2.86533;2.87067;2.69867;2.83933;7308000
2016-10-14;2.94333;3.0066669;2.89867;2.90867;8758500
2016-10-17;2.89467;2.94667;2.85667;2.85933;3201000
2016-10-18;2.99200;2.99667;2.93867;2.96400;3852000
2016-10-19;2.88400;2.93400;2.83933;2.92000;4539000
2016-10-20;2.91467;3.012000;2.85200;2.98267;4458000
2016-10-21;2.90600;2.96933;2.87333;2.95867;3619500
2016-10-24;3.026667;3.12733;3.020667;3.12333;4044000
2016-10-25;3.15133;3.15733;3.096000;3.11600;4288500
2016-10-26;3.056667;3.15600;3.041333;3.098000;4497000
2016-10-27;3.19067;3.21600;3.044667;3.056667;4950000
2016-10-28;3.064667;3.14933;2.99000;3.0039999;5382000
2016-10-31;3.064000;3.093333;3.035333;3.051333;2971500
2016-11-01;3.077333;3.12267;2.86400;2.96533;5791500
2016-11-02;2.97467;3.026000;2.88267;2.90600;6438000
2016-11-03;2.92000;2.96933;2.85867;2.88667;5181000
2016-11-04;2.83400;2.91467;2.77533;2.83600;2907000
2016-11-07;2.99733;3.084667;2.96067;3.081333;3789000
2016-11-08;3.086667;3.15533;3.024000;3.10133;4149000
2016-11-09;2.88667;3.083333;2.84667;3.052000;8143500
2016-11-10;3.12200;3.17067;2.76867;2.86067;11700000
2016-11-11;2.95600;3.19867;2.95333;3.18333;8976000
2016-11-14;3.20000;3.23533;3.10467;3.13000;3526500
2016-11-15;3.18533;3.33333;3.14600;3.31067;5700000
2016-11-16;3.29600;3.43333;3.28600;3.42533;6178500
2016-11-17;3.52067;3.58467;3.40333;3.53733;4744500
2016-11-18;3.55600;3.62467;3.51400;3.61000;3157500
2016-11-21;3.64067;3.69600;3.60467;3.65800;4183500
2016-11-22;3.76333;3.81133;3.72933;3.80467;5646000
2016-11-23;3.79133;3.83800;3.74800;3.82000;3952500
2016-11-25;3.85600;3.85600;3.78467;3.83600;1351500
2016-11-28;3.81667;3.85267;3.78133;3.80400;2221500
2016-11-29;3.78800;3.84333;3.72467;3.78200;1993500
2016-11-30;3.78733;3.80133;3.70933;3.71400;1819500
2016-12-01;3.70067;3.70867;3.10467;3.16467;10963500
2016-12-02;3.15200;3.30067;3.12000;3.28733;6096000
2016-12-05;3.37000;3.43667;3.30400;3.40733;6199500
2016-12-06;3.44200;3.55867;3.44067;3.54867;4474500
2016-12-07;3.53333;3.79333;3.50467;3.77333;6499500
2016-12-08;3.78267;3.93000;3.78267;3.87000;7072500
2016-12-09;3.98000;3.98600;3.74267;3.82133;5371500
2016-12-12;3.77467;3.79667;3.64067;3.73467;3918000
2016-12-13;3.78667;3.93733;3.75467;3.86067;6130500
2016-12-14;3.86667;3.92600;3.81133;3.85200;5143500
2016-12-15;3.88800;4.10467;3.87733;4.054667;7221000
2016-12-16;4.13333;4.14533;3.87200;3.92267;4263000
2016-12-19;4;4.090000;3.94667;4.044667;4107000
2016-12-20;3.99600;3.99600;3.91933;3.96867;5374500
2016-12-21;4.00066710;4.017333;3.95267;3.96867;2376000
2016-12-22;4.11133;4.12867;3.98267;4.032667;3078000
2016-12-23;4.0066671;4.096000;3.99467;4.092667;1362000
2016-12-27;4.10400;4.26600;4.100000;4.24200;4866000
2016-12-28;4.32533;4.32800;3.98933;3.99533;8050500
2016-12-29;3.95533;3.99667;3.86800;3.99467;5998500
2016-12-30;4.080000;4.097333;3.77333;3.80667;5214000
2017-01-03;3.90867;3.97733;3.71267;3.81267;6211500
2017-01-04;3.86400;3.89733;3.79067;3.84733;3565500
2017-01-05;3.85733;3.91000;3.72267;3.74133;3568500
2017-01-06;3.76733;3.86133;3.68933;3.83133;4870500
2017-01-09;3.86667;4.00066710;3.86600;3.95467;5397000
2017-01-10;3.95333;4.039333;3.94600;4.014667;3775500
2017-01-11;4.0026670;4.052667;3.96400;4.052667;3205500
2017-01-12;4.026000;4.026000;3.76867;3.94800;5007000
2017-01-13;3.96000;4.056000;3.94867;4.022667;4092000
2017-01-17;3.98533;3.98533;3.79067;3.82933;4072500
2017-01-18;3.84067;3.99667;3.84000;3.98933;3651000
2017-01-19;3.93200;4.066667;3.92533;3.93467;2694000
2017-01-20;4.040000;4.15667;4.034000;4.087333;4134000
2017-01-23;4.027333;4.066000;3.91400;4.0066671;4033500
2017-01-24;4.051333;4.25933;4.051333;4.24467;4725000
2017-01-25;4.40933;4.45933;4.31333;4.43133;5010000
2017-01-26;4.44800;4.45800;4.29533;4.35400;3685500
2017-01-27;4.42400;4.52067;4.41600;4.51933;3610500
2017-01-30;4.44933;4.45267;4.27867;4.44733;7095000
2017-01-31;4.37267;4.38467;4.19333;4.27400;6417000
2017-02-01;4.44133;4.48933;4.34600;4.47733;5668500
2017-02-02;4.38667;4.51667;4.31133;4.46600;4839000
2017-02-03;4.52800;4.56467;4.49067;4.54333;2787000
2017-02-06;4.57533;4.59800;4.48533;4.59067;4750500
2017-02-07;4.66600;4.68933;4.56400;4.64133;4060500
2017-02-08;4.69333;4.72200;4.59267;4.66400;3667500
2017-02-09;4.68867;4.68867;4.52267;4.54200;5070000
2017-02-10;4.63800;4.63800;4.39600;4.53133;5946000
2017-02-13;4.57933;4.65533;4.53933;4.56333;4624500
2017-02-14;4.54733;4.56000;4.44067;4.51533;3199500
2017-02-15;4.53933;4.64200;4.48867;4.62800;3541500
2017-02-16;4.64333;4.67267;4.56133;4.64533;2700000
2017-02-17;4.58867;4.72000;4.52467;4.72000;3577500
2017-02-21;4.81267;4.92467;4.78733;4.92267;4737000
2017-02-22;4.92600;4.94467;4.86200;4.92333;2751000
2017-02-23;4.87467;4.88867;4.58600;4.67867;7501500
2017-02-24;4.45200;4.67200;4.40600;4.67067;5176500
2017-02-27;4.68000;4.81067;4.64267;4.80533;3328500
2017-02-28;4.82667;4.82667;4.58800;4.61933;4711500
2017-03-01;4.79333;4.85333;4.65000;4.83600;4848000
2017-03-02;4.87400;4.90133;4.67200;4.68600;4126500
2017-03-03;4.69333;4.70067;4.59200;4.67733;3142500
2017-03-06;4.60267;4.71000;4.52000;4.68467;3381000
2017-03-07;4.65867;4.80800;4.61867;4.71733;4263000
2017-03-08;4.78533;4.86467;4.72067;4.75200;4267500
2017-03-09;4.73933;4.80000;4.66067;4.77467;2389500
2017-03-10;4.85867;4.97133;4.85867;4.93933;4827000
2017-03-13;4.98067;5.057333;4.95733;5.054000;4614000
2017-03-14;5.0046668;5.010667;4.88000;5.0073328;4156500
2017-03-15;5.043333;5.15400;4.95333;5.12867;4375500
2017-03-16;5.19600;5.19600;5.078000;5.10867;2938500
2017-03-17;5.15667;5.16800;5.098667;5.13667;2268000
2017-03-20;5.16400;5.30733;5.13333;5.25133;3282000
2017-03-21;5.31733;5.32600;4.85333;4.88600;8511000
2017-03-22;4.89267;5.055333;4.84467;5.042000;4558500
2017-03-23;5.040000;5.074000;4.96267;5.0033331;3840000
2017-03-24;5.21200;5.29400;5.052667;5.10867;5841000
2017-03-27;4.93933;5.17133;4.89867;5.13533;7363500
2017-03-28;5.16533;5.24200;5.090000;5.18667;4147500
2017-03-29;5.18667;5.18667;5.100000;5.14333;3456000
2017-03-30;5.13467;5.25933;5.13467;5.23133;5355000
2017-03-31;5.24400;5.30000;5.16667;5.22133;3334500
2017-04-03;5.25133;5.27333;5.026000;5.13067;4821000
2017-04-04;5.035333;5.15000;5.00066710;5.052000;3976500
2017-04-05;5.10867;5.19333;4.93333;4.94267;5608500
2017-04-06;4.93933;4.99533;4.81467;4.96133;5905500
2017-04-07;4.96333;5.071333;4.93200;5.027333;2850000
2017-04-10;5.031333;5.041333;4.87400;4.91067;3631500
2017-04-11;4.85067;4.85067;4.57067;4.79133;7803000
2017-04-12;4.76067;4.76800;4.51000;4.53867;8232000
2017-04-13;4.46933;4.65400;4.44800;4.45133;4864500
2017-04-17;4.49267;4.62667;4.49267;4.62533;5293500
2017-04-18;4.56133;4.69200;4.53000;4.68067;3120000
2017-04-19;4.79200;4.88667;4.73333;4.75733;3657000
2017-04-20;4.86133;5.0066671;4.79267;4.98533;5005500
2017-04-21;4.93667;4.94600;4.79267;4.91533;5757000
2017-04-24;5.12933;5.17333;5.062000;5.12667;7372500
2017-04-25;5.22600;5.30733;5.16200;5.28667;4311000
2017-04-26;5.26800;5.28400;5.094667;5.15067;5542500
2017-04-27;5.26133;5.39000;5.22467;5.37000;5331000
2017-04-28;5.32867;5.32867;5.050000;5.096000;7579500
2017-05-01;5.15333;5.25;5.055333;5.24467;5449500
2017-05-02;5.20000;5.20000;4.99333;5.076000;4305000
2017-05-03;5.013333;5.15400;4.99800;5.13200;2863500
2017-05-04;5.15333;5.17333;5.058667;5.11933;2571000
2017-05-05;5.15933;5.18000;5.038667;5.17400;2940000
2017-05-08;5.16133;5.19733;5.084667;5.11667;1861500
2017-05-09;5.11667;5.31067;5.11667;5.27200;4875000
2017-05-10;5.45067;5.63333;5.44800;5.60600;6981000
2017-05-11;5.56533;5.73933;5.45067;5.66267;3789000
2017-05-12;5.68467;5.73467;5.61733;5.71400;3030000
2017-05-15;5.75333;5.98800;5.73667;5.97600;3984000
2017-05-16;6.042000;6.24400;5.97600;6.24267;4143000
2017-05-17;5.99667;6.057333;5.42333;5.42333;14551500
2017-05-18;5.48000;5.77667;5.40000;5.73400;12283500
2017-05-19;5.89333;5.97933;5.87333;5.92267;6928500
2017-05-22;6.0079999;6.11867;5.99000;6.11200;5236500
2017-05-23;6.12533;6.13333;5.88800;6.041333;4482000
2017-05-24;6.14000;6.18867;6.073333;6.15400;3240000
2017-05-25;6.24067;6.31600;6.13333;6.25733;3831000
2017-05-26;6.25600;6.33667;6.11600;6.33267;4323000
2017-05-30;6.32867;6.50533;6.32600;6.45933;4041000
2017-05-31;6.59800;6.63267;6.36133;6.45733;6340500
2017-06-01;6.48600;6.52000;6.35733;6.47333;3088500
2017-06-02;6.58533;6.69667;6.44867;6.66600;5817000
2017-06-05;6.66733;6.82267;6.64667;6.72400;4200000
2017-06-06;6.63400;6.92067;6.61467;6.79067;5025000
2017-06-07;6.86867;7.016000;6.83000;6.95000;6444000
2017-06-08;7.084667;7.31933;6.92267;7.31400;7707000
2017-06-09;7.46667;7.53867;5.96267;6.39200;32179500
2017-06-12;6.12800;6.28467;5.74533;6.28467;22534500
2017-06-13;6.59667;6.60000;6.17133;6.40600;14511000
2017-06-14;6.48267;6.52733;5.99667;6.19933;11181000
2017-06-15;5.87600;6.11467;5.87000;6.050000;8821500
2017-06-16;6.068667;6.19600;5.92600;5.98000;8154000
2017-06-19;6.16533;6.35000;6.16200;6.32067;11425500
2017-06-20;6.39333;6.44400;6.10267;6.11067;8809500
2017-06-21;6.19400;6.32667;6.11667;6.31867;6385500
2017-06-22;6.35133;6.35667;6.18333;6.27133;7081500
2017-06-23;6.24733;6.43333;6.21467;6.32933;5433000
2017-06-26;6.48333;6.54067;6.066667;6.17200;11284500
2017-06-27;6.046667;6.072000;5.66667;5.67333;13833000
2017-06-28;5.79133;5.98667;5.60533;5.96333;9801000
2017-06-29;5.83867;5.88133;5.27667;5.51600;18418500
2017-06-30;5.57067;5.65467;5.35667;5.43333;8343000
2017-07-03;5.53133;5.58400;5.20000;5.20000;6811500
2017-07-05;5.26667;5.55000;5.26667;5.53000;9180000
2017-07-06;5.33800;5.59533;5.29333;5.45667;8092500
2017-07-07;5.56733;5.79200;5.50267;5.72467;7816500
2017-07-10;5.78733;5.96667;5.68533;5.93000;6774000
2017-07-11;5.91800;6.078667;5.86000;6.069333;7659000
2017-07-12;6.23333;6.39800;6.17733;6.35867;14623500
2017-07-13;6.39733;6.50800;6.24000;6.30533;13311000
2017-07-14;6.39933;6.56133;6.35267;6.55733;9894000
2017-07-17;6.60400;6.62333;6.40267;6.47333;8266500
2017-07-18;6.35600;6.53400;6.28200;6.53400;5998500
2017-07-19;6.63333;6.71400;6.57400;6.70933;6400500
2017-07-20;6.73267;6.79533;6.54933;6.76733;5653500
2017-07-21;6.61400;6.63133;6.48800;6.59400;6243000
2017-07-24;6.61200;6.61333;6.49667;6.52933;5100000
2017-07-25;6.49933;6.56600;6.31600;6.52533;6889500
2017-07-26;6.66800;6.82067;6.61600;6.72000;7546500
2017-07-27;6.79000;6.82000;6.18733;6.41667;19879500
2017-07-28;6.31867;6.42600;6.25400;6.35400;4975500
2017-07-31;6.36667;6.45267;6.15000;6.21133;6486000
2017-08-01;6.25600;6.31533;6.16000;6.31533;4021500
2017-08-02;6.41933;6.46333;6.046667;6.18067;8943000
2017-08-03;6.17533;6.22533;6.016667;6.10733;5614500
2017-08-04;6.13800;6.26000;6.062667;6.11400;3673500
2017-08-07;6.15600;6.43800;6.15533;6.43200;6843000
2017-08-08;6.42867;6.59733;6.30000;6.36467;6391500
2017-08-09;6.20133;6.32333;6.13333;6.30200;4788000
2017-08-10;6.17067;6.19733;5.76667;5.77600;10722000
2017-08-11;5.71067;5.90667;5.65733;5.87133;5586000
2017-08-14;6.080000;6.34467;6.080000;6.32600;6805500
2017-08-15;6.38600;6.40733;6.23400;6.37267;3964500
2017-08-16;6.42733;6.47800;6.30533;6.40133;4659000
2017-08-17;6.28000;6.36533;5.89133;5.89133;8376000
2017-08-18;6.0066671;6.076667;5.84600;5.94533;5275500
2017-08-21;5.96667;5.96933;5.69000;5.81800;6723000
2017-08-22;5.95933;6.13000;5.93333;6.094000;4810500
2017-08-23;5.94400;6.22133;5.88333;6.17467;4038000
2017-08-24;6.26667;6.26667;6.058667;6.16733;3655500
2017-08-25;6.21733;6.26667;6.040000;6.075333;3156000
2017-08-28;6.093333;6.14600;6.028667;6.12267;2274000
2017-08-29;5.89133;6.20667;5.88800;6.16600;3357000
2017-08-30;6.21333;6.5;6.19400;6.48000;6849000
2017-08-31;6.56333;6.69133;6.50667;6.67000;6339000
2017-09-01;6.75;6.86133;6.70133;6.75733;4966500
2017-09-05;6.62000;6.70800;6.30000;6.47133;7698000
2017-09-06;6.56133;6.59467;6.40800;6.51000;3603000
2017-09-07;6.56667;6.61400;6.45267;6.54000;2992500
2017-09-08;6.50067;6.53333;6.23333;6.29800;4530000
2017-09-11;6.46000;6.70800;6.44800;6.66733;6217500
2017-09-12;6.75600;6.81333;6.63600;6.75667;4447500
2017-09-13;6.69800;6.84000;6.63667;6.78400;3481500
2017-09-14;6.69000;6.99333;6.66733;6.87867;4311000
2017-09-15;6.93333;7.25333;6.92200;7.22733;6129000
2017-09-18;7.36133;7.65133;7.35733;7.51400;7929000
2017-09-19;7.58867;7.67133;7.43800;7.59200;4869000
2017-09-20;7.60933;7.60933;6.97800;7.27200;12088500
2017-09-21;7.25467;7.26400;6.99133;7.18333;4734000
2017-09-22;7.085333;7.31800;7.067333;7.28600;3871500
2017-09-25;7.17267;7.18533;6.76333;6.86200;10708500
2017-09-26;7.082000;7.097333;6.77533;6.85000;7134000
2017-09-27;7.067333;7.41067;7.048667;7.33000;7663500
2017-09-28;7.31067;7.49533;7.24333;7.49467;4728000
2017-09-29;7.54533;7.70200;7.46267;7.68400;6090000
2017-10-02;7.75200;7.92867;7.65933;7.81733;6615000
2017-10-03;7.86600;7.95933;7.77867;7.89467;4030500
2017-10-04;7.86667;7.94667;7.72600;7.94667;4509000
2017-10-05;8.034000;8.062667;7.83267;7.96333;4539000
2017-10-06;7.83333;8.066667;7.83333;8.066667;2910000
2017-10-09;8.14933;8.26667;8.12733;8.23533;4219500
2017-10-10;8.43200;8.43733;8.13933;8.39533;5818500
2017-10-11;8.30800;8.56400;8.30000;8.56000;4752000
2017-10-12;8.53333;8.64667;8.45333;8.47333;4723500
2017-10-13;8.54867;8.72333;8.52200;8.64000;4167000
2017-10-16;8.73333;8.76533;8.58333;8.76400;4827000
2017-10-17;8.75800;8.75933;8.60467;8.74467;2974500
2017-10-18;8.79000;8.87067;8.47800;8.83067;6814500
2017-10-19;8.59667;8.75933;8.34400;8.75333;7495500
2017-10-20;8.92333;9.017333;8.84667;8.87933;4353000
2017-10-23;9.0059996;9.16533;8.88533;9.022000;7243500
2017-10-24;9.096667;9.23667;8.98200;9.20600;5085000
2017-10-25;9.034000;9.13000;8.56867;8.84667;12625500
2017-10-26;8.89200;9.053333;8.85667;9.0053329;5766000
2017-10-27;9.23333;9.59933;9.061333;9.55733;9070500
2017-10-30;9.23333;9.76133;9.23333;9.64733;7716000
2017-10-31;9.73333;9.95600;9.63867;9.86400;5248500
2017-11-01;10.11133;10.12000;9.50667;9.77200;7902000
2017-11-02;9.78400;9.98000;9.58133;9.90133;6831000
2017-11-03;10.0086670;10.43267;9.80333;10.42933;11805000
2017-11-06;10.69800;10.88333;10.5;10.87333;10276500
2017-11-07;10.82933;10.91067;10.61733;10.84333;8470500
2017-11-08;10.76667;10.97000;10.67600;10.95267;5565000
2017-11-09;10.63133;10.66067;9.88933;10.28600;17956500
2017-11-10;10.36733;10.51067;10.29267;10.48133;6489000
2017-11-13;10.32067;10.61267;10.26667;10.56667;5070000
2017-11-14;10.48867;10.63467;10.30133;10.53733;6117000
2017-11-15;10.26133;10.39600;10;10.25800;8970000
2017-11-16;10.40000;10.84667;10.40000;10.72000;7363500
2017-11-17;10.87867;10.91267;10.52667;10.57800;6295500
2017-11-20;10.66800;11.0073328;10.66133;10.95133;6471000
2017-11-21;11.20000;11.37067;11.098667;11.34400;9874500
2017-11-22;11.44267;11.45333;11.072000;11.12267;6756000
2017-11-24;11.21733;11.44267;11.21333;11.42000;6757500
2017-11-27;11.21600;11.21667;10.93333;10.99000;10698000
2017-11-28;11.10467;11.12467;10.79333;10.98000;9736500
2017-11-29;10.91667;10.93733;9.22267;9.53667;36519000
2017-11-30;9.86333;9.99333;9.52067;9.71333;14869500
2017-12-01;9.41933;9.55333;8.66667;9.38067;19072500
2017-12-04;9.70667;9.73000;8.51667;8.70000;23742000
2017-12-05;8.59800;9.19933;8.33800;8.71133;16374000
2017-12-06;8.46800;8.84467;8.35267;8.79933;10795500
2017-12-07;9.010667;9.13933;8.88400;9.056667;9966000
2017-12-08;9.34333;9.38533;8.89467;8.91667;9871500
2017-12-11;8.96000;9.14867;8.87667;9.072000;5599500
2017-12-12;9;9;8.77400;8.80000;5977500
2017-12-13;8.88467;9.042667;8.78067;8.79867;4125000
2017-12-14;8.78733;8.94933;8.70800;8.77867;5094000
2017-12-15;8.86667;9.25;8.76667;9.16933;10255500
2017-12-18;9.51667;9.79333;9.37867;9.78733;15397500
2017-12-19;9.74133;9.84400;9.57733;9.74400;8127000
2017-12-20;10.017333;10.083333;9.68667;9.94800;8721000
2017-12-21;10.0080004;10.0080004;9.58400;9.62600;6909000
2017-12-22;9.47467;9.61800;9.40067;9.60067;3942000
2017-12-26;9.26667;9.34200;9.073333;9.32333;4524000
2017-12-27;9.27067;9.55800;9.26733;9.41733;2980500
2017-12-28;9.53200;9.56133;9.43400;9.47733;3168000
2017-12-29;9.50333;9.53733;9.19200;9.19333;4132500
2018-01-02;9.35000;9.95133;9.30400;9.95133;9237000
2018-01-03;10.050667;10.46400;10.028000;10.44667;9871500
2018-01-04;10.66400;10.73867;10.36867;10.63000;8502000
2018-01-05;10.74600;10.93800;10.57733;10.82200;7713000
2018-01-08;10.81067;11.16667;10.72333;11.065333;6538500
2018-01-09;11.12000;11.12733;10.69067;10.74733;9009000
2018-01-10;10.37800;10.49667;10.097333;10.35000;13269000
2018-01-11;10.47933;10.54733;10.31800;10.53333;5524500
2018-01-12;10.52867;10.76533;10.44067;10.69667;5019000
2018-01-16;10.93733;11.18133;10.61067;10.81133;9804000
2018-01-17;11.091333;11.79267;11.053333;11.74133;11496000
2018-01-18;11.65667;12.083333;11.63000;11.90867;9171000
2018-01-19;12.048000;12.10200;11.71600;11.94067;9315000
2018-01-22;11.98800;12.21733;11.81000;12.21733;5620500
2018-01-23;12.37333;12.49600;12.23400;12.49467;6738000
2018-01-24;12.13867;12.23600;11.37067;11.63467;18628500
2018-01-25;12.080000;12.095333;11.028667;11.029333;13167000
2018-01-26;11.46667;12.083333;11.40000;12.075333;12733500
2018-01-29;11.91600;12.27733;11.59133;12.036667;9184500
2018-01-30;11.40667;11.71867;11.26800;11.30400;11923500
2018-01-31;11.68333;11.83067;11.39200;11.59400;6891000
2018-02-01;11.26667;11.92733;11.20667;11.42267;6895500
2018-02-02;11.069333;11.16000;10.46667;10.46867;13788000
2018-02-05;10.20000;10.72267;8.93333;9.068000;16929000
2018-02-06;8.52667;10.022000;8.51867;10;20614500
2018-02-07;9.86000;10.050667;9.33333;9.33467;12523500
2018-02-08;9.50067;9.52800;8.13467;8.15333;17155500
2018-02-09;8.75733;9.036000;7.82067;8.89600;20676000
2018-02-12;9.14400;9.54067;8.95000;9.36533;14100000
2018-02-13;9.12533;9.39600;9.088000;9.35133;7440000
2018-02-14;9.13333;10.034667;9.13333;9.97933;11127000
2018-02-15;10.25467;10.34800;9.63333;10.34800;12339000
2018-02-16;10.15733;10.60467;10.15200;10.23067;7677000
2018-02-20;10.10000;11.052667;10.089333;10.76067;11586000
2018-02-21;10.95400;10.96800;10.37600;10.39600;9901500
2018-02-22;10.52333;10.63867;10.22467;10.31867;5809500
2018-02-23;10.58733;10.98867;10.55667;10.98867;8178000
2018-02-26;11.23333;11.70000;11.14067;11.68800;8653500
2018-02-27;11.64733;12.17000;11.57267;11.58000;10837500
2018-02-28;11.80000;11.93000;11.23133;11.26133;10170000
2018-03-01;11.28200;11.40267;10.33333;10.71800;14397000
2018-03-02;10.25800;11.33133;10.25800;11.27200;9610500
2018-03-05;11.10533;11.74000;10.93333;11.57933;8790000
2018-03-06;11.85333;12.19067;11.71667;12.10267;12933000
2018-03-07;11.75067;12.25667;11.73333;12.19800;9990000
2018-03-08;12.33333;12.44733;12.026667;12.25;8625000
2018-03-09;12.46133;13.016667;12.43933;13.013333;12120000
2018-03-12;13.28000;13.62800;13.16667;13.41867;12079500
2018-03-13;13.66533;13.93333;12.61133;12.79200;22048500
2018-03-14;12.94933;12.98000;12.43400;12.78667;13102500
2018-03-15;12.88600;13.012667;12.55600;12.74933;7572000
2018-03-16;12.80600;12.96400;12.68200;12.73933;4693500
2018-03-19;12.40800;12.54467;11.46867;12.0013332;17712000
2018-03-20;12.066667;12.38600;12.017333;12.28200;8823000
2018-03-21;12.19600;12.82267;12.080000;12.36533;9939000
2018-03-22;11.78200;12.14667;11.33200;11.35000;15714000
2018-03-23;11.28467;11.35867;10.21467;10.21467;16557000
2018-03-26;10.98067;11.50733;10.53467;11.49933;18847500
2018-03-27;11.84000;11.85133;9.93400;10.21733;23146500
2018-03-28;10.092667;10.30267;9.42133;9.56933;20061000
2018-03-29;9.78867;10.45533;9.54333;10.18800;17752500
2018-04-02;9.88000;10.13333;8.72400;9.0080004;19338000
2018-04-03;9.39267;9.58600;9.042667;9.52400;15993000
2018-04-04;8.70733;9.96067;8.68333;9.88733;16759500
2018-04-05;10.093333;10.12867;9.37400;9.58333;13840500
2018-04-06;9.17067;9.49933;8.58867;8.70867;13326000
2018-04-09;9.046000;9.62333;8.85400;8.86800;16462500
2018-04-10;9.49800;9.87000;9.30267;9.72067;18669000
2018-04-11;9.57467;9.98067;9.47667;9.72467;10633500
2018-04-12;9.98933;10.35867;9.90867;10.27867;13927500
2018-04-13;10.65733;10.67733;9.91667;10.037333;14283000
2018-04-16;10.22800;10.25467;9.84467;10.10200;8299500
2018-04-17;10.29667;10.73733;10.26667;10.67133;12387000
2018-04-18;10.46733;10.52533;10.046667;10.34067;12802500
2018-04-19;9.79733;9.80000;8.90667;9.0053329;33981000
2018-04-20;9;9.13333;8.55933;8.68200;16249500
2018-04-23;8.81533;8.83867;8.26667;8.33267;16278000
2018-04-24;8.54467;8.78333;7.90600;8.13000;21633000
2018-04-25;8.25200;8.28133;7.71067;8.10133;20535000
2018-04-26;8.46133;8.61733;8.32333;8.59600;17655000
2018-04-27;8.90400;8.93200;8.28533;8.40600;13656000
2018-04-30;8.40000;8.55333;8.022667;8.12733;11466000
2018-05-01;8.066667;8.55667;8.047333;8.52933;13552500
2018-05-02;8.53133;8.63400;8.30933;8.41200;10189500
2018-05-03;8.20000;8.67333;8.014667;8.56400;15442500
2018-05-04;8.38133;9.21000;8.30933;9.18133;19219500
2018-05-07;9.33533;9.56000;9.27533;9.43267;14211000
2018-05-08;9.33067;9.63333;9.29467;9.63333;10398000
2018-05-09;9.71933;10.051333;9.63067;10.049333;12400500
2018-05-10;10.17400;10.58600;10.17400;10.58600;12277500
2018-05-11;10.37800;10.63333;10.27533;10.33333;11790000
2018-05-14;10.71600;11.088667;10.66467;10.74000;13374000
2018-05-15;10.49133;10.60000;10.13733;10.36000;10774500
2018-05-16;10.39067;10.82600;10.39067;10.77800;10854000
2018-05-17;10.65800;10.93267;10.42067;10.65200;8755500
2018-05-18;10.39267;10.43200;10.094667;10.20400;9588000
2018-05-21;10.67000;10.82533;10.24000;10.52267;13068000
2018-05-22;10.80400;10.93000;10.57400;10.70000;12891000
2018-05-23;10.39933;10.87267;10.30667;10.87133;9612000
2018-05-24;10.84400;11.063333;10.58000;10.98400;10362000
2018-05-25;10.96667;11.28200;10.90867;11.25467;9672000
2018-05-29;11.050667;11.33333;10.81000;11.039333;10375500
2018-05-30;11.19333;11.50133;11.094667;11.25800;12159000
2018-05-31;11.18133;11.35400;10.95667;11.014000;9567000
2018-06-01;11.25867;11.75733;11.17667;11.75200;17115000
2018-06-04;11.86667;12.079333;11.71800;12.039333;11950500
2018-06-05;12.13333;12.31200;11.99667;12.19933;9339000
2018-06-06;12.22400;12.43867;12.066667;12.43467;8950500
2018-06-07;12.46600;12.51933;11.83600;12.10467;9597000
2018-06-08;11.67333;11.85200;11.48067;11.78533;9820500
2018-06-11;11.70733;11.89267;11.58667;11.69800;6118500
2018-06-12;11.77800;11.91000;11.57867;11.87733;7593000
2018-06-13;11.87933;12.20933;11.79933;11.83667;8608500
2018-06-14;12.016000;12.22133;11.83400;12.039333;8094000
2018-06-15;11.73933;12.039333;11.68333;12.016000;10308000
2018-06-18;11.73333;11.73333;11.32067;11.64667;12819000
2018-06-19;11.13333;11.25333;10.72333;11.23933;14991000
2018-06-20;11.51000;11.58067;11.26667;11.41600;7033500
2018-06-21;11.65133;11.65867;10.94400;10.98800;9858000
2018-06-22;11.13000;11.18800;10.65600;10.73333;5146500
2018-06-25;10.33333;10.35067;9.38067;9.78533;16000500
2018-06-26;9.93600;10.031333;9.73333;9.88800;7869000
2018-06-27;10.034000;10.12733;9.15600;9.16067;12337500
2018-06-28;9.11067;9.44200;9.054000;9.39200;10029000
2018-06-29;9.60333;9.77733;9.43333;9.43333;8799000
2018-07-02;9.18533;9.61600;8.97933;9.60733;8422500
2018-07-03;9.69733;9.76467;9.049333;9.064000;7272000
2018-07-05;9.37800;9.80800;9.34933;9.79733;10789500
2018-07-06;9.75600;10.20733;9.63867;10.16733;14602500
2018-07-09;10.47667;10.47667;9.99200;10.35733;10915500
2018-07-10;10.40000;10.75267;10.36400;10.68133;11608500
2018-07-11;10.14667;10.35333;9.83400;9.85200;16504500
2018-07-12;9.81333;10.097333;9.58400;10.063333;13414500
2018-07-13;10.080000;10.11867;9.88467;9.93467;6973500
2018-07-16;9.94800;10.095333;9.87333;9.89400;6094500
2018-07-17;9.68867;10.33333;9.65867;10.33267;10303500
2018-07-18;10.45333;10.61533;10.35000;10.55600;9042000
2018-07-19;10.42667;10.61467;10.27000;10.47867;7416000
2018-07-20;10.39333;10.51133;10.16667;10.32533;6780000
2018-07-23;10.20067;10.42133;9.76933;10.36867;8800500
2018-07-24;10.54267;10.72000;9.99000;10.034000;10236000
2018-07-25;9.98667;10.19133;9.62867;10.19133;14748000
2018-07-26;10.36667;10.75867;10.35600;10.74533;16359000
2018-07-27;10.76667;11.045333;10.35400;10.59067;12807000
2018-07-30;10.57000;10.67600;10.12600;10.28933;10194000
2018-07-31;10.46733;10.90467;10.42067;10.48133;7806000
2018-08-01;10.55267;10.76467;10.30600;10.42400;6054000
2018-08-02;10.15467;10.78333;10.046667;10.74733;7603500
2018-08-03;10.75067;10.84000;10.60000;10.80000;4069500
2018-08-06;10.75533;10.99867;10.56600;10.99467;5463000
2018-08-07;11.11533;11.28267;11.021333;11.26400;5655000
2018-08-08;11.20800;11.40067;11.12400;11.35000;4932000
2018-08-09;11.21533;11.22333;10.98533;10.99867;6726000
2018-08-10;10.38267;10.46067;10.024667;10.17000;16897500
2018-08-13;10.22267;10.49067;10.18667;10.21000;9745500
2018-08-14;10.39333;10.45600;10.13133;10.17933;5463000
2018-08-15;9.96067;10.026000;9.43333;9.76000;12493500
2018-08-16;9.96867;9.98800;9.62000;9.69200;8014500
2018-08-17;9.40733;9.54933;9.053333;9.47067;12708000
2018-08-20;9.53333;9.61600;9.12800;9.44867;8164500
2018-08-21;9.56000;10.074000;9.51733;10.0080004;10276500
2018-08-22;9.91667;10.17267;9.74533;10.13933;8587500
2018-08-23;10.13733;10.39667;10.092000;10.17400;7741500
2018-08-24;10.29600;10.61933;10.29333;10.61133;8875500
2018-08-27;10.82000;11.35000;10.77933;11.10867;16623000
2018-08-28;11.25867;11.37333;10.91067;11.23733;11250000
2018-08-29;11.23600;11.42000;11.11533;11.33067;7524000
2018-08-30;11.22333;11.37533;10.97200;11.012000;9526500
2018-08-31;10.93333;11.24200;10.93333;11.20000;4807500
2018-09-04;11.051333;11.48133;10.99000;11.45733;8767500
2018-09-05;11.40000;11.52600;11.0013332;11.29267;6303000
2018-09-06;11.19200;11.20600;10.35867;10.38667;13224000
2018-09-07;10.26667;10.71667;10.18333;10.26067;8241000
2018-09-10;10.51267;10.59667;10.29467;10.59533;5392500
2018-09-11;10.41733;10.50533;10.11067;10.27867;8391000
2018-09-12;9.93733;9.93733;9.25333;9.92600;19008000
2018-09-13;10.23867;10.63933;10.14867;10.27533;13285500
2018-09-14;10.45333;10.72000;10.34533;10.60867;9342000
2018-09-17;10.41733;10.56667;10.10933;10.13333;6747000
2018-09-18;10.27400;10.60000;10.27400;10.41800;6496500
2018-09-19;10.41333;10.60667;10.32733;10.47733;4318500
2018-09-20;10.64467;10.96733;10.64467;10.83800;9111000
2018-09-21;10.83533;10.98667;10.65867;10.74067;5826000
2018-09-24;10.48267;10.87133;10.41067;10.85467;5310000
2018-09-25;10.71867;10.74733;10.22067;10.28467;10809000
2018-09-26;10.18000;10.34933;9.96200;9.99467;5340000
2018-09-27;10.073333;10.22000;9.99067;10.12400;3802500
2018-09-28;10.054667;10.39400;9.98533;10.30733;7743000
2018-10-01;10.39267;10.65000;10.31467;10.39333;6400500
2018-10-02;10.32467;10.81667;10.30733;10.41000;8142000
2018-10-03;10.54067;10.63000;10.13333;10.42733;7701000
2018-10-04;10.24000;10.26667;9.60000;9.86667;15123000
2018-10-05;9.76067;9.89733;8.89733;9.17000;22242000
2018-10-08;9;9.18667;8.61333;8.84467;12891000
2018-10-09;8.77800;8.95400;8.65667;8.83733;7024500
2018-10-10;8.50667;8.50800;7.65333;7.66467;26956500
2018-10-11;7.64667;8.10533;7.24667;7.42067;20209500
2018-10-12;8.040667;8.15533;7.5;7.83400;13690500
2018-10-15;7.72400;7.88000;7.53400;7.62467;8487000
2018-10-16;7.91333;8.40267;7.84867;8.37133;10891500
2018-10-17;8.53267;8.60533;8.093333;8.26533;9156000
2018-10-18;8.16133;8.16667;7.55533;7.64667;15177000
2018-10-19;7.80200;7.91800;7.20000;7.28600;14745000
2018-10-22;7.43333;7.55867;7.22933;7.42800;8202000
2018-10-23;6.84333;7.43333;6.61067;7.30867;20764500
2018-10-24;6.94400;6.96667;5.83333;5.86333;29644500
2018-10-25;6.00066710;6.40267;5.96000;6.26200;15933000
2018-10-26;5.83933;6.25333;5.62533;5.92867;19084500
2018-10-29;6.26733;6.36933;5.41600;5.75400;15058500
2018-10-30;5.72133;6.47733;5.69267;6.47000;18321000
2018-10-31;6.76667;6.85333;6.52267;6.70267;14517000
2018-11-01;6.79467;7.69200;6.78933;7.62533;19780500
2018-11-02;7.61800;7.67933;7.0079999;7.28333;18301500
2018-11-05;7.24667;7.26267;6.73867;7.096000;12534000
2018-11-06;7.047333;7.42400;7.047333;7.35333;7428000
2018-11-07;7.65733;7.67467;7.34467;7.61733;13149000
2018-11-08;7.39933;7.68067;7.30400;7.51733;8494500
2018-11-09;7.20000;7.27667;6.90200;7.098000;8788500
2018-11-12;6.75533;6.75800;6.073333;6.16800;15409500
2018-11-13;6.26733;6.77133;6.26733;6.39600;10953000
2018-11-14;6.63267;6.77133;6.29733;6.47067;10629000
2018-11-15;6.39867;7.20000;6.36667;7.12533;14431500
2018-11-16;6.39000;6.96333;6.35067;6.87067;12009000
2018-11-19;6.70267;6.83733;6.063333;6.071333;13630500
2018-11-20;5.57267;6.34533;5.55667;6.100000;21753000
2018-11-21;6.31933;6.44600;6.16200;6.17267;10492500
2018-11-23;6.066667;6.33333;6;6.17000;5686500
2018-11-26;6.43333;6.52133;6.24267;6.51867;10636500
2018-11-27;6.40600;6.71333;6.31267;6.56067;7797000
2018-11-28;6.75733;7.012000;6.38067;7.011333;11701500
2018-11-29;6.91067;7.051333;6.79267;6.84467;6813000
2018-11-30;6.86267;7.14000;6.63667;7.12600;9060000
2018-12-03;7.79733;7.86133;7.48000;7.70200;18288000
2018-12-04;7.52333;7.55200;6.56667;6.57867;18252000
2018-12-06;6.038667;6.47067;5.94000;6.47067;21013500
2018-12-07;6.42733;6.47333;5.65733;5.74600;19045500
2018-12-10;5.71533;6.052000;5.65800;5.98933;14008500
2018-12-11;6.27067;6.51000;5.98933;6.095333;23953500
2018-12-12;6.38733;6.62733;6.22867;6.36533;17592000
2018-12-13;6.48467;6.57467;6.22400;6.29467;13446000
2018-12-14;6.083333;6.41000;6.022000;6.026000;10413000
2018-12-17;5.96667;6.27533;5.69133;5.80000;15946500
2018-12-18;5.94600;6.30533;5.94467;6.029333;13204500
2018-12-19;5.97133;6.12667;5.18133;5.26733;29062500
2018-12-20;5.24067;5.50667;4.93600;5.13267;19387500
2018-12-21;5.23200;5.41467;4.83800;4.89733;19287000
2018-12-24;4.76867;4.92333;4.46667;4.47200;13795500
2018-12-26;4.65267;5.24467;4.42533;5.24067;17737500
2018-12-27;4.95667;5.34133;4.80333;5.33867;12370500
2018-12-28;5.45467;5.74667;5.31400;5.45133;17269500
2018-12-31;5.63800;5.69133;5.39067;5.55467;12660000
2019-01-02;5.18067;5.82200;5.17400;5.70200;13147500
2019-01-03;5.31533;5.38867;4.67267;4.68867;28599000
2019-01-04;4.92200;5.35667;4.88667;5.29467;17604000
2019-01-07;5.39867;5.75400;5.28067;5.60533;16641000
2019-01-08;5.77533;5.78267;5.29867;5.51933;14445000
2019-01-09;5.67800;6.022000;5.67267;5.94600;17928000
2019-01-10;5.76067;6.13733;5.75733;6.11333;12975000
2019-01-11;6.018667;6.45133;5.96667;6.28400;12399000
2019-01-14;6.050000;6.11800;5.89067;5.98667;10731000
2019-01-15;6.028667;6.24333;5.95200;6.026000;14590500
2019-01-16;6.100000;6.17933;5.87067;5.87867;10257000
2019-01-17;5.79400;6.17600;5.65467;6.082000;15876000
2019-01-18;6.26333;6.61600;6.16133;6.49933;15720000
2019-01-22;6.31533;6.32200;5.81333;5.95267;18655500
2019-01-23;6.067333;6.12600;5.66067;5.82867;15681000
2019-01-24;6.19267;6.90000;6.19267;6.82533;32491500
2019-01-25;6.89467;7.34200;6.76667;7.26133;17100000
2019-01-28;6.45333;6.99467;6.40733;6.81867;14305500
2019-01-29;6.85733;6.90667;6.49667;6.52400;9061500
2019-01-30;6.87600;7.16667;6.65667;7.090000;14400000
2019-01-31;7.066000;7.27400;6.90000;7.095333;10894500
2019-02-01;7.10667;7.44067;7.10667;7.34333;10723500
2019-02-04;7.36000;7.45533;7.16667;7.45400;4450500
2019-02-05;7.46667;7.65667;7.40933;7.55800;9172500
2019-02-06;7.83333;8.33667;7.82600;8.16533;17931000
2019-02-07;7.86667;7.96733;7.42267;7.62000;18687000
2019-02-08;7.27333;7.62467;7.18467;7.58867;10705500
2019-02-11;7.70600;7.74867;7.49067;7.69733;8164500
2019-02-12;7.98667;8.23533;7.93733;8.18267;13083000
2019-02-13;8.33200;8.44200;8.17467;8.25400;12480000
2019-02-14;8.13600;8.5;8.13600;8.31867;11575500
2019-02-15;8.53267;8.57733;8.29467;8.45333;10102500
2019-02-19;8.30467;8.57467;8.30067;8.39867;7548000
2019-02-20;8.47200;8.77933;8.46933;8.63000;9694500
2019-02-21;8.65267;8.69333;8.35933;8.44000;11476500
2019-02-22;8.64267;8.73400;8.52533;8.70333;12757500
2019-02-25;9.13400;9.22067;8.89933;8.92200;12519000
2019-02-26;8.82933;8.94933;8.66333;8.73733;8319000
2019-02-27;8.61467;8.61467;8.15067;8.42867;15036000
2019-02-28;8.32400;8.51733;8.24000;8.44933;7447500
2019-03-01;8.70267;8.78200;8.40067;8.67000;10362000
2019-03-04;8.86467;8.92733;8.34867;8.67400;14767500
2019-03-05;8.65133;8.71067;8.44800;8.55000;7974000
2019-03-06;8.52400;8.55600;8.12000;8.13200;14940000
2019-03-07;8;8.040667;7.71133;7.85533;15607500
2019-03-08;7.44267;7.86200;7.38000;7.84267;12711000
2019-03-11;7.98867;8.51267;7.94667;8.40200;12825000
2019-03-12;8.45800;8.63267;8.25533;8.5;10372500
2019-03-13;8.63533;8.80267;8.56667;8.60400;8331000
2019-03-14;8.61000;8.72600;8.44200;8.45733;6633000
2019-03-15;8.76533;9.38467;8.72000;9.18600;22909500
2019-03-18;9.24400;9.38467;8.96200;9.12600;10273500
2019-03-19;9.36267;9.55933;9.31733;9.47867;13689000
2019-03-20;9.46600;9.62867;9.034667;9.20867;13167000
2019-03-21;9.23667;10.34867;9.23667;10.16333;21321000
2019-03-22;10.011333;10.074000;9.27333;9.29867;18607500
2019-03-25;9.14467;9.35333;8.72133;8.94400;23959500
2019-03-26;9.31933;9.45067;9.0026674;9.21600;17310000
2019-03-27;9.23333;9.31733;8.60933;8.81200;19968000
2019-03-28;8.89067;9.092000;8.58733;8.76600;11520000
2019-03-29;9.074000;9.21533;8.99867;9.16933;12793500
2019-04-01;9.57733;9.86933;9.45600;9.84467;18229500
2019-04-02;9.82933;9.94867;9.69600;9.87600;8290500
2019-04-03;10.23667;10.80867;10.21400;10.54867;30327000
2019-04-04;10.43600;10.79533;10.43133;10.58867;14100000
2019-04-05;10.79267;10.84733;10.60067;10.83067;7863000
2019-04-08;10.68333;10.93333;10.61667;10.90867;7659000
2019-04-09;10.73333;10.73333;10.39333;10.54067;16965000
2019-04-10;10.53933;10.90000;10.52000;10.81133;13528500
2019-04-11;10.86667;11.0053329;10.68000;10.78467;9259500
2019-04-12;11.093333;11.23933;10.97467;11.23333;12208500
2019-04-15;11.22933;11.26667;10.79600;10.99400;9196500
2019-04-16;11.19933;12.047333;11.17267;12.041333;19468500
2019-04-17;12.73333;13.062667;12.30267;12.58933;16183500
2019-04-18;12.60133;12.72400;12.42133;12.61333;9463500
2019-04-22;12.43333;12.70267;12.29333;12.61867;4671000
2019-04-23;12.77800;13.12067;12.69467;12.99733;8796000
2019-04-24;12.96733;13.76200;12.96733;13.37400;11011500
2019-04-25;13.26267;13.26267;12.30133;12.64600;12978000
2019-04-26;11.92867;12.33333;11.54200;12.32933;13794000
2019-04-29;12.37133;12.41600;12.10200;12.26467;4995000
2019-04-30;12.20933;12.62067;12.18933;12.53667;6696000
2019-05-01;12.93400;13.10667;12.20933;12.22933;12915000
2019-05-02;12.16533;13.020000;12.13667;12.63667;13312500
2019-05-03;12.86333;12.90800;12.45067;12.89000;8863500
2019-05-06;11.60600;12.28467;11.48133;12.25667;17829000
2019-05-07;11.80133;11.85933;10.96000;11.36200;24256500
2019-05-08;11.12533;11.60000;11.024000;11.089333;12007500
2019-05-09;10.56667;10.84800;9.95533;10.69467;18993000
2019-05-10;10.47933;10.92333;9.97400;10.72600;20788500
2019-05-13;9.66267;9.85867;9.079333;9.21200;24391500
2019-05-14;9.55333;10.0073328;9.42533;9.87133;17139000
2019-05-15;9.52200;10.31133;9.51333;10.11333;14703000
2019-05-16;9.66667;9.93533;9.41733;9.60000;21981000
2019-05-17;9.15533;9.71533;8.91800;9.032667;24265500
2019-05-20;8.22400;8.37333;7.78000;7.95000;26760000
2019-05-21;8.46667;8.57533;8.24533;8.45000;19236000
2019-05-22;7.98200;8.17867;7.83600;7.92133;15225000
2019-05-23;7.47133;7.55467;7.15467;7.52067;20860500
2019-05-24;7.71267;7.80667;7.31067;7.32533;13459500
2019-05-28;7.45733;7.53333;7.095333;7.12600;13249500
2019-05-29;6.95067;7.32267;6.90333;7.22267;20284500
2019-05-30;7.29600;7.57200;7.22667;7.38733;19113000
2019-05-31;7.11200;7.43067;7.048000;7.066667;18478500
2019-06-03;7.33200;7.53333;7.010000;7.13467;23410500
2019-06-04;7.53333;8.055333;7.32667;8.040000;32151000
2019-06-05;8.30467;8.31067;7.56933;7.88000;25533000
2019-06-06;7.87733;8.29200;7.82667;8.20733;14176500
2019-06-07;8.26533;8.53867;8.22733;8.46467;14091000
2019-06-10;8.85133;9.42400;8.78733;9.12467;21726000
2019-06-11;9.63800;9.66667;8.99400;9.19333;18606000
2019-06-12;8.92200;8.94667;8.51733;8.54467;11925000
2019-06-13;8.76867;8.80333;8.5;8.70667;11455500
2019-06-14;7.93333;8.14333;7.85200;8.016667;14856000
2019-06-17;8.033333;8.11067;7.83867;7.85533;8601000
2019-06-18;8.14467;9.040000;8.094000;8.88000;26061000
2019-06-19;9.026667;9.081333;8.75533;8.89733;13185000
2019-06-20;9.47133;9.55267;9.010667;9.14400;19162500
2019-06-21;9.010667;9.24667;8.92400;8.95533;12225000
2019-06-24;9.014000;9.13333;8.92733;9.014667;9433500
2019-06-25;9.025333;9.17067;8.58733;8.61933;12205500
2019-06-26;9.18867;9.59400;9.14200;9.42933;19284000
2019-06-27;9.60333;10.0013332;9.60333;9.84533;13567500
2019-06-28;10.12600;10.15733;9.82467;9.88600;11226000
2019-07-01;11.18000;11.44000;10.44000;10.68600;21082500
2019-07-02;10.56000;10.56000;10.10333;10.23800;12142500
2019-07-03;10.27733;10.27733;9.87667;10.078667;9478500
2019-07-05;9.75;9.95133;9.58867;9.91800;9699000
2019-07-08;9.64467;9.77867;9.51667;9.67800;8194500
2019-07-09;9.53600;9.92867;9.45867;9.90133;9168000
2019-07-10;10.23067;10.53067;10.059333;10.10933;16626000
2019-07-11;10.26000;10.31133;10.0073328;10.18600;8664000
2019-07-12;10.29533;10.77867;10.26867;10.76800;12400500
2019-07-15;10.93333;11.16667;10.83333;11.018667;8479500
2019-07-16;10.85933;10.93267;10.49933;10.66200;9934500
2019-07-17;10.89600;10.92533;10.65133;10.75133;7201500
2019-07-18;10.79600;11.30267;10.77467;11.24400;13081500
2019-07-19;11.39600;11.5;11.15067;11.16933;9180000
2019-07-22;11.36467;11.88000;11.34000;11.82333;13075500
2019-07-23;12.070000;12.27333;11.87400;12.27333;10419000
2019-07-24;12.53333;13.47400;12.51267;13.39200;23553000
2019-07-25;13.14333;13.14667;12.61000;12.71267;14809500
2019-07-26;12.96933;12.99067;12.68533;12.70333;8842500
2019-07-29;12.60000;12.86333;12.32200;12.80133;7939500
2019-07-30;12.45600;12.80467;12.32267;12.71467;5961000
2019-07-31;12.51067;12.51067;11.10933;11.48667;21309000
2019-08-01;11.36400;12.31267;10.50667;10.79733;25618500
2019-08-02;10.45333;10.73600;10.033333;10.29133;16612500
2019-08-05;9.38667;9.43000;8.70200;8.94667;22728000
2019-08-06;9.41733;9.66600;9.0059996;9.30600;20334000
2019-08-07;8.88733;9.57133;8.86667;9.50200;19701000
2019-08-08;9.79133;10.27867;9.55933;10.27867;18787500
2019-08-09;9.94733;10.070667;9.50600;9.70400;17550000
2019-08-12;9.46333;9.70400;9.20267;9.35600;12654000
2019-08-13;9.32000;10.41133;9.13400;10.18200;19845000
2019-08-14;9.48000;9.72133;9.074667;9.22733;27957000
2019-08-15;9.47333;9.47333;8.92867;9.15133;14976000
2019-08-16;9.54533;9.97733;9.48000;9.90000;16189500
2019-08-19;10.59133;10.71467;10.31333;10.46867;15972000
2019-08-20;10.39333;10.52467;10.13600;10.30267;8716500
2019-08-21;10.63333;10.73333;10.43200;10.59467;9754500
2019-08-22;10.65333;10.75533;10.24600;10.58333;9760500
2019-08-23;10.17333;10.43667;9.10667;9.21200;31515000
2019-08-26;9.66867;9.68600;9.32533;9.44000;11319000
2019-08-27;9.67667;9.76667;9.18000;9.34133;11251500
2019-08-28;9.19467;9.55267;9.00066662;9.51267;10600500
2019-08-29;9.93333;10.34800;9.93333;10.15667;18906000
2019-08-30;10.44067;10.59867;10.17000;10.33000;10582500
2019-09-03;10.00066662;10.10267;9.62400;9.79267;12528000
2019-09-04;10.26600;10.60733;10.25133;10.59333;19119000
2019-09-05;11.27000;11.95067;11.22600;11.58267;17769000
2019-09-06;11.64000;11.75333;11.40067;11.62933;7131000
2019-09-09;11.85333;12.084667;11.64667;11.79267;9319500
2019-09-10;11.60800;11.94800;11.37400;11.94800;7002000
2019-09-11;12.11933;12.48333;11.90000;12.48333;9793500
2019-09-12;12.80067;12.93800;12.33400;12.59333;11793000
2019-09-13;12.59733;12.70333;12.28067;12.47933;6118500
2019-09-16;12.13333;12.39333;11.88800;12.22533;6535500
2019-09-17;12.14333;12.35933;11.93400;12.33667;5451000
2019-09-18;12.29200;12.37467;11.83400;12.36067;8751000
2019-09-19;12.47200;12.55667;12.11733;12.17267;7227000
2019-09-20;12.32000;12.32000;11.33333;11.49400;11719500
2019-09-23;11.42600;12.032667;11.42600;11.84533;8188500
2019-09-24;12.092000;12.10467;11.068667;11.25200;18163500
2019-09-25;11.067333;11.93867;10.79533;11.82733;11985000
2019-09-26;11.83867;11.96667;11.51133;11.86467;10096500
2019-09-27;11.60733;11.73800;10.74933;11;17278500
2019-09-30;11.20000;11.38267;11.017333;11.34800;7299000
2019-10-01;11.57333;11.98667;10.91067;11.037333;14653500
2019-10-02;10.70933;10.83667;10.30667;10.51667;19338000
2019-10-03;10.53533;11.080000;10.14600;11.054667;17961000
2019-10-04;11.16400;11.66667;11.13667;11.65400;13695000
2019-10-07;11.55333;11.76267;11.38400;11.38867;9079500
2019-10-08;11.033333;11.058667;10.31133;10.34133;25107000
2019-10-09;10.76667;11.066000;10.67133;10.86267;15838500
2019-10-10;10.94133;11.51667;10.90400;11.17867;18492000
2019-10-11;11.80000;12.33600;11.76267;11.92933;27876000
2019-10-14;11.88800;12;11.75067;11.92733;7069500
2019-10-15;12.13200;12.79600;12.096667;12.70933;19419000
2019-10-16;12.52600;12.69133;12.077333;12.15667;15471000
2019-10-17;12.59600;12.70133;12.043333;12.28400;12418500
2019-10-18;12.20333;12.29067;11.51400;11.87400;14661000
2019-10-21;12.15867;12.55667;12.11333;12.54933;11613000
2019-10-22;12.62000;12.69933;12.23800;12.25600;9618000
2019-10-23;11.57600;11.86667;11.31667;11.54333;15555000
2019-10-24;12;12.39867;11.93400;12.38067;14469000
2019-10-25;12.45600;13.17333;12.44333;13.14267;18265500
2019-10-28;13.40067;13.88867;13.39133;13.83200;15250500
2019-10-29;13.89867;14.16533;13.42333;13.46933;10779000
2019-10-30;13.74333;13.74333;13.17333;13.47133;8559000
2019-10-31;13.30400;13.34600;12.71000;13.21800;9952500
2019-11-01;13.59533;14.12933;13.43467;14.12933;10477500
2019-11-04;14.66533;15.13133;14.62867;15.054667;12294000
2019-11-05;15.23600;15.47733;14.97000;15.14133;9777000
2019-11-06;15.060667;15.066667;14.34600;14.80000;11104500
2019-11-07;15.51000;15.56867;14.88133;15.090667;12427500
2019-11-08;14.90600;15.33133;14.63867;15.33133;7299000
2019-11-11;14.92600;15.17533;14.74867;15.082000;6657000
2019-11-12;15.30600;15.55933;15.0080004;15.21533;13849500
2019-11-13;14.88867;15.35333;14.73333;15.20667;12061500
2019-11-14;15.055333;15.12733;14.74200;15.081333;11265000
2019-11-15;15.61933;15.86667;15.28067;15.47333;14211000
2019-11-18;15.48400;15.67533;15.13467;15.37933;8130000
2019-11-19;15.56667;15.66400;14.89867;15.14133;12429000
2019-11-20;14.89533;15.16733;14.28533;14.62067;17808000
2019-11-21;14.40667;14.54267;13.95800;14.12133;15439500
2019-11-22;14.34400;14.49000;14;14.11400;10084500
2019-11-25;14.53333;15.16333;14.51800;15.14067;14046000
2019-11-26;15.063333;15.094667;14.74000;14.93600;10887000
2019-11-27;15.16733;15.27533;15.054667;15.25600;7248000
2019-11-29;15.036000;15.070667;14.71400;14.76267;4399500
2019-12-02;14.77467;14.87867;14.035333;14.11333;13189500
2019-12-03;13.15333;13.47533;12.98000;13.46800;14646000
2019-12-04;14.066000;14.24333;13.93333;14.10067;8785500
2019-12-05;14.31667;14.48333;14.088667;14.27000;7833000
2019-12-06;14.75667;15.018000;14.72733;14.93333;9769500
2019-12-09;14.93333;15.052000;14.67400;14.68133;4908000
2019-12-10;14.87600;15.15067;14.69800;14.84467;7432500
2019-12-11;15.023333;15.85133;14.96733;15.81800;11976000
2019-12-12;15.73467;17.15000;15.72000;17.10133;20947500
2019-12-13;17.053333;17.61200;16.60067;16.82000;21313500
2019-12-16;17.38667;17.75933;17.28133;17.29733;10213500
2019-12-17;17.56333;17.65667;17.26667;17.52467;9778500
2019-12-18;17.57933;17.66667;17.32667;17.49933;7486500
2019-12-19;17.66733;17.92733;17.46733;17.91067;7558500
2019-12-20;18.21400;18.57733;18.037333;18.48600;10882500
2019-12-23;18.91333;18.92067;18.53400;18.59133;11043000
2019-12-24;18.67333;18.72933;18.39933;18.72933;3774000
2019-12-26;18.83000;18.87333;18.55400;18.80000;5878500
2019-12-27;18.99067;18.99067;18.44067;18.59067;7303500
2019-12-30;18.51067;18.53667;17.77467;18.19933;9241500
2019-12-31;17.91600;18.38133;17.86933;18.32133;5722500
2020-01-02;19.0086670;19.46600;18.75267;19.46400;10438500
2020-01-03;18.5;18.88533;18.27467;18.41267;14713500
2020-01-06;17.73400;17.99667;17.42933;17.82867;11313000
2020-01-07;18.40400;19.0060005;18.12333;18.74800;10441500
2020-01-08;18.82667;19.12333;18.48600;18.78933;10024500
2020-01-09;19.46600;19.48267;18.54733;19.11400;11472000
2020-01-10;19.37600;19.38200;18.58400;18.72333;11304000
2020-01-13;19.12667;19.50133;18.92000;19.45733;8160000
2020-01-14;19.47067;20.018000;19.22267;19.58267;9610500
2020-01-15;19.57333;19.62333;18.66667;18.87667;11518500
2020-01-16;19.34333;19.82400;19.30000;19.82267;10807500
2020-01-17;20.077333;20.23600;19.74733;20.20733;11839500
2020-01-21;19.95600;20.40000;19.93333;20.17000;6961500
2020-01-22;20.63400;21.29133;20.46600;20.65133;10747500
2020-01-23;20.89067;21.13333;20.24867;21.12267;9354000
2020-01-24;21.95067;22.066668;19.95733;20.40867;19885500
2020-01-27;18.58600;18.79667;17.93733;18.041332;19500000
2020-01-28;18.73333;19.49667;18.33333;19.33267;14221500
2020-01-29;19.11733;19.24333;18.20267;18.26667;12270000
2020-01-30;17.90067;18.37267;17.14333;18.19867;17106000
2020-01-31;17.75800;17.78067;16.034000;16.24067;22954500
2020-02-03;16.46800;16.94067;16.40267;16.86067;13681500
2020-02-04;18.13600;18.47000;17.89200;18.43333;15466500
2020-02-05;19.41333;19.72067;18.82533;19.64000;19452000
2020-02-06;19.70133;19.72333;18.94667;19.65267;12234000
2020-02-07;19.074667;19.15333;18.23333;18.26600;16014000
2020-02-10;17.84133;19.093332;17.83333;19.093332;11137500
2020-02-11;19.61200;20.53600;19.59933;20.23933;16857000
2020-02-12;20.89267;21.22733;20.80000;21.12867;11917500
2020-02-13;20.56267;21.62533;20.51467;21.17533;13008000
2020-02-14;21.65067;21.90667;20.66467;21.039333;11269500
2020-02-18;19.93333;20.28267;19.73400;20.16533;16186500
2020-02-19;20.99000;21.81067;20.93667;21.73200;13075500
2020-02-20;21.46667;21.66667;19.77400;20.76067;20755500
2020-02-21;20.34467;20.36667;18.66667;18.89667;25333500
2020-02-24;16.22200;17.014668;15.93467;16.20067;30187500
2020-02-25;16.89400;16.92267;14.45200;14.71267;38751000
2020-02-26;15.068667;15.77200;14.53333;14.83600;33132000
2020-02-27;13.44000;14.34200;12.65867;12.74200;38827500
2020-02-28;11.46667;13.86600;11.44667;13.66667;45580500
2020-03-02;14.5;15.020667;13.020667;15.020000;36516000
2020-03-03;15.21000;15.82267;13.11800;13.49933;32919000
2020-03-04;14.30667;15.49000;13.73600;15.47533;20538000
2020-03-05;14.19067;15.28600;13.73400;14.087333;23968500
2020-03-06;13;13.56600;12.20000;13.24067;26310000
2020-03-09;10.13533;11.79267;9.86667;9.88600;31191000
2020-03-10;11.12800;11.77333;9.93333;11.77333;33006000
2020-03-11;10.71933;11.13267;9.42000;9.77600;33735000
2020-03-12;7.77400;8.91533;6.80133;6.80267;47734500
2020-03-13;8.074000;8.73333;6.53333;8.66133;43620000
2020-03-16;5.98533;7.097333;5.26667;5.31867;47341500
2020-03-17;5.32000;5.99200;4.38067;5.84733;73488000
2020-03-18;4.60067;5.26400;3.56667;4.33333;67953000
2020-03-19;4.21533;5.066000;3.85000;4.66200;67534500
2020-03-20;5.22067;5.43267;4.25333;4.26333;63204000
2020-03-23;4.53333;4.93867;4.087333;4.66000;63927000
2020-03-24;5.57000;6.26600;5.54733;6.24933;67669500
2020-03-25;6.36333;7.013333;5.70733;6.0046668;65236500
2020-03-26;6.46933;7.26667;6.26667;7.20533;55215000
2020-03-27;6.47867;6.81533;6.048667;6.096000;51672000
2020-03-30;6.33067;6.79867;6.15733;6.75200;39718500
2020-03-31;6.76200;7.082667;6.16400;6.31600;50964000
2020-04-01;5.68733;6.15600;5.10667;5.29400;47541000
2020-04-02;5.18400;5.79733;5.17533;5.77867;43654500
2020-04-03;5.78400;5.96067;5.20800;5.43533;43627500
2020-04-06;6.13333;7.17933;6.12600;7.10267;51997500
2020-04-07;7.90933;7.97933;6.98067;7.013333;79462500
2020-04-08;7.39333;7.80200;7.064000;7.71600;50287500
2020-04-09;8.040667;8.22933;6.98600;7.21000;75898500
2020-04-13;7.16000;7.52333;6.96333;7.47000;36957000
2020-04-14;7.99267;8.49267;7.94067;8.46200;51487500
2020-04-15;7.97267;7.97400;7.50533;7.77533;37128000
2020-04-16;8.15733;8.43467;7.83400;8.34733;47277000
2020-04-17;8.85667;8.88800;8.26667;8.56400;47445000
2020-04-20;8.20067;8.56667;8;8.011333;35502000
2020-04-21;7.64267;7.77400;6.76733;6.88600;60042000
2020-04-22;7.49533;8.18333;7.41333;8.039333;37150500
2020-04-23;8.080667;8.33667;7.75333;7.83533;42906000
2020-04-24;7.86400;8.37800;7.62667;8.33400;34429500
2020-04-27;8.66667;8.91733;8.54400;8.67067;42303000
2020-04-28;9.13267;9.28800;8.50200;8.53533;55147500
2020-04-29;8.97133;9.85000;8.93133;9.76000;42030000
2020-04-30;9.62467;9.65533;8.66800;8.73400;55264500
2020-05-01;8.13333;8.16667;7.32000;7.40667;65224500
2020-05-04;7.20867;7.63600;7.13400;7.61467;35217000
2020-05-05;8.050667;8.43467;7.84733;8.00066662;47706000
2020-05-06;8.26667;8.65800;8.21400;8.27800;46401000
2020-05-07;8.71267;8.82000;8.38667;8.52067;32518500
2020-05-08;8.78267;9.28200;8.69400;9.26533;38311500
2020-05-11;8.96267;9.48267;8.93933;9.24000;27099000
2020-05-12;9.43467;9.51800;8.45667;8.45667;34702500
2020-05-13;8.68533;8.74000;7.62533;8.0013332;53503500
2020-05-14;7.81333;8.66667;7.40000;8.64067;54496500
2020-05-15;7.78667;8.19133;7.64000;8.099333;55647000
2020-05-18;8.66667;9.35000;8.66667;9.23267;42394500
2020-05-19;9.18600;9.76267;9.10733;9.12200;40813500
2020-05-20;9.67667;10.31333;9.67133;10.15933;39808500
2020-05-21;10.15600;10.16467;9.32400;9.37000;37935000
2020-05-22;9.44933;9.53267;9.034000;9.50600;25134000
2020-05-26;10.24933;10.38800;9.74867;9.80067;41682000
2020-05-27;9.91800;10.22667;9.046000;10.21933;41941500
2020-05-28;10.053333;10.41800;9.40000;9.54867;33565500
2020-05-29;9.67733;10.37800;9.56667;10.27400;38440500
2020-06-01;10.072000;10.27400;9.86667;10.14667;21564000
2020-06-02;10.23200;10.80000;10.073333;10.80000;34992000
2020-06-03;11.21933;11.87667;11.21933;11.74667;30483000
2020-06-04;11.64333;12.31400;11.47800;12.056000;31461000
2020-06-05;12.92733;13.46667;12.82667;12.93400;26946000
2020-06-08;13.26067;13.26067;12.45733;12.85533;25800000
2020-06-09;12.41333;13.010000;12.28133;12.87733;22317000
2020-06-10;13.15333;13.38267;12.85533;12.99600;23647500
2020-06-11;12.0013332;12.15600;10.50133;10.51600;47562000
2020-06-12;11.49200;11.59867;10.25933;10.95200;35401500
2020-06-15;10.26067;11.46200;10.11533;11.43267;29254500
2020-06-16;12.40600;12.62133;11.43267;12.038667;30856500
2020-06-17;12.29600;12.66867;12.13400;12.37200;21156000
2020-06-18;12.20667;12.48067;12.10200;12.31467;13989000
2020-06-19;12.73933;12.86000;12.0059996;12.066667;29616000
2020-06-22;12.12667;12.44933;11.70800;12.38933;19461000
2020-06-23;12.62400;12.88000;12.42133;12.49133;18909000
2020-06-24;12.25800;12.48400;11.36800;11.65200;31200000
2020-06-25;11.63867;11.99133;11.090000;11.93867;21685500
2020-06-26;11.80000;12.0053329;11.15800;11.22400;21492000
2020-06-29;11.24800;11.61933;10.83400;11.61000;17931000
2020-06-30;11.74667;12.64933;11.74667;12.54733;32251500
2020-07-01;12.55533;12.56200;11.98933;12.022667;21469500
2020-07-02;12.52733;12.80400;12.32867;12.47000;24289500
2020-07-06;13.10533;13.59467;13.088000;13.47000;21822000
2020-07-07;13.29867;13.61333;12.90000;12.97200;17728500
2020-07-08;13.30000;13.53333;12.95467;13.50867;14014500
2020-07-09;13.66667;14.29267;13.070000;14.046000;25341000
2020-07-10;14.073333;14.19800;13.48133;13.90600;16764000
2020-07-13;14.49267;14.96133;13.13333;13.21200;24480000
2020-07-14;12.99333;13.96200;12.40133;13.91200;25491000
2020-07-15;14.20000;14.21067;13.13333;13.77267;20254500
2020-07-16;13.33400;13.76533;13.12667;13.60467;13903500
2020-07-17;13.85400;14.0033331;13.60000;13.85667;12028500
2020-07-20;13.92200;14.77467;13.62733;14.71067;16717500
2020-07-21;14.96533;15.035333;14.24600;14.39933;16822500
2020-07-22;14.53333;14.90333;14.21733;14.57200;13956000
2020-07-23;14.55200;14.94067;13.51000;13.89333;22534500
2020-07-24;13.15800;13.83333;12.63067;13.23133;19546500
2020-07-27;13.73333;14.50067;13.71533;14.48467;17731500
2020-07-28;14.23133;14.23133;13.55333;13.62800;20592000
2020-07-29;14.050000;14.65267;13.95467;14.51067;19687500
2020-07-30;14.31067;15.37533;14.29933;15.36000;25672500
2020-07-31;15.47400;15.47533;14.44733;15.10067;26299500
2020-08-03;15.39067;16.077999;15.39000;15.99933;16984500
2020-08-04;15.92667;16.71067;15.88267;16.68667;12100500
2020-08-05;16.63467;16.85067;16.26667;16.65400;12822000
2020-08-06;16.53733;16.67333;16.086000;16.59333;10840500
2020-08-07;16.47467;16.73333;15.44400;16.029333;17872500
2020-08-10;16.12467;16.23267;15.33467;16.039333;11625000
2020-08-11;15.99400;16.47400;15.38333;15.50800;15201000
2020-08-12;15.90533;17.15533;15.77467;17.070000;18397500
2020-08-13;17.077333;17.077333;16.26867;16.51133;12742500
2020-08-14;16.65333;17.066000;16.30867;16.45333;12001500
2020-08-17;16.85867;17.28133;16.77933;17.076000;11739000
2020-08-18;17.27600;17.37467;16.62600;16.79400;11410500
2020-08-19;16.81267;16.93133;16.31933;16.46800;10309500
2020-08-20;15.97933;16.28067;15.69333;16.039333;16498500
2020-08-21;16.045334;16.40000;15.76667;16.39267;10789500
2020-08-24;16.88933;17.048000;16.47467;16.84600;11776500
2020-08-25;16.87667;17.39133;16.87667;17.38867;11626500
2020-08-26;17.50467;17.71933;17.25933;17.58467;11527500
2020-08-27;17.66400;17.75933;16.58933;16.89933;17893500
2020-08-28;17.0053329;17.87267;16.89733;17.85667;13989000
2020-08-31;17.84067;18.19333;17.38733;17.80667;12093000
2020-09-01;18.12667;18.83333;17.87067;18.80933;10255500
2020-09-02;19.62800;20.75933;19.12133;20.49667;18729000
2020-09-03;19.57133;19.60000;16.60267;16.99867;37044000
2020-09-04;16.61600;17.36333;14.67067;16.52733;26686500
2020-09-08;14.70867;15.61267;14.13133;14.17400;21556500
2020-09-09;15.20933;15.68667;14.66667;15.34600;19171500
2020-09-10;15.85000;16.079332;14.42667;14.70867;19227000
2020-09-11;15.029333;15.47533;14.19133;14.65733;14871000
2020-09-14;15.55333;15.85400;15.21000;15.58400;11850000
2020-09-15;16.15400;16.68600;16.098000;16.38533;11725500
2020-09-16;16.59200;16.78200;15.83333;15.89200;10791000
2020-09-17;14.74933;15.97133;14.55467;15.81933;14704500
2020-09-18;16.014668;16.20267;14.52000;15.082000;17329500
2020-09-21;14.18933;15.032000;13.89400;15.0093327;25779000
2020-09-22;15.35733;15.57667;14.55133;15.55333;13864500
2020-09-23;15.46467;15.78667;14.26267;14.39533;14178000
2020-09-24;14.094667;15.40733;14.066667;14.81600;24952500
2020-09-25;14.89600;15.55000;14.22400;15.45533;15505500
2020-09-28;16.041332;16.73267;15.76200;16.71733;15123000
2020-09-29;16.60800;17.27200;16.60800;16.85667;19848000
2020-09-30;16.70067;17.39867;16.60000;16.87933;20143500
2020-10-01;17.52200;18.078667;17.34067;17.92733;18271500
2020-10-02;16.67133;17.45200;16.28400;16.32933;24060000
2020-10-05;16.79067;17.92533;16.76867;17.92333;14751000
2020-10-06;17.86267;18.88933;17.40067;17.61733;16638000
2020-10-07;18.37067;18.78333;18.35067;18.68000;13549500
2020-10-08;19.17000;19.43267;18.95267;19.32867;11172000
2020-10-09;20.019333;20.49600;19.92333;20.34267;18609000
2020-10-12;21.089333;21.55333;20.80133;21.22600;15901500
2020-10-13;21.25067;21.67600;20.83400;21.20067;14068500
2020-10-14;21.33867;21.59267;20.49467;20.86467;11320500
2020-10-15;19.80067;20.82933;19.57533;20.70000;10518000
2020-10-16;21.21200;21.21667;20.36400;20.40467;8916000
2020-10-19;20.86667;21.26267;19.84533;20.076000;11283000
2020-10-20;20.36067;20.52067;19.84333;20.011999;6909000
2020-10-21;20.15533;20.25;19.54933;19.58933;8161500
2020-10-22;19.72600;19.92067;18.91267;19.65800;9789000
2020-10-23;19.47933;19.47933;18.83533;19.37000;6975000
2020-10-26;18.88333;19.13333;17.40000;18.13267;13960500
2020-10-27;18.51667;18.66533;17.72667;17.94533;7834500
2020-10-28;17.074667;17.085333;16.094000;16.15933;15634500
2020-10-29;16.26733;17.89733;16.13200;17.44600;10749000
2020-10-30;16.89533;17.18467;16.0073338;16.59667;11187000
2020-11-02;17.14200;17.40000;16.42400;16.86400;10897500
2020-11-03;17.33333;18.25933;17.29467;17.86733;12472500
2020-11-04;18.96333;19.96867;18.28333;19.74000;17590500
2020-11-05;21.33333;22.49067;21.32667;22.34333;20565000
2020-11-06;22.14933;23.68000;21.93400;23.49267;15370500
2020-11-09;24.96200;25.59867;22.55400;22.59533;16741500
2020-11-10;21.99600;22.29267;20.40667;20.56333;16570500
2020-11-11;21.53067;22.91200;21.49933;22.80400;11782500
2020-11-12;22.84267;23.093332;21.58067;21.92133;11928000
2020-11-13;22.66000;23.31200;22.27867;22.73467;10963500
2020-11-16;23.27000;24.44667;23.10000;24.41133;12468000
2020-11-17;24.15600;24.21600;23.28133;23.81667;9009000
2020-11-18;23.91867;24.45400;23.27267;23.31133;10455000
2020-11-19;23.23333;24.40600;22.68067;24.39333;8220000
2020-11-20;24.37067;24.97867;23.90800;23.99733;11338500
2020-11-23;24.43400;25.29200;24.084000;25.083332;11436000
2020-11-24;25.53333;25.56667;24.30933;25.48867;9943500
2020-11-25;25.36667;25.86133;24.91200;25.21600;6964500
2020-11-27;25.72133;26.60533;25.72067;26.084000;8937000
2020-11-30;26.23600;27.15067;25.26867;27.064667;10632000
2020-12-01;27.74600;28.93267;27.53333;28.50067;12735000
2020-12-02;28.21867;29.10200;28.066668;28.71733;7210500
2020-12-03;29.23133;29.68600;28.63400;28.76067;7801500
2020-12-04;29.23533;31.19333;28.97867;31.15467;10473000
2020-12-07;31.73600;31.73600;30.68800;31.56200;8889000
2020-12-08;31.45067;32.27333;31.041332;31.96000;6286500
2020-12-09;31.60667;32.16133;28.61800;29.22667;19231500
2020-12-10;28.62000;29.82200;28.13400;29.17000;11490000
2020-12-11;28.41333;28.85933;27.26667;28.16333;13248000
2020-12-14;28.98867;29.68333;28.80000;29.22400;10854000
2020-12-15;30.28133;30.68733;29.75067;30.44267;7351500
2020-12-16;30.71000;30.72200;29.69600;30.37533;6372000
2020-12-17;30.91933;30.99067;30.18067;30.53800;6106500
2020-12-18;30.73333;30.86667;29.55733;30.13933;8797500
2020-12-21;29;29.69400;28.16667;29.54600;11620500
2020-12-22;29.70067;29.82067;28.75467;29.43333;6235500
2020-12-23;29.62333;29.79933;28.78333;28.82200;4338000
2020-12-24;29.16667;29.66067;29.029333;29.65400;2637000
2020-12-28;30.62200;30.73333;29.36800;29.48533;7542000
2020-12-29;29.86667;29.86667;28.28400;29.25867;7833000
2020-12-30;29.67200;30.89133;29.60000;30.77133;7807500
2020-12-31;30.77467;31.18333;30.17733;31.098667;5871000
2021-01-04;31.67200;33.65467;29.93067;30.66933;17731500
2021-01-05;30.44400;32.50533;30.44400;32.44600;8538000
2021-01-06;31.52800;34.16067;31.28400;32.20733;16782000
2021-01-07;33.64600;36.12133;33.61533;35.75667;10443000
2021-01-08;37.50733;37.94200;34.62933;35.78667;13090500
2021-01-11;34.96533;37.87400;34.93400;37.090000;9625500
2021-01-12;37.66533;38.75867;36.70600;37.81867;10501500
2021-01-13;38.62067;38.93333;37.40000;37.91933;6897000
2021-01-14;39.22000;41.61267;39.22000;40.38667;11373000
2021-01-15;40.19200;40.31333;37.10533;37.82400;16302000
2021-01-19;39.51400;41.79533;39.41133;41.66667;13351500
2021-01-20;43.16333;43.52133;40.95133;41.31933;11220000
2021-01-21;42.38867;43.52000;41.097332;43.15867;11056500
2021-01-22;42;42.47600;40.77400;40.79000;12573000
2021-01-25;42.013332;42.14000;38.62733;40.96533;12499500
2021-01-26;41.046665;41.046665;39;39.055332;7641000
2021-01-27;36.86667;37.048668;32.53867;33.14400;25056000
2021-01-28;35.00066757;36.57667;34.17333;35.13400;16110000
2021-01-29;35.33733;35.82133;32.90067;33.40067;15256500
2021-02-01;35.085999;37.52733;34.63667;37.34800;13749000
2021-02-02;39.13267;39.16000;37.46667;39.048000;10789500
2021-02-03;39.46667;39.79667;36.57133;36.63267;14184000
2021-02-04;36.33667;37.60733;35.52933;37.53800;8400000
2021-02-05;38.33333;38.33333;36.58533;36.72267;8242500
2021-02-08;37.46133;40.13333;37.44533;40.13333;17278500
2021-02-09;39.63667;40.54000;39.043331;39.62200;8659500
2021-02-10;40.66667;41.31200;38.37667;39.99667;15432000
2021-02-11;40.88467;44.16467;40.88467;44.16467;20781000
2021-02-12;43.48800;46.013332;43.0040016;45.77200;15841500
2021-02-16;47.33667;47.85267;45.81067;46.58200;14367000
2021-02-17;45.099998;45.74133;42.13867;44.010666;19341000
2021-02-18;42.20333;43.26600;41.020668;42.68533;15594000
2021-02-19;44.64467;46.51800;44.22333;45.79867;23602500
2021-02-22;44.0033340;44.93600;40.18000;40.80667;22419000
2021-02-23;38.49667;40.74400;35.069332;39.97867;27033000
2021-02-24;38.98267;43.83333;38.066666;43.74533;17964000
2021-02-25;42.067333;43.0093346;35.70333;36.21867;35817000
2021-02-26;37.94333;39.70067;35.80333;38.71067;29536500
2021-03-01;40.59200;42.55800;39.55000;42.55800;24520500
2021-03-02;42.94000;42.99000;38.45000;38.55000;19687700
2021-03-03;38.90000;38.99000;34.82000;35.0099983;21749000
2021-03-04;34.83000;35.19000;28.44000;29.98000;34294300
2021-03-05;32.22000;32.96000;27.73000;32.75;30945800
2021-03-08;32.71000;32.93000;27.5;27.52000;28761200
2021-03-09;30.34000;33.080002;30;32.45000;19994900
2021-03-10;34.19000;34.19000;30.62000;30.72000;19953500
2021-03-11;33.30000;35.040001;32.85000;34.47000;19094300
2021-03-12;32.52000;33.59000;31.85000;33.42000;17047600
2021-03-15;33.80000;35.63000;33.18000;35.57000;15325300
2021-03-16;36.83000;38.59000;36.23000;36.98000;27404900
2021-03-17;35.28000;39.15000;34.51000;38.42000;21743500
2021-03-18;36.76000;36.92000;33.45000;33.71000;25749000
2021-03-19;34.0099983;35.65000;32.38000;34.75;20615000
2021-03-22;35.94000;38.20000;35.62000;37;23763800
2021-03-23;37.37000;37.5;33.51000;34.029999;26947000
2021-03-24;35.63000;36.13000;32.55000;32.59000;26195900
2021-03-25;30.93000;33.18000;30.10000;32.81000;30291400
2021-03-26;32.81000;37.74000;32.71000;37.69000;35670300
2021-03-29;36.38000;36.91000;34.5;35.79000;28422700
2021-03-30;35.12000;35.78000;34.28000;35.52000;17926000
2021-03-31;36.43000;38.98000;36.35000;38.21000;25362500
2021-04-01;40.049999;42.44000;40.049999;42.41000;27795500
2021-04-05;44.53000;45.30000;42.91000;45;26445800
2021-04-06;44.12000;44.97000;42.070000;43.38000;17961500
2021-04-07;43.99000;44;42.34000;43.38000;12421800
2021-04-08;44.75;45;43.60000;44.79000;12957100
2021-04-09;43.83000;44.5;43.13000;44.48000;10748500
2021-04-12;43.72000;43.79000;41.80000;43.090000;14926000
2021-04-13;44;44.13000;41.57000;42.69000;14056400
2021-04-14;42.39000;43.47000;40.63000;41.27000;12838600
2021-04-15;42.35000;43.66000;41.62000;43.47000;13642000
2021-04-16;43.51000;43.64000;42.48000;42.75;11016200
2021-04-19;41.77000;42.29000;38.25;39.60000;20268200
2021-04-20;39.0099983;39.53000;37.040001;37.71000;13892000
2021-04-21;37.93000;40.77000;37.34000;40.75;15160200
2021-04-22;40.37000;40.61000;37.27000;37.98000;20962100
2021-04-23;38.32000;40.57000;38.30000;40.15000;13212600
2021-04-26;40.090000;42.46000;40;42.21000;13528500
2021-04-27;42.78000;42.91000;40.96000;41.34000;12557200
2021-04-28;40.68000;40.69000;39.31000;39.42000;12753600
2021-04-29;41.20000;41.22000;38.48000;40.31000;14812500
2021-04-30;38.35000;39.17000;36.56000;36.90000;19385800
2021-05-03;37.72000;37.79000;35.080002;35.61000;13899900
2021-05-04;34.41000;34.45000;32;33.97000;24428000
2021-05-05;35.070000;35.79000;33.75;34.55000;16034800
2021-05-06;34.20000;35.40000;33.16000;35.40000;15387300
2021-05-07;36.51000;37.55000;35.91000;36.93000;16784600
2021-05-10;36;36;31.88000;31.93000;25439800
2021-05-11;29.020000;32.31000;28.69000;32.11000;29951300
2021-05-12;30.10000;30.56000;27.81000;28.13000;34045700
2021-05-13;29.53000;30.5;28.30000;29.33000;25520000
2021-05-14;30.49000;32.68000;29.58000;31.93000;21881300
2021-05-17;30.98000;31.10000;29.43000;31.10000;19224800
2021-05-18;31.71000;32.080002;30.22000;30.29000;15262600
2021-05-19;28.46000;32.17000;28.22000;32.049999;29208700
2021-05-20;32.75;34.98000;32.67000;34.64000;28593200
2021-05-21;35.30000;35.34000;33.81000;34.14000;25100300
2021-05-24;35;37.14000;34.91000;36.53000;21577500
2021-05-25;37.33000;37.75;36.24000;36.94000;19468200
2021-05-26;37.029999;37.68000;36.19000;37.18000;13436700
2021-05-27;36.88000;38.26000;36.71000;37.86000;16449400
2021-05-28;38.070000;39.27000;37.88000;38.78000;15891400
2021-06-01;39.52000;40.54000;37.74000;38.34000;18159400
2021-06-02;38.27000;39.58000;37.91000;39.19000;12370500
2021-06-03;37.83000;38.28000;36.52000;37.12000;16945800
2021-06-04;38.080002;39.99000;38.049999;39.74000;15960500
2021-06-07;39.26000;39.44000;38.15000;38.91000;11453800
2021-06-08;39.80000;39.97000;37.30000;38.17000;13475800
2021-06-09;38.56000;38.89000;37.62000;37.70000;11721000
2021-06-10;37.80000;39.37000;37.52000;39.040001;17601900
2021-06-11;39.049999;39.49000;38.57000;39.49000;7971500
2021-06-14;39.81000;41.17000;39.060001;41.17000;18513300
2021-06-15;40.80000;41.60000;39.74000;40.040001;13301400
2021-06-16;40.49000;40.89000;38.070000;39.18000;18089300
2021-06-17;38.69000;41.17000;38.65000;40.31000;18466200
2021-06-18;39.29000;39.58000;36.75;37.32000;21346600
2021-06-21;37.55000;38.16000;36.59000;38.12000;12722000
2021-06-22;37.90000;38.83000;37.40000;38.60000;10500400
2021-06-23;38.60000;39.63000;38.60000;39.049999;8615400
2021-06-24;39.88000;41.23000;39.88000;41.080002;12716800
2021-06-25;41.17000;41.69000;40.29000;40.66000;9244100
2021-06-28;41.5;44.080002;41.45000;43.65000;18209300
2021-06-29;43.31000;44.69000;42.88000;44.64000;13090200
2021-06-30;44.37000;44.73000;43.67000;44.54000;9830900
2021-07-01;44.15000;44.37000;42.13000;42.57000;11578200
2021-07-02;43.57000;43.70000;42.25;43.32000;10933300
2021-07-06;43.64000;44.14000;41.36000;43.040001;10020300
2021-07-07;43.80000;43.91000;40.69000;41.24000;10623800
2021-07-08;38.55000;40.38000;37.76000;39.78000;14764300
2021-07-09;40.18000;41.94000;39.25;41.77000;9799600
2021-07-12;42.16000;43.33000;41.81000;43.33000;9021800
2021-07-13;42.75;43.32000;42.099998;42.62000;9289300
2021-07-14;43.54000;44.79000;41.86000;42.16000;15361500
2021-07-15;41.79000;41.80000;38.55000;39.42000;14968000
2021-07-16;40.029999;40.45000;36.59000;36.76000;14425600
2021-07-19;35.21000;36.93000;34.71000;36.84000;17527800
2021-07-20;37.24000;39.080002;35.85000;38.34000;12487200
2021-07-21;38.67000;41.85000;38.60000;41.85000;12599700
2021-07-22;40.90000;41.62000;39.90000;40.74000;8148900
2021-07-23;41.29000;41.61000;39.95000;41.55000;8740400
2021-07-26;40.58000;41.79000;40.58000;41.45000;7703500
2021-07-27;40.80000;40.85000;36.71000;39.15000;17917400
2021-07-28;39.54000;41.5;39.020000;41.18000;12983000
2021-07-29;41.23000;43.69000;41.23000;43.45000;15318400
2021-07-30;42.19000;44.5;42.070000;44.39000;13599200
2021-08-02;45.19000;46.89000;44.88000;45.21000;17018600
2021-08-03;45.29000;45.98000;43.61000;45.97000;10801400
2021-08-04;46.16000;48.15000;46.049999;47.61000;13768900
2021-08-05;48.17000;48.19000;46.44000;47.17000;8580700
2021-08-06;46.33000;47.27000;46.20000;46.63000;6202000
2021-08-09;46.90000;47.27000;45.54000;46.15000;5943700
2021-08-10;46.37000;46.57000;43.5;44.45000;9994500
2021-08-11;45.060001;45.12000;42.43000;44.17000;10016600
2021-08-12;43.44000;43.5;41.56000;42.62000;9746100
2021-08-13;42.5;43.60000;42.29000;43.48000;7655800
2021-08-16;42.91000;43.43000;41.93000;43.0099983;6658600
2021-08-17;41.93000;41.95000;39.34000;40.46000;13983700
2021-08-18;40.29000;40.96000;38.58000;38.66000;10760100
2021-08-19;38.18000;40.26000;37.14000;39.63000;14855300
2021-08-20;39.96000;40.75;39.0099983;40.43000;10732300
2021-08-23;41.40000;43.79000;41.40000;43.69000;12229000
2021-08-24;43.98000;44.44000;43.38000;43.73000;8557100
2021-08-25;44.18000;45.65000;44.11000;44.78000;10125800
2021-08-26;44.52000;45.33000;43.71000;44.68000;9529400
2021-08-27;44.85000;47.5;44.69000;47.30000;12358300
2021-08-30;47.78000;49;47.13000;47.74000;10291100
2021-08-31;47.77000;47.97000;45.37000;46.55000;9620800
2021-09-01;47.23000;47.30000;45.83000;45.96000;7246900
2021-09-02;46.35000;46.72000;45.70000;46.30000;7168600
2021-09-03;46.14000;47.85000;45.96000;47.24000;7374000
2021-09-07;47.36000;47.41000;45.92000;46.77000;5660800
2021-09-08;46.099998;46.37000;43.76000;44.95000;11787400
2021-09-09;44.91000;46.26000;44.89000;45.55000;8643000
2021-09-10;46.64000;48.63000;46.51000;46.59000;14399600
2021-09-13;47.80000;48.17000;45.93000;47.87000;11356400
2021-09-14;48.40000;48.97000;47.14000;47.87000;10129200
2021-09-15;48.060001;48.70000;46.76000;48.59000;9321800
2021-09-16;47.74000;49.53000;47.020000;49.070000;9094400
2021-09-17;48.64000;48.65000;45.97000;46.75;14478900
2021-09-20;43.75;44.20000;41.16000;43.30000;19454600
2021-09-21;44.040001;44.52000;42.35000;43.60000;9972400
2021-09-22;44.46000;46.57000;44.0099983;46.26000;11093200
2021-09-23;46.89000;48.55000;46.42000;48.099998;11819600
2021-09-24;46.86000;48.23000;46.78000;47.95000;7465000
2021-09-27;46.52000;48.18000;45.56000;47.69000;10241300
2021-09-28;44.90000;45.79000;42.049999;42.23000;23988000
2021-09-29;42.56000;42.68000;39.78000;40.12000;19889700
2021-09-30;41.060001;41.95000;40;40.040001;14470200
2021-10-01;40.5;40.70000;38.060001;40.070000;16368700
2021-10-04;39.31000;39.52000;36.57000;37.020000;20555400
2021-10-05;37.60000;39.39000;37.26000;38.65000;15194100
2021-10-06;37.32000;39.14000;36.92000;39.060001;16403200
2021-10-07;40.53000;42.029999;40.27000;40.39000;13234300
2021-10-08;40.90000;41.070000;39.080002;39.33000;10297000
2021-10-11;38.76000;40.39000;38.36000;38.38000;9446400
2021-10-12;39.21000;39.31000;36.47000;37.049999;19847400
2021-10-13;37.70000;38.30000;37.24000;37.65000;11660600
2021-10-14;39.64000;41.080002;39.34000;41.049999;14800900
2021-10-15;42.029999;42.29000;41.30000;41.84000;10988500
2021-10-18;41.14000;42.97000;40.44000;42.86000;8498200
2021-10-19;43.11000;44.48000;42.63000;44.43000;11476200
2021-10-20;44.13000;44.73000;43.63000;44.20000;9908200
2021-10-21;43.33000;45.72000;43.30000;45.59000;10019700
2021-10-22;44.84000;46.23000;43.77000;44.049999;12691700
2021-10-25;44.60000;45.67000;44.16000;45.060001;9706700
2021-10-26;46.020000;46.45000;44.54000;44.96000;12067800
2021-10-27;44.23000;45.61000;43.56000;44.090000;13076300
2021-10-28;45.84000;47.099998;45.57000;47;15904400
2021-10-29;45.97000;47.65000;45.62000;47.65000;12735000
2021-11-01;47.79000;49.96000;47.45000;49.96000;14647400
2021-11-02;49.82000;51.82000;49.81000;51.82000;12421100
2021-11-03;52.070000;53.81000;51.42000;53.67000;11472200
2021-11-04;55.42000;59.83000;54.57000;59.080002;20539200
2021-11-05;60.040001;62.40000;59.21000;60.91000;19536100
2021-11-08;62.099998;64.71000;61.49000;63.54000;15603900
2021-11-09;65.27000;65.63000;61.41000;63.40000;16385900
2021-11-10;60.049999;62.5;57.070000;57.95000;17648300
2021-11-11;60.72000;61.99000;59.37000;61.64000;13055700
2021-11-12;62.22000;64.25;61.17000;63.35000;13052700
2021-11-15;64.73000;64.74000;61.26000;63.20000;11837400
2021-11-16;62.38000;66.43000;62.0099983;66.15000;12693000
2021-11-17;66;66.13000;63.70000;64.52000;11636600
2021-11-18;67.87000;68.90000;66.029999;67.98000;14102700
2021-11-19;67.86000;69.87000;66.88000;68.61000;14527400
2021-11-22;69.54000;72.49000;65.23000;65.43000;16809800
2021-11-23;64.83000;66.61000;61.35000;64.74000;16233700
2021-11-24;62.99000;66.90000;61.21000;66.88000;14762200
2021-11-26;63.099998;64.98000;59.85000;61.37000;14919700
2021-11-29;63.95000;68.68000;63.22000;68.41000;18352700
2021-11-30;67.28000;69.34000;62.89000;64.67000;22246300
2021-12-01;67.54000;70.96000;63.049999;63.16000;24798700
2021-12-02;61.26000;64.74000;59.68000;63.25;21014200
2021-12-03;65.90000;67.95000;60.70000;62.93000;18842800
2021-12-06;62.060001;63.29000;56.78000;62.60000;13816300
2021-12-07;66.76000;72.52000;66.72000;71.99000;21654500
2021-12-08;70.93000;71.20000;68.49000;70.69000;12500700
2021-12-09;69.43000;71.59000;65.66000;65.90000;14533000
2021-12-10;69.46000;70.45000;65.17000;67.60000;12329100
2021-12-13;68.019997;68.71000;62;62.34000;13561500
2021-12-14;60;62.37000;58.94000;61.52000;13311200
2021-12-15;61.84000;68.34000;59.24000;68.12000;19005700
2021-12-16;69.010002;69.5;58.020000;59.23000;27692100
2021-12-17;57.34000;61.58000;56.86000;58.96000;17729000
2021-12-20;56.14000;58.76000;55.47000;57.55000;15681400
2021-12-21;61.17000;63.69000;58.77000;63.5;20477000
2021-12-22;62.47000;65.53000;61.61000;65.38000;13011600
2021-12-23;66;68.75;65.92000;67.41000;14507000
2021-12-27;68.099998;73;68;72.99000;15598000
2021-12-28;74.070000;74.070000;69.57000;70.52000;14401800
2021-12-29;70.42000;72.23000;69.60000;71;10702000
2021-12-30;70.5;71.34000;67.89000;68.36000;11188200
2021-12-31;68.70000;70.099998;67.83000;68.010002;10152000
2022-01-03;69.050003;72.11000;68.39000;72.099998;15794800
2022-01-04;72.58000;74.21000;66.040001;71.070000;21988000
2022-01-05;69.59000;71.42000;63.94000;64.010002;20821000
2022-01-06;64.089996;66.39000;61.85000;65.54000;19343100
2022-01-07;65.080002;66.050003;59.14000;59.74000;22625900
2022-01-10;57.34000;60.19000;53.82000;60;25112700
2022-01-11;59.090000;63.44000;57.88000;63.29000;22053900
2022-01-12;64.99000;66.40000;62.64000;64.58000;19392000
2022-01-13;67.5;69.18000;59.58000;60.20000;28866500
2022-01-14;58.76000;64.54000;58.56000;64.48000;23880600
2022-01-18;60.91000;61.38000;55.5;55.98000;29055200
2022-01-19;57.48000;58.16000;50.73000;50.82000;28683300
2022-01-20;52.12000;53.20000;45.81000;45.99000;32438800
2022-01-21;45.22000;48.93000;43.40000;43.71000;45826500
2022-01-24;41;45.48000;36.62000;45.45000;53548700
2022-01-25;41.77000;43.35000;39.38000;40.19000;40326300
2022-01-26;43.78000;47.099998;40.099998;42.12000;46405000
2022-01-27;43.40000;43.45000;36;36.36000;50033700
2022-01-28;36.37000;38.41000;33.099998;38.41000;43946700
2022-01-31;38.99000;44.75;38.30000;44.58000;39362500
2022-02-01;45.89000;46.099998;42.29000;45.91000;37795600
2022-02-02;48.47000;49.5;46.46000;49.34000;40548600
2022-02-03;45.58000;47.80000;42.15000;42.63000;32875300
2022-02-04;42.080002;44.52000;40.37000;43.46000;30575600
2022-02-07;43.64000;45.52000;42.86000;43.41000;28382000
2022-02-08;42.75;46.88000;42.54000;46.60000;33686800
2022-02-09;48.43000;51.23000;46.71000;51.020000;35302800
2022-02-10;47.58000;52.21000;45.58000;46.42000;51371000
2022-02-11;46.56000;47.65000;38.42000;39.54000;51212800
2022-02-14;39.75;41.85000;37.86000;39.59000;43218400
2022-02-15;41.90000;46.29000;41.67000;46.0099983;39910800
2022-02-16;44.070000;46.5;43.040001;46.099998;35357600
2022-02-17;44.12000;44.39000;40.67000;40.87000;41858900
2022-02-18;41.14000;41.35000;37.77000;39.63000;46904100
2022-02-22;38.23000;41.56000;36.83000;38.61000;49765600
2022-02-23;40.070000;41.30000;35.63000;35.91000;52830600
2022-02-24;31.81000;40.049999;31.55000;39.94000;68362100
2022-02-25;40;41.84000;38.16000;41.78000;40949000
2022-02-28;40.20000;42.23000;38.56000;41.0099983;43350600
2022-03-01;40.78000;41.30000;35.35000;36.58000;46635000
2022-03-02;37.47000;40.88000;37.23000;40.12000;41485400
2022-03-03;40.65000;40.87000;36.82000;37.55000;45902800
2022-03-04;36.63000;37.42000;33.36000;34.77000;46799000
2022-03-07;34.82000;35.60000;29.5;29.58000;50665800
2022-03-08;29.67000;34.34000;28.48000;31.16000;68456500
2022-03-09;34.12000;35.66000;33.070000;34.93000;46482400
2022-03-10;33.070000;33.20000;30.80000;32.75;43831500
2022-03-11;34.16000;34.42000;30.5;30.69000;34118300
2022-03-14;30.010000;30.85000;27.30000;27.91000;49351500
2022-03-15;28.45000;31.72000;28.010000;31.51000;42082900
2022-03-16;33.040001;36.40000;32.060001;36.30000;55754000
2022-03-17;35.25;37;34.32000;36.95000;37147500
2022-03-18;36.61000;39.67000;35.60000;39.17000;39797700
2022-03-21;38.70000;39.97000;36.88000;39;38312100
2022-03-22;38.79000;41.020000;38.63000;39.59000;34654100
2022-03-23;38.51000;39.99000;36.59000;36.69000;38313200
2022-03-24;37.82000;42.25;37.30000;42.090000;44687200
2022-03-25;42.070000;42.37000;39.75;42.0099983;36316000
2022-03-28;41.20000;42.81000;39.32000;42.71000;35741000
2022-03-29;44.84000;46;43.11000;45.58000;40148500
2022-03-30;44.71000;45.20000;40.68000;41.35000;38435700
2022-03-31;41.26000;41.84000;38.42000;38.78000;38547400
2022-04-01;39.070000;39.33000;34.62000;36.29000;57428500
2022-04-04;36.58000;38.22000;36.17000;37.96000;28200500
2022-04-05;37.090000;37.24000;32.53000;32.88000;57649600
2022-04-06;30.85000;32.099998;29.56000;30.51000;69146900
2022-04-07;30.25;31.42000;28.66000;30.51000;55657300
2022-04-08;29.86000;29.96000;28.15000;28.29000;71608900
2022-04-11;27.040001;27.71000;26.34000;26.49000;60558200
2022-04-12;28.040001;28.84000;25.86000;26.24000;66793200
2022-04-13;26.77000;28.54000;26.31000;28.030001;50484000
2022-04-14;28.55000;28.62000;25.54000;25.61000;51193200
2022-04-18;25.26000;27.67000;25.16000;26.98000;49251700
2022-04-19;26.68000;28.89000;26.22000;28.75;45358800
2022-04-20;30.070000;30.85000;28.24000;28.5;51891900
2022-04-21;29.60000;30.57000;25.81000;26.21000;53808500
2022-04-22;26.10000;26.56000;24.37000;24.45000;57459200
2022-04-25;23.89000;25.76000;23.68000;25.67000;58210600
2022-04-26;24.71000;24.90000;22.35000;22.43000;55039200
2022-04-27;21.62000;23.59000;21.48000;21.95000;52406400
2022-04-28;23.20000;26.30000;22.40000;25.58000;63555800
2022-04-29;24.30000;25.95000;22.10000;22.24000;48104400
2022-05-02;22.38000;24.55000;21.81000;24.5;57669900
2022-05-03;24.33000;25.68000;23.75;25.11000;53115700
2022-05-04;25.69000;28.14000;23.30000;28.020000;77054200
2022-05-05;26.53000;26.62000;22.75;23.99000;64302700
2022-05-06;23.24000;24.87000;21.94000;23.35000;73607500
2022-05-09;21.82000;22.60000;19.32000;19.72000;72482100
2022-05-10;21.45000;22.15000;19.72000;21.090000;72934500
2022-05-11;20.53000;22;18.97000;19.15000;76546000
2022-05-12;18.51000;19.99000;17.96000;19.41000;79889100
2022-05-13;20.57000;22.91000;20.18000;22.49000;65885900
2022-05-16;21.86000;22.51000;21.20000;21.37000;49300800
2022-05-17;23.080000;24.74000;22.84000;24.58000;65619700
2022-05-18;23.40000;24.35000;20.53000;20.85000;61497800
2022-05-19;20.55000;22.040001;19.90000;20.51000;62522000
2022-05-20;21.54000;21.65000;17.66000;20.36000;86718200
2022-05-23;19.93000;20.83000;19.45000;20.63000;54498700
2022-05-24;19.69000;19.88000;18.44000;19.10000;57291400
2022-05-25;18.73000;20.72000;18.72000;20.19000;54536300
2022-05-26;19.61000;22.83000;19.48000;22.54000;60520000
2022-05-27;23.60000;25.44000;23.59000;25.26000;54680400
2022-05-31;25.14000;25.60000;23.75;24.86000;48671900
2022-06-01;25.34000;25.72000;22.71000;23.71000;52378500
2022-06-02;23.40000;26.28000;23.30000;26.20000;49439000
2022-06-03;24.55000;24.95000;23.5;23.93000;42093200
2022-06-06;25.25;25.58000;23.48000;23.91000;40514000
2022-06-07;23.020000;24.74000;22.54000;24.60000;37067500
2022-06-08;24.16000;24.46000;22.42000;22.91000;38501600
2022-06-09;22.39000;23.56000;21.030001;21.090000;37937200
2022-06-10;19.98000;20.51000;18.66000;18.81000;58924000
2022-06-13;16.93000;17.41000;15.34000;15.55000;77061300
2022-06-14;16.010000;16.22000;15.21000;15.76000;52253400
2022-06-15;16.35000;17.43000;15.47000;16.61000;77001800
2022-06-16;15.14000;15.19000;12.99000;13.57000;90753100
2022-06-17;13.65000;14.020000;12.78000;13.70000;64012800
2022-06-21;14.54000;15.43000;14.49000;14.80000;57522800
2022-06-22;14.040000;14.97000;13.94000;14.29000;49362200
2022-06-23;14.58000;14.59000;13.34000;14.010000;47625300
2022-06-24;14.64000;15.85000;14.57000;15.81000;60548200
2022-06-27;16.31000;16.46000;15.37000;15.80000;43426900
2022-06-28;16;16.58000;14.52000;14.56000;56957600
2022-06-29;14;14.040000;13.030000;13.55000;61516700
2022-06-30;13.030000;13.83000;12.38000;13.10000;70274900
2022-07-01;12.49000;12.60000;11.13000;11.60000;92067100
2022-07-05;10.74000;11.90000;10.53000;11.85000;82942200
2022-07-06;11.92000;12.5;11.52000;12.090000;77177800
2022-07-07;12.91000;13.89000;12.91000;13.71000;75926300
2022-07-08;13.13000;14.17000;12.96000;13.91000;77437200
2022-07-11;13.25;13.45000;12.65000;12.91000;52520600
2022-07-12;13.18000;13.45000;12.72000;12.97000;53368400
2022-07-13;12.18000;13.56000;12.13000;13.29000;70014100
2022-07-14;13.17000;14.26000;12.54000;14.070000;78227900
2022-07-15;14.75;15.15000;14.040000;15.11000;74112400
2022-07-18;15.83000;16.18000;14.63000;14.92000;83926600
2022-07-19;15.61000;17.17000;15.5;16.95000;78348500
2022-07-20;16.83000;18.44000;16.5;18.20000;85890600
2022-07-21;18.52000;19.12000;17.68000;19.10000;80210800
2022-07-22;18.84000;18.91000;17.15000;17.65000;65689500
2022-07-25;17.23000;17.37000;16.43000;17.30000;43336800
2022-07-26;16.93000;17.24000;16.25;16.43000;48959700
2022-07-27;17.32000;19.12000;17.17000;18.73000;78797600
2022-07-28;18.86000;19.52000;17.58000;19.37000;69548100
2022-07-29;18.57000;19.99000;18.32000;19.83000;61313500
2022-08-01;19.41000;20.61000;19.030001;20.010000;61205100
2022-08-02;19.43000;20.87000;19.11000;19.92000;60816500
2022-08-03;19.98000;21.72000;19.87000;21.55000;57214600
2022-08-04;21.47000;22.27000;21.22000;22.070000;56294600
2022-08-05;20.96000;22.12000;20.57000;21.56000;60067800
2022-08-08;20.65000;21.39000;19.57000;20.54000;59477700
2022-08-09;19.23000;19.23000;16.91000;17.69000;65153600
2022-08-10;19.080000;20.020000;18.39000;19.91000;69125300
2022-08-11;20.47000;21.60000;19.68000;19.78000;70069200
2022-08-12;20.24000;21.72000;19.98000;21.60000;57238400
2022-08-15;21.24000;21.97000;20.80000;21.78000;48991600
2022-08-16;21.48000;21.74000;20.39000;21.14000;48777200
2022-08-17;20.18000;20.20000;18.71000;19.55000;67988800
2022-08-18;19.72000;21.36000;19.5;20.89000;50790800
2022-08-19;20.059999;20.38000;18.89000;19.17000;49700800
2022-08-22;18.10000;18.15000;16.77000;17.040001;51389400
2022-08-23;17.080000;18.059999;17.010000;17.33000;49723200
2022-08-24;17.25;17.59000;16.77000;17.41000;42087500
2022-08-25;17.46000;19.38000;17.42000;19.32000;58659800
2022-08-26;19.25;19.33000;15.95000;15.98000;84676900
2022-08-29;15.48000;16.049999;14.95000;15.050000;61062700
2022-08-30;15.5;15.57000;13.96000;14.47000;77063100
2022-08-31;14.69000;14.70000;13.66000;14.040000;86870500
2022-09-01;13.030000;13.26000;11.97000;13.22000;113345600
2022-09-02;13.84000;14.14000;12.63000;12.86000;100737200
2022-09-06;12.91000;13.030000;12.070000;12.42000;79919100
2022-09-07;12.42000;13.32000;12.23000;12.99000;79632700
2022-09-08;12.64000;13.80000;12.37000;13.65000;103258300
2022-09-09;14.26000;14.85000;14.19000;14.65000;81908900
2022-09-12;14.83000;15.050000;14.30000;14.78000;67153300
2022-09-13;13.15000;13.49000;11.95000;12.090000;85975600
2022-09-14;12.28000;12.74000;11.94000;12.46000;65846900
2022-09-15;12.23000;12.67000;11.59000;11.91000;94630600
2022-09-16;11.47000;12.10000;11.18000;12.060000;87622100
2022-09-19;11.62000;12.44000;11.57000;12.26000;75532200
2022-09-20;11.85000;12.040000;11.43000;11.70000;70577400
2022-09-21;11.76000;12.92000;11.38000;11.40000;125021300
2022-09-22;11.17000;11.32000;10.25;10.51000;112096100
2022-09-23;10.070000;10.14000;9.45000;10.030000;120047000
2022-09-26;9.91000;10.36000;9.5;9.55000;96464800
2022-09-27;10.040000;10.28000;9.39000;9.81000;115839400
2022-09-28;9.57000;10.35000;9.45000;10.17000;119412700
2022-09-29;9.70000;9.74000;8.80000;9.29000;128122600
2022-09-30;8.90000;9.61000;8.74000;8.86000;109534300
2022-10-03;9.090000;10;8.88000;9.70000;126786100
2022-10-04;10.58000;11.10000;10.54000;11.040000;114533100
2022-10-05;10.53000;11.66000;10.21000;11.42000;110030200
2022-10-06;11.29000;11.92000;11.050000;11.19000;117138000
2022-10-07;10.18000;10.28000;9;9.21000;134873300
2022-10-10;9.070000;9.090000;7.86000;8.28000;163448700
2022-10-11;7.81000;8.020000;7.20000;7.57000;186475200
2022-10-12;7.49000;7.62000;7.23000;7.34000;110516500
2022-10-13;6.42000;8.36000;6.21000;8;284532700
2022-10-14;8.26000;8.27000;6.87000;6.93000;177216100
2022-10-17;7.47000;7.67000;7.20000;7.33000;113321500
2022-10-18;8.040000;8.21000;7.040000;7.40000;185506400
2022-10-19;7.27000;7.80000;7.20000;7.57000;134272400
2022-10-20;7.70000;8.42000;7.59000;7.70000;170614600
2022-10-21;7.65000;8.64000;7.55000;8.58000;178616600
2022-10-24;8.64000;8.81000;8.080000;8.68000;147205700
2022-10-25;8.80000;9.47000;8.75;9.26000;127146900
2022-10-26;8.74000;9.67000;8.55000;9.010000;143571600
2022-10-27;9.16000;9.44000;8.48000;8.52000;129662300
2022-10-28;8.56000;9.56000;8.49000;9.5;129291600
2022-10-31;9.30000;9.35000;8.75;8.92000;118351000
2022-11-01;9.41000;9.52000;8.94000;9.10000;108638200
2022-11-02;9.27000;9.77000;8.20000;8.24000;174985600
2022-11-03;7.78000;8.29000;7.53000;7.89000;135668700
2022-11-04;8.72000;9.060000;8.42000;8.99000;173041700
2022-11-07;9.27000;9.69000;8.88000;9.59000;105846700
2022-11-08;10.11000;10.56000;9.61000;10.17000;147373300
2022-11-09;9.74000;9.82000;9.18000;9.24000;107444900
2022-11-10;10.80000;12.17000;10.56000;12.080000;196270300
2022-11-11;12.28000;13.41000;11.83000;13.22000;166468400
2022-11-14;12.99000;13.51000;12.73000;12.77000;108739600
2022-11-15;14.34000;14.44000;13.31000;13.87000;159797700
2022-11-16;12.93000;12.99000;11.87000;12.13000;112310400
2022-11-17;11.34000;12.58000;11.31000;12.37000;128795400
2022-11-18;12.99000;13.030000;12.070000;12.49000;117064100
2022-11-21;12.070000;12.20000;11.74000;11.89000;84238200
2022-11-22;12.14000;12.94000;11.85000;12.90000;86949600
2022-11-23;12.90000;13.75;12.84000;13.32000;113790600
2022-11-25;13.13000;13.26000;12.83000;12.86000;41754500
2022-11-28;12.36000;12.76000;11.60000;11.84000;87803100
2022-11-29;11.95000;12.18000;11.5;11.73000;75056000
2022-11-30;11.84000;13.85000;11.52000;13.82000;133385800
2022-12-01;14.090000;14.13000;12.94000;13.5;112133900
2022-12-02;12.49000;13.13000;12.30000;13.030000;98017700
2022-12-05;12.80000;13.16000;12.20000;12.59000;71095100
2022-12-06;12.54000;12.60000;11.38000;11.72000;86923400
2022-12-07;11.41000;11.93000;11.33000;11.70000;86276700
2022-12-08;11.89000;12.72000;11.65000;12.62000;101888300
2022-12-09;12.49000;12.99000;12.18000;12.32000;88787400
2022-12-12;12.14000;13.010000;11.94000;12.98000;73482200
2022-12-13;14.72000;14.91000;13.14000;13.63000;180078900
2022-12-14;13.51000;14.030000;12.54000;13;139612300
2022-12-15;12.23000;12.38000;11.32000;11.40000;107181700
2022-12-16;11.20000;11.48000;10.77000;11.11000;88813800
2022-12-19;11.12000;11.15000;10.35000;10.69000;82876800
2022-12-20;10.25;10.75;10.16000;10.41000;88304000
2022-12-21;10.63000;11.27000;10.60000;11.14000;83240400
2022-12-22;10.54000;10.56000;9.11000;9.78000;135617300
2022-12-23;9.59000;9.81000;9.23000;9.77000;92378600
2022-12-27;9.58000;9.59000;9.13000;9.27000;78142100
2022-12-28;9.10000;9.43000;8.74000;8.86000;83917300
2022-12-29;9.28000;9.83000;9.18000;9.67000;90966000
2022-12-30;9.27000;9.70000;9.060000;9.67000;64369800
2023-01-03;10.17000;10.21000;9.19000;9.36000;97509800
2023-01-04;9.88000;10.27000;9.58000;10.070000;114576600
2023-01-05;9.80000;10;9.53000;9.57000;83312800
2023-01-06;9.95000;11.070000;9.56000;10.87000;123492600
2023-01-09;11.53000;12.27000;11.28000;11.53000;136968300
2023-01-10;11.38000;11.99000;11.19000;11.97000;90401400
2023-01-11;11.98000;12.43000;11.65000;12.40000;80469400
2023-01-12;12.59000;13.080000;11.82000;12.82000;135343400
2023-01-13;12.37000;13;12.27000;12.95000;74389800
2023-01-17;12.88000;13.43000;12.67000;13.060000;74500500
2023-01-18;13.45000;13.76000;12.81000;12.82000;82050400
2023-01-19;12.48000;12.52000;11.62000;11.77000;99618400
2023-01-20;12.11000;12.86000;11.75;12.79000;89921600
2023-01-23;13.18000;14.91000;13.13000;14.74000;125178200
2023-01-24;14.29000;14.85000;14.16000;14.44000;75816000
2023-01-25;13.71000;14.63000;13.33000;14.53000;93424800
2023-01-26;15.020000;15.30000;14.30000;15.24000;111443300
2023-01-27;14.5;15.36000;14.35000;14.98000;101402600
2023-01-30;14.35000;14.62000;13.73000;13.80000;81286700
2023-01-31;13.67000;14.55000;13.64000;14.52000;97363300
2023-02-01;14.73000;17.28000;14.68000;16.80000;150219900
2023-02-02;17.33000;18.40000;17.010000;17.92000;116420900
2023-02-03;16.78000;18.13000;16.60000;16.93000;94867600
2023-02-06;16.12000;16.86000;15.86000;16.10000;77254800
2023-02-07;16.22000;17.85000;16.13000;17.59000;119100900
2023-02-08;17.33000;17.69000;16.35000;16.49000;72392900
2023-02-09;17.33000;17.90000;16.21000;16.58000;84793400
2023-02-10;16.059999;16.22000;15.25;15.80000;78447700
2023-02-13;15.99000;16.62000;15.57000;16.42000;60332300
2023-02-14;16.059999;17.53000;15.67000;17.33000;111460800
2023-02-15;16.81000;17.59000;16.43000;17.54000;74638200
2023-02-16;16.65000;17.17000;16.18000;16.28000;81774100
2023-02-17;15.98000;16.12000;15.040000;15.5;82871000
2023-02-21;14.79000;15.31000;13.89000;14.010000;68114400
2023-02-22;14.11000;14.41000;13.54000;13.83000;70471500
2023-02-23;15.13000;15.34000;14.28000;15.080000;94198000
2023-02-24;14.29000;14.54000;13.96000;14.31000;74689200
2023-02-27;14.96000;15.010000;14.5;14.5;61896900
2023-02-28;14.40000;15.27000;14.31000;14.65000;59300500
2023-03-01;14.81000;15.22000;14.48000;14.68000;63832600
2023-03-02;14.010000;15.24000;13.66000;15.010000;73485400
2023-03-03;15.050000;15.77000;14.65000;15.68000;72055200
2023-03-06;15.83000;16.25;15.040000;15.17000;56252700
2023-03-07;15.19000;15.42000;14.49000;14.65000;66744300
2023-03-08;14.86000;15.90000;14.85000;15.81000;71670200
2023-03-09;15.75;16.54000;14.80000;14.91000;87945700
2023-03-10;15.11000;15.25;13.81000;14.050000;128656300
2023-03-13;13.61000;14.54000;13.15000;14.020000;121199400
2023-03-14;14.76000;15.54000;14.54000;15.22000;107012500
2023-03-15;14.60000;14.85000;13.75;14.69000;126199700
2023-03-16;14.48000;16.52000;14.30000;16.42000;108646600
2023-03-17;16.49000;16.90000;15.83000;16.13000;79179200
2023-03-20;16.14000;16.79000;15.78000;16.61000;62536400
2023-03-21;17.010000;17.53000;15.94000;16.67000;76051300
2023-03-22;16.68000;18.020000;16.20000;16.24000;95075000
2023-03-23;17.020000;18.17000;16.63000;17.49000;97514400
2023-03-24;17.10000;17.22000;16.040001;16.57000;90583300
2023-03-27;16.76000;16.92000;15.81000;15.97000;64605200
2023-03-28;15.87000;15.88000;14.90000;15.63000;75621600
2023-03-29;16.34000;17.47000;16.30000;17.080000;90012500
2023-03-30;17.76000;18.29000;17.58000;17.95000;80622200
2023-03-31;17.56000;18.34000;17.43000;18.30000;68287500
2023-04-03;17.92000;18.16000;17.13000;17.81000;57147300
2023-04-04;17.87000;17.90000;16.51000;16.79000;64093400
2023-04-05;16.25;16.31000;15.38000;15.92000;86953300
2023-04-06;15.45000;16.010000;15.090000;15.66000;65901100
2023-04-10;15.22000;16.5;15.14000;16.39000;63177700
2023-04-11;16.72000;16.79000;16.11000;16.21000;52220200
2023-04-12;16.66000;16.74000;15.27000;15.33000;76962300
2023-04-13;15.39000;15.95000;15.040000;15.67000;59431400
2023-04-14;15.64000;16.19000;15.080000;15.58000;56858500
2023-04-17;15.10000;15.62000;14.95000;15.58000;56761700
2023-04-18;16.020000;16.36000;15.41000;15.78000;56833200
2023-04-19;15.20000;15.38000;14.98000;15.26000;53185600
2023-04-20;14.79000;15.90000;14.75;15.20000;65191000
2023-04-21;15.090000;15.090000;14.48000;14.86000;68276000
2023-04-24;14.78000;15.040000;14.36000;14.63000;48740200
2023-04-25;14.42000;14.42000;13.17000;13.20000;89382800
2023-04-26;13.62000;13.79000;13.18000;13.37000;68911200
2023-04-27;13.33000;13.60000;12.52000;13.54000;87997600
2023-04-28;13.76000;14.27000;13.54000;14.23000;65456800
2023-05-01;14.46000;14.79000;14.32000;14.66000;57191000
2023-05-02;14.66000;14.91000;13.91000;14.35000;61126500
2023-05-03;14.12000;14.62000;13.81000;13.84000;71240700
2023-05-04;13.5;14;13.22000;13.60000;62383900
2023-05-05;13.62000;14.68000;13.44000;14.47000;62449400
2023-05-08;14.46000;14.70000;14.070000;14.65000;41012800
2023-05-09;14.070000;14.12000;13.74000;13.94000;57414300
2023-05-10;14.38000;14.64000;13.91000;14.31000;78346700
2023-05-11;14.33000;14.43000;13.64000;14.070000;54962200
2023-05-12;14.18000;14.37000;13.59000;14.020000;46095300
2023-05-15;14.10000;15.14000;13.97000;15.11000;64054000
2023-05-16;14.98000;15.57000;14.97000;15.050000;54294600
2023-05-17;15.48000;16.34000;15.14000;16.14000;77302900
2023-05-18;16.34000;17.80000;16.32000;17.67000;91302200
2023-05-19;17.59000;17.64000;17.059999;17.39000;49381700
2023-05-22;16.92000;17.72000;16.89000;17.53000;43944400
2023-05-23;17.20000;17.55000;16.79000;16.92000;41287200
2023-05-24;15.89000;16.23000;15.49000;16.030001;87475800
2023-05-25;18.16000;19.39000;17.63000;19.15000;124768700
2023-05-26;20.049999;23.26000;20.030001;22.88000;112964600
2023-05-30;24.57000;24.80000;22.59000;22.87000;99439100
2023-05-31;21.71000;22.67000;21.090000;21.15000;73938700
2023-06-01;21.48000;22.75;20.83000;22.16000;74757400
2023-06-02;22.69000;22.89000;21.53000;22.020000;64902000
2023-06-05;21.75;21.75;20.66000;20.97000;35747700
2023-06-06;20.55000;22.059999;20.43000;21.73000;49445200
2023-06-07;22.15000;23.10000;21.49000;21.64000;65066100
2023-06-08;21.79000;22.47000;21.46000;22.28000;43045900
2023-06-09;23.030001;23.49000;22.090000;22.40000;50040000
2023-06-12;23.20000;24.68000;23.13000;24.60000;52761000
2023-06-13;25.79000;26.080000;24.72000;25.56000;82626800
2023-06-14;25.31000;26.70000;24.84000;26.64000;84622000
2023-06-15;25.75;26.57000;25.42000;25.95000;64797200
2023-06-16;26.77000;26.79000;25.13000;25.24000;55258200
2023-06-20;24.86000;25.55000;23.98000;24.65000;43349100
2023-06-21;24.17000;24.49000;22.70000;22.78000;59099400
2023-06-22;22.28000;23.38000;22.22000;23.10000;44637500
2023-06-23;21.95000;22.28000;21.52000;21.89000;44180600
2023-06-26;22.32000;23.32000;22.049999;22.090000;47524300
2023-06-27;22.29000;24.49000;22.010000;24.37000;54471000
2023-06-28;23.18000;24.44000;23.11000;23.72000;55584500
2023-06-29;24.11000;24.11000;23.17000;23.81000;45213700
2023-06-30;24.57000;25.17000;24.29000;24.83000;47279500
2023-07-03;25.26000;25.75;24.68000;25.49000;25289900
2023-07-05;24.99000;25.18000;23.83000;23.85000;38292000
2023-07-06;22.60000;23.049999;22.040001;22.98000;49420400
2023-07-07;23.080000;24.030001;22.83000;22.96000;41157600
2023-07-10;23.16000;24.44000;23.080000;24.32000;39943500
2023-07-11;24.68000;24.74000;23.28000;24.34000;44231000
2023-07-12;25.44000;25.85000;25;25.69000;54237000
2023-07-13;26.51000;27.45000;26.21000;27.28000;42645500
2023-07-14;27.34000;28.030001;25.90000;26.23000;47819700
2023-07-17;26.28000;28.53000;25.77000;28.059999;50068600
2023-07-18;27.75;28.55000;27.090000;28.26000;46023900
2023-07-19;28.41000;28.44000;27.040001;27.29000;49085500
2023-07-20;25.79000;26.059999;23.87000;24.29000;67340600
2023-07-21;25.010000;25.59000;24.5;24.92000;43045200
2023-07-24;24.91000;25.44000;24.51000;24.90000;29911500
2023-07-25;25.31000;26.59000;25.31000;26.13000;39288500
2023-07-26;25.20000;25.73000;24.21000;25.059999;54225500
2023-07-27;27;28.049999;26;26.46000;83083300
2023-07-28;27.99000;28.44000;27.15000;28.15000;60636000
2023-07-31;28.46000;28.75;27.95000;28.41000;37007400
2023-08-01;27.81000;28.72000;27.44000;28.53000;36908400
2023-08-02;27.5;27.5;24.79000;25.28000;81886500
2023-08-03;24.29000;25.60000;24.070000;25.15000;51031600
2023-08-04;24.82000;25.95000;24.080000;24.88000;59052800
2023-08-07;25.46000;25.78000;24.98000;25.66000;40030800
2023-08-08;24.5;24.55000;23.43000;24.46000;52987700
2023-08-09;24.40000;24.44000;22.95000;23.090000;49811500
2023-08-10;23.66000;24.41000;22.31000;22.81000;65350400
2023-08-11;21.93000;22;21.010000;21.14000;66018400
2023-08-14;20.86000;22.96000;20.66000;22.93000;55110100
2023-08-15;22.62000;22.82000;21.70000;21.80000;45574800
2023-08-16;21.71000;21.78000;20.47000;20.53000;54398900
2023-08-17;20.62000;20.75;19.71000;19.91000;50769000
2023-08-18;19.22000;20.43000;19.11000;20.15000;63506400
2023-08-21;20.51000;22.030001;20.39000;21.88000;60272400
2023-08-22;22.71000;22.82000;21.10000;21.35000;59837800
2023-08-23;20.95000;22.89000;20.90000;22.60000;67010200
2023-08-24;23.89000;23.92000;20.24000;20.41000;87095000
2023-08-25;20.34000;21.17000;19.40000;20.66000;73315300
2023-08-28;21.26000;21.59000;20.76000;21.42000;57976500
2023-08-29;21.090000;23.31000;20.97000;23.070000;62384100
2023-08-30;22.92000;23.70000;22.37000;23.40000;58519900
2023-08-31;23.17000;24.28000;23.14000;23.86000;57584100
2023-09-01;24.35000;24.51000;23.51000;24.020000;50066200
2023-09-05;23.75;24.58000;23.38000;24.020000;39873800
2023-09-06;23.87000;24.29000;22.66000;23.44000;45032300
2023-09-07;21.86000;22.049999;21;21.87000;61690800
2023-09-08;21.72000;22.19000;21.22000;21.5;40693000
2023-09-11;22.24000;22.31000;20.59000;21.45000;55474600
2023-09-12;21;21.98000;20.85000;20.94000;49005100
2023-09-13;20.88000;21.87000;20.79000;21.23000;56098900
2023-09-14;21.86000;21.93000;21.049999;21.65000;54201500
2023-09-15;21.24000;21.27000;19.45000;19.79000;77052100
2023-09-18;19.29000;20.18000;19.20000;19.93000;41631100
2023-09-19;19.76000;19.81000;19.080000;19.43000;50047300
2023-09-20;19.66000;19.92000;18.44000;18.48000;58695600
2023-09-21;17.76000;18.13000;17.39000;17.42000;67572800
2023-09-22;17.90000;18.37000;17.63000;17.84000;65378900
2023-09-25;17.61000;18.28000;17.34000;18.22000;56510100
2023-09-26;17.74000;17.92000;16.99000;17.24000;70947400
2023-09-27;17.64000;18.080000;16.89000;17.68000;80980900
2023-09-28;17.57000;19.22000;17.35000;18.64000;88909800
2023-09-29;19.43000;19.66000;18.66000;18.87000;75483900
2023-10-02;18.95000;19.58000;18.43000;19.080000;65982800
2023-10-03;18.60000;19.39000;17.53000;17.89000;77741000
2023-10-04;18.18000;18.81000;17.77000;18.64000;74018800
2023-10-05;18.58000;18.87000;17.82000;18.40000;63584100
2023-10-06;18.020000;19.79000;17.66000;19.47000;92579900
2023-10-09;18.92000;19.53000;18.45000;19.38000;62652500
2023-10-10;19.56000;20.62000;19.29000;20.049999;67622800
2023-10-11;20.31000;20.68000;19.82000;20.51000;62660000
2023-10-12;20.67000;21.57000;20.090000;20.68000;83392100
2023-10-13;20.80000;20.89000;18.85000;18.98000;88671200
2023-10-16;19.13000;20;19.10000;19.81000;65688500
2023-10-17;18.63000;19.76000;17.91000;19.30000;90214600
2023-10-18;18.37000;18.79000;17.98000;18.28000;81406400
2023-10-19;18.76000;18.93000;17.23000;17.43000;115930900
2023-10-20;17.42000;17.79000;16.57000;16.64000;83300000
2023-10-23;16.35000;17.26000;15.83000;16.39000;89594500
2023-10-24;16.66000;17.13000;16.42000;17.040001;79093400
2023-10-25;16.38000;16.52000;14.71000;14.97000;107436500
2023-10-26;15.13000;15.68000;14.48000;14.73000;101804700
2023-10-27;15.30000;15.57000;14.93000;15.10000;91507300
2023-10-30;14.82000;15.11000;14.020000;14.53000;104353000
2023-10-31;14.54000;15.030000;14.010000;14.90000;75873100
2023-11-01;14.95000;16.020000;14.93000;15.95000;100044400
2023-11-02;16.90000;17.41000;16.38000;17.080000;89974100
2023-11-03;17.60000;18.76000;17.5;18.38000;87767200
2023-11-06;18.45000;18.64000;17.73000;18.25;52668800
2023-11-07;18.16000;18.88000;18.059999;18.60000;56719500
2023-11-08;18.66000;18.96000;18.28000;18.67000;50269100
2023-11-09;19.040001;19.70000;18.28000;18.39000;75784400
2023-11-10;19.059999;20.78000;18.83000;20.60000;95598900
2023-11-13;20.11000;20.20000;19.58000;20.020000;57461900
2023-11-14;21.51000;22.39000;21.38000;22.14000;94381100
2023-11-15;22.61000;23.18000;22.18000;22.63000;78026200
2023-11-16;22.37000;22.91000;22.14000;22.72000;61404400
2023-11-17;22.47000;23.29000;22.37000;23.13000;54090800
2023-11-20;23.090000;24.42000;23.049999;24.18000;56824400
2023-11-21;23.57000;23.60000;22.45000;22.84000;63297900
2023-11-22;23.23000;24.12000;22.82000;23;64858200
2023-11-24;22.97000;23.15000;22.75;23.090000;21933500
2023-11-27;22.79000;23.54000;22.60000;22.97000;40671500
2023-11-28;22.5;22.89000;21.97000;22.54000;53548300
2023-11-29;23.46000;24.30000;23.14000;23.22000;69262600
2023-11-30;23.45000;23.47000;22.19000;22.81000;58913500
2023-12-01;22.38000;23.20000;21.84000;23.070000;54806900
2023-12-04;22.36000;22.44000;21.29000;22.31000;55773300
2023-12-05;21.68000;22.090000;21.34000;21.93000;51980900
2023-12-06;22.83000;22.89000;21.41000;21.47000;60117400
2023-12-07;22.020000;23.40000;21.82000;23.18000;77337000
2023-12-08;23.010000;24.040001;22.95000;23.70000;69195000
2023-12-11;24.39000;26.38000;24.31000;26.11000;80772700
2023-12-12;25.75;26.72000;25.60000;26.65000;55752100
2023-12-13;26.70000;28.40000;26.42000;27.92000;80992700
2023-12-14;28.62000;30.49000;28.61000;30.19000;86502800
2023-12-15;30.46000;31.59000;30.35000;30.57000;66764600
2023-12-18;30.56000;30.71000;29.46000;30.29000;46100400
2023-12-19;30.33000;30.98000;30.29000;30.75;39361100
2023-12-20;30.20000;30.62000;28.049999;28.10000;59562600
2023-12-21;29.75;30.41000;29.35000;30.26000;62019200
2023-12-22;30.62000;31.080000;29.88000;30.51000;42545100
2023-12-26;30.93000;32.53000;30.91000;32.16000;48619700
2023-12-27;32.56000;32.74000;31.85000;32.35000;47991500
2023-12-28;32.59000;32.78000;32.049999;32.22000;34883800
2023-12-29;32.17000;32.35000;30.89000;31.40000;53166400
2024-01-02;29.89000;29.90000;27.26000;28.040001;79763800
2024-01-03;26.59000;27.049999;25.88000;26.25;62304900
2024-01-04;24.96000;26.33000;24.80000;25.58000;75067000
2024-01-05;25.65000;26.62000;25.40000;25.93000;73790500
2024-01-08;26.49000;28.67000;26.43000;28.43000;73206500
2024-01-09;27.5;29.14000;27.35000;28.42000;67616000
2024-01-10;28.64000;28.68000;27.090000;28.17000;62528400
2024-01-11;28.25;29.040001;26.78000;28.46000;77551200
2024-01-12;28.58000;28.98000;27.61000;28.10000;48893000
2024-01-16;28.15000;29.83000;27.70000;29.19000;77707000
2024-01-17;28.37000;28.55000;26.96000;28.43000;77075400
2024-01-18;30.72000;31.31000;29.81000;31.19000;99590300
2024-01-19;32.42000;34.99000;31.90000;34.86000;91549100
2024-01-22;35.68000;36.57000;34.22000;35.26000;73322100
2024-01-23;35.23000;36.0099983;34.22000;35.92000;50847400
2024-01-24;37.099998;38.92000;36.26000;37.42000;97248200
2024-01-25;39.5;39.53000;36.52000;37.12000;82851400
2024-01-26;34.87000;35.55000;33.70000;34.0099983;70933100
2024-01-29;34.23000;35.13000;33.51000;35.040001;54398800
2024-01-30;34.56000;35.13000;33.049999;33.53000;55768200
2024-01-31;31.92000;33.87000;31.14000;32.099998;85888800
2024-02-01;32.28000;32.72000;31.20000;32.45000;60671300
2024-02-02;32.35000;33.92000;32.17000;33.65000;67691200
2024-02-05;34.55000;35.60000;33.42000;35.099998;65899800
2024-02-06;35.37000;35.48000;32.66000;33.83000;62828900
2024-02-07;34.44000;35.49000;33.46000;35.36000;63261800
2024-02-08;35.74000;37.95000;35.64000;37.15000;59516900
2024-02-09;37.86000;39.54000;37.17000;39.32000;65860900
2024-02-12;39.41000;41.33000;38.65000;39.15000;72207900
2024-02-13;35.71000;37.96000;35.16000;36.84000;86489300
2024-02-14;38.14000;39.27000;37.61000;39.12000;62424100
2024-02-15;40;40.12000;38.5;39.11000;60937300
2024-02-16;39.84000;40.78000;37.97000;38.33000;76982300
2024-02-20;37.24000;37.67000;34.66000;36.42000;80980100
2024-02-21;35.11000;36.15000;34.58000;36.14000;65483300
2024-02-22;40.45000;42.049999;39.87000;41.42000;96865500
2024-02-23;42.14000;42.68000;39.41000;40.17000;68430000
2024-02-26;41.22000;41.80000;40.40000;41.21000;49475100
2024-02-27;41.81000;42.16000;40.78000;41.11000;48124600
2024-02-28;39.74000;40.5;39.15000;39.80000;46281900
2024-02-29;41.21000;43.13000;40.77000;42.84000;67431600
2024-03-01;44.40000;48.95000;44.24000;48.33000;90383200
2024-03-04;50;51.41000;49;49.77000;81255500
2024-03-05;48.0099983;49;45.26000;46.84000;76835800
2024-03-06;49.77000;51.85000;48.72000;50.22000;91762300
2024-03-07;52.15000;56.060001;52.099998;55.32000;91590800
2024-03-08;55.94000;56.99000;48.80000;48.95000;128374500
2024-03-11;46.94000;47.79000;45.099998;46.77000;76456400
2024-03-12;48.44000;49.69000;46;49.58000;89505900
2024-03-13;47.90000;48.040001;45.090000;46.080002;79513600
2024-03-14;45.5;46.34000;42.18000;43.53000;77822900
2024-03-15;41.81000;44.14000;41.62000;42.74000;72293600
2024-03-18;44.70000;45.26000;42.33000;42.54000;65139200
2024-03-19;40.71000;41.95000;38.95000;41.42000;83450200
2024-03-20;41.59000;43.80000;40.62000;43.40000;79396800
2024-03-21;47.62000;48.76000;46.060001;46.31000;82495700
2024-03-22;45.68000;47.5;45.25;46.43000;57003100
2024-03-25;44.5;47.18000;44.14000;45.89000;54917700
2024-03-26;46.82000;47.37000;44.88000;45.029999;55697600
2024-03-27;46.23000;46.54000;43.91000;46.5;56643600
2024-03-28;46.31000;47.30000;46.0099983;46.53000;45684700
2024-04-01;46.73000;49.99000;46.72000;47.99000;63270000
2024-04-02;45.83000;46.16000;44.38000;45.88000;57411500
2024-04-03;44.29000;47.18000;44.21000;46.19000;54158200
2024-04-04;48.13000;48.49000;41.98000;42.37000;82719300
2024-04-05;42.70000;44.53000;41.94000;43.62000;71044700
2024-04-08;44.5;45.19000;43.5;44;42780900
2024-04-09;45.37000;45.85000;43.17000;45.39000;66452400
2024-04-10;43.11000;44.77000;42.19000;43.090000;74894000
2024-04-11;43.71000;46.049999;42.66000;45.80000;64703800
2024-04-12;43.32000;43.55000;41.029999;41.51000;79577200
2024-04-15;42.99000;43.40000;39.099998;39.78000;62077800
2024-04-16;39.75;41.17000;39.21000;40.54000;62696200
2024-04-17;40.60000;40.85000;36.64000;37.060001;85426600
2024-04-18;36.040001;36.80000;34.53000;34.91000;91529700
2024-04-19;33.96000;34.58000;30.20000;30.79000;103952400
2024-04-22;31.58000;32.85000;30.5;32.070000;65096900
2024-04-23;32.82000;34.66000;32.59000;34.11000;66511500
2024-04-24;36.91000;37.48000;34.60000;35.49000;80370100
2024-04-25;35.28000;38.18000;34.64000;37.41000;80677600
2024-04-26;37.32000;40.29000;37.0099983;39.80000;59041700
2024-04-29;39.60000;40.83000;38.71000;40.61000;51120700
2024-04-30;40.080002;41.49000;38.12000;38.18000;56304200
2024-05-01;36.080002;38.060001;33.65000;34.37000;97290300
2024-05-02;35.98000;36.91000;34.12000;36.45000;56653400
2024-05-03;38.75;39.58000;38.099998;38.97000;58599400
2024-05-06;39.97000;41.38000;39.48000;41.30000;48404800
2024-05-07;41.53000;41.91000;40.28000;40.36000;51508400
2024-05-08;39.060001;40.5;38.96000;40.41000;53735100
2024-05-09;40.40000;40.62000;39.31000;39.96000;39132700
2024-05-10;41.15000;42.24000;40.52000;41.029999;47048400
2024-05-13;41.60000;42.070000;41.080002;41.27000;30565400
2024-05-14;41.18000;43.44000;41.049999;43.21000;41581500
2024-05-15;44.67000;47.070000;43.99000;47;58063500
2024-05-16;46.96000;48.029999;46.21000;46.26000;46325500
2024-05-17;47.020000;47.38000;44.33000;45.40000;40965800
2024-05-20;45.96000;49.30000;45.81000;48.25;55103200
2024-05-21;46.55000;48.19000;46.41000;47.98000;36437200
2024-05-22;49.25;50;48.099998;49.38000;55487800
2024-05-23;53.15000;53.20000;47.55000;48.81000;81175900
2024-05-24;50.020000;52.070000;49.35000;51.44000;48302500
2024-05-28;53.34000;54.89000;51.75;54.040001;50658400
2024-05-29;51.15000;51.92000;50.65000;50.98000;42965600
2024-05-30;50.84000;51.34000;48.98000;50;38609200
2024-05-31;50.30000;50.72000;44.38000;48.59000;72522600
2024-06-03;50.81000;50.93000;46.12000;48.59000;53127300
2024-06-04;48.46000;48.65000;46.43000;47.59000;46692500
2024-06-05;50.029999;53.87000;49.57000;53.52000;66560100
2024-06-06;53.79000;53.79000;51.23000;52.51000;43947600
2024-06-07;52.23000;52.90000;50.81000;51.87000;50248700
2024-06-10;50.52000;54.58000;50.42000;53.95000;43860900
2024-06-11;53.38000;54.48000;51.70000;54.17000;37695700
2024-06-12;57.25;59.45000;56.81000;58.72000;73759300
2024-06-13;60.070000;61.49000;58.30000;60.86000;45660700
2024-06-14;58.95000;60.55000;58.35000;60.099998;39112000
2024-06-17;61;63.15000;58.95000;62.67000;54196500
2024-06-18;63.42000;66.19000;63.099998;65.24000;47069100
2024-06-20;65.52000;65.83000;58.79000;60.020000;60852900
2024-06-21;58.42000;60.18000;56.029999;58.20000;50355100
2024-06-24;56.45000;57.49000;53.029999;53.22000;54326400
2024-06-25;54.23000;55.45000;52.35000;55.30000;44272500
2024-06-26;55.16000;56.22000;52.85000;54.78000;41093400
2024-06-27;54.33000;55.58000;52.82000;53.80000;35417000
2024-06-28;54.87000;58.58000;54.090000;55.36000;55584600
2024-07-01;55.36000;55.55000;52.25;55.36000;43335000
2024-07-02;54.36000;57.75;54.28000;57.60000;45011700
2024-07-03;58.099998;61.52000;57.18000;60.39000;40242700
2024-07-05;61.86000;62.38000;59.79000;60.81000;38395400
2024-07-08;62.26000;64.5;62.20000;64.31000;42861600
2024-07-09;65.13000;66.15000;62.42000;64.25;41789800
2024-07-10;65.89000;69;65.010002;68.59000;48280800
2024-07-11;70.010002;70.080002;61.22000;61.99000;75368500
2024-07-12;62.84000;67.30000;61.65000;63.94000;51046400
2024-07-15;64.94000;66.76000;63.049999;64.14000;48228700
2024-07-16;65.019997;65.59000;62.23000;65.30000;39846400
2024-07-17;58.60000;59.30000;51.22000;51.55000;99429800
2024-07-18;54.16000;54.17000;49.12000;51.66000;94172600
2024-07-19;51.78000;52.37000;46.75;47;75969100
2024-07-22;50.049999;52.95000;48.81000;52.93000;73675300
2024-07-23;50.5;52.070000;50;50.53000;50181600
2024-07-24;48.43000;48.79000;42.25;42.90000;90534800
2024-07-25;41.51000;43.70000;37.39000;39.78000;143325900
2024-07-26;42.24000;43;40.71000;41.92000;82759200
2024-07-29;43.37000;45;41.26000;41.81000;80788400
2024-07-30;42.38000;42.67000;36.78000;37.24000;108596000
2024-07-31;42.30000;44.76000;41.42000;44.39000;96880500
2024-08-01;42.049999;43.42000;33.42000;35;163864400
2024-08-02;30.56000;31.59000;28.14000;29.34000;198233900
2024-08-05;23.52000;30.15000;23.5;27.89000;220042200
2024-08-06;28.60000;30.80000;27.17000;28.58000;137309500
2024-08-07;31.32000;31.94000;25.94000;26.22000;146256500
2024-08-08;28.57000;31.60000;26.87000;31.46000;149988600
2024-08-09;30.71000;31.79000;29.58000;31.010000;96949800
2024-08-12;31.11000;32.59000;30.23000;31.41000;89135100
2024-08-13;32.66000;35.43000;32.19000;35.28000;103380000
2024-08-14;36.18000;36.64000;33.27000;35.049999;112421600
2024-08-15;37.35000;40.47000;36.86000;39.92000;107522700
2024-08-16;38.79000;40.23000;38.070000;39.73000;82364600
2024-08-19;39.28000;41.75;37.89000;41.60000;77684200
2024-08-20;41.049999;41.92000;39.099998;40.090000;83644600
2024-08-21;40.75;42.36000;40.33000;41.73000;83611500
2024-08-22;42.51000;42.88000;37.11000;37.51000;107889900
2024-08-23;39.16000;41.21000;38.59000;40.40000;87128100
2024-08-26;39.75;40.29000;36.91000;37.37000;86603000
2024-08-27;36.51000;38.97000;35.52000;38.49000;74033300
2024-08-28;38.090000;38.86000;35.29000;36.60000;101998500
2024-08-29;37.060001;38.93000;35.63000;36.19000;97333200
2024-08-30;38.68000;39.22000;37.060001;38.79000;85280800
2024-09-03;36.80000;36.81000;29.40000;30.070000;140077900
2024-09-04;29.070000;31.69000;28.73000;30.30000;108759900
2024-09-05;29.049999;31.20000;28.83000;29.75;100075900
2024-09-06;29.11000;29.17000;25.5;25.96000;156147600
2024-09-09;27.18000;27.73000;26.15000;27.43000;84474500
2024-09-10;27.54000;28.39000;26.24000;28.35000;81557500
2024-09-11;28.89000;32.42000;27.080000;32.22000;143140900
2024-09-12;31.75;32.69000;30.35000;31.81000;99273300
2024-09-13;32.52000;33.72000;32.36000;33.43000;78147300
2024-09-16;32.029999;32.64000;30.84000;32.16000;79670100
2024-09-17;33.31000;33.56000;31.36000;32.16000;86913700
2024-09-18;32.54000;34;31.049999;31.14000;113735500
2024-09-19;34.68000;36.44000;33.88000;35.12000;123984300
2024-09-20;34.049999;34.40000;32.040001;33.55000;108589600
2024-09-23;33.97000;34.38000;33.19000;33.92000;59731600
2024-09-24;34.84000;35.70000;33.58000;35.070000;83369600
2024-09-25;34.71000;36.46000;34.65000;35.74000;73587500
2024-09-26;40.20000;40.51000;36.71000;39.65000;138171800
2024-09-27;40;40.0099983;37.099998;37.66000;85253500
2024-09-30;36.25;37.41000;35.049999;36.68000;74316700
2024-10-01;36.59000;36.99000;32.74000;33.83000;124928300
2024-10-02;33.85000;36.049999;33.16000;34.96000;81729100
2024-10-03;34.070000;36.61000;33.98000;35.21000;86857200
2024-10-04;37.31000;37.53000;35.45000;36.68000;100846900
2024-10-07;35.92000;37.24000;35.57000;36.41000;73150200
2024-10-08;36.42000;37.83000;35.66000;37.46000;66629700
2024-10-09;37.29000;38.76000;36.53000;38.61000;67182800
2024-10-10;37.099998;38.42000;36.36000;37.83000;79999000
2024-10-11;36.93000;39.049999;36.86000;38.67000;58434500
2024-10-14;39.44000;41.060001;39.35000;40.82000;69661800
2024-10-15;40.49000;41.19000;33.64000;34.47000;131664200
2024-10-16;35.75;35.75;34;34.46000;70233000
2024-10-17;37.17000;37.36000;35.21000;35.21000;97549000
2024-10-18;36.25;36.33000;34.85000;35.27000;56704300
2024-10-21;34.84000;35.38000;33.73000;35.090000;59115800
2024-10-22;34.40000;35.029999;33.85000;34.69000;51493100
2024-10-23;34.41000;34.88000;32.29000;33.80000;81658300
2024-10-24;34.58000;34.74000;33.53000;34.29000;60128300
2024-10-25;35.19000;36.87000;35.17000;35.28000;82300500
2024-10-28;35.30000;36.090000;34.75;35.35000;51661100
2024-10-29;35.46000;38.45000;34.94000;37.98000;72288200
2024-10-30;34.97000;35.70000;33.91000;34.0099983;89440100
2024-10-31;33.0099983;33.020000;29.23000;30.090000;135437800
2024-11-01;30.69000;31.83000;30.38000;30.83000;80726000
2024-11-04;30.61000;31.67000;30.010000;30.35000;60422400
2024-11-05;30.36000;31.49000;30.25;31.38000;63174900
2024-11-06;33.25;34.5;32.40000;34.12000;97893100
2024-11-07;35.77000;36.37000;35.44000;36.21000;77945800
2024-11-08;35.56000;36.28000;34.84000;35.41000;62666300
2024-11-11;34.35000;34.41000;31.48000;32.77000;99155700
2024-11-12;32.37000;32.55000;30.38000;31.67000;75694800
2024-11-13;30.83000;31.22000;29.47000;29.69000;92269200
2024-11-14;30.59000;30.84000;29.38000;29.60000;68994200
2024-11-15;28.010000;28.49000;26.43000;26.66000;113560200
2024-11-18;26.70000;27.83000;26.30000;27.67000;70735100
2024-11-19;27.37000;28.030001;27.090000;27.85000;57030600
2024-11-20;27.34000;27.56000;26;27.13000;90911700
2024-11-21;28.049999;28.92000;26.47000;28.49000;106013200
2024-11-22;28.25;28.69000;27.84000;28.49000;52604100
2024-11-25;29.58000;30.10000;28.74000;29.33000;70536000
2024-11-26;30.040001;30.25;27.46000;28.13000;73204200
2024-11-27;27.68000;27.75;25.58000;26.98000;84235700
2024-11-29;27.55000;29.040001;27.5;28.059999;54303400
2024-12-02;28.56000;30.80000;28.46000;30.20000;89389800
2024-12-03;29.58000;30.28000;29.40000;29.73000;59730300
2024-12-04;31.54000;31.56000;30.24000;30.88000;67498800
2024-12-05;30.75;30.87000;28.88000;29.12000;59282100
2024-12-06;29.20000;29.86000;28.90000;29.61000;49152300
2024-12-09;29.070000;30.32000;28.61000;29.23000;54963000
2024-12-10;29.43000;29.53000;26.56000;27.059999;77681700
2024-12-11;28.33000;29.63000;27.79000;29.12000;77277400
2024-12-12;28.45000;28.83000;27.74000;28.46000;59937600
2024-12-13;30.37000;31.31000;29.49000;30.70000;103693900
2024-12-16;31.12000;32.95000;30.39000;32.51000;85469700
2024-12-17;31.58000;32.090000;30.55000;31.13000;64499000
2024-12-18;31.78000;32.48000;27;27.83000;102912200
2024-12-19;27.97000;28.010000;26.059999;26.30000;86520100
2024-12-20;25.82000;28.37000;25.59000;27.30000;108080200
2024-12-23;27.89000;29.76000;27.86000;29.59000;79330900
2024-12-24;30.26000;30.57000;29.66000;30.48000;39963700
2024-12-26;29.90000;31.10000;29.76000;30.57000;45184100
2024-12-27;29.98000;30.18000;28.59000;29.69000;59316300
2024-12-30;28.24000;28.78000;27.32000;27.94000;64859000
2024-12-31;28.20000;28.57000;26.93000;27.31000;61199500
2025-01-02;28.13000;29.049999;27.040001;27.67000;80996300
2025-01-03;28.32000;30.12000;28.16000;29.82000;72119600
2025-01-06;31.81000;33.63000;31.81000;32.49000;95159500
2025-01-07;33.57000;33.73000;30.60000;31.15000;79205700
2025-01-08;30.80000;31.010000;29.18000;30.18000;69523500
2025-01-10;29.059999;29.090000;27.44000;28.059999;85395000
2025-01-13;26.44000;27.87000;26.25;27.85000;68286400
2025-01-14;28.47000;28.96000;27.18000;28.12000;79759400
2025-01-15;29.65000;30.46000;29.30000;29.94000;69461300
2025-01-16;31.46000;31.72000;29.99000;29.99000;78881100
2025-01-17;32.029999;32.71000;31.48000;32.49000;69688900
2025-01-21;33.33000;34.53000;32.5;33.69000;60897500
2025-01-22;34.69000;36.15000;34.41000;35.15000;57709400
2025-01-23;33.44000;34.92000;33.0099983;34.92000;44900600
2025-01-24;34.94000;34.94000;32.31000;32.65000;60111500
2025-01-27;27.66000;28.080000;23.84000;25.059999;198431800
2025-01-28;25.44000;25.80000;23.75;25.37000;103185300
2025-01-29;26.11000;26.30000;24.85000;25.68000;94141700
2025-01-30;26.58000;27.67000;26.14000;27.15000;87140400
2025-01-31;27.63000;29.25;26.70000;27.020000;102622500
2025-02-03;24.80000;26.49000;24.31000;25.61000;103914300
2025-02-04;25.34000;26.60000;25.20000;26.25;60520500
2025-02-05;26.090000;27.95000;25.54000;27.70000;70330700
2025-02-06;27.17000;27.80000;26.72000;27.69000;59735100
2025-02-07;27.87000;28.28000;25.80000;26.33000;87930800
2025-02-10;26.92000;27.55000;26.90000;27.35000;53330500
2025-02-11;26.68000;27.90000;26.68000;27.40000;43880500
2025-02-12;26.18000;27.54000;25.95000;27.54000;57999300
2025-02-13;27.49000;28.55000;27.40000;28.47000;61026300
2025-02-14;28.49000;28.82000;28.11000;28.55000;43089600
2025-02-18;29.20000;30.23000;28.71000;29.99000;60222200
2025-02-19;30.19000;31.89000;29.76000;31.47000;58412700
2025-02-20;32.060001;32.64000;30.70000;31.70000;50903200
2025-02-21;31.91000;31.96000;28.40000;28.81000;61966500
2025-02-24;29.16000;29.26000;26.66000;26.76000;63724100
2025-02-25;26.66000;26.92000;24.82000;25.070000;90907500
2025-02-26;25.99000;27;25.52000;26.29000;75869500
2025-02-27;26.78000;26.90000;21.73000;21.75;144841600
2025-02-28;21.80000;23.22000;21.020000;22.73000;110939400
2025-03-03;23.72000;23.73000;19.71000;20.51000;141822100
2025-03-04;20.28000;22.26000;19;20.65000;154119800
2025-03-05;21.25;22.16000;20.12000;21.95000;117702400
2025-03-06;19.71000;21.020000;19.010000;19.23000;164277600
2025-03-07;19.5;21.090000;18.75;20.88000;139349200
2025-03-10;19.34000;19.80000;17.10000;17.99000;169215200
2025-03-11;18.049999;18.5;16.51000;17.41000;161267000
2025-03-12;18.54000;19.11000;17.90000;18.30000;137654500
2025-03-13;18.38000;19.27000;17.58000;18.090000;117160200
2025-03-14;19.059999;19.93000;18.99000;19.80000;99718700
2025-03-17;19.51000;21.28000;19.5;20.79000;82794200
2025-03-18;20.19000;20.40000;19.52000;19.93000;79140900
2025-03-19;19.89000;21.37000;19.46000;20.38000;83249700
2025-03-20;19.61000;20.57000;19.59000;19.93000;80380600
2025-03-21;18.82000;19.49000;18.37000;19.28000;84348300
2025-03-24;20.48000;21.37000;20.37000;21;91671300
2025-03-25;20.83000;21.020000;20.35000;20.55000;57784400
2025-03-26;20.30000;20.51000;18.20000;18.79000;94328400
2025-03-27;18.17000;18.41000;17.36000;17.76000;103112800
2025-03-28;17.33000;17.59000;15.74000;16.030001;138232400
2025-03-31;15.070000;15.98000;14.40000;15.95000;111345600
2025-04-01;15.73000;15.99000;14.83000;15.95000;106085000
2025-04-02;15.19000;16.89000;15.030000;16.26000;141655200
2025-04-03;13.81000;14.12000;11.40000;11.41000;302517400
2025-04-04;10.050000;10.43000;8.18000;8.73000;499158100
2025-04-07;7.88000;10.98000;7.23000;9.15000;723467300
2025-04-08;10.41000;10.84000;7.60000;8.25;488735500
2025-04-09;8.48000;13.11000;8.24000;12.77000;787748800
2025-04-10;10.92000;11.14000;8.35000;9.63000;686331800
2025-04-11;9.35000;10.39000;8.91000;10.23000;412972900
2025-04-14;11.15000;11.16000;9.97000;10.47000;358849500
2025-04-15;10.60000;11.020000;10.41000;10.60000;230001400
2025-04-16;9.13000;9.75;8.33000;9.34000;362439300
2025-04-17;9.55000;9.55000;8.90000;9.20000;233659100
2025-04-21;8.67000;8.74000;8.15000;8.71000;255318100
2025-04-22;8.96000;9.40000;8.85000;9.18000;249211900
2025-04-23;10.58000;10.90000;10.10000;10.29000;368456100
2025-04-24;11.050000;12.090000;10.85000;12;339636700
2025-04-25;11.63000;12.59000;11.51000;12.34000;274438500
2025-04-28;12.16000;12.53000;11.45000;12.29000;203468900
2025-04-29;11.81000;12.27000;11.62000;11.86000;184045100
2025-04-30;10.99000;12.21000;10.75;12.16000;229393200
2025-05-01;12.54000;12.81000;12.050000;12.10000;203349500
2025-05-02;12.89000;13.69000;12.89000;13.29000;223410600
2025-05-05;12.93000;13.41000;12.87000;13.050000;127572300
2025-05-06;12.33000;12.95000;12.12000;12.64000;158548700
2025-05-07;12.61000;13.40000;12.23000;13.28000;189249300
2025-05-08;13.84000;14.34000;13.38000;13.66000;203277000
2025-05-09;14.21000;14.47000;13.74000;14.11000;149644500
2025-05-12;16.89000;17.47000;16.5;17.13000;263806000
2025-05-13;17.36000;18.86000;17.28000;18.60000;212931800
2025-05-14;18.97000;19.37000;18.43000;18.84000;179343100
2025-05-15;18.32000;18.91000;17.82000;18.47000;141287600
2025-05-16;18.53000;18.60000;17.76000;18.39000;113068600
2025-05-19;17.15000;18.21000;17.090000;18.059999;123632000
2025-05-20;17.62000;18;17.44000;17.97000;84252500
2025-05-21;17.56000;18.59000;16.65000;17;149964800
2025-05-22;16.97000;17.43000;16.48000;16.51000;144981100
2025-05-23;15.21000;16;15.10000;15.73000;179062600
2025-05-27;16.74000;17.51000;16.35000;17.29000;136539700
2025-05-28;17.43000;17.57000;16.90000;17.040001;126785300
2025-05-29;18.18000;18.21000;16.90000;17.20000;181707100
2025-05-30;16.90000;16.90000;15.24000;16.17000;194058700
2025-06-02;16.059999;17.10000;16.040001;16.90000;103937000
2025-06-03;16.93000;18.38000;16.58000;18.30000;158644000
2025-06-04;18.68000;19.26000;18.22000;19.090000;146325300
2025-06-05;19.49000;19.99000;18.42000;18.81000;187397100
2025-06-06;19.40000;19.95000;19.15000;19.18000;114398700
2025-06-09;19.71000;21.059999;19.68000;20.58000;162686000
2025-06-10;20.84000;22.10000;20.69000;21.89000;142811000
2025-06-11;22.36000;22.60000;20.99000;21.64000;160395000
2025-06-12;21.24000;22.070000;21.090000;21.69000;100384500
2025-06-13;20.32000;21.059999;19.84000;20.040001;166989600
2025-06-16;20.83000;22.22000;20.79000;21.90000;121972300
2025-06-17;21.61000;22.53000;21.34000;21.42000;122379500
2025-06-18;21.72000;22.38000;21.23000;21.61000;113893800
2025-06-20;22.14000;22.33000;20.37000;21.21000;137078900
2025-06-23;21.18000;21.98000;20.28000;21.58000;125143700
2025-06-24;22.66000;24.030001;22.63000;23.95000;137608000
2025-06-25;24.40000;24.60000;23.87000;24.58000;107621600
2025-06-26;25.18000;25.36000;24.59000;25.20000;92382200
2025-06-27;25.21000;25.84000;24.28000;25.11000;113655600
2025-06-30;25.49000;25.5;24.68000;25.11000;78035000
2025-07-01;24.38000;25.17000;23.58000;24.71000;107277300
2025-07-02;24.51000;26.39000;24.45000;26.049999;107157100
2025-07-03;26.40000;26.72000;26.23000;26.43000;62695800
2025-07-07;25.73000;26.049999;24.62000;24.97000;93297600
2025-07-08;25.63000;27.030001;25.36000;26.37000;90457500
2025-07-09;26.63000;27.41000;25.89000;26.65000;86818700
2025-07-10;27.39000;27.73000;26.66000;27.37000;87602500
2025-07-11;26.85000;27.54000;26.55000;27.29000;71855400
2025-07-14;26.64000;26.77000;25.32000;26.5;99670600
2025-07-15;28.049999;28.46000;27.21000;27.29000;108926200
2025-07-16;26.60000;27.049999;24.91000;27.030001;125700900
2025-07-17;26.96000;27.51000;26.42000;27.32000;85334100
2025-07-18;27.66000;27.90000;26.76000;27.33000;68274300
2025-07-21;27.56000;28.5;27.44000;27.5;79860300
2025-07-22;27.12000;27.28000;25.34000;26.32000;118871600
2025-07-23;25.65000;25.91000;24.84000;25.78000;105639200
2025-07-24;25.66000;25.79000;24.95000;25.62000;77503300
2025-07-25;25.17000;25.62000;24.83000;25.60000;68037900
2025-07-28;26.38000;26.99000;26.34000;26.88000;88108400
2025-07-29;27.41000;28.16000;26.5;27.030001;101714500
2025-07-30;27.75;28.13000;26.93000;27.61000;96772200
2025-07-31;26.70000;26.74000;24.20000;24.98000;133413800
2025-08-01;23.58000;24.83000;22.57000;24.080000;132665200
2025-08-04;24.59000;25.18000;24.24000;25;85963800
2025-08-05;25.42000;25.68000;23.61000;24.52000;99733400
2025-08-06;23.84000;24.12000;22.95000;23.99000;103447500
2025-08-07;25.48000;25.88000;24.53000;25;117228400
2025-08-08;25.16000;25.83000;24.90000;25.71000;71389900
2025-08-11;26.030001;26.89000;25.45000;25.61000;75943500
2025-08-12;26.21000;28.080000;25.68000;28;125315900
2025-08-13;28.65000;29.33000;28.31000;29.27000;89497100
2025-08-14;28.12000;29.66000;27.95000;29.42000;84286800
2025-08-15;28.71000;28.71000;27.070000;27.37000;93664700
2025-08-18;27.10000;27.65000;27.030001;27.53000;50310400
2025-08-19;27.57000;27.86000;26.10000;26.24000;75595100
2025-08-20;26.11000;26.11000;23.66000;25.80000;117636500
2025-08-21;25.40000;25.90000;24.91000;25.35000;67871100
2025-08-22;25.56000;28.32000;25.34000;27.45000;117140900
2025-08-25;27.35000;27.58000;26.81000;27.30000;55018700
2025-08-26;27.53000;28.22000;27.52000;27.94000;57544300
2025-08-27;27.61000;28.23000;27.28000;28.18000;61375200
2025-08-28;28.41000;29.11000;27.96000;28.53000;74466400
2025-08-29;27.32000;27.35000;25.67000;26.040001;108411300
2025-09-02;24.080000;25.28000;23.80000;25.25;101906700
2025-09-03;25.41000;25.41000;24.12000;24.91000;79482200
2025-09-04;24.41000;25.73000;23.98000;25.65000;81641200
2025-09-05;26.82000;26.97000;25.60000;26.45000;110749400
2025-09-08;26.96000;27.43000;26.68000;27.080000;72341700
2025-09-09;27.17000;27.37000;26.57000;27.18000;55882300
2025-09-10;28.48000;28.83000;28.070000;28.60000;86721600
2025-09-11;29.059999;29.61000;28.97000;29.17000;69919800
2025-09-12;29.37000;29.55000;28.79000;29.30000;52502600
2025-09-15;29.14000;30.030001;28.92000;30;61268000
2025-09-16;30.33000;30.65000;29.79000;30.48000;54148200
2025-09-17;30.28000;31.25;29.16000;30.47000;80483900
2025-09-18;32.76000;34.14000;32.43000;33.64000;104513300
2025-09-19;33.56000;33.60000;32.12000;33.020000;66106100
2025-09-22;33.20000;34.75;33.19000;34.43000;62948200
2025-09-23;34.70000;35.30000;33.67000;34.30000;63661700
2025-09-24;33.96000;34.39000;32.81000;34.20000;58369900
2025-09-25;32.44000;34.060001;31.36000;33.85000;79969600
2025-09-26;33.93000;34.23000;32.83000;34.020000;60944500
2025-09-29;35.029999;35.49000;33.99000;34.020000;56593700
2025-09-30;34.070000;34.96000;33.57000;34.84000;60696800
2025-10-01;34.18000;36.98000;33.98000;36.86000;67094700
2025-10-02;38.96000;39.32000;38.14000;39.080002;68834400
2025-10-03;39.48000;40.060001;37.62000;38.23000;69252500
2025-10-06;42.83000;43.37000;41.66000;41.71000;99880300
2025-10-07;42.78000;43.020000;38.70000;38.83000;96375900
2025-10-08;38.87000;42.94000;38.68000;42.78000;77149800
2025-10-09;42.58000;42.84000;41.0099983;42.24000;63095700
2025-10-10;42.52000;42.84000;34.17000;34.21000;204858900
2025-10-13;38.23000;39.47000;37.37000;39.14000;89274100
2025-10-14;36.62000;39.0099983;35.95000;36.63000;100358200
2025-10-15;39.55000;40.17000;37.71000;39.98000;96059800
2025-10-16;41.45000;41.93000;39.28000;40.57000;89397000
2025-10-17;39.61000;40.80000;38.32000;40.29000;92083400
2025-10-20;41.16000;43.040001;41.13000;42.24000;62424500
2025-10-21;41.81000;42.029999;40.52000;41.51000;54386700
2025-10-22;40.080002;40.81000;35.97000;38.39000;110646700
2025-10-23;37.73000;41.47000;37.55000;41.17000;72467000
2025-10-24;43.43000;44.16000;42.96000;43.14000;69872500
2025-10-27;45.49000;47.16000;45.14000;46.84000;72684100
2025-10-28;46.44000;47.61000;45.94000;46.96000;53995000
2025-10-29;49.37000;50.76000;48.049999;49.38000;88268800
2025-10-30;48.5;49.97000;47.27000;47.39000;76956300
2025-10-31;48.77000;49.99000;46.71000;47.78000;75650400
2025-11-03;49.5;50.19000;48.029999;48.58000;52610600
2025-11-04;44.77000;46.88000;42.53000;42.80000;87734300
2025-11-05;43.22000;48.43000;43.21000;46.83000;76488900
2025-11-06;46.46000;46.99000;42.15000;43.0099983;106419600
2025-11-07;41.099998;41.74000;37.040001;41.74000;143013500
2025-11-10;45.060001;45.52000;43.46000;44.96000;74223300
2025-11-11;43.72000;44.040001;41.65000;41.81000;80862700
2025-11-12;44.0099983;44.63000;42.85000;43.71000;77730900
2025-11-13;42.17000;42.64000;38;39.22000;126123700
2025-11-14;35.74000;40.60000;35.15000;38.86000;125398600
2025-11-17;37.90000;40.080002;35.53000;36.84000;101936600
2025-11-18;35.31000;36.0099983;33.15000;34.35000;153515800
2025-11-19;34.72000;37.30000;34.20000;35.96000;120458900
2025-11-20;38.79000;39.19000;30.41000;30.81000;228883600
2025-11-21;30.85000;33.040001;28.12000;31.73000;205537900
2025-11-24;32.69000;36.31000;32.65000;35.86000;108832500
2025-11-25;34.34000;36.45000;32.049999;36.17000;108634700
2025-11-26;37.44000;40.15000;37.30000;39.19000;104203900
2025-11-28;39.65000;41.33000;39.25;41.26000;57190400
2025-12-01;39.58000;42.36000;39.46000;41.31000;79426200
2025-12-02;42.79000;44.61000;42.029999;43.80000;111736200
2025-12-03;44.45000;46.68000;43.15000;46.58000;94299300
2025-12-04;45.89000;46.099998;44.44000;45.16000;77656900
2025-12-05;46.47000;48.049999;46.30000;46.5;77049800
2025-12-08;47.56000;48.60000;46.70000;47.99000;69225000
2025-12-09;47.040001;48.049999;46.47000;47.79000;56373300
2025-12-10;47.65000;50.090000;47.0099983;49.65000;91153100
2025-12-11;48.0099983;48.90000;44.66000;48.79000;88063000
2025-12-12;46.92000;47.38000;41.060001;41.71000;138088200
2025-12-15;43.11000;43.42000;40.80000;41.18000;78218600
2025-12-16;40.75;41.66000;39.24000;40.49000;94566700
2025-12-17;41;41.32000;35.70000;36.0099983;126113900
2025-12-18;39.97000;40.42000;38.11000;38.58000;97164000
2025-12-19;39.60000;42.36000;39.5;41.72000;92529100
2025-12-22;44.45000;44.56000;42.73000;43.26000;62717400
2025-12-23;42.62000;43.80000;42.22000;43.70000;44455700
2025-12-24;43.72000;44.36000;43.59000;44.21000;30717800
2025-12-26;44.75;44.79000;43.81000;44.21000;38006400
2025-12-29;42.98000;44.33000;42.35000;43.82000;54612100
2025-12-30;44.15000;44.75;43.57000;43.67000;40697400
2025-12-31;43.89000;44.15000;42.0099983;42.029999;44754800
2026-01-02;45.13000;48.090000;45.080002;47.24000;132719700
2026-01-05;50.35000;51.22000;48.63000;49.22000;94987500
2026-01-06;51.11000;54.30000;51.070000;54.0099983;92678600
2026-01-07;52.20000;52.74000;50.84000;52.29000;65698500
2026-01-08;51.80000;51.81000;48.13000;49.65000;79844800
2026-01-09;51.090000;54.76000;50.31000;53.95000;87214400
2026-01-12;52.39000;55.15000;52.35000;54.65000;53193700
2026-01-13;55.69000;57.63000;55.43000;56.070000;61895400
2026-01-14;54.89000;55.44000;53;55.38000;70434900
2026-01-15;60.96000;61.67000;58.0099983;58.080002;89664300
2026-01-16;61.19000;62.19000;59.5;60.75;58559500
2026-01-20;57.34000;61.049999;57.22000;57.94000;71408300
2026-01-21;60.24000;65.11000;59.46000;63.48000;103027300
2026-01-22;66.90000;66.96000;63.040001;63.72000;62594200
2026-01-23;62.48000;63.36000;60.15000;61.60000;58613600
2026-01-26;60.75;61.96000;59.60000;60.70000;42592400
2026-01-27;63.31000;65.99000;62.54000;64.96000;61155400
2026-01-28;69;70.93000;67.98000;70.089996;74205500
2026-01-29;70.40000;71.98000;62.65000;70.47000;78058200
2026-01-30;67.12000;69.86000;60.29000;61.79000;83504200
2026-02-02;59.46000;66.94000;59.099998;65.20000;66961000
2026-02-03;66.81000;67.62000;57.020000;61.20000;101338500
2026-02-04;59.44000;61.029999;49.33000;53.19000;139149400
2026-02-05;51.31000;55.49000;50.0099983;53.25;109350300
2026-02-06;56.40000;62.25;55.67000;61.75;108594200
2026-02-09;59.99000;65.050003;59.29000;64.029999;66670500
2026-02-10;64.67000;65.21000;61.42000;63.34000;58273900
2026-02-11;67.21000;69.099998;63.23000;68.050003;89724200
2026-02-12;69.67000;70.86000;62.77000;63.099998;90896100
2026-02-13;63.93000;66.25;61.43000;64.59000;79931300
2026-02-17;62.020000;65.96000;59.56000;64.35000;79420400
2026-02-18;65.26000;68.45000;64.070000;66.29000;69349000
2026-02-19;64.33000;65.51000;62.96000;65.23000;68827500
2026-02-20;63.76000;68.22000;63.58000;67.11000;81017900
2026-02-23;65.85000;67.65000;63.47000;65.86000;66926300
2026-02-24;68.11000;70;66.35000;68.53000;66892100
2026-02-25;70.89000;72.36000;70.48000;71.86000;52929300
2026-02-26;71.029999;71.11000;61.63000;65.34000;97787900
2026-02-27;61.51000;63.76000;60.66000;62.77000;70112700
2026-03-02;58.11000;62.82000;58.049999;62.76000;81699800
2026-03-03;55.12000;55.86000;51.36000;53.42000;131198300
2026-03-04;55.96000;57.72000;54.38000;56.62000;78143300
2026-03-05;55.32000;57.69000;51.13000;54.80000;110055800
2026-03-06;50.090000;53.36000;46.80000;47.89000;125241500
2026-03-09;45.51000;53.78000;44.53000;53.32000;114897700
2026-03-10;53.36000;57.78000;53.36000;54.59000;104717600
2026-03-11;55.5;57.74000;55.35000;56.090000;83007700
2026-03-12;53.53000;53.88000;49.53000;50.28000;105674400
2026-03-13;51.88000;53.96000;50.040001;50.72000;83244300
2026-03-16;54.060001;55.68000;53.0099983;53.69000;79819200
2026-03-17;55.099998;55.40000;53.30000;54.95000;59567700
2026-03-18;55.029999;56.48000;54;54.020000;75470000
2026-03-19;49.53000;56.11000;48.5;54.85000;93732700
2026-03-20;54.69000;55.36000;49;51.14000;101773000
2026-03-23;54.63000;56.81000;52.28000;53.029999;115257400
2026-03-24;51.54000;56.090000;51.54000;54.96000;92153500
2026-03-25;56.64000;58.25;55.59000;57.040001;84440300
2026-03-26;54.19000;54.44000;48.87000;48.97000;116603800
2026-03-27;48.040001;49.38000;45.96000;46.61000;99401400
2026-03-30;47.86000;48.29000;39.52000;40.62000;139746200
2026-03-31;42.88000;48.18000;42.61000;47.91000;138002100
2026-04-01;50.040001;54.090000;49.62000;52.26000;121955600
2026-04-02;46.060001;53.070000;46.049999;52.75;104471700
2026-04-06;53.75;55.60000;52.88000;54.81000;68780400
2026-04-07;54.32000;56.60000;52.13000;56.55000;107326500
2026-04-08;66.33000;67.98000;63.56000;67.5;111697300
2026-04-09;68.12000;72.28000;68.12000;71.98000;79331600
2026-04-10;74.30000;78.30000;74.30000;76.39000;78863600
2026-04-13;75.59000;80.74000;75.25;80.56000;64504600
2026-04-14;83.27000;85.57000;80.71000;85.31000;61657000
2026-04-15;84.66000;85.98000;79.76000;85.96000;68425400
2026-04-16;85.010002;89.39000;83.31000;88.37000;63777500
2026-04-17;93.20000;94.75;90.66000;94.68000;67081400
2026-04-20;95.97000;96.93000;92.029999;95.94000;49367800
2026-04-21;97.97000;99.95000;95.32000;98.089996;65206900
2026-04-22;102.94000;106.089996;99.60000;105.64000;58165200
2026-04-23;108.62000;116.77000;107.46000;112.77000;96510200
2026-04-24;125.21000;130.12000;120.24000;128.32001;83092400
2026-04-27;128.33000;129.59000;117.79000;123.39000;73334600
2026-04-28;108.75;115.62000;103.99000;109.56000;94099700
2026-04-29;114.76000;118.32000;112.30000;117.97000;55503700
2026-04-30;122.81000;127.45000;117.5;126.98000;58536700
2026-05-01;124.39000;131.38000;121.66000;130.39999;40940300
2026-05-04;132.20000;133.67000;123.80000;127.55000;46455700
2026-05-05;135;147.25999;134.020004;144.16000;52130100
2026-05-06;157.84000;166;149.059998;165.85001;65579200
2026-05-07;162.12000;162.89999;147.61000;152.10001;72375200
2026-05-08;163;177.5;161.50999;176.94000;47016500
2026-05-11;181;191.28999;178.94000;190.42000;50496000
2026-05-12;177.62000;182.24001;150.58000;172.52000;91705600
2026-05-13;183.84000;188.49001;172.25999;184.24001;59522300
2026-05-14;182.67000;189.56000;178.28000;186.19000;43319000
2026-05-15;167;174.39999;161.14000;164.17999;62126600
2026-05-18;172.95000;174.61000;142.69000;151.75;75610500
2026-05-19;141.24001;160.60001;135.020004;151.89000;85384000
2026-05-20;161;173.70000;161;173.20000;58913200
2026-05-21;171.25999;179.97000;168.23000;178.39000;52278700
2026-05-22;184.80000;195.27000;183.34000;190.56000;45133000
2026-05-26;211.38000;228.5;209.89000;225.78999;52533000
2026-05-27;242.66000;242.66000;204;217.98000;74732700
2026-05-28;219;231.89000;207.56000;224.63000;47153500
2026-05-29;231.82001;239.070007;218.56000;224.34000;37035700
2026-06-01;217.27000;234.059998;210.14000;227.029999;37499600
2026-06-02;243.17999;267.079987;238.82001;266.32001;42799700
2026-06-03;281.47000;284.57999;257.26001;280.54001;49817200
2026-06-04;242.039993;274.5;228.55000;262.70001;59036000
2026-06-05;230.85001;233.69000;181.81000;182.53999;108280300
2026-06-08;210.62000;222.19000;201.69000;211.44000;68180500
2026-06-09;227.059998;231.020004;157.56000;201.67999;124754300
2026-06-10;191.53999;212.99001;177.30000;180.64999;94924200
2026-06-11;192.30000;225.63000;192.30000;223.99001;72493400
2026-06-12;222.22000;242.39999;214.74001;234.67999;50419100
2026-06-15;265.98999;274.88000;261.60001;272.5;39914100
2026-06-16;267.13000;274.92999;226;226.19000;54771900
2026-06-17;247.42000;259.79001;233.30000;233.86000;49127300
2026-06-18;266.040009;286.14999;265;279.29001;49319800
2026-06-22;299.26001;302;286.23999;300.76999;36399600
2026-06-23;236;252.98000;223;231.42000;70699700
2026-06-24;233.11000;237;211.13000;229.57001;57018500
2026-06-25;268.049988;268.39999;225.74001;252.61000;57401800
2026-06-26;226.24001;231.25;212.10001;215.60001;51987400
2026-06-29;216.36000;238.64999;192.30000;236.52000;48952600
2026-06-30;241.45000;272;240.59000;266.70999;36721000
2026-07-01;237.78999;246.47000;215.38000;217.55000;60156300
2026-07-02;219.23000;226.13000;168.88000;181.47000;91060900
2026-07-06;197.21001;210.80000;194.22000;194.64999;42756600
2026-07-07;165.39999;171.88000;150.080002;165.28000;78957300
2026-07-08;159.21001;176.75;158.87000;174.82001;63175900
2026-07-09;199.81000;204.55000;189.46001;192.45000;52530500
2026-07-10;182.39999;195.94000;176.80000;192.25999;37626300
2026-07-13;174.61000;177.67000;161.55000;165.37000;52686700
2026-07-14;187.69000;188.42999;170.25999;176.66000;49269200
2026-07-15;183.77000;184;150;165.55000;67008900
2026-07-16;150.44000;155.83000;138;142.48000;76391300
2026-07-17;124.73000;144.39999;116.47000;135.47000;105762300
2026-07-20;143.52000;148.74001;135.67000;136.81000;52804300
2026-07-21;155.84000;160.64000;148.87000;158.53999;55698500
2026-07-22;147.10001;165.75;147;160.99001;46926500
2026-07-23;152.16000;162.92000;150.64999;157.5;57831400
2026-07-24;151.45000;154.5;132.55000;136.81000;71734900
2026-07-27;140.64999;148.020004;115.45000;128.14999;90434900
2026-07-28;113.15000;114.95000;101.53000;109.54000;125338900
2026-07-29;107.62000;112.67000;91.5;91.99000;149950200
2026-07-30;107.38000;118;105.12000;114.72000;109931900
2026-07-31;129.89999;133.88000;112.42000;114.72000;102613300
2026-08-03;106.15000;118.87000;102.089996;116.71000;81117500
2026-08-04;131.50999;142.42000;129.66000;139.89999;78456600
2026-08-05;135.53999;144.34000;130;132.070007;67515700
2026-08-06;125.23000;140;120.75;132.33000;57025200
2026-08-07;141.97000;143.92000;131.56000;140.25;61350700
2026-08-10;142.80000;143.45000;130;130;50105400
2026-08-11;136.25999;136.60001;130.059998;133;38282500
2026-08-12;147.30000;147.70000;141.89000;142.16000;55970000
2026-08-13;142.16000;154.12990;141.84000;145.36000;53579301
