datetime;open;high;low;close;volume;adjclose
2010-03-11;0.6424999833106995;0.6604999899864197;0.6424999833106995;0.6604999899864197;3702000;0.6008638739585876
2010-03-12;0.6610000133514404;0.6653329730033875;0.6441670060157776;0.6441670060157776;4548000;0.5860056281089783
2010-03-15;0.6311669945716858;0.6380000114440918;0.6141669750213623;0.6238330006599426;534000;0.5675076246261597
2010-03-16;0.6316670179367065;0.6751670241355896;0.630666971206665;0.6744999885559082;1260000;0.613599956035614
2010-03-17;0.699999988079071;0.7070000171661377;0.6861670017242432;0.6988329887390137;2610000;0.6357359886169434
2010-03-18;0.6988329887390137;0.7008330225944519;0.6721670031547546;0.681833028793335;1584000;0.6202710866928101
2010-03-19;0.6733329892158508;0.6736670136451721;0.6396669745445251;0.650833010673523;1596000;0.5920698642730713
2010-03-22;0.6380000114440918;0.7003329992294312;0.6343330144882202;0.6978330016136169;3804000;0.634826123714447
2010-03-23;0.7076669931411743;0.7455000281333923;0.7073330283164978;0.7428330183029175;6114000;0.6757632493972778
2010-03-24;0.7356669902801514;0.7356669902801514;0.6980000138282776;0.7016670107841492;2034000;0.6383141279220581
2010-03-25;0.7319999933242798;0.7425000071525574;0.6974999904632568;0.6981670260429382;2034000;0.6351301074028015
2010-03-26;0.7168329954147339;0.7204999923706055;0.6735000014305115;0.6871669888496399;2322000;0.625123143196106
2010-03-29;0.7093330025672913;0.7136669754981995;0.7006670236587524;0.7056670188903809;1380000;0.6419529318809509
2010-03-30;0.7166669964790344;0.7266669869422913;0.6981670260429382;0.7191669940948486;1920000;0.6542341113090515
2010-03-31;0.7246670126914978;0.7300000190734863;0.7041670083999634;0.7080000042915344;1080000;0.6440752744674683
2010-04-01;0.7278329730033875;0.7571669816970825;0.6984999775886536;0.710332989692688;1644000;0.6461975574493408
2010-04-05;0.7373329997062683;0.7733330130577087;0.6901670098304749;0.7705000042915344;1500000;0.7009321451187134
2010-04-06;0.7558330297470093;0.7696670293807983;0.7471669912338257;0.7588329911231995;1998000;0.6903187036514282
2010-04-07;0.7628329992294312;0.7821670174598694;0.741832971572876;0.7663329839706421;3414000;0.6971415877342224
2010-04-08;0.7524999976158142;0.7524999976158142;0.714667022228241;0.7391669750213623;4470000;0.6724281311035156
2010-04-09;0.7476670145988464;0.7591670155525208;0.730666995048523;0.7588329911231995;1254000;0.6903187036514282
2010-04-12;0.7703329920768738;0.7975000143051147;0.7611669898033142;0.7778329849243164;2400000;0.7076030373573303
2010-04-13;0.7821670174598694;0.7966669797897339;0.7721670269966125;0.7928329706192017;2904000;0.7212486863136292
2010-04-14;0.8420000076293945;0.8976669907569885;0.8420000076293945;0.8948330283164978;6504000;0.8140392899513245
2010-04-15;0.9108330011367798;0.9231669902801514;0.8923329710960388;0.9024999737739563;12666000;0.8210139274597168
2010-04-16;0.8916670083999634;0.8916670083999634;0.828499972820282;0.8691669702529907;4452000;0.7906906604766846
2010-04-19;0.8399999737739563;0.8654999732971191;0.7918329834938049;0.8398330211639404;5712000;0.764005184173584
2010-04-20;0.8643329739570618;0.886667013168335;0.8583329916000366;0.8805000185966492;2922000;0.8010004758834839
2010-04-21;0.886667013168335;0.9061669707298279;0.8140000104904175;0.8529999852180481;5772000;0.7759833931922913
2010-04-22;0.8363329768180847;0.9039999842643738;0.7973330020904541;0.9011669754981995;6594000;0.8198012709617615
2010-04-23;0.9160000085830688;0.9160000085830688;0.8686670064926147;0.9051669836044312;3600000;0.8234401941299438
2010-04-26;0.913332998752594;0.9380000233650208;0.9068329930305481;0.9131669998168945;3846000;0.8307178616523743
2010-04-27;0.875;0.906499981880188;0.8159999847412109;0.8186669945716858;5112000;0.7447502017021179
2010-04-28;0.835332989692688;0.8791670203208923;0.7935000061988831;0.8349999785423279;6864000;0.7596084475517273
2010-04-29;0.835332989692688;0.8666669726371765;0.8255000114440918;0.8636670112609863;5838000;0.785687267780304
2010-04-30;0.8416669964790344;0.8416669964790344;0.7453330159187317;0.7471669912338257;10104000;0.6797059774398804
2010-05-03;0.7576670050621033;0.8140000104904175;0.7576670050621033;0.8021669983863831;4926000;0.7297401428222656
2010-05-04;0.7854999899864197;0.7854999899864197;0.6613330245018005;0.6959999799728394;19164000;0.6331588625907898
2010-05-05;0.6850000023841858;0.7058330178260803;0.6414999961853027;0.6736670136451721;7920000;0.6128420829772949
2010-05-06;0.6666669845581055;0.695667028427124;0.41666701436042786;0.6163330078125;17448000;0.5606849193572998
2010-05-07;0.6000000238418579;0.618166983127594;0.5143330097198486;0.5788329839706421;12372000;0.5265706777572632
2010-05-10;0.6800000071525574;0.6826670169830322;0.6468330025672913;0.6800000071525574;7206000;0.6186033487319946
2010-05-11;0.6436669826507568;0.7024999856948853;0.6355000138282776;0.6669999957084656;27720000;0.6067771315574646
2010-05-12;0.6779999732971191;0.7246670126914978;0.6779999732971191;0.7211670279502869;42330000;0.6560534834861755
2010-05-13;0.7018330097198486;0.7308329939842224;0.6554999947547913;0.664667010307312;28992000;0.6046546101570129
2010-05-14;0.6489999890327454;0.6489999890327454;0.5676670074462891;0.6039999723434448;15846000;0.5494653582572937
2010-05-17;0.5911669731140137;0.6348329782485962;0.5699999928474426;0.6290000081062317;19140000;0.5722081065177917
2010-05-18;0.6445000171661377;0.6553329825401306;0.5691670179367065;0.5776669979095459;16128000;0.5255098342895508
2010-05-19;0.5748329758644104;0.6041669845581055;0.5466669797897339;0.5868330001831055;21306000;0.5338483452796936
2010-05-20;0.5416669845581055;0.5761669874191284;0.5043330192565918;0.5389999747276306;10638000;0.490334153175354
2010-05-21;0.5166670083999634;0.5989999771118164;0.503832995891571;0.574167013168335;11220000;0.5223259329795837
2010-05-24;0.5628330111503601;0.584833025932312;0.5403329730033875;0.5403329730033875;10944000;0.4915468096733093
2010-05-25;0.4943329989910126;0.5526670217514038;0.4749999940395355;0.5525000095367432;10818000;0.5026149749755859
2010-05-26;0.5803329944610596;0.6036670207977295;0.546500027179718;0.5496670007705688;14250000;0.5000380873680115
2010-05-27;0.5923330187797546;0.6341670155525208;0.5839999914169312;0.6333330273628235;10578000;0.5761498808860779
2010-05-28;0.6406670212745667;0.6406670212745667;0.5771669745445251;0.6028329730033875;9288000;0.5484037399291992
2010-06-01;0.5989999771118164;0.621167004108429;0.5618330240249634;0.5618330240249634;4530000;0.5111055374145508
2010-06-02;0.581833004951477;0.6225000023841858;0.5641670227050781;0.6218330264091492;11094000;0.5656881332397461
2010-06-03;0.6330000162124634;0.652999997138977;0.6150000095367432;0.6456670165061951;9102000;0.5873702764511108
2010-06-04;0.6290000081062317;0.6305000185966492;0.5525000095367432;0.5616670250892639;13650000;0.5109544992446899
2010-06-07;0.569832980632782;0.578000009059906;0.4950000047683716;0.49900001287460327;18312000;0.45394572615623474
2010-06-08;0.5018330216407776;0.5041670203208923;0.45683300495147705;0.4934999942779541;12504000;0.4489423334598541
2010-06-09;0.5070000290870667;0.5385000109672546;0.47749999165534973;0.4836669862270355;8634000;0.4399970769882202
2010-06-10;0.5093330144882202;0.5386670231819153;0.5015000104904175;0.5368329882621765;9504000;0.488362580537796
2010-06-11;0.5180000066757202;0.5621669888496399;0.5133330225944519;0.5598329901695251;6510000;0.5092862248420715
2010-06-14;0.5868330001831055;0.6025000214576721;0.5691670179367065;0.5705000162124634;6924000;0.5189899206161499
2010-06-15;0.5833330154418945;0.6696670055389404;0.5833330154418945;0.6654999852180481;14508000;0.6054124236106873
2010-06-16;0.6513329744338989;0.6896669864654541;0.6340000033378601;0.6746670007705688;14226000;0.6137518882751465
2010-06-17;0.6880000233650208;0.6894999742507935;0.6361669898033142;0.6703330278396606;8724000;0.6098092794418335
2010-06-18;0.6735000014305115;0.6825000047683716;0.6566669940948486;0.6658329963684082;4656000;0.6057154536247253
2010-06-21;0.695667028427124;0.7131670117378235;0.6359999775886536;0.6481670141220093;9054000;0.5896444916725159
2010-06-22;0.6513329744338989;0.6769999861717224;0.6083329916000366;0.6140000224113464;9888000;0.5585624575614929
2010-06-23;0.6200000047683716;0.6424999833106995;0.5864999890327454;0.619333028793335;8076000;0.5634139180183411
2010-06-24;0.6085000038146973;0.6106669902801514;0.5578330159187317;0.5653330087661743;11754000;0.5142895579338074
2010-06-25;0.5718330144882202;0.5734999775886536;0.536666989326477;0.5671669840812683;8718000;0.5159579515457153
2010-06-28;0.5615000128746033;0.5923330187797546;0.5528330206871033;0.5738329887390137;4248000;0.5220221281051636
2010-06-29;0.5446670055389404;0.5446670055389404;0.48583298921585083;0.4956670105457306;23970000;0.4509136974811554
2010-06-30;0.4984999895095825;0.5146669745445251;0.46766701340675354;0.47166699171066284;10842000;0.4290805459022522
2010-07-01;0.4749999940395355;0.4863330125808716;0.4345000088214874;0.47350001335144043;10716000;0.4307481050491333
2010-07-02;0.47450000047683716;0.4814999997615814;0.4443329870700836;0.46766701340675354;7032000;0.4254417419433594
2010-07-06;0.4956670105457306;0.5049999952316284;0.4548330008983612;0.4668329954147339;24060000;0.4246830344200134
2010-07-07;0.46700000762939453;0.5410000085830688;0.46700000762939453;0.540166974067688;13650000;0.4913956820964813
2010-07-08;0.5601670145988464;0.5601670145988464;0.5106670260429382;0.5361670255661011;14706000;0.4877569377422333
2010-07-09;0.5385000109672546;0.5563330054283142;0.527167022228241;0.5546669960021973;7512000;0.5045866370201111
2010-07-12;0.5573329925537109;0.5821670293807983;0.5509999990463257;0.5758330225944519;8718000;0.5238414406776428
2010-07-13;0.5966669917106628;0.6186670064926147;0.5863329768180847;0.6128330230712891;11688000;0.5575008988380432
2010-07-14;0.6399999856948853;0.6466670036315918;0.5953329801559448;0.6071670055389404;16902000;0.5523463487625122
2010-07-15;0.5989999771118164;0.605666995048523;0.5680000185966492;0.5993329882621765;11166000;0.5452196598052979
2010-07-16;0.588333010673523;0.5923330187797546;0.541333019733429;0.5423330068588257;7878000;0.4933661222457886
2010-07-19;0.559499979019165;0.5855000019073486;0.5471670031547546;0.5833330154418945;7908000;0.5306643843650818
2010-07-20;0.5394999980926514;0.5851669907569885;0.5196670293807983;0.5849999785423279;14142000;0.5321808457374573
2010-07-21;0.5961670279502869;0.5961670279502869;0.5456669926643372;0.5494999885559082;10890000;0.49988609552383423
2010-07-22;0.5583329796791077;0.6116669774055481;0.5583329796791077;0.5998330116271973;10308000;0.545674741268158
2010-07-23;0.5950000286102295;0.6154999732971191;0.5798329710960388;0.6113330125808716;7092000;0.5561363697052002
2010-07-26;0.6116669774055481;0.6368330121040344;0.5931670069694519;0.6333330273628235;8622000;0.5761498808860779
2010-07-27;0.6471670269966125;0.6471670269966125;0.6123329997062683;0.6203330159187317;10470000;0.5643234252929688
2010-07-28;0.612500011920929;0.6265000104904175;0.5783330202102661;0.5881670117378235;17106000;0.5350619554519653
2010-07-29;0.5948330163955688;0.5960000157356262;0.5301669836044312;0.5525000095367432;24666000;0.5026149749755859
2010-07-30;0.539667010307312;0.5456669926643372;0.5076670050621033;0.5351669788360596;13908000;0.4868472218513489
2010-08-02;0.5621669888496399;0.5716670155525208;0.5421670079231262;0.5634999871253967;19812000;0.5126219987869263
2010-08-03;0.5636669993400574;0.5648329854011536;0.5323330163955688;0.546500027179718;11742000;0.49715691804885864
2010-08-04;0.5483329892158508;0.5641670227050781;0.5323330163955688;0.5625;8508000;0.511712372303009
2010-08-05;0.5593330264091492;0.5669999718666077;0.5433329939842224;0.5490000247955322;7224000;0.49943140149116516
2010-08-06;0.5388330221176147;0.5609999895095825;0.5291669964790344;0.5496670007705688;7914000;0.5000380873680115
2010-08-09;0.5536670088768005;0.5666670203208923;0.5400000214576721;0.558667004108429;7584000;0.5082253813743591
2010-08-10;0.5416669845581055;0.5416669845581055;0.5008329749107361;0.5158330202102661;18732000;0.4692589044570923
2010-08-11;0.4826669991016388;0.48316699266433716;0.4406670033931732;0.453667014837265;30720000;0.41270577907562256
2010-08-12;0.42149999737739563;0.4415000081062317;0.40666699409484863;0.43549999594688416;27768000;0.39617910981178284
2010-08-13;0.43766701221466064;0.4494999945163727;0.42149999737739563;0.4223330020904541;9888000;0.38420093059539795
2010-08-16;0.4183329939842224;0.43983298540115356;0.4083330035209656;0.4266670048236847;15528000;0.3881435692310333
2010-08-17;0.4431670010089874;0.4580000042915344;0.4334999918937683;0.4429999887943268;14430000;0.4030017852783203
2010-08-18;0.44699999690055847;0.4645000100135803;0.438167005777359;0.4578329920768738;10218000;0.4164956510066986
2010-08-19;0.45249998569488525;0.45933300256729126;0.4288330078125;0.43483299016952515;11196000;0.3955722749233246
2010-08-20;0.43883299827575684;0.45283299684524536;0.4306670129299164;0.43983298540115356;8682000;0.4001208245754242
2010-08-23;0.452333003282547;0.45433300733566284;0.4238330125808716;0.42433300614356995;15390000;0.3860202133655548
2010-08-24;0.40733298659324646;0.41666701436042786;0.39316698908805847;0.4028330147266388;13998000;0.36646154522895813
2010-08-25;0.39716699719429016;0.4201669991016388;0.3824999928474426;0.41499999165534973;19578000;0.37752991914749146
2010-08-26;0.4223330020904541;0.42466700077056885;0.3869999945163727;0.3913330137729645;15816000;0.3559999465942383
2010-08-27;0.4031670093536377;0.41916701197624207;0.3713330030441284;0.414667010307312;22824000;0.3772270679473877
2010-08-30;0.4086669981479645;0.41416698694229126;0.3840000033378601;0.3846670091152191;11874000;0.34993571043014526
2010-08-31;0.38166698813438416;0.3894999921321869;0.3548330068588257;0.360166996717453;17046000;0.3276478052139282
2010-09-01;0.37483298778533936;0.40549999475479126;0.37483298778533936;0.3936670124530792;21294000;0.35812312364578247
2010-09-02;0.4003329873085022;0.4198330044746399;0.3923330008983612;0.4198330044746399;32310000;0.3819265365600586
2010-09-03;0.4363330006599426;0.44749999046325684;0.41666701436042786;0.43799999356269836;39972000;0.39845338463783264
2010-09-07;0.4341669976711273;0.4375;0.4099999964237213;0.4143329858779907;24540000;0.37692317366600037
2010-09-08;0.4161669909954071;0.4188329875469208;0.39583298563957214;0.4074999988079071;55176000;0.3707071840763092
2010-09-09;0.42283299565315247;0.4238330125808716;0.4043329954147339;0.40916699171066284;16536000;0.3722236156463623
2010-09-10;0.40549999475479126;0.4106670022010803;0.375667005777359;0.39316698908805847;50568000;0.35766834020614624
2010-09-13;0.4050000011920929;0.4331670105457306;0.40450000762939453;0.4321669936180115;34164000;0.39314699172973633
2010-09-14;0.42833301424980164;0.461667001247406;0.41633298993110657;0.4533329904079437;29940000;0.4124019145965576
2010-09-15;0.4440000057220459;0.4508329927921295;0.43149998784065247;0.4498330056667328;20400000;0.4092179536819458
2010-09-16;0.4408330023288727;0.460999995470047;0.43799999356269836;0.45933300256729126;15978000;0.4178602397441864
2010-09-17;0.4659999907016754;0.46799999475479126;0.45249998569488525;0.45966699719429016;14418000;0.41816410422325134
2010-09-20;0.4598329961299896;0.467833012342453;0.4458329975605011;0.46516698598861694;39192000;0.42316749691963196
2010-09-21;0.4634999930858612;0.47416698932647705;0.4576669931411743;0.4620000123977661;18630000;0.4202864170074463
2010-09-22;0.4560000002384186;0.46050000190734863;0.4325000047683716;0.4428330063819885;25320000;0.4029659330844879
2010-09-23;0.43050000071525574;0.4743329882621765;0.42216700315475464;0.4513329863548279;21150000;0.41070079803466797
2010-09-24;0.47166699171066284;0.5076670050621033;0.47166699171066284;0.5049999952316284;25266000;0.4595361649990082
2010-09-27;0.5088329911231995;0.5101670026779175;0.49050000309944153;0.4963330030441284;20460000;0.45164957642555237
2010-09-28;0.5023329854011536;0.522333025932312;0.48183301091194153;0.5195000171661377;25440000;0.4727309048175812
2010-09-29;0.5099999904632568;0.5426669716835022;0.5099999904632568;0.531000018119812;31692000;0.48319563269615173
2010-09-30;0.5393329858779907;0.550000011920929;0.5048329830169678;0.5195000171661377;36396000;0.4727309048175812
2010-10-01;0.5321670174598694;0.5354999899864197;0.5021669864654541;0.5139999985694885;24258000;0.4677259922027588
2010-10-04;0.5109999775886536;0.5113329887390137;0.475832998752594;0.49300000071525574;25332000;0.44861656427383423
2010-10-05;0.5033329725265503;0.5285000205039978;0.5033329725265503;0.5238329768180847;24222000;0.4766736924648285
2010-10-06;0.5233330130577087;0.524167001247406;0.48750001192092896;0.5058330297470093;22194000;0.46029433608055115
2010-10-07;0.5046669840812683;0.5131670236587524;0.48833298683166504;0.5059999823570251;20838000;0.4604460895061493
2010-10-08;0.5024999976158142;0.5248330235481262;0.48583298921585083;0.5224999785423279;29346000;0.4754606783390045
2010-10-11;0.5224999785423279;0.5473330020904541;0.5224999785423279;0.5320000052452087;20370000;0.4841056168079376
2010-10-12;0.5253329873085022;0.550000011920929;0.515999972820282;0.5433329939842224;18330000;0.4944181740283966
2010-10-13;0.5485000014305115;0.5541669726371765;0.5306670069694519;0.5458329916000366;27384000;0.49669304490089417
2010-10-14;0.5468329787254333;0.556833028793335;0.5318329930305481;0.541333019733429;19338000;0.4925985038280487
2010-10-15;0.5526670217514038;0.5583329796791077;0.5288329720497131;0.5536670088768005;22374000;0.5038219690322876
2010-10-18;0.550832986831665;0.550832986831665;0.5273330211639404;0.5408329963684082;21282000;0.49214333295822144
2010-10-19;0.5238329768180847;0.5463330149650574;0.5011669993400574;0.5181670188903809;37842000;0.47151798009872437
2010-10-20;0.5186669826507568;0.5348330140113831;0.5083330273628235;0.5268329977989197;24378000;0.47940361499786377
2010-10-21;0.5295000076293945;0.5321670174598694;0.5043330192565918;0.5189999938011169;22062000;0.4722759425640106
2010-10-22;0.5189999938011169;0.5523329973220825;0.5189999938011169;0.5498329997062683;29832000;0.5003331303596497
2010-10-25;0.5583329796791077;0.5773329734802246;0.5583329796791077;0.5678330063819885;12414000;0.516712486743927
2010-10-26;0.5598329901695251;0.5691670179367065;0.5418329834938049;0.5606669783592224;10962000;0.5101918578147888
2010-10-27;0.5626670122146606;0.6129999756813049;0.5625;0.6121670007705688;19632000;0.5570553541183472
2010-10-28;0.6138330101966858;0.6175000071525574;0.5910000205039978;0.6136670112609863;13932000;0.5584202408790588
2010-10-29;0.6086670160293579;0.6299999952316284;0.6076670289039612;0.6251670122146606;10818000;0.5688850283622742
2010-11-01;0.6296669840812683;0.6378329992294312;0.6039999723434448;0.6188330054283142;19554000;0.5631212592124939
2010-11-02;0.6301670074462891;0.6403329968452454;0.6216670274734497;0.6308330297470093;11472000;0.5740408897399902
2010-11-03;0.6371669769287109;0.6516669988632202;0.621999979019165;0.6516669988632202;18366000;0.592999279499054
2010-11-04;0.6694999933242798;0.7138329744338989;0.6694999933242798;0.7114999890327454;18684000;0.6474456191062927
2010-11-05;0.7186669707298279;0.7366669774055481;0.7093330025672913;0.7263330221176147;18162000;0.6609432101249695
2010-11-08;0.7223330140113831;0.7415000200271606;0.7143329977989197;0.7273330092430115;17436000;0.6618531942367554
2010-11-09;0.7273330092430115;0.7294999957084656;0.6919999718666077;0.6996669769287109;14748000;0.6366778016090393
2010-11-10;0.6990000009536743;0.7023329734802246;0.6729999780654907;0.7005000114440918;14172000;0.6374359130859375
2010-11-11;0.6470000147819519;0.6833329796791077;0.6215000152587891;0.6759999990463257;24570000;0.615141749382019
2010-11-12;0.6708329916000366;0.7073330283164978;0.6546670198440552;0.6743329763412476;16152000;0.6136246919631958
2010-11-15;0.6893330216407776;0.694832980632782;0.6593329906463623;0.6593329906463623;14220000;0.599975049495697
2010-11-16;0.6431670188903809;0.6639999747276306;0.6213330030441284;0.6313329935073853;16314000;0.574495792388916
2010-11-17;0.6290000081062317;0.6514999866485596;0.6218330264091492;0.6294999718666077;7788000;0.5728279948234558
2010-11-18;0.6486669778823853;0.6728330254554749;0.6486669778823853;0.664667010307312;10518000;0.6048288345336914
2010-11-19;0.660332977771759;0.7020000219345093;0.660332977771759;0.6970000267028809;9654000;0.634251058101654
2010-11-22;0.6990000009536743;0.7243329882621765;0.6928330063819885;0.722832977771759;32064000;0.657758355140686
2010-11-23;0.7001670002937317;0.718999981880188;0.695667028427124;0.703499972820282;22074000;0.6401657462120056
2010-11-24;0.7188330292701721;0.7638329863548279;0.7188330292701721;0.7598329782485962;24210000;0.6914273500442505
2010-11-26;0.7484999895095825;0.7583330273628235;0.738332986831665;0.7471669912338257;6378000;0.679901659488678
2010-11-29;0.7346670031547546;0.746167004108429;0.7138329744338989;0.7419999837875366;12354000;0.6751998662948608
2010-11-30;0.7193329930305481;0.725832998752594;0.7073330283164978;0.7145000100135803;14658000;0.6501754522323608
2010-12-01;0.7498329877853394;0.785332977771759;0.7498329877853394;0.7829999923706055;16272000;0.7125085592269897
2010-12-02;0.7875000238418579;0.828499972820282;0.7848330140113831;0.8270000219345093;13560000;0.7525475025177002
2010-12-03;0.8148329854011536;0.8431670069694519;0.8083329796791077;0.8389999866485596;10824000;0.7634671926498413
2010-12-06;0.8418329954147339;0.8418329954147339;0.8133329749107361;0.8346670269966125;11808000;0.7595243453979492
2010-12-07;0.8610000014305115;0.871167004108429;0.8320000171661377;0.8330000042915344;22344000;0.7580074667930603
2010-12-08;0.8420000076293945;0.8586670160293579;0.8266670107841492;0.8558329939842224;8406000;0.7787848114967346
2010-12-09;0.8706669807434082;0.8763329982757568;0.853833019733429;0.8619999885559082;7170000;0.7843966484069824
2010-12-10;0.8651670217514038;0.8728330135345459;0.8528329730033875;0.8643329739570618;7374000;0.7865193486213684
2010-12-13;0.881833016872406;0.881833016872406;0.8416669964790344;0.8481670022010803;8994000;0.7718088030815125
2010-12-14;0.8479999899864197;0.8519999980926514;0.8183330297470093;0.8264999985694885;11034000;0.7520924806594849
2010-12-15;0.8201670050621033;0.8341670036315918;0.7966669797897339;0.800832986831665;13974000;0.7287362813949585
2010-12-16;0.8076670169830322;0.8218330144882202;0.7921670079231262;0.8149999976158142;5910000;0.7416277527809143
2010-12-17;0.8190000057220459;0.836667001247406;0.816332995891571;0.8316670060157776;5250000;0.756794273853302
2010-12-20;0.828000009059906;0.8373330235481262;0.8115000128746033;0.8221669793128967;24018000;0.748149573802948
2010-12-21;0.8326669931411743;0.8476669788360596;0.828499972820282;0.8395000100135803;7824000;0.7639222145080566
2010-12-22;0.8266670107841492;0.8416669964790344;0.8130000233650208;0.8403329849243164;10470000;0.7646801471710205
2010-12-23;0.8258330225944519;0.8406670093536377;0.8258330225944519;0.8333330154418945;4158000;0.7583102583885193
2010-12-27;0.8178330063819885;0.8403329849243164;0.8025000095367432;0.8358330130577087;7362000;0.7605853080749512
2010-12-28;0.8333330154418945;0.8414999842643738;0.8153330087661743;0.8251670002937317;6186000;0.7508795857429504
2010-12-29;0.828499972820282;0.8324999809265137;0.8178330063819885;0.828499972820282;3360000;0.7539125084877014
2010-12-30;0.828499972820282;0.8395000100135803;0.824167013168335;0.8358330130577087;3732000;0.7605853080749512
2010-12-31;0.8293330073356628;0.8376669883728027;0.8199999928474426;0.8331670165061951;6024000;0.7581591606140137
2011-01-03;0.8495000004768372;0.8791670203208923;0.8420000076293945;0.8518329858779907;11646000;0.7751449942588806
2011-01-04;0.8596670031547546;0.8721669912338257;0.828000009059906;0.8546670079231262;10098000;0.7777236104011536
2011-01-05;0.8424999713897705;0.8694999814033508;0.8341670036315918;0.8629999756813049;4482000;0.785306453704834
2011-01-06;0.8705000281333923;0.9129999876022339;0.8705000281333923;0.9108330011367798;9810000;0.8288331627845764
2011-01-07;0.9166669845581055;0.929332971572876;0.8748329877853394;0.9168329834938049;21936000;0.834293007850647
2011-01-10;0.911666989326477;0.9508330225944519;0.8999999761581421;0.945667028427124;9960000;0.8605312705039978
2011-01-11;0.961667001247406;0.961667001247406;0.9353330135345459;0.9561669826507568;9942000;0.8700858950614929
2011-01-12;0.9748330116271973;1.0099999904632568;0.9571670293807983;1.0098329782485962;9696000;0.9189206957817078
2011-01-13;1.0108330249786377;1.025833010673523;0.9898329973220825;1.0095000267028809;8448000;0.9186176061630249
2011-01-14;1.0240000486373901;1.0920000076293945;1.0199999809265137;1.0920000076293945;18042000;0.9936900734901428
2011-01-18;1.0800000429153442;1.0920000076293945;1.0626670122146606;1.0791670083999634;13842000;0.9820125102996826
2011-01-19;1.0525000095367432;1.057332992553711;0.9966670274734497;1.003999948501587;14754000;0.9136125445365906
2011-01-20;0.984499990940094;0.984499990940094;0.9304999709129333;0.9674999713897705;18720000;0.8803986310958862
2011-01-21;1.0;1.002500057220459;0.9474999904632568;0.9508330225944519;12576000;0.8652322292327881
2011-01-24;0.9613329768180847;1.0216670036315918;0.9599999785423279;1.0195000171661377;12990000;0.9277172088623047
2011-01-25;1.0063329935073853;1.0178329944610596;0.9743329882621765;0.9981669783592224;13026000;0.9083048701286316
2011-01-26;1.0183329582214355;1.031499981880188;0.9898329973220825;1.025833010673523;16392000;0.9334800243377686
2011-01-27;1.0464999675750732;1.088333010673523;1.0464999675750732;1.0824999809265137;19854000;0.9850456714630127
2011-01-28;1.1039999723434448;1.1039999723434448;0.9701669812202454;0.9948329925537109;36168000;0.9052708745002747
2011-01-31;1.0033329725265503;1.0204999446868896;0.9666669964790344;1.0061670541763306;12234000;0.9155846834182739
2011-02-01;1.0360000133514404;1.0933330059051514;1.0343329906463623;1.0789999961853027;22254000;0.9818609356880188
2011-02-02;1.067167043685913;1.1119999885559082;1.0570000410079956;1.0973329544067383;18420000;0.9985430240631104
2011-02-03;1.0978330373764038;1.1048330068588257;1.064666986465454;1.0985000133514404;10446000;0.9996049404144287
2011-02-04;1.108667016029358;1.1660000085830688;1.1030000448226929;1.1634999513626099;16854000;1.0587536096572876
2011-02-07;1.1759999990463257;1.1916669607162476;1.140166997909546;1.1514999866485596;21102000;1.0478335618972778
2011-02-08;1.1518330574035645;1.1583329439163208;1.1221669912338257;1.1488330364227295;8292000;1.0454069375991821
2011-02-09;1.1339999437332153;1.1506669521331787;1.1124999523162842;1.1269999742507935;12252000;1.0255392789840698
2011-02-10;1.090000033378601;1.1393330097198486;1.0786670446395874;1.136667013168335;12342000;1.0343362092971802
2011-02-11;1.128999948501587;1.1741670370101929;1.1104999780654907;1.1626670360565186;8436000;1.057995080947876
2011-02-14;1.176332950592041;1.2161669731140137;1.1714999675750732;1.1891670227050781;15360000;1.0821096897125244
2011-02-15;1.187000036239624;1.1883330345153809;1.1398329734802246;1.1551669836044312;14406000;1.0511704683303833
2011-02-16;1.1798330545425415;1.2023329734802246;1.1653330326080322;1.1916669607162476;10158000;1.084384560585022
2011-02-17;1.1846669912338257;1.25;1.1749999523162842;1.2441669702529907;15246000;1.1321580410003662
2011-02-18;1.2558330297470093;1.25600004196167;1.2165000438690186;1.2298330068588257;13470000;1.1191147565841675
2011-02-22;1.1663329601287842;1.1743329763412476;1.0750000476837158;1.0833330154418945;40812000;0.985803484916687
2011-02-23;1.0943330526351929;1.0943330526351929;0.9816669821739197;1.0251669883728027;35844000;0.9328740835189819
2011-02-24;1.0390000343322754;1.0826669931411743;1.015166997909546;1.0758329629898071;41208000;0.9789785146713257
2011-02-25;1.1109999418258667;1.1593329906463623;1.1071670055389404;1.1571669578552246;38130000;1.0529905557632446
2011-02-28;1.1816669702529907;1.1816669702529907;1.0851670503616333;1.1221669912338257;38628000;1.0211414098739624
2011-03-01;1.137166976928711;1.1446670293807983;1.0528329610824585;1.0551669597625732;37800000;0.9601733088493347
2011-03-02;1.0535000562667847;1.1386669874191284;1.0531669855117798;1.1001670360565186;51600000;1.0011221170425415
2011-03-03;1.1398329734802246;1.1741670370101929;1.1373330354690552;1.1640000343322754;33474000;1.0592082738876343
2011-03-04;1.155500054359436;1.164667010307312;1.1045000553131104;1.1273330450057983;31500000;1.025842547416687
2011-03-07;1.1291669607162476;1.1441669464111328;1.0011670589447021;1.034000039100647;50460000;0.9409118294715881
2011-03-08;1.042667031288147;1.0709999799728394;1.0076669454574585;1.0394999980926514;26598000;0.9459168314933777
2011-03-09;1.0211670398712158;1.0211670398712158;0.9411669969558716;0.9468330144882202;66846000;0.8615922331809998
2011-03-10;0.8996670246124268;0.9166669845581055;0.8703330159187317;0.8751670122146606;60888000;0.7963780760765076
2011-03-11;0.8585000038146973;0.9075000286102295;0.8568329811096191;0.8985000252723694;37662000;0.8176106214523315
2011-03-14;0.8945000171661377;0.9296669960021973;0.8774999976158142;0.8948330283164978;37458000;0.8142737746238708
2011-03-15;0.8048329949378967;0.8803330063819885;0.7823330163955688;0.8623329997062683;39852000;0.784699559211731
2011-03-16;0.8651670217514038;0.8920000195503235;0.7885000109672546;0.8066669702529907;35268000;0.7340449094772339
2011-03-17;0.8423330187797546;0.8661670088768005;0.8270000219345093;0.8361669778823853;37530000;0.7608892321586609
2011-03-18;0.878000020980835;0.878000020980835;0.8341670036315918;0.8445000052452087;32274000;0.7684721350669861
2011-03-21;0.8746669888496399;0.9068329930305481;0.8706669807434082;0.8881670236587524;39534000;0.8082078695297241
2011-03-22;0.894333004951477;0.894333004951477;0.8626670241355896;0.8673329949378967;24156000;0.7892493605613708
2011-03-23;0.8613330125808716;0.8958330154418945;0.8399999737739563;0.8908330202102661;25218000;0.8106337785720825
2011-03-24;0.9221670031547546;0.9626669883728027;0.9088330268859863;0.9564999938011169;44664000;0.8703891038894653
2011-03-25;0.9653329849243164;0.9801669716835022;0.9468330144882202;0.9484999775886536;31548000;0.8631090521812439
2011-03-28;0.963333010673523;0.9769999980926514;0.9484999775886536;0.953000009059906;22812000;0.8672041296958923
2011-03-29;0.9493330121040344;0.9793329834938049;0.9235000014305115;0.9791669845581055;29970000;0.8910152316093445
2011-03-30;1.002166986465454;1.008167028427124;0.9595000147819519;0.9823330044746399;29814000;0.8938962817192078
2011-03-31;0.9748330116271973;0.9871670007705688;0.9458330273628235;0.9573330283164978;20958000;0.8711470365524292
2011-04-01;0.9785000085830688;0.9785000085830688;0.9136670231819153;0.9238330125808716;33942000;0.8406628370285034
2011-04-04;0.9288330078125;0.9373329877853394;0.883167028427124;0.8999999761581421;27054000;0.8189755082130432
2011-04-05;0.9416670203208923;0.9811670184135437;0.9406669735908508;0.958666980266571;44274000;0.8723608255386353
2011-04-06;0.987500011920929;1.0069999694824219;0.9760000109672546;1.005666971206665;30012000;0.915129542350769
2011-04-07;1.0058330297470093;1.0058330297470093;0.9599999785423279;0.9909999966621399;20022000;0.9017829895019531
2011-04-08;1.0080000162124634;1.0166670083999634;0.9521669745445251;0.9666669964790344;20496000;0.8796405792236328
2011-04-11;0.9736670255661011;0.9736670255661011;0.9328330159187317;0.9406669735908508;18594000;0.8559814095497131
2011-04-12;0.9166669845581055;0.9166669845581055;0.8684999942779541;0.8830000162124634;31302000;0.8035059571266174
2011-04-13;0.900833010673523;0.9079999923706055;0.8736670017242432;0.890500009059906;33960000;0.810330867767334
2011-04-14;0.8716670274734497;0.8936669826507568;0.8529999852180481;0.8923329710960388;18072000;0.811998724937439
2011-04-15;0.8863329887390137;0.9171670079231262;0.8725000023841858;0.9100000262260437;17262000;0.8280751705169678
2011-04-18;0.8773329854011536;0.8824999928474426;0.839667022228241;0.8613330125808716;29268000;0.7837897539138794
2011-04-19;0.8560000061988831;0.8733329772949219;0.8500000238418579;0.8716670274734497;22242000;0.7931932210922241
2011-04-20;0.9498329758644104;0.9833329916000366;0.9433330297470093;0.9833329916000366;52812000;0.8948063254356384
2011-04-21;1.0041669607162476;1.0041669607162476;0.9679999947547913;0.980666995048523;22464000;0.8923801183700562
2011-04-25;0.9778329730033875;0.9981669783592224;0.9711670279502869;0.9835000038146973;13536000;0.8949583172798157
2011-04-26;0.9853330254554749;1.0333329439163208;0.984499990940094;1.0308330059051514;30864000;0.9380298852920532
2011-04-27;1.0199999809265137;1.0341670513153076;0.992667019367218;1.0306669473648071;26574000;0.9378787875175476
2011-04-28;1.0201669931411743;1.030500054359436;0.9894999861717224;1.0101670026779175;25950000;0.9192244410514832
2011-04-29;1.004667043685913;1.0295000076293945;1.0043330192565918;1.024999976158142;12540000;0.9327221512794495
2011-05-02;1.034999966621399;1.034999966621399;0.9866669774055481;0.9929999709129333;21006000;0.9036030173301697
2011-05-03;0.9833329916000366;0.9876670241355896;0.9368330240249634;0.9563329815864563;33096000;0.8702370524406433
2011-05-04;0.9804999828338623;0.9811670184135437;0.9231669902801514;0.9580000042915344;20118000;0.8717538714408875
2011-05-05;0.9416670203208923;0.9925000071525574;0.9358329772949219;0.9638329744338989;41994000;0.8770619034767151
2011-05-06;1.0;1.0178329944610596;0.9729999899864197;0.9850000143051147;40860000;0.8963232040405273
2011-05-09;0.9850000143051147;0.9853330254554749;0.956833004951477;0.9764999747276306;18708000;0.8885884881019592
2011-05-10;0.9903330206871033;0.9983329772949219;0.9725000262260437;0.9891669750213623;19446000;0.9001151323318481
2011-05-11;0.993166983127594;1.004667043685913;0.9476670026779175;0.9664999842643738;18096000;0.8794885873794556
2011-05-12;0.9526669979095459;1.0153330564498901;0.9495000243186951;1.0061670541763306;25260000;0.9155846834182739
2011-05-13;1.0008330345153809;1.0084999799728394;0.9641669988632202;0.9671670198440552;16488000;0.8800957798957825
2011-05-16;0.9645000100135803;0.988332986831665;0.9226670265197754;0.9261670112609863;23142000;0.8427867889404297
2011-05-17;0.9160000085830688;0.9168329834938049;0.866832971572876;0.8926669955253601;35832000;0.8123027086257935
2011-05-18;0.9028329849243164;0.9516670107841492;0.9020000100135803;0.9430000185966492;17988000;0.8581044673919678
2011-05-19;0.9315000176429749;0.9319999814033508;0.894333004951477;0.9194999933242798;20982000;0.8367200493812561
2011-05-20;0.921500027179718;0.9276670217514038;0.8968330025672913;0.9110000133514404;10974000;0.8289852738380432
2011-05-23;0.8801670074462891;0.8801670074462891;0.853833019733429;0.8550000190734863;23688000;0.7780267596244812
2011-05-24;0.8701670169830322;0.8713330030441284;0.8335000276565552;0.8356670141220093;23982000;0.7604342699050903
2011-05-25;0.8293330073356628;0.8663330078125;0.8199999928474426;0.8576670289039612;19098000;0.7804535031318665
2011-05-26;0.8548330068588257;0.8873329758644104;0.8456670045852661;0.881833016872406;14706000;0.8024441599845886
2011-05-27;0.8993330001831055;0.9211670160293579;0.8993330001831055;0.9131669998168945;19008000;0.8309570550918579
2011-05-31;0.9416670203208923;0.9541670083999634;0.9269999861717224;0.9541670083999634;15954000;0.8682658672332764
2011-06-01;0.9468330144882202;0.9468330144882202;0.8666669726371765;0.867667019367218;17838000;0.7895535230636597
2011-06-02;0.8690000176429749;0.8934999704360962;0.8541669845581055;0.8679999709129333;16122000;0.7898563742637634
2011-06-03;0.840499997138977;0.8600000143051147;0.818166971206665;0.8218330144882202;38124000;0.7478455901145935
2011-06-06;0.8176670074462891;0.8281670212745667;0.8001670241355896;0.8018329739570618;18660000;0.7296461462974548
2011-06-07;0.8264999985694885;0.8385000228881836;0.8133329749107361;0.8136669993400574;14688000;0.7404146790504456
2011-06-08;0.8028330206871033;0.8029999732971191;0.7571669816970825;0.7648329734802246;36198000;0.6959773302078247
2011-06-09;0.7674999833106995;0.7816669940948486;0.7544999718666077;0.7673329710960388;25770000;0.6982520222663879
2011-06-10;0.7583330273628235;0.7620000243186951;0.7145000100135803;0.7301669716835022;22752000;0.6644322276115417
2011-06-13;0.7304999828338623;0.7423329949378967;0.7016670107841492;0.7088329792022705;18828000;0.6450188159942627
2011-06-14;0.7336670160293579;0.7620000243186951;0.7336670160293579;0.7484999895095825;15768000;0.6811146140098572
2011-06-15;0.7319999933242798;0.741832971572876;0.703000009059906;0.7045000195503235;13464000;0.6410759687423706
2011-06-16;0.7101669907569885;0.710332989692688;0.6625000238418579;0.680666983127594;17418000;0.6193884015083313
2011-06-17;0.7046669721603394;0.7046669721603394;0.6441670060157776;0.6510000228881836;23820000;0.5923923254013062
2011-06-20;0.6470000147819519;0.661666989326477;0.6438329815864563;0.652999997138977;18750000;0.5942122340202332
2011-06-21;0.6650000214576721;0.7055000066757202;0.6541669964790344;0.7021669745445251;30174000;0.6389527916908264
2011-06-22;0.6921669840812683;0.7118330001831055;0.6856669783592224;0.6918330192565918;20856000;0.6295493245124817
2011-06-23;0.6666669845581055;0.7245000004768372;0.6536669731140137;0.7229999899864197;41520000;0.6579102873802185
2011-06-24;0.7161669731140137;0.7161669731140137;0.6664999723434448;0.6713330149650574;21660000;0.6108946800231934
2011-06-27;0.6713330149650574;0.6926670074462891;0.6516669988632202;0.6828330159187317;15390000;0.6213595271110535
2011-06-28;0.6909999847412109;0.7095000147819519;0.6865000128746033;0.7088329792022705;24696000;0.6450188159942627
2011-06-29;0.7151669859886169;0.7236670255661011;0.6955000162124634;0.7118330001831055;16728000;0.6477488279342651
2011-06-30;0.7166669964790344;0.7699999809265137;0.7166669964790344;0.7633330225944519;30492000;0.694612443447113
2011-07-01;0.7691670060157776;0.8166670203208923;0.757332980632782;0.8131669759750366;25212000;0.7399599552154541
2011-07-05;0.8088330030441284;0.8176670074462891;0.7791669964790344;0.7910000085830688;15444000;0.7197884917259216
2011-07-06;0.7828329801559448;0.7831670045852661;0.7534999847412109;0.7726669907569885;10506000;0.7031060457229614
2011-07-07;0.7943329811096191;0.8316670060157776;0.788332998752594;0.8183330297470093;18822000;0.7446607947349548
2011-07-08;0.7868329882621765;0.7900000214576721;0.7561669945716858;0.7816669940948486;16896000;0.7112957835197449
2011-07-11;0.7663329839706421;0.7870000004768372;0.7350000143051147;0.7415000200271606;22608000;0.6747447848320007
2011-07-12;0.7191669940948486;0.7225000262260437;0.6675000190734863;0.6781669855117798;46284000;0.6171134114265442
2011-07-13;0.6945000290870667;0.7033330202102661;0.6635000109672546;0.6710000038146973;27108000;0.6105917692184448
2011-07-14;0.6736670136451721;0.6978330016136169;0.636667013168335;0.6408330202102661;41184000;0.5831406116485596
2011-07-15;0.6538329720497131;0.6543329954147339;0.6274999976158142;0.6510000228881836;24444000;0.5923923254013062
2011-07-18;0.6428329944610596;0.6504999995231628;0.6091669797897339;0.6230000257492065;25644000;0.5669131278991699
2011-07-19;0.6426669955253601;0.6890000104904175;0.6426669955253601;0.6846669912338257;31746000;0.6230283379554749
2011-07-20;0.7014999985694885;0.7081670165061951;0.663332998752594;0.675832986831665;21420000;0.6149895787239075
2011-07-21;0.6708329916000366;0.6983330249786377;0.644333004951477;0.694333016872406;32058000;0.6318240165710449
2011-07-22;0.6978330016136169;0.7483329772949219;0.6978330016136169;0.7413330078125;40338000;0.6745927929878235
2011-07-25;0.7193329930305481;0.7286670207977295;0.6978330016136169;0.7129999995231628;17520000;0.6488105058670044
2011-07-26;0.7260000109672546;0.7558330297470093;0.7260000109672546;0.7308329939842224;30282000;0.6650380492210388
2011-07-27;0.7070000171661377;0.7070000171661377;0.6463329792022705;0.650833010673523;54816000;0.5922404527664185
2011-07-28;0.6499999761581421;0.6800000071525574;0.6269999742507935;0.6460000276565552;23532000;0.5878423452377319
2011-07-29;0.6119999885559082;0.6480000019073486;0.602666974067688;0.6305000185966492;33750000;0.5737378597259521
2011-08-01;0.6568329930305481;0.666333019733429;0.6036670207977295;0.6290000081062317;41922000;0.5723729729652405
2011-08-02;0.6148329973220825;0.6269999742507935;0.5708330273628235;0.5731670260429382;44364000;0.5215663909912109
2011-08-03;0.5766670107841492;0.5960000157356262;0.5388330221176147;0.5913329720497131;48840000;0.5380968451499939
2011-08-04;0.5720000267028809;0.5733330249786377;0.4894999861717224;0.4943329989910126;70020000;0.4498296082019806
2011-08-05;0.5091670155525208;0.5256670117378235;0.4186669886112213;0.45833298563957214;60150000;0.41707056760787964
2011-08-08;0.4081670045852661;0.4406670033931732;0.3815000057220459;0.38666701316833496;42156000;0.3518564701080322
2011-08-09;0.40916699171066284;0.4399999976158142;0.3700000047683716;0.4386669993400574;49818000;0.39917510747909546
2011-08-10;0.4244999885559082;0.4541670083999634;0.3930000066757202;0.41233301162719727;35904000;0.37521183490753174
2011-08-11;0.42983299493789673;0.49116700887680054;0.4269999861717224;0.4736669957637787;29616000;0.4310240149497986
2011-08-12;0.4855000078678131;0.49983298778533936;0.45899999141693115;0.4690000116825104;27114000;0.42677727341651917
2011-08-15;0.47749999165534973;0.49766701459884644;0.47266700863838196;0.4966669976711273;22326000;0.4519535303115845
2011-08-16;0.4793330132961273;0.4938330054283142;0.44999998807907104;0.46866700053215027;25092000;0.4264742136001587
2011-08-17;0.4643329977989197;0.49000000953674316;0.44600000977516174;0.4584999978542328;17232000;0.4172225296497345
2011-08-18;0.42033299803733826;0.42033299803733826;0.3700000047683716;0.37916699051856995;38010000;0.34503161907196045
2011-08-19;0.3703329861164093;0.40366700291633606;0.35499998927116394;0.3569999933242798;28344000;0.3248603343963623
2011-08-22;0.3869999945163727;0.38783299922943115;0.35966700315475464;0.367000013589859;21594000;0.3339599668979645
2011-08-23;0.3799999952316284;0.42433300614356995;0.3700000047683716;0.42316699028015137;51924000;0.38507047295570374
2011-08-24;0.42316699028015137;0.4343329966068268;0.3973329961299896;0.42250001430511475;51954000;0.38446348905563354
2011-08-25;0.4158329963684082;0.43116700649261475;0.38666701316833496;0.3889999985694885;33522000;0.3539794087409973
2011-08-26;0.39033299684524536;0.42683300375938416;0.3716669976711273;0.4198330044746399;38676000;0.38203659653663635
2011-08-29;0.4408330023288727;0.4675000011920929;0.4375;0.4666669964790344;29448000;0.4246542751789093
2011-08-30;0.45566698908805847;0.4749999940395355;0.44633299112319946;0.4666669964790344;25152000;0.4246542751789093
2011-08-31;0.48066699504852295;0.4884999990463257;0.4468330144882202;0.4566670060157776;29664000;0.41555461287498474
2011-09-01;0.4573329985141754;0.47483301162719727;0.43333300948143005;0.4338330030441284;26106000;0.39477628469467163
2011-09-02;0.41416698694229126;0.41666701436042786;0.3963330090045929;0.40400001406669617;22992000;0.3676290512084961
2011-09-06;0.36649999022483826;0.39683300256729126;0.36466699838638306;0.3959999978542328;29136000;0.3603493273258209
2011-09-07;0.41916701197624207;0.4483329951763153;0.41916701197624207;0.44699999690055847;43224000;0.4067578613758087
2011-09-08;0.4359999895095825;0.4740000069141388;0.43299999833106995;0.4403330087661743;32784000;0.40069106221199036
2011-09-09;0.4251669943332672;0.46116700768470764;0.4173330068588257;0.4259999990463257;39306000;0.38764846324920654
2011-09-12;0.4148330092430115;0.46483299136161804;0.4148330092430115;0.46483299136161804;34446000;0.42298534512519836
2011-09-13;0.4731670022010803;0.4966669976711273;0.46183300018310547;0.49300000071525574;43494000;0.44861656427383423
2011-09-14;0.5006669759750366;0.5475000143051147;0.4941670000553131;0.5299999713897705;86268000;0.4822855293750763
2011-09-15;0.5466669797897339;0.5590000152587891;0.5329999923706055;0.5540000200271606;61032000;0.5041248202323914
2011-09-16;0.5533329844474792;0.5733330249786377;0.5485000014305115;0.5558329820632935;62544000;0.5057928562164307
2011-09-19;0.5303329825401306;0.5485000014305115;0.5098329782485962;0.5371670126914978;54882000;0.48880746960639954
2011-09-20;0.5458329916000366;0.5504999756813049;0.5161669850349426;0.5195000171661377;72882000;0.4727309048175812
2011-09-21;0.5298330187797546;0.541333019733429;0.4866670072078705;0.4869999885559082;117186000;0.4431566596031189
2011-09-22;0.44999998807907104;0.45249998569488525;0.413332998752594;0.438167005777359;61854000;0.39872002601623535
2011-09-23;0.42800000309944153;0.46916699409484863;0.4216670095920563;0.46216699481010437;52566000;0.42055946588516235
2011-09-26;0.47883298993110657;0.47883298993110657;0.42966699600219727;0.4613330066204071;98616000;0.4198004901409149
2011-09-27;0.4861670136451721;0.5163329839706421;0.47816699743270874;0.48649999499320984;75846000;0.44270169734954834
2011-09-28;0.4950000047683716;0.4950000047683716;0.44350001215934753;0.44449999928474426;57690000;0.404482901096344
2011-09-29;0.461667001247406;0.4659999907016754;0.4016669988632202;0.4263330101966858;82098000;0.38795143365859985
2011-09-30;0.405333012342453;0.41850000619888306;0.3833329975605011;0.38350000977516174;47844000;0.34897464513778687
2011-10-03;0.37583300471305847;0.38783299922943115;0.3400000035762787;0.34083300828933716;52956000;0.31014880537986755
2011-10-04;0.33000001311302185;0.38449999690055847;0.32600000500679016;0.38383299112319946;89970000;0.3492775857448578
2011-10-05;0.3848330080509186;0.4230000078678131;0.36899998784065247;0.41999998688697815;78738000;0.382188618183136
2011-10-06;0.4173330068588257;0.43516701459884644;0.4025000035762787;0.4345000088214874;78432000;0.39538320899009705
2011-10-07;0.4458329975605011;0.45649999380111694;0.4266670048236847;0.44133299589157104;53652000;0.40160101652145386
2011-10-10;0.460332989692688;0.4841670095920563;0.460332989692688;0.476500004529953;30468000;0.43360206484794617
2011-10-11;0.46883299946784973;0.48100000619888306;0.46366700530052185;0.4733330011367798;30294000;0.43072012066841125
2011-10-12;0.4913330078125;0.5016670227050781;0.48583298921585083;0.48583298921585083;41778000;0.4420948326587677
2011-10-13;0.4776670038700104;0.5203329920768738;0.4761669933795929;0.5163329839706421;45486000;0.46984902024269104
2011-10-14;0.5364999771118164;0.5373330116271973;0.5070000290870667;0.5346670150756836;47322000;0.48653241991996765
2011-10-17;0.5220000147819519;0.5239999890327454;0.4848330020904541;0.4906669855117798;36648000;0.44649362564086914
2011-10-18;0.49149999022483826;0.5266669988632202;0.47383299469947815;0.522333025932312;52332000;0.47530874609947205
2011-10-19;0.521166980266571;0.521166980266571;0.484499990940094;0.4881669878959656;44826000;0.4442186653614044
2011-10-20;0.4746670126914978;0.4811669886112213;0.4363330006599426;0.4646669924259186;53466000;0.4228343665599823
2011-10-21;0.4833329916000366;0.5120000243186951;0.4830000102519989;0.49300000071525574;28434000;0.44861656427383423
2011-10-24;0.5041670203208923;0.5463330149650574;0.5015000104904175;0.5441669821739197;81846000;0.4951772391796112
2011-10-25;0.5323330163955688;0.5443329811096191;0.511667013168335;0.5148329734802246;63798000;0.46848395466804504
2011-10-26;0.5283330082893372;0.5389999747276306;0.48966699838638306;0.5220000147819519;38490000;0.4750058054924011
2011-10-27;0.5636669993400574;0.5985000133514404;0.5558329820632935;0.5885000228881836;55464000;0.5355188846588135
2011-10-28;0.5796669721603394;0.5931670069694519;0.5755000114440918;0.5931670069694519;25170000;0.5397658348083496
2011-10-31;0.5751670002937317;0.5751670002937317;0.5475000143051147;0.5479999780654907;29562000;0.49866512417793274
2011-11-01;0.5031669735908508;0.5151669979095459;0.485166996717453;0.49549999833106995;40368000;0.45089149475097656
2011-11-02;0.5133330225944519;0.5166670083999634;0.4906669855117798;0.503000020980835;15834000;0.45771634578704834
2011-11-03;0.5166670083999634;0.5509999990463257;0.48750001192092896;0.5481669902801514;44694000;0.49881723523139954
2011-11-04;0.5354999899864197;0.5731670260429382;0.5336670279502869;0.5673329830169678;40914000;0.5162575840950012
2011-11-07;0.5591670274734497;0.5695000290870667;0.5333330035209656;0.5648329854011536;44898000;0.5139825940132141
2011-11-08;0.5771669745445251;0.5824999809265137;0.5468329787254333;0.5738329887390137;42258000;0.5221724510192871
2011-11-09;0.5364999771118164;0.5364999771118164;0.4946669936180115;0.4959999918937683;41424000;0.45134642720222473
2011-11-10;0.5205000042915344;0.5214999914169312;0.4866670072078705;0.5091670155525208;21204000;0.463328093290329
2011-11-11;0.5233330130577087;0.5673329830169678;0.5233330130577087;0.5611670017242432;34920000;0.5106467008590698
2011-11-14;0.5529999732971191;0.5695000290870667;0.5311669707298279;0.5418329834938049;29382000;0.4930531680583954
2011-11-15;0.538332998752594;0.5733330249786377;0.5351669788360596;0.5638329982757568;45540000;0.5130728483200073
2011-11-16;0.550000011920929;0.5808330178260803;0.5429999828338623;0.5546669960021973;36810000;0.5047318935394287
2011-11-17;0.550000011920929;0.5533329844474792;0.4721669852733612;0.4916670024394989;73242000;0.4474036395549774
2011-11-18;0.5018330216407776;0.5018330216407776;0.46950000524520874;0.47699999809265137;32286000;0.4340570271015167
2011-11-21;0.45683300495147705;0.4591670036315918;0.4300000071525574;0.4496670067310333;39312000;0.40918469429016113
2011-11-22;0.4446670114994049;0.45833298563957214;0.4251669943332672;0.4334999918937683;28380000;0.39447319507598877
2011-11-23;0.41966700553894043;0.42033299803733826;0.3923330008983612;0.3926669955253601;31662000;0.35731637477874756
2011-11-25;0.3886669874191284;0.40366700291633606;0.37633299827575684;0.37633299827575684;22728000;0.3424527645111084
2011-11-28;0.4198330044746399;0.42283299565315247;0.40266698598861694;0.4148330092430115;23802000;0.3774867653846741
2011-11-29;0.4186669886112213;0.4266670048236847;0.40233299136161804;0.40549999475479126;23424000;0.36899393796920776
2011-11-30;0.43849998712539673;0.47633299231529236;0.43849998712539673;0.47483301162719727;51342000;0.4320850670337677
2011-12-01;0.475832998752594;0.4873329997062683;0.4588330090045929;0.4830000102519989;24264000;0.4395168721675873
2011-12-02;0.49766701459884644;0.5061669945716858;0.47850000858306885;0.4798330068588257;28338000;0.43663495779037476
2011-12-05;0.503000020980835;0.5091670155525208;0.485166996717453;0.4946669936180115;29232000;0.45013344287872314
2011-12-06;0.4925000071525574;0.4996669888496399;0.47916701436042786;0.4916670024394989;16620000;0.4474036395549774
2011-12-07;0.485166996717453;0.5131670236587524;0.4733330011367798;0.5090000033378601;20436000;0.4631761610507965
2011-12-08;0.4943329989910126;0.5130000114440918;0.4620000123977661;0.4656670093536377;26226000;0.423744261264801
2011-12-09;0.45583298802375793;0.48833298683166504;0.44133299589157104;0.48249998688697815;35904000;0.4390617609024048
2011-12-12;0.45283299684524536;0.45283299684524536;0.42716699838638306;0.44383299350738525;28650000;0.4038759171962738
2011-12-13;0.45066699385643005;0.45866701006889343;0.40583300590515137;0.41200000047683716;41736000;0.37490880489349365
2011-12-14;0.4099999964237213;0.4188329875469208;0.3855000138282776;0.39216700196266174;31500000;0.35686132311820984
2011-12-15;0.41383299231529236;0.4169999957084656;0.3855000138282776;0.391167014837265;20004000;0.35595130920410156
2011-12-16;0.40400001406669617;0.4161669909954071;0.39500001072883606;0.4003329873085022;18036000;0.36429211497306824
2011-12-19;0.40450000762939453;0.40549999475479126;0.36500000953674316;0.3666670024394989;36264000;0.33365708589553833
2011-12-20;0.38850000500679016;0.4186669886112213;0.38850000500679016;0.41499999165534973;36492000;0.37763869762420654
2011-12-21;0.41449999809265137;0.41666701436042786;0.3858329951763153;0.4028330147266388;24912000;0.36656707525253296
2011-12-22;0.4090000092983246;0.44600000977516174;0.40766701102256775;0.4424999952316284;28410000;0.40266290307044983
2011-12-23;0.44383299350738525;0.4498330056667328;0.4334999918937683;0.44883298873901367;15252000;0.40842586755752563
2011-12-27;0.4424999952316284;0.4576669931411743;0.44166699051856995;0.4476670026779175;19536000;0.40736478567123413
2011-12-28;0.4429999887943268;0.44783300161361694;0.42500001192092896;0.42583298683166504;23736000;0.38749635219573975
2011-12-29;0.4341669976711273;0.43983298540115356;0.4241670072078705;0.438167005777359;13962000;0.39872002601623535
2011-12-30;0.43833300471305847;0.4433329999446869;0.4320000112056732;0.43266698718070984;15528000;0.3937152326107025
2012-01-03;0.46000000834465027;0.4699999988079071;0.4449999928474426;0.44850000739097595;20838000;0.4081227779388428
2012-01-04;0.4461669921875;0.4513329863548279;0.4313330054283142;0.44816699624061584;19632000;0.4078196883201599
2012-01-05;0.4465000033378601;0.46916699409484863;0.4440000057220459;0.4675000011920929;25092000;0.4254123270511627
2012-01-06;0.46733298897743225;0.4733330011367798;0.45649999380111694;0.47166699171066284;19224000;0.4292040765285492
2012-01-09;0.4796670079231262;0.5016670227050781;0.47666698694229126;0.4978330135345459;27516000;0.45301446318626404
2012-01-10;0.5163329839706421;0.5226669907569885;0.507332980632782;0.5131670236587524;20658000;0.46696799993515015
2012-01-11;0.5034999847412109;0.5239999890327454;0.5024999976158142;0.5195000171661377;16698000;0.4727309048175812
2012-01-12;0.5288329720497131;0.5386670231819153;0.5133330225944519;0.5370000004768372;20850000;0.4886554181575775
2012-01-13;0.522333025932312;0.5226669907569885;0.4988330006599426;0.5019999742507935;24198000;0.4568062722682953
2012-01-17;0.5220000147819519;0.5248330235481262;0.5061669945716858;0.5084999799728394;17028000;0.46272119879722595
2012-01-18;0.5264999866485596;0.5878329873085022;0.5264999866485596;0.5833330154418945;50442000;0.5308172702789307
2012-01-19;0.6003329753875732;0.6216670274734497;0.5971670150756836;0.6191669702529907;41148000;0.5634251236915588
2012-01-20;0.6166669726371765;0.6313329935073853;0.6098330020904541;0.6281669735908508;17694000;0.5716148614883423
2012-01-23;0.6320000290870667;0.636667013168335;0.6078330278396606;0.6233329772949219;22410000;0.5672160983085632
2012-01-24;0.6131669878959656;0.6351670026779175;0.6098330020904541;0.6276670098304749;11994000;0.5711600184440613
2012-01-25;0.6338329911231995;0.6416670083999634;0.6081669926643372;0.6358330249786377;29904000;0.5785906314849854
2012-01-26;0.6441670060157776;0.6543329954147339;0.6073330044746399;0.6161670088768005;22794000;0.5606951117515564
2012-01-27;0.6085000038146973;0.6294999718666077;0.6051669716835022;0.6246669888496399;9660000;0.5684298276901245
2012-01-30;0.6103330254554749;0.6103330254554749;0.5833330154418945;0.6028329730033875;15960000;0.5485615730285645
2012-01-31;0.6188330054283142;0.6215000152587891;0.5931670069694519;0.6053329706192017;17148000;0.5508365035057068
2012-02-01;0.6256669759750366;0.6600000262260437;0.6226670145988464;0.6451669931411743;39444000;0.5870844125747681
2012-02-02;0.6549999713897705;0.6710000038146973;0.6463329792022705;0.6576669812202454;22602000;0.5984591841697693
2012-02-03;0.680167019367218;0.6951670050621033;0.6721670031547546;0.6855000257492065;26310000;0.6237863302230835
2012-02-06;0.6790000200271606;0.6796669960021973;0.652999997138977;0.6636670231819153;16218000;0.6039189696311951
2012-02-07;0.6533330082893372;0.6708329916000366;0.6433330178260803;0.6643329858779907;18906000;0.6045248508453369
2012-02-08;0.6685000061988831;0.7038329839706421;0.6685000061988831;0.6894999742507935;28428000;0.6274262070655823
2012-02-09;0.7008330225944519;0.7008330225944519;0.6788330078125;0.6955000162124634;20448000;0.6328862309455872
2012-02-10;0.6735000014305115;0.6775000095367432;0.6451669931411743;0.6524999737739563;28206000;0.5937572717666626
2012-02-13;0.6725000143051147;0.675000011920929;0.6343330144882202;0.6593329906463623;18954000;0.599975049495697
2012-02-14;0.6526669859886169;0.6688330173492432;0.6499999761581421;0.6688330173492432;20418000;0.6086196899414062
2012-02-15;0.6830000281333923;0.7024999856948853;0.675000011920929;0.6778330206871033;32016000;0.616809606552124
2012-02-16;0.6733329892158508;0.7316669821739197;0.6733329892158508;0.7279999852180481;32184000;0.6624602675437927
2012-02-17;0.7458329796791077;0.7459999918937683;0.7045000195503235;0.7110000252723694;18594000;0.6469907164573669
2012-02-21;0.7163329720497131;0.7166669964790344;0.6733329892158508;0.6825000047683716;19566000;0.6210563778877258
2012-02-22;0.6738330125808716;0.6911669969558716;0.6650000214576721;0.6721670031547546;12120000;0.6116536855697632
2012-02-23;0.6733329892158508;0.6794999837875366;0.6466670036315918;0.6761670112609863;14346000;0.6152936220169067
2012-02-24;0.6800000071525574;0.6909999847412109;0.6673330068588257;0.6711670160293579;8700000;0.6107436418533325
2012-02-27;0.6579999923706055;0.6863330006599426;0.6448330283164978;0.6718329787254333;16248000;0.6113498210906982
2012-02-28;0.6763330101966858;0.714667022228241;0.6763330101966858;0.7058330178260803;25620000;0.6422888040542603
2012-02-29;0.7083330154418945;0.7095000147819519;0.6690000295639038;0.6731669902801514;17994000;0.6125636100769043
2012-03-01;0.6851670145988464;0.6930000185966492;0.6653329730033875;0.6738330125808716;11220000;0.61316978931427
2012-03-02;0.6686670184135437;0.6843330264091492;0.6499999761581421;0.6531670093536377;15672000;0.5943642258644104
2012-03-05;0.6464999914169312;0.6468330025672913;0.5979999899864197;0.6043329834938049;37602000;0.5499266982078552
2012-03-06;0.5771669745445251;0.590499997138977;0.5665000081062317;0.5860000252723694;25242000;0.5332441926002502
2012-03-07;0.5961670279502869;0.6209999918937683;0.5914999842643738;0.6141669750213623;33216000;0.558875322341919
2012-03-08;0.6333330273628235;0.6456670165061951;0.621999979019165;0.6403329968452454;18336000;0.582685649394989
2012-03-09;0.6396669745445251;0.6626669764518738;0.6391670107841492;0.6610000133514404;25692000;0.6014920473098755
2012-03-12;0.661666989326477;0.661666989326477;0.6355000138282776;0.6430000066757202;16902000;0.5851125121116638
2012-03-13;0.6546670198440552;0.6846669912338257;0.6546670198440552;0.6846669912338257;29352000;0.6230283379554749
2012-03-14;0.6916670203208923;0.7113329768180847;0.6741669774055481;0.6784999966621399;32916000;0.6174165606498718
2012-03-15;0.6903330087661743;0.7203329801559448;0.6863330006599426;0.7168329954147339;32976000;0.652298629283905
2012-03-16;0.7174999713897705;0.7256669998168945;0.7093330025672913;0.7183330059051514;17574000;0.653663694858551
2012-03-19;0.7149999737739563;0.7444999814033508;0.711667001247406;0.7356669902801514;17856000;0.6694368720054626
2012-03-20;0.7188330292701721;0.7273330092430115;0.7024999856948853;0.7213330268859863;16914000;0.6563934087753296
2012-03-21;0.727167010307312;0.7378330230712891;0.7149999737739563;0.7283329963684082;10542000;0.6627632975578308
2012-03-22;0.713333010673523;0.722000002861023;0.6983330249786377;0.7158330082893372;12330000;0.6513885259628296
2012-03-23;0.7196670174598694;0.7216669917106628;0.6938329935073853;0.7213330268859863;17070000;0.6563934087753296
2012-03-26;0.7398329973220825;0.7518330216407776;0.725832998752594;0.7518330216407776;19938000;0.6841475367546082
2012-03-27;0.7466670274734497;0.7674999833106995;0.7466670274734497;0.75;11262000;0.6824796795845032
2012-03-28;0.7491670250892639;0.7548329830169678;0.7076669931411743;0.7229999899864197;20256000;0.6579102873802185
2012-03-29;0.7096670269966125;0.728833019733429;0.6958330273628235;0.7253329753875732;13368000;0.6600331664085388
2012-03-30;0.7484999895095825;0.7484999895095825;0.7166669964790344;0.7336670160293579;17772000;0.6676172018051147
2012-04-02;0.7283329963684082;0.7403330206871033;0.7018330097198486;0.7329999804496765;16848000;0.6670099496841431
2012-04-03;0.7300000190734863;0.7300000190734863;0.6903330087661743;0.699167013168335;24684000;0.6362228989601135
2012-04-04;0.6723330020904541;0.6743329763412476;0.6341670155525208;0.6514999866485596;43110000;0.5928472280502319
2012-04-05;0.6489999890327454;0.663332998752594;0.6445000171661377;0.6576669812202454;13242000;0.5984591841697693
2012-04-09;0.6276670098304749;0.6355000138282776;0.6175000071525574;0.6303330063819885;20418000;0.5735859274864197
2012-04-10;0.6269999742507935;0.6424999833106995;0.5914999842643738;0.5973330140113831;19278000;0.5435568690299988
2012-04-11;0.6166669726371765;0.6383330225944519;0.6158329844474792;0.6251670122146606;15714000;0.5688850283622742
2012-04-12;0.6294999718666077;0.6675000190734863;0.6276670098304749;0.659500002861023;29892000;0.6001271605491638
2012-04-13;0.6513329744338989;0.6589999794960022;0.6238330006599426;0.6241670250892639;13854000;0.5679751038551331
2012-04-16;0.640500009059906;0.6436669826507568;0.6085000038146973;0.6251670122146606;26910000;0.5688850283622742
2012-04-17;0.6380000114440918;0.6625000238418579;0.6380000114440918;0.6541669964790344;25710000;0.595274031162262
2012-04-18;0.6328330039978027;0.646166980266571;0.6184999942779541;0.6378329992294312;18018000;0.5804107785224915
2012-04-19;0.6301670074462891;0.661666989326477;0.6050000190734863;0.6169999837875366;19344000;0.5614532828330994
2012-04-20;0.6175000071525574;0.617667019367218;0.5721669793128967;0.574167013168335;40272000;0.5224763751029968
2012-04-23;0.5534999966621399;0.554332971572876;0.5356670022010803;0.5531669855117798;27534000;0.5033669471740723
2012-04-24;0.5603330135345459;0.5608329772949219;0.5336670279502869;0.5398330092430115;19170000;0.4912334382534027
2012-04-25;0.566332995891571;0.5796669721603394;0.5575000047683716;0.5758330225944519;29502000;0.5239925384521484
2012-04-26;0.5803329944610596;0.618166983127594;0.5803329944610596;0.6146669983863831;28902000;0.5593302845954895
2012-04-27;0.6136670112609863;0.6209999918937683;0.5964999794960022;0.6151670217514038;29844000;0.5597853660583496
2012-04-30;0.6136670112609863;0.6151670217514038;0.6050000190734863;0.6051669716835022;15000000;0.5506853461265564
2012-05-01;0.6050000190734863;0.6273329854011536;0.5998330116271973;0.6123329997062683;19788000;0.5572064518928528
2012-05-02;0.6000000238418579;0.625;0.5958330035209656;0.6208329796791077;15480000;0.5649409890174866
2012-05-03;0.6234999895095825;0.6248329877853394;0.5740000009536743;0.5763329863548279;26280000;0.5244473218917847
2012-05-04;0.5674999952316284;0.5766670107841492;0.5375000238418579;0.5391669869422913;31662000;0.4906272292137146
2012-05-07;0.5311669707298279;0.5475000143051147;0.5311669707298279;0.5358330011367798;21600000;0.48759353160858154
2012-05-08;0.5256670117378235;0.5301669836044312;0.4931670129299164;0.5264999866485596;33234000;0.47910067439079285
2012-05-09;0.5023329854011536;0.5285000205039978;0.48833298683166504;0.5220000147819519;33318000;0.4750058054924011
2012-05-10;0.5325000286102295;0.5325000286102295;0.5028330087661743;0.5153329968452454;21144000;0.4689389765262604
2012-05-11;0.512499988079071;0.5450000166893005;0.5106670260429382;0.5263329744338989;23736000;0.4789486229419708
2012-05-14;0.5105000138282776;0.5203329920768738;0.5033329725265503;0.5108330249786377;18600000;0.4648440480232239
2012-05-15;0.5088329911231995;0.5231670141220093;0.49149999022483826;0.4946669936180115;18522000;0.45013344287872314
2012-05-16;0.49916699528694153;0.5044999718666077;0.4699999988079071;0.4718329906463623;32856000;0.42935511469841003
2012-05-17;0.4746670126914978;0.476500004529953;0.43766701221466064;0.43766701221466064;27282000;0.3982650637626648
2012-05-18;0.44633299112319946;0.44783300161361694;0.4108330011367798;0.41350001096725464;48906000;0.3762737512588501
2012-05-21;0.41533300280570984;0.44666698575019836;0.413332998752594;0.44483301043510437;43740000;0.4047859013080597
2012-05-22;0.44566699862480164;0.44566699862480164;0.4269999861717224;0.43616700172424316;29538000;0.39690014719963074
2012-05-23;0.42066699266433716;0.4424999952316284;0.4099999964237213;0.44133299589157104;27300000;0.40160101652145386
2012-05-24;0.44200000166893005;0.4440000057220459;0.41499999165534973;0.42399999499320984;28086000;0.38582843542099
2012-05-25;0.4235000014305115;0.4440000057220459;0.42316699028015137;0.4393329918384552;21594000;0.39978107810020447
2012-05-29;0.4526669979095459;0.47133299708366394;0.4513329863548279;0.46516698598861694;18396000;0.42328938841819763
2012-05-30;0.452333003282547;0.4526669979095459;0.4353330135345459;0.4399999976158142;22146000;0.40038806200027466
2012-05-31;0.43733298778533936;0.44016700983047485;0.41233301162719727;0.4253329932689667;21192000;0.38704150915145874
2012-06-01;0.40400001406669617;0.40516701340675354;0.375;0.37549999356269836;45294000;0.34169480204582214
2012-06-04;0.3768329918384552;0.38850000500679016;0.36033299565315247;0.3703329861164093;27960000;0.33699291944503784
2012-06-05;0.3716669976711273;0.39899998903274536;0.3716669976711273;0.3953329920768738;36054000;0.35974231362342834
2012-06-06;0.4068329930305481;0.4371669888496399;0.4056670069694519;0.4353330135345459;41736000;0.3961412012577057
2012-06-07;0.4505000114440918;0.45583298802375793;0.4158329963684082;0.4176670014858246;32898000;0.3800656497478485
2012-06-08;0.40983301401138306;0.4375;0.4083330035209656;0.4359999895095825;22326000;0.3967481553554535
2012-06-11;0.4538330137729645;0.45583298802375793;0.4096669852733612;0.4111669957637787;29760000;0.3741507828235626
2012-06-12;0.4171670079231262;0.43950000405311584;0.4158329963684082;0.43916699290275574;36006000;0.39963001012802124
2012-06-13;0.43299999833106995;0.4433329999446869;0.41933301091194153;0.4241670072078705;21486000;0.38598042726516724
2012-06-14;0.4256669878959656;0.429500013589859;0.40733298659324646;0.42283299565315247;21318000;0.38476651906967163
2012-06-15;0.42399999499320984;0.44350001215934753;0.42316699028015137;0.4418329894542694;16392000;0.4020559787750244
2012-06-18;0.43366700410842896;0.46866700053215027;0.43366700410842896;0.4625000059604645;31980000;0.4208624064922333
2012-06-19;0.4736669957637787;0.48399999737739563;0.46483299136161804;0.47666698694229126;23340000;0.43375399708747864
2012-06-20;0.48033300042152405;0.4981670081615448;0.47749999165534973;0.4928329885005951;39066000;0.44846463203430176
2012-06-21;0.4876669943332672;0.48833298683166504;0.4300000071525574;0.43116700649261475;48192000;0.3923502564430237
2012-06-22;0.43833300471305847;0.45399999618530273;0.43666699528694153;0.4490000009536743;21888000;0.40857771039009094
2012-06-25;0.43766701221466064;0.43799999356269836;0.40366700291633606;0.4056670069694519;41736000;0.3691459000110626
2012-06-26;0.4111669957637787;0.4169999957084656;0.3963330090045929;0.4093329906463623;24744000;0.37248194217681885
2012-06-27;0.4158329963684082;0.4300000071525574;0.41166698932647705;0.42616701126098633;23748000;0.3878004252910614
2012-06-28;0.41233301162719727;0.42216700315475464;0.40083301067352295;0.4176670014858246;30120000;0.3800656497478485
2012-06-29;0.4490000009536743;0.4708330035209656;0.44633299112319946;0.4699999988079071;48804000;0.42768728733062744
2012-07-02;0.47916701436042786;0.4823330044746399;0.4598329961299896;0.4681670069694519;17688000;0.42601922154426575
2012-07-03;0.4733330011367798;0.4894999861717224;0.4690000116825104;0.4894999861717224;18162000;0.4454317092895508
2012-07-05;0.47883298993110657;0.4830000102519989;0.4620000123977661;0.4761669933795929;17106000;0.4332990348339081
2012-07-06;0.4631670117378235;0.46483299136161804;0.4291670024394989;0.44133299589157104;30462000;0.40160101652145386
2012-07-09;0.4363330006599426;0.4428330063819885;0.41933301091194153;0.4259999990463257;25698000;0.38764846324920654
2012-07-10;0.41633298993110657;0.4309999942779541;0.3883329927921295;0.39616701006889343;48462000;0.36050117015838623
2012-07-11;0.39966699481010437;0.40299999713897705;0.3783330023288727;0.38383299112319946;34476000;0.3492775857448578
2012-07-12;0.375667005777359;0.3761669993400574;0.3561669886112213;0.36649999022483826;49020000;0.33350497484207153
2012-07-13;0.3691670000553131;0.37950000166893005;0.367000013589859;0.37583300471305847;30048000;0.34199780225753784
2012-07-16;0.3706670105457306;0.3706670105457306;0.3551670014858246;0.36333298683166504;27762000;0.3306231200695038
2012-07-17;0.3700000047683716;0.37083300948143005;0.3403330147266388;0.3583329916000366;49782000;0.3260733187198639
2012-07-18;0.35383298993110657;0.4021669924259186;0.3526670038700104;0.39466699957847595;82602000;0.3591361939907074
2012-07-19;0.41166698932647705;0.4288330078125;0.41166698932647705;0.4198330044746399;54054000;0.38203659653663635
2012-07-20;0.4183329939842224;0.42066699266433716;0.39833301305770874;0.3988330066204071;30600000;0.3629271984100342
2012-07-23;0.37333300709724426;0.3935000002384186;0.35933300852775574;0.3869999945163727;36108000;0.35215944051742554
2012-07-24;0.38999998569488525;0.3930000066757202;0.3716669976711273;0.3833329975605011;30174000;0.34882259368896484
2012-07-25;0.39149999618530273;0.41916701197624207;0.3913330137729645;0.40366700291633606;43992000;0.3673260509967804
2012-07-26;0.4288330078125;0.4408330023288727;0.41999998688697815;0.4320000112056732;42372000;0.3931082785129547
2012-07-27;0.43833300471305847;0.46583300828933716;0.4318329989910126;0.4620000123977661;44328000;0.4204075038433075
2012-07-30;0.4625000059604645;0.4728330075740814;0.44200000166893005;0.4498330056667328;21042000;0.40933582186698914
2012-07-31;0.4643329977989197;0.476500004529953;0.45833298563957214;0.46050000190734863;64002000;0.4190424978733063
2012-08-01;0.4681670069694519;0.47350001335144043;0.44999998807907104;0.45966699719429016;20508000;0.41828447580337524
2012-08-02;0.44600000977516174;0.47666698694229126;0.4406670033931732;0.45533299446105957;21774000;0.414340615272522
2012-08-03;0.47666698694229126;0.4916670024394989;0.4666669964790344;0.4833329916000366;25608000;0.4398197829723358
2012-08-06;0.4925000071525574;0.49950000643730164;0.4881669878959656;0.49183300137519836;15390000;0.4475547671318054
2012-08-07;0.5013329982757568;0.5333330035209656;0.5013329982757568;0.5214999914169312;31686000;0.4745507538318634
2012-08-08;0.5166670083999634;0.5295000076293945;0.5139999985694885;0.5285000205039978;15552000;0.4809205234050751
2012-08-09;0.5256670117378235;0.5411670207977295;0.5249999761581421;0.5381669998168945;14832000;0.4897175431251526
2012-08-10;0.536666989326477;0.546999990940094;0.5329999923706055;0.5451670289039612;13224000;0.4960871934890747
2012-08-13;0.5451670289039612;0.5451670289039612;0.5148329734802246;0.5346670150756836;17268000;0.48653241991996765
2012-08-14;0.5441669821739197;0.5453330278396606;0.5133330225944519;0.5199999809265137;21054000;0.4731858968734741
2012-08-15;0.5078330039978027;0.5361670255661011;0.5078330039978027;0.5288329720497131;13752000;0.48122361302375793
2012-08-16;0.5286669731140137;0.5566669702529907;0.5273330211639404;0.5563330054283142;14346000;0.5062478184700012
2012-08-17;0.5529999732971191;0.5529999732971191;0.5371670126914978;0.5451670289039612;16194000;0.4960871934890747
2012-08-20;0.5411670207977295;0.5418329834938049;0.5198330283164978;0.5308330059051514;60024000;0.4830436110496521
2012-08-21;0.5368329882621765;0.5531669855117798;0.5263329744338989;0.5320000052452087;14460000;0.4841056168079376
2012-08-22;0.5238329768180847;0.5283330082893372;0.5105000138282776;0.5208330154418945;16560000;0.47394388914108276
2012-08-23;0.5163329839706421;0.5181670188903809;0.5009999871253967;0.5103330016136169;12726000;0.4643891453742981
2012-08-24;0.5049999952316284;0.522333025932312;0.5;0.5186669826507568;11352000;0.4719727635383606
2012-08-27;0.5239999890327454;0.5245000123977661;0.5058330297470093;0.5139999985694885;7974000;0.4677259922027588
2012-08-28;0.5076670050621033;0.5189999938011169;0.5049999952316284;0.5126670002937317;10518000;0.4665129482746124
2012-08-29;0.5108330249786377;0.5198330283164978;0.5016670227050781;0.5136669874191284;8772000;0.4674229025840759
2012-08-30;0.5049999952316284;0.5049999952316284;0.48533299565315247;0.4881669878959656;13566000;0.4442186653614044
2012-08-31;0.4984999895095825;0.5134999752044678;0.48583298921585083;0.507332980632782;18720000;0.4616592228412628
2012-09-04;0.5059999823570251;0.5071669816970825;0.47749999165534973;0.4956670105457306;33096000;0.4510435461997986
2012-09-05;0.49300000071525574;0.5026670098304749;0.4790000021457672;0.48466700315475464;15120000;0.4410337805747986
2012-09-06;0.4970000088214874;0.5386670231819153;0.4970000088214874;0.5363330245018005;33888000;0.48804840445518494
2012-09-07;0.5288329720497131;0.5323330163955688;0.5151669979095459;0.5263329744338989;13488000;0.4789486229419708
2012-09-10;0.5180000066757202;0.5198330283164978;0.4956670105457306;0.4988330006599426;19014000;0.4539244771003723
2012-09-11;0.5040000081062317;0.5139999985694885;0.49549999833106995;0.507332980632782;15582000;0.4616592228412628
2012-09-12;0.511667013168335;0.5221670269966125;0.5028330087661743;0.5105000138282776;18390000;0.46454107761383057
2012-09-13;0.5076670050621033;0.5296670198440552;0.4970000088214874;0.5246670246124268;30066000;0.47743284702301025
2012-09-14;0.5336670279502869;0.5619999766349792;0.5323330163955688;0.5448330044746399;22680000;0.495783269405365
2012-09-17;0.5523329973220825;0.5523329973220825;0.522832989692688;0.5298330187797546;13680000;0.4821336567401886
2012-09-18;0.525833010673523;0.5283330082893372;0.5170000195503235;0.5224999785423279;8472000;0.4754606783390045
2012-09-19;0.5231670141220093;0.5235000252723694;0.5099999904632568;0.512499988079071;11808000;0.46636107563972473
2012-09-20;0.5059999823570251;0.5084999799728394;0.49000000953674316;0.49916699528694153;18546000;0.45422834157943726
2012-09-21;0.507332980632782;0.5163329839706421;0.499332994222641;0.4996669888496399;10662000;0.4546833336353302
2012-09-24;0.4866670072078705;0.48933300375938416;0.47166699171066284;0.477167010307312;20208000;0.4342089593410492
2012-09-25;0.4830000102519989;0.4880000054836273;0.4406670033931732;0.4406670033931732;29880000;0.4009949564933777
2012-09-26;0.4316670000553131;0.4359999895095825;0.4148330092430115;0.43299999833106995;29124000;0.3940182030200958
2012-09-27;0.4428330063819885;0.46549999713897705;0.43516701459884644;0.4620000123977661;22788000;0.4204075038433075
2012-09-28;0.45649999380111694;0.46000000834465027;0.44783300161361694;0.4493330121040344;18846000;0.4088808298110962
2012-10-01;0.4569999873638153;0.46516698598861694;0.44233301281929016;0.445499986410141;17454000;0.4053928554058075
2012-10-02;0.4561670124530792;0.4566670060157776;0.4424999952316284;0.45350000262260437;12186000;0.4126727283000946
2012-10-03;0.45866701006889343;0.45866701006889343;0.4429999887943268;0.44600000977516174;11076000;0.4058479964733124
2012-10-04;0.4501670002937317;0.45750001072883606;0.4403330087661743;0.4563330113887787;13104000;0.41525065898895264
2012-10-05;0.4631670117378235;0.47633299231529236;0.45100000500679016;0.4544999897480011;21108000;0.41358262300491333
2012-10-08;0.44666698575019836;0.44783300161361694;0.4343329966068268;0.4393329918384552;13800000;0.39978107810020447
2012-10-09;0.43583300709724426;0.43583300709724426;0.414667010307312;0.4186669886112213;26988000;0.3809755742549896
2012-10-10;0.4154999852180481;0.41850000619888306;0.4006670117378235;0.4013330042362213;33456000;0.3652021288871765
2012-10-11;0.41566699743270874;0.41666701436042786;0.40333300828933716;0.4038330018520355;24282000;0.3674771189689636
2012-10-12;0.40233299136161804;0.4083330035209656;0.3966670036315918;0.3970000147819519;20214000;0.36125922203063965
2012-10-15;0.40266698598861694;0.41666701436042786;0.40266698598861694;0.4143329858779907;23754000;0.37703174352645874
2012-10-16;0.41749998927116394;0.4424999952316284;0.41749998927116394;0.4410000145435333;25398000;0.4012981355190277
2012-10-17;0.42966699600219727;0.4461669921875;0.4273329973220825;0.43799999356269836;19134000;0.39856812357902527
2012-10-18;0.43266698718070984;0.43799999356269836;0.41999998688697815;0.4269999861717224;17580000;0.3885583281517029
2012-10-19;0.4238330125808716;0.4241670072078705;0.38966700434684753;0.39033299684524536;56556000;0.3551924228668213
2012-10-22;0.39583298563957214;0.4006670117378235;0.38416698575019836;0.38966700434684753;23040000;0.3545863628387451
2012-10-23;0.37766700983047485;0.39616701006889343;0.37333300709724426;0.39333298802375793;41184000;0.3579222559928894
2012-10-24;0.4059999883174896;0.4059999883174896;0.37483298778533936;0.37516701221466064;38772000;0.34139177203178406
2012-10-25;0.3941670060157776;0.3941670060157776;0.37883299589157104;0.39033299684524536;27804000;0.3551924228668213
2012-10-26;0.38999998569488525;0.4038330018520355;0.38666701316833496;0.39583298563957214;28536000;0.3601972758769989
2012-10-31;0.4000000059604645;0.4046669900417328;0.3916670083999634;0.3953329920768738;17892000;0.35974231362342834
2012-11-01;0.4000000059604645;0.43666699528694153;0.39649999141693115;0.4356670081615448;59682000;0.3964451551437378
2012-11-02;0.4371669888496399;0.44016700983047485;0.4111669957637787;0.41133299469947815;29826000;0.3743019104003906
2012-11-05;0.4108330011367798;0.4353330135345459;0.4074999988079071;0.4318329989910126;21156000;0.39295628666877747
2012-11-06;0.4359999895095825;0.4538330137729645;0.4318329989910126;0.4490000009536743;36810000;0.40857771039009094
2012-11-07;0.43016698956489563;0.4356670081615448;0.4059999883174896;0.4151670038700104;49578000;0.3777906894683838
2012-11-08;0.4216670095920563;0.4230000078678131;0.4000000059604645;0.4000000059604645;29484000;0.36398905515670776
2012-11-09;0.398499995470047;0.41783300042152405;0.397832989692688;0.4028330147266388;39966000;0.36656707525253296
2012-11-12;0.41233301162719727;0.41316699981689453;0.39466699957847595;0.4031670093536377;20754000;0.3668709397315979
2012-11-13;0.39583298563957214;0.4043329954147339;0.39183300733566284;0.3944999873638153;25692000;0.3589843213558197
2012-11-14;0.40233299136161804;0.40583300590515137;0.3725000023841858;0.37516701221466064;41352000;0.34139177203178406
2012-11-15;0.37700000405311584;0.38016700744628906;0.3580000102519989;0.3598330020904541;44232000;0.3274383246898651
2012-11-16;0.36649999022483826;0.36649999022483826;0.34116700291633606;0.36033299565315247;43050000;0.3278931677341461
2012-11-19;0.37599998712539673;0.38199999928474426;0.3693329989910126;0.3808329999446869;43926000;0.3465476632118225
2012-11-20;0.37599998712539673;0.37916699051856995;0.3659999966621399;0.3783330023288727;28992000;0.3442727327346802
2012-11-21;0.3799999952316284;0.3840000033378601;0.3753330111503601;0.38016700744628906;13506000;0.3459416627883911
2012-11-23;0.38749998807907104;0.405333012342453;0.38666701316833496;0.39966699481010437;39354000;0.36368611454963684
2012-11-26;0.39899998903274536;0.4083330035209656;0.3959999978542328;0.40633299946784973;27870000;0.3697519898414612
2012-11-27;0.4083330035209656;0.414000004529953;0.4003329873085022;0.40149998664855957;26604000;0.3653540313243866
2012-11-28;0.3959999978542328;0.41666701436042786;0.3846670091152191;0.4154999852180481;30288000;0.3780937194824219
2012-11-29;0.42149999737739563;0.42649999260902405;0.41100001335144043;0.4189999997615814;28662000;0.3812785744667053
2012-11-30;0.4186669886112213;0.4241670072078705;0.4129999876022339;0.4173330068588257;17814000;0.3797617256641388
2012-12-03;0.4251669943332672;0.42866700887680054;0.4099999964237213;0.4118329882621765;20892000;0.3747568428516388
2012-12-04;0.4136669933795929;0.42250001430511475;0.40549999475479126;0.4188329875469208;11244000;0.38112667202949524
2012-12-05;0.41533300280570984;0.4235000014305115;0.4090000092983246;0.4161669909954071;11466000;0.3787006735801697
2012-12-06;0.41816699504852295;0.4320000112056732;0.41666701436042786;0.4309999942779541;22764000;0.3921983242034912
2012-12-07;0.4356670081615448;0.43766701221466064;0.4251669943332672;0.4338330030441284;12366000;0.39477628469467163
2012-12-10;0.4320000112056732;0.44566699862480164;0.4320000112056732;0.4418329894542694;10578000;0.4020559787750244
2012-12-11;0.44816699624061584;0.4715000092983246;0.44783300161361694;0.4684999883174896;43932000;0.4263222813606262
2012-12-12;0.4776670038700104;0.4776670038700104;0.45966699719429016;0.46299999952316284;21654000;0.4213173985481262
2012-12-13;0.4601669907569885;0.4740000069141388;0.44449999928474426;0.44999998807907104;27486000;0.4094877541065216
2012-12-14;0.44383299350738525;0.4505000114440918;0.43366700410842896;0.4406670033931732;18882000;0.4009949564933777
2012-12-17;0.44266700744628906;0.45183300971984863;0.4346669912338257;0.4458329975605011;17166000;0.40569576621055603
2012-12-18;0.4569999873638153;0.4703330099582672;0.44566699862480164;0.46650001406669617;29934000;0.42450225353240967
2012-12-19;0.4684999883174896;0.48283299803733826;0.4684999883174896;0.47016701102256775;24540000;0.4278391897678375
2012-12-20;0.46950000524520874;0.47200000286102295;0.4569999873638153;0.4693329930305481;15660000;0.4270802140235901
2012-12-21;0.44666698575019836;0.4563330113887787;0.4300000071525574;0.4544999897480011;23190000;0.41358262300491333
2012-12-24;0.4620000123977661;0.4715000092983246;0.4449999928474426;0.4505000114440918;9054000;0.4099428355693817
2012-12-26;0.4519999921321869;0.461667001247406;0.43883299827575684;0.4403330087661743;11136000;0.40069106221199036
2012-12-27;0.4390000104904175;0.4396669864654541;0.4183329939842224;0.43333300948143005;24114000;0.3943212926387787
2012-12-28;0.42333298921585083;0.4386669993400574;0.42149999737739563;0.42583298683166504;12612000;0.38749635219573975
2012-12-31;0.42983299493789673;0.4511669874191284;0.42250001430511475;0.44816699624061584;29208000;0.4078196883201599
2013-01-02;0.47533300518989563;0.5055000185966492;0.4749999940395355;0.5051670074462891;59640000;0.459688276052475
2013-01-03;0.5033329725265503;0.5078330039978027;0.4903329908847809;0.49616700410842896;23976000;0.45149844884872437
2013-01-04;0.4975000023841858;0.4996669888496399;0.48566699028015137;0.4945000112056732;14664000;0.44998157024383545
2013-01-07;0.4913330078125;0.4959999918937683;0.4793330132961273;0.4894999861717224;14658000;0.4454317092895508
2013-01-08;0.48566699028015137;0.49216699600219727;0.47166699171066284;0.4733330011367798;20568000;0.43072012066841125
2013-01-09;0.47633299231529236;0.4878329932689667;0.47633299231529236;0.4873329997062683;15072000;0.443459689617157
2013-01-10;0.5033329725265503;0.5098329782485962;0.49516698718070984;0.5070000290870667;31482000;0.4613562226295471
2013-01-11;0.5013329982757568;0.5166670083999634;0.5013329982757568;0.5158330202102661;11706000;0.4693940579891205
2013-01-14;0.5008329749107361;0.515999972820282;0.4984999895095825;0.5115000009536743;11772000;0.46545103192329407
2013-01-15;0.5053330063819885;0.505666971206665;0.4966669976711273;0.503832995891571;11472000;0.4584742784500122
2013-01-16;0.5061669945716858;0.5249999761581421;0.5021669864654541;0.5201669931411743;16008000;0.47333788871765137
2013-01-17;0.5323330163955688;0.5541669726371765;0.5286669731140137;0.5531669855117798;35070000;0.5033669471740723
2013-01-18;0.5408329963684082;0.5498329997062683;0.5350000262260437;0.5443329811096191;25674000;0.49532806873321533
2013-01-22;0.5441669821739197;0.5441669821739197;0.5295000076293945;0.5394999980926514;14790000;0.4909304678440094
2013-01-23;0.5458329916000366;0.5584999918937683;0.541333019733429;0.5571669936180115;19140000;0.5070068836212158
2013-01-24;0.5343329906463623;0.5566669702529907;0.5299999713897705;0.5423330068588257;15810000;0.4935082197189331
2013-01-25;0.5478330254554749;0.570667028427124;0.5478330254554749;0.5625;17778000;0.5118597745895386
2013-01-28;0.5683330297470093;0.5720000267028809;0.5608329772949219;0.566332995891571;9876000;0.5153475403785706
2013-01-29;0.5608329772949219;0.5618330240249634;0.5491669774055481;0.5558329820632935;12882000;0.5057928562164307
2013-01-30;0.5533329844474792;0.5674999952316284;0.5533329844474792;0.558667004108429;14028000;0.5083716511726379
2013-01-31;0.5576670169830322;0.5668330192565918;0.5491669774055481;0.5536670088768005;17040000;0.5038219690322876
2013-02-01;0.5673329830169678;0.5855000019073486;0.5634999871253967;0.5831670165061951;23550000;0.5306660532951355
2013-02-04;0.5699999928474426;0.5879999995231628;0.5565000176429749;0.5578330159187317;17340000;0.5076127648353577
2013-02-05;0.5683330297470093;0.588333010673523;0.5649999976158142;0.5841670036315918;13062000;0.5315759181976318
2013-02-06;0.5751670002937317;0.5899999737739563;0.5728330016136169;0.5873330235481262;8304000;0.5344570279121399
2013-02-07;0.5926669836044312;0.5926669836044312;0.5633329749107361;0.5796669721603394;14106000;0.527481198310852
2013-02-08;0.5833330154418945;0.6035000085830688;0.5833330154418945;0.602167010307312;20130000;0.5479556322097778
2013-02-11;0.6031669974327087;0.6088330149650574;0.5943329930305481;0.6048330068588257;7806000;0.5503814220428467
2013-02-12;0.6048330068588257;0.6118329763412476;0.5983330011367798;0.6086670160293579;12744000;0.553870439529419
2013-02-13;0.6154999732971191;0.6216670274734497;0.602167010307312;0.6134999990463257;9024000;0.5582682490348816
2013-02-14;0.6043329834938049;0.631833016872406;0.6033329963684082;0.6309999823570251;8382000;0.5741928815841675
2013-02-15;0.6341670155525208;0.6368330121040344;0.6121670007705688;0.6188330054283142;15144000;0.5631212592124939
2013-02-19;0.621167004108429;0.6424999833106995;0.6194999814033508;0.6411669850349426;14514000;0.5834445357322693
2013-02-20;0.6416670083999634;0.6449999809265137;0.5981670022010803;0.5981670022010803;25884000;0.5443156361579895
2013-02-21;0.5816670060157776;0.5901669859886169;0.5538330078125;0.565500020980835;27420000;0.5145894885063171
2013-02-22;0.5814999938011169;0.6031669974327087;0.5770000219345093;0.600832998752594;29910000;0.5467415452003479
2013-02-25;0.6150000095367432;0.6188330054283142;0.5665000081062317;0.5665000081062317;27048000;0.515499472618103
2013-02-26;0.5691670179367065;0.584833025932312;0.5648329854011536;0.5806670188903809;17646000;0.5283911228179932
2013-02-27;0.5835000276565552;0.6158329844474792;0.5803329944610596;0.6066669821739197;12156000;0.5520504117012024
2013-02-28;0.6019999980926514;0.6225000023841858;0.6019999980926514;0.6221669912338257;18894000;0.566154956817627
2013-03-01;0.5926669836044312;0.6083329916000366;0.5761669874191284;0.6001669764518738;21294000;0.546135663986206
2013-03-04;0.6031669974327087;0.6053329706192017;0.5835000276565552;0.5976669788360596;10890000;0.543860673904419
2013-03-05;0.6136670112609863;0.6359999775886536;0.6134999990463257;0.6316670179367065;24552000;0.5747998356819153
2013-03-06;0.6449999809265137;0.6453329920768738;0.6286669969558716;0.6345000267028809;22008000;0.5773778557777405
2013-03-07;0.6411669850349426;0.6524999737739563;0.636667013168335;0.6426669955253601;15654000;0.5848094820976257
2013-03-08;0.6583330035209656;0.6583330035209656;0.6274999976158142;0.6441670060157776;29580000;0.5861741900444031
2013-03-11;0.6408330202102661;0.6493330001831055;0.6291670203208923;0.6471670269966125;9966000;0.5889044404029846
2013-03-12;0.6381670236587524;0.6575000286102295;0.6381670236587524;0.6568329930305481;10350000;0.5977001786231995
2013-03-13;0.6549999713897705;0.6664999723434448;0.6441670060157776;0.6626669764518738;12882000;0.6030089259147644
2013-03-14;0.6698330044746399;0.6813330054283142;0.6668329834938049;0.6718329787254333;10014000;0.6113498210906982
2013-03-15;0.6718329787254333;0.6718329787254333;0.6330000162124634;0.6391670107841492;22080000;0.5816245675086975
2013-03-18;0.6126670241355896;0.6305000185966492;0.6046670079231262;0.613332986831665;22266000;0.5581164956092834
2013-03-19;0.6231669783592224;0.6255000233650208;0.590499997138977;0.6061670184135437;18228000;0.5515955686569214
2013-03-20;0.6200000047683716;0.6333330273628235;0.6179999709129333;0.6299999952316284;21108000;0.5732828974723816
2013-03-21;0.6281669735908508;0.6281669735908508;0.5981670022010803;0.6001669764518738;20580000;0.546135663986206
2013-03-22;0.6100000143051147;0.6291670203208923;0.6081669926643372;0.6190000176429749;14652000;0.5632731318473816
2013-03-25;0.6320000290870667;0.6414999961853027;0.6060000061988831;0.6158329844474792;13764000;0.5603912472724915
2013-03-26;0.6208329796791077;0.6338329911231995;0.6208329796791077;0.6328330039978027;9618000;0.5758607983589172
2013-03-27;0.6225000023841858;0.637499988079071;0.6103330254554749;0.6355000138282776;9366000;0.5782878398895264
2013-03-28;0.6456670165061951;0.6499999761581421;0.6274999976158142;0.6470000147819519;11640000;0.5887526273727417
2013-04-01;0.637499988079071;0.6433330178260803;0.6046670079231262;0.6104999780654907;14892000;0.5555383563041687
2013-04-02;0.628000020980835;0.628000020980835;0.5863329768180847;0.5929999947547913;23736000;0.5396137237548828
2013-04-03;0.6166669726371765;0.6166669726371765;0.5511670112609863;0.5573329925537109;25308000;0.5071579217910767
2013-04-04;0.5580000281333923;0.5799999833106995;0.5461670160293579;0.5786669850349426;17364000;0.5265712738037109
2013-04-05;0.550832986831665;0.5731670260429382;0.5391669869422913;0.5703330039978027;27174000;0.5189875364303589
2013-04-08;0.5641670227050781;0.5913329720497131;0.5569999814033508;0.5913329720497131;14004000;0.5380968451499939
2013-04-09;0.5858330130577087;0.6200000047683716;0.5808330178260803;0.6075000166893005;19890000;0.5528085231781006
2013-04-10;0.613332986831665;0.6488329768180847;0.6129999756813049;0.6464999914169312;29310000;0.5882973670959473
2013-04-11;0.6396669745445251;0.6520000100135803;0.6278330087661743;0.6401669979095459;13578000;0.5825344324111938
2013-04-12;0.6248329877853394;0.6365000009536743;0.6091669797897339;0.630666971206665;11412000;0.5738897323608398
2013-04-15;0.6140000224113464;0.6255000233650208;0.5823330283164978;0.5856670141220093;22998000;0.5329409837722778
2013-04-16;0.6001669764518738;0.6225000023841858;0.5943329930305481;0.6208329796791077;15036000;0.5649409890174866
2013-04-17;0.5966669917106628;0.5966669917106628;0.5521669983863831;0.5596669912338257;26514000;0.5092816948890686
2013-04-18;0.5743330121040344;0.5881670117378235;0.5416669845581055;0.5444999933242798;19272000;0.4954802393913269
2013-04-19;0.5503330230712891;0.5613330006599426;0.5326669812202454;0.5575000047683716;22866000;0.5073098540306091
2013-04-22;0.5616670250892639;0.5808330178260803;0.539667010307312;0.5745000243186951;22254000;0.5227794051170349
2013-04-23;0.5833330154418945;0.6143329739570618;0.5833330154418945;0.6115000247955322;29820000;0.5564483404159546
2013-04-24;0.6004999876022339;0.6393330097198486;0.6004999876022339;0.6334999799728394;17994000;0.5764676928520203
2013-04-25;0.6401669979095459;0.6639999747276306;0.6383330225944519;0.6520000100135803;18084000;0.5933021903038025
2013-04-26;0.6340000033378601;0.6411669850349426;0.6269999742507935;0.6341670155525208;9282000;0.5770747661590576
2013-04-29;0.6333330273628235;0.6608330011367798;0.6333330273628235;0.6558330059051514;10020000;0.5967902541160583
2013-04-30;0.6623330116271973;0.6753330230712891;0.6466670036315918;0.6753330230712891;9654000;0.6145347952842712
2013-05-01;0.6786670088768005;0.6786670088768005;0.6541669964790344;0.6563330292701721;9882000;0.5972452163696289
2013-05-02;0.6716669797897339;0.6865000128746033;0.6585000157356262;0.6834999918937683;12612000;0.6219663619995117
2013-05-03;0.7074999809265137;0.7166669964790344;0.7008330225944519;0.7033330202102661;21360000;0.6400139331817627
2013-05-06;0.7170000076293945;0.7260000109672546;0.7081670165061951;0.7174999713897705;17496000;0.6529055833816528
2013-05-07;0.7279999852180481;0.7279999852180481;0.7048329710960388;0.7164999842643738;10182000;0.6519953012466431
2013-05-08;0.7166669964790344;0.7458329796791077;0.7160000205039978;0.7446669936180115;10608000;0.6776266694068909
2013-05-09;0.7448329925537109;0.7664999961853027;0.7419999837875366;0.7565000057220459;15090000;0.6883944869041443
2013-05-10;0.7636669874191284;0.7773330211639404;0.7618330121040344;0.777167022228241;12012000;0.7072007656097412
2013-05-13;0.7791669964790344;0.7791669964790344;0.7505000233650208;0.753832995891571;14652000;0.6859675049781799
2013-05-14;0.7599999904632568;0.7699999809265137;0.7515000104904175;0.7653329968452454;11418000;0.69643235206604
2013-05-15;0.7653329968452454;0.7954999804496765;0.7583330273628235;0.7856670022010803;8250000;0.7149356603622437
2013-05-16;0.7921670079231262;0.7983329892158508;0.7678329944610596;0.7706670165061951;8520000;0.7012860774993896
2013-05-17;0.788332998752594;0.800832986831665;0.7776669859886169;0.7996670007705688;9216000;0.7276750802993774
2013-05-20;0.8041669726371765;0.8091670274734497;0.7904999852180481;0.7951670289039612;16860000;0.7235804200172424
2013-05-21;0.8036670088768005;0.8036670088768005;0.7860000133514404;0.7935000061988831;9300000;0.722063422203064
2013-05-22;0.8003330230712891;0.8188329935073853;0.7455000281333923;0.7571669816970825;25668000;0.6890014410018921
2013-05-23;0.734499990940094;0.7603330016136169;0.7141669988632202;0.7563329935073853;18678000;0.6882424354553223
2013-05-24;0.7416669726371765;0.7561669945716858;0.7333329916000366;0.7561669945716858;6270000;0.688091516494751
2013-05-28;0.7961670160293579;0.7961670160293579;0.7708330154418945;0.7763329744338989;11004000;0.7064418792724609
2013-05-29;0.7548329830169678;0.793166995048523;0.7548329830169678;0.7858330011367798;5958000;0.7150866985321045
2013-05-30;0.7908329963684082;0.8309999704360962;0.7908329963684082;0.8220000267028809;11388000;0.7479977011680603
2013-05-31;0.8026670217514038;0.8268330097198486;0.7919999957084656;0.7979999780654907;9222000;0.7261582016944885
2013-06-03;0.7948330044746399;0.8184999823570251;0.7713329792022705;0.800000011920929;14388000;0.7279781103134155
2013-06-04;0.8066669702529907;0.8358330130577087;0.7990000247955322;0.8106669783592224;24846000;0.7376847863197327
2013-06-05;0.805666983127594;0.805666983127594;0.7701669931411743;0.7730000019073486;13428000;0.7034090161323547
2013-06-06;0.7718330025672913;0.7886670231819153;0.7465000152587891;0.7670000195503235;11610000;0.6979492902755737
2013-06-07;0.781499981880188;0.8050000071525574;0.765500009059906;0.8036670088768005;11730000;0.7313150763511658
2013-06-10;0.8165000081062317;0.8209999799728394;0.7973330020904541;0.816332995891571;10980000;0.7428406476974487
2013-06-11;0.7991669774055481;0.7994999885559082;0.7613329887390137;0.7641670107841492;16632000;0.6953709721565247
2013-06-12;0.7829999923706055;0.7878329753875732;0.7335000038146973;0.7361670136451721;17346000;0.6698919534683228
2013-06-13;0.7319999933242798;0.7838330268859863;0.7285000085830688;0.7806670069694519;14190000;0.7103858590126038
2013-06-14;0.7973330020904541;0.7998329997062683;0.7676669955253601;0.7721670269966125;8658000;0.7026510238647461
2013-06-17;0.7928329706192017;0.8201670050621033;0.7928329706192017;0.8053330183029175;12372000;0.7328312397003174
2013-06-18;0.8228330016136169;0.8476669788360596;0.8084999918937683;0.8445000052452087;15378000;0.7684721350669861
2013-06-19;0.8458330035209656;0.8560000061988831;0.8144999742507935;0.8169999718666077;16416000;0.7434478402137756
2013-06-20;0.7864999771118164;0.7864999771118164;0.7329999804496765;0.7408329844474792;19248000;0.6741378903388977
2013-06-21;0.742667019367218;0.7633330225944519;0.7193329930305481;0.7465000152587891;19020000;0.6792945861816406
2013-06-24;0.7174999713897705;0.7311670184135437;0.6833329796791077;0.7001670002937317;22710000;0.6371329426765442
2013-06-25;0.718999981880188;0.7558330297470093;0.7171670198440552;0.7519999742507935;13842000;0.684299647808075
2013-06-26;0.7738329768180847;0.7761669754981995;0.7483329772949219;0.761667013168335;11466000;0.6930962204933167
2013-06-27;0.7833330035209656;0.791333019733429;0.7701669931411743;0.7716670036315918;11340000;0.7021961808204651
2013-06-28;0.7736669778823853;0.7923330068588257;0.7524999976158142;0.7820000052452087;11352000;0.7115987539291382
2013-07-01;0.7878329753875732;0.8013330101966858;0.7738329768180847;0.7761669754981995;8286000;0.7062907218933105
2013-07-02;0.7761669754981995;0.8016669750213623;0.7626670002937317;0.7781670093536377;12954000;0.7081107497215271
2013-07-03;0.7549999952316284;0.800000011920929;0.7549999952316284;0.7904999852180481;6444000;0.7193335294723511
2013-07-05;0.8050000071525574;0.8246669769287109;0.7941669821739197;0.8213329911231995;11562000;0.747390627861023
2013-07-08;0.8418329954147339;0.8418329954147339;0.7645000219345093;0.7724999785423279;29700000;0.7029538750648499
2013-07-09;0.7933329939842224;0.8031669855117798;0.7876669764518738;0.7963330149650574;10788000;0.7246412038803101
2013-07-10;0.7943329811096191;0.8278329968452454;0.7938330173492432;0.8236669898033142;14016000;0.7495145797729492
2013-07-11;0.8585000038146973;0.8769999742507935;0.8489999771118164;0.8761669993400574;13638000;0.7972881197929382
2013-07-12;0.8833330273628235;0.8948330283164978;0.8761669993400574;0.8911669850349426;8298000;0.810937762260437
2013-07-15;0.8983330130577087;0.8983330130577087;0.8846669793128967;0.890999972820282;8160000;0.810785710811615
2013-07-16;0.8856670260429382;0.9113330245018005;0.8843330144882202;0.8983330130577087;11532000;0.8174585103988647
2013-07-17;0.9110000133514404;0.9113330245018005;0.8933330178260803;0.9006670117378235;13026000;0.8195824027061462
2013-07-18;0.9076669812202454;0.9076669812202454;0.8688330054283142;0.8783329725265503;14046000;0.7992590069770813
2013-07-19;0.8640000224113464;0.8730000257492065;0.8476669788360596;0.8730000257492065;12150000;0.7944061756134033
2013-07-22;0.8791670203208923;0.8791670203208923;0.8554999828338623;0.8666669726371765;6804000;0.788643479347229
2013-07-23;0.8669999837875366;0.8934999704360962;0.8531669974327087;0.8571670055389404;13200000;0.7799986600875854
2013-07-24;0.8666669726371765;0.8666669726371765;0.8069999814033508;0.8101670145988464;20934000;0.7372300624847412
2013-07-25;0.7998329997062683;0.8251670002937317;0.7944999933242798;0.8246669769287109;9228000;0.7504246234893799
2013-07-26;0.8230000138282776;0.8230000138282776;0.7891669869422913;0.8023329973220825;10296000;0.7301012277603149
2013-07-29;0.8013330101966858;0.8071669936180115;0.7825000286102295;0.7891669869422913;7278000;0.7181203365325928
2013-07-30;0.7971670031547546;0.8208330273628235;0.7966669797897339;0.815500020980835;7872000;0.7420828938484192
2013-07-31;0.8233330249786377;0.8428329825401306;0.8176670074462891;0.8271669745445251;7854000;0.7526993751525879
2013-08-01;0.8546670079231262;0.8736670017242432;0.8488330245018005;0.871999979019165;11010000;0.793496310710907
2013-08-02;0.8636670112609863;0.8636670112609863;0.8391669988632202;0.8554999828338623;5070000;0.7784817814826965
2013-08-05;0.8456670045852661;0.8553329706192017;0.843500018119812;0.8514999747276306;3534000;0.774841845035553
2013-08-06;0.852666974067688;0.852666974067688;0.8245000243186951;0.8341670036315918;4620000;0.7590692043304443
2013-08-07;0.820667028427124;0.8240000009536743;0.7985000014305115;0.8081669807434082;6234000;0.7354099750518799
2013-08-08;0.8211669921875;0.8220000267028809;0.7961670160293579;0.8106669783592224;4242000;0.7376847863197327
2013-08-09;0.8083329796791077;0.8123329877853394;0.7926669716835022;0.7986670136451721;4308000;0.7267653346061707
2013-08-12;0.7868329882621765;0.8144999742507935;0.786666989326477;0.8075000047683716;3732000;0.7348030209541321
2013-08-13;0.8149999976158142;0.8378329873085022;0.7985000014305115;0.8345000147819519;8910000;0.759372353553772
2013-08-14;0.8165000081062317;0.8183330297470093;0.7928329706192017;0.7973330020904541;12360000;0.7255514860153198
2013-08-15;0.7716670036315918;0.7716670036315918;0.7416669726371765;0.742667019367218;10518000;0.6758066415786743
2013-08-16;0.7425000071525574;0.7714999914169312;0.7381669878959656;0.75;7278000;0.6824796795845032
2013-08-19;0.7398329973220825;0.7590000033378601;0.7341669797897339;0.7348330020904541;6270000;0.6686779856681824
2013-08-20;0.7365000247955322;0.7570000290870667;0.7360000014305115;0.7494999766349792;6636000;0.6820246577262878
2013-08-21;0.7423329949378967;0.7519999742507935;0.7250000238418579;0.7329999804496765;8808000;0.6670099496841431
2013-08-22;0.7409999966621399;0.762499988079071;0.7409999966621399;0.7578330039978027;8454000;0.6896073222160339
2013-08-23;0.765999972820282;0.7684999704360962;0.7455000281333923;0.7583330273628235;9096000;0.6900623440742493
2013-08-26;0.7551670074462891;0.7681670188903809;0.7494999766349792;0.7531669735908508;4092000;0.685361385345459
2013-08-27;0.7250000238418579;0.7278329730033875;0.6938329935073853;0.6970000267028809;16050000;0.634251058101654
2013-08-28;0.7026669979095459;0.7310000061988831;0.7026669979095459;0.7200000286102295;6834000;0.6551803946495056
2013-08-29;0.7245000004768372;0.7524999976158142;0.7201669812202454;0.7475000023841858;5964000;0.6802045702934265
2013-08-30;0.7459999918937683;0.7490000128746033;0.7195000052452087;0.7269999980926514;7362000;0.6615502238273621
2013-09-03;0.7605000138282776;0.7733330130577087;0.7341669797897339;0.7448329925537109;7626000;0.6777778267860413
2013-09-04;0.7590000033378601;0.8069999814033508;0.7524999976158142;0.8019999861717224;17016000;0.7297983169555664
2013-09-05;0.8084999918937683;0.8253329992294312;0.8063330054283142;0.8208330273628235;5136000;0.7469357252120972
2013-09-06;0.8289999961853027;0.8305000066757202;0.7900000214576721;0.8108329772949219;10566000;0.7378361225128174
2013-09-09;0.8141670227050781;0.8468329906463623;0.8123329877853394;0.8433330059051514;5964000;0.7674099802970886
2013-09-10;0.8623329997062683;0.8916670083999634;0.8619999885559082;0.8901669979095459;10008000;0.8100276589393616
2013-09-11;0.8790000081062317;0.8891670107841492;0.8591669797897339;0.8824999928474426;4254000;0.8030508756637573
2013-09-12;0.8873329758644104;0.8889999985694885;0.863332986831665;0.8671669960021973;3576000;0.7890983819961548
2013-09-13;0.8646669983863831;0.8790000081062317;0.8536670207977295;0.8786669969558716;2934000;0.7995631098747253
2013-09-16;0.9101669788360596;0.9114999771118164;0.8863329887390137;0.8891670107841492;6642000;0.8091177344322205
2013-09-17;0.8941670060157776;0.911666989326477;0.8941670060157776;0.9071670174598694;5118000;0.8254973292350769
2013-09-18;0.9058330059051514;0.9328330159187317;0.8945000171661377;0.9304999709129333;6474000;0.8467296361923218
2013-09-19;0.9350000023841858;0.9458330273628235;0.9125000238418579;0.9208329916000366;5850000;0.8379329442977905
2013-09-20;0.9191669821739197;0.9366670250892639;0.9020000100135803;0.906000018119812;4320000;0.8244354128837585
2013-09-23;0.9091669917106628;0.921999990940094;0.883167028427124;0.894333004951477;12870000;0.8138188123703003
2013-09-24;0.9049999713897705;0.9229999780654907;0.8941670060157776;0.9123330116271973;5820000;0.8301984071731567
2013-09-25;0.9176669716835022;0.9291669726371765;0.8970000147819519;0.914667010307312;4452000;0.8323221206665039
2013-09-26;0.9268329739570618;0.930167019367218;0.9023330211639404;0.913332998752594;6276000;0.8311083316802979
2013-09-27;0.8998330235481262;0.9043329954147339;0.8849999904632568;0.8923329710960388;3846000;0.811998724937439
2013-09-30;0.867667019367218;0.900833010673523;0.8535000085830688;0.8939999938011169;8412000;0.8135157227516174
2013-10-01;0.8998330235481262;0.9241669774055481;0.8934999704360962;0.9171670079231262;5850000;0.834597110748291
2013-10-02;0.8955000042915344;0.9154999852180481;0.8955000042915344;0.9154999852180481;2394000;0.8330801725387573
2013-10-03;0.9096670150756836;0.9296669960021973;0.8796669840812683;0.9081670045852661;4836000;0.8264073133468628
2013-10-04;0.9081670045852661;0.9358329772949219;0.9081670045852661;0.9284999966621399;4698000;0.84490966796875
2013-10-07;0.9068329930305481;0.9333329796791077;0.8966670036315918;0.914667010307312;3126000;0.8323221206665039
2013-10-08;0.9164999723434448;0.9221670031547546;0.8606669902801514;0.871167004108429;6852000;0.7927383780479431
2013-10-09;0.8716670274734497;0.8790000081062317;0.831833004951477;0.8600000143051147;7686000;0.7825765013694763
2013-10-10;0.8856670260429382;0.9226670265197754;0.8830000162124634;0.9185000061988831;10824000;0.8358100652694702
2013-10-11;0.9083330035209656;0.9333329796791077;0.899167001247406;0.9269999861717224;6798000;0.8435447216033936
2013-10-14;0.9014999866485596;0.9484999775886536;0.8999999761581421;0.9451670050621033;5442000;0.8600762486457825
2013-10-15;0.9463329911231995;0.9509999752044678;0.9166669845581055;0.9210000038146973;6456000;0.8380849957466125
2013-10-16;0.9269999861717224;0.9495000243186951;0.9225000143051147;0.9471669793128967;4344000;0.8618961572647095
2013-10-17;0.9325000047683716;0.9691669940948486;0.918166995048523;0.9671670198440552;5004000;0.8800957798957825
2013-10-18;0.9778329730033875;0.9778329730033875;0.9508330225944519;0.9736670255661011;6288000;0.8860105276107788
2013-10-21;0.9816669821739197;0.9866669774055481;0.9716669917106628;0.9851670265197754;4620000;0.8964752554893494
2013-10-22;0.9911670088768005;0.9911670088768005;0.9618330001831055;0.9786670207977295;6168000;0.8905604481697083
2013-10-23;0.9350000023841858;0.9350000023841858;0.8686670064926147;0.8820000290870667;13896000;0.8025962710380554
2013-10-24;0.897333025932312;0.9129999876022339;0.897333025932312;0.9035000205039978;5088000;0.8221603631973267
2013-10-25;0.9118329882621765;0.9166669845581055;0.9035000205039978;0.9135000109672546;7236000;0.831260085105896
2013-10-28;0.913332998752594;0.9358329772949219;0.9073330163955688;0.9323329925537109;3276000;0.8483976125717163
2013-10-29;0.9416670203208923;0.9746670126914978;0.9416670203208923;0.9733330011367798;6594000;0.8857066035270691
2013-10-30;0.9785000085830688;0.9848330020904541;0.9473329782485962;0.9589999914169312;4176000;0.8726639151573181
2013-10-31;0.9614999890327454;0.992667019367218;0.9601669907569885;0.9753329753875732;6642000;0.8875265717506409
2013-11-01;0.9831669926643372;0.987500011920929;0.9549999833106995;0.964667022228241;4572000;0.8778209090232849
2013-11-04;0.9768329858779907;0.9768329858779907;0.9571670293807983;0.9628329873085022;2082000;0.8761518597602844
2013-11-05;0.941332995891571;0.9656670093536377;0.9304999709129333;0.9541670083999634;3276000;0.8682658672332764
2013-11-06;0.9681670069694519;0.9701669812202454;0.9478330016136169;0.9648330211639404;2826000;0.8779717683792114
2013-11-07;0.9620000123977661;0.9620000123977661;0.9051669836044312;0.9093329906463623;7236000;0.8274683356285095
2013-11-08;0.9053329825401306;0.940500020980835;0.8999999761581421;0.9394999742507935;5514000;0.8549193143844604
2013-11-11;0.9304999709129333;0.9416670203208923;0.921999990940094;0.9388329982757568;2082000;0.8543124198913574
2013-11-12;0.9300000071525574;0.9571670293807983;0.9300000071525574;0.9545000195503235;4428000;0.868569016456604
2013-11-13;0.9433330297470093;0.9823330044746399;0.9369999766349792;0.9815000295639038;2928000;0.8931383490562439
2013-11-14;0.9808329939842224;0.9808329939842224;0.961667001247406;0.9678329825401306;2946000;0.8807017207145691
2013-11-15;0.9726669788360596;0.9900000095367432;0.9558330178260803;0.9861670136451721;3630000;0.8973851799964905
2013-11-18;0.9900000095367432;0.9906669855117798;0.9536669850349426;0.9595000147819519;7848000;0.8731189966201782
2013-11-19;0.9648330211639404;0.9661669731140137;0.9235000014305115;0.9259999990463257;6336000;0.8426347970962524
2013-11-20;0.9294999837875366;0.9365000128746033;0.9051669836044312;0.9121670126914978;5040000;0.8300470113754272
2013-11-21;0.9218329787254333;0.9626669883728027;0.9213330149650574;0.9608330130577087;4164000;0.8743319511413574
2013-11-22;0.9573330283164978;0.9661669731140137;0.9481670260429382;0.9624999761581421;2322000;0.8758487701416016
2013-11-25;0.9676669836044312;0.9676669836044312;0.941332995891571;0.9591670036315918;3900000;0.8728160262107849
2013-11-26;0.9743329882621765;0.9900000095367432;0.9618330001831055;0.9838330149650574;5604000;0.895261287689209
2013-11-27;0.9738330245018005;0.996999979019165;0.9670000076293945;0.9966670274734497;4746000;0.9069398641586304
2013-11-29;1.0;1.0093330144882202;0.9936670064926147;0.9965000152587891;2976000;0.9067877531051636
2013-12-02;1.0053329467773438;1.0069999694824219;0.9871670007705688;0.9911670088768005;5214000;0.9019351005554199
2013-12-03;0.984499990940094;1.0110000371932983;0.9825000166893005;1.0013329982757568;5022000;0.9111858010292053
2013-12-04;0.9971669912338257;1.0083329677581787;0.9683330059051514;0.9886670112609863;2712000;0.899660050868988
2013-12-05;0.9900000095367432;1.0069999694824219;0.9879999756813049;0.9951670169830322;3810000;0.9055749773979187
2013-12-06;1.040166974067688;1.040166974067688;1.0183329582214355;1.0295000076293945;4728000;0.936816930770874
2013-12-09;1.0463329553604126;1.0490000247955322;1.0321669578552246;1.037500023841858;3150000;0.9440970420837402
2013-12-10;1.034000039100647;1.0421669483184814;1.0178329944610596;1.0286669731140137;1938000;0.9360587000846863
2013-12-11;1.0325000286102295;1.0360000133514404;0.9941669702529907;0.9983329772949219;3504000;0.9084557890892029
2013-12-12;0.9953330159187317;1.0016670227050781;0.9695000052452087;0.9731670022010803;4140000;0.8855555057525635
2013-12-13;0.9833329916000366;0.9890000224113464;0.961667001247406;0.9679999947547913;4620000;0.8808535933494568
2013-12-16;0.9890000224113464;1.0246670246124268;0.9890000224113464;1.0069999694824219;3594000;0.9163426160812378
2013-12-17;1.0069999694824219;1.0455000400543213;1.0069999694824219;1.0383330583572388;5094000;0.9448548555374146
2013-12-18;1.0405000448226929;1.0618330240249634;0.9923329949378967;1.059000015258789;6684000;0.9636610746383667
2013-12-19;1.057332992553711;1.057332992553711;1.0261670351028442;1.0399999618530273;3366000;0.9463717937469482
2013-12-20;1.0399999618530273;1.075166940689087;1.0399999618530273;1.066499948501587;7314000;0.9704856276512146
2013-12-23;1.0859999656677246;1.0971670150756836;1.0773329734802246;1.093000054359436;4920000;0.9946003556251526
2013-12-24;1.1013330221176147;1.1130000352859497;1.0950000286102295;1.1059999465942383;2052000;1.0064297914505005
2013-12-26;1.1116670370101929;1.121000051498413;1.1053329706192017;1.1161669492721558;4362000;1.015681505203247
2013-12-27;1.1195000410079956;1.1265000104904175;1.1108330488204956;1.1131670475006104;2088000;1.0129519701004028
2013-12-30;1.1078330278396606;1.1286669969558716;1.1078330278396606;1.1216670274734497;2718000;1.0206862688064575
2013-12-31;1.1291669607162476;1.151332974433899;1.1291669607162476;1.150333046913147;4722000;1.0467721223831177
2014-01-02;1.1286669969558716;1.1286669969558716;1.0873329639434814;1.098667025566101;7344000;0.999756932258606
2014-01-03;1.1035000085830688;1.1035000085830688;1.0785000324249268;1.0946669578552246;4176000;0.9961169958114624
2014-01-06;1.1004999876022339;1.1004999876022339;1.0691670179367065;1.0740000009536743;3546000;0.977310836315155
2014-01-07;1.0836670398712158;1.1028330326080322;1.0798330307006836;1.0989999771118164;2796000;1.000059962272644
2014-01-08;1.1239999532699585;1.149999976158142;1.1166670322418213;1.1475000381469727;4404000;1.0441938638687134
2014-01-09;1.159000039100647;1.159000039100647;1.1101670265197754;1.1231670379638672;2556000;1.0220513343811035
2014-01-10;1.1233329772949219;1.1416670083999634;1.1211669445037842;1.1368329524993896;2616000;1.034487247467041
2014-01-13;1.13100004196167;1.1419999599456787;1.087499976158142;1.0963330268859863;5268000;0.9976335167884827
2014-01-14;1.1013330221176147;1.1741670370101929;1.0971670150756836;1.1716669797897339;8208000;1.0661852359771729
2014-01-15;1.18483304977417;1.2113330364227295;1.1816669702529907;1.2013330459594727;5568000;1.093180537223816
2014-01-16;1.1983330249786377;1.2016669511795044;1.1749999523162842;1.1813329458236694;6768000;1.0749809741973877
2014-01-17;1.1670000553131104;1.185333013534546;1.153499960899353;1.1610000133514404;4092000;1.0564783811569214
2014-01-21;1.1759999990463257;1.1841670274734497;1.1543329954147339;1.1838330030441284;5472000;1.0772558450698853
2014-01-22;1.1838330030441284;1.225000023841858;1.1755000352859497;1.2243330478668213;3648000;1.114109754562378
2014-01-23;1.189666986465454;1.2018330097198486;1.1619999408721924;1.1826670169830322;6252000;1.0761947631835938
2014-01-24;1.1613329648971558;1.1668330430984497;1.0980000495910645;1.099666953086853;8844000;1.0006670951843262
2014-01-27;1.113332986831665;1.113832950592041;1.058500051498413;1.0786670446395874;8034000;0.9815575480461121
2014-01-28;1.070667028427124;1.0973329544067383;1.057332992553711;1.0918329954147339;4476000;0.993538498878479
2014-01-29;1.0709999799728394;1.1073329448699951;1.0709999799728394;1.0765000581741333;6654000;0.9795857071876526
2014-01-30;1.1023329496383667;1.1278330087661743;1.0958329439163208;1.1183329820632935;5076000;1.0176527500152588
2014-01-31;1.084833025932312;1.1169999837875366;1.0720000267028809;1.1009999513626099;3480000;1.0018800497055054
2014-02-03;1.0985000133514404;1.0985000133514404;1.0221669673919678;1.031499981880188;7428000;0.9386370182037354
2014-02-04;1.0323330163955688;1.0403330326080322;1.0161670446395874;1.0331670045852661;6804000;0.9401537775993347
2014-02-05;1.027500033378601;1.0511670112609863;1.0023330450057983;1.0373330116271973;4200000;0.9439446330070496
2014-02-06;1.0544999837875366;1.0933330059051514;1.0536669492721558;1.0866669416427612;7758000;0.9888373017311096
2014-02-07;1.1015000343322754;1.1423330307006836;1.0893330574035645;1.1391669511795044;7098000;1.0366108417510986
2014-02-10;1.1323330402374268;1.1614999771118164;1.1318329572677612;1.1566669940948486;4908000;1.0525355339050293
2014-02-11;1.1623330116271973;1.2096669673919678;1.159000039100647;1.2008329629898071;6120000;1.0927252769470215
2014-02-12;1.2200000286102295;1.2403329610824585;1.2136670351028442;1.2346669435501099;8586000;1.1235133409500122
2014-02-13;1.2130000591278076;1.2790000438690186;1.2093329429626465;1.2790000438690186;5844000;1.1638551950454712
2014-02-14;1.278833031654358;1.3049999475479126;1.2625000476837158;1.3001669645309448;7818000;1.1831164360046387
2014-02-18;1.317667007446289;1.317667007446289;1.2833329439163208;1.3106670379638672;5424000;1.192671537399292
2014-02-19;1.3051669597625732;1.3265000581741333;1.2968330383300781;1.3076670169830322;4584000;1.1899415254592896
2014-02-20;1.310333013534546;1.3416670560836792;1.3035000562667847;1.3385000228881836;5178000;1.2179983854293823
2014-02-21;1.3438329696655273;1.351667046546936;1.3061670064926147;1.318166971206665;5064000;1.1994961500167847
2014-02-24;1.337499976158142;1.3583329916000366;1.3285000324249268;1.3333330154418945;4512000;1.2132967710494995
2014-02-25;1.3281669616699219;1.3386670351028442;1.2918330430984497;1.3138329982757568;6354000;1.1955522298812866
2014-02-26;1.3226670026779175;1.3678330183029175;1.3226670026779175;1.3393330574035645;5082000;1.2187567949295044
2014-02-27;1.3333330154418945;1.346500039100647;1.310333013534546;1.337499976158142;3162000;1.2170886993408203
2014-02-28;1.3481669425964355;1.3508330583572388;1.3070000410079956;1.3333330154418945;4836000;1.2132967710494995
2014-03-03;1.2934999465942383;1.3200000524520874;1.2725000381469727;1.3114999532699585;8346000;1.1934292316436768
2014-03-04;1.3518329858779907;1.3848329782485962;1.3513330221176147;1.3795000314712524;7014000;1.2553075551986694
2014-03-05;1.3795000314712524;1.399999976158142;1.3718329668045044;1.3881670236587524;3366000;1.2631943225860596
2014-03-06;1.399999976158142;1.4213329553604126;1.3851670026779175;1.4198329448699951;3126000;1.2920093536376953
2014-03-07;1.4331669807434082;1.4368330240249634;1.3996670246124268;1.4131669998168945;3978000;1.285943627357483
2014-03-10;1.4016669988632202;1.422333002090454;1.3849999904632568;1.4041670560836792;1980000;1.2777535915374756
2014-03-11;1.418166995048523;1.4275000095367432;1.3701670169830322;1.3818329572677612;2088000;1.2574299573898315
2014-03-12;1.3601670265197754;1.4166669845581055;1.3535000085830688;1.4166669845581055;2508000;1.289128303527832
2014-03-13;1.4316669702529907;1.4381669759750366;1.3229999542236328;1.3458329439163208;5796000;1.2246712446212769
2014-03-14;1.3333330154418945;1.3583329916000366;1.3218330144882202;1.3244999647140503;3678000;1.2052589654922485
2014-03-17;1.3523329496383667;1.3851670026779175;1.3493330478668213;1.371999979019165;4002000;1.2484828233718872
2014-03-18;1.3878329992294312;1.4326670169830322;1.3713330030441284;1.4305000305175781;8142000;1.3017163276672363
2014-03-19;1.432832956314087;1.4570000171661377;1.400333046913147;1.4273329973220825;6624000;1.298834204673767
2014-03-20;1.4046670198440552;1.5084999799728394;1.4046670198440552;1.5076669454574585;6588000;1.3719358444213867
2014-03-21;1.5255000591278076;1.5271669626235962;1.4559999704360962;1.468000054359436;7470000;1.335839867591858
2014-03-24;1.4896670579910278;1.4896670579910278;1.4136669635772705;1.4498330354690552;9888000;1.3193085193634033
2014-03-25;1.4609999656677246;1.505167007446289;1.456833004951477;1.4798330068588257;6858000;1.3466074466705322
2014-03-26;1.5099999904632568;1.5333329439163208;1.4326670169830322;1.434999942779541;8124000;1.3058111667633057
2014-03-27;1.42283296585083;1.4478329420089722;1.3893330097198486;1.3995000123977661;5778000;1.273506999015808
2014-03-28;1.4149999618530273;1.4616669416427612;1.4083329439163208;1.4296669960021973;4116000;1.3009581565856934
2014-03-31;1.4631669521331787;1.5095000267028809;1.4550000429153442;1.4984999895095825;9546000;1.36359441280365
2014-04-01;1.5308330059051514;1.56850004196167;1.5148329734802246;1.56850004196167;8106000;1.4272923469543457
2014-04-02;1.5833330154418945;1.5833330154418945;1.536167025566101;1.5586669445037842;7266000;1.4183443784713745
2014-04-03;1.5666669607162476;1.6118329763412476;1.5446670055389404;1.5679999589920044;6804000;1.4268372058868408
2014-04-04;1.6108330488204956;1.6108330488204956;1.4303330183029175;1.4361670017242432;15960000;1.3068726062774658
2014-04-07;1.411666989326477;1.4591670036315918;1.370332956314087;1.3964999914169312;9858000;1.2707769870758057
2014-04-08;1.4083329439163208;1.453832983970642;1.4006669521331787;1.4488329887390137;5208000;1.3183987140655518
2014-04-09;1.4786670207977295;1.5001670122146606;1.4500000476837158;1.4954999685287476;7512000;1.360864281654358
2014-04-10;1.5006669759750366;1.5019999742507935;1.3533329963684082;1.3576669692993164;11070000;1.2354401350021362
2014-04-11;1.3166669607162476;1.3686670064926147;1.2823330163955688;1.2928329706192017;9384000;1.1764428615570068
2014-04-14;1.3228329420089722;1.3454999923706055;1.2884999513626099;1.3231669664382935;5760000;1.2040461301803589
2014-04-15;1.337499976158142;1.3619999885559082;1.2799999713897705;1.3504999876022339;6870000;1.228918433189392
2014-04-16;1.37766695022583;1.37766695022583;1.286666989326477;1.3426669836044312;5334000;1.2217903137207031
2014-04-17;1.3396669626235962;1.4376670122146606;1.3396669626235962;1.4201669692993164;10782000;1.2923136949539185
2014-04-21;1.4256670475006104;1.4586670398712158;1.4018330574035645;1.4576669931411743;6312000;1.3264371156692505
2014-04-22;1.4666670560836792;1.5099999904632568;1.4579999446868896;1.4993330240249634;5940000;1.3643524646759033
2014-04-23;1.503999948501587;1.5141669511795044;1.4804999828338623;1.4931670427322388;2610000;1.3587415218353271
2014-04-24;1.5323330163955688;1.5323330163955688;1.459833025932312;1.516332983970642;6888000;1.3798216581344604
2014-04-25;1.4780000448226929;1.4780000448226929;1.36033296585083;1.3696670532226562;12810000;1.2463597059249878
2014-04-28;1.3791669607162476;1.4043329954147339;1.2918330430984497;1.3446669578552246;7662000;1.223610520362854
2014-04-29;1.3636670112609863;1.3854999542236328;1.338832974433899;1.3691669702529907;3888000;1.245904803276062
2014-04-30;1.3545000553131104;1.3968329429626465;1.3538329601287842;1.3968329429626465;4680000;1.2710797786712646
2014-05-01;1.3990000486373901;1.435333013534546;1.3758330345153809;1.3830000162124634;4398000;1.2584924697875977
2014-05-02;1.369832992553711;1.4123330116271973;1.369832992553711;1.391332983970642;4212000;1.2660751342773438
2014-05-05;1.3763329982757568;1.4088330268859863;1.3571670055389404;1.3980000019073486;2844000;1.272141933441162
2014-05-06;1.4041670560836792;1.4216669797897339;1.3808330297470093;1.3813329935073853;2064000;1.2569754123687744
2014-05-07;1.394333004951477;1.3993330001831055;1.3488329648971558;1.3839999437332153;3090000;1.2594021558761597
2014-05-08;1.371500015258789;1.4706670045852661;1.3711669445037842;1.4123330116271973;7788000;1.2851845026016235
2014-05-09;1.4079999923706055;1.411167025566101;1.3701670169830322;1.400833010673523;2988000;1.2747199535369873
2014-05-12;1.4093329906463623;1.481166958808899;1.4093329906463623;1.476667046546936;9942000;1.3437267541885376
2014-05-13;1.4880000352859497;1.4893330335617065;1.442167043685913;1.444000005722046;4584000;1.3140003681182861
2014-05-14;1.4329999685287476;1.4428329467773438;1.4049999713897705;1.4071669578552246;3846000;1.280483603477478
2014-05-15;1.3949999809265137;1.406499981880188;1.3255000114440918;1.3578330278396606;8310000;1.2355912923812866
2014-05-16;1.3554999828338623;1.4045000076293945;1.3515000343322754;1.3980000019073486;3402000;1.272141933441162
2014-05-19;1.3928329944610596;1.454332947731018;1.3928329944610596;1.4428329467773438;4440000;1.3129386901855469
2014-05-20;1.4441670179367065;1.456833004951477;1.399999976158142;1.4225000143051147;3666000;1.2944363355636597
2014-05-21;1.4366669654846191;1.4553329944610596;1.4220000505447388;1.4429999589920044;4350000;1.3130905628204346
2014-05-22;1.4528330564498901;1.4800000190734863;1.4473329782485962;1.4641669988632202;4740000;1.3323525190353394
2014-05-23;1.462833046913147;1.5061670541763306;1.4578330516815186;1.503499984741211;7674000;1.368144154548645
2014-05-27;1.545667052268982;1.5609999895095825;1.5219999551773071;1.5609999895095825;6498000;1.420467495918274
2014-05-28;1.5748330354690552;1.5798330307006836;1.5429999828338623;1.565999984741211;4740000;1.4250171184539795
2014-05-29;1.5696669816970825;1.593999981880188;1.5668330192565918;1.5756670236587524;3030000;1.4338141679763794
2014-05-30;1.574167013168335;1.5881669521331787;1.5638329982757568;1.5821670293807983;2382000;1.4397287368774414
2014-06-02;1.6096669435501099;1.6208330392837524;1.5674999952316284;1.6078330278396606;3918000;1.46308434009552
2014-06-03;1.6091669797897339;1.6588330268859863;1.6008330583572388;1.6531670093536377;6246000;1.504337191581726
2014-06-04;1.653499960899353;1.6825000047683716;1.6365000009536743;1.6756670475006104;4044000;1.5248112678527832
2014-06-05;1.6858329772949219;1.7141669988632202;1.6558330059051514;1.6988329887390137;6264000;1.5458917617797852
2014-06-06;1.710832953453064;1.7354999780654907;1.7046669721603394;1.724166989326477;6654000;1.5689448118209839
2014-06-09;1.7330000400543213;1.7654999494552612;1.7283329963684082;1.7365000247955322;6924000;1.5801678895950317
2014-06-10;1.7398329973220825;1.7553329467773438;1.7141669988632202;1.7538330554962158;4128000;1.5959402322769165
2014-06-11;1.737833023071289;1.7976670265197754;1.737833023071289;1.7793329954147339;4884000;1.6191445589065552
2014-06-12;1.778833031654358;1.7948329448699951;1.7403329610824585;1.7608330249786377;6840000;1.602310061454773
2014-06-13;1.8109999895095825;1.8291670083999634;1.7813329696655273;1.8108329772949219;6210000;1.6478086709976196
2014-06-16;1.8161669969558716;1.8546669483184814;1.8023329973220825;1.8446669578552246;7470000;1.6785969734191895
2014-06-17;1.8508330583572388;1.8933329582214355;1.8386670351028442;1.886167049407959;6432000;1.7163606882095337
2014-06-18;1.8911670446395874;1.8928329944610596;1.8163330554962158;1.8634999990463257;9090000;1.6957343816757202
2014-06-19;1.8803329467773438;1.883167028427124;1.8316669464111328;1.8686670064926147;7944000;1.700435996055603
2014-06-20;1.8721669912338257;1.8849999904632568;1.8578330278396606;1.8849999904632568;4170000;1.7152988910675049
2014-06-23;1.8926670551300049;1.8926670551300049;1.8585000038146973;1.8641669750213623;6738000;1.6963412761688232
2014-06-24;1.8536670207977295;1.9041670560836792;1.8075000047683716;1.8226670026779175;9162000;1.6585773229599
2014-06-25;1.8083330392837524;1.8488329648971558;1.7843329906463623;1.8423329591751099;6300000;1.6764731407165527
2014-06-26;1.8308329582214355;1.8453329801559448;1.7764999866485596;1.8188329935073853;5352000;1.6550884246826172
2014-06-27;1.8051669597625732;1.8274999856948853;1.796167016029358;1.8274999856948853;2694000;1.6629749536514282
2014-06-30;1.8291670083999634;1.8899999856948853;1.8291670083999634;1.8846670389175415;4662000;1.7149955034255981
2014-07-01;1.898332953453064;1.9881670475006104;1.898332953453064;1.9623329639434814;9978000;1.7856694459915161
2014-07-02;1.9788329601287842;1.9858330488204956;1.9585000276565552;1.977167010307312;5664000;1.799168348312378
2014-07-03;1.9816670417785645;2.0246670246124268;1.9816670417785645;2.0169999599456787;3942000;1.8354151248931885
2014-07-07;2.0169999599456787;2.0226669311523438;1.9643330574035645;1.9748330116271973;8154000;1.7970446348190308
2014-07-08;1.9635000228881836;1.9761669635772705;1.887166976928711;1.9450000524520874;10506000;1.769897222518921
2014-07-09;1.9605000019073486;1.9850000143051147;1.9149999618530273;1.9788329601287842;6528000;1.8006839752197266
2014-07-10;1.8923330307006836;1.9744999408721924;1.871999979019165;1.9503329992294312;6774000;1.7747498750686646
2014-07-11;1.9606670141220093;1.968999981880188;1.9268330335617065;1.9541670083999634;3882000;1.7782390117645264
2014-07-14;1.9904999732971191;2.002000093460083;1.965000033378601;1.9804999828338623;7164000;1.8022010326385498
2014-07-15;1.9986670017242432;1.9988329410552979;1.9096670150756836;1.9648330211639404;6828000;1.7879446744918823
2014-07-16;2.010499954223633;2.0358328819274902;1.995332956314087;2.0328330993652344;5760000;1.8498228788375854
2014-07-17;1.9845000505447388;1.9845000505447388;1.8651670217514038;1.8758330345153809;12642000;1.7069567441940308
2014-07-18;1.899999976158142;1.9546669721603394;1.8869999647140503;1.9493329524993896;5280000;1.7738397121429443
2014-07-21;1.949167013168335;1.9761669635772705;1.9316669702529907;1.9653329849243164;3408000;1.788399577140808
2014-07-22;2.000166893005371;2.015166997909546;1.975000023841858;2.0028328895568848;4308000;1.8225234746932983
2014-07-23;1.9824999570846558;1.9824999570846558;1.8619999885559082;1.8645000457763672;12192000;1.6966445446014404
2014-07-24;1.8645000457763672;1.8666670322418213;1.8111670017242432;1.8173329830169678;9876000;1.6537240743637085
2014-07-25;1.7816669940948486;1.7816669940948486;1.6913330554962158;1.7079999446868896;10626000;1.5542333126068115
2014-07-28;1.713333010673523;1.7136670351028442;1.63966703414917;1.7024999856948853;8148000;1.5492286682128906
2014-07-29;1.7135000228881836;1.7426669597625732;1.692167043685913;1.6946669816970825;5832000;1.5421011447906494
2014-07-30;1.7238329648971558;1.7583329677581787;1.7115000486373901;1.7446670532226562;5922000;1.587599754333496
2014-07-31;1.6911669969558716;1.6993329524993896;1.6143330335617065;1.6263329982757568;9606000;1.4799190759658813
2014-08-01;1.6166670322418213;1.6816669702529907;1.6100000143051147;1.6506669521331787;9360000;1.502062201499939
2014-08-04;1.6644999980926514;1.6866669654846191;1.625;1.6713329553604126;4602000;1.5208674669265747
2014-08-05;1.6468329429626465;1.6746670007705688;1.600000023841858;1.621500015258789;6888000;1.4755209684371948
2014-08-06;1.597000002861023;1.668166995048523;1.5936670303344727;1.6360000371932983;8052000;1.488715648651123
2014-08-07;1.670667052268982;1.6766669750213623;1.5583330392837524;1.5718330144882202;7098000;1.4303253889083862
2014-08-08;1.587499976158142;1.628999948501587;1.5779999494552612;1.624500036239624;6456000;1.4782507419586182
2014-08-11;1.6481670141220093;1.6998330354690552;1.6481670141220093;1.6734999418258667;7698000;1.5228395462036133
2014-08-12;1.6638330221176147;1.6871670484542847;1.6241669654846191;1.6671669483184814;5640000;1.5170762538909912
2014-08-13;1.6821670532226562;1.7151670455932617;1.6773329973220825;1.7151670455932617;5910000;1.5607554912567139
2014-08-14;1.7166670560836792;1.7345000505447388;1.7089999914169312;1.7243330478668213;4776000;1.569096326828003
2014-08-15;1.7595000267028809;1.7976670265197754;1.718999981880188;1.776332974433899;7260000;1.6164146661758423
2014-08-18;1.7984999418258667;1.8025000095367432;1.7623330354690552;1.799833059310913;6054000;1.6377990245819092
2014-08-19;1.8058329820632935;1.847499966621399;1.8058329820632935;1.838333010673523;4548000;1.6728330850601196
2014-08-20;1.838333010673523;1.8930000066757202;1.831833004951477;1.8834999799728394;4878000;1.7139337062835693
2014-08-21;1.8898329734802246;1.9108330011367798;1.8731670379638672;1.9084999561309814;4374000;1.7366831302642822
2014-08-22;1.9161670207977295;1.93483304977417;1.887666940689087;1.9126670360565186;6348000;1.7404749393463135
2014-08-25;1.9505000114440918;1.9505000114440918;1.8803329467773438;1.8895000219345093;6822000;1.7193937301635742
2014-08-26;1.8851670026779175;1.9114999771118164;1.8851670026779175;1.8911670446395874;3456000;1.7209105491638184
2014-08-27;1.890166997909546;1.9071669578552246;1.8654999732971191;1.9014999866485596;3738000;1.7303134202957153
2014-08-28;1.8834999799728394;1.942167043685913;1.8643330335617065;1.942167043685913;3102000;1.7673189640045166
2014-08-29;1.9524999856948853;1.9816670417785645;1.9391670227050781;1.9636670351028442;5214000;1.7868833541870117
2014-09-02;1.9765000343322754;1.9765000343322754;1.9118330478668213;1.9371670484542847;4158000;1.7627692222595215
2014-09-03;1.9718329906463623;1.9781670570373535;1.9391670227050781;1.9541670083999634;3906000;1.7782390117645264
2014-09-04;1.9651670455932617;2.0148329734802246;1.9555000066757202;1.9691669940948486;6786000;1.7918888330459595
2014-09-05;1.9665000438690186;2.018666982650757;1.9643330574035645;2.018666982650757;8496000;1.8369317054748535
2014-09-08;2.018666982650757;2.064832925796509;2.009999990463257;2.0311670303344727;5826000;1.8483071327209473
2014-09-09;2.0313329696655273;2.0374999046325684;1.9691669940948486;1.9773329496383667;4278000;1.7993191480636597
2014-09-10;1.976667046546936;1.9876669645309448;1.9368330240249634;1.9753329753875732;7584000;1.797499418258667
2014-09-11;1.9574999809265137;1.9913330078125;1.9291670322418213;1.9903329610824585;4134000;1.8111488819122314
2014-09-12;1.9756669998168945;1.9756669998168945;1.899999976158142;1.9133330583572388;5574000;1.7410811185836792
2014-09-15;1.9216669797897339;1.928333044052124;1.8415000438690186;1.843500018119812;7626000;1.677535057067871
2014-09-16;1.8365000486373901;1.9470000267028809;1.8320000171661377;1.9391670227050781;6174000;1.7645893096923828
2014-09-17;1.9464999437332153;2.016666889190674;1.9464999437332153;1.9850000143051147;8154000;1.8062961101531982
2014-09-18;2.0134999752044678;2.0703330039978027;1.9928330183029175;2.0703330039978027;6774000;1.883946418762207
2014-09-19;2.0875000953674316;2.0931670665740967;1.9850000143051147;1.9963330030441284;6696000;1.8166087865829468
2014-09-22;1.9783329963684082;1.9866670370101929;1.9123330116271973;1.9233330488204956;8310000;1.7501810789108276
2014-09-23;1.8928329944610596;1.953832983970642;1.8791669607162476;1.9083329439163208;5520000;1.7365307807922363
2014-09-24;1.9221669435501099;1.980167031288147;1.9171669483184814;1.9768329858779907;4500000;1.7988641262054443
2014-09-25;1.9723329544067383;1.9723329544067383;1.8511669635772705;1.869832992553711;8892000;1.7014973163604736
2014-09-26;1.8980000019073486;1.9511669874191284;1.8960000276565552;1.93483304977417;5322000;1.7606452703475952
2014-09-29;1.8748329877853394;1.9615000486373901;1.8656669855117798;1.9429999589920044;4182000;1.7680773735046387
2014-09-30;1.9461669921875;1.9483330249786377;1.875;1.8945000171661377;5490000;1.7239433526992798
2014-10-01;1.8858330249786377;1.8858330249786377;1.7424999475479126;1.7563329935073853;13020000;1.598214864730835
2014-10-02;1.7483329772949219;1.7483329772949219;1.6318329572677612;1.727167010307312;17538000;1.571675181388855
2014-10-03;1.7790000438690186;1.7916669845581055;1.7300000190734863;1.7533329725265503;10464000;1.5954852104187012
2014-10-06;1.7745000123977661;1.7755000591278076;1.6773329973220825;1.7109999656677246;7080000;1.556963562965393
2014-10-07;1.6941670179367065;1.7044999599456787;1.6148329973220825;1.6148329973220825;6960000;1.469454050064087
2014-10-08;1.619832992553711;1.7300000190734863;1.5708329677581787;1.7213330268859863;11916000;1.5663663148880005
2014-10-09;1.7166670560836792;1.7166670560836792;1.5789999961853027;1.5835000276565552;11388000;1.4409420490264893
2014-10-10;1.454332947731018;1.454332947731018;1.2136670351028442;1.2553329467773438;57942000;1.1423189640045166
2014-10-13;1.2601670026779175;1.3026670217514038;1.1741670370101929;1.1741670370101929;18840000;1.0684597492218018
2014-10-14;1.2366670370101929;1.3049999475479126;1.2071670293807983;1.2404999732971191;30090000;1.1288211345672607
2014-10-15;1.1740000247955322;1.2833329439163208;1.1446670293807983;1.2568329572677612;41124000;1.143683671951294
2014-10-16;1.2024999856948853;1.3421670198440552;1.1916669607162476;1.3113329410552979;31764000;1.1932772397994995
2014-10-17;1.3875000476837158;1.4093329906463623;1.335832953453064;1.3433330059051514;43908000;1.222396731376648
2014-10-20;1.3359999656677246;1.4101669788360596;1.317167043685913;1.4068330526351929;16344000;1.2801799774169922
2014-10-21;1.4596669673919678;1.565000057220459;1.4423329830169678;1.55983304977417;22548000;1.4194055795669556
2014-10-22;1.5896669626235962;1.6066670417785645;1.4919999837875366;1.4950000047683716;32538000;1.360409140586853
2014-10-23;1.54783296585083;1.5839999914169312;1.5384999513626099;1.5596669912338257;17814000;1.419254183769226
2014-10-24;1.5583330392837524;1.616832971572876;1.5583330392837524;1.6100000143051147;15600000;1.4650561809539795
2014-10-27;1.5835000276565552;1.6365000009536743;1.5628329515457153;1.6265000104904175;24660000;1.4800710678100586
2014-10-28;1.6460000276565552;1.6990000009536743;1.6353329420089722;1.6973329782485962;18132000;1.5445268154144287
2014-10-29;1.690000057220459;1.7200000286102295;1.6490000486373901;1.7074999809265137;24510000;1.553778886795044
2014-10-30;1.6936670541763306;1.6936670541763306;1.5806670188903809;1.6498329639434814;17796000;1.5013031959533691
2014-10-31;1.7791670560836792;1.863832950592041;1.7791670560836792;1.8416670560836792;30552000;1.675866961479187
2014-11-03;1.8731670379638672;1.9043329954147339;1.8415000438690186;1.8758330345153809;12402000;1.7069567441940308
2014-11-04;1.8589999675750732;1.890166997909546;1.8135000467300415;1.8601670265197754;8046000;1.6927015781402588
2014-11-05;1.899999976158142;1.9191670417785645;1.8485000133514404;1.9149999618530273;13212000;1.7425976991653442
2014-11-06;1.8853329420089722;1.8961670398712158;1.8274999856948853;1.8661669492721558;11454000;1.6981608867645264
2014-11-07;1.8661669492721558;1.878000020980835;1.7661670446395874;1.8113329410552979;16014000;1.6482634544372559
2014-11-10;1.8278330564498901;1.8606669902801514;1.8021670579910278;1.8523329496383667;3756000;1.685572624206543
2014-11-11;1.8656669855117798;1.8656669855117798;1.8213330507278442;1.8361669778823853;4548000;1.670862078666687
2014-11-12;1.8116669654846191;1.840000033378601;1.803333044052124;1.8328330516815186;3774000;1.6678282022476196
2014-11-13;1.8471670150756836;1.8910000324249268;1.8166669607162476;1.8359999656677246;7716000;1.6707098484039307
2014-11-14;1.8191670179367065;1.8860000371932983;1.7948329448699951;1.8811670541763306;9924000;1.7118111848831177
2014-11-17;1.8583329916000366;1.8704999685287476;1.8093329668045044;1.8568329811096191;10320000;1.6896673440933228
2014-11-18;1.8650000095367432;1.9796669483184814;1.8650000095367432;1.9641669988632202;10830000;1.7873384952545166
2014-11-19;1.9686670303344727;1.9748330116271973;1.8971669673919678;1.926332950592041;8220000;1.7529107332229614
2014-11-20;1.8839999437332153;1.9833329916000366;1.8739999532699585;1.9800000190734863;8310000;1.8017460107803345
2014-11-21;2.0456669330596924;2.059999942779541;1.997833013534546;2.0394999980926514;12906000;1.8558897972106934
2014-11-24;2.053999900817871;2.106333017349243;2.0416669845581055;2.1024999618530273;9054000;1.9132177829742432
2014-11-25;2.1166670322418213;2.124833106994629;2.0889999866485596;2.1016669273376465;6144000;1.9124596118927002
2014-11-26;2.112499952316284;2.238832950592041;2.112499952316284;2.2371668815612793;10092000;2.0357606410980225
2014-11-28;2.256166934967041;2.2771670818328857;2.2130000591278076;2.25;6168000;2.0474390983581543
2014-12-01;2.232332944869995;2.26200008392334;2.142667055130005;2.1714999675750732;13002000;1.9760056734085083
2014-12-02;2.189832925796509;2.2133328914642334;2.127332925796509;2.2128329277038574;8928000;2.013617753982544
2014-12-03;2.2331669330596924;2.3591670989990234;2.2331669330596924;2.3503329753875732;10110000;2.138739585876465
2014-12-04;2.382167100906372;2.4033329486846924;2.316667079925537;2.3605000972747803;11634000;2.1479904651641846
2014-12-05;2.378000020980835;2.433000087738037;2.3646669387817383;2.433000087738037;6846000;2.213963508605957
2014-12-08;2.4288330078125;2.444667100906372;2.2825000286102295;2.328166961669922;15150000;2.1185684204101562
2014-12-09;2.2114999294281006;2.3420000076293945;2.2063329219818115;2.3218328952789307;12642000;2.112804889678955
2014-12-10;2.3239998817443848;2.33316707611084;2.179332971572876;2.191833019256592;11838000;1.994508147239685
2014-12-11;2.22933292388916;2.304832935333252;2.2074999809265137;2.2230000495910645;9138000;2.022869825363159
2014-12-12;2.1666669845581055;2.2084999084472656;2.1070001125335693;2.11299991607666;10422000;1.9227726459503174
2014-12-15;2.1508328914642334;2.204667091369629;2.0333330631256104;2.052999973297119;16956000;1.8681749105453491
2014-12-16;2.0276670455932617;2.1445000171661377;2.002166986465454;2.0179998874664307;16812000;1.83632493019104
2014-12-17;2.023667097091675;2.1578330993652344;1.9733330011367798;2.1481668949127197;15510000;1.9547736644744873
2014-12-18;2.249332904815674;2.266666889190674;2.201667070388794;2.266666889190674;21252000;2.062605857849121
2014-12-19;2.2903330326080322;2.2964999675750732;2.2136669158935547;2.249000072479248;15420000;2.046529531478882
2014-12-22;2.2806670665740967;2.355833053588867;2.2715001106262207;2.3488330841064453;10992000;2.1373746395111084
2014-12-23;2.4000000953674316;2.4046669006347656;2.3289999961853027;2.3355000019073486;16380000;2.1253163814544678
2014-12-24;2.3440001010894775;2.37166690826416;2.3333330154418945;2.3436670303344727;3030000;2.1327483654022217
2014-12-26;2.36899995803833;2.378000020980835;2.3411669731140137;2.3528330326080322;3072000;2.141089916229248
2014-12-29;2.3396670818328857;2.3473329544067383;2.302333116531372;2.3318328857421875;5970000;2.1219797134399414
2014-12-30;2.2841670513153076;2.319999933242798;2.2841670513153076;2.2916669845581055;5286000;2.08542799949646
2014-12-31;2.2981669902801514;2.3473329544067383;2.245666980743408;2.246999979019165;8412000;2.0447816848754883
2015-01-02;2.2871670722961426;2.322000026702881;2.182332992553711;2.2471671104431152;15978000;2.0449328422546387
2015-01-05;2.185499906539917;2.2249999046325684;2.114833116531372;2.119999885559082;12648000;1.9292101860046387
2015-01-06;2.117500066757202;2.125;1.9571670293807983;1.9756669998168945;13386000;1.7978664636611938
2015-01-07;2.0103330612182617;2.063667058944702;1.9769999980926514;2.0355000495910645;8574000;1.8523153066635132
2015-01-08;2.1166670322418213;2.2618329524993896;2.0999999046325684;2.2186670303344727;13884000;2.0189976692199707
2015-01-09;2.245832920074463;2.252500057220459;2.137500047683716;2.2241671085357666;11070000;2.024003028869629
2015-01-12;2.193666934967041;2.193666934967041;2.055666923522949;2.0905001163482666;10962000;1.9023656845092773
2015-01-13;2.13700008392334;2.2135000228881836;1.9963330030441284;2.0281670093536377;12708000;1.84564208984375
2015-01-14;1.9620000123977661;2.056166887283325;1.933500051498413;1.9956669807434082;9324000;1.8160667419433594
2015-01-15;2.0343329906463623;2.0748329162597656;1.9416669607162476;1.9470000267028809;6774000;1.7717798948287964
2015-01-16;1.9290000200271606;2.0209999084472656;1.9033329486846924;2.0134999752044678;8616000;1.8322951793670654
2015-01-20;2.0299999713897705;2.0989999771118164;1.9971669912338257;2.07716703414917;9438000;1.8902324438095093
2015-01-21;2.060167074203491;2.1714999675750732;2.0356669425964355;2.1453330516815186;9642000;1.952263593673706
2015-01-22;2.1516671180725098;2.19083309173584;2.0183329582214355;2.185667037963867;12336000;1.9889676570892334
2015-01-23;2.1611669063568115;2.200000047683716;2.129333019256592;2.1665000915527344;9594000;1.9715253114700317
2015-01-26;2.1641669273376465;2.192667007446289;2.1034998893737793;2.189167022705078;6576000;1.9921525716781616
2015-01-27;2.0999999046325684;2.125;2.0203330516815186;2.063333034515381;15486000;1.8776435852050781
2015-01-28;2.1333329677581787;2.198167085647583;2.0298330783843994;2.0325000286102295;13218000;1.8495852947235107
2015-01-29;2.002000093460083;2.060667037963867;1.9241670370101929;2.038332939147949;15474000;1.8548930883407593
2015-01-30;1.9843330383300781;2.048332929611206;1.9083329439163208;1.9129999876022339;10230000;1.7408396005630493
2015-02-02;1.9320000410079956;1.9433330297470093;1.805999994277954;1.9305000305175781;14562000;1.7567646503448486
2015-02-03;1.9594999551773071;2.0378329753875732;1.9453330039978027;2.0346670150756836;10800000;1.8515568971633911
2015-02-04;2.0203330516815186;2.1010000705718994;2.003833055496216;2.059000015258789;8946000;1.8737001419067383
2015-02-05;2.069166898727417;2.117500066757202;2.052333116531372;2.115333080291748;6324000;1.9249637126922607
2015-02-06;2.128499984741211;2.178499937057495;2.06516695022583;2.0833330154418945;11220000;1.8958433866500854
2015-02-09;2.04783296585083;2.0738329887390137;2.0;2.015166997909546;6336000;1.8338122367858887
2015-02-10;2.0889999866485596;2.2208330631256104;2.075500011444092;2.2193329334259033;10446000;2.019603967666626
2015-02-11;2.2163329124450684;2.266666889190674;2.1538329124450684;2.2416670322418213;9228000;2.0399277210235596
2015-02-12;2.2831668853759766;2.3499999046325684;2.266166925430298;2.3498330116271973;8820000;2.138359308242798
2015-02-13;2.3889999389648438;2.4189999103546143;2.3359999656677246;2.3998329639434814;8976000;2.1838600635528564
2015-02-17;2.4006669521331787;2.429500102996826;2.373667001724243;2.423832893371582;5856000;2.2056996822357178
2015-02-18;2.4166669845581055;2.4216670989990234;2.373332977294922;2.4000000953674316;5652000;2.1840124130249023
2015-02-19;2.3838329315185547;2.443000078201294;2.376832962036133;2.421999931335449;5124000;2.2040324211120605
2015-02-20;2.4038329124450684;2.4679999351501465;2.3823330402374268;2.4651670455932617;6198000;2.243314504623413
2015-02-23;2.4631669521331787;2.4648330211639404;2.390500068664551;2.4161670207977295;5010000;2.198723554611206
2015-02-24;2.4075000286102295;2.5173330307006836;2.368666887283325;2.5139999389648438;8376000;2.287752628326416
2015-02-25;2.5133330821990967;2.518167018890381;2.4523329734802246;2.4718329906463623;5766000;2.249380350112915
2015-02-26;2.505167007446289;2.545833110809326;2.483333110809326;2.5220000743865967;6090000;2.295032501220703
2015-02-27;2.5274999141693115;2.5446670055389404;2.4806671142578125;2.503833055496216;4236000;2.2785000801086426
2015-03-02;2.558666944503784;2.7131669521331787;2.558666944503784;2.7118330001831055;10602000;2.4677813053131104
2015-03-03;2.686167001724243;2.686167001724243;2.549999952316284;2.5551669597625732;11424000;2.325214385986328
2015-03-04;2.5346670150756836;2.554332971572876;2.4593329429626465;2.5510001182556152;7704000;2.321422576904297
2015-03-05;2.5886669158935547;2.5971670150756836;2.5208330154418945;2.553333044052124;5172000;2.3235464096069336
2015-03-06;2.5218329429626465;2.5426669120788574;2.4528329372406006;2.476332902908325;6402000;2.2534754276275635
2015-03-09;2.4700000286102295;2.5139999389648438;2.4626669883728027;2.497999906539917;3822000;2.2731921672821045
2015-03-10;2.4428329467773438;2.4623329639434814;2.3480000495910645;2.3570001125335693;10950000;2.1448814868927
2015-03-11;2.387666940689087;2.448499917984009;2.373167037963867;2.376832962036133;5814000;2.1629302501678467
2015-03-12;2.305500030517578;2.374166965484619;2.2950000762939453;2.373832941055298;5214000;2.1601996421813965
2015-03-13;2.389167070388794;2.434000015258789;2.3421669006347656;2.42283296585083;5982000;2.2047901153564453
2015-03-16;2.44016695022583;2.5336670875549316;2.44016695022583;2.5295000076293945;6324000;2.3018579483032227
2015-03-17;2.481832981109619;2.489500045776367;2.429500102996826;2.4756669998168945;6150000;2.252869129180908
2015-03-18;2.475832939147949;2.567500114440918;2.378499984741211;2.5299999713897705;8148000;2.3023123741149902
2015-03-19;2.5299999713897705;2.5673329830169678;2.509666919708252;2.5485000610351562;4704000;2.319147825241089
2015-03-20;2.607332944869995;2.680833101272583;2.5906670093536377;2.6603329181671143;6618000;2.4209160804748535
2015-03-23;2.6601669788360596;2.6681671142578125;2.5858330726623535;2.5858330726623535;6318000;2.353121519088745
2015-03-24;2.574167013168335;2.6050000190734863;2.5168330669403076;2.519666910171509;6552000;2.292909860610962
2015-03-25;2.5291669368743896;2.5291669368743896;2.1666669845581055;2.174499988555908;21066000;1.9788055419921875
2015-03-26;2.058332920074463;2.125;1.9424999952316284;2.0848329067230225;24066000;1.8972078561782837
2015-03-27;2.072499990463257;2.2828330993652344;2.068000078201294;2.25600004196167;16368000;2.052971124649048
2015-03-30;2.299999952316284;2.362333059310913;2.263000011444092;2.3499999046325684;16764000;2.1385116577148438
2015-03-31;2.3071670532226562;2.3233330249786377;2.254667043685913;2.2673330307006836;6942000;2.063284397125244
2015-04-01;2.246500015258789;2.253166913986206;2.1666669845581055;2.2246670722961426;12366000;2.0244572162628174
2015-04-02;2.2296669483184814;2.2708330154418945;2.199666976928711;2.2023329734802246;10686000;2.0041344165802
2015-04-06;2.1363329887390137;2.249166965484619;2.108833074569702;2.233833074569702;8514000;2.032799482345581
2015-04-07;2.250333070755005;2.2966670989990234;2.2251670360565186;2.239500045776367;5790000;2.037956714630127
2015-04-08;2.2265000343322754;2.299833059310913;2.2200000286102295;2.2798330783843994;3948000;2.074659824371338
2015-04-09;2.2413330078125;2.374332904815674;2.2413330078125;2.368333101272583;7356000;2.1551949977874756
2015-04-10;2.381999969482422;2.3948330879211426;2.3566670417785645;2.3948330879211426;4248000;2.1793100833892822
2015-04-13;2.3948330879211426;2.433000087738037;2.3426671028137207;2.3483328819274902;7758000;2.1369943618774414
2015-04-14;2.368000030517578;2.368000030517578;2.2548329830169678;2.2798330783843994;8010000;2.074659824371338
2015-04-15;2.3363330364227295;2.4151670932769775;2.302833080291748;2.3949999809265137;8970000;2.17946195602417
2015-04-16;2.3333330154418945;2.378999948501587;2.319499969482422;2.364833116531372;3702000;2.1520094871520996
2015-04-17;2.312833070755005;2.312833070755005;2.228332996368408;2.2634999752044678;9108000;2.05979585647583
2015-04-20;2.299499988555908;2.3464999198913574;2.2915000915527344;2.318833112716675;4416000;2.11014986038208
2015-04-21;2.3963329792022705;2.4166669845581055;2.3421669006347656;2.369499921798706;6054000;2.1562564373016357
2015-04-22;2.399167060852051;2.4719998836517334;2.358333110809326;2.4676671028137207;9702000;2.2455897331237793
2015-04-23;2.3324999809265137;2.3808329105377197;2.2871670722961426;2.3518331050872803;11388000;2.1401798725128174
2015-04-24;2.3416669368743896;2.3459999561309814;2.194333076477051;2.236833095550537;18216000;2.0355286598205566
2015-04-27;2.242500066757202;2.325000047683716;2.2346670627593994;2.260166883468628;8376000;2.0567636489868164
2015-04-28;2.241832971572876;2.2751669883728027;2.1666669845581055;2.263000011444092;4686000;2.0593411922454834
2015-04-29;2.240499973297119;2.246166944503784;2.1558330059051514;2.2249999046325684;7008000;2.024761199951172
2015-04-30;2.2058329582214355;2.2360000610351562;2.125999927520752;2.1741669178009033;6360000;1.978502869606018
2015-05-01;2.1958329677581787;2.3606669902801514;2.1958329677581787;2.3436670303344727;17382000;2.1327483654022217
2015-05-04;2.3531670570373535;2.3803329467773438;2.309999942779541;2.3283329010009766;7014000;2.1187944412231445
2015-05-05;2.3071670532226562;2.3071670532226562;2.1746668815612793;2.181166887283325;11862000;1.9848724603652954
2015-05-06;2.201667070388794;2.2284998893737793;2.124666929244995;2.1730000972747803;9012000;1.977440357208252
2015-05-07;2.193000078201294;2.25600004196167;2.193000078201294;2.246166944503784;7686000;2.044023275375366
2015-05-08;2.3001670837402344;2.3385000228881836;2.2868330478668213;2.310499906539917;10140000;2.1025660037994385
2015-05-11;2.304832935333252;2.3381669521331787;2.2820000648498535;2.311167001724243;7164000;2.1031734943389893
2015-05-12;2.2881669998168945;2.2911670207977295;2.2184998989105225;2.2558329105377197;6732000;2.052819013595581
2015-05-13;2.2780001163482666;2.3413329124450684;2.274167060852051;2.2926669120788574;5100000;2.0863378047943115
2015-05-14;2.3413329124450684;2.4028329849243164;2.314500093460083;2.377332925796509;10308000;2.1633849143981934
2015-05-15;2.4000000953674316;2.4166669845581055;2.3534998893737793;2.3889999389648438;4164000;2.174001693725586
2015-05-18;2.379667043685913;2.4608330726623535;2.379667043685913;2.453000068664551;6348000;2.2322421073913574
2015-05-19;2.4801669120788574;2.506833076477051;2.4035000801086426;2.430666923522949;6744000;2.211919069290161
2015-05-20;2.454667091369629;2.5;2.4159998893737793;2.4433329105377197;2923500;2.223445415496826
2015-05-21;2.436666965484619;2.493333101272583;2.4040000438690186;2.4800000190734863;2389500;2.2568130493164062
2015-05-22;2.487333059310913;2.5233330726623535;2.4806671142578125;2.497999906539917;2566500;2.2731921672821045
2015-05-26;2.4733328819274902;2.4913330078125;2.4046669006347656;2.444000005722046;4063500;2.2240517139434814
2015-05-27;2.4619998931884766;2.752000093460083;2.456666946411133;2.72933292388916;13917000;2.4837069511413574
2015-05-28;2.73533296585083;2.7806670665740967;2.6826670169830322;2.7366669178009033;6607500;2.490380048751831
2015-05-29;2.75333309173584;2.8006670475006104;2.7300000190734863;2.760667085647583;5224500;2.5122203826904297
2015-06-01;2.807332992553711;2.830667018890381;2.731333017349243;2.7733330726623535;6366000;2.5237464904785156
2015-06-02;2.749332904815674;2.749332904815674;2.6666669845581055;2.675333023071289;5436000;2.434565305709839
2015-06-03;2.7253329753875732;2.7273330688476562;2.619999885559082;2.621999979019165;4191000;2.386032819747925
2015-06-04;2.5893330574035645;2.619333028793335;2.5306670665740967;2.553333044052124;8517000;2.3235464096069336
2015-06-05;2.5466670989990234;2.5733330249786377;2.4806671142578125;2.557332992553711;6295500;2.32718563079834
2015-06-08;2.557332992553711;2.560667037963867;2.3919999599456787;2.4166669845581055;10593000;2.199178695678711
2015-06-09;2.4073328971862793;2.4246668815612793;2.3333330154418945;2.4040000438690186;10443000;2.1876518726348877
2015-06-10;2.4560000896453857;2.5213329792022705;2.433332920074463;2.49399995803833;8491500;2.269552230834961
2015-06-11;2.5280001163482666;2.5333330631256104;2.4860000610351562;2.4926669597625732;5124000;2.268338680267334
2015-06-12;2.4606668949127197;2.4666669368743896;2.4146668910980225;2.4246668815612793;3468000;2.206458806991577
2015-06-15;2.376667022705078;2.4146668910980225;2.309999942779541;2.4066669940948486;3541500;2.1900789737701416
2015-06-16;2.384000062942505;2.447999954223633;2.376667022705078;2.431999921798706;3762000;2.2131311893463135
2015-06-17;2.450000047683716;2.4653329849243164;2.4079999923706055;2.437333106994629;4078500;2.2179856300354004
2015-06-18;2.458667039871216;2.5733330249786377;2.458667039871216;2.5406670570373535;7689000;2.3120195865631104
2015-06-19;2.547333002090454;2.5673329830169678;2.4753329753875732;2.5179998874664307;4377000;2.2913923263549805
2015-06-22;2.563333034515381;2.5853331089019775;2.5273330211639404;2.5653328895568848;4977000;2.334465742111206
2015-06-23;2.576667070388794;2.5940001010894775;2.497999906539917;2.5213329792022705;5640000;2.2944257259368896
2015-06-24;2.512666940689087;2.5313329696655273;2.4433329105377197;2.446666955947876;4566000;2.2264795303344727
2015-06-25;2.4886670112609863;2.4886670112609863;2.419332981109619;2.441333055496216;3018000;2.2216250896453857
2015-06-26;2.381333112716675;2.381333112716675;2.2279999256134033;2.2633330821990967;10182000;2.0596439838409424
2015-06-29;2.1666669845581055;2.2173330783843994;2.064666986465454;2.069999933242798;11571000;1.883710265159607
2015-06-30;2.127332925796509;2.1419999599456787;2.063999891281128;2.0946669578552246;11799000;1.9061576128005981
2015-07-01;2.1726670265197754;2.191333055496216;2.0926671028137207;2.109999895095825;10522500;1.9201102256774902
2015-07-02;2.123332977294922;2.1559998989105225;2.107332944869995;2.135999917984009;3387000;1.9437706470489502
2015-07-06;2.0933330059051514;2.135999917984009;2.0153329372406006;2.0506670475006104;8164500;1.8661168813705444
2015-07-07;2.047333002090454;2.047333002090454;1.8393330574035645;2.0233330726623535;8449500;1.8412431478500366
2015-07-08;1.9413330554962158;1.9833329916000366;1.8433330059051514;1.8753329515457153;7170000;1.7065621614456177
2015-07-09;1.9666670560836792;1.9739999771118164;1.7860000133514404;1.7860000133514404;11626500;1.6252686977386475
2015-07-10;1.8666670322418213;1.9073330163955688;1.8466670513153076;1.8873330354690552;10768500;1.717482566833496
2015-07-13;1.9433330297470093;1.9453330039978027;1.8926670551300049;1.9326670169830322;7369500;1.7587367296218872
2015-07-14;1.9533330202102661;2.0086669921875;1.9533330202102661;1.9993330240249634;5853000;1.819403052330017
2015-07-15;2.0113329887390137;2.0113329887390137;1.9320000410079956;1.9586670398712158;8317500;1.782396912574768
2015-07-16;2.006666898727417;2.006666898727417;1.9160000085830688;1.9713330268859863;9607500;1.7939226627349854
2015-07-17;1.9520000219345093;1.963333010673523;1.9093329906463623;1.9546669721603394;5380500;1.7787566184997559
2015-07-20;1.9753329753875732;1.9900000095367432;1.9133330583572388;1.914667010307312;4542000;1.742356777191162
2015-07-21;1.9019999504089355;1.9700000286102295;1.9019999504089355;1.9199999570846558;6831000;1.7472094297409058
2015-07-22;1.7940000295639038;1.7940000295639038;1.713333010673523;1.777999997138977;14968500;1.6179887056350708
2015-07-23;1.8086669445037842;1.9166669845581055;1.8086669445037842;1.8559999465942383;8224500;1.6889691352844238
2015-07-24;1.8946670293807983;1.8946670293807983;1.7366670370101929;1.74399995803833;7174500;1.587048888206482
2015-07-27;1.718000054359436;1.7393330335617065;1.6466670036315918;1.702666997909546;9583500;1.5494352579116821
2015-07-28;1.730666995048523;1.8426669836044312;1.6906670331954956;1.8086669445037842;12343500;1.6458959579467773
2015-07-29;1.8086669445037842;1.8279999494552612;1.7566670179367065;1.8179999589920044;9057000;1.6543889045715332
2015-07-30;1.8026670217514038;1.8566670417785645;1.7740000486373901;1.8386670351028442;5058000;1.6731961965560913
2015-07-31;1.8420000076293945;1.8466670513153076;1.7640000581741333;1.7740000486373901;5568000;1.6143488883972168
2015-08-03;1.7619999647140503;1.7786669731140137;1.7273329496383667;1.7566670179367065;3805500;1.5985758304595947
2015-08-04;1.7400000095367432;1.7506669759750366;1.6640000343322754;1.6979999542236328;6415500;1.545188546180725
2015-08-05;1.718000054359436;1.7979999780654907;1.718000054359436;1.7613329887390137;7600500;1.602821707725525
2015-08-06;1.7666670083999634;1.7666670083999634;1.6273330450057983;1.6693329811096191;7930500;1.5191015005111694
2015-08-07;1.6666669845581055;1.7013330459594727;1.6466670036315918;1.696666955947876;6246000;1.5439753532409668
2015-08-10;1.7333329916000366;1.8306670188903809;1.7333329916000366;1.8240000009536743;8170500;1.6598488092422485
2015-08-11;1.7879999876022339;1.7879999876022339;1.675333023071289;1.7000000476837158;7215000;1.5470086336135864
2015-08-12;1.6493330001831055;1.7533329725265503;1.598667025566101;1.7286670207977295;9519000;1.5730955600738525
2015-08-13;1.7286670207977295;1.7519999742507935;1.6759999990463257;1.6759999990463257;7285500;1.5251681804656982
2015-08-14;1.6619999408721924;1.6720000505447388;1.6153329610824585;1.6466670036315918;5598000;1.498475193977356
2015-08-17;1.621999979019165;1.6959999799728394;1.600000023841858;1.6959999799728394;4459500;1.5433682203292847
2015-08-18;1.692667007446289;1.692667007446289;1.5833330154418945;1.591333031654358;8851500;1.4481210708618164
2015-08-19;1.5959999561309814;1.6019999980926514;1.5153330564498901;1.5466669797897339;7707000;1.4074748754501343
2015-08-20;1.5066670179367065;1.5066670179367065;1.3733329772949219;1.3746670484542847;13956000;1.2509536743164062
2015-08-21;1.3226670026779175;1.3819999694824219;1.2606669664382935;1.2773330211639404;12129000;1.1623791456222534
2015-08-24;1.0213329792022705;1.340000033378601;1.003999948501587;1.179332971572876;29239500;1.073198676109314
2015-08-25;1.3066669702529907;1.3240000009536743;1.1406669616699219;1.1406669616699219;14115000;1.0380127429962158
2015-08-26;1.2519999742507935;1.314666986465454;1.1779999732971191;1.309999942779541;21187500;1.1921066045761108
2015-08-27;1.3799999952316284;1.4620000123977661;1.3726669549942017;1.457332968711853;24174000;1.3261799812316895
2015-08-28;1.4259999990463257;1.4906669855117798;1.4259999990463257;1.48533296585083;10723500;1.351660132408142
2015-08-31;1.446666955947876;1.5140000581741333;1.425333023071289;1.4673329591751099;9834000;1.335280418395996
2015-09-01;1.3466670513153076;1.425333023071289;1.2913329601287842;1.315999984741211;13606500;1.1975663900375366
2015-09-02;1.3813329935073853;1.408666968345642;1.335332989692688;1.408666968345642;5200500;1.2818939685821533
2015-09-03;1.4359999895095825;1.4966670274734497;1.4286669492721558;1.4413330554962158;7801500;1.3116203546524048
2015-09-04;1.3713330030441284;1.4193329811096191;1.3480000495910645;1.3646670579910278;7768500;1.2418540716171265
2015-09-08;1.4600000381469727;1.5486669540405273;1.4566669464111328;1.5433330535888672;11443500;1.4044406414031982
2015-09-09;1.5886670351028442;1.6206669807434082;1.4520000219345093;1.4620000123977661;17734500;1.3304272890090942
2015-09-10;1.4600000381469727;1.5219999551773071;1.4173330068588257;1.4826669692993164;8355000;1.3492342233657837
2015-09-11;1.437999963760376;1.4866670370101929;1.4213329553604126;1.4819999933242798;6459000;1.3486275672912598
2015-09-14;1.5019999742507935;1.5173330307006836;1.4773329496383667;1.4966670274734497;5242500;1.3619744777679443
2015-09-15;1.5099999904632568;1.5626670122146606;1.5099999904632568;1.5479999780654907;5133000;1.4086875915527344
2015-09-16;1.5466669797897339;1.5653330087661743;1.5113329887390137;1.5606670379638672;6328500;1.4202148914337158
2015-09-17;1.5606670379638672;1.5973329544067383;1.512666940689087;1.5186669826507568;10005000;1.381994366645813
2015-09-18;1.4559999704360962;1.5013329982757568;1.4246670007705688;1.442667007446289;9004500;1.31283438205719
2015-09-21;1.4666670560836792;1.4846669435501099;1.4093329906463623;1.4279999732971191;7872000;1.2994872331619263
2015-09-22;1.3519999980926514;1.3706669807434082;1.3173329830169678;1.3346669673919678;10623000;1.2145533561706543
2015-09-23;1.3386670351028442;1.3580000400543213;1.3006670475006104;1.3040000200271606;5457000;1.1866464614868164
2015-09-24;1.2699999809265137;1.3240000009536743;1.1959999799728394;1.2986669540405273;11694000;1.181793212890625
2015-09-25;1.352666974067688;1.378000020980835;1.281999945640564;1.3186670541763306;14334000;1.19999361038208
2015-09-28;1.2906670570373535;1.3173329830169678;1.2086670398712158;1.2086670398712158;19645500;1.0998932123184204
2015-09-29;1.224666953086853;1.2686669826507568;1.1893329620361328;1.23533296585083;8577000;1.1241588592529297
2015-09-30;1.2913329601287842;1.3799999952316284;1.2906670570373535;1.3733329772949219;11164500;1.249739646911621
2015-10-01;1.3706669807434082;1.3706669807434082;1.2566670179367065;1.3279999494552612;11292000;1.208486795425415
2015-10-02;1.2826670408248901;1.4133330583572388;1.2713329792022705;1.4133330583572388;11044500;1.2861400842666626
2015-10-05;1.4520000219345093;1.5140000581741333;1.4359999895095825;1.4919999837875366;11214000;1.3577271699905396
2015-10-06;1.5073330402374268;1.5199999809265137;1.4266669750213623;1.5073330402374268;10017000;1.371680498123169
2015-10-07;1.542667031288147;1.5953329801559448;1.4900000095367432;1.5753329992294312;13086000;1.4335609674453735
2015-10-08;1.5579999685287476;1.6053329706192017;1.5213329792022705;1.6046669483184814;10491000;1.4602546691894531
2015-10-09;1.5959999561309814;1.6119999885559082;1.5386669635772705;1.562000036239624;9637500;1.4214279651641846
2015-10-12;1.562000036239624;1.5766669511795044;1.5440000295639038;1.5686670541763306;3466500;1.4274948835372925
2015-10-13;1.5313329696655273;1.559999942779541;1.504667043685913;1.5053329467773438;5832000;1.3698601722717285
2015-10-14;1.5333329439163208;1.7146669626235962;1.5186669826507568;1.675333023071289;12873000;1.5245611667633057
2015-10-15;1.7126669883728027;1.7586669921875;1.6779999732971191;1.7253329753875732;7219500;1.5700615644454956
2015-10-16;1.7333329916000366;1.7386670112609863;1.690000057220459;1.7319999933242798;3847500;1.5761288404464722
2015-10-19;1.707332968711853;1.76466703414917;1.692667007446289;1.7313330173492432;3388500;1.5755215883255005
2015-10-20;1.7213330268859863;1.7433329820632935;1.6979999542236328;1.7233330011367798;3612000;1.5682415962219238
2015-10-21;1.7799999713897705;1.8320000171661377;1.7319999933242798;1.7326669692993164;7911000;1.5767356157302856
2015-10-22;1.807332992553711;1.9220000505447388;1.807332992553711;1.908666968345642;9553500;1.736896276473999
2015-10-23;1.9686670303344727;1.9986670017242432;1.9046670198440552;1.9833329916000366;12801000;1.8048428297042847
2015-10-26;1.9566669464111328;1.9593329429626465;1.8466670513153076;1.8646670579910278;7888500;1.6968562602996826
2015-10-27;1.8266669511795044;1.8646670579910278;1.8126670122146606;1.8259999752044678;5899500;1.6616687774658203
2015-10-28;1.8606669902801514;1.9220000505447388;1.8420000076293945;1.920667052268982;7332000;1.7478163242340088
2015-10-29;1.8053330183029175;1.8113329410552979;1.7366670370101929;1.7519999742507935;7363500;1.59432852268219
2015-10-30;1.7633329629898071;1.8133330345153809;1.7633329629898071;1.7966669797897339;4933500;1.634975790977478
2015-11-02;1.8140000104904175;1.850000023841858;1.8046669960021973;1.8420000076293945;4515000;1.6762290000915527
2015-11-03;1.8366669416427612;1.8919999599456787;1.829332947731018;1.869333028793335;3586500;1.7011022567749023
2015-11-04;1.8753329515457153;1.899999976158142;1.8466670513153076;1.8893330097198486;4272000;1.7193024158477783
2015-11-05;1.8673330545425415;1.8673330545425415;1.7586669921875;1.7713329792022705;6928500;1.6119216680526733
2015-11-06;1.7993329763412476;1.909999966621399;1.7993329763412476;1.9046670198440552;7741500;1.733256220817566
2015-11-09;1.8906669616699219;1.8906669616699219;1.8226670026779175;1.8506669998168945;4533000;1.684116005897522
2015-11-10;1.7920000553131104;1.7999999523162842;1.7333329916000366;1.75;6873000;1.5925089120864868
2015-11-11;1.7619999647140503;1.812000036239624;1.75;1.753999948501587;6765000;1.5961486101150513
2015-11-12;1.73533296585083;1.7586669921875;1.6873329877853394;1.6893329620361328;5874000;1.5373014211654663
2015-11-13;1.6846669912338257;1.7039999961853027;1.6213330030441284;1.6419999599456787;8245500;1.4942281246185303
2015-11-16;1.6393330097198486;1.7053329944610596;1.6380000114440918;1.7033330202102661;4926000;1.5500415563583374
2015-11-17;1.7053329944610596;1.7760000228881836;1.7020000219345093;1.7366670370101929;5721000;1.5803757905960083
2015-11-18;1.7386670112609863;1.792667031288147;1.7053329944610596;1.7879999876022339;7293000;1.627089023590088
2015-11-19;1.797333002090454;1.8473329544067383;1.7699999809265137;1.8006670475006104;4227000;1.6386159658432007
2015-11-20;1.8233330249786377;1.8466670513153076;1.8020000457763672;1.8193329572677612;4059000;1.655602216720581
2015-11-23;1.8226670026779175;1.8226670026779175;1.7433329820632935;1.7466670274734497;4002000;1.5894756317138672
2015-11-24;1.7333329916000366;1.824666976928711;1.694000005722046;1.8140000104904175;6042000;1.6507490873336792
2015-11-25;1.8226670026779175;1.8466670513153076;1.7960000038146973;1.8186670541763306;2290500;1.6549960374832153
2015-11-27;1.835332989692688;1.8639999628067017;1.8279999494552612;1.8593330383300781;1800000;1.692002296447754
2015-11-30;1.8660000562667847;1.9193329811096191;1.8553329706192017;1.9160000085830688;4113000;1.7435697317123413
2015-12-01;1.9273329973220825;1.99399995803833;1.9273329973220825;1.9906669855117798;8346000;1.8115167617797852
2015-12-02;2.001332998275757;2.0299999713897705;1.952666997909546;1.9626669883728027;9337500;1.786036729812622
2015-12-03;2.0313329696655273;2.049999952316284;1.897333025932312;1.9259999990463257;6945000;1.7526696920394897
2015-12-04;1.9413330554962158;2.0446670055389404;1.909999966621399;2.0326669216156006;6492000;1.8497363328933716
2015-12-07;2.0213329792022705;2.0213329792022705;1.9666670560836792;1.974666953086853;3729000;1.7969567775726318
2015-12-08;1.8933329582214355;1.9459999799728394;1.8706669807434082;1.9266669750213623;6631500;1.7532763481140137
2015-12-09;1.9106669425964355;1.935333013534546;1.8253329992294312;1.850000023841858;6715500;1.683509111404419
2015-12-10;1.8513330221176147;1.925333023071289;1.850000023841858;1.8819999694824219;5155500;1.7126294374465942
2015-12-11;1.8273329734802246;1.8426669836044312;1.762666940689087;1.7713329792022705;7531500;1.6119216680526733
2015-12-14;1.7686669826507568;1.7906670570373535;1.684000015258789;1.737333059310913;8115000;1.580981731414795
2015-12-15;1.7740000486373901;1.8386670351028442;1.7633329629898071;1.8173329830169678;5202000;1.6537821292877197
2015-12-16;1.835332989692688;1.8706669807434082;1.7719999551773071;1.8593330383300781;5487000;1.692002296447754
2015-12-17;1.8899999856948853;1.9106669425964355;1.7773330211639404;1.7773330211639404;5890500;1.6173819303512573
2015-12-18;1.7400000095367432;1.7666670083999634;1.7066669464111328;1.7146669626235962;5401500;1.5603551864624023
2015-12-21;1.7580000162124634;1.8106670379638672;1.7446670532226562;1.809999942779541;3751500;1.647108793258667
2015-12-22;1.8320000171661377;1.835332989692688;1.773332953453064;1.8166669607162476;2517000;1.653175950050354
2015-12-23;1.8320000171661377;1.8580000400543213;1.809999942779541;1.8559999465942383;3277500;1.6889691352844238
2015-12-24;1.8473329544067383;1.8940000534057617;1.8433330059051514;1.8753329515457153;1558500;1.7065621614456177
2015-12-28;1.8533329963684082;1.8533329963684082;1.7960000038146973;1.8533329963684082;3654000;1.6865423917770386
2015-12-29;1.8899999856948853;1.9420000314712524;1.8673330545425415;1.920667052268982;5613000;1.7478163242340088
2015-12-30;1.909999966621399;1.9286669492721558;1.8593330383300781;1.8613330125808716;3543000;1.6938222646713257
2015-12-31;1.8373329639434814;1.8459999561309814;1.7846670150756836;1.7846670150756836;2239500;1.6240556240081787
2016-01-04;1.6826670169830322;1.7253329753875732;1.6486669778823853;1.7239999771118164;6852000;1.5688484907150269
2016-01-05;1.74399995803833;1.745332956314087;1.6660000085830688;1.670667052268982;7008000;1.5203150510787964
2016-01-06;1.5893330574035645;1.5920000076293945;1.4913330078125;1.5360000133514404;8817000;1.397767424583435
2016-01-07;1.4193329811096191;1.4826669692993164;1.3680000305175781;1.3786669969558716;8475000;1.254593849182129
2016-01-08;1.4079999923706055;1.420667052268982;1.3066669702529907;1.3106670379638672;9717000;1.192713737487793
2016-01-11;1.3333330154418945;1.3666670322418213;1.2766669988632202;1.3306670188903809;9301500;1.2109136581420898
2016-01-12;1.378000020980835;1.401332974433899;1.307332992553711;1.3639999628067017;8331000;1.2412469387054443
2016-01-13;1.3666670322418213;1.3946670293807983;1.230666995048523;1.2346669435501099;6531000;1.1235527992248535
2016-01-14;1.2506669759750366;1.3306670188903809;1.1979999542236328;1.3106670379638672;8373000;1.192713737487793
2016-01-15;1.1526670455932617;1.1813329458236694;1.0806670188903809;1.1339999437332153;12220500;1.0319455862045288
2016-01-19;1.1933330297470093;1.2120000123977661;1.1073329448699951;1.1380000114440918;9246000;1.0355855226516724
2016-01-20;1.0933330059051514;1.1953330039978027;1.0640000104904175;1.159999966621399;11091000;1.0556057691574097
2016-01-21;1.1920000314712524;1.25600004196167;1.156000018119812;1.2079999446868896;13318500;1.0992857217788696
2016-01-22;1.2760000228881836;1.3040000200271606;1.254667043685913;1.2786669731140137;12348000;1.1635932922363281
2016-01-25;1.26466703414917;1.2773330211639404;1.215999960899353;1.2239999771118164;7657500;1.1138463020324707
2016-01-26;1.2433329820632935;1.2886669635772705;1.2213330268859863;1.2599999904632568;7986000;1.146606206893921
2016-01-27;1.2380000352859497;1.2860000133514404;1.1959999799728394;1.2153329849243164;9180000;1.105959177017212
2016-01-28;1.245332956314087;1.2506669759750366;1.1779999732971191;1.2046669721603394;6303000;1.0962529182434082
2016-01-29;1.224666953086853;1.3700000047683716;1.224666953086853;1.3673330545425415;11986500;1.2442799806594849
2016-02-01;1.3386670351028442;1.408666968345642;1.3266669511795044;1.3880000114440918;8037000;1.2630867958068848
2016-02-02;1.3426669836044312;1.3426669836044312;1.2366670370101929;1.2506669759750366;8760000;1.1381129026412964
2016-02-03;1.2940000295639038;1.2999999523162842;1.1826670169830322;1.2606669664382935;9664500;1.147213339805603
2016-02-04;1.2666670083999634;1.3480000495910645;1.2573330402374268;1.3226670026779175;13746000;1.2036333084106445
2016-02-05;1.3106670379638672;1.3106670379638672;1.1713329553604126;1.1886670589447021;16936500;1.0816929340362549
2016-02-08;1.1293330192565918;1.1333329677581787;1.0433330535888672;1.0966670513153076;10143000;0.9979726672172546
2016-02-09;1.055999994277954;1.1380000114440918;1.047333002090454;1.0753329992294312;6549000;0.9785585403442383
2016-02-10;1.113332986831665;1.1353329420089722;1.0506670475006104;1.0520000457763672;13690500;0.9573252201080322
2016-02-11;1.0;1.047333002090454;0.9886670112609863;1.027999997138977;18111000;0.9354849457740784
2016-02-12;1.0800000429153442;1.1006669998168945;1.019333004951477;1.0959999561309814;14359500;0.9973655343055725
2016-02-16;1.1446670293807983;1.230666995048523;1.1293330192565918;1.2120000123977661;19578000;1.1029261350631714
2016-02-17;1.237333059310913;1.3066669702529907;1.2313330173492432;1.2986669540405273;18730500;1.181793212890625
2016-02-18;1.3300000429153442;1.3306670188903809;1.275333046913147;1.277999997138977;11878500;1.162986397743225
2016-02-19;1.2746670246124268;1.3193329572677612;1.2699999809265137;1.2953330278396606;7744500;1.1787594556808472
2016-02-22;1.3420000076293945;1.3793330192565918;1.3380000591278076;1.3566670417785645;8479500;1.2345737218856812
2016-02-23;1.3266669511795044;1.3480000495910645;1.2853330373764038;1.2906670570373535;5545500;1.1745134592056274
2016-02-24;1.2466670274734497;1.3533329963684082;1.2233330011367798;1.3446669578552246;14658000;1.2236534357070923
2016-02-25;1.3639999628067017;1.3980000019073486;1.312000036239624;1.3966670036315918;9294000;1.2709741592407227
2016-02-26;1.4279999732971191;1.4359999895095825;1.4006669521331787;1.4179999828338623;11154000;1.2903871536254883
2016-02-29;1.440000057220459;1.4839999675750732;1.4106669425964355;1.4106669425964355;15354000;1.2837138175964355
2016-03-01;1.463333010673523;1.5293329954147339;1.440000057220459;1.527999997138977;12424500;1.3904871940612793
2016-03-02;1.5306669473648071;1.5546669960021973;1.5113329887390137;1.5540000200271606;8562000;1.4141476154327393
2016-03-03;1.553333044052124;1.5666669607162476;1.5246670246124268;1.557332992553711;9262500;1.4171806573867798
2016-03-04;1.591333031654358;1.6453330516815186;1.5553330183029175;1.6066670417785645;17245500;1.462074875831604
2016-03-07;1.5693329572677612;1.6460000276565552;1.557332992553711;1.6246670484542847;13198500;1.4784549474716187
2016-03-08;1.585332989692688;1.590000033378601;1.5093330144882202;1.5140000581741333;13114500;1.3777474164962769
2016-03-09;1.5353330373764038;1.5633330345153809;1.51466703414917;1.551332950592041;10950000;1.4117205142974854
2016-03-10;1.5759999752044678;1.6166670322418213;1.5080000162124634;1.5720000267028809;10504500;1.430528163909912
2016-03-11;1.6180000305175781;1.6660000085830688;1.6139999628067017;1.6653330326080322;10131000;1.5154612064361572
2016-03-14;1.6540000438690186;1.6679999828338623;1.628000020980835;1.6460000276565552;10215000;1.497868299484253
2016-03-15;1.6293330192565918;1.636667013168335;1.5959999561309814;1.636667013168335;10891500;1.4893749952316284
2016-03-16;1.6239999532699585;1.6886670589447021;1.6073329448699951;1.6820000410079956;12388500;1.5306285619735718
2016-03-17;1.6740000247955322;1.7286670207977295;1.659999966621399;1.7186670303344727;10372500;1.5639954805374146
2016-03-18;1.7293330430984497;1.7906670570373535;1.713333010673523;1.7873330116271973;9391500;1.626481533050537
2016-03-21;1.7666670083999634;1.797333002090454;1.7446670532226562;1.7960000038146973;6912000;1.634368896484375
2016-03-22;1.775333046913147;1.8086669445037842;1.7519999742507935;1.7913329601287842;6469500;1.6301218271255493
2016-03-23;1.781999945640564;1.7833329439163208;1.7166670560836792;1.7193330526351929;7260000;1.5646017789840698
2016-03-24;1.6806670427322388;1.7166670560836792;1.658666968345642;1.7153329849243164;10165500;1.5609617233276367
2016-03-28;1.7433329820632935;1.7433329820632935;1.690000057220459;1.713333010673523;8259000;1.5591415166854858
2016-03-29;1.6959999799728394;1.7879999876022339;1.6660000085830688;1.7786669731140137;8484000;1.6185956001281738
2016-03-30;1.812000036239624;1.863332986831665;1.8079999685287476;1.8320000171661377;8788500;1.6671290397644043
2016-03-31;1.8153330087661743;1.8273329734802246;1.797333002090454;1.8006670475006104;6111000;1.6386159658432007
2016-04-01;1.7746670246124268;1.8373329639434814;1.7419999837875366;1.8359999656677246;8401500;1.6707689762115479
2016-04-04;1.8359999656677246;1.8380000591278076;1.7766669988632202;1.7853330373764038;6859500;1.6246620416641235
2016-04-05;1.7419999837875366;1.7933330535888672;1.726667046546936;1.7533329725265503;4804500;1.5955417156219482
2016-04-06;1.7513329982757568;1.8113329410552979;1.7066669464111328;1.8066669702529907;7842000;1.644075870513916
2016-04-07;1.7786669731140137;1.786666989326477;1.7046669721603394;1.722000002861023;4113000;1.5670284032821655
2016-04-08;1.7726670503616333;1.7966669797897339;1.730666995048523;1.7480000257492065;5931000;1.5906888246536255
2016-04-11;1.7760000228881836;1.824666976928711;1.745332956314087;1.745332956314087;4776000;1.5882617235183716
2016-04-12;1.7519999742507935;1.7706669569015503;1.6720000505447388;1.7400000095367432;6948000;1.5834088325500488
2016-04-13;1.7746670246124268;1.8613330125808716;1.7699999809265137;1.858667016029358;8346000;1.6913963556289673
2016-04-14;1.8086669445037842;1.8220000267028809;1.7580000162124634;1.8133330345153809;7392000;1.6501420736312866
2016-04-15;1.8173329830169678;1.8173329830169678;1.7633329629898071;1.76466703414917;4174500;1.6058555841445923
2016-04-18;1.7333329916000366;1.781999945640564;1.7333329916000366;1.7673330307006836;5779500;1.6082816123962402
2016-04-19;1.775333046913147;1.784000039100647;1.6806670427322388;1.7000000476837158;7656000;1.5470086336135864
2016-04-20;1.690000057220459;1.7740000486373901;1.6866669654846191;1.75;6774000;1.5925089120864868
2016-04-21;1.7513329982757568;1.7513329982757568;1.6953330039978027;1.7193330526351929;3598500;1.5646017789840698
2016-04-22;1.7233330011367798;1.7746670246124268;1.687999963760376;1.7286670207977295;4846500;1.5730955600738525
2016-04-25;1.7093329429626465;1.7406669855117798;1.685333013534546;1.6973329782485962;3564000;1.5445812940597534
2016-04-26;1.7359999418258667;1.8126670122146606;1.7259999513626099;1.7653330564498901;5229000;1.606462001800537
2016-04-27;1.7146669626235962;1.8286670446395874;1.7086670398712158;1.8220000267028809;7045500;1.6580289602279663
2016-04-28;1.784000039100647;1.820667028427124;1.6640000343322754;1.675333023071289;8776500;1.5245611667633057
2016-04-29;1.6606669425964355;1.6606669425964355;1.50600004196167;1.5466669797897339;10438500;1.4074748754501343
2016-05-02;1.5526670217514038;1.585332989692688;1.5213329792022705;1.5786670446395874;4453500;1.436594843864441
2016-05-03;1.536666989326477;1.5546669960021973;1.503999948501587;1.5260000228881836;4360500;1.388667106628418
2016-05-04;1.4866670370101929;1.523332953453064;1.457332968711853;1.4713330268859863;4780500;1.33892023563385
2016-05-05;1.5140000581741333;1.5273330211639404;1.4686670303344727;1.4826669692993164;5563500;1.3492342233657837
2016-05-06;1.4686670303344727;1.4893330335617065;1.4286669492721558;1.4886670112609863;3399000;1.354694128036499
2016-05-09;1.4946670532226562;1.523332953453064;1.4713330268859863;1.4819999933242798;3502500;1.3486275672912598
2016-05-10;1.49733304977417;1.5386669635772705;1.4706670045852661;1.5373330116271973;4980000;1.3989804983139038
2016-05-11;1.527999997138977;1.5673329830169678;1.5206669569015503;1.523332953453064;7488000;1.3862406015396118
2016-05-12;1.5406670570373535;1.5433330535888672;1.4066669940948486;1.442667007446289;8350500;1.31283438205719
2016-05-13;1.4479999542236328;1.49399995803833;1.4459999799728394;1.4600000381469727;6027000;1.328607439994812
2016-05-16;1.4693330526351929;1.5593329668045044;1.468000054359436;1.527999997138977;8338500;1.3904871940612793
2016-05-17;1.5266669988632202;1.5486669540405273;1.4866670370101929;1.4980000257492065;4624500;1.3631871938705444
2016-05-18;1.4693330526351929;1.6093330383300781;1.4693330526351929;1.570667028427124;10564500;1.4293146133422852
2016-05-19;1.5520000457763672;1.5826669931411743;1.5019999742507935;1.5399999618530273;5457000;1.4014075994491577
2016-05-20;1.6160000562667847;1.6873329877853394;1.6013330221176147;1.6833330392837524;9211500;1.5318412780761719
2016-05-23;1.7313330173492432;1.7653330564498901;1.7106670141220093;1.7200000286102295;6511500;1.5652086734771729
2016-05-24;1.7599999904632568;1.8493330478668213;1.75;1.8446669578552246;9954000;1.6786561012268066
2016-05-25;1.8733329772949219;1.8899999856948853;1.8333330154418945;1.8773330450057983;10669500;1.7083821296691895
2016-05-26;1.8986669778823853;1.9079999923706055;1.8700000047683716;1.8960000276565552;4302000;1.7253695726394653
2016-05-27;1.8960000276565552;1.940000057220459;1.8960000276565552;1.9306670427322388;3603000;1.7569164037704468
2016-05-31;1.946666955947876;1.968000054359436;1.9240000247955322;1.9620000123977661;4935000;1.7854292392730713
2016-06-01;1.9626669883728027;2.000667095184326;1.935333013534546;1.996000051498413;4663500;1.8163697719573975
2016-06-02;1.974666953086853;1.9946670532226562;1.957332968711853;1.9946670532226562;3682500;1.8151569366455078
2016-06-03;2.0439999103546143;2.053999900817871;1.976667046546936;2.0133330821990967;4863000;1.8321430683135986
2016-06-06;2.0253329277038574;2.0486669540405273;1.9866670370101929;1.9980000257492065;4572000;1.8181899785995483
2016-06-07;2.0239999294281006;2.0673329830169678;2.0239999294281006;2.0566670894622803;5604000;1.8715770244598389
2016-06-08;2.0546669960021973;2.069333076477051;2.0346670150756836;2.051332950592041;4368000;1.866723656654358
2016-06-09;2.00600004196167;2.062666893005371;1.9886670112609863;2.059333086013794;5599500;1.874003291130066
2016-06-10;1.99399995803833;1.99399995803833;1.935333013534546;1.9559999704360962;5686500;1.779969573020935
2016-06-13;1.920667052268982;1.99399995803833;1.9153330326080322;1.929332971572876;5010000;1.7557024955749512
2016-06-14;1.9006669521331787;1.9393329620361328;1.8713330030441284;1.9240000247955322;6199500;1.750849962234497
2016-06-15;1.9539999961853027;1.9686670303344727;1.9160000085830688;1.9246670007705688;3606000;1.7514564990997314
2016-06-16;1.8553329706192017;1.9273329973220825;1.824666976928711;1.9226670265197754;7249500;1.7496364116668701
2016-06-17;1.9126670360565186;1.9266669750213623;1.8339999914169312;1.8746670484542847;3912000;1.7059561014175415
2016-06-20;1.9653329849243164;2.0073330402374268;1.9346669912338257;1.937999963760376;5973000;1.7635893821716309
2016-06-21;1.9673329591751099;1.9700000286102295;1.9346669912338257;1.9579999446868896;2568000;1.7817896604537964
2016-06-22;1.9559999704360962;2.0133330821990967;1.944000005722046;1.9493329524993896;3489000;1.7739026546478271
2016-06-23;2.0306670665740967;2.1026670932769775;2.0139999389648438;2.101332902908325;5671500;1.9122236967086792
2016-06-24;1.8166669607162476;1.9246670007705688;1.730666995048523;1.7466670274734497;11479500;1.5894756317138672
2016-06-27;1.6846669912338257;1.6846669912338257;1.5066670179367065;1.5386669635772705;11446500;1.4001946449279785
2016-06-28;1.6119999885559082;1.6713329553604126;1.6006669998168945;1.6619999408721924;14646000;1.5124284029006958
2016-06-29;1.7233330011367798;1.7799999713897705;1.7020000219345093;1.7619999647140503;9870000;1.6034287214279175
2016-06-30;1.7726670503616333;1.8580000400543213;1.7553329467773438;1.8580000400543213;5794500;1.690788745880127
2016-07-01;1.8046669960021973;1.824666976928711;1.7893329858779907;1.7979999780654907;4080000;1.6361886262893677
2016-07-05;1.7606669664382935;1.7613329887390137;1.6740000247955322;1.707332968711853;4137000;1.5536813735961914
2016-07-06;1.6726670265197754;1.722000002861023;1.6206669807434082;1.7146669626235962;6273000;1.5603551864624023
2016-07-07;1.7259999513626099;1.8140000104904175;1.7259999513626099;1.7773330211639404;6213000;1.6173819303512573
2016-07-08;1.829332947731018;1.9286669492721558;1.8273329734802246;1.9266669750213623;9957000;1.7532763481140137
2016-07-11;1.968000054359436;2.01466703414917;1.9646669626235962;1.9900000095367432;9292500;1.8109097480773926
2016-07-12;2.041332960128784;2.0886669158935547;2.0366671085357666;2.0713329315185547;6894000;1.8849231004714966
2016-07-13;2.0933330059051514;2.1146669387817383;2.0653328895568848;2.076667070388794;5205000;1.889777421951294
2016-07-14;2.134000062942505;2.140000104904175;2.0820000171661377;2.121999979019165;6063000;1.931030511856079
2016-07-15;2.124666929244995;2.129333019256592;2.0933330059051514;2.117332935333252;4302000;1.926783800125122
2016-07-18;2.181333065032959;2.2233328819274902;2.179332971572876;2.2126669883728027;5875500;2.013538122177124
2016-07-19;2.198667049407959;2.2060000896453857;2.1686670780181885;2.186666965484619;3187500;1.9898773431777954
2016-07-20;2.2113330364227295;2.310667037963867;2.2060000896453857;2.2920000553131104;6294000;2.0857315063476562
2016-07-21;2.2946670055389404;2.303999900817871;2.2160000801086426;2.24399995803833;5059500;2.042051076889038
2016-07-22;2.22933292388916;2.2806670665740967;2.180666923522949;2.2793331146240234;5407500;2.074204444885254
2016-07-25;2.2853329181671143;2.330667018890381;2.2853329181671143;2.315999984741211;4806000;2.1075713634490967
2016-07-26;2.382667064666748;2.618666887283325;2.382667064666748;2.5986669063568115;15642000;2.364800453186035
2016-07-27;2.6566669940948486;2.6606669425964355;2.5353329181671143;2.582667112350464;8205000;2.3502399921417236
2016-07-28;2.5333330631256104;2.5959999561309814;2.504667043685913;2.5420000553131104;5161500;2.313232660293579
2016-07-29;2.5446670055389404;2.562000036239624;2.4746670722961426;2.50333309173584;5205000;2.278045654296875
2016-08-01;2.5366671085357666;2.5446670055389404;2.4886670112609863;2.516666889190674;3016500;2.2901792526245117
2016-08-02;2.501332998275757;2.501332998275757;2.355333089828491;2.3959999084472656;7983000;2.1803712844848633
2016-08-03;2.3540000915527344;2.4126670360565186;2.3540000915527344;2.4126670360565186;4182000;2.1955389976501465
2016-08-04;2.430666923522949;2.4773330688476562;2.413332939147949;2.4753329753875732;5209500;2.2525646686553955
2016-08-05;2.5220000743865967;2.5759999752044678;2.509999990463257;2.569999933242798;5161500;2.3387129306793213
2016-08-08;2.5940001010894775;2.614000082015991;2.547333002090454;2.559333086013794;3063000;2.3290061950683594
2016-08-09;2.5753331184387207;2.648667097091675;2.574666976928711;2.625333070755005;3786000;2.389066219329834
2016-08-10;2.6353330612182617;2.6373329162597656;2.5360000133514404;2.564666986465454;5244000;2.33385968208313
2016-08-11;2.5833330154418945;2.609999895095825;2.5566670894622803;2.601332902908325;2359500;2.3672258853912354
2016-08-12;2.5999999046325684;2.6526670455932617;2.5999999046325684;2.634666919708252;4086000;2.3975601196289062
2016-08-15;2.6593329906463623;2.762666940689087;2.6566669940948486;2.74399995803833;4903500;2.497054100036621
2016-08-16;2.740000009536743;2.740000009536743;2.675333023071289;2.685333013534546;2446500;2.4436659812927246
2016-08-17;2.694000005722046;2.694000005722046;2.640000104904175;2.684000015258789;3484500;2.442453384399414
2016-08-18;2.6706669330596924;2.743333101272583;2.6706669330596924;2.743333101272583;3172500;2.4964470863342285
2016-08-19;2.75266695022583;2.8333330154418945;2.7446670532226562;2.814666986465454;4912500;2.561361312866211
2016-08-22;2.805999994277954;2.8406670093536377;2.7826669216156006;2.818000078201294;3501000;2.564394235610962
2016-08-23;2.857332944869995;2.8973329067230225;2.8546669483184814;2.863332986831665;4677000;2.605646848678589
2016-08-24;2.863332986831665;2.878667116165161;2.7639999389648438;2.7893331050872803;4705500;2.538306474685669
2016-08-25;2.8213329315185547;2.859333038330078;2.7613329887390137;2.8233330249786377;3475500;2.569247245788574
2016-08-26;2.8413329124450684;2.923332929611206;2.799999952316284;2.8626670837402344;3075000;2.605041265487671
2016-08-29;2.879333019256592;2.927333116531372;2.879333019256592;2.8919999599456787;5029500;2.6317341327667236
2016-08-30;2.8973329067230225;2.9433329105377197;2.8433330059051514;2.8666670322418213;4834500;2.6086807250976562
2016-08-31;2.871999979019165;2.881333112716675;2.822666883468628;2.868666887283325;2962500;2.610501289367676
2016-09-01;2.874000072479248;2.944000005722046;2.828666925430298;2.944000005722046;5970000;2.6790542602539062
2016-09-02;2.9779999256134033;2.9779999256134033;2.888667106628418;2.927999973297119;4899000;2.664494037628174
2016-09-06;2.9766669273376465;2.9766669273376465;2.861332893371582;2.9033329486846924;2661000;2.642047166824341
2016-09-07;2.9113330841064453;2.9240000247955322;2.8253331184387207;2.8393330574035645;4519500;2.5838067531585693
2016-09-08;2.813333034515381;2.8473329544067383;2.7753329277038574;2.826667070388794;4620000;2.5722811222076416
2016-09-09;2.7633330821990967;2.7633330821990967;2.501332998275757;2.5153329372406006;7638000;2.2889654636383057
2016-09-12;2.4606668949127197;2.673332929611206;2.433332920074463;2.6659998893737793;7582500;2.4260735511779785
2016-09-13;2.620666980743408;2.692667007446289;2.552000045776367;2.5886669158935547;4434000;2.3556997776031494
2016-09-14;2.5966670513153076;2.680666923522949;2.564666986465454;2.6626670360565186;5754000;2.4230403900146484
2016-09-15;2.6760001182556152;2.861999988555908;2.6626670360565186;2.8466670513153076;11305500;2.5904808044433594
2016-09-16;2.9200000762939453;2.925333023071289;2.7826669216156006;2.8480000495910645;5265000;2.5916943550109863
2016-09-19;2.913332939147949;2.9846670627593994;2.830667018890381;2.861999988555908;5494500;2.6044342517852783
2016-09-20;2.9013330936431885;2.913332939147949;2.7986669540405273;2.8259999752044678;3736500;2.57167387008667
2016-09-21;2.8626670837402344;2.947999954223633;2.8253331184387207;2.936666965484619;3955500;2.67238187789917
2016-09-22;2.9866669178009033;3.0253329277038574;2.941999912261963;2.9706668853759766;4545000;2.7033212184906006
2016-09-23;2.9646670818328857;2.9646670818328857;2.863332986831665;2.875999927520752;2404500;2.6171741485595703
2016-09-26;2.826667070388794;2.8413329124450684;2.75600004196167;2.7866671085357666;2850000;2.5358805656433105
2016-09-27;2.7799999713897705;2.937333106994629;2.766666889190674;2.936666965484619;4380000;2.67238187789917
2016-09-28;2.954667091369629;3.0;2.9000000953674316;2.9560000896453857;4860000;2.6899755001068115
2016-09-29;2.9560000896453857;3.118000030517578;2.859999895095825;3.064666986465454;12943500;2.7888622283935547
2016-09-30;3.131999969482422;3.2660000324249268;3.125999927520752;3.2073330879211426;7447500;2.9186887741088867
2016-10-03;3.2133328914642334;3.2726669311523438;3.125333070755005;3.140666961669922;3537000;2.858022689819336
2016-10-04;3.191999912261963;3.2093329429626465;3.0833330154418945;3.1166670322418213;4381500;2.8361823558807373
2016-10-05;3.146667003631592;3.25333309173584;3.132667064666748;3.189332962036133;3516000;2.9023096561431885
2016-10-06;3.192667007446289;3.249332904815674;3.122667074203491;3.2446670532226562;4366500;2.9526631832122803
2016-10-07;3.2660000324249268;3.2853329181671143;3.1413331031799316;3.2260000705718994;4740000;2.9356770515441895
2016-10-10;3.2746670246124268;3.312666893005371;3.1760001182556152;3.177999973297119;4125000;2.891995429992676
2016-10-11;3.163332939147949;3.1653330326080322;2.8940000534057617;2.97933292388916;11005500;2.7112081050872803
2016-10-12;2.97933292388916;2.97933292388916;2.8606669902801514;2.946000099182129;4563000;2.680875062942505
2016-10-13;2.865333080291748;2.870666980743408;2.698667049407959;2.8393330574035645;7308000;2.5838067531585693
2016-10-14;2.9433329105377197;3.006666898727417;2.898667097091675;2.9086670875549316;8758500;2.6469016075134277
2016-10-17;2.894666910171509;2.946666955947876;2.8566670417785645;2.859333038330078;3201000;2.6020076274871826
2016-10-18;2.992000102996826;2.99666690826416;2.938667058944702;2.9639999866485596;3852000;2.6972551345825195
2016-10-19;2.884000062942505;2.934000015258789;2.8393330574035645;2.9200000762939453;4539000;2.657214879989624
2016-10-20;2.9146668910980225;3.01200008392334;2.8519999980926514;2.9826669692993164;4458000;2.714242458343506
2016-10-21;2.9059998989105225;2.9693329334259033;2.873332977294922;2.958667039871216;3619500;2.692401885986328
2016-10-24;3.0266671180725098;3.127332925796509;3.02066707611084;3.123332977294922;4044000;2.8422482013702393
2016-10-25;3.1513330936431885;3.1573328971862793;3.0959999561309814;3.115999937057495;4288500;2.8355753421783447
2016-10-26;3.0566670894622803;3.1559998989105225;3.041332960128784;3.0980000495910645;4497000;2.819194793701172
2016-10-27;3.190666913986206;3.2160000801086426;3.0446670055389404;3.0566670894622803;4950000;2.7815818786621094
2016-10-28;3.064666986465454;3.1493330001831055;2.990000009536743;3.003999948501587;5382000;2.7336549758911133
2016-10-31;3.063999891281128;3.0933330059051514;3.0353329181671143;3.051332950592041;2971500;2.7767279148101807
2016-11-01;3.0773329734802246;3.122667074203491;2.864000082015991;2.9653329849243164;5791500;2.698467493057251
2016-11-02;2.9746670722961426;3.0260000228881836;2.882667064666748;2.9059998989105225;6438000;2.6444742679595947
2016-11-03;2.9200000762939453;2.9693329334259033;2.8586668968200684;2.886667013168335;5181000;2.6268811225891113
2016-11-04;2.8340001106262207;2.9146668910980225;2.7753329277038574;2.8359999656677246;2907000;2.5807743072509766
2016-11-07;2.99733304977417;3.0846669673919678;2.9606668949127197;3.0813329219818115;3789000;2.804028272628784
2016-11-08;3.086667060852051;3.1553330421447754;3.0239999294281006;3.101332902908325;4149000;2.822228193283081
2016-11-09;2.886667013168335;3.0833330154418945;2.8466670513153076;3.052000045776367;8143500;2.777334213256836
2016-11-10;3.121999979019165;3.1706669330596924;2.768666982650757;2.8606669902801514;11700000;2.6032209396362305
2016-11-11;2.9560000896453857;3.198667049407959;2.9533329010009766;3.183332920074463;8976000;2.896848440170288
2016-11-14;3.200000047683716;3.23533296585083;3.1046669483184814;3.130000114440918;3526500;2.848315477371216
2016-11-15;3.185333013534546;3.3333330154418945;3.1459999084472656;3.310667037963867;5700000;3.0127227306365967
2016-11-16;3.2960000038146973;3.433332920074463;3.2860000133514404;3.425333023071289;6178500;3.117070198059082
2016-11-17;3.52066707611084;3.5846669673919678;3.4033329486846924;3.5373330116271973;4744500;3.218991279602051
2016-11-18;3.555999994277954;3.624666929244995;3.5139999389648438;3.609999895095825;3157500;3.2851178646087646
2016-11-21;3.640666961669922;3.696000099182129;3.6046669483184814;3.6579999923706055;4183500;3.328798770904541
2016-11-22;3.7633330821990967;3.811332941055298;3.72933292388916;3.8046669960021973;5646000;3.462266445159912
2016-11-23;3.791332960128784;3.8380000591278076;3.747999906539917;3.819999933242798;3952500;3.4762191772460938
2016-11-25;3.8559999465942383;3.8559999465942383;3.7846670150756836;3.8359999656677246;1351500;3.490779399871826
2016-11-28;3.816667079925537;3.8526670932769775;3.7813329696655273;3.803999900817871;2221500;3.461658239364624
2016-11-29;3.7880001068115234;3.8433330059051514;3.7246670722961426;3.7820000648498535;1993500;3.441638946533203
2016-11-30;3.7873330116271973;3.801332950592041;3.7093329429626465;3.7139999866485596;1819500;3.379758358001709
2016-12-01;3.700666904449463;3.708667039871216;3.1046669483184814;3.1646668910980225;10963500;2.8798625469207764
2016-12-02;3.1519999504089355;3.3006670475006104;3.119999885559082;3.2873330116271973;6096000;2.9914889335632324
2016-12-05;3.369999885559082;3.436666965484619;3.303999900817871;3.4073328971862793;6199500;3.1006901264190674
2016-12-06;3.441999912261963;3.558666944503784;3.440666913986206;3.5486669540405273;4474500;3.2293050289154053
2016-12-07;3.5333330631256104;3.793333053588867;3.504667043685913;3.7733330726623535;6499500;3.4337518215179443
2016-12-08;3.7826669216156006;3.930000066757202;3.7826669216156006;3.869999885559082;7072500;3.521718740463257
2016-12-09;3.9800000190734863;3.9860000610351562;3.7426669597625732;3.8213329315185547;5371500;3.4774322509765625
2016-12-12;3.7746670246124268;3.7966670989990234;3.640666961669922;3.7346670627593994;3918000;3.3985650539398193
2016-12-13;3.7866671085357666;3.937333106994629;3.754667043685913;3.8606669902801514;6130500;3.51322603225708
2016-12-14;3.8666670322418213;3.9260001182556152;3.811332941055298;3.8519999980926514;5143500;3.5053393840789795
2016-12-15;3.888000011444092;4.1046671867370605;3.877332925796509;4.054666996002197;7221000;3.689768075942993
2016-12-16;4.133333206176758;4.1453328132629395;3.871999979019165;3.9226670265197754;4263000;3.5696463584899902
2016-12-19;4.0;4.090000152587891;3.946666955947876;4.044666767120361;4107000;3.68066668510437
2016-12-20;3.996000051498413;3.996000051498413;3.919332981109619;3.9686670303344727;5374500;3.783893346786499
2016-12-21;4.000667095184326;4.017333030700684;3.952666997909546;3.9686670303344727;2376000;3.783893346786499
2016-12-22;4.111332893371582;4.128666877746582;3.9826669692993164;4.03266716003418;3078000;3.8449137210845947
2016-12-23;4.006667137145996;4.0960001945495605;3.9946670532226562;4.092667102813721;1362000;3.90212082862854
2016-12-27;4.104000091552734;4.265999794006348;4.099999904632568;4.242000102996826;4866000;4.044500827789307
2016-12-28;4.325333118438721;4.328000068664551;3.989332914352417;3.995332956314087;8050500;3.8093185424804688
2016-12-29;3.9553329944610596;3.99666690826416;3.868000030517578;3.9946670532226562;5998500;3.808682918548584
2016-12-30;4.079999923706055;4.097332954406738;3.7733330726623535;3.8066670894622803;5214000;3.6294355392456055
2017-01-03;3.9086670875549316;3.9773330688476562;3.7126669883728027;3.812666893005371;6211500;3.6351559162139893
2017-01-04;3.864000082015991;3.8973329067230225;3.7906670570373535;3.8473329544067383;3565500;3.668208360671997
2017-01-05;3.857332944869995;3.9100000858306885;3.7226669788360596;3.7413330078125;3568500;3.567143678665161
2017-01-06;3.7673330307006836;3.861332893371582;3.689332962036133;3.8313329219818115;4870500;3.6529533863067627
2017-01-09;3.8666670322418213;4.000667095184326;3.865999937057495;3.954667091369629;5397000;3.770545721054077
2017-01-10;3.9533329010009766;4.039332866668701;3.946000099182129;4.01466703414917;3775500;3.827751636505127
2017-01-11;4.00266695022583;4.052667140960693;3.9639999866485596;4.052667140960693;3205500;3.863982677459717
2017-01-12;4.026000022888184;4.026000022888184;3.768666982650757;3.947999954223633;5007000;3.764188528060913
2017-01-13;3.9600000381469727;4.056000232696533;3.948667049407959;4.022666931152344;4092000;3.835379123687744
2017-01-17;3.98533296585083;3.98533296585083;3.7906670570373535;3.8293330669403076;4072500;3.651047468185425
2017-01-18;3.8406670093536377;3.99666690826416;3.8399999141693115;3.989332914352417;3651000;3.8035972118377686
2017-01-19;3.931999921798706;4.066667079925537;3.925333023071289;3.9346671104431152;2694000;3.7514760494232178
2017-01-20;4.039999961853027;4.156667232513428;4.033999919891357;4.0873332023620605;4134000;3.897035837173462
2017-01-23;4.027332782745361;4.065999984741211;3.9140000343322754;4.006667137145996;4033500;3.820124387741089
2017-01-24;4.051332950592041;4.25933313369751;4.051332950592041;4.244667053222656;4725000;4.047044277191162
2017-01-25;4.409333229064941;4.4593329429626465;4.313333034515381;4.431333065032959;5010000;4.225019454956055
2017-01-26;4.447999954223633;4.458000183105469;4.295332908630371;4.354000091552734;3685500;4.1512861251831055
2017-01-27;4.423999786376953;4.52066707611084;4.415999889373779;4.5193328857421875;3610500;4.3089213371276855
2017-01-30;4.449333190917969;4.452667236328125;4.278666973114014;4.447332859039307;7095000;4.240274429321289
2017-01-31;4.372666835784912;4.384666919708252;4.193333148956299;4.27400016784668;6417000;4.075009822845459
2017-02-01;4.441332817077637;4.489333152770996;4.3460001945495605;4.477333068847656;5668500;4.268877029418945
2017-02-02;4.386666774749756;4.516666889190674;4.311333179473877;4.466000080108643;4839000;4.258072376251221
2017-02-03;4.5279998779296875;4.564667224884033;4.49066686630249;4.543333053588867;2787000;4.3318047523498535
2017-02-06;4.575333118438721;4.5980000495910645;4.48533296585083;4.590666770935059;4750500;4.376935005187988
2017-02-07;4.665999889373779;4.689332962036133;4.564000129699707;4.641333103179932;4060500;4.425241470336914
2017-02-08;4.693333148956299;4.7220001220703125;4.592667102813721;4.664000034332275;3667500;4.446853160858154
2017-02-09;4.688666820526123;4.688666820526123;4.522666931152344;4.541999816894531;5070000;4.330533504486084
2017-02-10;4.638000011444092;4.638000011444092;4.395999908447266;4.531332969665527;5946000;4.320363998413086
2017-02-13;4.5793328285217285;4.655333042144775;4.539332866668701;4.563333034515381;4624500;4.350872039794922
2017-02-14;4.547332763671875;4.559999942779541;4.440667152404785;4.51533317565918;3199500;4.305109024047852
2017-02-15;4.539332866668701;4.642000198364258;4.488667011260986;4.627999782562256;3541500;4.4125285148620605
2017-02-16;4.6433329582214355;4.672667026519775;4.561333179473877;4.6453328132629395;2700000;4.429055213928223
2017-02-17;4.588666915893555;4.71999979019165;4.524666786193848;4.71999979019165;3577500;4.500246047973633
2017-02-21;4.812666893005371;4.924666881561279;4.787333011627197;4.922667026519775;4737000;4.693477153778076
2017-02-22;4.926000118255615;4.944666862487793;4.861999988555908;4.923333168029785;2751000;4.694112300872803
2017-02-23;4.874667167663574;4.888667106628418;4.585999965667725;4.678667068481445;7501500;4.460836887359619
2017-02-24;4.452000141143799;4.671999931335449;4.406000137329102;4.6706671714782715;5176500;4.45320987701416
2017-02-27;4.679999828338623;4.810667037963867;4.642666816711426;4.805333137512207;3328500;4.581605434417725
2017-02-28;4.826666831970215;4.826666831970215;4.5879998207092285;4.619332790374756;4711500;4.404266357421875
2017-03-01;4.793333053588867;4.853332996368408;4.650000095367432;4.835999965667725;4848000;4.610845565795898
2017-03-02;4.874000072479248;4.901332855224609;4.671999931335449;4.685999870300293;4126500;4.467827320098877
2017-03-03;4.693333148956299;4.700666904449463;4.5920000076293945;4.677332878112793;3142500;4.459564208984375
2017-03-06;4.602666854858398;4.710000038146973;4.519999980926514;4.684667110443115;3381000;4.466557502746582
2017-03-07;4.658667087554932;4.808000087738037;4.618667125701904;4.71733283996582;4263000;4.4977030754089355
2017-03-08;4.785333156585693;4.864666938781738;4.720666885375977;4.751999855041504;4267500;4.530756950378418
2017-03-09;4.739333152770996;4.800000190734863;4.6606669425964355;4.774666786193848;2389500;4.552367210388184
2017-03-10;4.858666896820068;4.971333026885986;4.858666896820068;4.939332962036133;4827000;4.709367275238037
2017-03-13;4.9806671142578125;5.057332992553711;4.957333087921143;5.053999900817871;4614000;4.818695068359375
2017-03-14;5.004666805267334;5.010666847229004;4.880000114440918;5.007332801818848;4156500;4.7742018699646
2017-03-15;5.043333053588867;5.1539998054504395;4.953332901000977;5.128666877746582;4375500;4.889885902404785
2017-03-16;5.196000099182129;5.196000099182129;5.078000068664551;5.108666896820068;2938500;4.870817184448242
2017-03-17;5.156667232513428;5.168000221252441;5.098667144775391;5.136666774749756;2268000;4.897514343261719
2017-03-20;5.164000034332275;5.307332992553711;5.133333206176758;5.251333236694336;3282000;5.006840229034424
2017-03-21;5.317333221435547;5.326000213623047;4.853332996368408;4.886000156402588;8511000;4.658517837524414
2017-03-22;4.892666816711426;5.055333137512207;4.844666957855225;5.041999816894531;4558500;4.807254314422607
2017-03-23;5.039999961853027;5.073999881744385;4.962666988372803;5.00333309173584;3840000;4.770387172698975
2017-03-24;5.211999893188477;5.294000148773193;5.052667140960693;5.108666896820068;5841000;4.870817184448242
2017-03-27;4.939332962036133;5.171332836151123;4.898666858673096;5.135333061218262;7363500;4.896241664886475
2017-03-28;5.165332794189453;5.242000102996826;5.090000152587891;5.186666965484619;4147500;4.945186138153076
2017-03-29;5.186666965484619;5.186666965484619;5.099999904632568;5.1433329582214355;3456000;4.90386962890625
2017-03-30;5.134666919708252;5.25933313369751;5.134666919708252;5.231332778930664;5355000;4.987771034240723
2017-03-31;5.24399995803833;5.300000190734863;5.1666669845581055;5.221333026885986;3334500;4.978237628936768
2017-04-03;5.251333236694336;5.2733330726623535;5.026000022888184;5.130667209625244;4821000;4.8917927742004395
2017-04-04;5.035333156585693;5.150000095367432;5.000667095184326;5.052000045776367;3976500;4.816788673400879
2017-04-05;5.108666896820068;5.193333148956299;4.933332920074463;4.942667007446289;5608500;4.712546348571777
2017-04-06;4.939332962036133;4.995333194732666;4.814667224884033;4.96133279800415;5905500;4.730342388153076
2017-04-07;4.9633331298828125;5.071332931518555;4.932000160217285;5.027332782745361;2850000;4.793269157409668
2017-04-10;5.031332969665527;5.041333198547363;4.874000072479248;4.9106669425964355;3631500;4.682035446166992
2017-04-11;4.8506669998168945;4.8506669998168945;4.570666790008545;4.791333198547363;7803000;4.568256855010986
2017-04-12;4.760666847229004;4.76800012588501;4.510000228881836;4.53866720199585;8232000;4.32735538482666
2017-04-13;4.469333171844482;4.6539998054504395;4.447999954223633;4.451333045959473;4864500;4.2440876960754395
2017-04-17;4.492667198181152;4.626667022705078;4.492667198181152;4.625332832336426;5293500;4.409985065460205
2017-04-18;4.561333179473877;4.691999912261963;4.53000020980835;4.680666923522949;3120000;4.462743282318115
2017-04-19;4.791999816894531;4.886666774749756;4.733333110809326;4.757332801818848;3657000;4.5358405113220215
2017-04-20;4.861332893371582;5.006667137145996;4.792666912078857;4.98533296585083;5005500;4.753225326538086
2017-04-21;4.936666965484619;4.946000099182129;4.792666912078857;4.915332794189453;5757000;4.686483383178711
2017-04-24;5.129333019256592;5.173333168029785;5.061999797821045;5.126667022705078;7372500;4.887980937957764
2017-04-25;5.22599983215332;5.307332992553711;5.1620001792907715;5.2866668701171875;4311000;5.040530204772949
2017-04-26;5.26800012588501;5.283999919891357;5.094666957855225;5.150667190551758;5542500;4.910861968994141
2017-04-27;5.261332988739014;5.389999866485596;5.224667072296143;5.369999885559082;5331000;5.119983196258545
2017-04-28;5.328667163848877;5.328667163848877;5.050000190734863;5.0960001945495605;7579500;4.85874080657959
2017-05-01;5.1533331871032715;5.25;5.055333137512207;5.244667053222656;5449500;5.000485420227051
2017-05-02;5.199999809265137;5.199999809265137;4.993332862854004;5.076000213623047;4305000;4.8396711349487305
2017-05-03;5.013332843780518;5.1539998054504395;4.998000144958496;5.131999969482422;2863500;4.893064022064209
2017-05-04;5.1533331871032715;5.173333168029785;5.058667182922363;5.119332790374756;2571000;4.88098669052124
2017-05-05;5.159333229064941;5.179999828338623;5.03866720199585;5.173999786376953;2940000;4.933107376098633
2017-05-08;5.161333084106445;5.197332859039307;5.084667205810547;5.116666793823242;1861500;4.878444671630859
2017-05-09;5.116666793823242;5.310667037963867;5.116666793823242;5.271999835968018;4875000;5.026544570922852
2017-05-10;5.450666904449463;5.633333206176758;5.447999954223633;5.605999946594238;6981000;5.344995975494385
2017-05-11;5.565332889556885;5.739333152770996;5.450666904449463;5.6626667976379395;3789000;5.39902400970459
2017-05-12;5.684667110443115;5.73466682434082;5.617332935333252;5.714000225067139;3030000;5.447967529296875
2017-05-15;5.75333309173584;5.98799991607666;5.736667156219482;5.97599983215332;3984000;5.697768688201904
2017-05-16;6.041999816894531;6.24399995803833;5.97599983215332;6.242667198181152;4143000;5.952020168304443
2017-05-17;5.99666690826416;6.057332992553711;5.423333168029785;5.423333168029785;14551500;5.170832633972168
2017-05-18;5.480000019073486;5.77666711807251;5.400000095367432;5.734000205993652;12283500;5.46703577041626
2017-05-19;5.8933329582214355;5.97933292388916;5.873332977294922;5.922667026519775;6928500;5.646919250488281
2017-05-22;6.007999897003174;6.118667125701904;5.989999771118164;6.111999988555908;5236500;5.827436923980713
2017-05-23;6.125332832336426;6.133333206176758;5.888000011444092;6.041333198547363;4482000;5.760060787200928
2017-05-24;6.139999866485596;6.188666820526123;6.073332786560059;6.1539998054504395;3240000;5.867481231689453
2017-05-25;6.24066686630249;6.315999984741211;6.133333206176758;6.257332801818848;3831000;5.966004848480225
2017-05-26;6.25600004196167;6.336667060852051;6.116000175476074;6.332666873931885;4323000;6.037829875946045
2017-05-30;6.328667163848877;6.505332946777344;6.326000213623047;6.4593329429626465;4041000;6.158597946166992
2017-05-31;6.5980000495910645;6.632667064666748;6.361332893371582;6.457333087921143;6340500;6.156691551208496
2017-06-01;6.486000061035156;6.519999980926514;6.357333183288574;6.47333288192749;3088500;6.171947002410889
2017-06-02;6.585332870483398;6.696667194366455;6.448667049407959;6.665999889373779;5817000;6.355643272399902
2017-06-05;6.667333126068115;6.822667121887207;6.646667003631592;6.723999977111816;4200000;6.410943984985352
2017-06-06;6.633999824523926;6.9206671714782715;6.614666938781738;6.7906670570373535;5025000;6.474507808685303
2017-06-07;6.868667125701904;7.015999794006348;6.829999923706055;6.949999809265137;6444000;6.626420974731445
2017-06-08;7.084667205810547;7.319333076477051;6.922667026519775;7.314000129699707;7707000;6.97347354888916
2017-06-09;7.466667175292969;7.53866720199585;5.962666988372803;6.392000198364258;32179500;6.094399929046631
2017-06-12;6.127999782562256;6.284667015075684;5.745333194732666;6.284667015075684;22534500;5.992063522338867
2017-06-13;6.5966668128967285;6.599999904632568;6.171332836151123;6.406000137329102;14511000;6.107748985290527
2017-06-14;6.482666969299316;6.527332782745361;5.99666690826416;6.199333190917969;11181000;5.910704135894775
2017-06-15;5.875999927520752;6.114666938781738;5.869999885559082;6.050000190734863;8821500;5.768322944641113
2017-06-16;6.068666934967041;6.196000099182129;5.926000118255615;5.980000019073486;8154000;5.7015838623046875
2017-06-19;6.165332794189453;6.349999904632568;6.1620001792907715;6.320666790008545;11425500;6.026388645172119
2017-06-20;6.3933329582214355;6.443999767303467;6.102666854858398;6.1106672286987305;8809500;5.826165676116943
2017-06-21;6.193999767303467;6.326666831970215;6.116666793823242;6.318666934967041;6385500;6.024481296539307
2017-06-22;6.351333141326904;6.3566670417785645;6.183332920074463;6.27133321762085;7081500;5.979351043701172
2017-06-23;6.24733304977417;6.433332920074463;6.214666843414307;6.3293328285217285;5433000;6.034651279449463
2017-06-26;6.483333110809326;6.5406670570373535;6.066667079925537;6.171999931335449;11284500;5.884643077850342
2017-06-27;6.046667098999023;6.072000026702881;5.6666669845581055;5.673333168029785;13833000;5.409194469451904
2017-06-28;5.791333198547363;5.986667156219482;5.605332851409912;5.9633331298828125;9801000;5.6856913566589355
2017-06-29;5.838666915893555;5.881332874298096;5.27666711807251;5.515999794006348;18418500;5.259184837341309
2017-06-30;5.570666790008545;5.654666900634766;5.3566670417785645;5.433332920074463;8343000;5.1803669929504395
2017-07-03;5.531332969665527;5.584000110626221;5.199999809265137;5.199999809265137;6811500;4.957897186279297
2017-07-05;5.266666889190674;5.550000190734863;5.266666889190674;5.53000020980835;9180000;5.272531986236572
2017-07-06;5.3379998207092285;5.595333099365234;5.293333053588867;5.456666946411133;8092500;5.202614784240723
2017-07-07;5.567333221435547;5.791999816894531;5.50266695022583;5.724667072296143;7816500;5.458137035369873
2017-07-10;5.787333011627197;5.966667175292969;5.685332775115967;5.929999828338623;6774000;5.653910160064697
2017-07-11;5.918000221252441;6.078667163848877;5.860000133514404;6.069333076477051;7659000;5.786756992340088
2017-07-12;6.233333110809326;6.3979997634887695;6.177332878112793;6.358666896820068;14623500;6.062618732452393
2017-07-13;6.397333145141602;6.507999897003174;6.239999771118164;6.305333137512207;13311000;6.011769771575928
2017-07-14;6.3993330001831055;6.561333179473877;6.352666854858398;6.557332992553711;9894000;6.2520365715026855
2017-07-17;6.604000091552734;6.623332977294922;6.402667045593262;6.47333288192749;8266500;6.171947002410889
2017-07-18;6.355999946594238;6.533999919891357;6.2820000648498535;6.533999919891357;5998500;6.229789733886719
2017-07-19;6.633333206176758;6.714000225067139;6.573999881744385;6.7093329429626465;6400500;6.396960258483887
2017-07-20;6.732666969299316;6.795332908630371;6.549333095550537;6.767333030700684;5653500;6.452259540557861
2017-07-21;6.613999843597412;6.631332874298096;6.48799991607666;6.593999862670898;6243000;6.2869954109191895
2017-07-24;6.611999988555908;6.613333225250244;6.49666690826416;6.529333114624023;5100000;6.225340366363525
2017-07-25;6.499332904815674;6.565999984741211;6.315999984741211;6.525332927703857;6889500;6.221526145935059
2017-07-26;6.668000221252441;6.820666790008545;6.616000175476074;6.71999979019165;7546500;6.407129287719727
2017-07-27;6.789999961853027;6.820000171661377;6.187333106994629;6.4166669845581055;19879500;6.117919921875
2017-07-28;6.318666934967041;6.426000118255615;6.254000186920166;6.354000091552734;4975500;6.058170795440674
2017-07-31;6.366666793823242;6.452667236328125;6.150000095367432;6.21133279800415;6486000;5.922145366668701
2017-08-01;6.25600004196167;6.315332889556885;6.159999847412109;6.315332889556885;4021500;6.021303653717041
2017-08-02;6.419332981109619;6.4633331298828125;6.046667098999023;6.180666923522949;8943000;5.892906188964844
2017-08-03;6.175333023071289;6.225333213806152;6.016666889190674;6.107333183288574;5614500;5.822988033294678
2017-08-04;6.138000011444092;6.260000228881836;6.062666893005371;6.113999843597412;3673500;5.829343795776367
2017-08-07;6.156000137329102;6.438000202178955;6.155333042144775;6.432000160217285;6843000;6.132538318634033
2017-08-08;6.428667068481445;6.597332954406738;6.300000190734863;6.364666938781738;6391500;6.068339824676514
2017-08-09;6.201333045959473;6.323332786560059;6.133333206176758;6.302000045776367;4788000;6.008592128753662
2017-08-10;6.1706671714782715;6.197332859039307;5.766666889190674;5.776000022888184;10722000;5.507079124450684
2017-08-11;5.710667133331299;5.906667232513428;5.657332897186279;5.871333122253418;5586000;5.597973823547363
2017-08-14;6.079999923706055;6.344666957855225;6.079999923706055;6.326000213623047;6805500;6.031473159790039
2017-08-15;6.386000156402588;6.407332897186279;6.234000205993652;6.372666835784912;3964500;6.075968265533447
2017-08-16;6.427332878112793;6.478000164031982;6.305333137512207;6.401332855224609;4659000;6.103298187255859
2017-08-17;6.28000020980835;6.365333080291748;5.891333103179932;5.891333103179932;8376000;5.6170454025268555
2017-08-18;6.006667137145996;6.076666831970215;5.8460001945495605;5.945333003997803;5275500;5.668529510498047
2017-08-21;5.966667175292969;5.969333171844482;5.690000057220459;5.817999839782715;6723000;5.547125339508057
2017-08-22;5.9593329429626465;6.130000114440918;5.933332920074463;6.093999862670898;4810500;5.810274600982666
2017-08-23;5.943999767303467;6.221333026885986;5.883333206176758;6.174666881561279;4038000;5.887186527252197
2017-08-24;6.266666889190674;6.266666889190674;6.058667182922363;6.167333126068115;3655500;5.880193710327148
2017-08-25;6.21733283996582;6.266666889190674;6.039999961853027;6.075333118438721;3156000;5.792478561401367
2017-08-28;6.093332767486572;6.145999908447266;6.028666973114014;6.122666835784912;2274000;5.837606906890869
2017-08-29;5.891333103179932;6.206666946411133;5.888000011444092;6.165999889373779;3357000;5.8789238929748535
2017-08-30;6.2133331298828125;6.5;6.193999767303467;6.480000019073486;6849000;6.178302764892578
2017-08-31;6.563333034515381;6.691332817077637;6.506667137145996;6.670000076293945;6339000;6.3594584465026855
2017-09-01;6.75;6.861332893371582;6.701333045959473;6.757332801818848;4966500;6.44272518157959
2017-09-05;6.619999885559082;6.708000183105469;6.300000190734863;6.471333026885986;7698000;6.170039176940918
2017-09-06;6.561333179473877;6.594666957855225;6.4079999923706055;6.510000228881836;3603000;6.206907272338867
2017-09-07;6.566667079925537;6.613999843597412;6.452667236328125;6.539999961853027;2992500;6.23551082611084
2017-09-08;6.500667095184326;6.533332824707031;6.233333110809326;6.297999858856201;4530000;6.004777431488037
2017-09-11;6.460000038146973;6.708000183105469;6.447999954223633;6.667333126068115;6217500;6.356914520263672
2017-09-12;6.75600004196167;6.813333034515381;6.636000156402588;6.756667137145996;4447500;6.442090034484863
2017-09-13;6.697999954223633;6.840000152587891;6.636666774749756;6.783999919891357;3481500;6.468148708343506
2017-09-14;6.690000057220459;6.993332862854004;6.667333126068115;6.878666877746582;4311000;6.558409214019775
2017-09-15;6.933332920074463;7.25333309173584;6.921999931335449;7.227333068847656;6129000;6.890841484069824
2017-09-18;7.361332893371582;7.651332855224609;7.357333183288574;7.513999938964844;7929000;7.1641621589660645
2017-09-19;7.588666915893555;7.671332836151123;7.438000202178955;7.5920000076293945;4869000;7.238531112670898
2017-09-20;7.609333038330078;7.609333038330078;6.978000164031982;7.271999835968018;12088500;6.9334282875061035
2017-09-21;7.254666805267334;7.263999938964844;6.9913330078125;7.183332920074463;4734000;6.848891735076904
2017-09-22;7.085332870483398;7.317999839782715;7.067333221435547;7.285999774932861;3871500;6.94677734375
2017-09-25;7.172667026519775;7.185332775115967;6.763332843780518;6.861999988555908;10708500;6.542518138885498
2017-09-26;7.081999778747559;7.097332954406738;6.775332927703857;6.849999904632568;7134000;6.531076908111572
2017-09-27;7.067333221435547;7.4106669425964355;7.048666954040527;7.329999923706055;7663500;6.988729476928711
2017-09-28;7.310667037963867;7.495333194732666;7.243332862854004;7.494667053222656;4728000;7.14572811126709
2017-09-29;7.545332908630371;7.702000141143799;7.462666988372803;7.684000015258789;6090000;7.326249599456787
2017-10-02;7.751999855041504;7.928667068481445;7.659333229064941;7.817333221435547;6615000;7.453373432159424
2017-10-03;7.866000175476074;7.9593329429626465;7.778666973114014;7.894667148590088;4030500;7.527106761932373
2017-10-04;7.866666793823242;7.946667194366455;7.72599983215332;7.946667194366455;4509000;7.576684951782227
2017-10-05;8.034000396728516;8.062666893005371;7.832666873931885;7.9633331298828125;4539000;7.592574596405029
2017-10-06;7.8333330154418945;8.066666603088379;7.8333330154418945;8.066666603088379;2910000;7.691097736358643
2017-10-09;8.149333000183105;8.266667366027832;8.12733268737793;8.235333442687988;4219500;7.8519110679626465
2017-10-10;8.432000160217285;8.437333106994629;8.13933277130127;8.395333290100098;5818500;8.004463195800781
2017-10-11;8.307999610900879;8.564000129699707;8.300000190734863;8.5600004196167;4752000;8.16146183013916
2017-10-12;8.533332824707031;8.646666526794434;8.453332901000977;8.473333358764648;4723500;8.078829765319824
2017-10-13;8.548666954040527;8.723333358764648;8.522000312805176;8.640000343322754;4167000;8.237739562988281
2017-10-16;8.733332633972168;8.76533317565918;8.583333015441895;8.763999938964844;4827000;8.355965614318848
2017-10-17;8.758000373840332;8.759332656860352;8.604666709899902;8.744667053222656;2974500;8.337532997131348
2017-10-18;8.789999961853027;8.870667457580566;8.477999687194824;8.830666542053223;6814500;8.41952896118164
2017-10-19;8.596667289733887;8.759332656860352;8.343999862670898;8.75333309173584;7495500;8.345795631408691
2017-10-20;8.923333168029785;9.017333030700684;8.846667289733887;8.879332542419434;4353000;8.465928077697754
2017-10-23;9.005999565124512;9.165332794189453;8.885333061218262;9.022000312805176;7243500;8.601954460144043
2017-10-24;9.096667289733887;9.236666679382324;8.982000350952148;9.206000328063965;5085000;8.777386665344238
2017-10-25;9.034000396728516;9.130000114440918;8.5686674118042;8.846667289733887;12625500;8.434782028198242
2017-10-26;8.892000198364258;9.053333282470703;8.856666564941406;9.005332946777344;5766000;8.586061477661133
2017-10-27;9.233332633972168;9.599332809448242;9.061332702636719;9.557332992553711;9070500;9.1123628616333
2017-10-30;9.233332633972168;9.761333465576172;9.233332633972168;9.647333145141602;7716000;9.19817066192627
2017-10-31;9.733332633972168;9.956000328063965;9.638667106628418;9.86400032043457;5248500;9.40475082397461
2017-11-01;10.111332893371582;10.119999885559082;9.506667137145996;9.772000312805176;7902000;9.317035675048828
2017-11-02;9.784000396728516;9.979999542236328;9.58133316040039;9.90133285522461;6831000;9.440345764160156
2017-11-03;10.0086669921875;10.432666778564453;9.803333282470703;10.429332733154297;11805000;9.943763732910156
2017-11-06;10.697999954223633;10.883333206176758;10.5;10.873332977294922;10276500;10.36708927154541
2017-11-07;10.829333305358887;10.910667419433594;10.61733341217041;10.84333324432373;8470500;10.33849048614502
2017-11-08;10.766667366027832;10.970000267028809;10.675999641418457;10.952667236328125;5565000;10.442730903625488
2017-11-09;10.631333351135254;10.660667419433594;9.88933277130127;10.28600025177002;17956500;9.80710506439209
2017-11-10;10.36733341217041;10.510666847229004;10.292667388916016;10.481332778930664;6489000;9.993342399597168
2017-11-13;10.320667266845703;10.612667083740234;10.266667366027832;10.566666603088379;5070000;10.074698448181152
2017-11-14;10.488666534423828;10.63466739654541;10.3013334274292;10.537332534790039;6117000;10.046732902526855
2017-11-15;10.261333465576172;10.395999908447266;10.0;10.258000373840332;8970000;9.78040599822998
2017-11-16;10.399999618530273;10.846667289733887;10.399999618530273;10.720000267028809;7363500;10.220895767211914
2017-11-17;10.878666877746582;10.912667274475098;10.526666641235352;10.57800006866455;6295500;10.0855073928833
2017-11-20;10.668000221252441;11.007332801818848;10.661333084106445;10.951333045959473;6471000;10.441458702087402
2017-11-21;11.199999809265137;11.370667457580566;11.09866714477539;11.343999862670898;9874500;10.815845489501953
2017-11-22;11.442667007446289;11.453332901000977;11.071999549865723;11.12266731262207;6756000;10.604819297790527
2017-11-24;11.21733283996582;11.442667007446289;11.213333129882812;11.420000076293945;6757500;10.888306617736816
2017-11-27;11.215999603271484;11.216667175292969;10.933333396911621;10.989999771118164;10698000;10.478325843811035
2017-11-28;11.104666709899902;11.124667167663574;10.793333053588867;10.979999542236328;9736500;10.468792915344238
2017-11-29;10.916666984558105;10.937333106994629;9.22266674041748;9.536666870117188;36519000;9.092659950256348
2017-11-30;9.863332748413086;9.993332862854004;9.52066707611084;9.713333129882812;14869500;9.261099815368652
2017-12-01;9.419333457946777;9.553333282470703;8.666666984558105;9.380666732788086;19072500;8.943920135498047
2017-12-04;9.706666946411133;9.729999542236328;8.516667366027832;8.699999809265137;23742000;8.29494571685791
2017-12-05;8.597999572753906;9.199333190917969;8.338000297546387;8.711333274841309;16374000;8.305750846862793
2017-12-06;8.468000411987305;8.844667434692383;8.352666854858398;8.799332618713379;10795500;8.38965129852295
2017-12-07;9.010666847229004;9.13933277130127;8.883999824523926;9.05666732788086;9966000;8.635005950927734
2017-12-08;9.34333324432373;9.385333061218262;8.89466667175293;8.916666984558105;9871500;8.501522064208984
2017-12-11;8.960000038146973;9.148667335510254;8.876667022705078;9.071999549865723;5599500;8.649626731872559
2017-12-12;9.0;9.0;8.77400016784668;8.800000190734863;5977500;8.390290260314941
2017-12-13;8.88466739654541;9.042667388916016;8.780667304992676;8.798666954040527;4125000;8.389015197753906
2017-12-14;8.787332534790039;8.949333190917969;8.708000183105469;8.778667449951172;5094000;8.369949340820312
2017-12-15;8.866666793823242;9.25;8.766667366027832;9.169333457946777;10255500;8.742427825927734
2017-12-18;9.516667366027832;9.793333053588867;9.378666877746582;9.787332534790039;15397500;9.33165454864502
2017-12-19;9.7413330078125;9.843999862670898;9.577333450317383;9.744000434875488;8127000;9.29800033569336
2017-12-20;10.017333030700684;10.083333015441895;9.686667442321777;9.947999954223633;8721000;9.492664337158203
2017-12-21;10.008000373840332;10.008000373840332;9.583999633789062;9.62600040435791;6909000;9.185401916503906
2017-12-22;9.474666595458984;9.618000030517578;9.400667190551758;9.600666999816895;3942000;9.161227226257324
2017-12-26;9.266667366027832;9.342000007629395;9.073332786560059;9.323332786560059;4524000;8.896590232849121
2017-12-27;9.27066707611084;9.557999610900879;9.267333030700684;9.417332649230957;2980500;8.986287117004395
2017-12-28;9.531999588012695;9.561332702636719;9.434000015258789;9.477333068847656;3168000;9.043538093566895
2017-12-29;9.50333309173584;9.537332534790039;9.192000389099121;9.19333267211914;4132500;8.772541046142578
2018-01-02;9.350000381469727;9.951333045959473;9.303999900817871;9.951333045959473;9237000;9.495844841003418
2018-01-03;10.050666809082031;10.46399974822998;10.027999877929688;10.446666717529297;9871500;9.968506813049316
2018-01-04;10.663999557495117;10.738666534423828;10.368666648864746;10.630000114440918;8502000;10.143446922302246
2018-01-05;10.746000289916992;10.937999725341797;10.577333450317383;10.821999549865723;7713000;10.32666015625
2018-01-08;10.810667037963867;11.166666984558105;10.723333358764648;11.065333366394043;6538500;10.558855056762695
2018-01-09;11.119999885559082;11.12733268737793;10.690667152404785;10.747332572937012;9009000;10.255409240722656
2018-01-10;10.378000259399414;10.49666690826416;10.097332954406738;10.350000381469727;13269000;9.876262664794922
2018-01-11;10.47933292388916;10.547332763671875;10.317999839782715;10.533332824707031;5524500;10.051207542419434
2018-01-12;10.528667449951172;10.76533317565918;10.440667152404785;10.696666717529297;5019000;10.207061767578125
2018-01-16;10.937333106994629;11.1813325881958;10.61066722869873;10.811332702636719;9804000;10.316479682922363
2018-01-17;11.091333389282227;11.792667388916016;11.053333282470703;11.7413330078125;11496000;11.2039155960083
2018-01-18;11.65666675567627;12.083333015441895;11.630000114440918;11.908666610717773;9171000;11.363585472106934
2018-01-19;12.04800033569336;12.10200023651123;11.715999603271484;11.940667152404785;9315000;11.39412784576416
2018-01-22;11.98799991607666;12.21733283996582;11.8100004196167;12.21733283996582;5620500;11.658123970031738
2018-01-23;12.373332977294922;12.496000289916992;12.234000205993652;12.494667053222656;6738000;11.922767639160156
2018-01-24;12.138667106628418;12.236000061035156;11.370667457580566;11.63466739654541;18628500;11.102129936218262
2018-01-25;12.079999923706055;12.095333099365234;11.028667449951172;11.029333114624023;13167000;10.524503707885742
2018-01-26;11.466667175292969;12.083333015441895;11.399999618530273;12.075332641601562;12733500;11.522624015808105
2018-01-29;11.916000366210938;12.27733325958252;11.591333389282227;12.036666870117188;9184500;11.485729217529297
2018-01-30;11.40666675567627;11.718667030334473;11.267999649047852;11.303999900817871;11923500;10.786596298217773
2018-01-31;11.683333396911621;11.830666542053223;11.392000198364258;11.593999862670898;6891000;11.063323974609375
2018-02-01;11.266667366027832;11.927332878112793;11.206666946411133;11.422666549682617;6895500;10.899833679199219
2018-02-02;11.06933307647705;11.15999984741211;10.466667175292969;10.468667030334473;13788000;9.989500045776367
2018-02-05;10.199999809265137;10.72266674041748;8.933333396911621;9.067999839782715;16929000;8.652942657470703
2018-02-06;8.526666641235352;10.022000312805176;8.518667221069336;10.0;20614500;9.542282104492188
2018-02-07;9.859999656677246;10.050666809082031;9.333333015441895;9.334667205810547;12523500;8.907404899597168
2018-02-08;9.500666618347168;9.527999877929688;8.13466739654541;8.153332710266113;17155500;7.780142307281494
2018-02-09;8.757332801818848;9.03600025177002;7.820666790008545;8.895999908447266;20676000;8.488815307617188
2018-02-12;9.144000053405762;9.540666580200195;8.949999809265137;9.36533260345459;14100000;8.936667442321777
2018-02-13;9.125332832336426;9.395999908447266;9.088000297546387;9.351332664489746;7440000;8.923304557800293
2018-02-14;9.133333206176758;10.034667015075684;9.133333206176758;9.97933292388916;11127000;9.522562026977539
2018-02-15;10.254667282104492;10.347999572753906;9.633333206176758;10.347999572753906;12339000;9.874354362487793
2018-02-16;10.157333374023438;10.604666709899902;10.152000427246094;10.230667114257812;7677000;9.762392044067383
2018-02-20;10.100000381469727;11.052666664123535;10.089332580566406;10.760666847229004;11586000;10.268135070800781
2018-02-21;10.954000473022461;10.968000411987305;10.37600040435791;10.395999908447266;9901500;9.920157432556152
2018-02-22;10.523332595825195;10.638667106628418;10.224666595458984;10.3186674118042;5809500;9.846364974975586
2018-02-23;10.587332725524902;10.988666534423828;10.55666732788086;10.988666534423828;8178000;10.485697746276855
2018-02-26;11.233332633972168;11.699999809265137;11.140666961669922;11.687999725341797;8653500;11.153021812438965
2018-02-27;11.647333145141602;12.170000076293945;11.572667121887207;11.579999923706055;10837500;11.04996395111084
2018-02-28;11.800000190734863;11.930000305175781;11.231332778930664;11.261333465576172;10170000;10.745881080627441
2018-03-01;11.281999588012695;11.402667045593262;10.333333015441895;10.718000411987305;14397000;10.227418899536133
2018-03-02;10.258000373840332;11.33133316040039;10.258000373840332;11.272000312805176;9610500;10.756062507629395
2018-03-05;11.10533332824707;11.739999771118164;10.933333396911621;11.579333305358887;8790000;11.04932975769043
2018-03-06;11.853333473205566;12.190667152404785;11.716667175292969;12.102666854858398;12933000;11.548710823059082
2018-03-07;11.750666618347168;12.256667137145996;11.733332633972168;12.197999954223633;9990000;11.639677047729492
2018-03-08;12.333333015441895;12.447333335876465;12.026666641235352;12.25;8625000;11.68929672241211
2018-03-09;12.461333274841309;13.016667366027832;12.439332962036133;13.013333320617676;12120000;12.417691230773926
2018-03-12;13.279999732971191;13.628000259399414;13.166666984558105;13.41866683959961;12079500;12.804473876953125
2018-03-13;13.665332794189453;13.933333396911621;12.611332893371582;12.791999816894531;22048500;12.206486701965332
2018-03-14;12.949333190917969;12.979999542236328;12.434000015258789;12.786666870117188;13102500;12.201400756835938
2018-03-15;12.88599967956543;13.012666702270508;12.555999755859375;12.749333381652832;7572000;12.165773391723633
2018-03-16;12.805999755859375;12.96399974822998;12.682000160217285;12.739333152770996;4693500;12.156233787536621
2018-03-19;12.407999992370605;12.54466724395752;11.468667030334473;12.001333236694336;17712000;11.452011108398438
2018-03-20;12.066666603088379;12.38599967956543;12.017333030700684;12.281999588012695;8823000;11.719831466674805
2018-03-21;12.196000099182129;12.822667121887207;12.079999923706055;12.36533260345459;9939000;11.79935359954834
2018-03-22;11.781999588012695;12.146666526794434;11.331999778747559;11.350000381469727;15714000;10.830492973327637
2018-03-23;11.284667015075684;11.358667373657227;10.214667320251465;10.214667320251465;16557000;9.747124671936035
2018-03-26;10.980667114257812;11.507332801818848;10.534667015075684;11.499333381652832;18847500;10.972990036010742
2018-03-27;11.84000015258789;11.851332664489746;9.934000015258789;10.21733283996582;23146500;9.749669075012207
2018-03-28;10.092666625976562;10.302666664123535;9.421333312988281;9.56933307647705;20061000;9.131328582763672
2018-03-29;9.788666725158691;10.45533275604248;9.543333053588867;10.187999725341797;17752500;9.721678733825684
2018-04-02;9.880000114440918;10.133333206176758;8.723999977111816;9.008000373840332;19338000;8.595690727233887
2018-04-03;9.392666816711426;9.586000442504883;9.042667388916016;9.52400016784668;15993000;9.0880708694458
2018-04-04;8.707332611083984;9.96066665649414;8.683333396911621;9.887332916259766;16759500;9.434775352478027
2018-04-05;10.09333324432373;10.128666877746582;9.37399959564209;9.583333015441895;13840500;9.144686698913574
2018-04-06;9.170666694641113;9.499333381652832;8.588666915893555;8.708666801452637;13326000;8.310056686401367
2018-04-09;9.045999526977539;9.623332977294922;8.854000091552734;8.868000030517578;16462500;8.462098121643066
2018-04-10;9.498000144958496;9.869999885559082;9.302666664123535;9.720666885375977;18669000;9.275737762451172
2018-04-11;9.574666976928711;9.980667114257812;9.476667404174805;9.724666595458984;10633500;9.279550552368164
2018-04-12;9.989333152770996;10.358667373657227;9.908666610717773;10.278667449951172;13927500;9.808195114135742
2018-04-13;10.657333374023438;10.677332878112793;9.916666984558105;10.037332534790039;14283000;9.577905654907227
2018-04-16;10.227999687194824;10.254667282104492;9.844667434692383;10.10200023651123;8299500;9.639615058898926
2018-04-17;10.296667098999023;10.737333297729492;10.266667366027832;10.671333312988281;12387000;10.182891845703125
2018-04-18;10.46733283996582;10.525333404541016;10.046667098999023;10.340666770935059;12802500;9.867355346679688
2018-04-19;9.797332763671875;9.800000190734863;8.90666675567627;9.005332946777344;33981000;8.593144416809082
2018-04-20;9.0;9.133333206176758;8.559332847595215;8.682000160217285;16249500;8.284608840942383
2018-04-23;8.815333366394043;8.838666915893555;8.266667366027832;8.332667350769043;16278000;7.951265335083008
2018-04-24;8.54466724395752;8.783332824707031;7.906000137329102;8.130000114440918;21633000;7.757878303527832
2018-04-25;8.251999855041504;8.281332969665527;7.710667133331299;8.101332664489746;20535000;7.730522632598877
2018-04-26;8.461333274841309;8.61733341217041;8.323332786560059;8.595999717712402;17655000;8.202546119689941
2018-04-27;8.904000282287598;8.932000160217285;8.285332679748535;8.406000137329102;13656000;8.021245002746582
2018-04-30;8.399999618530273;8.553333282470703;8.022666931152344;8.12733268737793;11466000;7.755331039428711
2018-05-01;8.066666603088379;8.55666732788086;8.047332763671875;8.529333114624023;13552500;8.138933181762695
2018-05-02;8.531332969665527;8.633999824523926;8.309332847595215;8.411999702453613;10189500;8.026970863342285
2018-05-03;8.199999809265137;8.673333168029785;8.014666557312012;8.564000129699707;15442500;8.172012329101562
2018-05-04;8.381333351135254;9.210000038146973;8.309332847595215;9.1813325881958;19219500;8.761089324951172
2018-05-07;9.335332870483398;9.5600004196167;9.275333404541016;9.432666778564453;14211000;9.000917434692383
2018-05-08;9.330666542053223;9.633333206176758;9.29466724395752;9.633333206176758;10398000;9.192398071289062
2018-05-09;9.719332695007324;10.0513334274292;9.630666732788086;10.049332618713379;12400500;9.589357376098633
2018-05-10;10.173999786376953;10.586000442504883;10.173999786376953;10.586000442504883;12277500;10.101463317871094
2018-05-11;10.378000259399414;10.633333206176758;10.275333404541016;10.333333015441895;11790000;9.860355377197266
2018-05-14;10.715999603271484;11.088666915893555;10.664667129516602;10.739999771118164;13374000;10.2484130859375
2018-05-15;10.4913330078125;10.600000381469727;10.137332916259766;10.359999656677246;10774500;9.88580322265625
2018-05-16;10.390666961669922;10.826000213623047;10.390666961669922;10.777999877929688;10854000;10.284672737121582
2018-05-17;10.657999992370605;10.932666778564453;10.420666694641113;10.652000427246094;8755500;10.164443016052246
2018-05-18;10.392666816711426;10.432000160217285;10.094667434692383;10.204000473022461;9588000;9.736946105957031
2018-05-21;10.670000076293945;10.825332641601562;10.239999771118164;10.522666931152344;13068000;10.041027069091797
2018-05-22;10.803999900817871;10.930000305175781;10.574000358581543;10.699999809265137;12891000;10.21024227142334
2018-05-23;10.399333000183105;10.87266731262207;10.30666732788086;10.871333122253418;9612000;10.373732566833496
2018-05-24;10.843999862670898;11.063332557678223;10.579999923706055;10.984000205993652;10362000;10.481246948242188
2018-05-25;10.966667175292969;11.281999588012695;10.908666610717773;11.254667282104492;9672000;10.739521980285645
2018-05-29;11.050666809082031;11.333333015441895;10.8100004196167;11.03933334350586;10375500;10.534045219421387
2018-05-30;11.19333267211914;11.501333236694336;11.094667434692383;11.258000373840332;12159000;10.742704391479492
2018-05-31;11.1813325881958;11.354000091552734;10.956666946411133;11.013999938964844;9567000;10.509870529174805
2018-06-01;11.2586669921875;11.757332801818848;11.176667213439941;11.751999855041504;17115000;11.214091300964355
2018-06-04;11.866666793823242;12.079333305358887;11.718000411987305;12.03933334350586;11950500;11.488273620605469
2018-06-05;12.133333206176758;12.312000274658203;11.99666690826416;12.199333190917969;9339000;11.640950202941895
2018-06-06;12.223999977111816;12.438667297363281;12.066666603088379;12.434666633605957;8950500;11.865510940551758
2018-06-07;12.465999603271484;12.519332885742188;11.836000442504883;12.104666709899902;9597000;11.550616264343262
2018-06-08;11.673333168029785;11.85200023651123;11.480667114257812;11.785332679748535;9820500;11.245899200439453
2018-06-11;11.707332611083984;11.892666816711426;11.58666706085205;11.697999954223633;6118500;11.162564277648926
2018-06-12;11.777999877929688;11.90999984741211;11.578666687011719;11.87733268737793;7593000;11.333687782287598
2018-06-13;11.879332542419434;12.209333419799805;11.799332618713379;11.83666706085205;8608500;11.294881820678711
2018-06-14;12.015999794006348;12.221332550048828;11.833999633789062;12.03933334350586;8094000;11.488273620605469
2018-06-15;11.739333152770996;12.03933334350586;11.683333396911621;12.015999794006348;10308000;11.4660062789917
2018-06-18;11.733332633972168;11.733332633972168;11.320667266845703;11.646666526794434;12819000;11.113577842712402
2018-06-19;11.133333206176758;11.25333309173584;10.723333358764648;11.239333152770996;14991000;10.746481895446777
2018-06-20;11.510000228881836;11.580666542053223;11.266667366027832;11.416000366210938;7033500;10.91540241241455
2018-06-21;11.65133285522461;11.658666610717773;10.944000244140625;10.98799991607666;9858000;10.506171226501465
2018-06-22;11.130000114440918;11.187999725341797;10.656000137329102;10.733332633972168;5146500;10.26266860961914
2018-06-25;10.333333015441895;10.350666999816895;9.380666732788086;9.785332679748535;16000500;9.356240272521973
2018-06-26;9.935999870300293;10.031332969665527;9.733332633972168;9.887999534606934;7869000;9.454405784606934
2018-06-27;10.034000396728516;10.12733268737793;9.156000137329102;9.160667419433594;12337500;8.758965492248535
2018-06-28;9.11066722869873;9.442000389099121;9.053999900817871;9.392000198364258;10029000;8.980155944824219
2018-06-29;9.603333473205566;9.77733325958252;9.433333396911621;9.433333396911621;8799000;9.019676208496094
2018-07-02;9.185333251953125;9.616000175476074;8.97933292388916;9.607333183288574;8422500;9.186047554016113
2018-07-03;9.697333335876465;9.764666557312012;9.049332618713379;9.064000129699707;7272000;8.666537284851074
2018-07-05;9.378000259399414;9.807999610900879;9.349332809448242;9.797332763671875;10789500;9.367712020874023
2018-07-06;9.755999565124512;10.207332611083984;9.638667106628418;10.167332649230957;14602500;9.721488952636719
2018-07-09;10.476667404174805;10.476667404174805;9.991999626159668;10.357333183288574;10915500;9.903157234191895
2018-07-10;10.399999618530273;10.752667427062988;10.36400032043457;10.6813325881958;11608500;10.212947845458984
2018-07-11;10.146666526794434;10.353333473205566;9.833999633789062;9.85200023651123;16504500;9.4199857711792
2018-07-12;9.813332557678223;10.097332954406738;9.583999633789062;10.063332557678223;13414500;9.622049331665039
2018-07-13;10.079999923706055;10.118666648864746;9.88466739654541;9.934666633605957;6973500;9.499027252197266
2018-07-16;9.947999954223633;10.095333099365234;9.873332977294922;9.894000053405762;6094500;9.460143089294434
2018-07-17;9.688667297363281;10.333333015441895;9.658666610717773;10.332667350769043;10303500;9.879573822021484
2018-07-18;10.453332901000977;10.61533260345459;10.350000381469727;10.555999755859375;9042000;10.093113899230957
2018-07-19;10.426667213439941;10.614666938781738;10.270000457763672;10.478667259216309;7416000;10.019171714782715
2018-07-20;10.393333435058594;10.511333465576172;10.166666984558105;10.325332641601562;6780000;9.872559547424316
2018-07-23;10.200667381286621;10.421333312988281;9.769332885742188;10.368666648864746;8800500;9.913995742797852
2018-07-24;10.542667388916016;10.720000267028809;9.989999771118164;10.034000396728516;10236000;9.594003677368164
2018-07-25;9.986666679382324;10.191332817077637;9.628666877746582;10.191332817077637;14748000;9.744438171386719
2018-07-26;10.366666793823242;10.7586669921875;10.355999946594238;10.745332717895508;16359000;10.274142265319824
2018-07-27;10.766667366027832;11.045332908630371;10.354000091552734;10.590666770935059;12807000;10.126260757446289
2018-07-30;10.569999694824219;10.675999641418457;10.12600040435791;10.28933334350586;10194000;9.83813762664795
2018-07-31;10.46733283996582;10.904666900634766;10.420666694641113;10.481332778930664;7806000;10.021718978881836
2018-08-01;10.552666664123535;10.764666557312012;10.305999755859375;10.423999786376953;6054000;9.966900825500488
2018-08-02;10.154666900634766;10.783332824707031;10.046667098999023;10.747332572937012;7603500;10.276056289672852
2018-08-03;10.750666618347168;10.84000015258789;10.600000381469727;10.800000190734863;4069500;10.32641315460205
2018-08-06;10.755332946777344;10.998666763305664;10.565999984741211;10.994667053222656;5463000;10.512545585632324
2018-08-07;11.11533260345459;11.28266716003418;11.021332740783691;11.263999938964844;5655000;10.770068168640137
2018-08-08;11.208000183105469;11.400667190551758;11.12399959564209;11.350000381469727;4932000;10.85229778289795
2018-08-09;11.215332984924316;11.223333358764648;10.985333442687988;10.998666763305664;6726000;10.516368865966797
2018-08-10;10.38266658782959;10.46066665649414;10.024666786193848;10.170000076293945;16897500;9.724040031433105
2018-08-13;10.22266674041748;10.490667343139648;10.186667442321777;10.210000038146973;9745500;9.762283325195312
2018-08-14;10.393333435058594;10.456000328063965;10.131333351135254;10.179332733154297;5463000;9.732962608337402
2018-08-15;9.96066665649414;10.026000022888184;9.433333396911621;9.760000228881836;12493500;9.332018852233887
2018-08-16;9.968667030334473;9.98799991607666;9.619999885559082;9.692000389099121;8014500;9.267000198364258
2018-08-17;9.407333374023438;9.549332618713379;9.053333282470703;9.470666885375977;12708000;9.055375099182129
2018-08-20;9.533332824707031;9.616000175476074;9.128000259399414;9.4486665725708;8164500;9.034334182739258
2018-08-21;9.5600004196167;10.074000358581543;9.517333030700684;10.008000373840332;10276500;9.569143295288086
2018-08-22;9.916666984558105;10.172666549682617;9.745332717895508;10.13933277130127;8587500;9.69471549987793
2018-08-23;10.137332916259766;10.396666526794434;10.092000007629395;10.173999786376953;7741500;9.727865219116211
2018-08-24;10.295999526977539;10.619333267211914;10.293333053588867;10.611332893371582;8875500;10.14601993560791
2018-08-27;10.819999694824219;11.350000381469727;10.779333114624023;11.108667373657227;16623000;10.621545791625977
2018-08-28;11.2586669921875;11.373332977294922;10.910667419433594;11.237333297729492;11250000;10.744569778442383
2018-08-29;11.236000061035156;11.420000076293945;11.11533260345459;11.330666542053223;7524000;10.833810806274414
2018-08-30;11.223333358764648;11.375332832336426;10.972000122070312;11.01200008392334;9526500;10.529118537902832
2018-08-31;10.933333396911621;11.241999626159668;10.933333396911621;11.199999809265137;4807500;10.70887279510498
2018-09-04;11.0513334274292;11.481332778930664;10.989999771118164;11.457332611083984;8767500;10.954922676086426
2018-09-05;11.399999618530273;11.526000022888184;11.001333236694336;11.292667388916016;6303000;10.797477722167969
2018-09-06;11.192000389099121;11.206000328063965;10.358667373657227;10.386667251586914;13224000;9.931206703186035
2018-09-07;10.266667366027832;10.716667175292969;10.183333396911621;10.260666847229004;8241000;9.810730934143066
2018-09-10;10.512666702270508;10.596667289733887;10.29466724395752;10.595333099365234;5392500;10.13072395324707
2018-09-11;10.417332649230957;10.505332946777344;10.11066722869873;10.278667449951172;8391000;9.827943801879883
2018-09-12;9.937333106994629;9.937333106994629;9.25333309173584;9.925999641418457;19008000;9.49073600769043
2018-09-13;10.238666534423828;10.63933277130127;10.148667335510254;10.275333404541016;13285500;9.824751853942871
2018-09-14;10.453332901000977;10.720000267028809;10.345333099365234;10.608667373657227;9342000;10.143470764160156
2018-09-17;10.417332649230957;10.566666603088379;10.109333038330078;10.133333206176758;6747000;9.688980102539062
2018-09-18;10.27400016784668;10.600000381469727;10.27400016784668;10.418000221252441;6496500;9.961165428161621
2018-09-19;10.41333293914795;10.606666564941406;10.327333450317383;10.477333068847656;4318500;10.017897605895996
2018-09-20;10.64466667175293;10.96733283996582;10.64466667175293;10.838000297546387;9111000;10.362750053405762
2018-09-21;10.835332870483398;10.986666679382324;10.658666610717773;10.740667343139648;5826000;10.269683837890625
2018-09-24;10.482666969299316;10.871333122253418;10.410667419433594;10.854666709899902;5310000;10.378682136535645
2018-09-25;10.718667030334473;10.747332572937012;10.220666885375977;10.284667015075684;10809000;9.861055374145508
2018-09-26;10.180000305175781;10.349332809448242;9.961999893188477;9.994667053222656;5340000;9.582998275756836
2018-09-27;10.073332786560059;10.220000267028809;9.990667343139648;10.12399959564209;3802500;9.707002639770508
2018-09-28;10.054667472839355;10.394000053405762;9.985333442687988;10.307332992553711;7743000;9.88278579711914
2018-10-01;10.392666816711426;10.649999618530273;10.314666748046875;10.393333435058594;6400500;9.965242385864258
2018-10-02;10.324666976928711;10.816666603088379;10.307332992553711;10.40999984741211;8142000;9.981224060058594
2018-10-03;10.540666580200195;10.630000114440918;10.133333206176758;10.427332878112793;7701000;9.997844696044922
2018-10-04;10.239999771118164;10.266667366027832;9.600000381469727;9.866666793823242;15123000;9.460269927978516
2018-10-05;9.760666847229004;9.897333145141602;8.897333145141602;9.170000076293945;22242000;8.792301177978516
2018-10-08;9.0;9.186667442321777;8.613332748413086;8.844667434692383;12891000;8.480368614196777
2018-10-09;8.777999877929688;8.954000473022461;8.65666675567627;8.837332725524902;7024500;8.473332405090332
2018-10-10;8.506667137145996;8.508000373840332;7.6533331871032715;7.664667129516602;26956500;7.3489670753479
2018-10-11;7.646667003631592;8.10533332824707;7.24666690826416;7.4206671714782715;20209500;7.115018367767334
2018-10-12;8.040666580200195;8.155332565307617;7.5;7.834000110626221;13690500;7.511327743530273
2018-10-15;7.723999977111816;7.880000114440918;7.533999919891357;7.624667167663574;8487000;7.310616493225098
2018-10-16;7.913332939147949;8.402667045593262;7.848667144775391;8.371333122253418;10891500;8.026525497436523
2018-10-17;8.53266716003418;8.60533332824707;8.09333324432373;8.26533317565918;9156000;7.924894332885742
2018-10-18;8.161333084106445;8.166666984558105;7.555333137512207;7.646667003631592;15177000;7.331708908081055
2018-10-19;7.802000045776367;7.918000221252441;7.199999809265137;7.285999774932861;14745000;6.985897064208984
2018-10-22;7.433332920074463;7.558667182922363;7.22933292388916;7.427999973297119;8202000;7.122047424316406
2018-10-23;6.843332767486572;7.433332920074463;6.6106672286987305;7.308667182922363;20764500;7.007631778717041
2018-10-24;6.943999767303467;6.966667175292969;5.8333330154418945;5.863333225250244;29644500;5.621829032897949
2018-10-25;6.000667095184326;6.402667045593262;5.960000038146973;6.26200008392334;15933000;6.004075527191162
2018-10-26;5.8393330574035645;6.25333309173584;5.625332832336426;5.928667068481445;19084500;5.684473514556885
2018-10-29;6.267333030700684;6.369332790374756;5.415999889373779;5.754000186920166;15058500;5.516998291015625
2018-10-30;5.721333026885986;6.477333068847656;5.692667007446289;6.46999979019165;18321000;6.203507900238037
2018-10-31;6.766666889190674;6.853332996368408;6.522666931152344;6.702667236328125;14517000;6.426591873168945
2018-11-01;6.794666767120361;7.691999912261963;6.789332866668701;7.625332832336426;19780500;7.311254501342773
2018-11-02;7.618000030517578;7.679333209991455;7.007999897003174;7.283332824707031;18301500;6.983340740203857
2018-11-05;7.24666690826416;7.262667179107666;6.738667011260986;7.0960001945495605;12534000;6.8037238121032715
2018-11-06;7.047332763671875;7.423999786376953;7.047332763671875;7.353332996368408;7428000;7.0504584312438965
2018-11-07;7.657332897186279;7.674666881561279;7.344666957855225;7.617332935333252;13149000;7.303584098815918
2018-11-08;7.3993330001831055;7.680666923522949;7.303999900817871;7.517333030700684;8494500;7.207703113555908
2018-11-09;7.199999809265137;7.27666711807251;6.9019999504089355;7.0980000495910645;8788500;6.805641174316406
2018-11-12;6.755332946777344;6.757999897003174;6.073332786560059;6.168000221252441;15409500;5.913946628570557
2018-11-13;6.267333030700684;6.77133321762085;6.267333030700684;6.395999908447266;10953000;6.132555961608887
2018-11-14;6.632667064666748;6.77133321762085;6.297332763671875;6.470666885375977;10629000;6.204148292541504
2018-11-15;6.398666858673096;7.199999809265137;6.366666793823242;7.125332832336426;14431500;6.831849098205566
2018-11-16;6.389999866485596;6.9633331298828125;6.3506669998168945;6.870666980743408;12009000;6.587671756744385
2018-11-19;6.702667236328125;6.8373332023620605;6.063333034515381;6.071332931518555;13630500;5.821261882781982
2018-11-20;5.572667121887207;6.345333099365234;5.556666851043701;6.099999904632568;21753000;5.848746299743652
2018-11-21;6.319333076477051;6.446000099182129;6.1620001792907715;6.172667026519775;10492500;5.918421268463135
2018-11-23;6.066667079925537;6.3333330154418945;6.0;6.170000076293945;5686500;5.915863990783691
2018-11-26;6.433332920074463;6.52133321762085;6.242667198181152;6.518667221069336;10636500;6.250170707702637
2018-11-27;6.406000137329102;6.7133331298828125;6.312666893005371;6.560667037963867;7797000;6.290439605712891
2018-11-28;6.757332801818848;7.01200008392334;6.380667209625244;7.011332988739014;11701500;6.722543716430664
2018-11-29;6.9106669425964355;7.051332950592041;6.792666912078857;6.844666957855225;6813000;6.562742710113525
2018-11-30;6.862667083740234;7.139999866485596;6.636666774749756;7.125999927520752;9060000;6.832489013671875
2018-12-03;7.797332763671875;7.861332893371582;7.480000019073486;7.702000141143799;18288000;7.384762763977051
2018-12-04;7.5233330726623535;7.552000045776367;6.566667079925537;6.578667163848877;18252000;6.307700157165527
2018-12-06;6.03866720199585;6.470666885375977;5.940000057220459;6.470666885375977;21013500;6.204148292541504
2018-12-07;6.427332878112793;6.47333288192749;5.657332897186279;5.745999813079834;19045500;5.509329319000244
2018-12-10;5.715332984924316;6.052000045776367;5.6579999923706055;5.989333152770996;14008500;5.742639541625977
2018-12-11;6.27066707611084;6.510000228881836;5.989333152770996;6.095333099365234;23953500;5.844272613525391
2018-12-12;6.387332916259766;6.627333164215088;6.22866678237915;6.365333080291748;17592000;6.103152275085449
2018-12-13;6.48466682434082;6.574666976928711;6.223999977111816;6.294666767120361;13446000;6.035397052764893
2018-12-14;6.0833330154418945;6.409999847412109;6.021999835968018;6.026000022888184;10413000;5.777795314788818
2018-12-17;5.966667175292969;6.275332927703857;5.691332817077637;5.800000190734863;15946500;5.561104774475098
2018-12-18;5.946000099182129;6.305333137512207;5.944666862487793;6.029333114624023;13204500;5.7809906005859375
2018-12-19;5.971333026885986;6.126667022705078;5.181333065032959;5.267333030700684;29062500;5.050378322601318
2018-12-20;5.24066686630249;5.506667137145996;4.935999870300293;5.132667064666748;19387500;4.921257019042969
2018-12-21;5.23199987411499;5.414667129516602;4.8379998207092285;4.897333145141602;19287000;4.69561767578125
2018-12-24;4.768667221069336;4.923333168029785;4.466667175292969;4.4720001220703125;13795500;4.287804126739502
2018-12-26;4.652667045593262;5.244667053222656;4.425333023071289;5.24066686630249;17737500;5.02480936050415
2018-12-27;4.956666946411133;5.341332912445068;4.803332805633545;5.338666915893555;12370500;5.13726806640625
2018-12-28;5.454667091369629;5.74666690826416;5.314000129699707;5.451333045959473;17269500;5.2456841468811035
2018-12-31;5.638000011444092;5.691332817077637;5.390666961669922;5.554666996002197;12660000;5.345119476318359
2019-01-02;5.180666923522949;5.822000026702881;5.173999786376953;5.702000141143799;13147500;5.4868950843811035
2019-01-03;5.315332889556885;5.388667106628418;4.672667026519775;4.688666820526123;28599000;4.5117878913879395
2019-01-04;4.921999931335449;5.3566670417785645;4.886666774749756;5.294666767120361;17604000;5.094927787780762
2019-01-07;5.398666858673096;5.754000186920166;5.280666828155518;5.605332851409912;16641000;5.393874168395996
2019-01-08;5.775332927703857;5.78266716003418;5.298666954040527;5.5193328857421875;14445000;5.3111186027526855
2019-01-09;5.677999973297119;6.021999835968018;5.672667026519775;5.946000099182129;17928000;5.721689701080322
2019-01-10;5.760666847229004;6.137332916259766;5.757332801818848;6.113333225250244;12975000;5.882709503173828
2019-01-11;6.018667221069336;6.451333045959473;5.966667175292969;6.283999919891357;12399000;6.046940803527832
2019-01-14;6.050000190734863;6.118000030517578;5.890666961669922;5.986667156219482;10731000;5.7608232498168945
2019-01-15;6.028666973114014;6.243332862854004;5.952000141143799;6.026000022888184;14590500;5.798671245574951
2019-01-16;6.099999904632568;6.179333209991455;5.870666980743408;5.878666877746582;10257000;5.656896591186523
2019-01-17;5.794000148773193;6.176000118255615;5.654666900634766;6.081999778747559;15876000;5.8525590896606445
2019-01-18;6.263332843780518;6.616000175476074;6.161333084106445;6.499332904815674;15720000;6.254148483276367
2019-01-22;6.315332889556885;6.322000026702881;5.813333034515381;5.952667236328125;18655500;5.728105545043945
2019-01-23;6.067333221435547;6.125999927520752;5.6606669425964355;5.828667163848877;15681000;5.608782768249512
2019-01-24;6.192667007446289;6.900000095367432;6.192667007446289;6.825333118438721;32491500;6.567849159240723
2019-01-25;6.894667148590088;7.3420000076293945;6.766666889190674;7.261332988739014;17100000;6.987401485443115
2019-01-28;6.453332901000977;6.994667053222656;6.407332897186279;6.818666934967041;14305500;6.561436176300049
2019-01-29;6.857333183288574;6.906667232513428;6.49666690826416;6.52400016784668;9061500;6.277886390686035
2019-01-30;6.875999927520752;7.1666669845581055;6.656667232513428;7.090000152587891;14400000;6.822534084320068
2019-01-31;7.065999984741211;7.27400016784668;6.900000095367432;7.095333099365234;10894500;6.827664852142334
2019-02-01;7.1066670417785645;7.440667152404785;7.1066670417785645;7.343332767486572;10723500;7.066307544708252
2019-02-04;7.360000133514404;7.455333232879639;7.1666669845581055;7.453999996185303;4450500;7.1728010177612305
2019-02-05;7.466667175292969;7.656667232513428;7.409333229064941;7.558000087738037;9172500;7.272878170013428
2019-02-06;7.8333330154418945;8.33666706085205;7.826000213623047;8.165332794189453;17931000;7.857300281524658
2019-02-07;7.866666793823242;7.96733283996582;7.422667026519775;7.619999885559082;18687000;7.332538604736328
2019-02-08;7.2733330726623535;7.624667167663574;7.184667110443115;7.588666915893555;10705500;7.302387714385986
2019-02-11;7.705999851226807;7.748666763305664;7.49066686630249;7.697332859039307;8164500;7.406953811645508
2019-02-12;7.986667156219482;8.235333442687988;7.937333106994629;8.182666778564453;13083000;7.873976707458496
2019-02-13;8.331999778747559;8.442000389099121;8.174667358398438;8.253999710083008;12480000;7.942620754241943
2019-02-14;8.13599967956543;8.5;8.13599967956543;8.3186674118042;11575500;8.004850387573242
2019-02-15;8.53266716003418;8.577333450317383;8.29466724395752;8.453332901000977;10102500;8.134435653686523
2019-02-19;8.304667472839355;8.574666976928711;8.300666809082031;8.398667335510254;7548000;8.081830978393555
2019-02-20;8.472000122070312;8.779333114624023;8.469332695007324;8.630000114440918;9694500;8.304436683654785
2019-02-21;8.652667045593262;8.69333267211914;8.359333038330078;8.4399995803833;11476500;8.121603965759277
2019-02-22;8.642666816711426;8.734000205993652;8.525333404541016;8.703332901000977;12757500;8.375003814697266
2019-02-25;9.133999824523926;9.220666885375977;8.899333000183105;8.92199993133545;12519000;8.585420608520508
2019-02-26;8.829333305358887;8.949333190917969;8.66333293914795;8.737333297729492;8319000;8.407721519470215
2019-02-27;8.614666938781738;8.614666938781738;8.150667190551758;8.428667068481445;15036000;8.110698699951172
2019-02-28;8.324000358581543;8.517333030700684;8.239999771118164;8.449333190917969;7447500;8.130584716796875
2019-03-01;8.702667236328125;8.781999588012695;8.400667190551758;8.670000076293945;10362000;8.342928886413574
2019-03-04;8.864666938781738;8.927332878112793;8.34866714477539;8.673999786376953;14767500;8.346776962280273
2019-03-05;8.65133285522461;8.71066665649414;8.447999954223633;8.550000190734863;7974000;8.227453231811523
2019-03-06;8.52400016784668;8.555999755859375;8.119999885559082;8.131999969482422;14940000;7.825223445892334
2019-03-07;8.0;8.040666580200195;7.71133279800415;7.855332851409912;15607500;7.558993816375732
2019-03-08;7.442667007446289;7.861999988555908;7.380000114440918;7.842667102813721;12711000;7.546808242797852
2019-03-11;7.988667011260986;8.512666702270508;7.946667194366455;8.402000427246094;12825000;8.085037231445312
2019-03-12;8.458000183105469;8.63266658782959;8.255332946777344;8.5;10372500;8.179340362548828
2019-03-13;8.635333061218262;8.802666664123535;8.566666603088379;8.604000091552734;8331000;8.279417037963867
2019-03-14;8.609999656677246;8.72599983215332;8.442000389099121;8.457332611083984;6633000;8.138285636901855
2019-03-15;8.76533317565918;9.38466739654541;8.720000267028809;9.185999870300293;22909500;8.839462280273438
2019-03-18;9.244000434875488;9.38466739654541;8.961999893188477;9.12600040435791;10273500;8.781726837158203
2019-03-19;9.362667083740234;9.559332847595215;9.317333221435547;9.478667259216309;13689000;9.137307167053223
2019-03-20;9.465999603271484;9.628666877746582;9.034667015075684;9.208666801452637;13167000;8.877032279968262
2019-03-21;9.236666679382324;10.34866714477539;9.236666679382324;10.16333293914795;21321000;9.797316551208496
2019-03-22;10.011333465576172;10.074000358581543;9.273332595825195;9.298666954040527;18607500;8.963789939880371
2019-03-25;9.14466667175293;9.353333473205566;8.721332550048828;8.944000244140625;23959500;8.621898651123047
2019-03-26;9.31933307647705;9.450667381286621;9.002667427062988;9.215999603271484;17310000;8.884099960327148
2019-03-27;9.233332633972168;9.317333221435547;8.609333038330078;8.812000274658203;19968000;8.494650840759277
2019-03-28;8.890666961669922;9.092000007629395;8.587332725524902;8.765999794006348;11520000;8.450307846069336
2019-03-29;9.074000358581543;9.215332984924316;8.998666763305664;9.169333457946777;12793500;8.83911418914795
2019-04-01;9.577333450317383;9.869333267211914;9.456000328063965;9.844667434692383;18229500;9.490127563476562
2019-04-02;9.829333305358887;9.9486665725708;9.696000099182129;9.87600040435791;8290500;9.520332336425781
2019-04-03;10.236666679382324;10.808667182922363;10.21399974822998;10.548666954040527;30327000;10.168774604797363
2019-04-04;10.435999870300293;10.795332908630371;10.4313325881958;10.588666915893555;14100000;10.2073335647583
2019-04-05;10.792667388916016;10.847332954406738;10.600666999816895;10.830666542053223;7863000;10.440618515014648
2019-04-08;10.683333396911621;10.933333396911621;10.616666793823242;10.908666610717773;7659000;10.515810012817383
2019-04-09;10.733332633972168;10.733332633972168;10.393333435058594;10.540666580200195;16965000;10.161062240600586
2019-04-10;10.53933334350586;10.899999618530273;10.520000457763672;10.811332702636719;13528500;10.421981811523438
2019-04-11;10.866666793823242;11.005332946777344;10.680000305175781;10.784667015075684;9259500;10.396273612976074
2019-04-12;11.09333324432373;11.239333152770996;10.974666595458984;11.233332633972168;12208500;10.828781127929688
2019-04-15;11.22933292388916;11.266667366027832;10.795999526977539;10.994000434875488;9196500;10.598068237304688
2019-04-16;11.199333190917969;12.047332763671875;11.172666549682617;12.041333198547363;19468500;11.607683181762695
2019-04-17;12.733332633972168;13.062666893005371;12.302666664123535;12.589332580566406;16183500;12.135948181152344
2019-04-18;12.601332664489746;12.723999977111816;12.421333312988281;12.613332748413086;9463500;12.15908432006836
2019-04-22;12.433333396911621;12.702667236328125;12.293333053588867;12.618666648864746;4671000;12.164228439331055
2019-04-23;12.777999877929688;13.120667457580566;12.694666862487793;12.997332572937012;8796000;12.529253959655762
2019-04-24;12.96733283996582;13.76200008392334;12.96733283996582;13.37399959564209;11011500;12.892358779907227
2019-04-25;13.262666702270508;13.262666702270508;12.3013334274292;12.645999908447266;12978000;12.190573692321777
2019-04-26;11.928667068481445;12.333333015441895;11.541999816894531;12.329333305358887;13794000;11.885313987731934
2019-04-29;12.371333122253418;12.416000366210938;12.10200023651123;12.264666557312012;4995000;11.82297420501709
2019-04-30;12.209333419799805;12.620667457580566;12.189332962036133;12.536666870117188;6696000;12.08517837524414
2019-05-01;12.934000015258789;13.106666564941406;12.209333419799805;12.22933292388916;12915000;11.788914680480957
2019-05-02;12.165332794189453;13.020000457763672;12.136667251586914;12.636667251586914;13312500;12.1815767288208
2019-05-03;12.863332748413086;12.907999992370605;12.450667381286621;12.890000343322754;8863500;12.425788879394531
2019-05-06;11.605999946594238;12.284667015075684;11.481332778930664;12.256667137145996;17829000;11.815263748168945
2019-05-07;11.8013334274292;11.859333038330078;10.960000038146973;11.362000465393066;24256500;10.9528169631958
2019-05-08;11.125332832336426;11.600000381469727;11.02400016784668;11.089332580566406;12007500;10.689966201782227
2019-05-09;10.566666603088379;10.847999572753906;9.95533275604248;10.694666862487793;18993000;10.309515953063965
2019-05-10;10.47933292388916;10.923333168029785;9.973999977111816;10.72599983215332;20788500;10.339720726013184
2019-05-13;9.662667274475098;9.858667373657227;9.079333305358887;9.211999893188477;24391500;8.880244255065918
2019-05-14;9.553333282470703;10.007332801818848;9.425333023071289;9.871333122253418;17139000;9.51583194732666
2019-05-15;9.522000312805176;10.311332702636719;9.513333320617676;10.113332748413086;14703000;9.74911880493164
2019-05-16;9.666666984558105;9.935333251953125;9.417332649230957;9.600000381469727;21981000;9.254271507263184
2019-05-17;9.155332565307617;9.715332984924316;8.918000221252441;9.03266716003418;24265500;8.70737075805664
2019-05-20;8.223999977111816;8.373332977294922;7.78000020980835;7.949999809265137;26760000;7.663692951202393
2019-05-21;8.466667175292969;8.575332641601562;8.245332717895508;8.449999809265137;19236000;8.145687103271484
2019-05-22;7.98199987411499;8.178667068481445;7.835999965667725;7.921332836151123;15225000;7.636059761047363
2019-05-23;7.471333026885986;7.554666996002197;7.154666900634766;7.52066707611084;20860500;7.24982213973999
2019-05-24;7.712666988372803;7.806666851043701;7.310667037963867;7.325333118438721;13459500;7.0615234375
2019-05-28;7.457333087921143;7.533332824707031;7.095333099365234;7.125999927520752;13249500;6.869369029998779
2019-05-29;6.950666904449463;7.322667121887207;6.9033331871032715;7.222667217254639;20284500;6.962554931640625
2019-05-30;7.296000003814697;7.572000026702881;7.2266669273376465;7.387332916259766;19113000;7.1212897300720215
2019-05-31;7.111999988555908;7.430666923522949;7.047999858856201;7.066667079925537;18478500;6.812172889709473
2019-06-03;7.331999778747559;7.533332824707031;7.010000228881836;7.134666919708252;23410500;6.877722263336182
2019-06-04;7.533332824707031;8.055333137512207;7.326666831970215;8.039999961853027;32151000;7.750452518463135
2019-06-05;8.304667472839355;8.310667037963867;7.569333076477051;7.880000114440918;25533000;7.596214771270752
2019-06-06;7.877333164215088;8.291999816894531;7.826666831970215;8.207332611083984;14176500;7.9117584228515625
2019-06-07;8.26533317565918;8.538666725158691;8.227333068847656;8.464667320251465;14091000;8.159826278686523
2019-06-10;8.851332664489746;9.423999786376953;8.787332534790039;9.124667167663574;21726000;8.796056747436523
2019-06-11;9.637999534606934;9.666666984558105;8.994000434875488;9.19333267211914;18606000;8.862250328063965
2019-06-12;8.92199993133545;8.946666717529297;8.517333030700684;8.54466724395752;11925000;8.236944198608398
2019-06-13;8.768667221069336;8.803333282470703;8.5;8.706666946411133;11455500;8.393109321594238
2019-06-14;7.933332920074463;8.143333435058594;7.8520002365112305;8.016667366027832;14856000;7.727960109710693
2019-06-17;8.033332824707031;8.11066722869873;7.838666915893555;7.855332851409912;8601000;7.572436809539795
2019-06-18;8.14466667175293;9.039999961853027;8.093999862670898;8.880000114440918;26061000;8.560200691223145
2019-06-19;9.026666641235352;9.08133316040039;8.755332946777344;8.897333145141602;13185000;8.576910018920898
2019-06-20;9.471332550048828;9.552666664123535;9.010666847229004;9.144000053405762;19162500;8.814695358276367
2019-06-21;9.010666847229004;9.24666690826416;8.923999786376953;8.95533275604248;12225000;8.632821083068848
2019-06-24;9.013999938964844;9.133333206176758;8.927332878112793;9.014666557312012;9433500;8.690019607543945
2019-06-25;9.025333404541016;9.170666694641113;8.587332725524902;8.619333267211914;12205500;8.320860862731934
2019-06-26;9.188667297363281;9.593999862670898;9.142000198364258;9.429332733154297;19284000;9.102810859680176
2019-06-27;9.603333473205566;10.001333236694336;9.603333473205566;9.845333099365234;13567500;9.504406929016113
2019-06-28;10.12600040435791;10.157333374023438;9.824666976928711;9.88599967956543;11226000;9.543663024902344
2019-07-01;11.180000305175781;11.4399995803833;10.4399995803833;10.685999870300293;21082500;10.315961837768555
2019-07-02;10.5600004196167;10.5600004196167;10.103333473205566;10.23799991607666;12142500;9.883472442626953
2019-07-03;10.27733325958252;10.27733325958252;9.876667022705078;10.078666687011719;9478500;9.729660034179688
2019-07-05;9.75;9.951333045959473;9.588666915893555;9.918000221252441;9699000;9.574554443359375
2019-07-08;9.64466667175293;9.778667449951172;9.516667366027832;9.678000450134277;8194500;9.342867851257324
2019-07-09;9.53600025177002;9.928667068481445;9.458666801452637;9.90133285522461;9168000;9.558465003967285
2019-07-10;10.230667114257812;10.530667304992676;10.059332847595215;10.109333038330078;16626000;9.759261131286621
2019-07-11;10.260000228881836;10.311332702636719;10.007332801818848;10.185999870300293;8664000;9.833276748657227
2019-07-12;10.295332908630371;10.778667449951172;10.268667221069336;10.767999649047852;12400500;10.395121574401855
2019-07-15;10.933333396911621;11.166666984558105;10.833333015441895;11.018667221069336;8479500;10.63710880279541
2019-07-16;10.859333038330078;10.932666778564453;10.499333381652832;10.661999702453613;9934500;10.292791366577148
2019-07-17;10.895999908447266;10.925333023071289;10.65133285522461;10.751333236694336;7201500;10.379034042358398
2019-07-18;10.795999526977539;11.302666664123535;10.774666786193848;11.244000434875488;13081500;10.854639053344727
2019-07-19;11.395999908447266;11.5;11.150667190551758;11.169333457946777;9180000;10.782561302185059
2019-07-22;11.364666938781738;11.880000114440918;11.34000015258789;11.823332786560059;13075500;11.413908958435059
2019-07-23;12.069999694824219;12.273332595825195;11.87399959564209;12.273332595825195;10419000;11.848326683044434
2019-07-24;12.533332824707031;13.473999977111816;12.512666702270508;13.392000198364258;23553000;12.928257942199707
2019-07-25;13.143333435058594;13.146666526794434;12.609999656677246;12.712667465209961;14809500;12.272448539733887
2019-07-26;12.969332695007324;12.990667343139648;12.685333251953125;12.703332901000977;8842500;12.263439178466797
2019-07-29;12.600000381469727;12.863332748413086;12.321999549865723;12.8013334274292;7939500;12.358043670654297
2019-07-30;12.456000328063965;12.804667472839355;12.322667121887207;12.714667320251465;5961000;12.274377822875977
2019-07-31;12.510666847229004;12.510666847229004;11.109333038330078;11.486666679382324;21309000;11.08890438079834
2019-08-01;11.36400032043457;12.312666893005371;10.506667137145996;10.797332763671875;25618500;10.423439025878906
2019-08-02;10.453332901000977;10.736000061035156;10.033332824707031;10.291333198547363;16612500;9.93496036529541
2019-08-05;9.386667251586914;9.430000305175781;8.70199966430664;8.946666717529297;22728000;8.636859893798828
2019-08-06;9.417332649230957;9.666000366210938;9.005999565124512;9.305999755859375;20334000;8.983749389648438
2019-08-07;8.887332916259766;9.571332931518555;8.866666793823242;9.501999855041504;19701000;9.172961235046387
2019-08-08;9.791333198547363;10.278667449951172;9.559332847595215;10.278667449951172;18787500;9.922734260559082
2019-08-09;9.947333335876465;10.070667266845703;9.505999565124512;9.704000473022461;17550000;9.367965698242188
2019-08-12;9.463333129882812;9.704000473022461;9.202667236328125;9.355999946594238;12654000;9.03201675415039
2019-08-13;9.319999694824219;10.411333084106445;9.133999824523926;10.182000160217285;19845000;9.829413414001465
2019-08-14;9.479999542236328;9.721332550048828;9.074666976928711;9.227333068847656;27957000;8.907805442810059
2019-08-15;9.473333358764648;9.473333358764648;8.928667068481445;9.15133285522461;14976000;8.834436416625977
2019-08-16;9.545332908630371;9.977333068847656;9.479999542236328;9.899999618530273;16189500;9.55717945098877
2019-08-19;10.591333389282227;10.714667320251465;10.313332557678223;10.468667030334473;15972000;10.10615348815918
2019-08-20;10.393333435058594;10.524666786193848;10.13599967956543;10.302666664123535;8716500;9.945901870727539
2019-08-21;10.633333206176758;10.733332633972168;10.432000160217285;10.594667434692383;9754500;10.227791786193848
2019-08-22;10.653332710266113;10.755332946777344;10.246000289916992;10.583333015441895;9760500;10.216848373413086
2019-08-23;10.173333168029785;10.436667442321777;9.106666564941406;9.211999893188477;31515000;8.893004417419434
2019-08-26;9.66866683959961;9.685999870300293;9.325332641601562;9.4399995803833;11319000;9.113104820251465
2019-08-27;9.676667213439941;9.766667366027832;9.180000305175781;9.341333389282227;11251500;9.017857551574707
2019-08-28;9.194666862487793;9.552666664123535;9.000666618347168;9.512666702270508;10600500;9.183260917663574
2019-08-29;9.933333396911621;10.347999572753906;9.933333396911621;10.15666675567627;18906000;9.80495834350586
2019-08-30;10.440667152404785;10.59866714477539;10.170000076293945;10.329999923706055;10582500;9.972288131713867
2019-09-03;10.000666618347168;10.102666854858398;9.62399959564209;9.792667388916016;12528000;9.453564643859863
2019-09-04;10.265999794006348;10.607333183288574;10.251333236694336;10.59333324432373;19119000;10.226505279541016
2019-09-05;11.270000457763672;11.950667381286621;11.22599983215332;11.582667350769043;17769000;11.181575775146484
2019-09-06;11.640000343322754;11.75333309173584;11.400667190551758;11.629332542419434;7131000;11.226627349853516
2019-09-09;11.853333473205566;12.084667205810547;11.646666526794434;11.792667388916016;9319500;11.384306907653809
2019-09-10;11.607999801635742;11.947999954223633;11.37399959564209;11.947999954223633;7002000;11.534259796142578
2019-09-11;12.119333267211914;12.483332633972168;11.899999618530273;12.483332633972168;9793500;12.051056861877441
2019-09-12;12.800666809082031;12.937999725341797;12.333999633789062;12.59333324432373;11793000;12.157244682312012
2019-09-13;12.597332954406738;12.703332901000977;12.280667304992676;12.47933292388916;6118500;12.047194480895996
2019-09-16;12.133333206176758;12.393333435058594;11.887999534606934;12.225333213806152;6535500;11.80199146270752
2019-09-17;12.143333435058594;12.359333038330078;11.934000015258789;12.33666706085205;5451000;11.909470558166504
2019-09-18;12.291999816894531;12.374667167663574;11.833999633789062;12.36066722869873;8751000;11.932639122009277
2019-09-19;12.472000122070312;12.55666732788086;12.11733341217041;12.172666549682617;7227000;11.751148223876953
2019-09-20;12.319999694824219;12.319999694824219;11.333333015441895;11.494000434875488;11719500;11.095980644226074
2019-09-23;11.425999641418457;12.03266716003418;11.425999641418457;11.845333099365234;8188500;11.43514633178711
2019-09-24;12.092000007629395;12.104666709899902;11.0686674118042;11.251999855041504;18163500;10.881531715393066
2019-09-25;11.067333221435547;11.938667297363281;10.795332908630371;11.827333450317383;11985000;11.437921524047852
2019-09-26;11.838666915893555;11.966667175292969;11.511333465576172;11.864666938781738;10096500;11.47402572631836
2019-09-27;11.607333183288574;11.73799991607666;10.749333381652832;11.0;17278500;10.637828826904297
2019-09-30;11.199999809265137;11.38266658782959;11.017333030700684;11.347999572753906;7299000;10.974369049072266
2019-10-01;11.573332786560059;11.986666679382324;10.910667419433594;11.037332534790039;14653500;10.673933029174805
2019-10-02;10.709333419799805;10.83666706085205;10.30666732788086;10.516667366027832;19338000;10.170409202575684
2019-10-03;10.535332679748535;11.079999923706055;10.145999908447266;11.054667472839355;17961000;10.690695762634277
2019-10-04;11.163999557495117;11.666666984558105;11.136667251586914;11.654000282287598;13695000;11.270295143127441
2019-10-07;11.553333282470703;11.762666702270508;11.383999824523926;11.388667106628418;9079500;11.01369857788086
2019-10-08;11.033332824707031;11.058667182922363;10.311332702636719;10.341333389282227;25107000;10.000846862792969
2019-10-09;10.766667366027832;11.065999984741211;10.671333312988281;10.862667083740234;15838500;10.50501537322998
2019-10-10;10.941332817077637;11.516667366027832;10.904000282287598;11.178667068481445;18492000;10.810612678527832
2019-10-11;11.800000190734863;12.336000442504883;11.762666702270508;11.929332733154297;27876000;11.536563873291016
2019-10-14;11.887999534606934;12.0;11.750666618347168;11.927332878112793;7069500;11.534628868103027
2019-10-15;12.131999969482422;12.795999526977539;12.096667289733887;12.709333419799805;19419000;12.290882110595703
2019-10-16;12.526000022888184;12.691332817077637;12.077333450317383;12.15666675567627;15471000;11.756410598754883
2019-10-17;12.595999717712402;12.701333045959473;12.043333053588867;12.284000396728516;12418500;11.879552841186523
2019-10-18;12.203332901000977;12.290666580200195;11.513999938964844;11.87399959564209;14661000;11.483052253723145
2019-10-21;12.158666610717773;12.55666732788086;12.113332748413086;12.549332618713379;11613000;12.136149406433105
2019-10-22;12.619999885559082;12.699333190917969;12.23799991607666;12.255999565124512;9618000;11.852476119995117
2019-10-23;11.576000213623047;11.866666793823242;11.316666603088379;11.543333053588867;15555000;11.163269996643066
2019-10-24;12.0;12.398667335510254;11.934000015258789;12.380666732788086;14469000;11.97303581237793
2019-10-25;12.456000328063965;13.173333168029785;12.44333267211914;13.142666816711426;18265500;12.70994758605957
2019-10-28;13.400667190551758;13.888667106628418;13.391332626342773;13.831999778747559;15250500;13.376585006713867
2019-10-29;13.898667335510254;14.165332794189453;13.423333168029785;13.469332695007324;10779000;13.025858879089355
2019-10-30;13.743332862854004;13.743332862854004;13.173333168029785;13.471332550048828;8559000;13.027791976928711
2019-10-31;13.303999900817871;13.345999717712402;12.710000038146973;13.218000411987305;9952500;12.782801628112793
2019-11-01;13.595333099365234;14.129332542419434;13.434666633605957;14.129332542419434;10477500;13.664128303527832
2019-11-04;14.665332794189453;15.131333351135254;14.628666877746582;15.054667472839355;12294000;14.558995246887207
2019-11-05;15.236000061035156;15.477333068847656;14.970000267028809;15.141332626342773;9777000;14.642807006835938
2019-11-06;15.060667037963867;15.066666603088379;14.345999717712402;14.800000190734863;11104500;14.312712669372559
2019-11-07;15.510000228881836;15.5686674118042;14.881333351135254;15.090666770935059;12427500;14.593812942504883
2019-11-08;14.906000137329102;15.33133316040039;14.638667106628418;15.33133316040039;7299000;14.826554298400879
2019-11-11;14.925999641418457;15.175333023071289;14.748666763305664;15.081999778747559;6657000;14.585430145263672
2019-11-12;15.305999755859375;15.559332847595215;15.008000373840332;15.215332984924316;13849500;14.714371681213379
2019-11-13;14.888667106628418;15.353333473205566;14.733332633972168;15.206666946411133;12061500;14.70599365234375
2019-11-14;15.055333137512207;15.12733268737793;14.741999626159668;15.08133316040039;11265000;14.584782600402832
2019-11-15;15.619333267211914;15.866666793823242;15.280667304992676;15.473333358764648;14211000;14.963879585266113
2019-11-18;15.484000205993652;15.675333023071289;15.13466739654541;15.379332542419434;8130000;14.872971534729004
2019-11-19;15.566666603088379;15.663999557495117;14.898667335510254;15.141332626342773;12429000;14.642807006835938
2019-11-20;14.895333290100098;15.167332649230957;14.285332679748535;14.620667457580566;17808000;14.139286994934082
2019-11-21;14.40666675567627;14.542667388916016;13.958000183105469;14.121333122253418;15439500;13.656390190124512
2019-11-22;14.343999862670898;14.489999771118164;14.0;14.11400032043457;10084500;13.649301528930664
2019-11-25;14.533332824707031;15.16333293914795;14.517999649047852;15.140666961669922;14046000;14.642163276672363
2019-11-26;15.063332557678223;15.094667434692383;14.739999771118164;14.935999870300293;10887000;14.44423770904541
2019-11-27;15.167332649230957;15.275333404541016;15.054667472839355;15.255999565124512;7248000;14.753700256347656
2019-11-29;15.03600025177002;15.070667266845703;14.71399974822998;14.762666702270508;4399500;14.276610374450684
2019-12-02;14.774666786193848;14.878666877746582;14.035332679748535;14.113332748413086;13189500;13.648656845092773
2019-12-03;13.153332710266113;13.475333213806152;12.979999542236328;13.468000411987305;14646000;13.024571418762207
2019-12-04;14.065999984741211;14.243332862854004;13.933333396911621;14.100666999816895;8785500;13.636407852172852
2019-12-05;14.316666603088379;14.483332633972168;14.088666915893555;14.270000457763672;7833000;13.800164222717285
2019-12-06;14.756667137145996;15.017999649047852;14.727333068847656;14.933333396911621;9769500;14.441656112670898
2019-12-09;14.933333396911621;15.052000045776367;14.673999786376953;14.6813325881958;4908000;14.197954177856445
2019-12-10;14.87600040435791;15.150667190551758;14.697999954223633;14.844667434692383;7432500;14.355910301208496
2019-12-11;15.023332595825195;15.851332664489746;14.96733283996582;15.817999839782715;11976000;15.297195434570312
2019-12-12;15.73466682434082;17.149999618530273;15.720000267028809;17.101333618164062;20947500;16.53827667236328
2019-12-13;17.053333282470703;17.61199951171875;16.60066795349121;16.81999969482422;21313500;16.266202926635742
2019-12-16;17.386667251586914;17.75933265686035;17.281333923339844;17.297332763671875;10213500;16.72782325744629
2019-12-17;17.56333351135254;17.656667709350586;17.266666412353516;17.524667739868164;9778500;16.94767189025879
2019-12-18;17.57933235168457;17.666667938232422;17.32666778564453;17.499332427978516;7486500;16.92317008972168
2019-12-19;17.667333602905273;17.92733383178711;17.46733283996582;17.910667419433594;7558500;17.320964813232422
2019-12-20;18.214000701904297;18.577333450317383;18.03733253479004;18.486000061035156;10882500;17.877351760864258
2019-12-23;18.913333892822266;18.92066764831543;18.534000396728516;18.591333389282227;11043000;17.99791145324707
2019-12-24;18.67333221435547;18.729333877563477;18.39933204650879;18.729333877563477;3774000;18.131505966186523
2019-12-26;18.829999923706055;18.873332977294922;18.554000854492188;18.799999237060547;5878500;18.199914932250977
2019-12-27;18.99066734313965;18.99066734313965;18.44066619873047;18.590667724609375;7303500;17.997268676757812
2019-12-30;18.51066780090332;18.536666870117188;17.774667739868164;18.19933319091797;9241500;17.618423461914062
2019-12-31;17.916000366210938;18.381332397460938;17.869333267211914;18.321332931518555;5722500;17.736530303955078
2020-01-02;19.0086669921875;19.465999603271484;18.752666473388672;19.464000701904297;10438500;18.842721939086914
2020-01-03;18.5;18.885332107543945;18.274667739868164;18.41266632080078;14713500;17.8249454498291
2020-01-06;17.733999252319336;17.996667861938477;17.429332733154297;17.82866668701172;11313000;17.25958824157715
2020-01-07;18.40399932861328;19.006000518798828;18.123332977294922;18.74799919128418;10441500;18.149578094482422
2020-01-08;18.82666778564453;19.123332977294922;18.486000061035156;18.78933334350586;10024500;18.189592361450195
2020-01-09;19.465999603271484;19.482667922973633;18.547332763671875;19.11400032043457;11472000;18.503894805908203
2020-01-10;19.375999450683594;19.381999969482422;18.583999633789062;18.72333335876465;11304000;18.125699996948242
2020-01-13;19.126667022705078;19.501333236694336;18.920000076293945;19.457332611083984;8160000;18.836267471313477
2020-01-14;19.470666885375977;20.01799964904785;19.222667694091797;19.582666397094727;9610500;18.957599639892578
2020-01-15;19.573333740234375;19.623332977294922;18.666667938232422;18.876667022705078;11518500;18.27413558959961
2020-01-16;19.343332290649414;19.823999404907227;19.299999237060547;19.82266616821289;10807500;19.18994140625
2020-01-17;20.077333450317383;20.236000061035156;19.747333526611328;20.207332611083984;11839500;19.562326431274414
2020-01-21;19.95599937438965;20.399999618530273;19.933332443237305;20.170000076293945;6961500;19.52618980407715
2020-01-22;20.634000778198242;21.291332244873047;20.465999603271484;20.65133285522461;10747500;19.992158889770508
2020-01-23;20.890666961669922;21.133333206176758;20.248666763305664;21.12266731262207;9354000;20.448450088500977
2020-01-24;21.950666427612305;22.066667556762695;19.957332611083984;20.408666610717773;19885500;19.75723648071289
2020-01-27;18.586000442504883;18.796667098999023;17.937332153320312;18.041332244873047;19500000;17.465465545654297
2020-01-28;18.733333587646484;19.496667861938477;18.333332061767578;19.332666397094727;14221500;18.715578079223633
2020-01-29;19.117332458496094;19.24333381652832;18.202667236328125;18.266666412353516;12270000;17.683605194091797
2020-01-30;17.900667190551758;18.37266731262207;17.143333435058594;18.198667526245117;17106000;17.617780685424805
2020-01-31;17.757999420166016;17.78066635131836;16.034000396728516;16.24066734313965;22954500;15.72227668762207
2020-02-03;16.468000411987305;16.94066619873047;16.402666091918945;16.860666275024414;13681500;16.322484970092773
2020-02-04;18.13599967956543;18.469999313354492;17.892000198364258;18.433332443237305;15466500;17.844951629638672
2020-02-05;19.413333892822266;19.720666885375977;18.825332641601562;19.639999389648438;19452000;19.013099670410156
2020-02-06;19.701332092285156;19.72333335876465;18.946666717529297;19.652666091918945;12234000;19.025367736816406
2020-02-07;19.07466697692871;19.15333366394043;18.233333587646484;18.266000747680664;16014000;17.682964324951172
2020-02-10;17.841333389282227;19.093332290649414;17.833332061767578;19.093332290649414;11137500;18.48388671875
2020-02-11;19.61199951171875;20.535999298095703;19.599332809448242;20.23933219909668;16857000;19.593307495117188
2020-02-12;20.892667770385742;21.227333068847656;20.799999237060547;21.1286678314209;11917500;20.454254150390625
2020-02-13;20.562667846679688;21.625333786010742;20.514667510986328;21.17533302307129;13008000;20.49942970275879
2020-02-14;21.650667190551758;21.906667709350586;20.6646671295166;21.03933334350586;11269500;20.36777114868164
2020-02-18;19.933332443237305;20.28266716003418;19.733999252319336;20.165332794189453;16186500;19.521669387817383
2020-02-19;20.989999771118164;21.810667037963867;20.93666648864746;21.73200035095215;13075500;21.038330078125
2020-02-20;21.46666717529297;21.666667938232422;19.77400016784668;20.76066780090332;20755500;20.097999572753906
2020-02-21;20.344667434692383;20.366666793823242;18.666667938232422;18.89666748046875;25333500;18.293493270874023
2020-02-24;16.222000122070312;17.014667510986328;15.934666633605957;16.200666427612305;30187500;15.683549880981445
2020-02-25;16.893999099731445;16.922666549682617;14.45199966430664;14.712667465209961;38751000;14.243051528930664
2020-02-26;15.0686674118042;15.772000312805176;14.533332824707031;14.836000442504883;33132000;14.362445831298828
2020-02-27;13.4399995803833;14.342000007629395;12.658666610717773;12.741999626159668;38827500;12.335285186767578
2020-02-28;11.466667175292969;13.866000175476074;11.446666717529297;13.666666984558105;45580500;13.230436325073242
2020-03-02;14.5;15.02066707611084;13.02066707611084;15.020000457763672;36516000;14.540571212768555
2020-03-03;15.210000038146973;15.822667121887207;13.118000030517578;13.499333381652832;32919000;13.06844425201416
2020-03-04;14.30666732788086;15.489999771118164;13.736000061035156;15.475333213806152;20538000;14.981371879577637
2020-03-05;14.190667152404785;15.28600025177002;13.734000205993652;14.087332725524902;23968500;13.637677192687988
2020-03-06;13.0;13.565999984741211;12.199999809265137;13.240667343139648;26310000;12.818033218383789
2020-03-09;10.135333061218262;11.792667388916016;9.866666793823242;9.88599967956543;31191000;9.570446014404297
2020-03-10;11.128000259399414;11.773332595825195;9.933333396911621;11.773332595825195;33006000;11.397538185119629
2020-03-11;10.719332695007324;11.13266658782959;9.420000076293945;9.776000022888184;33735000;9.463956832885742
2020-03-12;7.77400016784668;8.915332794189453;6.801332950592041;6.802667140960693;47734500;6.585531234741211
2020-03-13;8.074000358581543;8.733332633972168;6.533332824707031;8.661333084106445;43620000;8.384868621826172
2020-03-16;5.98533296585083;7.097332954406738;5.266666889190674;5.318666934967041;47341500;5.148899555206299
2020-03-17;5.320000171661377;5.992000102996826;4.380667209625244;5.847332954406738;73488000;5.660689830780029
2020-03-18;4.6006669998168945;5.263999938964844;3.566667079925537;4.3333330154418945;67953000;4.195015907287598
2020-03-19;4.215332984924316;5.065999984741211;3.8499999046325684;4.6620001792907715;67534500;4.5131916999816895
2020-03-20;5.220666885375977;5.432666778564453;4.25333309173584;4.263332843780518;63204000;4.127250671386719
2020-03-23;4.533332824707031;4.938666820526123;4.0873332023620605;4.659999847412109;63927000;4.511256217956543
2020-03-24;5.570000171661377;6.265999794006348;5.547332763671875;6.249332904815674;67669500;6.056704521179199
2020-03-25;6.363333225250244;7.013332843780518;5.707333087921143;6.004666805267334;65236500;5.819579124450684
2020-03-26;6.469333171844482;7.266666889190674;6.266666889190674;7.205333232879639;55215000;6.983236789703369
2020-03-27;6.47866678237915;6.815332889556885;6.048666954040527;6.0960001945495605;51672000;5.908097743988037
2020-03-30;6.330667018890381;6.798666954040527;6.157332897186279;6.751999855041504;39718500;6.543877124786377
2020-03-31;6.76200008392334;7.082666873931885;6.164000034332275;6.315999984741211;50964000;6.121316432952881
2020-04-01;5.687333106994629;6.156000137329102;5.1066670417785645;5.294000148773193;47541000;5.130817890167236
2020-04-02;5.184000015258789;5.797332763671875;5.175333023071289;5.778666973114014;43654500;5.600545406341553
2020-04-03;5.783999919891357;5.960667133331299;5.208000183105469;5.435332775115967;43627500;5.267795562744141
2020-04-06;6.133333206176758;7.179333209991455;6.125999927520752;7.102666854858398;51997500;6.883735179901123
2020-04-07;7.909333229064941;7.97933292388916;6.9806671142578125;7.013332843780518;79462500;6.797155380249023
2020-04-08;7.3933329582214355;7.802000045776367;7.064000129699707;7.716000080108643;50287500;7.478163719177246
2020-04-09;8.040666580200195;8.22933292388916;6.986000061035156;7.210000038146973;75898500;6.987760066986084
2020-04-13;7.159999847412109;7.5233330726623535;6.9633331298828125;7.46999979019165;36957000;7.239745616912842
2020-04-14;7.992667198181152;8.492667198181152;7.940667152404785;8.461999893188477;51487500;8.201168060302734
2020-04-15;7.972667217254639;7.973999977111816;7.505332946777344;7.775332927703857;37128000;7.535667419433594
2020-04-16;8.157333374023438;8.434666633605957;7.834000110626221;8.347332954406738;47277000;8.090036392211914
2020-04-17;8.856666564941406;8.887999534606934;8.266667366027832;8.564000129699707;47445000;8.300024032592773
2020-04-20;8.200667381286621;8.566666603088379;8.0;8.011333465576172;35502000;7.764394283294678
2020-04-21;7.642666816711426;7.77400016784668;6.767333030700684;6.886000156402588;60042000;6.673746585845947
2020-04-22;7.495333194732666;8.183333396911621;7.413332939147949;8.03933334350586;37150500;7.791530132293701
2020-04-23;8.080666542053223;8.33666706085205;7.75333309173584;7.835332870483398;42906000;7.593818187713623
2020-04-24;7.863999843597412;8.378000259399414;7.626667022705078;8.333999633789062;34429500;8.077113151550293
2020-04-27;8.666666984558105;8.917332649230957;8.543999671936035;8.670666694641113;42303000;8.40340518951416
2020-04-28;9.13266658782959;9.288000106811523;8.501999855041504;8.535332679748535;55147500;8.272239685058594
2020-04-29;8.971332550048828;9.850000381469727;8.9313325881958;9.760000228881836;42030000;9.459160804748535
2020-04-30;9.624667167663574;9.655332565307617;8.668000221252441;8.734000205993652;55264500;8.464786529541016
2020-05-01;8.133333206176758;8.166666984558105;7.320000171661377;7.406667232513428;65224500;7.178365230560303
2020-05-04;7.208666801452637;7.636000156402588;7.133999824523926;7.614666938781738;35217000;7.379953861236572
2020-05-05;8.050666809082031;8.434666633605957;7.847332954406738;8.000666618347168;47706000;7.754055023193359
2020-05-06;8.266667366027832;8.657999992370605;8.21399974822998;8.277999877929688;46401000;8.02284049987793
2020-05-07;8.712667465209961;8.819999694824219;8.386667251586914;8.52066707611084;32518500;8.258028984069824
2020-05-08;8.78266716003418;9.281999588012695;8.694000244140625;9.26533317565918;38311500;8.979738235473633
2020-05-11;8.962667465209961;9.482666969299316;8.939332962036133;9.239999771118164;27099000;8.955188751220703
2020-05-12;9.434666633605957;9.517999649047852;8.456666946411133;8.456666946411133;34702500;8.196000099182129
2020-05-13;8.685333251953125;8.739999771118164;7.625332832336426;8.001333236694336;53503500;7.754702091217041
2020-05-14;7.813333034515381;8.666666984558105;7.400000095367432;8.640666961669922;54496500;8.374329566955566
2020-05-15;7.7866668701171875;8.191332817077637;7.639999866485596;8.099332809448242;55647000;7.849681377410889
2020-05-18;8.666666984558105;9.350000381469727;8.666666984558105;9.232666969299316;42394500;8.948081970214844
2020-05-19;9.185999870300293;9.762666702270508;9.107333183288574;9.121999740600586;40813500;8.840825080871582
2020-05-20;9.676667213439941;10.313332557678223;9.671333312988281;10.159333229064941;39808500;9.846181869506836
2020-05-21;10.156000137329102;10.164667129516602;9.324000358581543;9.369999885559082;37935000;9.081181526184082
2020-05-22;9.449333190917969;9.53266716003418;9.034000396728516;9.505999565124512;25134000;9.212989807128906
2020-05-26;10.249333381652832;10.387999534606934;9.748666763305664;9.800666809082031;41682000;9.49857234954834
2020-05-27;9.918000221252441;10.226667404174805;9.045999526977539;10.219332695007324;41941500;9.904335975646973
2020-05-28;10.053333282470703;10.418000221252441;9.399999618530273;9.548666954040527;33565500;9.254339218139648
2020-05-29;9.677332878112793;10.378000259399414;9.566666603088379;10.27400016784668;38440500;9.957314491271973
2020-06-01;10.071999549865723;10.27400016784668;9.866666793823242;10.146666526794434;21564000;9.833904266357422
2020-06-02;10.232000350952148;10.800000190734863;10.073332786560059;10.800000190734863;34992000;10.467103004455566
2020-06-03;11.219332695007324;11.876667022705078;11.219332695007324;11.74666690826416;30483000;11.384590148925781
2020-06-04;11.643333435058594;12.314000129699707;11.477999687194824;12.055999755859375;31461000;11.684388160705566
2020-06-05;12.927332878112793;13.466667175292969;12.826666831970215;12.934000015258789;26946000;12.53532600402832
2020-06-08;13.260666847229004;13.260666847229004;12.457332611083984;12.85533332824707;25800000;12.45908260345459
2020-06-09;12.41333293914795;13.010000228881836;12.281332969665527;12.87733268737793;22317000;12.4804048538208
2020-06-10;13.153332710266113;13.38266658782959;12.85533332824707;12.996000289916992;23647500;12.595414161682129
2020-06-11;12.001333236694336;12.156000137329102;10.501333236694336;10.515999794006348;47562000;10.191858291625977
2020-06-12;11.491999626159668;11.59866714477539;10.259332656860352;10.95199966430664;35401500;10.614415168762207
2020-06-15;10.260666847229004;11.461999893188477;10.11533260345459;11.432666778564453;29254500;11.080269813537598
2020-06-16;12.406000137329102;12.621333122253418;11.432666778564453;12.038666725158691;30856500;11.66758918762207
2020-06-17;12.295999526977539;12.66866683959961;12.133999824523926;12.371999740600586;21156000;11.990649223327637
2020-06-18;12.206666946411133;12.480667114257812;12.10200023651123;12.314666748046875;13989000;11.935081481933594
2020-06-19;12.739333152770996;12.859999656677246;12.005999565124512;12.066666603088379;29616000;11.69472599029541
2020-06-22;12.126667022705078;12.449333190917969;11.708000183105469;12.38933277130127;19461000;12.0074462890625
2020-06-23;12.62399959564209;12.880000114440918;12.421333312988281;12.4913330078125;18909000;12.11242961883545
2020-06-24;12.258000373840332;12.484000205993652;11.368000030517578;11.652000427246094;31200000;11.298556327819824
2020-06-25;11.638667106628418;11.9913330078125;11.09000015258789;11.938667297363281;21685500;11.576529502868652
2020-06-26;11.800000190734863;12.005332946777344;11.157999992370605;11.223999977111816;21492000;10.883538246154785
2020-06-29;11.248000144958496;11.619333267211914;10.833999633789062;11.609999656677246;17931000;11.257828712463379
2020-06-30;11.74666690826416;12.649333000183105;11.74666690826416;12.547332763671875;32251500;12.166730880737305
2020-07-01;12.555333137512207;12.562000274658203;11.989333152770996;12.022666931152344;21469500;11.657980918884277
2020-07-02;12.52733325958252;12.803999900817871;12.328666687011719;12.470000267028809;24289500;12.09174633026123
2020-07-06;13.10533332824707;13.594667434692383;13.088000297546387;13.470000267028809;21822000;13.061408996582031
2020-07-07;13.298666954040527;13.613332748413086;12.899999618530273;12.972000122070312;17728500;12.57851505279541
2020-07-08;13.300000190734863;13.533332824707031;12.954667091369629;13.5086669921875;14014500;13.098907470703125
2020-07-09;13.666666984558105;14.292667388916016;13.069999694824219;14.045999526977539;25341000;13.619938850402832
2020-07-10;14.073332786560059;14.197999954223633;13.481332778930664;13.906000137329102;16764000;13.484183311462402
2020-07-13;14.492667198181152;14.961333274841309;13.133333206176758;13.211999893188477;24480000;12.811236381530762
2020-07-14;12.993332862854004;13.961999893188477;12.40133285522461;13.911999702453613;25491000;13.49000072479248
2020-07-15;14.199999809265137;14.21066665649414;13.133333206176758;13.772666931152344;20254500;13.354894638061523
2020-07-16;13.333999633789062;13.76533317565918;13.126667022705078;13.604666709899902;13903500;13.19199275970459
2020-07-17;13.854000091552734;14.00333309173584;13.600000381469727;13.856666564941406;12028500;13.436349868774414
2020-07-20;13.92199993133545;14.774666786193848;13.62733268737793;14.71066665649414;16717500;14.264442443847656
2020-07-21;14.965332984924316;15.035332679748535;14.246000289916992;14.399333000183105;16822500;13.962552070617676
2020-07-22;14.533332824707031;14.903332710266113;14.21733283996582;14.571999549865723;13956000;14.129982948303223
2020-07-23;14.552000045776367;14.940667152404785;13.510000228881836;13.893333435058594;22534500;13.471904754638672
2020-07-24;13.157999992370605;13.833333015441895;12.630666732788086;13.231332778930664;19546500;12.829981803894043
2020-07-27;13.733332633972168;14.500666618347168;13.715332984924316;14.48466682434082;17731500;14.045300483703613
2020-07-28;14.231332778930664;14.231332778930664;13.553333282470703;13.628000259399414;20592000;13.214616775512695
2020-07-29;14.050000190734863;14.652667045593262;13.954667091369629;14.510666847229004;19687500;14.070509910583496
2020-07-30;14.310667037963867;15.375332832336426;14.299332618713379;15.359999656677246;25672500;14.894079208374023
2020-07-31;15.473999977111816;15.475333213806152;14.447333335876465;15.100666999816895;26299500;14.64261531829834
2020-08-03;15.390666961669922;16.077999114990234;15.390000343322754;15.999333381652832;16984500;15.514019966125488
2020-08-04;15.926667213439941;16.71066665649414;15.88266658782959;16.68666648864746;12100500;16.180503845214844
2020-08-05;16.634666442871094;16.85066795349121;16.266666412353516;16.65399932861328;12822000;16.148828506469727
2020-08-06;16.53733253479004;16.67333221435547;16.086000442504883;16.593332290649414;10840500;16.089998245239258
2020-08-07;16.474666595458984;16.733333587646484;15.444000244140625;16.029333114624023;17872500;15.543111801147461
2020-08-10;16.124666213989258;16.232667922973633;15.334667205810547;16.03933334350586;11625000;15.55280876159668
2020-08-11;15.994000434875488;16.474000930786133;15.383333206176758;15.508000373840332;15201000;15.037590026855469
2020-08-12;15.905332565307617;17.155332565307617;15.774666786193848;17.06999969482422;18397500;16.552207946777344
2020-08-13;17.077333450317383;17.077333450317383;16.268667221069336;16.511333465576172;12742500;16.0104923248291
2020-08-14;16.65333366394043;17.06599998474121;16.308666229248047;16.453332901000977;12001500;15.954251289367676
2020-08-17;16.858667373657227;17.281333923339844;16.779333114624023;17.076000213623047;11739000;16.55803108215332
2020-08-18;17.275999069213867;17.374666213989258;16.625999450683594;16.79400062561035;11410500;16.284584045410156
2020-08-19;16.812667846679688;16.931333541870117;16.319332122802734;16.468000411987305;10309500;15.968465805053711
2020-08-20;15.97933292388916;16.28066635131836;15.69333267211914;16.03933334350586;16498500;15.55280876159668
2020-08-21;16.045333862304688;16.399999618530273;15.766667366027832;16.392667770385742;10789500;15.895418167114258
2020-08-24;16.889333724975586;17.04800033569336;16.474666595458984;16.84600067138672;11776500;16.335006713867188
2020-08-25;16.876667022705078;17.391332626342773;16.876667022705078;17.3886661529541;11626500;16.861209869384766
2020-08-26;17.504667282104492;17.71933364868164;17.25933265686035;17.584667205810547;11527500;17.051265716552734
2020-08-27;17.663999557495117;17.75933265686035;16.589332580566406;16.89933204650879;17893500;16.386716842651367
2020-08-28;17.005332946777344;17.87266731262207;16.8973331451416;17.856666564941406;13989000;17.315013885498047
2020-08-31;17.840667724609375;18.19333267211914;17.387332916259766;17.80666732788086;12093000;17.26653289794922
2020-09-01;18.126667022705078;18.833332061767578;17.87066650390625;18.80933380126953;10255500;18.238786697387695
2020-09-02;19.628000259399414;20.75933265686035;19.1213321685791;20.496667861938477;18729000;19.87493324279785
2020-09-03;19.571332931518555;19.600000381469727;16.6026668548584;16.998666763305664;37044000;16.483041763305664
2020-09-04;16.615999221801758;17.363332748413086;14.670666694641113;16.527332305908203;26686500;16.026002883911133
2020-09-08;14.708666801452637;15.612667083740234;14.131333351135254;14.173999786376953;21556500;13.744053840637207
2020-09-09;15.209333419799805;15.686667442321777;14.666666984558105;15.345999717712402;19171500;14.880505561828613
2020-09-10;15.850000381469727;16.07933235168457;14.426667213439941;14.708666801452637;19227000;14.262503623962402
2020-09-11;15.029333114624023;15.475333213806152;14.191332817077637;14.657333374023438;14871000;14.212726593017578
2020-09-14;15.553333282470703;15.854000091552734;15.210000038146973;15.583999633789062;11850000;15.111286163330078
2020-09-15;16.15399932861328;16.68600082397461;16.097999572753906;16.385332107543945;11725500;15.888309478759766
2020-09-16;16.591999053955078;16.781999588012695;15.833333015441895;15.892000198364258;10791000;15.409943580627441
2020-09-17;14.749333381652832;15.971332550048828;14.554667472839355;15.81933307647705;14704500;15.33948040008545
2020-09-18;16.014667510986328;16.202667236328125;14.520000457763672;15.081999778747559;17329500;14.624512672424316
2020-09-21;14.189332962036133;15.031999588012695;13.894000053405762;15.009332656860352;25779000;14.55405044555664
2020-09-22;15.357333183288574;15.576666831970215;14.5513334274292;15.553333282470703;13864500;15.081550598144531
2020-09-23;15.464667320251465;15.786666870117188;14.262666702270508;14.395333290100098;14178000;13.958675384521484
2020-09-24;14.094667434692383;15.407333374023438;14.066666603088379;14.815999984741211;24952500;14.366581916809082
2020-09-25;14.895999908447266;15.550000190734863;14.223999977111816;15.45533275604248;15505500;14.98652172088623
2020-09-28;16.041332244873047;16.732667922973633;15.76200008392334;16.71733283996582;15123000;16.210237503051758
2020-09-29;16.607999801635742;17.27199935913086;16.607999801635742;16.856666564941406;19848000;16.34535026550293
2020-09-30;16.700666427612305;17.398666381835938;16.600000381469727;16.87933349609375;20143500;16.367328643798828
2020-10-01;17.52199935913086;18.07866668701172;17.340667724609375;17.92733383178711;18271500;17.383541107177734
2020-10-02;16.67133331298828;17.45199966430664;16.284000396728516;16.32933235168457;24060000;15.83401107788086
2020-10-05;16.790666580200195;17.92533302307129;16.768667221069336;17.92333221435547;14751000;17.379653930664062
2020-10-06;17.862667083740234;18.889333724975586;17.400667190551758;17.617332458496094;16638000;17.08294105529785
2020-10-07;18.37066650390625;18.78333282470703;18.35066795349121;18.68000030517578;13549500;18.113374710083008
2020-10-08;19.170000076293945;19.432666778564453;18.952667236328125;19.32866668701172;11172000;18.74236488342285
2020-10-09;20.019332885742188;20.496000289916992;19.92333221435547;20.342666625976562;18609000;19.725603103637695
2020-10-12;21.089332580566406;21.553333282470703;20.801332473754883;21.22599983215332;15901500;20.582143783569336
2020-10-13;21.250667572021484;21.676000595092773;20.833999633789062;21.200666427612305;14068500;20.557579040527344
2020-10-14;21.338666915893555;21.592666625976562;20.494667053222656;20.864667892456055;11320500;20.231775283813477
2020-10-15;19.80066680908203;20.82933235168457;19.575332641601562;20.700000762939453;10518000;20.07210350036621
2020-10-16;21.211999893188477;21.21666717529297;20.36400032043457;20.404666900634766;8916000;19.785724639892578
2020-10-19;20.866666793823242;21.262666702270508;19.845333099365234;20.076000213623047;11283000;19.46702766418457
2020-10-20;20.360666275024414;20.520666122436523;19.843332290649414;20.011999130249023;6909000;19.404966354370117
2020-10-21;20.155332565307617;20.25;19.549333572387695;19.589332580566406;8161500;18.9951229095459
2020-10-22;19.72599983215332;19.92066764831543;18.91266632080078;19.658000946044922;9789000;19.06171226501465
2020-10-23;19.479333877563477;19.479333877563477;18.8353328704834;19.3700008392334;6975000;18.78244972229004
2020-10-26;18.883333206176758;19.133333206176758;17.399999618530273;18.132667541503906;13960500;17.5826473236084
2020-10-27;18.516666412353516;18.665332794189453;17.726667404174805;17.94533348083496;7834500;17.4009952545166
2020-10-28;17.07466697692871;17.0853328704834;16.0939998626709;16.159332275390625;15634500;15.669166564941406
2020-10-29;16.267332077026367;17.8973331451416;16.131999969482422;17.445999145507812;10749000;16.916805267333984
2020-10-30;16.89533233642578;17.184667587280273;16.007333755493164;16.59666633605957;11187000;16.09323501586914
2020-11-02;17.142000198364258;17.399999618530273;16.423999786376953;16.86400032043457;10897500;16.352458953857422
2020-11-03;17.333332061767578;18.25933265686035;17.294666290283203;17.867332458496094;12472500;17.325353622436523
2020-11-04;18.963333129882812;19.968666076660156;18.28333282470703;19.739999771118164;17590500;19.14122200012207
2020-11-05;21.333332061767578;22.49066734313965;21.32666778564453;22.343332290649414;20565000;21.665584564208984
2020-11-06;22.14933204650879;23.68000030517578;21.93400001525879;23.492666244506836;15370500;22.78005599975586
2020-11-09;24.961999893188477;25.59866714477539;22.554000854492188;22.595333099365234;16741500;21.90994644165039
2020-11-10;21.996000289916992;22.292667388916016;20.406667709350586;20.56333351135254;16570500;19.9395751953125
2020-11-11;21.53066635131836;22.91200065612793;21.499332427978516;22.804000854492188;11782500;22.112279891967773
2020-11-12;22.842666625976562;23.093332290649414;21.58066749572754;21.92133331298828;11928000;21.256383895874023
2020-11-13;22.65999984741211;23.312000274658203;22.278667449951172;22.73466682434082;10963500;22.0450496673584
2020-11-16;23.270000457763672;24.446666717529297;23.100000381469727;24.411333084106445;12468000;23.67085838317871
2020-11-17;24.1560001373291;24.215999603271484;23.281333923339844;23.816667556762695;9009000;23.094228744506836
2020-11-18;23.91866683959961;24.45400047302246;23.272666931152344;23.31133270263672;10455000;22.60422134399414
2020-11-19;23.233333587646484;24.4060001373291;22.680667877197266;24.393333435058594;8220000;23.653398513793945
2020-11-20;24.37066650390625;24.978666305541992;23.908000946044922;23.997333526611328;11338500;23.269412994384766
2020-11-23;24.43400001525879;25.29199981689453;24.083999633789062;25.083332061767578;11436000;24.322467803955078
2020-11-24;25.53333282470703;25.566667556762695;24.30933380126953;25.488666534423828;9943500;24.71551513671875
2020-11-25;25.366666793823242;25.8613338470459;24.91200065612793;25.215999603271484;6964500;24.45111656188965
2020-11-27;25.721332550048828;26.60533332824707;25.720666885375977;26.083999633789062;8937000;25.292783737182617
2020-11-30;26.236000061035156;27.150667190551758;25.268667221069336;27.064666748046875;10632000;26.243703842163086
2020-12-01;27.746000289916992;28.932666778564453;27.53333282470703;28.500667572021484;12735000;27.63614845275879
2020-12-02;28.218666076660156;29.101999282836914;28.066667556762695;28.71733283996582;7210500;27.846242904663086
2020-12-03;29.231332778930664;29.68600082397461;28.634000778198242;28.76066780090332;7801500;27.88825798034668
2020-12-04;29.235332489013672;31.19333267211914;28.978666305541992;31.154666900634766;10473000;30.209638595581055
2020-12-07;31.736000061035156;31.736000061035156;30.687999725341797;31.562000274658203;8889000;30.60462188720703
2020-12-08;31.450666427612305;32.27333450317383;31.041332244873047;31.959999084472656;6286500;30.99054527282715
2020-12-09;31.606666564941406;32.16133117675781;28.618000030517578;29.226667404174805;19231500;28.34012794494629
2020-12-10;28.6200008392334;29.82200050354004;28.134000778198242;29.170000076293945;11490000;28.285173416137695
2020-12-11;28.413333892822266;28.859333038330078;27.266666412353516;28.163333892822266;13248000;27.30904769897461
2020-12-14;28.988666534423828;29.683332443237305;28.799999237060547;29.224000930786133;10854000;28.337539672851562
2020-12-15;30.281333923339844;30.687332153320312;29.750667572021484;30.44266700744629;7351500;29.519237518310547
2020-12-16;30.709999084472656;30.722000122070312;29.695999145507812;30.375333786010742;6372000;29.45394515991211
2020-12-17;30.91933250427246;30.99066734313965;30.180667877197266;30.538000106811523;6106500;29.61168098449707
2020-12-18;30.733333587646484;30.866666793823242;29.55733299255371;30.139333724975586;8797500;29.22510528564453
2020-12-21;29.0;29.694000244140625;28.166667938232422;29.54599952697754;11620500;28.649770736694336
2020-12-22;29.700666427612305;29.820667266845703;28.754667282104492;29.433332443237305;6235500;28.543806076049805
2020-12-23;29.623332977294922;29.799333572387695;28.78333282470703;28.82200050354004;4338000;27.950946807861328
2020-12-24;29.166667938232422;29.660667419433594;29.029333114624023;29.65399932861328;2637000;28.7578067779541
2020-12-28;30.621999740600586;30.733333587646484;29.368000030517578;29.485332489013672;7542000;28.594234466552734
2020-12-29;29.866666793823242;29.866666793823242;28.284000396728516;29.2586669921875;7833000;28.374420166015625
2020-12-30;29.672000885009766;30.891332626342773;29.600000381469727;30.771333694458008;7807500;29.84137535095215
2020-12-31;30.774667739868164;31.183332443237305;30.17733383178711;31.09866714477539;5871000;30.158811569213867
2021-01-04;31.672000885009766;33.654666900634766;29.930667877197266;30.66933250427246;17731500;29.74245262145996
2021-01-05;30.444000244140625;32.505332946777344;30.444000244140625;32.44599914550781;8538000;31.46542739868164
2021-01-06;31.527999877929688;34.160667419433594;31.284000396728516;32.207332611083984;16782000;31.233976364135742
2021-01-07;33.645999908447266;36.121334075927734;33.615333557128906;35.75666809082031;10443000;34.6760368347168
2021-01-08;37.50733184814453;37.94200134277344;34.62933349609375;35.78666687011719;13090500;34.70513916015625
2021-01-11;34.96533203125;37.874000549316406;34.933998107910156;37.09000015258789;9625500;35.96908187866211
2021-01-12;37.66533279418945;38.7586669921875;36.70600128173828;37.818668365478516;10501500;36.67572784423828
2021-01-13;38.62066650390625;38.93333435058594;37.400001525878906;37.919334411621094;6897000;36.773345947265625
2021-01-14;39.220001220703125;41.612667083740234;39.220001220703125;40.38666534423828;11373000;39.166099548339844
2021-01-15;40.19200134277344;40.313331604003906;37.10533142089844;37.82400131225586;16302000;36.680885314941406
2021-01-19;39.513999938964844;41.79533386230469;39.41133117675781;41.66666793823242;13351500;40.40743637084961
2021-01-20;43.163333892822266;43.521331787109375;40.951332092285156;41.319332122802734;11220000;40.07060241699219
2021-01-21;42.388668060302734;43.52000045776367;41.09733200073242;43.158668518066406;11056500;41.854339599609375
2021-01-22;42.0;42.47600173950195;40.77399826049805;40.790000915527344;12573000;39.5572509765625
2021-01-25;42.01333236694336;42.13999938964844;38.62733459472656;40.96533203125;12499500;39.727291107177734
2021-01-26;41.04666519165039;41.04666519165039;39.0;39.05533218383789;7641000;37.87500762939453
2021-01-27;36.866668701171875;37.048667907714844;32.538665771484375;33.14400100708008;25056000;32.142330169677734
2021-01-28;35.000667572021484;36.57666778564453;34.17333221435547;35.13399887084961;16110000;34.072181701660156
2021-01-29;35.33733367919922;35.82133483886719;32.900665283203125;33.400665283203125;15256500;32.3912353515625
2021-02-01;35.08599853515625;37.5273323059082;34.63666534423828;37.347999572753906;13749000;36.21928405761719
2021-02-02;39.132667541503906;39.15999984741211;37.46666717529297;39.04800033569336;10789500;37.86791229248047
2021-02-03;39.46666717529297;39.79666519165039;36.57133483886719;36.632667541503906;14184000;35.52556228637695
2021-02-04;36.336666107177734;37.60733413696289;35.52933120727539;37.53799819946289;8400000;36.403533935546875
2021-02-05;38.33333206176758;38.33333206176758;36.58533477783203;36.7226676940918;8242500;35.61284255981445
2021-02-08;37.461334228515625;40.133331298828125;37.44533157348633;40.133331298828125;17278500;38.92042922973633
2021-02-09;39.63666534423828;40.540000915527344;39.043331146240234;39.62200164794922;8659500;38.424556732177734
2021-02-10;40.66666793823242;41.3120002746582;38.37666702270508;39.996665954589844;15432000;38.787899017333984
2021-02-11;40.884666442871094;44.16466522216797;40.884666442871094;44.16466522216797;20781000;42.82992935180664
2021-02-12;43.487998962402344;46.01333236694336;43.00400161743164;45.77199935913086;15841500;44.388694763183594
2021-02-16;47.336666107177734;47.85266876220703;45.810665130615234;46.582000732421875;14367000;45.17421340942383
2021-02-17;45.099998474121094;45.7413330078125;42.138668060302734;44.01066589355469;19341000;42.68059158325195
2021-02-18;42.20333480834961;43.26599884033203;41.020668029785156;42.685333251953125;15594000;41.39531326293945
2021-02-19;44.64466857910156;46.518001556396484;44.223331451416016;45.798667907714844;23602500;44.414554595947266
2021-02-22;44.003334045410156;44.93600082397461;40.18000030517578;40.80666732788086;22419000;39.57342529296875
2021-02-23;38.496665954589844;40.74399948120117;35.069332122802734;39.978668212890625;27033000;38.77044677734375
2021-02-24;38.982666015625;43.83333206176758;38.06666564941406;43.74533462524414;17964000;42.423274993896484
2021-02-25;42.06733322143555;43.009334564208984;35.70333480834961;36.218666076660156;35817000;35.12406921386719
2021-02-26;37.94333267211914;39.70066833496094;35.8033332824707;38.71066665649414;29536500;37.54076385498047
2021-03-01;40.59199905395508;42.55799865722656;39.54999923706055;42.55799865722656;24520500;41.271827697753906
2021-03-02;42.939998626708984;42.9900016784668;38.45000076293945;38.54999923706055;19687700;37.38494873046875
2021-03-03;38.900001525878906;38.9900016784668;34.81999969482422;35.0099983215332;21749000;33.951934814453125
2021-03-04;34.83000183105469;35.189998626708984;28.440000534057617;29.979999542236328;34294300;29.073951721191406
2021-03-05;32.220001220703125;32.959999084472656;27.729999542236328;32.75;30945800;31.760244369506836
2021-03-08;32.709999084472656;32.93000030517578;27.5;27.520000457763672;28761200;26.688297271728516
2021-03-09;30.34000015258789;33.08000183105469;30.0;32.45000076293945;19994900;31.469310760498047
2021-03-10;34.189998626708984;34.189998626708984;30.6200008392334;30.719999313354492;19953500;29.79159164428711
2021-03-11;33.29999923706055;35.040000915527344;32.849998474121094;34.470001220703125;19094300;33.42825698852539
2021-03-12;32.52000045776367;33.59000015258789;31.850000381469727;33.41999816894531;17047600;32.40998077392578
2021-03-15;33.79999923706055;35.630001068115234;33.18000030517578;35.56999969482422;15325300;34.49501419067383
2021-03-16;36.83000183105469;38.59000015258789;36.22999954223633;36.97999954223633;27404900;35.86240005493164
2021-03-17;35.279998779296875;39.150001525878906;34.5099983215332;38.41999816894531;21743500;37.258880615234375
2021-03-18;36.7599983215332;36.91999816894531;33.45000076293945;33.709999084472656;25749000;32.69122314453125
2021-03-19;34.0099983215332;35.650001525878906;32.380001068115234;34.75;20615000;33.69978713989258
2021-03-22;35.939998626708984;38.20000076293945;35.619998931884766;37.0;23763800;35.88179397583008
2021-03-23;37.369998931884766;37.5;33.5099983215332;34.029998779296875;26947000;33.015830993652344
2021-03-24;35.630001068115234;36.130001068115234;32.54999923706055;32.59000015258789;26195900;31.61875343322754
2021-03-25;30.93000030517578;33.18000030517578;30.100000381469727;32.810001373291016;30291400;31.832189559936523
2021-03-26;32.810001373291016;37.7400016784668;32.709999084472656;37.689998626708984;35670300;36.56675720214844
2021-03-29;36.380001068115234;36.90999984741211;34.5;35.790000915527344;28422700;34.72338104248047
2021-03-30;35.119998931884766;35.779998779296875;34.279998779296875;35.52000045776367;17926000;34.461429595947266
2021-03-31;36.43000030517578;38.97999954223633;36.349998474121094;38.209999084472656;25362500;37.07125473022461
2021-04-01;40.04999923706055;42.439998626708984;40.04999923706055;42.40999984741211;27795500;41.146095275878906
2021-04-05;44.529998779296875;45.29999923706055;42.90999984741211;45.0;26445800;43.65890884399414
2021-04-06;44.119998931884766;44.970001220703125;42.06999969482422;43.380001068115234;17961500;42.08717727661133
2021-04-07;43.9900016784668;44.0;42.34000015258789;43.380001068115234;12421800;42.08717727661133
2021-04-08;44.75;45.0;43.599998474121094;44.790000915527344;12957100;43.455162048339844
2021-04-09;43.83000183105469;44.5;43.130001068115234;44.47999954223633;10748500;43.15439987182617
2021-04-12;43.720001220703125;43.790000915527344;41.79999923706055;43.09000015258789;14926000;41.80582809448242
2021-04-13;44.0;44.130001068115234;41.56999969482422;42.689998626708984;14056400;41.417747497558594
2021-04-14;42.38999938964844;43.470001220703125;40.630001068115234;41.27000045776367;12838600;40.04006576538086
2021-04-15;42.349998474121094;43.65999984741211;41.619998931884766;43.470001220703125;13642000;42.17449951171875
2021-04-16;43.5099983215332;43.63999938964844;42.47999954223633;42.75;11016200;41.4759635925293
2021-04-19;41.77000045776367;42.290000915527344;38.25;39.599998474121094;20268200;38.41983413696289
2021-04-20;39.0099983215332;39.529998779296875;37.040000915527344;37.709999084472656;13892000;36.58616256713867
2021-04-21;37.93000030517578;40.77000045776367;37.34000015258789;40.75;15160200;39.53556442260742
2021-04-22;40.369998931884766;40.61000061035156;37.27000045776367;37.97999954223633;20962100;36.84811019897461
2021-04-23;38.31999969482422;40.56999969482422;38.29999923706055;40.150001525878906;13212600;38.95344543457031
2021-04-26;40.09000015258789;42.459999084472656;40.0;42.209999084472656;13528500;40.952049255371094
2021-04-27;42.779998779296875;42.90999984741211;40.959999084472656;41.34000015258789;12557200;40.10799026489258
2021-04-28;40.68000030517578;40.689998626708984;39.310001373291016;39.41999816894531;12753600;38.245201110839844
2021-04-29;41.20000076293945;41.220001220703125;38.47999954223633;40.310001373291016;14812500;39.108680725097656
2021-04-30;38.349998474121094;39.16999816894531;36.560001373291016;36.900001525878906;19385800;35.80030059814453
2021-05-03;37.720001220703125;37.790000915527344;35.08000183105469;35.61000061035156;13899900;34.548744201660156
2021-05-04;34.40999984741211;34.45000076293945;32.0;33.970001220703125;24428000;32.95762634277344
2021-05-05;35.06999969482422;35.790000915527344;33.75;34.54999923706055;16034800;33.52033615112305
2021-05-06;34.20000076293945;35.400001525878906;33.15999984741211;35.400001525878906;15387300;34.34500503540039
2021-05-07;36.5099983215332;37.54999923706055;35.90999984741211;36.93000030517578;16784600;35.829402923583984
2021-05-10;36.0;36.0;31.8799991607666;31.93000030517578;25439800;30.978418350219727
2021-05-11;29.020000457763672;32.310001373291016;28.690000534057617;32.11000061035156;29951300;31.153053283691406
2021-05-12;30.100000381469727;30.559999465942383;27.809999465942383;28.1299991607666;34045700;27.291662216186523
2021-05-13;29.530000686645508;30.5;28.299999237060547;29.329999923706055;25520000;28.455904006958008
2021-05-14;30.489999771118164;32.68000030517578;29.579999923706055;31.93000030517578;21881300;30.978418350219727
2021-05-17;30.979999542236328;31.100000381469727;29.43000030517578;31.100000381469727;19224800;30.173154830932617
2021-05-18;31.709999084472656;32.08000183105469;30.219999313354492;30.290000915527344;15262600;29.387292861938477
2021-05-19;28.459999084472656;32.16999816894531;28.219999313354492;32.04999923706055;29208700;31.094839096069336
2021-05-20;32.75;34.97999954223633;32.66999816894531;34.63999938964844;28593200;33.60765075683594
2021-05-21;35.29999923706055;35.34000015258789;33.810001373291016;34.13999938964844;25100300;33.122554779052734
2021-05-24;35.0;37.13999938964844;34.90999984741211;36.529998779296875;21577500;35.44132614135742
2021-05-25;37.33000183105469;37.75;36.2400016784668;36.939998626708984;19468200;35.839107513427734
2021-05-26;37.029998779296875;37.68000030517578;36.189998626708984;37.18000030517578;13436700;36.071956634521484
2021-05-27;36.880001068115234;38.2599983215332;36.709999084472656;37.86000061035156;16449400;36.731689453125
2021-05-28;38.06999969482422;39.27000045776367;37.880001068115234;38.779998779296875;15891400;37.6242790222168
2021-06-01;39.52000045776367;40.540000915527344;37.7400016784668;38.34000015258789;18159400;37.1973876953125
2021-06-02;38.27000045776367;39.58000183105469;37.90999984741211;39.189998626708984;12370500;38.02205276489258
2021-06-03;37.83000183105469;38.279998779296875;36.52000045776367;37.119998931884766;16945800;36.01374435424805
2021-06-04;38.08000183105469;39.9900016784668;38.04999923706055;39.7400016784668;15960500;38.555667877197266
2021-06-07;39.2599983215332;39.439998626708984;38.150001525878906;38.90999984741211;11453800;37.750404357910156
2021-06-08;39.79999923706055;39.970001220703125;37.29999923706055;38.16999816894531;13475800;37.032440185546875
2021-06-09;38.560001373291016;38.88999938964844;37.619998931884766;37.70000076293945;11721000;36.57645797729492
2021-06-10;37.79999923706055;39.369998931884766;37.52000045776367;39.040000915527344;17601900;37.876522064208984
2021-06-11;39.04999923706055;39.4900016784668;38.56999969482422;39.4900016784668;7971500;38.31311798095703
2021-06-14;39.810001373291016;41.16999816894531;39.060001373291016;41.16999816894531;18513300;39.94304656982422
2021-06-15;40.79999923706055;41.599998474121094;39.7400016784668;40.040000915527344;13301400;38.84672546386719
2021-06-16;40.4900016784668;40.88999938964844;38.06999969482422;39.18000030517578;18089300;38.01235580444336
2021-06-17;38.689998626708984;41.16999816894531;38.650001525878906;40.310001373291016;18466200;39.108680725097656
2021-06-18;39.290000915527344;39.58000183105469;36.75;37.31999969482422;21346600;36.207786560058594
2021-06-21;37.54999923706055;38.15999984741211;36.59000015258789;38.119998931884766;12722000;36.98394012451172
2021-06-22;37.900001525878906;38.83000183105469;37.400001525878906;38.599998474121094;10500400;37.44963455200195
2021-06-23;38.599998474121094;39.630001068115234;38.599998474121094;39.04999923706055;8615400;37.886226654052734
2021-06-24;39.880001068115234;41.22999954223633;39.880001068115234;41.08000183105469;12716800;39.855735778808594
2021-06-25;41.16999816894531;41.689998626708984;40.290000915527344;40.65999984741211;9244100;39.44824981689453
2021-06-28;41.5;44.08000183105469;41.45000076293945;43.650001525878906;18209300;42.34914016723633
2021-06-29;43.310001373291016;44.689998626708984;42.880001068115234;44.63999938964844;13090200;43.309627532958984
2021-06-30;44.369998931884766;44.72999954223633;43.66999816894531;44.540000915527344;9830900;43.212615966796875
2021-07-01;44.150001525878906;44.369998931884766;42.130001068115234;42.56999969482422;11578200;41.30131912231445
2021-07-02;43.56999969482422;43.70000076293945;42.25;43.31999969482422;10933300;42.02896499633789
2021-07-06;43.63999938964844;44.13999938964844;41.36000061035156;43.040000915527344;10020300;41.7573127746582
2021-07-07;43.79999923706055;43.90999984741211;40.689998626708984;41.2400016784668;10623800;40.010963439941406
2021-07-08;38.54999923706055;40.380001068115234;37.7599983215332;39.779998779296875;14764300;38.594478607177734
2021-07-09;40.18000030517578;41.939998626708984;39.25;41.77000045776367;9799600;40.525169372558594
2021-07-12;42.15999984741211;43.33000183105469;41.810001373291016;43.33000183105469;9021800;42.03867721557617
2021-07-13;42.75;43.31999969482422;42.099998474121094;42.619998931884766;9289300;41.34982681274414
2021-07-14;43.540000915527344;44.790000915527344;41.86000061035156;42.15999984741211;15361500;40.903541564941406
2021-07-15;41.790000915527344;41.79999923706055;38.54999923706055;39.41999816894531;14968000;38.245201110839844
2021-07-16;40.029998779296875;40.45000076293945;36.59000015258789;36.7599983215332;14425600;35.66447448730469
2021-07-19;35.209999084472656;36.93000030517578;34.709999084472656;36.84000015258789;17527800;35.74209213256836
2021-07-20;37.2400016784668;39.08000183105469;35.849998474121094;38.34000015258789;12487200;37.1973876953125
2021-07-21;38.66999816894531;41.849998474121094;38.599998474121094;41.849998474121094;12599700;40.60277557373047
2021-07-22;40.900001525878906;41.619998931884766;39.900001525878906;40.7400016784668;8148900;39.52586364746094
2021-07-23;41.290000915527344;41.61000061035156;39.95000076293945;41.54999923706055;8740400;40.31171417236328
2021-07-26;40.58000183105469;41.790000915527344;40.58000183105469;41.45000076293945;7703500;40.21470642089844
2021-07-27;40.79999923706055;40.849998474121094;36.709999084472656;39.150001525878906;17917400;37.98324203491211
2021-07-28;39.540000915527344;41.5;39.02000045776367;41.18000030517578;12983000;39.95273971557617
2021-07-29;41.22999954223633;43.689998626708984;41.22999954223633;43.45000076293945;15318400;42.15509796142578
2021-07-30;42.189998626708984;44.5;42.06999969482422;44.38999938964844;13599200;43.06707763671875
2021-08-02;45.189998626708984;46.88999938964844;44.880001068115234;45.209999084472656;17018600;43.86264419555664
2021-08-03;45.290000915527344;45.97999954223633;43.61000061035156;45.970001220703125;10801400;44.59999465942383
2021-08-04;46.15999984741211;48.150001525878906;46.04999923706055;47.61000061035156;13768900;46.191123962402344
2021-08-05;48.16999816894531;48.189998626708984;46.439998626708984;47.16999816894531;8580700;45.76423263549805
2021-08-06;46.33000183105469;47.27000045776367;46.20000076293945;46.630001068115234;6202000;45.240325927734375
2021-08-09;46.900001525878906;47.27000045776367;45.540000915527344;46.150001525878906;5943700;44.774627685546875
2021-08-10;46.369998931884766;46.56999969482422;43.5;44.45000076293945;9994500;43.12529373168945
2021-08-11;45.060001373291016;45.119998931884766;42.43000030517578;44.16999816894531;10016600;42.85363006591797
2021-08-12;43.439998626708984;43.5;41.560001373291016;42.619998931884766;9746100;41.34982681274414
2021-08-13;42.5;43.599998474121094;42.290000915527344;43.47999954223633;7655800;42.184200286865234
2021-08-16;42.90999984741211;43.43000030517578;41.93000030517578;43.0099983215332;6658600;41.72819900512695
2021-08-17;41.93000030517578;41.95000076293945;39.34000015258789;40.459999084472656;13983700;39.25419998168945
2021-08-18;40.290000915527344;40.959999084472656;38.58000183105469;38.65999984741211;10760100;37.50785446166992
2021-08-19;38.18000030517578;40.2599983215332;37.13999938964844;39.630001068115234;14855300;38.448951721191406
2021-08-20;39.959999084472656;40.75;39.0099983215332;40.43000030517578;10732300;39.225101470947266
2021-08-23;41.400001525878906;43.790000915527344;41.400001525878906;43.689998626708984;12229000;42.38794708251953
2021-08-24;43.97999954223633;44.439998626708984;43.380001068115234;43.72999954223633;8557100;42.4267463684082
2021-08-25;44.18000030517578;45.650001525878906;44.11000061035156;44.779998779296875;10125800;43.445465087890625
2021-08-26;44.52000045776367;45.33000183105469;43.709999084472656;44.68000030517578;9529400;43.34843063354492
2021-08-27;44.849998474121094;47.5;44.689998626708984;47.29999923706055;12358300;45.89036178588867
2021-08-30;47.779998779296875;49.0;47.130001068115234;47.7400016784668;10291100;46.31724548339844
2021-08-31;47.77000045776367;47.970001220703125;45.369998931884766;46.54999923706055;9620800;45.1627082824707
2021-09-01;47.22999954223633;47.29999923706055;45.83000183105469;45.959999084472656;7246900;44.590301513671875
2021-09-02;46.349998474121094;46.720001220703125;45.70000076293945;46.29999923706055;7168600;44.920162200927734
2021-09-03;46.13999938964844;47.849998474121094;45.959999084472656;47.2400016784668;7374000;45.83214569091797
2021-09-07;47.36000061035156;47.40999984741211;45.91999816894531;46.77000045776367;5660800;45.376155853271484
2021-09-08;46.099998474121094;46.369998931884766;43.7599983215332;44.95000076293945;11787400;43.61039733886719
2021-09-09;44.90999984741211;46.2599983215332;44.88999938964844;45.54999923706055;8643000;44.19251251220703
2021-09-10;46.63999938964844;48.630001068115234;46.5099983215332;46.59000015258789;14399600;45.201515197753906
2021-09-13;47.79999923706055;48.16999816894531;45.93000030517578;47.869998931884766;11356400;46.44337463378906
2021-09-14;48.400001525878906;48.970001220703125;47.13999938964844;47.869998931884766;10129200;46.44337463378906
2021-09-15;48.060001373291016;48.70000076293945;46.7599983215332;48.59000015258789;9321800;47.14191436767578
2021-09-16;47.7400016784668;49.529998779296875;47.02000045776367;49.06999969482422;9094400;47.60761642456055
2021-09-17;48.63999938964844;48.650001525878906;45.970001220703125;46.75;14478900;45.35674285888672
2021-09-20;43.75;44.20000076293945;41.15999984741211;43.29999923706055;19454600;42.009559631347656
2021-09-21;44.040000915527344;44.52000045776367;42.349998474121094;43.599998474121094;9972400;42.30061721801758
2021-09-22;44.459999084472656;46.56999969482422;44.0099983215332;46.2599983215332;11093200;44.88135528564453
2021-09-23;46.88999938964844;48.54999923706055;46.41999816894531;48.099998474121094;11819600;46.66651153564453
2021-09-24;46.86000061035156;48.22999954223633;46.779998779296875;47.95000076293945;7465000;46.52098846435547
2021-09-27;46.52000045776367;48.18000030517578;45.560001373291016;47.689998626708984;10241300;46.26873779296875
2021-09-28;44.900001525878906;45.790000915527344;42.04999923706055;42.22999954223633;23988000;40.97145462036133
2021-09-29;42.560001373291016;42.68000030517578;39.779998779296875;40.119998931884766;19889700;38.92433547973633
2021-09-30;41.060001373291016;41.95000076293945;40.0;40.040000915527344;14470200;38.84672546386719
2021-10-01;40.5;40.70000076293945;38.060001373291016;40.06999969482422;16368700;38.875823974609375
2021-10-04;39.310001373291016;39.52000045776367;36.56999969482422;37.02000045776367;20555400;35.916725158691406
2021-10-05;37.599998474121094;39.38999938964844;37.2599983215332;38.650001525878906;15194100;37.49815368652344
2021-10-06;37.31999969482422;39.13999938964844;36.91999816894531;39.060001373291016;16403200;37.895931243896484
2021-10-07;40.529998779296875;42.029998779296875;40.27000045776367;40.38999938964844;13234300;39.1862907409668
2021-10-08;40.900001525878906;41.06999969482422;39.08000183105469;39.33000183105469;10297000;38.15788269042969
2021-10-11;38.7599983215332;40.38999938964844;38.36000061035156;38.380001068115234;9446400;37.2361946105957
2021-10-12;39.209999084472656;39.310001373291016;36.470001220703125;37.04999923706055;19847400;35.94583511352539
2021-10-13;37.70000076293945;38.29999923706055;37.2400016784668;37.650001525878906;11660600;36.5279426574707
2021-10-14;39.63999938964844;41.08000183105469;39.34000015258789;41.04999923706055;14800900;39.82661819458008
2021-10-15;42.029998779296875;42.290000915527344;41.29999923706055;41.84000015258789;10988500;40.593082427978516
2021-10-18;41.13999938964844;42.970001220703125;40.439998626708984;42.86000061035156;8498200;41.582672119140625
2021-10-19;43.11000061035156;44.47999954223633;42.630001068115234;44.43000030517578;11476200;43.105892181396484
2021-10-20;44.130001068115234;44.72999954223633;43.630001068115234;44.20000076293945;9908200;42.88274383544922
2021-10-21;43.33000183105469;45.720001220703125;43.29999923706055;45.59000015258789;10019700;44.231319427490234
2021-10-22;44.84000015258789;46.22999954223633;43.77000045776367;44.04999923706055;12691700;42.737213134765625
2021-10-25;44.599998474121094;45.66999816894531;44.15999984741211;45.060001373291016;9706700;43.71711730957031
2021-10-26;46.02000045776367;46.45000076293945;44.540000915527344;44.959999084472656;12067800;43.620094299316406
2021-10-27;44.22999954223633;45.61000061035156;43.560001373291016;44.09000015258789;13076300;42.77602005004883
2021-10-28;45.84000015258789;47.099998474121094;45.56999969482422;47.0;15904400;45.59929656982422
2021-10-29;45.970001220703125;47.650001525878906;45.619998931884766;47.650001525878906;12735000;46.22993087768555
2021-11-01;47.790000915527344;49.959999084472656;47.45000076293945;49.959999084472656;14647400;48.4710807800293
2021-11-02;49.81999969482422;51.81999969482422;49.810001373291016;51.81999969482422;12421100;50.27565383911133
2021-11-03;52.06999969482422;53.810001373291016;51.41999816894531;53.66999816894531;11472200;52.07051467895508
2021-11-04;55.41999816894531;59.83000183105469;54.56999969482422;59.08000183105469;20539200;57.31928634643555
2021-11-05;60.040000915527344;62.400001525878906;59.209999084472656;60.90999984741211;19536100;59.094749450683594
2021-11-08;62.099998474121094;64.70999908447266;61.4900016784668;63.540000915527344;15603900;61.6463623046875
2021-11-09;65.2699966430664;65.62999725341797;61.40999984741211;63.400001525878906;16385900;61.51054763793945
2021-11-10;60.04999923706055;62.5;57.06999969482422;57.95000076293945;17648300;56.22296905517578
2021-11-11;60.720001220703125;61.9900016784668;59.369998931884766;61.63999938964844;13055700;59.80299377441406
2021-11-12;62.220001220703125;64.25;61.16999816894531;63.349998474121094;13052700;61.46202087402344
2021-11-15;64.7300033569336;64.73999786376953;61.2599983215332;63.20000076293945;11837400;61.31651306152344
2021-11-16;62.380001068115234;66.43000030517578;62.0099983215332;66.1500015258789;12693000;64.1785888671875
2021-11-17;66.0;66.12999725341797;63.70000076293945;64.5199966430664;11636600;62.59716796875
2021-11-18;67.87000274658203;68.9000015258789;66.02999877929688;67.9800033569336;14102700;65.95406341552734
2021-11-19;67.86000061035156;69.87000274658203;66.87999725341797;68.61000061035156;14527400;66.56526947021484
2021-11-22;69.54000091552734;72.48999786376953;65.2300033569336;65.43000030517578;16809800;63.48004150390625
2021-11-23;64.83000183105469;66.61000061035156;61.349998474121094;64.73999786376953;16233700;62.81060791015625
2021-11-24;62.9900016784668;66.9000015258789;61.209999084472656;66.87999725341797;14762200;64.88683319091797
2021-11-26;63.099998474121094;64.9800033569336;59.849998474121094;61.369998931884766;14919700;59.54104232788086
2021-11-29;63.95000076293945;68.68000030517578;63.220001220703125;68.41000366210938;18352700;66.37125396728516
2021-11-30;67.27999877929688;69.33999633789062;62.88999938964844;64.66999816894531;22246300;62.7426872253418
2021-12-01;67.54000091552734;70.95999908447266;63.04999923706055;63.15999984741211;24798700;61.27769470214844
2021-12-02;61.2599983215332;64.73999786376953;59.68000030517578;63.25;21014200;61.365020751953125
2021-12-03;65.9000015258789;67.94999694824219;60.70000076293945;62.93000030517578;18842800;61.05455780029297
2021-12-06;62.060001373291016;63.290000915527344;56.779998779296875;62.599998474121094;13816300;60.73438262939453
2021-12-07;66.76000213623047;72.5199966430664;66.72000122070312;71.98999786376953;21654500;69.84453582763672
2021-12-08;70.93000030517578;71.19999694824219;68.48999786376953;70.69000244140625;12500700;68.58329010009766
2021-12-09;69.43000030517578;71.58999633789062;65.66000366210938;65.9000015258789;14533000;63.93604278564453
2021-12-10;69.45999908447266;70.44999694824219;65.16999816894531;67.5999984741211;12329100;65.58538055419922
2021-12-13;68.0199966430664;68.70999908447266;62.0;62.34000015258789;13561500;60.48213577270508
2021-12-14;60.0;62.369998931884766;58.939998626708984;61.52000045776367;13311200;59.68657302856445
2021-12-15;61.84000015258789;68.33999633789062;59.2400016784668;68.12000274658203;19005700;66.08987426757812
2021-12-16;69.01000213623047;69.5;58.02000045776367;59.22999954223633;27692100;57.464820861816406
2021-12-17;57.34000015258789;61.58000183105469;56.86000061035156;58.959999084472656;17729000;57.20286178588867
2021-12-20;56.13999938964844;58.7599983215332;55.470001220703125;57.54999923706055;15681400;55.83488845825195
2021-12-21;61.16999816894531;63.689998626708984;58.77000045776367;63.5;20477000;61.622554779052734
2021-12-22;62.470001220703125;65.52999877929688;61.61000061035156;65.37999725341797;13011600;63.446956634521484
2021-12-23;66.0;68.75;65.91999816894531;67.41000366210938;14507000;65.41695404052734
2021-12-27;68.0999984741211;73.0;68.0;72.98999786376953;15598000;70.83197021484375
2021-12-28;74.06999969482422;74.06999969482422;69.56999969482422;70.5199966430664;14401800;68.43498992919922
2021-12-29;70.41999816894531;72.2300033569336;69.5999984741211;71.0;10702000;68.90079498291016
2021-12-30;70.5;71.33999633789062;67.88999938964844;68.36000061035156;11188200;66.3388671875
2021-12-31;68.69999694824219;70.0999984741211;67.83000183105469;68.01000213623047;10152000;65.99921417236328
2022-01-03;69.05000305175781;72.11000061035156;68.38999938964844;72.0999984741211;15794800;69.9682846069336
2022-01-04;72.58000183105469;74.20999908447266;66.04000091552734;71.06999969482422;21988000;68.96874237060547
2022-01-05;69.58999633789062;71.41999816894531;63.939998626708984;64.01000213623047;20821000;62.11747741699219
2022-01-06;64.08999633789062;66.38999938964844;61.849998474121094;65.54000091552734;19343100;63.60225296020508
2022-01-07;65.08000183105469;66.05000305175781;59.13999938964844;59.7400016784668;22625900;57.973731994628906
2022-01-10;57.34000015258789;60.189998626708984;53.81999969482422;60.0;25112700;58.22602844238281
2022-01-11;59.09000015258789;63.439998626708984;57.880001068115234;63.290000915527344;22053900;61.418766021728516
2022-01-12;64.98999786376953;66.4000015258789;62.63999938964844;64.58000183105469;19392000;62.67061996459961
2022-01-13;67.5;69.18000030517578;59.58000183105469;60.20000076293945;28866500;58.420127868652344
2022-01-14;58.7599983215332;64.54000091552734;58.560001373291016;64.4800033569336;23880600;62.57358169555664
2022-01-18;60.90999984741211;61.380001068115234;55.5;55.97999954223633;29055200;54.32489013671875
2022-01-19;57.47999954223633;58.15999984741211;50.72999954223633;50.81999969482422;28683300;49.31745147705078
2022-01-20;52.119998931884766;53.20000076293945;45.810001373291016;45.9900016784668;32438800;44.630252838134766
2022-01-21;45.220001220703125;48.93000030517578;43.400001525878906;43.709999084472656;45826500;42.41766357421875
2022-01-24;41.0;45.47999954223633;36.619998931884766;45.45000076293945;53548700;44.106224060058594
2022-01-25;41.77000045776367;43.349998474121094;39.380001068115234;40.189998626708984;40326300;39.00172805786133
2022-01-26;43.779998779296875;47.099998474121094;40.099998474121094;42.119998931884766;46405000;40.87467956542969
2022-01-27;43.400001525878906;43.45000076293945;36.0;36.36000061035156;50033700;35.28498077392578
2022-01-28;36.369998931884766;38.40999984741211;33.099998474121094;38.40999984741211;43946700;37.27436447143555
2022-01-31;38.9900016784668;44.75;38.29999923706055;44.58000183105469;39362500;43.2619514465332
2022-02-01;45.88999938964844;46.099998474121094;42.290000915527344;45.90999984741211;37795600;44.55261993408203
2022-02-02;48.470001220703125;49.5;46.459999084472656;49.34000015258789;40548600;47.88121795654297
2022-02-03;45.58000183105469;47.79999923706055;42.150001525878906;42.630001068115234;32875300;41.369590759277344
2022-02-04;42.08000183105469;44.52000045776367;40.369998931884766;43.459999084472656;30575600;42.175052642822266
2022-02-07;43.63999938964844;45.52000045776367;42.86000061035156;43.40999984741211;28382000;42.12653732299805
2022-02-08;42.75;46.880001068115234;42.540000915527344;46.599998474121094;33686800;45.222225189208984
2022-02-09;48.43000030517578;51.22999954223633;46.709999084472656;51.02000045776367;35302800;49.51153564453125
2022-02-10;47.58000183105469;52.209999084472656;45.58000183105469;46.41999816894531;51371000;45.04753494262695
2022-02-11;46.560001373291016;47.650001525878906;38.41999816894531;39.540000915527344;51212800;38.37095642089844
2022-02-14;39.75;41.849998474121094;37.86000061035156;39.59000015258789;43218400;38.41947555541992
2022-02-15;41.900001525878906;46.290000915527344;41.66999816894531;46.0099983215332;39910800;44.64966583251953
2022-02-16;44.06999969482422;46.5;43.040000915527344;46.099998474121094;35357600;44.73699951171875
2022-02-17;44.119998931884766;44.38999938964844;40.66999816894531;40.869998931884766;41858900;39.66163635253906
2022-02-18;41.13999938964844;41.349998474121094;37.77000045776367;39.630001068115234;46904100;38.45829391479492
2022-02-22;38.22999954223633;41.560001373291016;36.83000183105469;38.61000061035156;49765600;37.46845626831055
2022-02-23;40.06999969482422;41.29999923706055;35.630001068115234;35.90999984741211;52830600;34.84828567504883
2022-02-24;31.809999465942383;40.04999923706055;31.549999237060547;39.939998626708984;68362100;38.75912857055664
2022-02-25;40.0;41.84000015258789;38.15999984741211;41.779998779296875;40949000;40.54472732543945
2022-02-28;40.20000076293945;42.22999954223633;38.560001373291016;41.0099983215332;43350600;39.79749298095703
2022-03-01;40.779998779296875;41.29999923706055;35.349998474121094;36.58000183105469;46635000;35.498477935791016
2022-03-02;37.470001220703125;40.880001068115234;37.22999954223633;40.119998931884766;41485400;38.933807373046875
2022-03-03;40.650001525878906;40.869998931884766;36.81999969482422;37.54999923706055;45902800;36.439796447753906
2022-03-04;36.630001068115234;37.41999816894531;33.36000061035156;34.77000045776367;46799000;33.741981506347656
2022-03-07;34.81999969482422;35.599998474121094;29.5;29.579999923706055;50665800;28.705434799194336
2022-03-08;29.670000076293945;34.34000015258789;28.479999542236328;31.15999984741211;68456500;30.23872184753418
2022-03-09;34.119998931884766;35.65999984741211;33.06999969482422;34.93000030517578;46482400;33.897254943847656
2022-03-10;33.06999969482422;33.20000076293945;30.799999237060547;32.75;43831500;31.78170394897461
2022-03-11;34.15999984741211;34.41999816894531;30.5;30.690000534057617;34118300;29.782617568969727
2022-03-14;30.010000228881836;30.850000381469727;27.299999237060547;27.90999984741211;49351500;27.08481216430664
2022-03-15;28.450000762939453;31.719999313354492;28.010000228881836;31.510000228881836;42082900;30.578371047973633
2022-03-16;33.040000915527344;36.400001525878906;32.060001373291016;36.29999923706055;55754000;35.22675323486328
2022-03-17;35.25;37.0;34.31999969482422;36.95000076293945;37147500;35.85752868652344
2022-03-18;36.61000061035156;39.66999816894531;35.599998474121094;39.16999816894531;39797700;38.01189422607422
2022-03-21;38.70000076293945;39.970001220703125;36.880001068115234;39.0;38312100;37.846923828125
2022-03-22;38.790000915527344;41.02000045776367;38.630001068115234;39.59000015258789;34654100;38.42637634277344
2022-03-23;38.5099983215332;39.9900016784668;36.59000015258789;36.689998626708984;38313200;35.61161422729492
2022-03-24;37.81999969482422;42.25;37.29999923706055;42.09000015258789;44687200;40.85289764404297
2022-03-25;42.06999969482422;42.369998931884766;39.75;42.0099983215332;36316000;40.775245666503906
2022-03-28;41.20000076293945;42.810001373291016;39.31999969482422;42.709999084472656;35741000;41.454673767089844
2022-03-29;44.84000015258789;46.0;43.11000061035156;45.58000183105469;40148500;44.24031066894531
2022-03-30;44.709999084472656;45.20000076293945;40.68000030517578;41.349998474121094;38435700;40.1346435546875
2022-03-31;41.2599983215332;41.84000015258789;38.41999816894531;38.779998779296875;38547400;37.640174865722656
2022-04-01;39.06999969482422;39.33000183105469;34.619998931884766;36.290000915527344;57428500;35.22336959838867
2022-04-04;36.58000183105469;38.220001220703125;36.16999816894531;37.959999084472656;28200500;36.84428405761719
2022-04-05;37.09000015258789;37.2400016784668;32.529998779296875;32.880001068115234;57649600;31.913593292236328
2022-04-06;30.850000381469727;32.099998474121094;29.559999465942383;30.510000228881836;69146900;29.613258361816406
2022-04-07;30.25;31.420000076293945;28.65999984741211;30.510000228881836;55657300;29.613258361816406
2022-04-08;29.860000610351562;29.959999084472656;28.149999618530273;28.290000915527344;71608900;27.458507537841797
2022-04-11;27.040000915527344;27.709999084472656;26.34000015258789;26.489999771118164;60558200;25.711410522460938
2022-04-12;28.040000915527344;28.84000015258789;25.860000610351562;26.239999771118164;66793200;25.4687557220459
2022-04-13;26.770000457763672;28.540000915527344;26.309999465942383;28.030000686645508;50484000;27.206144332885742
2022-04-14;28.549999237060547;28.6200008392334;25.540000915527344;25.610000610351562;51193200;24.85727310180664
2022-04-18;25.260000228881836;27.670000076293945;25.15999984741211;26.979999542236328;49251700;26.18700408935547
2022-04-19;26.68000030517578;28.889999389648438;26.219999313354492;28.75;45358800;27.904983520507812
2022-04-20;30.06999969482422;30.850000381469727;28.239999771118164;28.5;51891900;27.662330627441406
2022-04-21;29.600000381469727;30.56999969482422;25.809999465942383;26.209999084472656;53808500;25.43963623046875
2022-04-22;26.100000381469727;26.559999465942383;24.3700008392334;24.450000762939453;57459200;23.731367111206055
2022-04-25;23.889999389648438;25.760000228881836;23.68000030517578;25.670000076293945;58210600;24.915510177612305
2022-04-26;24.709999084472656;24.899999618530273;22.350000381469727;22.43000030517578;55039200;21.77073860168457
2022-04-27;21.6200008392334;23.59000015258789;21.479999542236328;21.950000762939453;52406400;21.304847717285156
2022-04-28;23.200000762939453;26.299999237060547;22.399999618530273;25.579999923706055;63555800;24.82815170288086
2022-04-29;24.299999237060547;25.950000762939453;22.100000381469727;22.239999771118164;48104400;21.586322784423828
2022-05-02;22.3799991607666;24.549999237060547;21.809999465942383;24.5;57669900;23.7799015045166
2022-05-03;24.329999923706055;25.68000030517578;23.75;25.110000610351562;53115700;24.371971130371094
2022-05-04;25.690000534057617;28.139999389648438;23.299999237060547;28.020000457763672;77054200;27.196441650390625
2022-05-05;26.530000686645508;26.6200008392334;22.75;23.989999771118164;64302700;23.284883499145508
2022-05-06;23.239999771118164;24.8700008392334;21.940000534057617;23.350000381469727;73607500;22.663700103759766
2022-05-09;21.81999969482422;22.600000381469727;19.31999969482422;19.719999313354492;72482100;19.140392303466797
2022-05-10;21.450000762939453;22.149999618530273;19.719999313354492;21.09000015258789;72934500;20.470123291015625
2022-05-11;20.530000686645508;22.0;18.969999313354492;19.149999618530273;76546000;18.587142944335938
2022-05-12;18.510000228881836;19.989999771118164;17.959999084472656;19.40999984741211;79889100;18.839502334594727
2022-05-13;20.56999969482422;22.90999984741211;20.18000030517578;22.489999771118164;65885900;21.82897186279297
2022-05-16;21.860000610351562;22.510000228881836;21.200000762939453;21.3700008392334;49300800;20.741897583007812
2022-05-17;23.079999923706055;24.739999771118164;22.84000015258789;24.579999923706055;65619700;23.8575439453125
2022-05-18;23.399999618530273;24.350000381469727;20.530000686645508;20.850000381469727;61497800;20.2371768951416
2022-05-19;20.549999237060547;22.040000915527344;19.899999618530273;20.510000228881836;62522000;19.907175064086914
2022-05-20;21.540000915527344;21.649999618530273;17.65999984741211;20.360000610351562;86718200;19.76158332824707
2022-05-23;19.93000030517578;20.829999923706055;19.450000762939453;20.6299991607666;54498700;20.023643493652344
2022-05-24;19.690000534057617;19.8799991607666;18.440000534057617;19.100000381469727;57291400;18.53861427307129
2022-05-25;18.729999542236328;20.719999313354492;18.719999313354492;20.190000534057617;54536300;19.59657859802246
2022-05-26;19.610000610351562;22.829999923706055;19.479999542236328;22.540000915527344;60520000;21.87751007080078
2022-05-27;23.600000381469727;25.440000534057617;23.59000015258789;25.260000228881836;54680400;24.517562866210938
2022-05-31;25.139999389648438;25.600000381469727;23.75;24.860000610351562;48671900;24.129322052001953
2022-06-01;25.34000015258789;25.719999313354492;22.709999084472656;23.709999084472656;52378500;23.01311683654785
2022-06-02;23.399999618530273;26.280000686645508;23.299999237060547;26.200000762939453;49439000;25.429931640625
2022-06-03;24.549999237060547;24.950000762939453;23.5;23.93000030517578;42093200;23.226652145385742
2022-06-06;25.25;25.579999923706055;23.479999542236328;23.90999984741211;40514000;23.20724105834961
2022-06-07;23.020000457763672;24.739999771118164;22.540000915527344;24.600000381469727;37067500;23.876955032348633
2022-06-08;24.15999984741211;24.459999084472656;22.420000076293945;22.90999984741211;38501600;22.236629486083984
2022-06-09;22.389999389648438;23.559999465942383;21.030000686645508;21.09000015258789;37937200;20.470123291015625
2022-06-10;19.979999542236328;20.510000228881836;18.65999984741211;18.809999465942383;58924000;18.257137298583984
2022-06-13;16.93000030517578;17.40999984741211;15.34000015258789;15.550000190734863;77061300;15.092957496643066
2022-06-14;16.010000228881836;16.219999313354492;15.210000038146973;15.760000228881836;52253400;15.296783447265625
2022-06-15;16.350000381469727;17.43000030517578;15.470000267028809;16.610000610351562;77001800;16.121807098388672
2022-06-16;15.140000343322754;15.1899995803833;12.989999771118164;13.569999694824219;90753100;13.171152114868164
2022-06-17;13.649999618530273;14.020000457763672;12.779999732971191;13.699999809265137;64012800;13.297331809997559
2022-06-21;14.539999961853027;15.430000305175781;14.489999771118164;14.800000190734863;57522800;14.36500072479248
2022-06-22;14.039999961853027;14.970000267028809;13.9399995803833;14.289999961853027;49362200;13.8878173828125
2022-06-23;14.579999923706055;14.59000015258789;13.34000015258789;14.010000228881836;47625300;13.61569881439209
2022-06-24;14.640000343322754;15.850000381469727;14.569999694824219;15.8100004196167;60548200;15.365039825439453
2022-06-27;16.309999465942383;16.459999084472656;15.369999885559082;15.800000190734863;43426900;15.35532283782959
2022-06-28;16.0;16.579999923706055;14.520000457763672;14.5600004196167;56957600;14.150221824645996
2022-06-29;14.0;14.039999961853027;13.029999732971191;13.550000190734863;61516700;13.168644905090332
2022-06-30;13.029999732971191;13.829999923706055;12.380000114440918;13.100000381469727;70274900;12.731311798095703
2022-07-01;12.489999771118164;12.600000381469727;11.130000114440918;11.600000381469727;92067100;11.27352523803711
2022-07-05;10.739999771118164;11.899999618530273;10.529999732971191;11.850000381469727;82942200;11.516490936279297
2022-07-06;11.920000076293945;12.5;11.520000457763672;12.09000015258789;77177800;11.749735832214355
2022-07-07;12.90999984741211;13.890000343322754;12.90999984741211;13.710000038146973;75926300;13.324140548706055
2022-07-08;13.130000114440918;14.170000076293945;12.960000038146973;13.90999984741211;77437200;13.518515586853027
2022-07-11;13.25;13.449999809265137;12.649999618530273;12.90999984741211;52520600;12.546659469604492
2022-07-12;13.180000305175781;13.449999809265137;12.720000267028809;12.970000267028809;53368400;12.604968070983887
2022-07-13;12.180000305175781;13.5600004196167;12.130000114440918;13.289999961853027;70014100;12.915962219238281
2022-07-14;13.170000076293945;14.260000228881836;12.539999961853027;14.069999694824219;78227900;13.674009323120117
2022-07-15;14.75;15.149999618530273;14.039999961853027;15.109999656677246;74112400;14.684741020202637
2022-07-18;15.829999923706055;16.18000030517578;14.630000114440918;14.920000076293945;83926600;14.500086784362793
2022-07-19;15.609999656677246;17.170000076293945;15.5;16.950000762939453;78348500;16.47295570373535
2022-07-20;16.829999923706055;18.440000534057617;16.5;18.200000762939453;85890600;17.687772750854492
2022-07-21;18.520000457763672;19.1200008392334;17.68000030517578;19.100000381469727;80210800;18.56244659423828
2022-07-22;18.84000015258789;18.90999984741211;17.149999618530273;17.649999618530273;65689500;17.153255462646484
2022-07-25;17.229999542236328;17.3700008392334;16.43000030517578;17.299999237060547;43336800;16.81310272216797
2022-07-26;16.93000030517578;17.239999771118164;16.25;16.43000030517578;48959700;15.967589378356934
2022-07-27;17.31999969482422;19.1200008392334;17.170000076293945;18.729999542236328;78797600;18.20285987854004
2022-07-28;18.860000610351562;19.520000457763672;17.579999923706055;19.3700008392334;69548100;18.82485008239746
2022-07-29;18.56999969482422;19.989999771118164;18.31999969482422;19.829999923706055;61313500;19.271900177001953
2022-08-01;19.40999984741211;20.610000610351562;19.030000686645508;20.010000228881836;61205100;19.44683265686035
2022-08-02;19.43000030517578;20.8700008392334;19.110000610351562;19.920000076293945;60816500;19.359365463256836
2022-08-03;19.979999542236328;21.719999313354492;19.8700008392334;21.549999237060547;57214600;20.943492889404297
2022-08-04;21.469999313354492;22.270000457763672;21.219999313354492;22.06999969482422;56294600;21.4488582611084
2022-08-05;20.959999084472656;22.1200008392334;20.56999969482422;21.559999465942383;60067800;20.953208923339844
2022-08-08;20.649999618530273;21.389999389648438;19.56999969482422;20.540000915527344;59477700;19.9619197845459
2022-08-09;19.229999542236328;19.229999542236328;16.90999984741211;17.690000534057617;65153600;17.192127227783203
2022-08-10;19.079999923706055;20.020000457763672;18.389999389648438;19.90999984741211;69125300;19.34964942932129
2022-08-11;20.469999313354492;21.600000381469727;19.68000030517578;19.780000686645508;70069200;19.22330665588379
2022-08-12;20.239999771118164;21.719999313354492;19.979999542236328;21.600000381469727;57238400;20.992080688476562
2022-08-15;21.239999771118164;21.969999313354492;20.799999237060547;21.780000686645508;48991600;21.167016983032227
2022-08-16;21.479999542236328;21.739999771118164;20.389999389648438;21.139999389648438;48777200;20.545028686523438
2022-08-17;20.18000030517578;20.200000762939453;18.709999084472656;19.549999237060547;67988800;18.99977684020996
2022-08-18;19.719999313354492;21.360000610351562;19.5;20.889999389648438;50790800;20.30206871032715
2022-08-19;20.059999465942383;20.3799991607666;18.889999389648438;19.170000076293945;49700800;18.630474090576172
2022-08-22;18.100000381469727;18.149999618530273;16.770000457763672;17.040000915527344;51389400;16.5604190826416
2022-08-23;17.079999923706055;18.059999465942383;17.010000228881836;17.329999923706055;49723200;16.842260360717773
2022-08-24;17.25;17.59000015258789;16.770000457763672;17.40999984741211;42087500;16.920007705688477
2022-08-25;17.459999084472656;19.3799991607666;17.420000076293945;19.31999969482422;58659800;18.7762508392334
2022-08-26;19.25;19.329999923706055;15.949999809265137;15.979999542236328;84676900;15.530254364013672
2022-08-29;15.479999542236328;16.049999237060547;14.949999809265137;15.050000190734863;61062700;14.626429557800293
2022-08-30;15.5;15.569999694824219;13.960000038146973;14.470000267028809;77063100;14.062752723693848
2022-08-31;14.6899995803833;14.699999809265137;13.65999984741211;14.039999961853027;86870500;13.644853591918945
2022-09-01;13.029999732971191;13.260000228881836;11.970000267028809;13.220000267028809;113345600;12.847931861877441
2022-09-02;13.84000015258789;14.140000343322754;12.630000114440918;12.859999656677246;100737200;12.498064041137695
2022-09-06;12.90999984741211;13.029999732971191;12.069999694824219;12.420000076293945;79919100;12.070448875427246
2022-09-07;12.420000076293945;13.319999694824219;12.229999542236328;12.989999771118164;79632700;12.624403953552246
2022-09-08;12.640000343322754;13.800000190734863;12.369999885559082;13.649999618530273;103258300;13.265830039978027
2022-09-09;14.260000228881836;14.850000381469727;14.1899995803833;14.649999618530273;81908900;14.237686157226562
2022-09-12;14.829999923706055;15.050000190734863;14.300000190734863;14.779999732971191;67153300;14.36402702331543
2022-09-13;13.149999618530273;13.489999771118164;11.949999809265137;12.09000015258789;85975600;11.749735832214355
2022-09-14;12.279999732971191;12.739999771118164;11.9399995803833;12.460000038146973;65846900;12.109322547912598
2022-09-15;12.229999542236328;12.670000076293945;11.59000015258789;11.90999984741211;94630600;11.57480239868164
2022-09-16;11.470000267028809;12.100000381469727;11.180000305175781;12.0600004196167;87622100;11.72057819366455
2022-09-19;11.619999885559082;12.4399995803833;11.569999694824219;12.260000228881836;75532200;11.914952278137207
2022-09-20;11.850000381469727;12.039999961853027;11.430000305175781;11.699999809265137;70577400;11.40793228149414
2022-09-21;11.760000228881836;12.920000076293945;11.380000114440918;11.399999618530273;125021300;11.115421295166016
2022-09-22;11.170000076293945;11.319999694824219;10.25;10.510000228881836;112096100;10.247638702392578
2022-09-23;10.069999694824219;10.140000343322754;9.449999809265137;10.029999732971191;120047000;9.779619216918945
2022-09-26;9.90999984741211;10.359999656677246;9.5;9.550000190734863;96464800;9.311602592468262
2022-09-27;10.039999961853027;10.279999732971191;9.390000343322754;9.8100004196167;115839400;9.565114974975586
2022-09-28;9.569999694824219;10.350000381469727;9.449999809265137;10.170000076293945;119412700;9.916126251220703
2022-09-29;9.699999809265137;9.739999771118164;8.800000190734863;9.289999961853027;128122600;9.058094024658203
2022-09-30;8.899999618530273;9.609999656677246;8.739999771118164;8.859999656677246;109534300;8.638824462890625
2022-10-03;9.09000015258789;10.0;8.880000114440918;9.699999809265137;126786100;9.45785903930664
2022-10-04;10.579999923706055;11.100000381469727;10.539999961853027;11.039999961853027;114533100;10.764408111572266
2022-10-05;10.529999732971191;11.65999984741211;10.210000038146973;11.420000076293945;110030200;11.134921073913574
2022-10-06;11.289999961853027;11.920000076293945;11.050000190734863;11.1899995803833;117138000;10.910663604736328
2022-10-07;10.180000305175781;10.279999732971191;9.0;9.210000038146973;134873300;8.980091094970703
2022-10-10;9.069999694824219;9.09000015258789;7.860000133514404;8.279999732971191;163448700;8.0733060836792
2022-10-11;7.809999942779541;8.020000457763672;7.199999809265137;7.570000171661377;186475200;7.381030559539795
2022-10-12;7.489999771118164;7.619999885559082;7.230000019073486;7.340000152587891;110516500;7.156770706176758
2022-10-13;6.420000076293945;8.359999656677246;6.210000038146973;8.0;284532700;7.800294399261475
2022-10-14;8.260000228881836;8.270000457763672;6.869999885559082;6.929999828338623;177216100;6.7570061683654785
2022-10-17;7.46999979019165;7.670000076293945;7.199999809265137;7.329999923706055;113321500;7.147021770477295
2022-10-18;8.039999961853027;8.210000038146973;7.039999961853027;7.400000095367432;185506400;7.215272903442383
2022-10-19;7.269999980926514;7.800000190734863;7.199999809265137;7.570000171661377;134272400;7.381030559539795
2022-10-20;7.699999809265137;8.420000076293945;7.590000152587891;7.699999809265137;170614600;7.507783889770508
2022-10-21;7.650000095367432;8.640000343322754;7.550000190734863;8.579999923706055;178616600;8.365817070007324
2022-10-24;8.640000343322754;8.8100004196167;8.079999923706055;8.680000305175781;147205700;8.463319778442383
2022-10-25;8.800000190734863;9.470000267028809;8.75;9.260000228881836;127146900;9.02884292602539
2022-10-26;8.739999771118164;9.670000076293945;8.550000190734863;9.010000228881836;143571600;8.785083770751953
2022-10-27;9.15999984741211;9.4399995803833;8.479999542236328;8.520000457763672;129662300;8.3073148727417
2022-10-28;8.5600004196167;9.5600004196167;8.489999771118164;9.5;129291600;9.262849807739258
2022-10-31;9.300000190734863;9.350000381469727;8.75;8.920000076293945;118351000;8.697328567504883
2022-11-01;9.40999984741211;9.520000457763672;8.9399995803833;9.100000381469727;108638200;8.872835159301758
2022-11-02;9.270000457763672;9.770000457763672;8.199999809265137;8.239999771118164;174985600;8.034305572509766
2022-11-03;7.78000020980835;8.289999961853027;7.53000020980835;7.889999866485596;135668700;7.6930413246154785
2022-11-04;8.720000267028809;9.0600004196167;8.420000076293945;8.989999771118164;173041700;8.765582084655762
2022-11-07;9.270000457763672;9.6899995803833;8.880000114440918;9.59000015258789;105846700;9.350604057312012
2022-11-08;10.109999656677246;10.5600004196167;9.609999656677246;10.170000076293945;147373300;9.916126251220703
2022-11-09;9.739999771118164;9.819999694824219;9.180000305175781;9.239999771118164;107444900;9.009342193603516
2022-11-10;10.800000190734863;12.170000076293945;10.5600004196167;12.079999923706055;196270300;11.778447151184082
2022-11-11;12.279999732971191;13.40999984741211;11.829999923706055;13.220000267028809;166468400;12.889986991882324
2022-11-14;12.989999771118164;13.510000228881836;12.729999542236328;12.770000457763672;108739600;12.451221466064453
2022-11-15;14.34000015258789;14.4399995803833;13.3100004196167;13.869999885559082;159797700;13.523761749267578
2022-11-16;12.930000305175781;12.989999771118164;11.869999885559082;12.130000114440918;112310400;11.82719898223877
2022-11-17;11.34000015258789;12.579999923706055;11.3100004196167;12.369999885559082;128795400;12.061208724975586
2022-11-18;12.989999771118164;13.029999732971191;12.069999694824219;12.489999771118164;117064100;12.178210258483887
2022-11-21;12.069999694824219;12.199999809265137;11.739999771118164;11.890000343322754;84238200;11.593189239501953
2022-11-22;12.140000343322754;12.9399995803833;11.850000381469727;12.899999618530273;86949600;12.57797622680664
2022-11-23;12.899999618530273;13.75;12.84000015258789;13.319999694824219;113790600;12.987491607666016
2022-11-25;13.130000114440918;13.260000228881836;12.829999923706055;12.859999656677246;41754500;12.538973808288574
2022-11-28;12.359999656677246;12.760000228881836;11.600000381469727;11.84000015258789;87803100;11.544435501098633
2022-11-29;11.949999809265137;12.180000305175781;11.5;11.729999542236328;75056000;11.43718433380127
2022-11-30;11.84000015258789;13.850000381469727;11.520000457763672;13.819999694824219;133385800;13.475008964538574
2022-12-01;14.09000015258789;14.130000114440918;12.9399995803833;13.5;112133900;13.16299819946289
2022-12-02;12.489999771118164;13.130000114440918;12.300000190734863;13.029999732971191;98017700;12.704730033874512
2022-12-05;12.800000190734863;13.15999984741211;12.199999809265137;12.59000015258789;71095100;12.275714874267578
2022-12-06;12.539999961853027;12.600000381469727;11.380000114440918;11.720000267028809;86923400;11.427433013916016
2022-12-07;11.40999984741211;11.930000305175781;11.329999923706055;11.699999809265137;86276700;11.40793228149414
2022-12-08;11.890000343322754;12.720000267028809;11.649999618530273;12.619999885559082;101888300;12.30496597290039
2022-12-09;12.489999771118164;12.989999771118164;12.180000305175781;12.319999694824219;88787400;12.012455940246582
2022-12-12;12.140000343322754;13.010000228881836;11.9399995803833;12.979999542236328;73482200;12.655978202819824
2022-12-13;14.720000267028809;14.90999984741211;13.140000343322754;13.630000114440918;180078900;13.289753913879395
2022-12-14;13.510000228881836;14.029999732971191;12.539999961853027;13.0;139612300;12.675479888916016
2022-12-15;12.229999542236328;12.380000114440918;11.319999694824219;11.399999618530273;107181700;11.115421295166016
2022-12-16;11.199999809265137;11.479999542236328;10.770000457763672;11.109999656677246;88813800;10.832660675048828
2022-12-19;11.119999885559082;11.149999618530273;10.350000381469727;10.6899995803833;82876800;10.423145294189453
2022-12-20;10.25;10.75;10.15999984741211;10.40999984741211;88304000;10.186344146728516
2022-12-21;10.630000114440918;11.270000457763672;10.600000381469727;11.140000343322754;83240400;10.900659561157227
2022-12-22;10.539999961853027;10.5600004196167;9.109999656677246;9.779999732971191;135617300;9.569879531860352
2022-12-23;9.59000015258789;9.8100004196167;9.229999542236328;9.770000457763672;92378600;9.56009578704834
2022-12-27;9.579999923706055;9.59000015258789;9.130000114440918;9.270000457763672;78142100;9.070838928222656
2022-12-28;9.100000381469727;9.430000305175781;8.739999771118164;8.859999656677246;83917300;8.669644355773926
2022-12-29;9.279999732971191;9.829999923706055;9.180000305175781;9.670000076293945;90966000;9.46224308013916
2022-12-30;9.270000457763672;9.699999809265137;9.0600004196167;9.670000076293945;64369800;9.46224308013916
2023-01-03;10.170000076293945;10.210000038146973;9.1899995803833;9.359999656677246;97509800;9.158902168273926
2023-01-04;9.880000114440918;10.270000457763672;9.579999923706055;10.069999694824219;114576600;9.853647232055664
2023-01-05;9.800000190734863;10.0;9.529999732971191;9.569999694824219;83312800;9.36439323425293
2023-01-06;9.949999809265137;11.069999694824219;9.5600004196167;10.869999885559082;123492600;10.63646125793457
2023-01-09;11.529999732971191;12.270000457763672;11.279999732971191;11.529999732971191;136968300;11.282279968261719
2023-01-10;11.380000114440918;11.989999771118164;11.1899995803833;11.970000267028809;90401400;11.712828636169434
2023-01-11;11.979999542236328;12.430000305175781;11.649999618530273;12.399999618530273;80469400;12.133588790893555
2023-01-12;12.59000015258789;13.079999923706055;11.819999694824219;12.819999694824219;135343400;12.544565200805664
2023-01-13;12.369999885559082;13.0;12.270000457763672;12.949999809265137;74389800;12.671772003173828
2023-01-17;12.880000114440918;13.430000305175781;12.670000076293945;13.0600004196167;74500500;12.779409408569336
2023-01-18;13.449999809265137;13.760000228881836;12.8100004196167;12.819999694824219;82050400;12.544565200805664
2023-01-19;12.479999542236328;12.520000457763672;11.619999885559082;11.770000457763672;99618400;11.517123222351074
2023-01-20;12.109999656677246;12.859999656677246;11.75;12.789999961853027;89921600;12.515209197998047
2023-01-23;13.180000305175781;14.90999984741211;13.130000114440918;14.739999771118164;125178200;14.42331600189209
2023-01-24;14.289999961853027;14.850000381469727;14.15999984741211;14.4399995803833;75816000;14.129759788513184
2023-01-25;13.710000038146973;14.630000114440918;13.329999923706055;14.529999732971191;93424800;14.217826843261719
2023-01-26;15.020000457763672;15.300000190734863;14.300000190734863;15.239999771118164;111443300;14.912572860717773
2023-01-27;14.5;15.359999656677246;14.350000381469727;14.979999542236328;101402600;14.658157348632812
2023-01-30;14.350000381469727;14.619999885559082;13.729999542236328;13.800000190734863;81286700;13.503510475158691
2023-01-31;13.670000076293945;14.550000190734863;13.640000343322754;14.520000457763672;97363300;14.208041191101074
2023-02-01;14.729999542236328;17.280000686645508;14.680000305175781;16.799999237060547;150219900;16.439056396484375
2023-02-02;17.329999923706055;18.399999618530273;17.010000228881836;17.920000076293945;116420900;17.53499412536621
2023-02-03;16.780000686645508;18.1299991607666;16.600000381469727;16.93000030517578;94867600;16.566265106201172
2023-02-06;16.1200008392334;16.860000610351562;15.859999656677246;16.100000381469727;77254800;15.754097938537598
2023-02-07;16.219999313354492;17.850000381469727;16.1299991607666;17.59000015258789;119100900;17.212087631225586
2023-02-08;17.329999923706055;17.690000534057617;16.350000381469727;16.489999771118164;72392900;16.13571548461914
2023-02-09;17.329999923706055;17.899999618530273;16.209999084472656;16.579999923706055;84793400;16.223787307739258
2023-02-10;16.059999465942383;16.219999313354492;15.25;15.800000190734863;78447700;15.460541725158691
2023-02-13;15.989999771118164;16.6200008392334;15.569999694824219;16.420000076293945;60332300;16.067218780517578
2023-02-14;16.059999465942383;17.530000686645508;15.670000076293945;17.329999923706055;111460800;16.957670211791992
2023-02-15;16.809999465942383;17.59000015258789;16.43000030517578;17.540000915527344;74638200;17.163156509399414
2023-02-16;16.649999618530273;17.170000076293945;16.18000030517578;16.280000686645508;81774100;15.930231094360352
2023-02-17;15.979999542236328;16.1200008392334;15.039999961853027;15.5;82871000;15.166986465454102
2023-02-21;14.789999961853027;15.3100004196167;13.890000343322754;14.010000228881836;68114400;13.70899772644043
2023-02-22;14.109999656677246;14.40999984741211;13.539999961853027;13.829999923706055;70471500;13.532867431640625
2023-02-23;15.130000114440918;15.34000015258789;14.279999732971191;15.079999923706055;94198000;14.756010055541992
2023-02-24;14.289999961853027;14.539999961853027;13.960000038146973;14.3100004196167;74689200;14.002554893493652
2023-02-27;14.960000038146973;15.010000228881836;14.5;14.5;61896900;14.188470840454102
2023-02-28;14.399999618530273;15.270000457763672;14.3100004196167;14.649999618530273;59300500;14.335248947143555
2023-03-01;14.8100004196167;15.220000267028809;14.479999542236328;14.680000305175781;63832600;14.364603996276855
2023-03-02;14.010000228881836;15.239999771118164;13.65999984741211;15.010000228881836;73485400;14.687514305114746
2023-03-03;15.050000190734863;15.770000457763672;14.649999618530273;15.680000305175781;72055200;15.343117713928223
2023-03-06;15.829999923706055;16.25;15.039999961853027;15.170000076293945;56252700;14.844077110290527
2023-03-07;15.1899995803833;15.420000076293945;14.489999771118164;14.649999618530273;66744300;14.335248947143555
2023-03-08;14.859999656677246;15.899999618530273;14.850000381469727;15.8100004196167;71670200;15.470327377319336
2023-03-09;15.75;16.540000915527344;14.800000190734863;14.90999984741211;87945700;14.589661598205566
2023-03-10;15.109999656677246;15.25;13.8100004196167;14.050000190734863;128656300;13.748140335083008
2023-03-13;13.609999656677246;14.539999961853027;13.149999618530273;14.020000457763672;121199400;13.71878433227539
2023-03-14;14.760000228881836;15.539999961853027;14.539999961853027;15.220000267028809;107012500;14.893000602722168
2023-03-15;14.600000381469727;14.850000381469727;13.75;14.6899995803833;126199700;14.374387741088867
2023-03-16;14.479999542236328;16.520000457763672;14.300000190734863;16.420000076293945;108646600;16.067218780517578
2023-03-17;16.489999771118164;16.899999618530273;15.829999923706055;16.1299991607666;79179200;15.783452033996582
2023-03-20;16.139999389648438;16.790000915527344;15.779999732971191;16.610000610351562;62536400;16.253141403198242
2023-03-21;17.010000228881836;17.530000686645508;15.9399995803833;16.670000076293945;76051300;16.336435317993164
2023-03-22;16.68000030517578;18.020000457763672;16.200000762939453;16.239999771118164;95075000;15.915040969848633
2023-03-23;17.020000457763672;18.170000076293945;16.6299991607666;17.489999771118164;97514400;17.140029907226562
2023-03-24;17.100000381469727;17.219999313354492;16.040000915527344;16.56999969482422;90583300;16.23843765258789
2023-03-27;16.760000228881836;16.920000076293945;15.8100004196167;15.970000267028809;64605200;15.650445938110352
2023-03-28;15.869999885559082;15.880000114440918;14.899999618530273;15.630000114440918;75621600;15.317249298095703
2023-03-29;16.34000015258789;17.469999313354492;16.299999237060547;17.079999923706055;90012500;16.738235473632812
2023-03-30;17.760000228881836;18.290000915527344;17.579999923706055;17.950000762939453;80622200;17.590824127197266
2023-03-31;17.559999465942383;18.34000015258789;17.43000030517578;18.299999237060547;68287500;17.933820724487305
2023-04-03;17.920000076293945;18.15999984741211;17.1299991607666;17.809999465942383;57147300;17.453630447387695
2023-04-04;17.8700008392334;17.899999618530273;16.510000228881836;16.790000915527344;64093400;16.454038619995117
2023-04-05;16.25;16.309999465942383;15.380000114440918;15.920000076293945;86953300;15.601445198059082
2023-04-06;15.449999809265137;16.010000228881836;15.09000015258789;15.65999984741211;65901100;15.346647262573242
2023-04-10;15.220000267028809;16.5;15.140000343322754;16.389999389648438;63177700;16.062040328979492
2023-04-11;16.719999313354492;16.790000915527344;16.110000610351562;16.209999084472656;52220200;15.885640144348145
2023-04-12;16.65999984741211;16.739999771118164;15.270000457763672;15.329999923706055;76962300;15.023249626159668
2023-04-13;15.390000343322754;15.949999809265137;15.039999961853027;15.670000076293945;59431400;15.356447219848633
2023-04-14;15.640000343322754;16.190000534057617;15.079999923706055;15.579999923706055;56858500;15.268248558044434
2023-04-17;15.100000381469727;15.619999885559082;14.949999809265137;15.579999923706055;56761700;15.268248558044434
2023-04-18;16.020000457763672;16.360000610351562;15.40999984741211;15.779999732971191;56833200;15.46424674987793
2023-04-19;15.199999809265137;15.380000114440918;14.979999542236328;15.260000228881836;53185600;14.954651832580566
2023-04-20;14.789999961853027;15.899999618530273;14.75;15.199999809265137;65191000;14.895851135253906
2023-04-21;15.09000015258789;15.09000015258789;14.479999542236328;14.859999656677246;68276000;14.56265640258789
2023-04-24;14.779999732971191;15.039999961853027;14.359999656677246;14.630000114440918;48740200;14.337257385253906
2023-04-25;14.420000076293945;14.420000076293945;13.170000076293945;13.199999809265137;89382800;12.935871124267578
2023-04-26;13.619999885559082;13.789999961853027;13.180000305175781;13.369999885559082;68911200;13.102469444274902
2023-04-27;13.329999923706055;13.600000381469727;12.520000457763672;13.539999961853027;87997600;13.269068717956543
2023-04-28;13.760000228881836;14.270000457763672;13.539999961853027;14.229999542236328;65456800;13.945260047912598
2023-05-01;14.460000038146973;14.789999961853027;14.319999694824219;14.65999984741211;57191000;14.366658210754395
2023-05-02;14.65999984741211;14.90999984741211;13.90999984741211;14.350000381469727;61126500;14.062860488891602
2023-05-03;14.119999885559082;14.619999885559082;13.8100004196167;13.84000015258789;71240700;13.563065528869629
2023-05-04;13.5;14.0;13.220000267028809;13.600000381469727;62383900;13.327868461608887
2023-05-05;13.619999885559082;14.680000305175781;13.4399995803833;14.470000267028809;62636200;14.180459976196289
2023-05-08;14.460000038146973;14.699999809265137;14.069999694824219;14.649999618530273;41012800;14.356856346130371
2023-05-09;14.069999694824219;14.119999885559082;13.739999771118164;13.9399995803833;57414300;13.661063194274902
2023-05-10;14.380000114440918;14.640000343322754;13.90999984741211;14.3100004196167;78346700;14.023661613464355
2023-05-11;14.329999923706055;14.430000305175781;13.640000343322754;14.069999694824219;54962200;13.788461685180664
2023-05-12;14.180000305175781;14.369999885559082;13.59000015258789;14.020000457763672;46243600;13.739463806152344
2023-05-15;14.100000381469727;15.140000343322754;13.970000267028809;15.109999656677246;64054000;14.80765438079834
2023-05-16;14.979999542236328;15.569999694824219;14.970000267028809;15.050000190734863;54294600;14.74885368347168
2023-05-17;15.479999542236328;16.34000015258789;15.140000343322754;16.139999389648438;77302900;15.817041397094727
2023-05-18;16.34000015258789;17.799999237060547;16.31999969482422;17.670000076293945;91302200;17.316425323486328
2023-05-19;17.59000015258789;17.639999389648438;17.059999465942383;17.389999389648438;49521200;17.042030334472656
2023-05-22;16.920000076293945;17.719999313354492;16.889999389648438;17.530000686645508;43944400;17.179229736328125
2023-05-23;17.200000762939453;17.549999237060547;16.790000915527344;16.920000076293945;41287200;16.581436157226562
2023-05-24;15.890000343322754;16.229999542236328;15.489999771118164;16.030000686645508;87475800;15.709243774414062
2023-05-25;18.15999984741211;19.389999389648438;17.6299991607666;19.149999618530273;124768700;18.76681137084961
2023-05-26;20.049999237060547;23.260000228881836;20.030000686645508;22.8799991607666;112964600;22.422176361083984
2023-05-30;24.56999969482422;24.799999237060547;22.59000015258789;22.8700008392334;99439100;22.412378311157227
2023-05-31;21.709999084472656;22.670000076293945;21.09000015258789;21.149999618530273;73938700;20.726795196533203
2023-06-01;21.479999542236328;22.75;20.829999923706055;22.15999984741211;74757400;21.716583251953125
2023-06-02;22.690000534057617;22.889999389648438;21.530000686645508;22.020000457763672;65015000;21.57938575744629
2023-06-05;21.75;21.75;20.65999984741211;20.969999313354492;35747700;20.550397872924805
2023-06-06;20.549999237060547;22.059999465942383;20.43000030517578;21.729999542236328;49445200;21.29518699645996
2023-06-07;22.149999618530273;23.100000381469727;21.489999771118164;21.639999389648438;65066100;21.206989288330078
2023-06-08;21.790000915527344;22.469999313354492;21.459999084472656;22.280000686645508;43045900;21.834184646606445
2023-06-09;23.030000686645508;23.489999771118164;22.09000015258789;22.399999618530273;50142100;21.951784133911133
2023-06-12;23.200000762939453;24.68000030517578;23.1299991607666;24.600000381469727;52761000;24.107759475708008
2023-06-13;25.790000915527344;26.079999923706055;24.719999313354492;25.559999465942383;82626800;25.04854965209961
2023-06-14;25.309999465942383;26.700000762939453;24.84000015258789;26.639999389648438;84622000;26.106943130493164
2023-06-15;25.75;26.56999969482422;25.420000076293945;25.950000762939453;64797200;25.430747985839844
2023-06-16;26.770000457763672;26.790000915527344;25.1299991607666;25.239999771118164;55392600;24.734954833984375
2023-06-20;24.860000610351562;25.549999237060547;23.979999542236328;24.649999618530273;43349100;24.15675926208496
2023-06-21;24.170000076293945;24.489999771118164;22.700000762939453;22.780000686645508;59099400;22.358644485473633
2023-06-22;22.280000686645508;23.3799991607666;22.219999313354492;23.100000381469727;44637500;22.672727584838867
2023-06-23;21.950000762939453;22.280000686645508;21.520000457763672;21.889999389648438;44294000;21.485107421875
2023-06-26;22.31999969482422;23.31999969482422;22.049999237060547;22.09000015258789;47524300;21.681407928466797
2023-06-27;22.290000915527344;24.489999771118164;22.010000228881836;24.3700008392334;54471000;23.91923713684082
2023-06-28;23.18000030517578;24.440000534057617;23.110000610351562;23.719999313354492;55584500;23.281259536743164
2023-06-29;24.110000610351562;24.110000610351562;23.170000076293945;23.809999465942383;45213700;23.369596481323242
2023-06-30;24.56999969482422;25.170000076293945;24.290000915527344;24.829999923706055;47598800;24.370725631713867
2023-07-03;25.260000228881836;25.75;24.68000030517578;25.489999771118164;25289900;25.018518447875977
2023-07-05;24.989999771118164;25.18000030517578;23.829999923706055;23.850000381469727;38292000;23.40885353088379
2023-07-06;22.600000381469727;23.049999237060547;22.040000915527344;22.979999542236328;49420400;22.554946899414062
2023-07-07;23.079999923706055;24.030000686645508;22.829999923706055;22.959999084472656;41284000;22.535314559936523
2023-07-10;23.15999984741211;24.440000534057617;23.079999923706055;24.31999969482422;39943500;23.87015724182129
2023-07-11;24.68000030517578;24.739999771118164;23.280000686645508;24.34000015258789;44231000;23.88979148864746
2023-07-12;25.440000534057617;25.850000381469727;25.0;25.690000534057617;54237000;25.21482276916504
2023-07-13;26.510000228881836;27.450000762939453;26.209999084472656;27.280000686645508;42645500;26.775409698486328
2023-07-14;27.34000015258789;28.030000686645508;25.899999618530273;26.229999542236328;47910200;25.744829177856445
2023-07-17;26.280000686645508;28.530000686645508;25.770000457763672;28.059999465942383;50068600;27.540983200073242
2023-07-18;27.75;28.549999237060547;27.09000015258789;28.260000228881836;45800100;27.737287521362305
2023-07-19;28.40999984741211;28.440000534057617;27.040000915527344;27.290000915527344;49085500;26.78522491455078
2023-07-20;25.790000915527344;26.059999465942383;23.8700008392334;24.290000915527344;67340600;23.84071922302246
2023-07-21;25.010000228881836;25.59000015258789;24.5;24.920000076293945;43146400;24.459062576293945
2023-07-24;24.90999984741211;25.440000534057617;24.510000228881836;24.899999618530273;29911500;24.439430236816406
2023-07-25;25.309999465942383;26.59000015258789;25.309999465942383;26.1299991607666;39288500;25.646682739257812
2023-07-26;25.200000762939453;25.729999542236328;24.209999084472656;25.059999465942383;54225500;24.59646987915039
2023-07-27;27.0;28.049999237060547;26.0;26.459999084472656;83083300;25.970577239990234
2023-07-28;27.989999771118164;28.440000534057617;27.149999618530273;28.149999618530273;60636000;27.629316329956055
2023-07-31;28.459999084472656;28.75;27.950000762939453;28.40999984741211;37007400;27.88450813293457
2023-08-01;27.809999465942383;28.719999313354492;27.440000534057617;28.530000686645508;36908400;28.002288818359375
2023-08-02;27.5;27.5;24.790000915527344;25.280000686645508;81886500;24.812408447265625
2023-08-03;24.290000915527344;25.600000381469727;24.06999969482422;25.149999618530273;51031600;24.6848087310791
2023-08-04;24.81999969482422;25.950000762939453;24.079999923706055;24.8799991607666;59250900;24.419801712036133
2023-08-07;25.459999084472656;25.780000686645508;24.979999542236328;25.65999984741211;40030800;25.18537712097168
2023-08-08;24.5;24.549999237060547;23.43000030517578;24.459999084472656;52987700;24.007572174072266
2023-08-09;24.399999618530273;24.440000534057617;22.950000762939453;23.09000015258789;49811500;22.662912368774414
2023-08-10;23.65999984741211;24.40999984741211;22.309999465942383;22.809999465942383;65350400;22.388090133666992
2023-08-11;21.93000030517578;22.0;21.010000228881836;21.139999389648438;66258400;20.748977661132812
2023-08-14;20.860000610351562;22.959999084472656;20.65999984741211;22.93000030517578;55110100;22.505870819091797
2023-08-15;22.6200008392334;22.81999969482422;21.700000762939453;21.799999237060547;45574800;21.396770477294922
2023-08-16;21.709999084472656;21.780000686645508;20.469999313354492;20.530000686645508;54398900;20.150264739990234
2023-08-17;20.6200008392334;20.75;19.709999084472656;19.90999984741211;50769000;19.541730880737305
2023-08-18;19.219999313354492;20.43000030517578;19.110000610351562;20.149999618530273;63687900;19.777292251586914
2023-08-21;20.510000228881836;22.030000686645508;20.389999389648438;21.8799991607666;60272400;21.475292205810547
2023-08-22;22.709999084472656;22.81999969482422;21.100000381469727;21.350000381469727;59640500;20.955095291137695
2023-08-23;20.950000762939453;22.889999389648438;20.899999618530273;22.600000381469727;67010200;22.181974411010742
2023-08-24;23.889999389648438;23.920000076293945;20.239999771118164;20.40999984741211;87095000;20.032482147216797
2023-08-25;20.34000015258789;21.170000076293945;19.399999618530273;20.65999984741211;73315300;20.277856826782227
2023-08-28;21.260000228881836;21.59000015258789;20.760000228881836;21.420000076293945;57976500;21.023801803588867
2023-08-29;21.09000015258789;23.309999465942383;20.969999313354492;23.06999969482422;62384100;22.643281936645508
2023-08-30;22.920000076293945;23.700000762939453;22.3700008392334;23.399999618530273;58519900;22.967180252075195
2023-08-31;23.170000076293945;24.280000686645508;23.139999389648438;23.860000610351562;57584100;23.418668746948242
2023-09-01;24.350000381469727;24.510000228881836;23.510000228881836;24.020000457763672;50183300;23.575708389282227
2023-09-05;23.75;24.579999923706055;23.3799991607666;24.020000457763672;39873800;23.575708389282227
2023-09-06;23.8700008392334;24.290000915527344;22.65999984741211;23.440000534057617;45032300;23.006441116333008
2023-09-07;21.860000610351562;22.049999237060547;21.0;21.8700008392334;61690800;21.465476989746094
2023-09-08;21.719999313354492;22.190000534057617;21.219999313354492;21.5;40693000;21.10232162475586
2023-09-11;22.239999771118164;22.309999465942383;20.59000015258789;21.450000762939453;55474600;21.053245544433594
2023-09-12;21.0;21.979999542236328;20.850000381469727;20.940000534057617;49005100;20.55268096923828
2023-09-13;20.8799991607666;21.8700008392334;20.790000915527344;21.229999542236328;56098900;20.837316513061523
2023-09-14;21.860000610351562;21.93000030517578;21.049999237060547;21.649999618530273;54201500;21.24954605102539
2023-09-15;21.239999771118164;21.270000457763672;19.450000762939453;19.790000915527344;77383000;19.423948287963867
2023-09-18;19.290000915527344;20.18000030517578;19.200000762939453;19.93000030517578;41631100;19.561359405517578
2023-09-19;19.760000228881836;19.809999465942383;19.079999923706055;19.43000030517578;50047300;19.102237701416016
2023-09-20;19.65999984741211;19.920000076293945;18.440000534057617;18.479999542236328;58695600;18.168262481689453
2023-09-21;17.760000228881836;18.1299991607666;17.389999389648438;17.420000076293945;68048000;17.126144409179688
2023-09-22;17.899999618530273;18.3700008392334;17.6299991607666;17.84000015258789;65378900;17.539058685302734
2023-09-25;17.610000610351562;18.280000686645508;17.34000015258789;18.219999313354492;56510100;17.912649154663086
2023-09-26;17.739999771118164;17.920000076293945;16.989999771118164;17.239999771118164;70947400;16.949180603027344
2023-09-27;17.639999389648438;18.079999923706055;16.889999389648438;17.68000030517578;80980900;17.38176155090332
2023-09-28;17.56999969482422;19.219999313354492;17.350000381469727;18.639999389648438;88909800;18.32556915283203
2023-09-29;19.43000030517578;19.65999984741211;18.65999984741211;18.8700008392334;75732800;18.551687240600586
2023-10-02;18.950000762939453;19.579999923706055;18.43000030517578;19.079999923706055;65982800;18.758140563964844
2023-10-03;18.600000381469727;19.389999389648438;17.530000686645508;17.889999389648438;77741000;17.588218688964844
2023-10-04;18.18000030517578;18.809999465942383;17.770000457763672;18.639999389648438;74018800;18.32556915283203
2023-10-05;18.579999923706055;18.8700008392334;17.81999969482422;18.399999618530273;63584100;18.089614868164062
2023-10-06;18.020000457763672;19.790000915527344;17.65999984741211;19.469999313354492;92805900;19.141563415527344
2023-10-09;18.920000076293945;19.530000686645508;18.450000762939453;19.3799991607666;62652500;19.053081512451172
2023-10-10;19.559999465942383;20.6200008392334;19.290000915527344;20.049999237060547;67622800;19.711780548095703
2023-10-11;20.309999465942383;20.68000030517578;19.81999969482422;20.510000228881836;62660000;20.16402244567871
2023-10-12;20.670000076293945;21.56999969482422;20.09000015258789;20.68000030517578;83392100;20.331153869628906
2023-10-13;20.799999237060547;20.889999389648438;18.850000381469727;18.979999542236328;88671200;18.659828186035156
2023-10-16;19.1299991607666;20.0;19.100000381469727;19.809999465942383;65688500;19.475830078125
2023-10-17;18.6299991607666;19.760000228881836;17.90999984741211;19.299999237060547;90214600;18.97443389892578
2023-10-18;18.3700008392334;18.790000915527344;17.979999542236328;18.280000686645508;81406400;17.97163963317871
2023-10-19;18.760000228881836;18.93000030517578;17.229999542236328;17.43000030517578;115930900;17.13597869873047
2023-10-20;17.420000076293945;17.790000915527344;16.56999969482422;16.639999389648438;83690500;16.359302520751953
2023-10-23;16.350000381469727;17.260000228881836;15.829999923706055;16.389999389648438;89594500;16.1135196685791
2023-10-24;16.65999984741211;17.1299991607666;16.420000076293945;17.040000915527344;79093400;16.752559661865234
2023-10-25;16.3799991607666;16.520000457763672;14.710000038146973;14.970000267028809;107436500;14.717474937438965
2023-10-26;15.130000114440918;15.680000305175781;14.479999542236328;14.729999542236328;101804700;14.481522560119629
2023-10-27;15.300000190734863;15.569999694824219;14.930000305175781;15.100000381469727;91507300;14.845282554626465
2023-10-30;14.819999694824219;15.109999656677246;14.020000457763672;14.529999732971191;104353000;14.284895896911621
2023-10-31;14.539999961853027;15.029999732971191;14.010000228881836;14.899999618530273;75873100;14.64865493774414
2023-11-01;14.949999809265137;16.020000457763672;14.930000305175781;15.949999809265137;100044400;15.680943489074707
2023-11-02;16.899999618530273;17.40999984741211;16.3799991607666;17.079999923706055;89974100;16.79188346862793
2023-11-03;17.600000381469727;18.760000228881836;17.5;18.3799991607666;88065900;18.069950103759766
2023-11-06;18.450000762939453;18.639999389648438;17.729999542236328;18.25;52668800;17.942142486572266
2023-11-07;18.15999984741211;18.8799991607666;18.059999465942383;18.600000381469727;56719500;18.28624153137207
2023-11-08;18.65999984741211;18.959999084472656;18.280000686645508;18.670000076293945;50269100;18.355058670043945
2023-11-09;19.040000915527344;19.700000762939453;18.280000686645508;18.389999389648438;75784400;18.07978057861328
2023-11-10;19.059999465942383;20.780000686645508;18.829999923706055;20.600000381469727;95598900;20.25250244140625
2023-11-13;20.110000610351562;20.200000762939453;19.579999923706055;20.020000457763672;57461900;19.682287216186523
2023-11-14;21.510000228881836;22.389999389648438;21.3799991607666;22.139999389648438;94381100;21.766523361206055
2023-11-15;22.610000610351562;23.18000030517578;22.18000030517578;22.6299991607666;78026200;22.248260498046875
2023-11-16;22.3700008392334;22.90999984741211;22.139999389648438;22.719999313354492;61404400;22.336740493774414
2023-11-17;22.469999313354492;23.290000915527344;22.3700008392334;23.1299991607666;54090800;22.739826202392578
2023-11-20;23.09000015258789;24.420000076293945;23.049999237060547;24.18000030517578;56824400;23.772109985351562
2023-11-21;23.56999969482422;23.600000381469727;22.450000762939453;22.84000015258789;63297900;22.4547176361084
2023-11-22;23.229999542236328;24.1200008392334;22.81999969482422;23.0;64858200;22.612018585205078
2023-11-24;22.969999313354492;23.149999618530273;22.75;23.09000015258789;21933500;22.70050048828125
2023-11-27;22.790000915527344;23.540000915527344;22.600000381469727;22.969999313354492;40671500;22.582521438598633
2023-11-28;22.5;22.889999389648438;21.969999313354492;22.540000915527344;53548300;22.159778594970703
2023-11-29;23.459999084472656;24.299999237060547;23.139999389648438;23.219999313354492;69262600;22.828306198120117
2023-11-30;23.450000762939453;23.469999313354492;22.190000534057617;22.809999465942383;58913500;22.425222396850586
2023-12-01;22.3799991607666;23.200000762939453;21.84000015258789;23.06999969482422;54913400;22.680837631225586
2023-12-04;22.360000610351562;22.440000534057617;21.290000915527344;22.309999465942383;55773300;21.933656692504883
2023-12-05;21.68000030517578;22.09000015258789;21.34000015258789;21.93000030517578;51980900;21.560068130493164
2023-12-06;22.829999923706055;22.889999389648438;21.40999984741211;21.469999313354492;60117400;21.107826232910156
2023-12-07;22.020000457763672;23.399999618530273;21.81999969482422;23.18000030517578;77337000;22.788982391357422
2023-12-08;23.010000228881836;24.040000915527344;22.950000762939453;23.700000762939453;69286800;23.300209045410156
2023-12-11;24.389999389648438;26.3799991607666;24.309999465942383;26.110000610351562;80772700;25.669559478759766
2023-12-12;25.75;26.719999313354492;25.600000381469727;26.649999618530273;55752100;26.2004451751709
2023-12-13;26.700000762939453;28.399999618530273;26.420000076293945;27.920000076293945;80992700;27.44902229309082
2023-12-14;28.6200008392334;30.489999771118164;28.610000610351562;30.190000534057617;86502800;29.68073081970215
2023-12-15;30.459999084472656;31.59000015258789;30.350000381469727;30.56999969482422;66922000;30.054319381713867
2023-12-18;30.559999465942383;30.709999084472656;29.459999084472656;30.290000915527344;46100400;29.77904510498047
2023-12-19;30.329999923706055;30.979999542236328;30.290000915527344;30.75;39361100;30.231285095214844
2023-12-20;30.200000762939453;30.6200008392334;28.049999237060547;28.100000381469727;59562600;27.625986099243164
2023-12-21;29.75;30.40999984741211;29.350000381469727;30.260000228881836;62019200;29.816396713256836
2023-12-22;30.6200008392334;31.079999923706055;29.8799991607666;30.510000228881836;42657600;30.062734603881836
2023-12-26;30.93000030517578;32.529998779296875;30.90999984741211;32.15999984741211;48619700;31.68854522705078
2023-12-27;32.560001373291016;32.7400016784668;31.850000381469727;32.349998474121094;47991500;31.87575912475586
2023-12-28;32.59000015258789;32.779998779296875;32.04999923706055;32.220001220703125;34883800;31.747663497924805
2023-12-29;32.16999816894531;32.349998474121094;30.889999389648438;31.399999618530273;53294900;30.939687728881836
2024-01-02;29.889999389648438;29.899999618530273;27.260000228881836;28.040000915527344;79763800;27.628942489624023
2024-01-03;26.59000015258789;27.049999237060547;25.8799991607666;26.25;62304900;25.865184783935547
2024-01-04;24.959999084472656;26.329999923706055;24.799999237060547;25.579999923706055;75067000;25.20500373840332
2024-01-05;25.649999618530273;26.6200008392334;25.399999618530273;25.93000030517578;73944700;25.549875259399414
2024-01-08;26.489999771118164;28.670000076293945;26.43000030517578;28.43000030517578;73206500;28.013227462768555
2024-01-09;27.5;29.139999389648438;27.350000381469727;28.420000076293945;67616000;28.003372192382812
2024-01-10;28.639999389648438;28.68000030517578;27.09000015258789;28.170000076293945;62528400;27.757036209106445
2024-01-11;28.25;29.040000915527344;26.780000686645508;28.459999084472656;77551200;28.04277992248535
2024-01-12;28.579999923706055;28.979999542236328;27.610000610351562;28.100000381469727;48992100;27.68806266784668
2024-01-16;28.149999618530273;29.829999923706055;27.700000762939453;29.190000534057617;77707000;28.7620849609375
2024-01-17;28.3700008392334;28.549999237060547;26.959999084472656;28.43000030517578;77075400;28.013227462768555
2024-01-18;30.719999313354492;31.309999465942383;29.809999465942383;31.190000534057617;99590300;30.73276710510254
2024-01-19;32.41999816894531;34.9900016784668;31.899999618530273;34.86000061035156;91848600;34.34896469116211
2024-01-22;35.68000030517578;36.56999969482422;34.220001220703125;35.2599983215332;73322100;34.743099212646484
2024-01-23;35.22999954223633;36.0099983215332;34.220001220703125;35.91999816894531;50847400;35.3934211730957
2024-01-24;37.099998474121094;38.91999816894531;36.2599983215332;37.41999816894531;97248200;36.87143325805664
2024-01-25;39.5;39.529998779296875;36.52000045776367;37.119998931884766;82851400;36.57583236694336
2024-01-26;34.869998931884766;35.54999923706055;33.70000076293945;34.0099983215332;70933100;33.51142501831055
2024-01-29;34.22999954223633;35.130001068115234;33.5099983215332;35.040000915527344;54398800;34.526329040527344
2024-01-30;34.560001373291016;35.130001068115234;33.04999923706055;33.529998779296875;55768200;33.038455963134766
2024-01-31;31.920000076293945;33.869998931884766;31.139999389648438;32.099998474121094;85888800;31.629423141479492
2024-02-01;32.279998779296875;32.720001220703125;31.200000762939453;32.45000076293945;60671300;31.974292755126953
2024-02-02;32.349998474121094;33.91999816894531;32.16999816894531;33.650001525878906;67828900;33.15669631958008
2024-02-05;34.54999923706055;35.599998474121094;33.41999816894531;35.099998474121094;65899800;34.585445404052734
2024-02-06;35.369998931884766;35.47999954223633;32.65999984741211;33.83000183105469;62828900;33.33406448364258
2024-02-07;34.439998626708984;35.4900016784668;33.459999084472656;35.36000061035156;63261800;34.841636657714844
2024-02-08;35.7400016784668;37.95000076293945;35.63999938964844;37.150001525878906;59516900;36.60539627075195
2024-02-09;37.86000061035156;39.540000915527344;37.16999816894531;39.31999969482422;65860900;38.74357604980469
2024-02-12;39.40999984741211;41.33000183105469;38.650001525878906;39.150001525878906;72207900;38.57607650756836
2024-02-13;35.709999084472656;37.959999084472656;35.15999984741211;36.84000015258789;86489300;36.2999382019043
2024-02-14;38.13999938964844;39.27000045776367;37.61000061035156;39.119998931884766;62424100;38.546512603759766
2024-02-15;40.0;40.119998931884766;38.5;39.11000061035156;60937300;38.53665542602539
2024-02-16;39.84000015258789;40.779998779296875;37.970001220703125;38.33000183105469;77150800;37.768096923828125
2024-02-20;37.2400016784668;37.66999816894531;34.65999984741211;36.41999816894531;80980100;35.88608932495117
2024-02-21;35.11000061035156;36.150001525878906;34.58000183105469;36.13999938964844;64615200;35.61019515991211
2024-02-22;40.45000076293945;42.04999923706055;39.869998931884766;41.41999816894531;96865500;40.81279754638672
2024-02-23;42.13999938964844;42.68000030517578;39.40999984741211;40.16999816894531;68430000;39.58111572265625
2024-02-26;41.220001220703125;41.79999923706055;40.400001525878906;41.209999084472656;49475100;40.605865478515625
2024-02-27;41.810001373291016;42.15999984741211;40.779998779296875;41.11000061035156;48124600;40.50733947753906
2024-02-28;39.7400016784668;40.5;39.150001525878906;39.79999923706055;46281900;39.2165412902832
2024-02-29;41.209999084472656;43.130001068115234;40.77000045776367;42.84000015258789;67431600;42.211978912353516
2024-03-01;44.400001525878906;48.95000076293945;44.2400016784668;48.33000183105469;90615500;47.621498107910156
2024-03-04;50.0;51.40999984741211;49.0;49.77000045776367;81255500;49.04039001464844
2024-03-05;48.0099983215332;49.0;45.2599983215332;46.84000015258789;76835800;46.15333938598633
2024-03-06;49.77000045776367;51.849998474121094;48.720001220703125;50.220001220703125;91762300;49.483795166015625
2024-03-07;52.150001525878906;56.060001373291016;52.099998474121094;55.31999969482422;91590800;54.509033203125
2024-03-08;55.939998626708984;56.9900016784668;48.79999923706055;48.95000076293945;129037200;48.23241424560547
2024-03-11;46.939998626708984;47.790000915527344;45.099998474121094;46.77000045776367;76456400;46.08436584472656
2024-03-12;48.439998626708984;49.689998626708984;46.0;49.58000183105469;89505900;48.853172302246094
2024-03-13;47.900001525878906;48.040000915527344;45.09000015258789;46.08000183105469;79513600;45.404483795166016
2024-03-14;45.5;46.34000015258789;42.18000030517578;43.529998779296875;77822900;42.89186096191406
2024-03-15;41.810001373291016;44.13999938964844;41.619998931884766;42.7400016784668;72496500;42.113441467285156
2024-03-18;44.70000076293945;45.2599983215332;42.33000183105469;42.540000915527344;65139200;41.916378021240234
2024-03-19;40.709999084472656;41.95000076293945;38.95000076293945;41.41999816894531;83450200;40.846405029296875
2024-03-20;41.59000015258789;43.79999923706055;40.619998931884766;43.400001525878906;79396800;42.798980712890625
2024-03-21;47.619998931884766;48.7599983215332;46.060001373291016;46.310001373291016;82495700;45.66868591308594
2024-03-22;45.68000030517578;47.5;45.25;46.43000030517578;57152800;45.78702163696289
2024-03-25;44.5;47.18000030517578;44.13999938964844;45.88999938964844;54917700;45.25449752807617
2024-03-26;46.81999969482422;47.369998931884766;44.880001068115234;45.029998779296875;55697600;44.406410217285156
2024-03-27;46.22999954223633;46.540000915527344;43.90999984741211;46.5;56643600;45.85605239868164
2024-03-28;46.310001373291016;47.29999923706055;46.0099983215332;46.529998779296875;45684700;45.88563537597656
2024-04-01;46.72999954223633;49.9900016784668;46.720001220703125;47.9900016784668;63270000;47.32542037963867
2024-04-02;45.83000183105469;46.15999984741211;44.380001068115234;45.880001068115234;57411500;45.24463653564453
2024-04-03;44.290000915527344;47.18000030517578;44.209999084472656;46.189998626708984;54158200;45.55034637451172
2024-04-04;48.130001068115234;48.4900016784668;41.97999954223633;42.369998931884766;82719300;41.783241271972656
2024-04-05;42.70000076293945;44.529998779296875;41.939998626708984;43.619998931884766;71151400;43.01593780517578
2024-04-08;44.5;45.189998626708984;43.5;44.0;42780900;43.39067459106445
2024-04-09;45.369998931884766;45.849998474121094;43.16999816894531;45.38999938964844;66283900;44.76142501831055
2024-04-10;43.11000061035156;44.77000045776367;42.189998626708984;43.09000015258789;74894000;42.49327850341797
2024-04-11;43.709999084472656;46.04999923706055;42.65999984741211;45.79999923706055;64703800;45.16574478149414
2024-04-12;43.31999969482422;43.54999923706055;41.029998779296875;41.5099983215332;79978400;40.93515396118164
2024-04-15;42.9900016784668;43.400001525878906;39.099998474121094;39.779998779296875;62077800;39.2291145324707
2024-04-16;39.75;41.16999816894531;39.209999084472656;40.540000915527344;62696200;39.97858810424805
2024-04-17;40.599998474121094;40.849998474121094;36.63999938964844;37.060001373291016;85426600;36.54677963256836
2024-04-18;36.040000915527344;36.79999923706055;34.529998779296875;34.90999984741211;91529700;34.42655563354492
2024-04-19;33.959999084472656;34.58000183105469;30.200000762939453;30.790000915527344;105240100;30.36361312866211
2024-04-22;31.579999923706055;32.849998474121094;30.5;32.06999969482422;65096900;31.625885009765625
2024-04-23;32.81999969482422;34.65999984741211;32.59000015258789;34.11000061035156;66511500;33.63763427734375
2024-04-24;36.90999984741211;37.47999954223633;34.599998474121094;35.4900016784668;80370100;34.99851989746094
2024-04-25;35.279998779296875;38.18000030517578;34.63999938964844;37.40999984741211;80677600;36.89193344116211
2024-04-26;37.31999969482422;40.290000915527344;37.0099983215332;39.79999923706055;59041700;39.248836517333984
2024-04-29;39.599998474121094;40.83000183105469;38.709999084472656;40.61000061035156;51120700;40.04762268066406
2024-04-30;40.08000183105469;41.4900016784668;38.119998931884766;38.18000030517578;56304200;37.65127182006836
2024-05-01;36.08000183105469;38.060001373291016;33.650001525878906;34.369998931884766;97290300;33.8940315246582
2024-05-02;35.97999954223633;36.90999984741211;34.119998931884766;36.45000076293945;56653400;35.94523239135742
2024-05-03;38.75;39.58000183105469;38.099998474121094;38.970001220703125;58599400;38.430335998535156
2024-05-06;39.970001220703125;41.380001068115234;39.47999954223633;41.29999923706055;48404800;40.728065490722656
2024-05-07;41.529998779296875;41.90999984741211;40.279998779296875;40.36000061035156;51508400;39.80108642578125
2024-05-08;39.060001373291016;40.5;38.959999084472656;40.40999984741211;53735100;39.85038757324219
2024-05-09;40.400001525878906;40.619998931884766;39.310001373291016;39.959999084472656;39132700;39.40662384033203
2024-05-10;41.150001525878906;42.2400016784668;40.52000045776367;41.029998779296875;47048400;40.4618034362793
2024-05-13;41.599998474121094;42.06999969482422;41.08000183105469;41.27000045776367;30565400;40.698482513427734
2024-05-14;41.18000030517578;43.439998626708984;41.04999923706055;43.209999084472656;41581500;42.611610412597656
2024-05-15;44.66999816894531;47.06999969482422;43.9900016784668;47.0;58063500;46.3491325378418
2024-05-16;46.959999084472656;48.029998779296875;46.209999084472656;46.2599983215332;46325500;45.61937713623047
2024-05-17;47.02000045776367;47.380001068115234;44.33000183105469;45.400001525878906;40965800;44.77128601074219
2024-05-20;45.959999084472656;49.29999923706055;45.810001373291016;48.25;55103200;47.581817626953125
2024-05-21;46.54999923706055;48.189998626708984;46.40999984741211;47.97999954223633;36437200;47.31555938720703
2024-05-22;49.25;50.0;48.099998474121094;49.380001068115234;55487800;48.69617462158203
2024-05-23;53.150001525878906;53.20000076293945;47.54999923706055;48.810001373291016;81175900;48.134063720703125
2024-05-24;50.02000045776367;52.06999969482422;49.349998474121094;51.439998626708984;48477400;50.72764205932617
2024-05-28;53.34000015258789;54.88999938964844;51.75;54.040000915527344;50658400;53.29163360595703
2024-05-29;51.150001525878906;51.91999816894531;50.650001525878906;50.97999954223633;42965600;50.274009704589844
2024-05-30;50.84000015258789;51.34000015258789;48.97999954223633;50.0;38260500;49.30758285522461
2024-05-31;50.29999923706055;50.720001220703125;44.380001068115234;48.59000015258789;72522600;47.917110443115234
2024-06-03;50.810001373291016;50.93000030517578;46.119998931884766;48.59000015258789;53127300;47.917110443115234
2024-06-04;48.459999084472656;48.650001525878906;46.43000030517578;47.59000015258789;46692500;46.93095779418945
2024-06-05;50.029998779296875;53.869998931884766;49.56999969482422;53.52000045776367;66560100;52.77884292602539
2024-06-06;53.790000915527344;53.790000915527344;51.22999954223633;52.5099983215332;43947600;51.7828254699707
2024-06-07;52.22999954223633;52.900001525878906;50.810001373291016;51.869998931884766;50248700;51.15168380737305
2024-06-10;50.52000045776367;54.58000183105469;50.41999816894531;53.95000076293945;43759400;53.202884674072266
2024-06-11;53.380001068115234;54.47999954223633;51.70000076293945;54.16999816894531;37695700;53.419837951660156
2024-06-12;57.25;59.45000076293945;56.810001373291016;58.720001220703125;73759300;57.90682601928711
2024-06-13;60.06999969482422;61.4900016784668;58.29999923706055;60.86000061035156;45660700;60.01719284057617
2024-06-14;58.95000076293945;60.54999923706055;58.349998474121094;60.099998474121094;39112000;59.26771545410156
2024-06-17;61.0;63.150001525878906;58.95000076293945;62.66999816894531;54196500;61.8021240234375
2024-06-18;63.41999816894531;66.19000244140625;63.099998474121094;65.23999786376953;47069100;64.33654022216797
2024-06-20;65.5199966430664;65.83000183105469;58.790000915527344;60.02000045776367;60852900;59.1888313293457
2024-06-21;58.41999816894531;60.18000030517578;56.029998779296875;58.20000076293945;50012300;57.39402389526367
2024-06-24;56.45000076293945;57.4900016784668;53.029998779296875;53.220001220703125;54326400;52.48299789428711
2024-06-25;54.22999954223633;55.45000076293945;52.349998474121094;55.29999923706055;43610200;54.687294006347656
2024-06-26;55.15999984741211;56.220001220703125;52.849998474121094;54.779998779296875;41093400;54.173057556152344
2024-06-27;54.33000183105469;55.58000183105469;52.81999969482422;53.79999923706055;35417000;53.20391845703125
2024-06-28;54.869998931884766;58.58000183105469;54.09000015258789;55.36000061035156;55584600;54.74663162231445
2024-07-01;55.36000061035156;55.54999923706055;52.25;55.36000061035156;43335000;54.74663162231445
2024-07-02;54.36000061035156;57.75;54.279998779296875;57.599998474121094;45011700;56.96181106567383
2024-07-03;58.099998474121094;61.52000045776367;57.18000030517578;60.38999938964844;40242700;59.72090148925781
2024-07-05;61.86000061035156;62.380001068115234;59.790000915527344;60.810001373291016;38395400;60.13624572753906
2024-07-08;62.2599983215332;64.5;62.20000076293945;64.30999755859375;42861600;63.597469329833984
2024-07-09;65.12999725341797;66.1500015258789;62.41999816894531;64.25;41789800;63.53813552856445
2024-07-10;65.88999938964844;69.0;65.01000213623047;68.58999633789062;48280800;67.83003997802734
2024-07-11;70.01000213623047;70.08000183105469;61.220001220703125;61.9900016784668;75368500;61.30317687988281
2024-07-12;62.84000015258789;67.30000305175781;61.650001525878906;63.939998626708984;51046400;63.2315673828125
2024-07-15;64.94000244140625;66.76000213623047;63.04999923706055;64.13999938964844;48228700;63.42934799194336
2024-07-16;65.0199966430664;65.58999633789062;62.22999954223633;65.30000305175781;39846400;64.57649993896484
2024-07-17;58.599998474121094;59.29999923706055;51.220001220703125;51.54999923706055;99429800;50.978843688964844
2024-07-18;54.15999984741211;54.16999816894531;49.119998931884766;51.65999984741211;94172600;51.087623596191406
2024-07-19;51.779998779296875;52.369998931884766;46.75;47.0;75969100;46.4792594909668
2024-07-22;50.04999923706055;52.95000076293945;48.810001373291016;52.93000030517578;73675300;52.34355545043945
2024-07-23;50.5;52.06999969482422;50.0;50.529998779296875;50181600;49.970149993896484
2024-07-24;48.43000030517578;48.790000915527344;42.25;42.900001525878906;90534800;42.4246826171875
2024-07-25;41.5099983215332;43.70000076293945;37.38999938964844;39.779998779296875;143325900;39.3392448425293
2024-07-26;42.2400016784668;43.0;40.709999084472656;41.91999816894531;82759200;41.45553970336914
2024-07-29;43.369998931884766;45.0;41.2599983215332;41.810001373291016;80788400;41.346763610839844
2024-07-30;42.380001068115234;42.66999816894531;36.779998779296875;37.2400016784668;108596000;36.827396392822266
2024-07-31;42.29999923706055;44.7599983215332;41.41999816894531;44.38999938964844;96880500;43.89817428588867
2024-08-01;42.04999923706055;43.41999816894531;33.41999816894531;35.0;163864400;34.612213134765625
2024-08-02;30.559999465942383;31.59000015258789;28.139999389648438;29.34000015258789;198233900;29.014923095703125
2024-08-05;23.520000457763672;30.149999618530273;23.5;27.889999389648438;220042200;27.58098793029785
2024-08-06;28.600000381469727;30.799999237060547;27.170000076293945;28.579999923706055;137309500;28.263341903686523
2024-08-07;31.31999969482422;31.940000534057617;25.940000534057617;26.219999313354492;146256500;25.929489135742188
2024-08-08;28.56999969482422;31.600000381469727;26.8700008392334;31.459999084472656;149988600;31.111433029174805
2024-08-09;30.709999084472656;31.790000915527344;29.579999923706055;31.010000228881836;96949800;30.66642189025879
2024-08-12;31.110000610351562;32.59000015258789;30.229999542236328;31.40999984741211;89135100;31.061988830566406
2024-08-13;32.65999984741211;35.43000030517578;32.189998626708984;35.279998779296875;103380000;34.88911056518555
2024-08-14;36.18000030517578;36.63999938964844;33.27000045776367;35.04999923706055;112421600;34.66166305541992
2024-08-15;37.349998474121094;40.470001220703125;36.86000061035156;39.91999816894531;107522700;39.47770309448242
2024-08-16;38.790000915527344;40.22999954223633;38.06999969482422;39.72999954223633;82364600;39.2898063659668
2024-08-19;39.279998779296875;41.75;37.88999938964844;41.599998474121094;77684200;41.13908386230469
2024-08-20;41.04999923706055;41.91999816894531;39.099998474121094;40.09000015258789;83644600;39.645816802978516
2024-08-21;40.75;42.36000061035156;40.33000183105469;41.72999954223633;83611500;41.26765060424805
2024-08-22;42.5099983215332;42.880001068115234;37.11000061035156;37.5099983215332;107889900;37.09440231323242
2024-08-23;39.15999984741211;41.209999084472656;38.59000015258789;40.400001525878906;87128100;39.9523811340332
2024-08-26;39.75;40.290000915527344;36.90999984741211;37.369998931884766;86603000;36.955955505371094
2024-08-27;36.5099983215332;38.970001220703125;35.52000045776367;38.4900016784668;74033300;38.06354904174805
2024-08-28;38.09000015258789;38.86000061035156;35.290000915527344;36.599998474121094;101998500;36.19448471069336
2024-08-29;37.060001373291016;38.93000030517578;35.630001068115234;36.189998626708984;97333200;35.789024353027344
2024-08-30;38.68000030517578;39.220001220703125;37.060001373291016;38.790000915527344;85280800;38.3602180480957
2024-09-03;36.79999923706055;36.810001373291016;29.399999618530273;30.06999969482422;140077900;29.736833572387695
2024-09-04;29.06999969482422;31.690000534057617;28.729999542236328;30.299999237060547;108759900;29.96428680419922
2024-09-05;29.049999237060547;31.200000762939453;28.829999923706055;29.75;100075900;29.420381546020508
2024-09-06;29.110000610351562;29.170000076293945;25.5;25.959999084472656;156147600;25.67237091064453
2024-09-09;27.18000030517578;27.729999542236328;26.149999618530273;27.43000030517578;84474500;27.126087188720703
2024-09-10;27.540000915527344;28.389999389648438;26.239999771118164;28.350000381469727;81557500;28.0358943939209
2024-09-11;28.889999389648438;32.41999816894531;27.079999923706055;32.220001220703125;143140900;31.863012313842773
2024-09-12;31.75;32.689998626708984;30.350000381469727;31.809999465942383;98895800;31.457557678222656
2024-09-13;32.52000045776367;33.720001220703125;32.36000061035156;33.43000030517578;78147300;33.059608459472656
2024-09-16;32.029998779296875;32.63999938964844;30.84000015258789;32.15999984741211;79670100;31.803678512573242
2024-09-17;33.310001373291016;33.560001373291016;31.360000610351562;32.15999984741211;86913700;31.803678512573242
2024-09-18;32.540000915527344;34.0;31.049999237060547;31.139999389648438;113735500;30.794979095458984
2024-09-19;34.68000030517578;36.439998626708984;33.880001068115234;35.119998931884766;123984300;34.73088455200195
2024-09-20;34.04999923706055;34.400001525878906;32.040000915527344;33.54999923706055;108589600;33.178279876708984
2024-09-23;33.970001220703125;34.380001068115234;33.189998626708984;33.91999816894531;59731600;33.5441780090332
2024-09-24;34.84000015258789;35.70000076293945;33.58000183105469;35.06999969482422;83369600;34.74289321899414
2024-09-25;34.709999084472656;36.459999084472656;34.650001525878906;35.7400016784668;73587500;35.406646728515625
2024-09-26;40.20000076293945;40.5099983215332;36.709999084472656;39.650001525878906;138171800;39.280174255371094
2024-09-27;40.0;40.0099983215332;37.099998474121094;37.65999984741211;85253500;37.308738708496094
2024-09-30;36.25;37.40999984741211;35.04999923706055;36.68000030517578;74316700;36.33787536621094
2024-10-01;36.59000015258789;36.9900016784668;32.7400016784668;33.83000183105469;124928300;33.514461517333984
2024-10-02;33.849998474121094;36.04999923706055;33.15999984741211;34.959999084472656;81729100;34.63391876220703
2024-10-03;34.06999969482422;36.61000061035156;33.97999954223633;35.209999084472656;86857200;34.881587982177734
2024-10-04;37.310001373291016;37.529998779296875;35.45000076293945;36.68000030517578;100846900;36.33787536621094
2024-10-07;35.91999816894531;37.2400016784668;35.56999969482422;36.40999984741211;73150200;36.07039260864258
2024-10-08;36.41999816894531;37.83000183105469;35.65999984741211;37.459999084472656;66629700;37.110599517822266
2024-10-09;37.290000915527344;38.7599983215332;36.529998779296875;38.61000061035156;67182800;38.2498779296875
2024-10-10;37.099998474121094;38.41999816894531;36.36000061035156;37.83000183105469;79999000;37.47715377807617
2024-10-11;36.93000030517578;39.04999923706055;36.86000061035156;38.66999816894531;58434500;38.30931091308594
2024-10-14;39.439998626708984;41.060001373291016;39.349998474121094;40.81999969482422;69661800;40.43925857543945
2024-10-15;40.4900016784668;41.189998626708984;33.63999938964844;34.470001220703125;131664200;34.14849090576172
2024-10-16;35.75;35.75;34.0;34.459999084472656;70233000;34.138580322265625
2024-10-17;37.16999816894531;37.36000061035156;35.209999084472656;35.209999084472656;97549000;34.881587982177734
2024-10-18;36.25;36.33000183105469;34.849998474121094;35.27000045776367;56704300;34.9410285949707
2024-10-21;34.84000015258789;35.380001068115234;33.72999954223633;35.09000015258789;59115800;34.7627067565918
2024-10-22;34.400001525878906;35.029998779296875;33.849998474121094;34.689998626708984;51493100;34.36643600463867
2024-10-23;34.40999984741211;34.880001068115234;32.290000915527344;33.79999923706055;81658300;33.484737396240234
2024-10-24;34.58000183105469;34.7400016784668;33.529998779296875;34.290000915527344;60128300;33.97016906738281
2024-10-25;35.189998626708984;36.869998931884766;35.16999816894531;35.279998779296875;82300500;34.95093536376953
2024-10-28;35.29999923706055;36.09000015258789;34.75;35.349998474121094;51661100;35.02027893066406
2024-10-29;35.459999084472656;38.45000076293945;34.939998626708984;37.97999954223633;72288200;37.62574768066406
2024-10-30;34.970001220703125;35.70000076293945;33.90999984741211;34.0099983215332;89440100;33.692779541015625
2024-10-31;33.0099983215332;33.02000045776367;29.229999542236328;30.09000015258789;135437800;29.809343338012695
2024-11-01;30.690000534057617;31.829999923706055;30.3799991607666;30.829999923706055;80726000;30.54244041442871
2024-11-04;30.610000610351562;31.670000076293945;30.010000228881836;30.350000381469727;60422400;30.066917419433594
2024-11-05;30.360000610351562;31.489999771118164;30.25;31.3799991607666;63174900;31.087308883666992
2024-11-06;33.25;34.5;32.400001525878906;34.119998931884766;97893100;33.801753997802734
2024-11-07;35.77000045776367;36.369998931884766;35.439998626708984;36.209999084472656;77945800;35.872257232666016
2024-11-08;35.560001373291016;36.279998779296875;34.84000015258789;35.40999984741211;62666300;35.07971954345703
2024-11-11;34.349998474121094;34.40999984741211;31.479999542236328;32.77000045776367;99155700;32.46434783935547
2024-11-12;32.369998931884766;32.54999923706055;30.3799991607666;31.670000076293945;75694800;31.37460708618164
2024-11-13;30.829999923706055;31.219999313354492;29.469999313354492;29.690000534057617;92269200;29.413074493408203
2024-11-14;30.59000015258789;30.84000015258789;29.3799991607666;29.600000381469727;68994200;29.32391357421875
2024-11-15;28.010000228881836;28.489999771118164;26.43000030517578;26.65999984741211;113560200;26.411334991455078
2024-11-18;26.700000762939453;27.829999923706055;26.299999237060547;27.670000076293945;70256700;27.411914825439453
2024-11-19;27.3700008392334;28.030000686645508;27.09000015258789;27.850000381469727;57030600;27.59023666381836
2024-11-20;27.34000015258789;27.559999465942383;26.0;27.1299991607666;90911700;26.876951217651367
2024-11-21;28.049999237060547;28.920000076293945;26.469999313354492;28.489999771118164;106013200;28.224266052246094
2024-11-22;28.25;28.690000534057617;27.84000015258789;28.489999771118164;52604100;28.224266052246094
2024-11-25;29.579999923706055;30.100000381469727;28.739999771118164;29.329999923706055;70536000;29.05643081665039
2024-11-26;30.040000915527344;30.25;27.459999084472656;28.1299991607666;73204200;27.867624282836914
2024-11-27;27.68000030517578;27.75;25.579999923706055;26.979999542236328;84235700;26.728349685668945
2024-11-29;27.549999237060547;29.040000915527344;27.5;28.059999465942383;54303400;27.798274993896484
2024-12-02;28.559999465942383;30.799999237060547;28.459999084472656;30.200000762939453;89389800;29.918317794799805
2024-12-03;29.579999923706055;30.280000686645508;29.399999618530273;29.729999542236328;59730300;29.452699661254883
2024-12-04;31.540000915527344;31.559999465942383;30.239999771118164;30.8799991607666;67498800;30.59197425842285
2024-12-05;30.75;30.8700008392334;28.8799991607666;29.1200008392334;59282100;28.848390579223633
2024-12-06;29.200000762939453;29.860000610351562;28.899999618530273;29.610000610351562;49152300;29.333820343017578
2024-12-09;29.06999969482422;30.31999969482422;28.610000610351562;29.229999542236328;54963000;28.95736312866211
2024-12-10;29.43000030517578;29.530000686645508;26.559999465942383;27.059999465942383;77681700;26.80760383605957
2024-12-11;28.329999923706055;29.6299991607666;27.790000915527344;29.1200008392334;77277400;28.848390579223633
2024-12-12;28.450000762939453;28.829999923706055;27.739999771118164;28.459999084472656;59937600;28.194543838500977
2024-12-13;30.3700008392334;31.309999465942383;29.489999771118164;30.700000762939453;103693900;30.413654327392578
2024-12-16;31.1200008392334;32.95000076293945;30.389999389648438;32.5099983215332;85469700;32.20677185058594
2024-12-17;31.579999923706055;32.09000015258789;30.549999237060547;31.1299991607666;64499000;30.839643478393555
2024-12-18;31.780000686645508;32.47999954223633;27.0;27.829999923706055;102912200;27.57042121887207
2024-12-19;27.969999313354492;28.010000228881836;26.059999465942383;26.299999237060547;86520100;26.0546932220459
2024-12-20;25.81999969482422;28.3700008392334;25.59000015258789;27.299999237060547;108080200;27.045366287231445
2024-12-23;27.889999389648438;29.760000228881836;27.860000610351562;29.59000015258789;79330900;29.39691925048828
2024-12-24;30.260000228881836;30.56999969482422;29.65999984741211;30.479999542236328;39963700;30.281112670898438
2024-12-26;29.899999618530273;31.100000381469727;29.760000228881836;30.56999969482422;45184100;30.37052345275879
2024-12-27;29.979999542236328;30.18000030517578;28.59000015258789;29.690000534057617;59316300;29.496267318725586
2024-12-30;28.239999771118164;28.780000686645508;27.31999969482422;27.940000534057617;64859000;27.757686614990234
2024-12-31;28.200000762939453;28.56999969482422;26.93000030517578;27.309999465942383;61199500;27.13179588317871
2025-01-02;28.1299991607666;29.049999237060547;27.040000915527344;27.670000076293945;80996300;27.48944854736328
2025-01-03;28.31999969482422;30.1200008392334;28.15999984741211;29.81999969482422;72119600;29.625417709350586
2025-01-06;31.809999465942383;33.630001068115234;31.809999465942383;32.4900016784668;95159500;32.27799987792969
2025-01-07;33.56999969482422;33.72999954223633;30.600000381469727;31.149999618530273;79205700;30.946739196777344
2025-01-08;30.799999237060547;31.010000228881836;29.18000030517578;30.18000030517578;69523500;29.98307228088379
2025-01-10;29.059999465942383;29.09000015258789;27.440000534057617;28.059999465942383;85395000;27.876901626586914
2025-01-13;26.440000534057617;27.8700008392334;26.25;27.850000381469727;68286400;27.66827392578125
2025-01-14;28.469999313354492;28.959999084472656;27.18000030517578;28.1200008392334;79759400;27.936511993408203
2025-01-15;29.649999618530273;30.459999084472656;29.299999237060547;29.940000534057617;69461300;29.74463653564453
2025-01-16;31.459999084472656;31.719999313354492;29.989999771118164;29.989999771118164;78881100;29.794309616088867
2025-01-17;32.029998779296875;32.709999084472656;31.479999542236328;32.4900016784668;69688900;32.27799987792969
2025-01-21;33.33000183105469;34.529998779296875;32.5;33.689998626708984;60897500;33.47016525268555
2025-01-22;34.689998626708984;36.150001525878906;34.40999984741211;35.150001525878906;57709400;34.9206428527832
2025-01-23;33.439998626708984;34.91999816894531;33.0099983215332;34.91999816894531;44900600;34.692142486572266
2025-01-24;34.939998626708984;34.939998626708984;32.310001373291016;32.650001525878906;60111500;32.436954498291016
2025-01-27;27.65999984741211;28.079999923706055;23.84000015258789;25.059999465942383;198431800;24.8964786529541
2025-01-28;25.440000534057617;25.799999237060547;23.75;25.3700008392334;103185300;25.204458236694336
2025-01-29;26.110000610351562;26.299999237060547;24.850000381469727;25.68000030517578;94141700;25.512434005737305
2025-01-30;26.579999923706055;27.670000076293945;26.139999389648438;27.149999618530273;87140400;26.972843170166016
2025-01-31;27.6299991607666;29.25;26.700000762939453;27.020000457763672;102136600;26.84368896484375
2025-02-03;24.799999237060547;26.489999771118164;24.309999465942383;25.610000610351562;103914300;25.44289207458496
2025-02-04;25.34000015258789;26.600000381469727;25.200000762939453;26.25;60520500;26.07871437072754
2025-02-05;26.09000015258789;27.950000762939453;25.540000915527344;27.700000762939453;70330700;27.519254684448242
2025-02-06;27.170000076293945;27.799999237060547;26.719999313354492;27.690000534057617;59735100;27.509319305419922
2025-02-07;27.8700008392334;28.280000686645508;25.799999237060547;26.329999923706055;87930800;26.158191680908203
2025-02-10;26.920000076293945;27.549999237060547;26.899999618530273;27.350000381469727;53330500;27.171537399291992
2025-02-11;26.68000030517578;27.899999618530273;26.68000030517578;27.399999618530273;43880500;27.221210479736328
2025-02-12;26.18000030517578;27.540000915527344;25.950000762939453;27.540000915527344;57999300;27.36029624938965
2025-02-13;27.489999771118164;28.549999237060547;27.399999618530273;28.469999313354492;61026300;28.28422737121582
2025-02-14;28.489999771118164;28.81999969482422;28.110000610351562;28.549999237060547;43089600;28.363706588745117
2025-02-18;29.200000762939453;30.229999542236328;28.709999084472656;29.989999771118164;60222200;29.794309616088867
2025-02-19;30.190000534057617;31.889999389648438;29.760000228881836;31.469999313354492;58412700;31.2646541595459
2025-02-20;32.060001373291016;32.63999938964844;30.700000762939453;31.700000762939453;50903200;31.493154525756836
2025-02-21;31.90999984741211;31.959999084472656;28.399999618530273;28.809999465942383;61966500;28.622011184692383
2025-02-24;29.15999984741211;29.260000228881836;26.65999984741211;26.760000228881836;63724100;26.58538818359375
2025-02-25;26.65999984741211;26.920000076293945;24.81999969482422;25.06999969482422;90907500;24.906414031982422
2025-02-26;25.989999771118164;27.0;25.520000457763672;26.290000915527344;75869500;26.118453979492188
2025-02-27;26.780000686645508;26.899999618530273;21.729999542236328;21.75;144841600;21.608078002929688
2025-02-28;21.799999237060547;23.219999313354492;21.020000457763672;22.729999542236328;110939400;22.581684112548828
2025-03-03;23.719999313354492;23.729999542236328;19.709999084472656;20.510000228881836;141822100;20.376169204711914
2025-03-04;20.280000686645508;22.260000228881836;19.0;20.649999618530273;154119800;20.515254974365234
2025-03-05;21.25;22.15999984741211;20.1200008392334;21.950000762939453;117702400;21.806774139404297
2025-03-06;19.709999084472656;21.020000457763672;19.010000228881836;19.229999542236328;164277600;19.104520797729492
2025-03-07;19.5;21.09000015258789;18.75;20.8799991607666;139349200;20.74375343322754
2025-03-10;19.34000015258789;19.799999237060547;17.100000381469727;17.989999771118164;169215200;17.87261199951172
2025-03-11;18.049999237060547;18.5;16.510000228881836;17.40999984741211;161267000;17.296398162841797
2025-03-12;18.540000915527344;19.110000610351562;17.899999618530273;18.299999237060547;137654500;18.180587768554688
2025-03-13;18.3799991607666;19.270000457763672;17.579999923706055;18.09000015258789;117160200;17.971960067749023
2025-03-14;19.059999465942383;19.93000030517578;18.989999771118164;19.799999237060547;99718700;19.670799255371094
2025-03-17;19.510000228881836;21.280000686645508;19.5;20.790000915527344;82794200;20.654342651367188
2025-03-18;20.190000534057617;20.399999618530273;19.520000457763672;19.93000030517578;79140900;19.79995346069336
2025-03-19;19.889999389648438;21.3700008392334;19.459999084472656;20.3799991607666;83249700;20.24701690673828
2025-03-20;19.610000610351562;20.56999969482422;19.59000015258789;19.93000030517578;80380600;19.79995346069336
2025-03-21;18.81999969482422;19.489999771118164;18.3700008392334;19.280000686645508;84348300;19.154193878173828
2025-03-24;20.479999542236328;21.3700008392334;20.3700008392334;21.0;91671300;20.862972259521484
2025-03-25;20.829999923706055;21.020000457763672;20.350000381469727;20.549999237060547;57784400;20.479293823242188
2025-03-26;20.299999237060547;20.510000228881836;18.200000762939453;18.790000915527344;94328400;18.725353240966797
2025-03-27;18.170000076293945;18.40999984741211;17.360000610351562;17.760000228881836;103112800;17.698894500732422
2025-03-28;17.329999923706055;17.59000015258789;15.739999771118164;16.030000686645508;138232400;15.974847793579102
2025-03-31;15.069999694824219;15.979999542236328;14.399999618530273;15.949999809265137;111345600;15.895122528076172
2025-04-01;15.729999542236328;15.989999771118164;14.829999923706055;15.949999809265137;106085000;15.895122528076172
2025-04-02;15.1899995803833;16.889999389648438;15.029999732971191;16.260000228881836;141655200;16.204055786132812
2025-04-03;13.8100004196167;14.119999885559082;11.399999618530273;11.40999984741211;302517400;11.370742797851562
2025-04-04;10.050000190734863;10.430000305175781;8.180000305175781;8.729999542236328;499158100;8.699963569641113
2025-04-07;7.880000114440918;10.979999542236328;7.230000019073486;9.149999618530273;723467300;9.118517875671387
2025-04-08;10.40999984741211;10.84000015258789;7.599999904632568;8.25;488735500;8.221614837646484
2025-04-09;8.479999542236328;13.109999656677246;8.239999771118164;12.770000457763672;787748800;12.72606372833252
2025-04-10;10.920000076293945;11.140000343322754;8.350000381469727;9.630000114440918;686331800;9.596866607666016
2025-04-11;9.350000381469727;10.390000343322754;8.90999984741211;10.229999542236328;412972900;10.194802284240723
2025-04-14;11.149999618530273;11.15999984741211;9.970000267028809;10.470000267028809;358849500;10.433977127075195
2025-04-15;10.600000381469727;11.020000457763672;10.40999984741211;10.600000381469727;230001400;10.563529968261719
2025-04-16;9.130000114440918;9.75;8.329999923706055;9.34000015258789;362439300;9.30786418914795
2025-04-17;9.550000190734863;9.550000190734863;8.899999618530273;9.199999809265137;233659100;9.168346405029297
2025-04-21;8.670000076293945;8.739999771118164;8.149999618530273;8.710000038146973;255318100;8.680032730102539
2025-04-22;8.960000038146973;9.399999618530273;8.850000381469727;9.180000305175781;249211900;9.148415565490723
2025-04-23;10.579999923706055;10.899999618530273;10.100000381469727;10.289999961853027;368456100;10.254596710205078
2025-04-24;11.050000190734863;12.09000015258789;10.850000381469727;12.0;339636700;11.958712577819824
2025-04-25;11.630000114440918;12.59000015258789;11.510000228881836;12.34000015258789;274438500;12.2975435256958
2025-04-28;12.15999984741211;12.529999732971191;11.449999809265137;12.289999961853027;203468900;12.24771499633789
2025-04-29;11.8100004196167;12.270000457763672;11.619999885559082;11.859999656677246;184045100;11.819193840026855
2025-04-30;10.989999771118164;12.210000038146973;10.75;12.15999984741211;229393200;12.118162155151367
2025-05-01;12.539999961853027;12.8100004196167;12.050000190734863;12.100000381469727;203349500;12.058368682861328
2025-05-02;12.890000343322754;13.6899995803833;12.890000343322754;13.289999961853027;223410600;13.244274139404297
2025-05-05;12.930000305175781;13.40999984741211;12.869999885559082;13.050000190734863;127572300;13.00510025024414
2025-05-06;12.329999923706055;12.949999809265137;12.119999885559082;12.640000343322754;158548700;12.596510887145996
2025-05-07;12.609999656677246;13.399999618530273;12.229999542236328;13.279999732971191;189249300;13.234308242797852
2025-05-08;13.84000015258789;14.34000015258789;13.380000114440918;13.65999984741211;203277000;13.613001823425293
2025-05-09;14.210000038146973;14.470000267028809;13.739999771118164;14.109999656677246;149644500;14.061452865600586
2025-05-12;16.889999389648438;17.469999313354492;16.5;17.1299991607666;263806000;17.071062088012695
2025-05-13;17.360000610351562;18.860000610351562;17.280000686645508;18.600000381469727;212931800;18.5360050201416
2025-05-14;18.969999313354492;19.3700008392334;18.43000030517578;18.84000015258789;179343100;18.775178909301758
2025-05-15;18.31999969482422;18.90999984741211;17.81999969482422;18.469999313354492;141287600;18.406450271606445
2025-05-16;18.530000686645508;18.600000381469727;17.760000228881836;18.389999389648438;113068600;18.32672691345215
2025-05-19;17.149999618530273;18.209999084472656;17.09000015258789;18.059999465942383;123632000;17.997861862182617
2025-05-20;17.6200008392334;18.0;17.440000534057617;17.969999313354492;84252500;17.908170700073242
2025-05-21;17.559999465942383;18.59000015258789;16.649999618530273;17.0;149964800;16.941509246826172
2025-05-22;16.969999313354492;17.43000030517578;16.479999542236328;16.510000228881836;144981100;16.453195571899414
2025-05-23;15.210000038146973;16.0;15.100000381469727;15.729999542236328;179062600;15.675878524780273
2025-05-27;16.739999771118164;17.510000228881836;16.350000381469727;17.290000915527344;136539700;17.230512619018555
2025-05-28;17.43000030517578;17.56999969482422;16.899999618530273;17.040000915527344;126785300;16.981372833251953
2025-05-29;18.18000030517578;18.209999084472656;16.899999618530273;17.200000762939453;179820200;17.140823364257812
2025-05-30;16.899999618530273;16.899999618530273;15.239999771118164;16.170000076293945;194058700;16.114364624023438
2025-06-02;16.059999465942383;17.100000381469727;16.040000915527344;16.899999618530273;103937000;16.841854095458984
2025-06-03;16.93000030517578;18.3799991607666;16.579999923706055;18.299999237060547;158644000;18.237035751342773
2025-06-04;18.68000030517578;19.260000228881836;18.219999313354492;19.09000015258789;146325300;19.02431869506836
2025-06-05;19.489999771118164;19.989999771118164;18.420000076293945;18.809999465942383;187397100;18.745283126831055
2025-06-06;19.399999618530273;19.950000762939453;19.149999618530273;19.18000030517578;114398700;19.1140079498291
2025-06-09;19.709999084472656;21.059999465942383;19.68000030517578;20.579999923706055;162686000;20.509193420410156
2025-06-10;20.84000015258789;22.100000381469727;20.690000534057617;21.889999389648438;142811000;21.81468391418457
2025-06-11;22.360000610351562;22.600000381469727;20.989999771118164;21.639999389648438;160395000;21.56554412841797
2025-06-12;21.239999771118164;22.06999969482422;21.09000015258789;21.690000534057617;100384500;21.615373611450195
2025-06-13;20.31999969482422;21.059999465942383;19.84000015258789;20.040000915527344;166989600;19.971052169799805
2025-06-16;20.829999923706055;22.219999313354492;20.790000915527344;21.899999618530273;121972300;21.82465171813965
2025-06-17;21.610000610351562;22.530000686645508;21.34000015258789;21.420000076293945;122379500;21.346302032470703
2025-06-18;21.719999313354492;22.3799991607666;21.229999542236328;21.610000610351562;113893800;21.5356502532959
2025-06-20;22.139999389648438;22.329999923706055;20.3700008392334;21.209999084472656;137078900;21.13702392578125
2025-06-23;21.18000030517578;21.979999542236328;20.280000686645508;21.579999923706055;125143700;21.50575065612793
2025-06-24;22.65999984741211;24.030000686645508;22.6299991607666;23.950000762939453;137608000;23.943044662475586
2025-06-25;24.399999618530273;24.600000381469727;23.8700008392334;24.579999923706055;107621600;24.572860717773438
2025-06-26;25.18000030517578;25.360000610351562;24.59000015258789;25.200000762939453;92382200;25.19268226623535
2025-06-27;25.209999084472656;25.84000015258789;24.280000686645508;25.110000610351562;113655600;25.102706909179688
2025-06-30;25.489999771118164;25.5;24.68000030517578;25.110000610351562;78035000;25.102706909179688
2025-07-01;24.3799991607666;25.170000076293945;23.579999923706055;24.709999084472656;107277300;24.702821731567383
2025-07-02;24.510000228881836;26.389999389648438;24.450000762939453;26.049999237060547;107157100;26.04243278503418
2025-07-03;26.399999618530273;26.719999313354492;26.229999542236328;26.43000030517578;62695800;26.42232322692871
2025-07-07;25.729999542236328;26.049999237060547;24.6200008392334;24.969999313354492;93297600;24.96274757385254
2025-07-08;25.6299991607666;27.030000686645508;25.360000610351562;26.3700008392334;90457500;26.362340927124023
2025-07-09;26.6299991607666;27.40999984741211;25.889999389648438;26.649999618530273;86818700;26.64225959777832
2025-07-10;27.389999389648438;27.729999542236328;26.65999984741211;27.3700008392334;87602500;27.362051010131836
2025-07-11;26.850000381469727;27.540000915527344;26.549999237060547;27.290000915527344;71855400;27.282073974609375
2025-07-14;26.639999389648438;26.770000457763672;25.31999969482422;26.5;99670600;26.4923038482666
2025-07-15;28.049999237060547;28.459999084472656;27.209999084472656;27.290000915527344;108926200;27.282073974609375
2025-07-16;26.600000381469727;27.049999237060547;24.90999984741211;27.030000686645508;125700900;27.02215003967285
2025-07-17;26.959999084472656;27.510000228881836;26.420000076293945;27.31999969482422;85334100;27.31206512451172
2025-07-18;27.65999984741211;27.899999618530273;26.760000228881836;27.329999923706055;68274300;27.32206153869629
2025-07-21;27.559999465942383;28.5;27.440000534057617;27.5;79860300;27.49201202392578
2025-07-22;27.1200008392334;27.280000686645508;25.34000015258789;26.31999969482422;118871600;26.312355041503906
2025-07-23;25.649999618530273;25.90999984741211;24.84000015258789;25.780000686645508;105639200;25.772512435913086
2025-07-24;25.65999984741211;25.790000915527344;24.950000762939453;25.6200008392334;77503300;25.612560272216797
2025-07-25;25.170000076293945;25.6200008392334;24.829999923706055;25.600000381469727;68037900;25.592565536499023
2025-07-28;26.3799991607666;26.989999771118164;26.34000015258789;26.8799991607666;88108400;26.8721923828125
2025-07-29;27.40999984741211;28.15999984741211;26.5;27.030000686645508;101714500;27.02215003967285
2025-07-30;27.75;28.1299991607666;26.93000030517578;27.610000610351562;96772200;27.60198211669922
2025-07-31;26.700000762939453;26.739999771118164;24.200000762939453;24.979999542236328;133413800;24.97274398803711
2025-08-01;23.579999923706055;24.829999923706055;22.56999969482422;24.079999923706055;132665200;24.07300567626953
2025-08-04;24.59000015258789;25.18000030517578;24.239999771118164;25.0;85963800;24.992738723754883
2025-08-05;25.420000076293945;25.68000030517578;23.610000610351562;24.520000457763672;99733400;24.51287841796875
2025-08-06;23.84000015258789;24.1200008392334;22.950000762939453;23.989999771118164;103447500;23.9830322265625
2025-08-07;25.479999542236328;25.8799991607666;24.530000686645508;25.0;117228400;24.992738723754883
2025-08-08;25.15999984741211;25.829999923706055;24.899999618530273;25.709999084472656;71389900;25.702531814575195
2025-08-11;26.030000686645508;26.889999389648438;25.450000762939453;25.610000610351562;75943500;25.602561950683594
2025-08-12;26.209999084472656;28.079999923706055;25.68000030517578;28.0;125315900;27.991867065429688
2025-08-13;28.649999618530273;29.329999923706055;28.309999465942383;29.270000457763672;89497100;29.261499404907227
2025-08-14;28.1200008392334;29.65999984741211;27.950000762939453;29.420000076293945;84286800;29.411455154418945
2025-08-15;28.709999084472656;28.709999084472656;27.06999969482422;27.3700008392334;93664700;27.362051010131836
2025-08-18;27.100000381469727;27.649999618530273;27.030000686645508;27.530000686645508;50310400;27.522005081176758
2025-08-19;27.56999969482422;27.860000610351562;26.100000381469727;26.239999771118164;75595100;26.232378005981445
2025-08-20;26.110000610351562;26.110000610351562;23.65999984741211;25.799999237060547;117636500;25.792505264282227
2025-08-21;25.399999618530273;25.899999618530273;24.90999984741211;25.350000381469727;67871100;25.34263801574707
2025-08-22;25.559999465942383;28.31999969482422;25.34000015258789;27.450000762939453;117140900;27.442028045654297
2025-08-25;27.350000381469727;27.579999923706055;26.809999465942383;27.299999237060547;55018700;27.292070388793945
2025-08-26;27.530000686645508;28.219999313354492;27.520000457763672;27.940000534057617;57544300;27.931884765625
2025-08-27;27.610000610351562;28.229999542236328;27.280000686645508;28.18000030517578;61375200;28.171815872192383
2025-08-28;28.40999984741211;29.110000610351562;27.959999084472656;28.530000686645508;74466400;28.521713256835938
2025-08-29;27.31999969482422;27.350000381469727;25.670000076293945;26.040000915527344;108411300;26.032438278198242
2025-09-02;24.079999923706055;25.280000686645508;23.799999237060547;25.25;101906700;25.242666244506836
2025-09-03;25.40999984741211;25.40999984741211;24.1200008392334;24.90999984741211;79482200;24.90276527404785
2025-09-04;24.40999984741211;25.729999542236328;23.979999542236328;25.649999618530273;81641200;25.642549514770508
2025-09-05;26.81999969482422;26.969999313354492;25.600000381469727;26.450000762939453;110749400;26.442317962646484
2025-09-08;26.959999084472656;27.43000030517578;26.68000030517578;27.079999923706055;72341700;27.072134017944336
2025-09-09;27.170000076293945;27.3700008392334;26.56999969482422;27.18000030517578;55882300;27.17210578918457
2025-09-10;28.479999542236328;28.829999923706055;28.06999969482422;28.600000381469727;86721600;28.591693878173828
2025-09-11;29.059999465942383;29.610000610351562;28.969999313354492;29.170000076293945;69919800;29.161527633666992
2025-09-12;29.3700008392334;29.549999237060547;28.790000915527344;29.299999237060547;52502600;29.291488647460938
2025-09-15;29.139999389648438;30.030000686645508;28.920000076293945;30.0;61268000;29.991287231445312
2025-09-16;30.329999923706055;30.649999618530273;29.790000915527344;30.479999542236328;54148200;30.471145629882812
2025-09-17;30.280000686645508;31.25;29.15999984741211;30.469999313354492;80483900;30.461149215698242
2025-09-18;32.7599983215332;34.13999938964844;32.43000030517578;33.63999938964844;104513300;33.63022994995117
2025-09-19;33.560001373291016;33.599998474121094;32.119998931884766;33.02000045776367;66106100;33.01041030883789
2025-09-22;33.20000076293945;34.75;33.189998626708984;34.43000030517578;62948200;34.41999816894531
2025-09-23;34.70000076293945;35.29999923706055;33.66999816894531;34.29999923706055;63661700;34.29999923706055
2025-09-24;33.959999084472656;34.38999938964844;32.810001373291016;34.20000076293945;58369900;34.20000076293945
2025-09-25;32.439998626708984;34.060001373291016;31.360000610351562;33.849998474121094;79969600;33.849998474121094
2025-09-26;33.93000030517578;34.22999954223633;32.83000183105469;34.02000045776367;60944500;34.02000045776367
2025-09-29;35.029998779296875;35.4900016784668;33.9900016784668;34.02000045776367;56593700;34.02000045776367
2025-09-30;34.06999969482422;34.959999084472656;33.56999969482422;34.84000015258789;60696800;34.84000015258789
2025-10-01;34.18000030517578;36.97999954223633;33.97999954223633;36.86000061035156;67094700;36.86000061035156
2025-10-02;38.959999084472656;39.31999969482422;38.13999938964844;39.08000183105469;68834400;39.08000183105469
2025-10-03;39.47999954223633;40.060001373291016;37.619998931884766;38.22999954223633;69252500;38.22999954223633
2025-10-06;42.83000183105469;43.369998931884766;41.65999984741211;41.709999084472656;99880300;41.709999084472656
2025-10-07;42.779998779296875;43.02000045776367;38.70000076293945;38.83000183105469;96375900;38.83000183105469
2025-10-08;38.869998931884766;42.939998626708984;38.68000030517578;42.779998779296875;77149800;42.779998779296875
2025-10-09;42.58000183105469;42.84000015258789;41.0099983215332;42.2400016784668;63095700;42.2400016784668
2025-10-10;42.52000045776367;42.84000015258789;34.16999816894531;34.209999084472656;204858900;34.209999084472656
2025-10-13;38.22999954223633;39.470001220703125;37.369998931884766;39.13999938964844;89274100;39.13999938964844
2025-10-14;36.619998931884766;39.0099983215332;35.95000076293945;36.630001068115234;100358200;36.630001068115234
2025-10-15;39.54999923706055;40.16999816894531;37.709999084472656;39.97999954223633;96059800;39.97999954223633
2025-10-16;41.45000076293945;41.93000030517578;39.279998779296875;40.56999969482422;89397000;40.56999969482422
2025-10-17;39.61000061035156;40.79999923706055;38.31999969482422;40.290000915527344;92083400;40.290000915527344
2025-10-20;41.15999984741211;43.040000915527344;41.130001068115234;42.2400016784668;62424500;42.2400016784668
2025-10-21;41.810001373291016;42.029998779296875;40.52000045776367;41.5099983215332;54386700;41.5099983215332
2025-10-22;40.08000183105469;40.810001373291016;35.970001220703125;38.38999938964844;110646700;38.38999938964844
2025-10-23;37.72999954223633;41.470001220703125;37.54999923706055;41.16999816894531;72467000;41.16999816894531
2025-10-24;43.43000030517578;44.15999984741211;42.959999084472656;43.13999938964844;69872500;43.13999938964844
2025-10-27;45.4900016784668;47.15999984741211;45.13999938964844;46.84000015258789;72684100;46.84000015258789
2025-10-28;46.439998626708984;47.61000061035156;45.939998626708984;46.959999084472656;53995000;46.959999084472656
2025-10-29;49.369998931884766;50.7599983215332;48.04999923706055;49.380001068115234;88268800;49.380001068115234
2025-10-30;48.5;49.970001220703125;47.27000045776367;47.38999938964844;76956300;47.38999938964844
2025-10-31;48.77000045776367;49.9900016784668;46.709999084472656;47.779998779296875;75650400;47.779998779296875
2025-11-03;49.5;50.189998626708984;48.029998779296875;48.58000183105469;52610600;48.58000183105469
2025-11-04;44.77000045776367;46.880001068115234;42.529998779296875;42.79999923706055;87734300;42.79999923706055
2025-11-05;43.220001220703125;48.43000030517578;43.209999084472656;46.83000183105469;76488900;46.83000183105469
2025-11-06;46.459999084472656;46.9900016784668;42.150001525878906;43.0099983215332;106419600;43.0099983215332
2025-11-07;41.099998474121094;41.7400016784668;37.040000915527344;41.7400016784668;143013500;41.7400016784668
2025-11-10;45.060001373291016;45.52000045776367;43.459999084472656;44.959999084472656;74223300;44.959999084472656
2025-11-11;43.720001220703125;44.040000915527344;41.650001525878906;41.810001373291016;80862700;41.810001373291016
2025-11-12;44.0099983215332;44.630001068115234;42.849998474121094;43.709999084472656;77730900;43.709999084472656
2025-11-13;42.16999816894531;42.63999938964844;38.0;39.220001220703125;126123700;39.220001220703125
2025-11-14;35.7400016784668;40.599998474121094;35.150001525878906;38.86000061035156;125398600;38.86000061035156
2025-11-17;37.900001525878906;40.08000183105469;35.529998779296875;36.84000015258789;101936600;36.84000015258789
2025-11-18;35.310001373291016;36.0099983215332;33.150001525878906;34.349998474121094;153515800;34.349998474121094
2025-11-19;34.720001220703125;37.29999923706055;34.20000076293945;35.959999084472656;120458900;35.959999084472656
2025-11-20;38.790000915527344;39.189998626708984;30.40999984741211;30.809999465942383;228883600;30.809999465942383
2025-11-21;30.850000381469727;33.040000915527344;28.1200008392334;31.729999542236328;205537900;31.729999542236328
2025-11-24;32.689998626708984;36.310001373291016;32.650001525878906;35.86000061035156;108832500;35.86000061035156
2025-11-25;34.34000015258789;36.45000076293945;32.04999923706055;36.16999816894531;108634700;36.16999816894531
2025-11-26;37.439998626708984;40.150001525878906;37.29999923706055;39.189998626708984;104203900;39.189998626708984
2025-11-28;39.650001525878906;41.33000183105469;39.25;41.2599983215332;57190400;41.2599983215332
2025-12-01;39.58000183105469;42.36000061035156;39.459999084472656;41.310001373291016;79426200;41.310001373291016
2025-12-02;42.790000915527344;44.61000061035156;42.029998779296875;43.79999923706055;111736200;43.79999923706055
2025-12-03;44.45000076293945;46.68000030517578;43.150001525878906;46.58000183105469;94299300;46.58000183105469
2025-12-04;45.88999938964844;46.099998474121094;44.439998626708984;45.15999984741211;77656900;45.15999984741211
2025-12-05;46.470001220703125;48.04999923706055;46.29999923706055;46.5;77049800;46.5
2025-12-08;47.560001373291016;48.599998474121094;46.70000076293945;47.9900016784668;69225000;47.9900016784668
2025-12-09;47.040000915527344;48.04999923706055;46.470001220703125;47.790000915527344;56373300;47.790000915527344
2025-12-10;47.650001525878906;50.09000015258789;47.0099983215332;49.650001525878906;91153100;49.650001525878906
2025-12-11;48.0099983215332;48.900001525878906;44.65999984741211;48.790000915527344;88063000;48.790000915527344
2025-12-12;46.91999816894531;47.380001068115234;41.060001373291016;41.709999084472656;138088200;41.709999084472656
2025-12-15;43.11000061035156;43.41999816894531;40.79999923706055;41.18000030517578;78218600;41.18000030517578
2025-12-16;40.75;41.65999984741211;39.2400016784668;40.4900016784668;94566700;40.4900016784668
2025-12-17;41.0;41.31999969482422;35.70000076293945;36.0099983215332;126113900;36.0099983215332
2025-12-18;39.970001220703125;40.41999816894531;38.11000061035156;38.58000183105469;97164000;38.58000183105469
2025-12-19;39.599998474121094;42.36000061035156;39.5;41.720001220703125;92529100;41.720001220703125
2025-12-22;44.45000076293945;44.560001373291016;42.72999954223633;43.2599983215332;62717400;43.2599983215332
2025-12-23;42.619998931884766;43.79999923706055;42.220001220703125;43.70000076293945;44455700;43.70000076293945
2025-12-24;43.720001220703125;44.36000061035156;43.59000015258789;44.209999084472656;30717800;44.209999084472656
2025-12-26;44.75;44.790000915527344;43.810001373291016;44.209999084472656;38006400;44.209999084472656
2025-12-29;42.97999954223633;44.33000183105469;42.349998474121094;43.81999969482422;54612100;43.81999969482422
2025-12-30;44.150001525878906;44.75;43.56999969482422;43.66999816894531;40697400;43.66999816894531
2025-12-31;43.88999938964844;44.150001525878906;42.0099983215332;42.029998779296875;44754800;42.029998779296875
2026-01-02;45.130001068115234;48.09000015258789;45.08000183105469;47.2400016784668;132719700;47.2400016784668
2026-01-05;50.349998474121094;51.220001220703125;48.630001068115234;49.220001220703125;94987500;49.220001220703125
2026-01-06;51.11000061035156;54.29999923706055;51.06999969482422;54.0099983215332;92678600;54.0099983215332
2026-01-07;52.20000076293945;52.7400016784668;50.84000015258789;52.290000915527344;65698500;52.290000915527344
2026-01-08;51.79999923706055;51.810001373291016;48.130001068115234;49.650001525878906;79844800;49.650001525878906
2026-01-09;51.09000015258789;54.7599983215332;50.310001373291016;53.95000076293945;87214400;53.95000076293945
2026-01-12;52.38999938964844;55.150001525878906;52.349998474121094;54.650001525878906;53193700;54.650001525878906
2026-01-13;55.689998626708984;57.630001068115234;55.43000030517578;56.06999969482422;61895400;56.06999969482422
2026-01-14;54.88999938964844;55.439998626708984;53.0;55.380001068115234;70434900;55.380001068115234
2026-01-15;60.959999084472656;61.66999816894531;58.0099983215332;58.08000183105469;89664300;58.08000183105469
2026-01-16;61.189998626708984;62.189998626708984;59.5;60.75;58559500;60.75
2026-01-20;57.34000015258789;61.04999923706055;57.220001220703125;57.939998626708984;71408300;57.939998626708984
2026-01-21;60.2400016784668;65.11000061035156;59.459999084472656;63.47999954223633;103027300;63.47999954223633
2026-01-22;66.9000015258789;66.95999908447266;63.040000915527344;63.720001220703125;62594200;63.720001220703125
2026-01-23;62.47999954223633;63.36000061035156;60.150001525878906;61.599998474121094;58613600;61.599998474121094
2026-01-26;60.75;61.959999084472656;59.599998474121094;60.70000076293945;42592400;60.70000076293945
2026-01-27;63.310001373291016;65.98999786376953;62.540000915527344;64.95999908447266;61155400;64.95999908447266
2026-01-28;69.0;70.93000030517578;67.9800033569336;70.08999633789062;74205500;70.08999633789062
2026-01-29;70.4000015258789;71.9800033569336;62.650001525878906;70.47000122070312;78058200;70.47000122070312
2026-01-30;67.12000274658203;69.86000061035156;60.290000915527344;61.790000915527344;83504200;61.790000915527344
2026-02-02;59.459999084472656;66.94000244140625;59.099998474121094;65.19999694824219;66961000;65.19999694824219
2026-02-03;66.80999755859375;67.62000274658203;57.02000045776367;61.20000076293945;101338500;61.20000076293945
2026-02-04;59.439998626708984;61.029998779296875;49.33000183105469;53.189998626708984;139149400;53.189998626708984
2026-02-05;51.310001373291016;55.4900016784668;50.0099983215332;53.25;109350300;53.25
2026-02-06;56.400001525878906;62.25;55.66999816894531;61.75;108594200;61.75
2026-02-09;59.9900016784668;65.05000305175781;59.290000915527344;64.02999877929688;66670500;64.02999877929688
2026-02-10;64.66999816894531;65.20999908447266;61.41999816894531;63.34000015258789;58273900;63.34000015258789
2026-02-11;67.20999908447266;69.0999984741211;63.22999954223633;68.05000305175781;89724200;68.05000305175781
2026-02-12;69.66999816894531;70.86000061035156;62.77000045776367;63.099998474121094;90896100;63.099998474121094
2026-02-13;63.93000030517578;66.25;61.43000030517578;64.58999633789062;79931300;64.58999633789062
2026-02-17;62.02000045776367;65.95999908447266;59.560001373291016;64.3499984741211;79420400;64.3499984741211
2026-02-18;65.26000213623047;68.44999694824219;64.06999969482422;66.29000091552734;69349000;66.29000091552734
2026-02-19;64.33000183105469;65.51000213623047;62.959999084472656;65.2300033569336;68827500;65.2300033569336
2026-02-20;63.7599983215332;68.22000122070312;63.58000183105469;67.11000061035156;81017900;67.11000061035156
2026-02-23;65.8499984741211;67.6500015258789;63.470001220703125;65.86000061035156;66926300;65.86000061035156
2026-02-24;68.11000061035156;70.0;66.3499984741211;68.52999877929688;66892100;68.52999877929688
2026-02-25;70.88999938964844;72.36000061035156;70.4800033569336;71.86000061035156;52929300;71.86000061035156
2026-02-26;71.02999877929688;71.11000061035156;61.630001068115234;65.33999633789062;97787900;65.33999633789062
2026-02-27;61.5099983215332;63.7599983215332;60.65999984741211;62.77000045776367;70112700;62.77000045776367
2026-03-02;58.11000061035156;62.81999969482422;58.04999923706055;62.7599983215332;81699800;62.7599983215332
2026-03-03;55.119998931884766;55.86000061035156;51.36000061035156;53.41999816894531;131198300;53.41999816894531
2026-03-04;55.959999084472656;57.720001220703125;54.380001068115234;56.619998931884766;78143300;56.619998931884766
2026-03-05;55.31999969482422;57.689998626708984;51.130001068115234;54.79999923706055;110055800;54.79999923706055
2026-03-06;50.09000015258789;53.36000061035156;46.79999923706055;47.88999938964844;125241500;47.88999938964844
2026-03-09;45.5099983215332;53.779998779296875;44.529998779296875;53.31999969482422;114897700;53.31999969482422
2026-03-10;53.36000061035156;57.779998779296875;53.36000061035156;54.59000015258789;104717600;54.59000015258789
2026-03-11;55.5;57.7400016784668;55.349998474121094;56.09000015258789;83007700;56.09000015258789
2026-03-12;53.529998779296875;53.880001068115234;49.529998779296875;50.279998779296875;105674400;50.279998779296875
2026-03-13;51.880001068115234;53.959999084472656;50.040000915527344;50.720001220703125;83244300;50.720001220703125
2026-03-16;54.060001373291016;55.68000030517578;53.0099983215332;53.689998626708984;79819200;53.689998626708984
2026-03-17;55.099998474121094;55.400001525878906;53.29999923706055;54.95000076293945;59567700;54.95000076293945
2026-03-18;55.029998779296875;56.47999954223633;54.0;54.02000045776367;75470000;54.02000045776367
2026-03-19;49.529998779296875;56.11000061035156;48.5;54.849998474121094;93732700;54.849998474121094
2026-03-20;54.689998626708984;55.36000061035156;49.0;51.13999938964844;101773000;51.13999938964844
2026-03-23;54.630001068115234;56.810001373291016;52.279998779296875;53.029998779296875;115257400;53.029998779296875
2026-03-24;51.540000915527344;56.09000015258789;51.540000915527344;54.959999084472656;92153500;54.959999084472656
2026-03-25;56.63999938964844;58.25;55.59000015258789;57.040000915527344;84440300;57.040000915527344
2026-03-26;54.189998626708984;54.439998626708984;48.869998931884766;48.970001220703125;116603800;48.970001220703125
2026-03-27;48.040000915527344;49.380001068115234;45.959999084472656;46.61000061035156;99401400;46.61000061035156
2026-03-30;47.86000061035156;48.290000915527344;39.52000045776367;40.619998931884766;139746200;40.619998931884766
2026-03-31;42.880001068115234;48.18000030517578;42.61000061035156;47.90999984741211;138002100;47.90999984741211
2026-04-01;50.040000915527344;54.09000015258789;49.619998931884766;52.2599983215332;121955600;52.2599983215332
2026-04-02;46.060001373291016;53.06999969482422;46.04999923706055;52.75;104471700;52.75
2026-04-06;53.75;55.599998474121094;52.880001068115234;54.810001373291016;68780400;54.810001373291016
2026-04-07;54.31999969482422;56.599998474121094;52.130001068115234;56.54999923706055;107326500;56.54999923706055
2026-04-08;66.33000183105469;67.9800033569336;63.560001373291016;67.5;111697300;67.5
2026-04-09;68.12000274658203;72.27999877929688;68.12000274658203;71.9800033569336;79331600;71.9800033569336
2026-04-10;74.30000305175781;78.30000305175781;74.30000305175781;76.38999938964844;78863600;76.38999938964844
2026-04-13;75.58999633789062;80.73999786376953;75.25;80.55999755859375;64504600;80.55999755859375
2026-04-14;83.2699966430664;85.56999969482422;80.70999908447266;85.30999755859375;61657000;85.30999755859375
2026-04-15;84.66000366210938;85.9800033569336;79.76000213623047;85.95999908447266;68425400;85.95999908447266
2026-04-16;85.01000213623047;89.38999938964844;83.30999755859375;88.37000274658203;63777500;88.37000274658203
2026-04-17;93.19999694824219;94.75;90.66000366210938;94.68000030517578;67081400;94.68000030517578
2026-04-20;95.97000122070312;96.93000030517578;92.02999877929688;95.94000244140625;49367800;95.94000244140625
2026-04-21;97.97000122070312;99.94999694824219;95.31999969482422;98.08999633789062;65206900;98.08999633789062
2026-04-22;102.94000244140625;106.08999633789062;99.5999984741211;105.63999938964844;58165200;105.63999938964844
2026-04-23;108.62000274658203;116.7699966430664;107.45999908447266;112.7699966430664;96510200;112.7699966430664
2026-04-24;125.20999908447266;130.1199951171875;120.23999786376953;128.32000732421875;83092400;128.32000732421875
2026-04-27;128.3300018310547;129.58999633789062;117.79000091552734;123.38999938964844;73334600;123.38999938964844
2026-04-28;108.75;115.62000274658203;103.98999786376953;109.55999755859375;94099700;109.55999755859375
2026-04-29;114.76000213623047;118.31999969482422;112.30000305175781;117.97000122070312;55503700;117.97000122070312
2026-04-30;122.80999755859375;127.44999694824219;117.5;126.9800033569336;58536700;126.9800033569336
2026-05-01;124.38999938964844;131.3800048828125;121.66000366210938;130.39999389648438;40940300;130.39999389648438
2026-05-04;132.1999969482422;133.6699981689453;123.80000305175781;127.55000305175781;46455700;127.55000305175781
2026-05-05;135.0;147.25999450683594;134.02000427246094;144.16000366210938;52130100;144.16000366210938
2026-05-06;157.83999633789062;166.0;149.05999755859375;165.85000610351562;65579200;165.85000610351562
2026-05-07;162.1199951171875;162.89999389648438;147.61000061035156;152.10000610351562;72375200;152.10000610351562
2026-05-08;163.0;177.5;161.50999450683594;176.94000244140625;47016500;176.94000244140625
2026-05-11;181.0;191.2899932861328;178.94000244140625;190.4199981689453;50496000;190.4199981689453
2026-05-12;177.6199951171875;182.24000549316406;150.5800018310547;172.52000427246094;91705600;172.52000427246094
2026-05-13;183.83999633789062;188.49000549316406;172.25999450683594;184.24000549316406;59522300;184.24000549316406
2026-05-14;182.6699981689453;189.55999755859375;178.27999877929688;186.19000244140625;43319000;186.19000244140625
2026-05-15;167.0;174.39999389648438;161.13999938964844;164.17999267578125;62126600;164.17999267578125
2026-05-18;172.9499969482422;174.61000061035156;142.69000244140625;151.75;75610500;151.75
2026-05-19;141.24000549316406;160.60000610351562;135.02000427246094;151.88999938964844;85384000;151.88999938964844
2026-05-20;161.0;173.6999969482422;161.0;173.1999969482422;58913200;173.1999969482422
2026-05-21;171.25999450683594;179.97000122070312;168.22999572753906;178.38999938964844;52278700;178.38999938964844
2026-05-22;184.8000030517578;195.27000427246094;183.33999633789062;190.55999755859375;45133000;190.55999755859375
2026-05-26;211.3800048828125;228.5;209.88999938964844;225.7899932861328;52533000;225.7899932861328
2026-05-27;242.66000366210938;242.66000366210938;204.0;217.97999572753906;74732700;217.97999572753906
2026-05-28;219.0;231.88999938964844;207.55999755859375;224.6300048828125;47153500;224.6300048828125
2026-05-29;231.82000732421875;239.07000732421875;218.55999755859375;224.33999633789062;37035700;224.33999633789062
2026-06-01;217.27000427246094;234.05999755859375;210.13999938964844;227.02999877929688;37499600;227.02999877929688
2026-06-02;243.17999267578125;267.0799865722656;238.82000732421875;266.32000732421875;42799700;266.32000732421875
2026-06-03;281.4700012207031;284.5799865722656;257.260009765625;280.5400085449219;49817200;280.5400085449219
2026-06-04;242.0399932861328;274.5;228.5500030517578;262.70001220703125;59036000;262.70001220703125
2026-06-05;230.85000610351562;233.69000244140625;181.80999755859375;182.5399932861328;108280300;182.5399932861328
2026-06-08;210.6199951171875;222.19000244140625;201.69000244140625;211.44000244140625;68180500;211.44000244140625
2026-06-09;227.05999755859375;231.02000427246094;157.55999755859375;201.67999267578125;124754300;201.67999267578125
2026-06-10;191.5399932861328;212.99000549316406;177.3000030517578;180.64999389648438;94924200;180.64999389648438
2026-06-11;192.3000030517578;225.6300048828125;192.3000030517578;223.99000549316406;72493400;223.99000549316406
2026-06-12;222.22000122070312;242.39999389648438;214.74000549316406;234.67999267578125;50419100;234.67999267578125
2026-06-15;265.989990234375;274.8800048828125;261.6000061035156;272.5;39914100;272.5
2026-06-16;267.1300048828125;274.92999267578125;226.0;226.19000244140625;54771900;226.19000244140625
2026-06-17;247.4199981689453;259.7900085449219;233.3000030517578;233.86000061035156;49127300;233.86000061035156
2026-06-18;266.0400085449219;286.1499938964844;265.0;279.2900085449219;49319800;279.2900085449219
2026-06-22;299.260009765625;302.0;286.239990234375;300.7699890136719;36399600;300.7699890136719
2026-06-23;236.0;252.97999572753906;223.0;231.4199981689453;70699700;231.4199981689453
2026-06-24;233.11000061035156;237.0;211.1300048828125;229.57000732421875;57018500;229.57000732421875
2026-06-25;268.04998779296875;268.3999938964844;225.74000549316406;252.61000061035156;57401800;252.61000061035156
2026-06-26;226.24000549316406;231.25;212.10000610351562;215.60000610351562;51987400;215.60000610351562
2026-06-29;216.36000061035156;238.64999389648438;192.3000030517578;236.52000427246094;48952600;236.52000427246094
2026-06-30;241.4499969482422;272.0;240.58999633789062;266.7099914550781;36721000;266.7099914550781
2026-07-01;237.7899932861328;246.47000122070312;215.3800048828125;217.5500030517578;60156300;217.5500030517578
2026-07-02;219.22999572753906;226.1300048828125;168.8800048828125;181.47000122070312;91060900;181.47000122070312
2026-07-06;197.2100067138672;210.8000030517578;194.22000122070312;194.64999389648438;42756600;194.64999389648438
2026-07-07;165.39999389648438;171.8800048828125;150.0800018310547;165.27999877929688;78957300;165.27999877929688
2026-07-08;159.2100067138672;176.75;158.8699951171875;174.82000732421875;63175900;174.82000732421875
2026-07-09;199.80999755859375;204.5500030517578;189.4600067138672;192.4499969482422;52530500;192.4499969482422
2026-07-10;182.39999389648438;195.94000244140625;176.8000030517578;192.25999450683594;37626300;192.25999450683594
2026-07-13;174.61000061035156;177.6699981689453;161.5500030517578;165.3699951171875;52686700;165.3699951171875
2026-07-14;187.69000244140625;188.42999267578125;170.25999450683594;176.66000366210938;49269200;176.66000366210938
2026-07-15;183.77000427246094;184.0;150.0;165.5500030517578;67008900;165.5500030517578
2026-07-16;150.44000244140625;155.8300018310547;138.0;142.47999572753906;76391300;142.47999572753906
2026-07-17;124.7300033569336;144.39999389648438;116.47000122070312;135.47000122070312;105762300;135.47000122070312
2026-07-20;143.52000427246094;148.74000549316406;135.6699981689453;136.80999755859375;52804300;136.80999755859375
2026-07-21;155.83999633789062;160.63999938964844;148.8699951171875;158.5399932861328;55698500;158.5399932861328
2026-07-22;147.10000610351562;165.75;147.0;160.99000549316406;46926500;160.99000549316406
2026-07-23;152.16000366210938;162.9199981689453;150.64999389648438;157.5;57831400;157.5
2026-07-24;151.4499969482422;154.5;132.5500030517578;136.80999755859375;71734900;136.80999755859375
2026-07-27;140.64999389648438;148.02000427246094;115.44999694824219;128.14999389648438;90434900;128.14999389648438
2026-07-28;113.1500015258789;114.94999694824219;101.52999877929688;109.54000091552734;125338900;109.54000091552734
2026-07-29;107.62000274658203;112.66999816894531;91.5;91.98999786376953;149950200;91.98999786376953
2026-07-30;107.37999725341797;118.0;105.12000274658203;114.72000122070312;109931900;114.72000122070312
2026-07-31;129.89999389648438;133.8800048828125;112.41999816894531;114.72000122070312;102613300;114.72000122070312
2026-08-03;106.1500015258789;118.87000274658203;102.08999633789062;116.70999908447266;81117500;116.70999908447266
2026-08-04;131.50999450683594;142.4199981689453;129.66000366210938;139.89999389648438;78456600;139.89999389648438
2026-08-05;135.5399932861328;144.33999633789062;130.0;132.07000732421875;67515700;132.07000732421875
2026-08-06;125.2300033569336;140.0;120.75;132.3300018310547;57025200;132.3300018310547
2026-08-07;141.97000122070312;143.9199981689453;131.55999755859375;140.25;61350700;140.25
2026-08-10;142.8000030517578;143.4499969482422;130.0;130.0;50105400;130.0
2026-08-11;136.25999450683594;136.60000610351562;130.05999755859375;133.0;38282500;133.0
2026-08-12;147.3000030517578;147.6999969482422;141.88999938964844;142.16000366210938;55970000;142.16000366210938
2026-08-13;142.16000366210938;154.12989807128906;141.83999633789062;145.36000061035156;53579301;145.36000061035156
