datetime;open;high;low;close;volume;adjclose
2001-07-09;24.100000381469727;24.530000686645508;23.52666664123535;24.21666717529297;603300;19.885101318359375
2001-07-16;23.78333282470703;24.233333587646484;22.633333206176758;23.616666793823242;1533900;19.392419815063477
2001-07-23;23.75;24.733333587646484;21.883333206176758;24.469999313354492;927900;20.09311866760254
2001-07-30;24.59666633605957;26.649999618530273;24.43000030517578;26.083332061767578;262800;21.417879104614258
2001-08-06;25.516666412353516;25.71666717529297;24.0;24.299999237060547;75000;19.953523635864258
2001-08-13;24.833332061767578;25.066667556762695;22.866666793823242;22.866666793823242;49800;18.776567459106445
2001-08-20;23.0;24.483333587646484;22.5;24.356666564941406;49500;20.000051498413086
2001-08-27;24.5;25.1299991607666;22.5;22.946666717529297;25800;18.84225845336914
2001-09-03;22.866666793823242;23.156667709350586;20.383333206176758;20.71666717529297;827700;17.011137008666992
2001-09-10;20.613332748413086;20.913333892822266;20.613332748413086;20.696666717529297;3900;16.99470329284668
2001-09-17;19.0;19.593332290649414;15.133333206176758;15.416666984558105;128400;12.659133911132812
2001-09-24;16.333332061767578;17.233333587646484;14.963333129882812;15.983332633972168;69000;13.124436378479004
2001-10-01;15.733332633972168;17.979999542236328;14.966667175292969;17.690000534057617;77400;14.52584457397461
2001-10-08;17.333332061767578;20.27666664123535;17.299999237060547;19.866666793823242;188100;16.313167572021484
2001-10-15;19.71666717529297;20.600000381469727;18.149999618530273;18.68000030517578;49500;15.338760375976562
2001-10-22;18.516666412353516;21.183332443237305;18.516666412353516;21.079999923706055;77100;17.309478759765625
2001-10-29;20.416667938232422;20.996667861938477;18.676666259765625;20.799999237060547;5760600;17.079565048217773
2001-11-05;21.549999237060547;23.17333221435547;21.200000762939453;21.963333129882812;994800;18.03482437133789
2001-11-12;21.53333282470703;24.0;21.5;23.183332443237305;381600;19.03658676147461
2001-11-19;23.42333221435547;23.44333267211914;21.51333236694336;22.416667938232422;108900;18.407062530517578
2001-11-26;22.733333587646484;23.89666748046875;22.21666717529297;22.613332748413086;141000;18.56854820251465
2001-12-03;22.366666793823242;25.46666717529297;22.21666717529297;24.21666717529297;105600;19.885101318359375
2001-12-10;24.133333206176758;24.433332443237305;22.75;23.219999313354492;279900;19.066701889038086
2001-12-17;23.543333053588867;23.963333129882812;21.52666664123535;22.079999923706055;683400;18.130617141723633
2001-12-24;22.03333282470703;22.959999084472656;21.916667938232422;22.71666717529297;274800;18.653404235839844
2001-12-31;22.733333587646484;25.329999923706055;22.100000381469727;24.746667861938477;594300;20.320295333862305
2002-01-07;25.0;25.036666870117188;23.666667938232422;23.733333587646484;200100;19.48822021484375
2002-01-14;23.666667938232422;23.676666259765625;22.166667938232422;22.299999237060547;2455500;18.311262130737305
2002-01-21;22.433332443237305;22.666667938232422;21.299999237060547;22.489999771118164;83400;18.46727752685547
2002-01-28;22.799999237060547;23.333332061767578;22.233333587646484;22.883333206176758;73200;18.790250778198242
2002-02-04;22.916667938232422;22.916667938232422;21.206666946411133;21.816667556762695;520500;17.914382934570312
2002-02-11;22.049999237060547;23.34666633605957;22.049999237060547;22.360000610351562;246300;18.360530853271484
2002-02-18;22.0;22.00666618347168;20.18000030517578;20.553333282470703;415800;16.87701416015625
2002-02-25;20.71666717529297;22.53333282470703;20.566667556762695;22.47333335876465;862800;18.453590393066406
2002-03-04;22.833332061767578;25.50666618347168;22.636667251586914;25.399999618530273;1514700;20.856773376464844
2002-03-11;24.899999618530273;25.19333267211914;23.166667938232422;23.636667251586914;536700;19.40883445739746
2002-03-18;24.200000762939453;24.433332443237305;23.126667022705078;23.566667556762695;348300;19.351364135742188
2002-03-25;23.633333206176758;24.0;22.816667556762695;23.74333381652832;846600;19.49642562866211
2002-04-01;23.46666717529297;24.496667861938477;22.926666259765625;23.00666618347168;858900;18.891523361206055
2002-04-08;22.24333381652832;23.03333282470703;21.803333282470703;22.166667938232422;229500;18.2017822265625
2002-04-15;22.5;24.690000534057617;22.200000762939453;23.366666793823242;1533900;19.187137603759766
2002-04-22;23.03333282470703;23.28333282470703;20.976667404174805;21.0;1071300;17.243785858154297
2002-04-29;21.149999618530273;21.950000762939453;19.649999618530273;19.84666633605957;519300;16.29674530029297
2002-05-06;20.083332061767578;21.709999084472656;18.950000762939453;20.059999465942383;898800;16.471920013427734
2002-05-13;20.383333206176758;23.049999237060547;20.333332061767578;22.64666748046875;316200;18.595918655395508
2002-05-20;22.433332443237305;22.53333282470703;20.78333282470703;20.899999618530273;300900;17.161672592163086
2002-05-27;21.0;21.0;19.450000762939453;19.933332443237305;487500;16.367910385131836
2002-06-03;19.700000762939453;19.700000762939453;17.333332061767578;18.213333129882812;378900;14.955570220947266
2002-06-10;18.166667938232422;18.413333892822266;16.600000381469727;17.5;2724000;14.369819641113281
2002-06-17;17.950000762939453;18.899999618530273;15.683333396911621;15.760000228881836;726000;12.941055297851562
2002-06-24;15.783332824707031;16.703332901000977;14.800000190734863;15.970000267028809;510900;13.113489151000977
2002-07-01;16.100000381469727;16.450000762939453;14.416666984558105;16.450000762939453;235800;13.507631301879883
2002-07-08;16.483333587646484;16.483333587646484;14.380000114440918;15.84333324432373;304500;13.009478569030762
2002-07-15;15.466667175292969;17.183332443237305;15.24666690826416;15.466667175292969;831000;12.700189590454102
2002-07-22;15.5;15.726667404174805;12.916666984558105;13.216667175292969;848100;10.852642059326172
2002-07-29;13.699999809265137;14.643333435058594;12.323332786560059;12.50333309173584;424200;10.266897201538086
2002-08-05;12.5;13.333333015441895;11.703332901000977;13.166666984558105;507000;10.8115816116333
2002-08-12;12.766667366027832;14.449999809265137;12.203332901000977;14.25;573000;11.70114517211914
2002-08-19;14.25;15.273332595825195;14.0;14.079999923706055;609900;11.561552047729492
2002-08-26;14.0;14.206666946411133;12.363332748413086;12.666666984558105;566700;10.401017189025879
2002-09-02;12.41333293914795;12.41333293914795;11.5600004196167;12.270000457763672;504000;10.075299263000488
2002-09-09;11.933333396911621;13.066666603088379;11.633333206176758;11.733332633972168;659700;9.634624481201172
2002-09-16;11.533332824707031;11.699999809265137;10.303333282470703;10.363332748413086;1627200;8.50967025756836
2002-09-23;10.199999809265137;10.84333324432373;9.720000267028809;10.153332710266113;666600;8.337234497070312
2002-09-30;9.833333015441895;10.766667366027832;9.279999732971191;9.383333206176758;781200;7.7049641609191895
2002-10-07;9.119999885559082;10.40999984741211;8.616666793823242;10.183333396911621;1559100;8.361870765686035
2002-10-14;10.050000190734863;11.229999542236328;9.916666984558105;10.94333267211914;793800;8.985930442810059
2002-10-21;10.800000190734863;12.100000381469727;10.653332710266113;11.880000114440918;623400;9.755059242248535
2002-10-28;12.266667366027832;12.883333206176758;11.09000015258789;12.760000228881836;542100;10.477654457092285
2002-11-04;13.333333015441895;13.930000305175781;12.216667175292969;12.399999618530273;1445100;10.182045936584473
2002-11-11;12.100000381469727;13.180000305175781;11.58666706085205;13.100000381469727;877500;10.756839752197266
2002-11-18;13.416666984558105;14.896666526794434;12.736666679382324;14.696666717529297;1021200;12.067913055419922
2002-11-25;14.949999809265137;15.600000381469727;14.470000267028809;15.066666603088379;585900;12.371736526489258
2002-12-02;15.949999809265137;16.0;13.083333015441895;13.386667251586914;3385800;10.992226600646973
2002-12-09;13.083333015441895;13.333333015441895;12.466667175292969;12.50333309173584;1746000;10.266897201538086
2002-12-16;12.566666603088379;13.243332862854004;11.673333168029785;11.923333168029785;2803800;9.790637969970703
2002-12-23;11.966667175292969;12.386667251586914;11.800000190734863;11.850000381469727;1263600;9.73041820526123
2002-12-30;12.033332824707031;12.579999923706055;11.353333473205566;12.513333320617676;788700;10.275108337402344
2003-01-06;12.766667366027832;13.513333320617676;12.529999732971191;13.270000457763672;915000;10.896429061889648
2003-01-13;13.576666831970215;13.576666831970215;11.649999618530273;11.666666984558105;1540800;9.579883575439453
2003-01-20;11.833333015441895;11.986666679382324;11.333333015441895;11.433333396911621;815400;9.388283729553223
2003-01-27;11.266667366027832;11.74666690826416;10.569999694824219;11.0;910800;9.032459259033203
2003-02-03;11.0;11.3100004196167;10.596667289733887;10.600000381469727;3234900;8.704008102416992
2003-02-10;10.600000381469727;11.316666603088379;10.473333358764648;11.316666603088379;484200;9.292485237121582
2003-02-17;11.473333358764648;11.856666564941406;11.433333396911621;11.75;1353000;9.648308753967285
2003-02-24;11.666666984558105;11.949999809265137;11.199999809265137;11.949999809265137;3718800;9.81253433227539
2003-03-03;12.100000381469727;12.113332748413086;11.100000381469727;11.283332824707031;420900;9.265115737915039
2003-03-10;11.199999809265137;12.333333015441895;10.970000267028809;11.936667442321777;911700;9.801589012145996
2003-03-17;11.866666793823242;13.146666526794434;11.80666732788086;13.116666793823242;1746300;10.770523071289062
2003-03-24;12.666666984558105;12.796667098999023;12.073332786560059;12.133333206176758;4392000;9.9630765914917
2003-03-31;11.866666793823242;12.726667404174805;11.606666564941406;12.183333396911621;1025100;10.004132270812988
2003-04-07;12.800000190734863;12.800000190734863;11.569999694824219;11.58666706085205;718200;9.514191627502441
2003-04-14;11.716667175292969;13.063332557678223;11.609999656677246;13.0;804300;10.674725532531738
2003-04-21;12.933333396911621;13.623332977294922;12.699999809265137;12.770000457763672;1032000;10.48586368560791
2003-04-28;12.770000457763672;13.630000114440918;12.770000457763672;13.539999961853027;1826400;11.118138313293457
2003-05-05;13.766667366027832;14.149999618530273;13.369999885559082;14.0;942600;11.495859146118164
2003-05-12;13.966667175292969;14.363332748413086;13.773332595825195;14.023332595825195;2004900;11.515023231506348
2003-05-19;13.766667366027832;13.833333015441895;13.216667175292969;13.699999809265137;453000;11.249520301818848
2003-05-26;13.633333206176758;15.216667175292969;13.633333206176758;15.133333206176758;837000;12.426473617553711
2003-06-02;15.399999618530273;16.446666717529297;14.699999809265137;15.486666679382324;1865100;12.716609001159668
2003-06-09;15.166666984558105;15.266667366027832;14.383333206176758;14.516667366027832;863700;11.920108795166016
2003-06-16;14.533332824707031;15.399999618530273;14.420000076293945;14.816666603088379;589200;12.166451454162598
2003-06-23;14.739999771118164;14.893333435058594;14.100000381469727;14.630000114440918;1203900;12.013171195983887
2003-06-30;14.783332824707031;15.333333015441895;14.25;15.130000114440918;1161600;12.423735618591309
2003-07-07;15.533332824707031;16.616666793823242;15.466667175292969;16.0;997800;13.138123512268066
2003-07-14;16.46666717529297;16.733333587646484;15.350000381469727;15.75;1519200;12.932840347290039
2003-07-21;15.683333396911621;16.383333206176758;15.30666732788086;16.15999984741211;1219500;13.269503593444824
2003-07-28;16.083332061767578;16.469999313354492;15.829999923706055;16.299999237060547;1301100;13.384459495544434
2003-08-04;16.266666412353516;16.433332443237305;14.953332901000977;15.16333293914795;1112700;12.451111793518066
2003-08-11;15.229999542236328;16.25;15.229999542236328;16.25;490800;13.343404769897461
2003-08-18;16.260000228881836;18.71666717529297;16.260000228881836;18.066667556762695;7656000;14.83513069152832
2003-08-25;18.0;18.796667098999023;17.420000076293945;18.733333587646484;7047000;15.382554054260254
2003-09-01;18.799999237060547;19.32666778564453;18.266666412353516;18.916667938232422;1730100;15.53309154510498
2003-09-08;19.233333587646484;19.613332748413086;17.916667938232422;18.56999969482422;5762400;15.248435974121094
2003-09-15;18.733333587646484;19.086666107177734;18.266666412353516;18.913333892822266;1863000;15.531478881835938
2003-09-22;18.633333206176758;18.82666778564453;17.483333587646484;17.586666107177734;1511100;14.442020416259766
2003-09-29;17.833332061767578;18.899999618530273;17.35333251953125;18.700000762939453;2637900;15.356283187866211
2003-10-06;18.766666412353516;19.65999984741211;18.633333206176758;19.5;2915400;16.013233184814453
2003-10-13;19.700000762939453;20.329999923706055;19.35333251953125;19.510000228881836;2725500;16.021453857421875
2003-10-20;19.510000228881836;20.293333053588867;18.920000076293945;19.30666732788086;2985300;15.854476928710938
2003-10-27;19.666667938232422;21.19333267211914;19.383333206176758;20.766666412353516;1833900;17.053415298461914
2003-11-03;21.03333282470703;22.233333587646484;21.01333236694336;21.96666717529297;2087700;18.038846969604492
2003-11-10;21.950000762939453;22.06333351135254;21.00666618347168;21.143333435058594;1808400;17.362730026245117
2003-11-17;20.766666412353516;21.233333587646484;20.450000762939453;20.726667404174805;3438600;17.02056312561035
2003-11-24;21.0;21.893333435058594;21.0;21.863332748413086;708000;17.953983306884766
2003-12-01;22.166667938232422;22.23666763305664;20.55666732788086;20.670000076293945;3169500;16.974027633666992
2003-12-08;20.733333587646484;20.863332748413086;19.583332061767578;20.579999923706055;3792600;16.900127410888672
2003-12-15;21.0;21.0;19.420000076293945;20.206666946411133;1147800;16.593547821044922
2003-12-22;20.149999618530273;20.71666717529297;20.06333351135254;20.649999618530273;323100;16.957611083984375
2003-12-29;20.71666717529297;21.246667861938477;20.71666717529297;21.0;932400;17.245027542114258
2004-01-05;21.383333206176758;23.09666633605957;21.299999237060547;22.78333282470703;2076600;18.70948600769043
2004-01-12;22.916667938232422;23.416667938232422;22.476667404174805;23.386667251586914;1933800;19.204940795898438
2004-01-19;23.516666412353516;23.55666732788086;21.96666717529297;22.100000381469727;2203200;18.14833641052246
2004-01-26;22.166667938232422;22.636667251586914;21.166667938232422;21.666667938232422;1952100;17.792484283447266
2004-02-02;21.899999618530273;21.920000076293945;20.76333236694336;21.833332061767578;2340600;17.929353713989258
2004-02-09;22.066667556762695;22.39666748046875;21.426666259765625;21.666667938232422;1203600;17.792484283447266
2004-02-16;21.933332443237305;22.666667938232422;21.356666564941406;21.64666748046875;1059900;17.776060104370117
2004-02-23;21.666667938232422;21.786666870117188;20.75;21.476667404174805;1075200;17.636459350585938
2004-03-01;21.350000381469727;22.15333366394043;21.299999237060547;21.586666107177734;1961400;17.726787567138672
2004-03-08;21.600000381469727;21.68666648864746;19.950000762939453;20.520000457763672;2885400;16.85085105895996
2004-03-15;20.333332061767578;20.559999465942383;19.53333282470703;19.593332290649414;981300;16.08988380432129
2004-03-22;19.266666412353516;20.5;19.043333053588867;20.26333236694336;1345200;16.64007568359375
2004-03-29;20.666667938232422;21.696666717529297;20.270000457763672;21.666667938232422;1632300;17.792484283447266
2004-04-05;21.71666717529297;21.833332061767578;21.003332138061523;21.43666648864746;1205700;17.60361099243164
2004-04-12;21.53333282470703;21.633333206176758;19.670000076293945;19.956666946411133;1100100;16.388248443603516
2004-04-19;20.043333053588867;20.67333221435547;19.50666618347168;20.610000610351562;527700;16.924753189086914
2004-04-26;20.53333282470703;20.613332748413086;18.386667251586914;18.433332443237305;948300;15.137298583984375
2004-05-03;18.510000228881836;19.420000076293945;18.116666793823242;19.110000610351562;966900;15.692978858947754
2004-05-10;18.81333351135254;19.573333740234375;18.68000030517578;18.84666633605957;1440000;15.476720809936523
2004-05-17;18.336666107177734;19.639999389648438;18.336666107177734;19.133333206176758;638400;15.712135314941406
2004-05-24;19.433332443237305;20.393333435058594;19.06999969482422;20.34000015258789;886200;16.703031539916992
2004-05-31;20.253332138061523;20.386667251586914;19.296667098999023;19.676666259765625;1221000;16.15831756591797
2004-06-07;19.953332901000977;20.40999984741211;19.636667251586914;19.746667861938477;718800;16.21580696105957
2004-06-14;19.549999237060547;19.616666793823242;18.53333282470703;18.64666748046875;839400;15.31248950958252
2004-06-21;18.799999237060547;19.633333206176758;18.47333335876465;19.446666717529297;1426200;15.969438552856445
2004-06-28;19.67333221435547;19.866666793823242;18.633333206176758;18.663333892822266;2253000;15.326172828674316
2004-07-05;18.333332061767578;18.383333206176758;17.790000915527344;18.219999313354492;1001400;14.962112426757812
2004-07-12;17.75;18.0;16.636667251586914;16.69333267211914;2132100;13.708426475524902
2004-07-19;16.75;17.48666763305664;16.366666793823242;16.3700008392334;2980500;13.442910194396973
2004-07-26;16.433332443237305;17.016666412353516;15.84000015258789;16.89666748046875;2440200;13.87540054321289
2004-08-02;16.676666259765625;17.0;15.523332595825195;15.653332710266113;2022000;12.854384422302246
2004-08-09;15.683333396911621;15.883333206176758;14.566666603088379;14.800000190734863;2186100;12.153634071350098
2004-08-16;14.973333358764648;15.90666675567627;14.920000076293945;15.803333282470703;1137600;12.977566719055176
2004-08-23;15.886667251586914;16.1299991607666;15.396666526794434;15.75;1546200;12.933772087097168
2004-08-30;15.633333206176758;15.676667213439941;14.800000190734863;14.816666603088379;1148100;12.167323112487793
2004-09-06;14.983332633972168;16.06999969482422;14.576666831970215;16.010000228881836;1674000;13.1472749710083
2004-09-13;16.299999237060547;16.59666633605957;15.803333282470703;16.176666259765625;6000900;13.284141540527344
2004-09-20;16.083332061767578;16.920000076293945;15.926667213439941;16.016666412353516;3132000;13.152754783630371
2004-09-27;15.720000267028809;16.753332138061523;15.483332633972168;16.753332138061523;4596000;13.757697105407715
2004-10-04;17.0;17.21666717529297;16.17333221435547;16.28333282470703;2086800;13.371735572814941
2004-10-11;16.226667404174805;16.649999618530273;15.779999732971191;15.880000114440918;1740300;13.040528297424316
2004-10-18;15.833333015441895;16.906667709350586;15.640000343322754;16.25;1658400;13.344362258911133
2004-10-25;16.316667556762695;17.149999618530273;16.156667709350586;16.956666946411133;2181900;13.924676895141602
2004-11-01;16.913333892822266;17.503332138061523;16.606666564941406;17.196666717529297;3276900;14.121763229370117
2004-11-08;17.196666717529297;17.510000228881836;16.780000686645508;17.476667404174805;1412400;14.351699829101562
2004-11-15;17.440000534057617;18.363332748413086;17.373332977294922;17.796667098999023;2610300;14.614471435546875
2004-11-22;17.68000030517578;17.98666763305664;17.610000610351562;17.77666664123535;678900;14.598050117492676
2004-11-29;17.99333381652832;18.75;17.5;18.433332443237305;1989900;15.137298583984375
2004-12-06;18.450000762939453;18.773332595825195;17.206666946411133;17.459999084472656;2431200;14.338008880615234
2004-12-13;17.706666946411133;18.123332977294922;17.52666664123535;17.573333740234375;2787900;14.431075096130371
2004-12-20;17.600000381469727;17.786666870117188;17.360000610351562;17.739999771118164;2571300;14.567940711975098
2004-12-27;17.770000457763672;18.01333236694336;17.549999237060547;17.933332443237305;1200600;14.726701736450195
2005-01-03;18.126667022705078;18.133333206176758;16.65999984741211;16.833332061767578;5017800;13.823393821716309
2005-01-10;16.856666564941406;17.02666664123535;16.360000610351562;16.700000762939453;4398300;13.713905334472656
2005-01-17;16.666667938232422;16.85333251953125;16.066667556762695;16.066667556762695;2318700;13.193814277648926
2005-01-24;16.1200008392334;16.666667938232422;15.710000038146973;16.40999984741211;5212800;13.475751876831055
2005-01-31;16.666667938232422;17.296667098999023;16.47333335876465;17.280000686645508;1168800;14.190194129943848
2005-02-07;17.246667861938477;17.926666259765625;17.1299991607666;17.80666732788086;2314500;14.622689247131348
2005-02-14;17.843332290649414;18.18666648864746;17.5;17.546667098999023;1970700;14.409174919128418
2005-02-21;17.386667251586914;18.15999984741211;17.25666618347168;18.136667251586914;2148300;14.893685340881348
2005-02-28;18.21666717529297;18.336666107177734;17.64666748046875;17.80666732788086;2022600;14.622689247131348
2005-03-07;17.916667938232422;18.266666412353516;17.469999313354492;17.553333282470703;2168700;14.414651870727539
2005-03-14;17.566667556762695;17.67333221435547;16.883333206176758;16.920000076293945;2234100;13.894559860229492
2005-03-21;17.02666664123535;17.183332443237305;16.809999465942383;17.030000686645508;2228100;13.984894752502441
2005-03-28;17.170000076293945;17.266666412353516;16.709999084472656;16.770000457763672;984600;13.77138614654541
2005-04-04;16.713333129882812;17.093332290649414;16.59000015258789;16.940000534057617;1312500;13.910983085632324
2005-04-11;16.96666717529297;17.010000228881836;15.566666603088379;15.616666793823242;1878900;12.824275016784668
2005-04-18;15.623332977294922;16.399999618530273;15.563332557678223;16.133333206176758;1970700;13.248560905456543
2005-04-25;16.233333587646484;16.44333267211914;15.633333206176758;16.010000228881836;2402100;13.1472749710083
2005-05-02;16.010000228881836;16.530000686645508;15.916666984558105;16.479999542236328;1261200;13.53323745727539
2005-05-09;16.49333381652832;17.066667556762695;16.15999984741211;16.979999542236328;1468500;13.943836212158203
2005-05-16;17.0;17.583332061767578;16.873332977294922;17.546667098999023;4691700;14.409174919128418
2005-05-23;17.566667556762695;18.0;17.463333129882812;17.8700008392334;1954200;14.67469596862793
2005-05-30;17.94333267211914;18.266666412353516;17.76333236694336;18.073333740234375;2939400;14.841672897338867
2005-06-06;18.016666412353516;18.290000915527344;17.773332595825195;18.00666618347168;3230400;14.786930084228516
2005-06-13;17.950000762939453;18.14666748046875;17.593332290649414;18.03333282470703;1313700;14.808830261230469
2005-06-20;17.8799991607666;18.65333366394043;17.81999969482422;17.866666793823242;2456700;14.671960830688477
2005-06-27;17.799999237060547;17.833332061767578;17.520000457763672;17.6200008392334;3126600;14.469392776489258
2005-07-04;17.56999969482422;18.510000228881836;17.543333053588867;18.48666763305664;2341200;15.181093215942383
2005-07-11;18.666667938232422;19.5;18.666667938232422;19.260000228881836;9041700;15.816157341003418
2005-07-18;19.200000762939453;19.93666648864746;19.053333282470703;19.546667098999023;3154500;16.05156135559082
2005-07-25;19.626667022705078;19.799999237060547;19.386667251586914;19.613332748413086;2121300;16.10630226135254
2005-08-01;19.656667709350586;20.083332061767578;19.34666633605957;19.440000534057617;2323500;15.963967323303223
2005-08-08;19.463333129882812;19.739999771118164;19.09666633605957;19.166667938232422;2688900;15.739511489868164
2005-08-15;19.166667938232422;19.52666664123535;19.00666618347168;19.1200008392334;2495700;15.701187133789062
2005-08-22;19.299999237060547;19.579999923706055;19.083332061767578;19.14666748046875;10454700;15.723084449768066
2005-08-29;19.100000381469727;19.666667938232422;19.06999969482422;19.389999389648438;3191100;15.922904014587402
2005-09-05;19.520000457763672;20.139999389648438;19.51333236694336;20.06999969482422;3504600;16.4813175201416
2005-09-12;20.093332290649414;20.399999618530273;19.773332595825195;19.96666717529297;1822800;16.396465301513672
2005-09-19;19.906667709350586;19.96666717529297;18.969999313354492;19.34666633605957;1832400;15.88732624053955
2005-09-26;19.626667022705078;19.856666564941406;19.046667098999023;19.753332138061523;2301300;16.22937774658203
2005-10-03;19.899999618530273;20.1299991607666;18.8700008392334;19.190000534057617;6195600;15.766546249389648
2005-10-10;19.03333282470703;19.03333282470703;18.036666870117188;18.52666664123535;3208500;15.221546173095703
2005-10-17;18.546667098999023;18.829999923706055;17.983333587646484;18.713333129882812;1892400;15.374917984008789
2005-10-24;18.773332595825195;18.926666259765625;17.75666618347168;18.209999084472656;2922900;14.961380004882812
2005-10-31;18.440000534057617;19.543333053588867;18.343332290649414;19.47333335876465;4671600;15.999338150024414
2005-11-07;19.53333282470703;20.110000610351562;19.333332061767578;19.866666793823242;2976900;16.322492599487305
2005-11-14;19.913333892822266;20.463333129882812;19.636667251586914;20.35333251953125;3078000;16.72234344482422
2005-11-21;20.30666732788086;20.81333351135254;20.190000534057617;20.72333335876465;2926200;17.026338577270508
2005-11-28;20.84000015258789;21.546667098999023;20.383333206176758;21.299999237060547;3159300;17.500123977661133
2005-12-05;21.266666412353516;21.463333129882812;20.5;20.93666648864746;2767500;17.201618194580078
2005-12-12;21.116666793823242;21.30666732788086;20.860000610351562;20.866666793823242;1188000;17.14409637451172
2005-12-19;20.866666793823242;20.979999542236328;20.299999237060547;20.85333251953125;1472700;17.133148193359375
2005-12-26;21.00666618347168;21.030000686645508;20.15999984741211;20.323333740234375;4208400;16.69769859313965
2006-01-02;20.553333282470703;22.163333892822266;20.24333381652832;22.116666793823242;3376500;18.17110824584961
2006-01-09;22.21666717529297;22.786666870117188;22.06333351135254;22.233333587646484;6453300;18.266956329345703
2006-01-16;21.956666946411133;22.469999313354492;21.31999969482422;21.456666946411133;7674000;17.62883186340332
2006-01-23;21.530000686645508;22.85333251953125;21.34666633605957;22.453332901000977;2622000;18.447711944580078
2006-01-30;22.549999237060547;22.549999237060547;21.770000457763672;21.799999237060547;1474500;17.910926818847656
2006-02-06;21.883333206176758;22.799999237060547;21.766666412353516;22.266666412353516;1305900;18.294343948364258
2006-02-13;22.100000381469727;22.53333282470703;21.833332061767578;22.123332977294922;1291500;18.176578521728516
2006-02-20;22.040000915527344;22.116666793823242;21.446666717529297;21.706666946411133;5950500;17.834251403808594
2006-02-27;21.676666259765625;22.713333129882812;21.57666778564453;22.25666618347168;4030800;18.28612518310547
2006-03-06;22.336666107177734;22.3799991607666;20.89666748046875;21.01333236694336;4873500;17.26459312438965
2006-03-13;21.093332290649414;21.696666717529297;20.860000610351562;21.093332290649414;2823000;17.330326080322266
2006-03-20;21.1200008392334;21.649999618530273;20.979999542236328;21.56999969482422;4271400;17.721954345703125
2006-03-27;21.59000015258789;22.066667556762695;21.049999237060547;21.729999542236328;4648500;17.85341453552246
2006-04-03;21.706666946411133;22.78333282470703;21.706666946411133;22.25666618347168;2592600;18.28612518310547
2006-04-10;22.18666648864746;22.25666618347168;21.610000610351562;22.049999237060547;1676700;18.1163330078125
2006-04-17;22.133333206176758;23.133333206176758;21.633333206176758;22.286666870117188;2774100;18.310779571533203
2006-04-24;22.07666778564453;22.610000610351562;21.876667022705078;22.239999771118164;2307600;18.272436141967773
2006-05-01;22.260000228881836;22.899999618530273;22.02666664123535;22.84000015258789;1254300;18.765396118164062
2006-05-08;22.889999389648438;22.983333587646484;21.270000457763672;21.333332061767578;6118800;17.527511596679688
2006-05-15;21.316667556762695;21.46666717529297;20.35333251953125;20.74333381652832;5853000;17.042770385742188
2006-05-22;20.459999084472656;20.626667022705078;19.690000534057617;20.280000686645508;3140700;16.662099838256836
2006-05-29;20.203332901000977;20.816667556762695;19.816667556762695;20.559999465942383;1130400;16.89214324951172
2006-06-05;20.49333381652832;20.49333381652832;18.82666778564453;19.200000762939453;1752600;15.774760246276855
2006-06-12;19.24333381652832;19.703332901000977;18.546667098999023;19.406667709350586;2178000;15.944557189941406
2006-06-19;19.489999771118164;19.71666717529297;18.996667861938477;19.10333251953125;1459500;15.705411911010742
2006-06-26;19.166667938232422;19.416667938232422;18.406667709350586;19.316667556762695;1959900;15.880805969238281
2006-07-03;19.40999984741211;19.5;18.5;18.6299991607666;823800;15.316275596618652
2006-07-10;18.663333892822266;18.799999237060547;17.6299991607666;17.76333236694336;3005100;14.60376262664795
2006-07-17;17.856666564941406;18.356666564941406;16.93000030517578;16.97333335876465;2561400;13.954276084899902
2006-07-24;17.21666717529297;18.476667404174805;17.21666717529297;18.433332443237305;4570500;15.154590606689453
2006-07-31;18.360000610351562;18.956666946411133;17.94333267211914;18.450000762939453;3331500;15.168288230895996
2006-08-07;18.363332748413086;18.796667098999023;18.030000686645508;18.079999923706055;1649400;14.86409854888916
2006-08-14;18.253332138061523;19.97333335876465;18.219999313354492;19.683332443237305;4012500;16.182249069213867
2006-08-21;19.440000534057617;19.57666778564453;19.06333351135254;19.333332061767578;2802600;15.894506454467773
2006-08-28;19.35333251953125;20.356666564941406;19.35333251953125;19.96666717529297;2721600;16.415185928344727
2006-09-04;19.876667022705078;20.219999313354492;19.293333053588867;19.683332443237305;1846800;16.182249069213867
2006-09-11;19.65999984741211;21.030000686645508;19.65999984741211;20.65333366394043;3678000;16.979713439941406
2006-09-18;20.68000030517578;21.09000015258789;20.06333351135254;20.093332290649414;2438400;16.51932144165039
2006-09-25;20.149999618530273;20.809999465942383;19.98666763305664;20.49333381652832;2080800;16.861831665039062
2006-10-02;20.416667938232422;20.639999389648438;19.989999771118164;20.40999984741211;2213400;16.793270111083984
2006-10-09;20.386667251586914;21.386667251586914;20.383333206176758;21.296667098999023;3747900;17.522817611694336
2006-10-16;21.456666946411133;21.55666732788086;19.956666946411133;20.03333282470703;6297300;16.48334503173828
2006-10-23;19.96666717529297;20.520000457763672;19.866666793823242;20.01333236694336;4534500;16.466888427734375
2006-10-30;19.996667861938477;20.5;19.726667404174805;19.920000076293945;5556600;16.390098571777344
2006-11-06;19.983333587646484;20.65999984741211;19.916667938232422;20.166667938232422;2481000;16.593053817749023
2006-11-13;20.190000534057617;21.39666748046875;20.190000534057617;21.170000076293945;5825100;17.418601989746094
2006-11-20;21.086666107177734;21.48666763305664;21.03333282470703;21.303333282470703;5509500;17.528305053710938
2006-11-27;21.219999313354492;21.3700008392334;20.406667709350586;20.663333892822266;4448100;17.001712799072266
2006-12-04;20.706666946411133;21.360000610351562;20.6299991607666;20.80666732788086;2927700;17.119647979736328
2006-12-11;20.809999465942383;20.94333267211914;20.46666717529297;20.786666870117188;5711700;17.103187561035156
2006-12-18;20.8700008392334;21.03333282470703;20.176666259765625;20.176666259765625;4429200;16.603971481323242
2006-12-25;20.133333206176758;20.59666633605957;20.133333206176758;20.336666107177734;1181400;16.735637664794922
2007-01-01;20.56333351135254;20.739999771118164;20.083332061767578;20.280000686645508;1213200;16.689010620117188
2007-01-08;20.290000915527344;21.03333282470703;20.209999084472656;20.899999618530273;2058900;17.199220657348633
2007-01-15;20.816667556762695;20.816667556762695;19.803333282470703;20.020000457763672;2084700;16.47504425048828
2007-01-22;19.94333267211914;20.43666648864746;19.700000762939453;20.273332595825195;1835100;16.68351936340332
2007-01-29;20.233333587646484;20.636667251586914;19.98666763305664;20.56999969482422;1973100;16.927658081054688
2007-02-05;20.639999389648438;21.00666618347168;20.356666564941406;20.456666946411133;2682900;16.834388732910156
2007-02-12;20.399999618530273;20.866666793823242;20.19333267211914;20.82666778564453;2928900;17.138874053955078
2007-02-19;20.656667709350586;21.433332443237305;20.579999923706055;21.366666793823242;1967100;17.583261489868164
2007-02-26;21.43666648864746;21.44333267211914;20.06999969482422;20.06999969482422;3591000;16.516185760498047
2007-03-05;19.893333435058594;20.773332595825195;19.85333251953125;20.573333740234375;1351500;16.93039321899414
2007-03-12;20.559999465942383;20.823333740234375;20.06999969482422;20.293333053588867;1185900;16.699981689453125
2007-03-19;20.416667938232422;20.84000015258789;20.18000030517578;20.59666633605957;1131900;16.949602127075195
2007-03-26;20.583332061767578;20.6200008392334;19.873332977294922;20.100000381469727;1644900;16.558298110961914
2007-04-02;20.229999542236328;20.56333351135254;19.940000534057617;20.543333053588867;1178100;16.923519134521484
2007-04-09;20.56999969482422;20.700000762939453;20.413333892822266;20.633333206176758;573600;16.997657775878906
2007-04-16;20.65999984741211;21.536666870117188;20.623332977294922;21.399999618530273;2155800;17.629240036010742
2007-04-23;21.34666633605957;21.983333587646484;21.21666717529297;21.633333206176758;2402400;17.82144546508789
2007-04-30;21.583332061767578;21.940000534057617;21.176666259765625;21.883333206176758;1234200;18.02739715576172
2007-05-07;21.93000030517578;22.163333892822266;21.559999465942383;22.03333282470703;1385400;18.150964736938477
2007-05-14;22.196666717529297;22.200000762939453;21.47333335876465;21.64666748046875;1592100;17.832435607910156
2007-05-21;21.666667938232422;21.933332443237305;20.963333129882812;21.18666648864746;3235200;17.453495025634766
2007-05-28;21.219999313354492;21.799999237060547;21.023332595825195;21.696666717529297;1817400;17.873624801635742
2007-06-04;21.613332748413086;21.816667556762695;20.8700008392334;21.453332901000977;1341000;17.673168182373047
2007-06-11;21.39666748046875;22.219999313354492;21.139999389648438;22.190000534057617;1126800;18.28004264831543
2007-06-18;22.18000030517578;22.53333282470703;21.833332061767578;22.233333587646484;1965300;18.31572723388672
2007-06-25;22.253332138061523;22.336666107177734;21.733333587646484;21.94333267211914;1168200;18.101924896240234
2007-07-02;22.143333435058594;22.639999389648438;22.06999969482422;22.6200008392334;933000;18.660139083862305
2007-07-09;22.666667938232422;23.286666870117188;22.42333221435547;23.139999389648438;1353900;19.0891056060791
2007-07-16;23.166667938232422;23.75;22.99333381652832;23.09000015258789;1902900;19.04785919189453
2007-07-23;23.15999984741211;23.323333740234375;21.8799991607666;21.916667938232422;2841600;18.079938888549805
2007-07-30;22.15333366394043;22.549999237060547;21.426666259765625;21.426666259765625;5007000;17.675716400146484
2007-08-06;21.450000762939453;22.479999542236328;21.28333282470703;21.893333435058594;8455200;18.060686111450195
2007-08-13;22.116666793823242;22.116666793823242;20.30666732788086;21.293333053588867;7807500;17.565719604492188
2007-08-20;21.43666648864746;21.983333587646484;21.329999923706055;21.969999313354492;1266900;18.123926162719727
2007-08-27;21.893333435058594;22.299999237060547;21.163333892822266;22.253332138061523;1604700;18.357662200927734
2007-09-03;22.299999237060547;22.836666107177734;21.84666633605957;22.023332595825195;2165100;18.167924880981445
2007-09-10;22.293333053588867;22.476667404174805;21.706666946411133;21.780000686645508;2509500;17.96718978881836
2007-09-17;21.68000030517578;22.72333335876465;21.593332290649414;22.573333740234375;1555200;18.621644973754883
2007-09-24;22.616666793823242;22.8700008392334;22.34000015258789;22.49333381652832;2088900;18.577808380126953
2007-10-01;22.626667022705078;23.079999923706055;22.303333282470703;22.84666633605957;2221200;18.86963653564453
2007-10-08;22.913333892822266;23.166667938232422;21.99333381652832;22.44333267211914;3397800;18.536510467529297
2007-10-15;22.53333282470703;23.0;22.143333435058594;22.163333892822266;3207600;18.305255889892578
2007-10-22;21.940000534057617;22.433332443237305;20.803333282470703;21.073333740234375;2269500;17.404996871948242
2007-10-29;21.126667022705078;21.623332977294922;21.036666870117188;21.34000015258789;2812500;17.625240325927734
2007-11-05;21.09000015258789;21.56333351135254;20.32666778564453;20.489999771118164;5558700;16.923202514648438
2007-11-12;20.366666793823242;20.666667938232422;19.89666748046875;20.0;2811000;16.518495559692383
2007-11-19;19.926666259765625;20.066667556762695;18.80666732788086;19.290000915527344;4536900;15.932089805603027
2007-11-26;19.399999618530273;20.27666664123535;18.793333053588867;19.713333129882812;3293400;16.2817325592041
2007-12-03;19.75666618347168;20.483333587646484;19.503332138061523;20.406667709350586;3576900;16.854379653930664
2007-12-10;20.440000534057617;20.81333351135254;19.983333587646484;20.023332595825195;4803000;16.537763595581055
2007-12-17;19.90999984741211;20.373332977294922;19.459999084472656;20.239999771118164;2810400;16.716718673706055
2007-12-24;20.329999923706055;20.520000457763672;19.8799991607666;19.97333335876465;1025400;16.516632080078125
2007-12-31;19.933332443237305;20.00666618347168;17.959999084472656;18.126667022705078;2057100;14.989556312561035
2008-01-07;18.213333129882812;18.213333129882812;16.81333351135254;16.913333892822266;3492900;13.986204147338867
2008-01-14;17.166667938232422;17.456666946411133;16.10333251953125;16.68000030517578;1738800;13.793256759643555
2008-01-21;16.03333282470703;17.766666412353516;15.5;16.883333206176758;2772300;13.961400985717773
2008-01-28;16.80666732788086;18.0;16.600000381469727;17.979999542236328;1802700;14.868279457092285
2008-02-04;17.996667861938477;18.0;16.100000381469727;16.809999465942383;1821600;13.900765419006348
2008-02-11;16.883333206176758;17.766666412353516;16.75666618347168;16.836666107177734;1533000;13.922808647155762
2008-02-18;17.066667556762695;17.446666717529297;16.523332595825195;17.049999237060547;1885500;14.099225997924805
2008-02-25;16.98666763305664;17.766666412353516;16.683332443237305;16.729999542236328;8637300;13.834606170654297
2008-03-03;16.726667404174805;17.030000686645508;16.06999969482422;16.420000076293945;2450700;13.57825756072998
2008-03-10;16.3799991607666;16.98666763305664;16.163333892822266;16.416667938232422;3146400;13.575507164001465
2008-03-17;15.686667442321777;17.00666618347168;15.686667442321777;16.6299991607666;7514100;13.751907348632812
2008-03-24;16.633333206176758;17.360000610351562;16.343332290649414;16.343332290649414;3437100;13.51485824584961
2008-03-31;16.366666793823242;17.729999542236328;16.366666793823242;17.60333251953125;4583700;14.556790351867676
2008-04-07;17.68666648864746;17.843332290649414;16.979999542236328;17.030000686645508;8204400;14.082684516906738
2008-04-14;16.899999618530273;17.850000381469727;16.406667709350586;17.700000762939453;3073500;14.636730194091797
2008-04-21;17.583332061767578;18.399999618530273;17.239999771118164;18.183332443237305;6147000;15.036419868469238
2008-04-28;18.07666778564453;18.69333267211914;17.69333267211914;18.47333335876465;8077200;15.276220321655273
2008-05-05;18.39666748046875;18.886667251586914;18.176666259765625;18.496667861938477;9381600;15.295527458190918
2008-05-12;18.40333366394043;19.59666633605957;18.40333366394043;19.593332290649414;1578000;16.202388763427734
2008-05-19;19.633333206176758;19.979999542236328;18.420000076293945;18.68000030517578;1607400;15.44713020324707
2008-05-26;18.649999618530273;19.40333366394043;18.649999618530273;19.30666732788086;1328400;15.965341567993164
2008-06-02;19.26333236694336;19.47333335876465;18.700000762939453;19.1200008392334;2128800;15.810982704162598
2008-06-09;19.01333236694336;19.01333236694336;17.683332443237305;18.293333053588867;5562900;15.127385139465332
2008-06-16;18.209999084472656;18.82666778564453;17.893333435058594;18.053333282470703;4132500;14.928913116455078
2008-06-23;18.233333587646484;18.40333366394043;16.989999771118164;17.239999771118164;6759600;14.293289184570312
2008-06-30;17.123332977294922;17.413333892822266;15.896666526794434;16.123332977294922;2310300;13.367487907409668
2008-07-07;16.206666946411133;16.566667556762695;15.433333396911621;15.826666831970215;12787200;13.121527671813965
2008-07-14;15.923333168029785;16.739999771118164;15.386667251586914;16.566667556762695;12206100;13.735047340393066
2008-07-21;16.666667938232422;16.68666648864746;15.183333396911621;15.453332901000977;7737600;12.812005043029785
2008-07-28;15.30666732788086;16.0;15.153332710266113;15.523332595825195;9259500;12.870038986206055
2008-08-04;15.596667289733887;16.683332443237305;15.489999771118164;16.633333206176758;3080700;13.790316581726074
2008-08-11;16.713333129882812;17.433332443237305;16.626667022705078;17.286666870117188;4325700;14.331979751586914
2008-08-18;17.40999984741211;17.40999984741211;16.476667404174805;16.81333351135254;3932100;13.939550399780273
2008-08-25;16.713333129882812;16.823333740234375;16.233333587646484;16.35333251953125;2808300;13.5581693649292
2008-09-01;16.606666564941406;16.69333267211914;14.6899995803833;15.09000015258789;4184400;12.510774612426758
2008-09-08;15.486666679382324;15.486666679382324;14.126667022705078;14.529999732971191;7110600;12.046493530273438
2008-09-15;13.986666679382324;15.616666793823242;13.329999923706055;14.670000076293945;7328700;12.162565231323242
2008-09-22;14.399999618530273;14.579999923706055;13.446666717529297;14.206666946411133;1733700;11.778422355651855
2008-09-29;14.15999984741211;14.15999984741211;12.470000267028809;12.483332633972168;5629800;10.349644660949707
2008-10-06;12.146666526794434;12.206666946411133;10.229999542236328;10.91333293914795;6895500;9.047995567321777
2008-10-13;11.133333206176758;12.383333206176758;9.899999618530273;10.696666717529297;5076300;8.868362426757812
2008-10-20;10.9399995803833;11.046667098999023;9.026666641235352;9.846667289733887;2808900;8.163646697998047
2008-10-27;9.583333015441895;11.333333015441895;9.583333015441895;11.130000114440918;3078900;9.227627754211426
2008-11-03;11.25333309173584;11.550000190734863;10.073332786560059;10.313332557678223;1075800;8.550544738769531
2008-11-10;10.396666526794434;10.433333396911621;8.84000015258789;9.229999542236328;1659300;7.652381420135498
2008-11-17;9.09000015258789;9.25333309173584;7.633333206176758;8.149999618530273;1710300;6.756978511810303
2008-11-24;8.136667251586914;9.173333168029785;8.136667251586914;9.023332595825195;1252800;7.481036186218262
2008-12-01;8.696666717529297;8.90666675567627;8.043333053588867;8.69333267211914;2593200;7.207444190979004
2008-12-08;8.91333293914795;9.710000038146973;8.623332977294922;9.643333435058594;3036600;7.9950666427612305
2008-12-15;9.69333267211914;10.206666946411133;9.293333053588867;9.69333267211914;1600800;8.036520957946777
2008-12-22;9.546667098999023;9.546667098999023;8.926667213439941;9.013333320617676;770700;7.537288665771484
2008-12-29;9.006667137145996;9.930000305175781;8.829999923706055;9.896666526794434;1084200;8.275960922241211
2009-01-05;9.8100004196167;10.516667366027832;9.55666732788086;9.576666831970215;1641900;8.008367538452148
2009-01-12;9.55666732788086;9.55666732788086;8.713333129882812;9.456666946411133;1962600;7.908020496368408
2009-01-19;9.4399995803833;9.4399995803833;8.59000015258789;9.1899995803833;1644000;7.685023307800293
2009-01-26;9.206666946411133;9.979999542236328;9.130000114440918;9.210000038146973;2947200;7.701748847961426
2009-02-02;9.036666870117188;10.40999984741211;9.006667137145996;10.350000381469727;4390500;8.655058860778809
2009-02-09;10.316666603088379;10.41333293914795;9.420000076293945;9.926667213439941;3880800;8.301054954528809
2009-02-16;9.553333282470703;9.55666732788086;8.666666984558105;8.880000114440918;2414700;7.425787448883057
2009-02-23;8.916666984558105;9.619999885559082;8.470000267028809;9.0600004196167;3603300;7.576314926147461
2009-03-02;8.880000114440918;9.273332595825195;8.543333053588867;8.856666564941406;4618800;7.406276702880859
2009-03-09;8.773332595825195;10.149999618530273;8.653332710266113;10.113332748413086;3690600;8.457147598266602
2009-03-16;10.426667213439941;10.670000076293945;9.743332862854004;10.079999923706055;5021400;8.429272651672363
2009-03-23;10.40999984741211;11.016667366027832;10.170000076293945;10.8100004196167;4367100;9.039726257324219
2009-03-30;10.793333053588867;11.319999694824219;10.140000343322754;11.319999694824219;3087900;9.466207504272461
2009-04-06;11.180000305175781;11.523332595825195;10.636667251586914;11.420000076293945;4183200;9.549834251403809
2009-04-13;11.423333168029785;11.666666984558105;10.916666984558105;11.59333324432373;5951100;9.694784164428711
2009-04-20;11.346667289733887;11.676667213439941;10.743332862854004;11.44333267211914;6418200;9.569345474243164
2009-04-27;11.226667404174805;11.966667175292969;11.09000015258789;11.703332901000977;6032700;9.786766052246094
2009-05-04;11.923333168029785;12.363332748413086;11.036666870117188;11.206666946411133;6256200;9.37143611907959
2009-05-11;11.016667366027832;11.433333396911621;10.633333206176758;10.8100004196167;9253500;9.039726257324219
2009-05-18;10.90666675567627;11.973333358764648;10.90666675567627;11.326666831970215;5714700;9.471785545349121
2009-05-25;11.196666717529297;12.223333358764648;11.196666717529297;12.140000343322754;4022400;10.151923179626465
2009-06-01;12.359999656677246;12.863332748413086;12.08666706085205;12.286666870117188;4375800;10.274574279785156
2009-06-08;12.233332633972168;13.046667098999023;12.050000190734863;12.643333435058594;3968700;10.57282829284668
2009-06-15;12.449999809265137;12.59000015258789;12.039999961853027;12.316666603088379;4371000;10.299659729003906
2009-06-22;12.1899995803833;12.386667251586914;11.55666732788086;12.216667175292969;2286000;10.25127124786377
2009-06-29;12.263333320617676;12.600000381469727;12.076666831970215;12.300000190734863;2719200;10.32119369506836
2009-07-06;12.220000267028809;12.323332786560059;11.506667137145996;11.993332862854004;2938500;10.063858985900879
2009-07-13;12.00333309173584;13.486666679382324;11.800000190734863;13.470000267028809;4162200;11.302971839904785
2009-07-20;13.566666603088379;14.19333267211914;13.293333053588867;14.010000228881836;5741400;11.756094932556152
2009-07-27;14.029999732971191;14.453332901000977;13.796667098999023;14.109999656677246;2482500;11.840009689331055
2009-08-03;14.266667366027832;14.380000114440918;13.833333015441895;13.953332901000977;3331200;11.708541870117188
2009-08-10;13.866666793823242;14.279999732971191;13.626667022705078;13.966667175292969;2746200;11.719730377197266
2009-08-17;13.726667404174805;14.3100004196167;13.523332595825195;14.296667098999023;2040000;11.996639251708984
2009-08-24;14.350000381469727;14.90999984741211;14.09333324432373;14.69333267211914;2155500;12.32949161529541
2009-08-31;14.579999923706055;14.786666870117188;14.00333309173584;14.66333293914795;2244900;12.304314613342285
2009-09-07;14.823332786560059;15.376667022705078;14.680000305175781;15.076666831970215;3657300;12.651156425476074
2009-09-14;14.960000038146973;15.283332824707031;14.803333282470703;14.963333129882812;2076900;12.55605697631836
2009-09-21;14.869999885559082;15.416666984558105;14.59000015258789;14.729999542236328;3623400;12.36025619506836
2009-09-28;14.84333324432373;15.16333293914795;14.016667366027832;14.046667098999023;4684500;11.786857604980469
2009-10-05;14.113332748413086;14.979999542236328;14.026666641235352;14.963333129882812;5051100;12.55605697631836
2009-10-12;15.033332824707031;15.50333309173584;14.603333473205566;14.773332595825195;4275600;12.396620750427246
2009-10-19;14.8100004196167;15.19333267211914;14.393333435058594;14.449999809265137;4622400;12.125304222106934
2009-10-26;14.433333396911621;14.729999542236328;13.479999542236328;13.533332824707031;6315900;11.356108665466309
2009-11-02;13.543333053588867;14.130000114440918;13.146666526794434;13.946666717529297;4263300;11.702946662902832
2009-11-09;14.126667022705078;14.84333324432373;14.103333473205566;14.649999618530273;3394800;12.293128967285156
2009-11-16;14.863332748413086;15.046667098999023;14.203332901000977;14.30666732788086;1109400;12.005034446716309
2009-11-23;14.470000267028809;14.666666984558105;14.140000343322754;14.426667213439941;726900;12.10572624206543
2009-11-30;14.449999809265137;15.706666946411133;14.24666690826416;15.573332786560059;1147200;13.067920684814453
2009-12-07;15.576666831970215;15.859999656677246;15.460000038146973;15.523332595825195;1691100;13.025961875915527
2009-12-14;15.66333293914795;16.07666778564453;15.573332786560059;15.859999656677246;1225800;13.308470726013184
2009-12-21;15.936667442321777;16.469999313354492;15.936667442321777;16.46666717529297;1795800;13.882307052612305
2009-12-28;16.520000457763672;16.60333251953125;16.170000076293945;16.40999984741211;1291200;13.834532737731934
2010-01-04;16.59666633605957;16.75666618347168;16.290000915527344;16.649999618530273;1749900;14.036870002746582
2010-01-11;16.71666717529297;16.766666412353516;15.609999656677246;15.649999618530273;1844100;13.193812370300293
2010-01-18;15.666666984558105;16.083332061767578;14.946666717529297;14.989999771118164;2810100;12.637399673461914
2010-01-25;15.083333015441895;15.30666732788086;14.229999542236328;14.326666831970215;4018200;12.078166007995605
2010-02-01;14.393333435058594;15.050000190734863;14.220000267028809;14.643333435058594;4265700;12.34514045715332
2010-02-08;14.65666675567627;15.430000305175781;14.456666946411133;15.289999961853027;1989900;12.890311241149902
2010-02-15;15.430000305175781;15.789999961853027;15.346667289733887;15.706666946411133;3164700;13.241589546203613
2010-02-22;15.789999961853027;15.813332557678223;15.133333206176758;15.470000267028809;2300100;13.042060852050781
2010-03-01;15.546667098999023;16.03333282470703;15.546667098999023;15.923333168029785;1697700;13.424247741699219
2010-03-08;15.983332633972168;16.23666763305664;15.793333053588867;16.049999237060547;2267100;13.531036376953125
2010-03-15;15.989999771118164;16.656667709350586;15.773332595825195;16.200000762939453;1317000;13.657493591308594
2010-03-22;16.093332290649414;16.873332977294922;16.030000686645508;16.383333206176758;2396400;13.812051773071289
2010-03-29;16.463333129882812;16.823333740234375;16.34000015258789;16.46666717529297;1294800;13.882307052612305
2010-04-05;16.59000015258789;17.020000457763672;16.56333351135254;16.850000381469727;1047000;14.20548152923584
2010-04-12;16.916667938232422;18.0;16.850000381469727;17.666667938232422;1677300;14.893978118896484
2010-04-19;17.600000381469727;17.889999389648438;17.023332595825195;17.76333236694336;1755600;14.975469589233398
2010-04-26;17.739999771118164;17.956666946411133;16.80666732788086;16.80666732788086;1801800;14.168951988220215
2010-05-03;16.913333892822266;17.24333381652832;7.75333309173584;15.539999961853027;8050200;13.101075172424316
2010-05-10;16.366666793823242;16.780000686645508;15.516667366027832;15.813332557678223;3399600;13.331509590148926
2010-05-17;15.813332557678223;16.206666946411133;14.853333473205566;15.433333396911621;5636700;13.011150360107422
2010-05-24;15.416666984558105;15.963333129882812;14.600000381469727;15.706666946411133;4377300;13.241589546203613
2010-05-31;15.619999885559082;16.079999923706055;15.283332824707031;15.34333324432373;1842300;12.935280799865723
2010-06-07;15.390000343322754;15.516667366027832;14.393333435058594;15.34000015258789;1863600;12.932465553283691
2010-06-14;15.579999923706055;16.35333251953125;15.366666793823242;16.18666648864746;1534500;13.646252632141113
2010-06-21;16.32666778564453;16.399999618530273;15.100000381469727;15.369999885559082;1746000;13.015387535095215
2010-06-28;15.353333473205566;15.626667022705078;14.166666984558105;14.466667175292969;2973000;12.250438690185547
2010-07-05;14.66333293914795;15.393333435058594;14.3100004196167;15.393333435058594;1087500;13.035148620605469
2010-07-12;15.3100004196167;16.14666748046875;15.3100004196167;15.316666603088379;2142600;12.970222473144531
2010-07-19;15.369999885559082;16.05666732788086;15.146666526794434;16.03333282470703;1617900;13.57709789276123
2010-07-26;16.00666618347168;16.360000610351562;15.08666706085205;15.326666831970215;1488600;12.978691101074219
2010-08-02;15.513333320617676;15.649999618530273;15.300000190734863;15.529999732971191;2785500;13.150871276855469
2010-08-09;15.680000305175781;15.69333267211914;14.1899995803833;14.329999923706055;2452500;12.134706497192383
2010-08-16;14.266667366027832;14.819999694824219;14.176667213439941;14.533332824707031;2061900;12.306891441345215
2010-08-23;14.59000015258789;14.676667213439941;13.770000457763672;14.366666793823242;1821600;12.165759086608887
2010-08-30;14.296667098999023;14.736666679382324;13.649999618530273;14.680000305175781;1653300;12.431089401245117
2010-09-06;14.576666831970215;14.630000114440918;13.920000076293945;14.123332977294922;1939500;11.959705352783203
2010-09-13;14.256667137145996;15.043333053588867;14.243332862854004;14.949999809265137;3454800;12.6597261428833
2010-09-20;15.013333320617676;15.630000114440918;14.666666984558105;15.630000114440918;3463800;13.235556602478027
2010-09-27;15.59333324432373;16.053333282470703;15.386667251586914;15.75333309173584;6735600;13.33999252319336
2010-10-04;15.66333293914795;15.973333358764648;15.359999656677246;15.899999618530273;5593200;13.464191436767578
2010-10-11;15.890000343322754;16.299999237060547;15.020000457763672;16.133333206176758;4771800;13.661783218383789
2010-10-18;16.049999237060547;16.163333892822266;15.643333435058594;16.1200008392334;5574000;13.650487899780273
2010-10-25;16.21666717529297;16.90333366394043;16.083332061767578;16.860000610351562;8145600;14.27712345123291
2010-11-01;16.969999313354492;17.81999969482422;16.67333221435547;17.739999771118164;3915300;15.022305488586426
2010-11-08;17.703332901000977;17.866666793823242;16.886667251586914;17.329999923706055;4564200;14.67512035369873
2010-11-15;17.43000030517578;17.573333740234375;16.863332748413086;17.51333236694336;1763700;14.830374717712402
2010-11-22;17.51333236694336;18.083332061767578;17.483333587646484;17.93666648864746;1723200;15.188846588134766
2010-11-29;17.843332290649414;18.719999313354492;17.636667251586914;18.670000076293945;3664500;15.809839248657227
2010-12-06;18.706666946411133;18.926666259765625;18.516666412353516;18.860000610351562;1371000;15.970730781555176
2010-12-13;18.969999313354492;18.983333587646484;18.383333206176758;18.6299991607666;2971800;15.775970458984375
2010-12-20;18.59666633605957;18.64666748046875;18.40333366394043;18.55666732788086;2265300;15.713866233825684
2010-12-27;18.516666412353516;18.6200008392334;18.32666778564453;18.566667556762695;502800;15.722328186035156
2011-01-03;18.656667709350586;19.246667861938477;18.53333282470703;19.163333892822266;5774700;16.227598190307617
2011-01-10;19.106666564941406;20.343332290649414;19.07666778564453;20.34000015258789;3699900;17.224000930786133
2011-01-17;20.26333236694336;20.34000015258789;19.30666732788086;19.450000762939453;5159100;16.47035026550293
2011-01-24;19.520000457763672;20.39666748046875;19.5;19.753332138061523;3443400;16.727214813232422
2011-01-31;19.760000228881836;20.876667022705078;19.393333435058594;20.876667022705078;3217200;17.67845344543457
2011-02-07;20.93666648864746;21.0;20.343332290649414;20.84000015258789;2308800;17.647403717041016
2011-02-14;20.873332977294922;21.39666748046875;20.72333335876465;21.280000686645508;1559100;18.020002365112305
2011-02-21;20.8700008392334;20.92333221435547;19.78333282470703;20.893333435058594;3045300;17.692569732666016
2011-02-28;20.97333335876465;21.03333282470703;20.266666412353516;20.770000457763672;10451100;17.588125228881836
2011-03-07;20.843332290649414;20.843332290649414;18.969999313354492;19.31333351135254;6932700;16.354616165161133
2011-03-14;19.22333335876465;19.510000228881836;18.440000534057617;18.920000076293945;18130500;16.021543502807617
2011-03-21;19.190000534057617;19.860000610351562;18.886667251586914;19.65999984741211;5096400;16.673250198364258
2011-03-28;19.78333282470703;20.05666732788086;19.416667938232422;19.479999542236328;2885700;16.52058982849121
2011-04-04;19.553333282470703;20.1200008392334;19.196666717529297;19.809999465942383;4414500;16.800451278686523
2011-04-11;19.809999465942383;19.836666107177734;19.01333236694336;19.40333366394043;3234000;16.455570220947266
2011-04-18;19.166667938232422;20.106666564941406;18.916667938232422;19.96666717529297;1637700;16.93332862854004
2011-04-25;19.983333587646484;20.34000015258789;19.906667709350586;20.260000228881836;1304100;17.182096481323242
2011-05-02;20.32666778564453;20.32666778564453;19.586666107177734;20.03333282470703;1910400;16.98986053466797
2011-05-09;20.053333282470703;20.239999771118164;19.78333282470703;19.913333892822266;1335600;16.888099670410156
2011-05-16;19.836666107177734;20.040000915527344;19.200000762939453;19.536666870117188;2941200;16.568655014038086
2011-05-23;19.299999237060547;19.633333206176758;18.889999389648438;19.549999237060547;4207800;16.5799560546875
2011-05-30;19.760000228881836;19.866666793823242;18.886667251586914;18.90999984741211;2474100;16.037189483642578
2011-06-06;18.8700008392334;19.053333282470703;18.07666778564453;18.200000762939453;4595400;15.43505573272705
2011-06-13;18.229999542236328;18.46666717529297;17.489999771118164;17.549999237060547;3308700;14.883793830871582
2011-06-20;17.49333381652832;18.15999984741211;17.483333587646484;17.72333335876465;4010400;15.060784339904785
2011-06-27;17.76333236694336;18.94333267211914;17.55666732788086;18.89666748046875;1680300;16.057846069335938
2011-07-04;18.899999618530273;19.059999465942383;18.43666648864746;18.690000534057617;2394600;15.88222885131836
2011-07-11;18.476667404174805;18.703332901000977;17.3799991607666;17.59000015258789;3489300;14.947480201721191
2011-07-18;17.5;18.479999542236328;17.213333129882812;18.420000076293945;5045700;15.652789115905762
2011-07-25;18.229999542236328;18.549999237060547;17.239999771118164;17.489999771118164;4148400;14.862500190734863
2011-08-01;17.733333587646484;17.796667098999023;15.366666793823242;15.846667289733887;9967500;13.466046333312988
2011-08-08;15.390000343322754;16.40999984741211;14.779999732971191;16.06333351135254;10214400;13.65015983581543
2011-08-15;16.139999389648438;16.383333206176758;14.723333358764648;14.773332595825195;5769600;12.553956031799316
2011-08-22;15.05666732788086;15.776666641235352;14.783332824707031;15.653332710266113;5363100;13.30175495147705
2011-08-29;15.876667022705078;16.456666946411133;15.383333206176758;15.473333358764648;2544900;13.148795127868652
2011-09-05;14.953332901000977;16.32666778564453;14.946666717529297;15.783332824707031;5262000;13.412225723266602
2011-09-12;15.596667289733887;17.463333129882812;15.596667289733887;17.28333282470703;12602700;14.686881065368652
2011-09-19;16.96666717529297;17.22333335876465;15.703332901000977;16.273332595825195;10017600;13.828615188598633
2011-09-26;16.373332977294922;16.850000381469727;15.296667098999023;15.30666732788086;6812100;13.040825843811035
2011-10-03;15.19333267211914;16.293333053588867;14.513333320617676;16.079999923706055;7407900;13.699681282043457
2011-10-10;16.329999923706055;17.196666717529297;16.329999923706055;17.170000076293945;4358400;14.628329277038574
2011-10-17;17.10333251953125;17.116666793823242;16.113332748413086;16.77666664123535;5421000;14.293216705322266
2011-10-24;16.816667556762695;17.963333129882812;16.770000457763672;17.899999618530273;3135600;15.250265121459961
2011-10-31;17.663333892822266;17.746667861938477;16.78333282470703;17.68000030517578;3042600;15.062833786010742
2011-11-07;17.636667251586914;17.836666107177734;16.84000015258789;17.68000030517578;2195400;15.062833786010742
2011-11-14;17.65999984741211;17.906667709350586;16.709999084472656;16.803333282470703;3302700;14.315937995910645
2011-11-21;16.53333282470703;16.573333740234375;15.573332786560059;15.573332786560059;2318400;13.268011093139648
2011-11-28;16.086666107177734;17.24333381652832;15.90999984741211;16.959999084472656;2956800;14.449414253234863
2011-12-05;17.139999389648438;17.323333740234375;16.510000228881836;16.996667861938477;1503300;14.480652809143066
2011-12-12;16.733333587646484;16.733333587646484;15.796667098999023;16.010000228881836;4468500;13.64004135131836
2011-12-19;16.016666412353516;16.666667938232422;15.536666870117188;16.649999618530273;4947000;14.213011741638184
2011-12-26;16.606666564941406;16.766666412353516;16.366666793823242;16.46666717529297;1913700;14.056511878967285
2012-01-02;16.836666107177734;16.983333587646484;16.46666717529297;16.94333267211914;3010800;14.463406562805176
2012-01-09;17.043333053588867;17.739999771118164;17.023332595825195;17.34666633605957;4496100;14.807707786560059
2012-01-16;17.510000228881836;18.753332138061523;17.386667251586914;18.733333587646484;8173200;15.991412162780762
2012-01-23;18.71666717529297;18.979999542236328;18.51333236694336;18.683332443237305;8324700;15.948734283447266
2012-01-30;18.559999465942383;19.39666748046875;18.28333282470703;19.316667556762695;5273400;16.489370346069336
2012-02-06;19.25666618347168;19.476667404174805;18.893333435058594;19.023332595825195;3626400;16.238971710205078
2012-02-13;19.14666748046875;19.8799991607666;18.833332061767578;19.549999237060547;3225600;16.68854331970215
2012-02-20;19.6200008392334;19.6200008392334;18.96666717529297;19.18666648864746;2007900;16.378398895263672
2012-02-27;19.083332061767578;19.6200008392334;18.956666946411133;19.023332595825195;3003900;16.238971710205078
2012-03-05;18.96666717529297;19.163333892822266;18.176666259765625;19.149999618530273;5353500;16.347095489501953
2012-03-12;19.139999389648438;19.766666412353516;18.90333366394043;19.733333587646484;5189700;16.84505271911621
2012-03-19;19.74333381652832;19.946666717529297;19.5;19.729999542236328;3043200;16.842201232910156
2012-03-26;19.850000381469727;20.110000610351562;19.483333587646484;19.816667556762695;4379100;16.946250915527344
2012-04-02;19.726667404174805;19.8799991607666;18.899999618530273;19.116666793823242;4126500;16.347637176513672
2012-04-09;18.829999923706055;19.239999771118164;18.47333335876465;18.833332061767578;3346200;16.105348587036133
2012-04-16;18.996667861938477;19.213333129882812;18.303333282470703;18.31333351135254;4391400;15.660673141479492
2012-04-23;18.086666107177734;18.84000015258789;17.89666748046875;18.78333282470703;3921300;16.062591552734375
2012-04-30;18.796667098999023;18.94333267211914;17.969999313354492;18.010000228881836;3680100;15.401278495788574
2012-05-07;17.940000534057617;18.083332061767578;17.416667938232422;17.84666633605957;3122700;15.261595726013184
2012-05-14;17.666667938232422;17.80666732788086;16.47333335876465;16.51333236694336;2894400;14.1213960647583
2012-05-21;16.553333282470703;16.94333267211914;16.47333335876465;16.796667098999023;3836400;14.363691329956055
2012-05-28;17.023332595825195;17.260000228881836;16.0;16.023332595825195;3221700;13.702373504638672
2012-06-04;16.049999237060547;17.133333206176758;15.816666603088379;16.84000015258789;3964200;14.400740623474121
2012-06-11;17.113332748413086;17.14666748046875;16.543333053588867;16.99333381652832;3258000;14.531868934631348
2012-06-18;16.886667251586914;17.643333435058594;16.84000015258789;17.09666633605957;3216000;14.65368938446045
2012-06-25;16.953332901000977;17.440000534057617;16.420000076293945;17.440000534057617;3053700;14.947962760925293
2012-07-02;17.52666664123535;17.643333435058594;16.90333366394043;17.053333282470703;2007600;14.616541862487793
2012-07-09;17.020000457763672;17.06999969482422;15.893333435058594;16.15333366394043;5548500;13.845149993896484
2012-07-16;16.113332748413086;16.953332901000977;15.673333168029785;16.530000686645508;6399000;14.167991638183594
2012-07-23;16.21666717529297;17.46666717529297;16.0;17.426666259765625;6847800;14.936530113220215
2012-07-30;17.389999389648438;17.780000686645508;17.14666748046875;17.676666259765625;4434000;15.15080451965332
2012-08-06;17.71666717529297;18.426666259765625;17.71666717529297;18.426666259765625;4089900;15.793638229370117
2012-08-13;18.383333206176758;18.553333282470703;18.01333236694336;18.383333206176758;3120600;15.756505012512207
2012-08-20;18.333332061767578;18.510000228881836;17.913333892822266;18.123332977294922;3564600;15.533653259277344
2012-08-27;18.176666259765625;18.206666946411133;17.739999771118164;17.983333587646484;2616300;15.413650512695312
2012-09-03;18.01333236694336;18.376667022705078;17.656667709350586;18.23666763305664;3578700;15.63078498840332
2012-09-10;18.1200008392334;18.666667938232422;17.899999618530273;18.476667404174805;3660600;15.836502075195312
2012-09-17;18.406667709350586;18.440000534057617;17.833332061767578;17.94333267211914;2679300;15.379368782043457
2012-09-24;17.799999237060547;17.816667556762695;16.81999969482422;17.293333053588867;3985500;14.888191223144531
2012-10-01;17.389999389648438;17.616666793823242;17.166667938232422;17.32666778564453;2442900;14.916891098022461
2012-10-08;17.206666946411133;17.253332138061523;16.573333740234375;16.593332290649414;3677100;14.285543441772461
2012-10-15;16.656667709350586;17.260000228881836;16.489999771118164;16.489999771118164;3198900;14.196581840515137
2012-10-22;16.593332290649414;16.753332138061523;16.28333282470703;16.600000381469727;2414100;14.291284561157227
2012-10-29;16.600000381469727;17.206666946411133;16.543333053588867;16.833332061767578;2442300;14.492164611816406
2012-11-05;16.836666107177734;17.416667938232422;16.676666259765625;16.739999771118164;3245100;14.411809921264648
2012-11-12;16.823333740234375;16.860000610351562;15.859999656677246;16.15333366394043;3403800;13.90674114227295
2012-11-19;16.383333206176758;16.833332061767578;16.253332138061523;16.739999771118164;2068800;14.411809921264648
2012-11-26;16.72333335876465;17.083332061767578;16.530000686645508;16.976667404174805;1969500;14.615565299987793
2012-12-03;17.09666633605957;17.253332138061523;16.836666107177734;17.206666946411133;2339400;14.813580513000488
2012-12-10;17.203332901000977;17.73666763305664;17.203332901000977;17.28333282470703;2974500;14.87957763671875
2012-12-17;17.316667556762695;17.78333282470703;17.093332290649414;17.446666717529297;4079400;15.073616027832031
2012-12-24;17.420000076293945;17.530000686645508;16.969999313354492;17.053333282470703;1370100;14.733783721923828
2012-12-31;17.053333282470703;18.123332977294922;17.016666412353516;17.969999313354492;3397200;15.525765419006348
2013-01-07;17.920000076293945;18.239999771118164;17.683332443237305;18.21666717529297;2962500;15.738889694213867
2013-01-14;18.133333206176758;18.68666648864746;18.003332138061523;18.56999969482422;4782000;16.044158935546875
2013-01-21;18.579999923706055;18.866666793823242;18.413333892822266;18.773332595825195;2742300;16.219833374023438
2013-01-28;18.786666870117188;19.046667098999023;18.639999389648438;19.036666870117188;2948400;16.447345733642578
2013-02-04;18.893333435058594;19.25;18.739999771118164;19.213333129882812;3243000;16.599985122680664
2013-02-11;19.246667861938477;19.586666107177734;19.156667709350586;19.426666259765625;2584500;16.784303665161133
2013-02-18;19.446666717529297;19.67333221435547;18.73666763305664;19.266666412353516;2596800;16.64605712890625
2013-02-25;19.3700008392334;19.49333381652832;18.873332977294922;19.273332595825195;2985600;16.651819229125977
2013-03-04;19.21666717529297;19.82666778564453;19.083332061767578;19.73666763305664;2420100;17.052133560180664
2013-03-11;19.719999313354492;20.100000381469727;19.56999969482422;19.676666259765625;3618000;17.00029945373535
2013-03-18;19.47333335876465;19.613332748413086;19.176666259765625;19.5;4423500;16.847654342651367
2013-03-25;19.5;19.753332138061523;19.286666870117188;19.73666763305664;1251000;17.11033821105957
2013-04-01;19.78333282470703;19.78333282470703;18.579999923706055;18.92333221435547;2766000;16.40523338317871
2013-04-08;18.953332901000977;19.803333282470703;18.773332595825195;19.59666633605957;1640700;16.98896598815918
2013-04-15;19.416667938232422;19.52666664123535;18.549999237060547;18.84000015258789;3242700;16.33298683166504
2013-04-22;18.963333129882812;19.996667861938477;18.656667709350586;19.68666648864746;3775800;17.066993713378906
2013-04-29;19.726667404174805;20.523332595825195;19.696666717529297;20.34666633605957;4802100;17.6391658782959
2013-05-06;20.489999771118164;21.093332290649414;20.416667938232422;21.079999923706055;3430200;18.27492332458496
2013-05-13;20.983333587646484;21.31333351135254;20.84666633605957;21.296667098999023;1325400;18.462753295898438
2013-05-20;21.303333282470703;21.46666717529297;20.55666732788086;20.913333892822266;5664300;18.13042640686035
2013-05-27;21.139999389648438;21.59000015258789;20.969999313354492;21.226667404174805;3438600;18.40206527709961
2013-06-03;21.32666778564453;21.623332977294922;20.860000610351562;21.356666564941406;1972800;18.514780044555664
2013-06-10;21.399999618530273;21.516666412353516;20.706666946411133;21.09666633605957;2326500;18.289371490478516
2013-06-17;21.35333251953125;21.850000381469727;20.64666748046875;20.90999984741211;4170000;18.12753677368164
2013-06-24;20.760000228881836;21.309999465942383;20.309999465942383;21.17333221435547;3576000;18.394140243530273
2013-07-01;21.273332595825195;21.573333740234375;21.040000915527344;21.549999237060547;2312400;18.72137451171875
2013-07-08;21.633333206176758;22.200000762939453;21.059999465942383;22.156667709350586;3092400;19.2484073638916
2013-07-15;22.209999084472656;22.336666107177734;21.836666107177734;22.00666618347168;2061000;19.11810302734375
2013-07-22;22.043333053588867;22.190000534057617;21.316667556762695;21.43000030517578;3494700;18.61712646484375
2013-07-29;21.356666564941406;22.046667098999023;21.25;21.913333892822266;1147200;19.037019729614258
2013-08-05;21.836666107177734;21.89666748046875;21.366666793823242;21.39666748046875;1524900;18.588163375854492
2013-08-12;21.323333740234375;21.760000228881836;20.866666793823242;20.989999771118164;1049700;18.234867095947266
2013-08-19;20.94333267211914;21.15999984741211;20.816667556762695;21.05666732788086;1398000;18.29279327392578
2013-08-26;21.049999237060547;21.149999618530273;20.456666946411133;20.803333282470703;1445100;18.072708129882812
2013-09-02;21.053333282470703;21.746667861938477;20.883333206176758;21.56999969482422;2375100;18.738746643066406
2013-09-09;21.626667022705078;22.290000915527344;21.626667022705078;22.18000030517578;1502100;19.2686824798584
2013-09-16;22.350000381469727;22.676666259765625;22.24333381652832;22.416667938232422;995400;19.474285125732422
2013-09-23;22.573333740234375;22.573333740234375;22.14666748046875;22.19333267211914;1208400;19.367311477661133
2013-09-30;22.00666618347168;22.559999465942383;21.920000076293945;22.503332138061523;1006500;19.637836456298828
2013-10-07;22.303333282470703;22.55666732788086;21.726667404174805;22.48666763305664;3435300;19.623294830322266
2013-10-14;22.35333251953125;22.916667938232422;22.333332061767578;22.90333366394043;1221900;19.98689842224121
2013-10-21;22.93000030517578;23.003332138061523;22.049999237060547;22.416667938232422;2071500;19.562210083007812
2013-10-28;22.469999313354492;23.073333740234375;22.413333892822266;22.856666564941406;1681800;19.94617462158203
2013-11-04;22.916667938232422;22.933332443237305;22.39666748046875;22.67333221435547;1256700;19.78618621826172
2013-11-11;22.739999771118164;23.083332061767578;22.56999969482422;23.046667098999023;795300;20.111988067626953
2013-11-18;23.083332061767578;23.083332061767578;22.43000030517578;22.893333435058594;748200;19.97817611694336
2013-11-25;22.899999618530273;23.233333587646484;22.700000762939453;23.156667709350586;1581900;20.207983016967773
2013-12-02;23.15333366394043;23.44333267211914;22.92333221435547;23.389999389648438;2130900;20.411596298217773
2013-12-09;23.49333381652832;23.540000915527344;22.893333435058594;22.940000534057617;950700;20.018898010253906
2013-12-16;23.21666717529297;23.753332138061523;23.093332290649414;23.703332901000977;1929600;20.685026168823242
2013-12-23;23.719999313354492;24.03333282470703;23.696666717529297;23.969999313354492;2244600;20.985326766967773
2013-12-30;23.979999542236328;24.24333381652832;23.739999771118164;23.833332061767578;2451600;20.86566925048828
2014-01-06;23.84000015258789;24.290000915527344;23.67333221435547;24.166667938232422;1844100;21.157503128051758
2014-01-13;24.126667022705078;24.706666946411133;23.816667556762695;24.363332748413086;2832300;21.329681396484375
2014-01-20;24.456666946411133;24.796667098999023;23.926666259765625;23.94333267211914;2370600;20.961973190307617
2014-01-27;23.99333381652832;24.15333366394043;23.633333206176758;23.97333335876465;4082100;20.988243103027344
2014-02-03;23.953332901000977;24.280000686645508;23.23666763305664;24.25666618347168;4148700;21.236291885375977
2014-02-10;24.290000915527344;25.393333435058594;24.273332595825195;25.363332748413086;3092700;22.205167770385742
2014-02-17;25.39666748046875;25.676666259765625;25.239999771118164;25.469999313354492;984600;22.298547744750977
2014-02-24;25.59666633605957;25.786666870117188;25.31333351135254;25.583332061767578;935400;22.397764205932617
2014-03-03;25.3799991607666;26.273332595825195;25.203332901000977;26.073333740234375;2548200;22.826751708984375
2014-03-10;26.083332061767578;26.209999084472656;25.520000457763672;25.523332595825195;1431300;22.345237731933594
2014-03-17;25.690000534057617;26.786666870117188;25.690000534057617;26.440000534057617;2403300;23.147762298583984
2014-03-24;26.56999969482422;26.766666412353516;25.89666748046875;26.136667251586914;2179200;22.94290542602539
2014-03-31;26.356666564941406;27.233333587646484;26.18666648864746;26.22333335876465;3192300;23.01897430419922
2014-04-07;26.156667709350586;26.643333435058594;25.309999465942383;25.376667022705078;3626700;22.275766372680664
2014-04-14;25.583332061767578;26.293333053588867;25.299999237060547;26.18666648864746;2704200;22.986787796020508
2014-04-21;26.366666793823242;26.860000610351562;25.860000610351562;25.90999984741211;2180100;22.74393653869629
2014-04-28;26.05666732788086;26.316667556762695;25.393333435058594;26.07666778564453;1405500;22.89023208618164
2014-05-05;25.920000076293945;26.549999237060547;25.799999237060547;26.106666564941406;926100;22.91655921936035
2014-05-12;26.253332138061523;26.68666648864746;25.65999984741211;26.133333206176758;1508100;22.939979553222656
2014-05-19;26.113332748413086;26.78333282470703;26.113332748413086;26.770000457763672;1257900;23.498842239379883
2014-05-26;26.950000762939453;27.280000686645508;26.883333206176758;27.22333335876465;1205400;23.89677619934082
2014-06-02;27.399999618530273;28.079999923706055;27.166667938232422;28.053333282470703;1946400;24.6253604888916
2014-06-09;28.143333435058594;28.56999969482422;27.983333587646484;28.489999771118164;2037300;25.008670806884766
2014-06-16;28.459999084472656;28.90999984741211;28.453332901000977;28.876667022705078;3380700;25.348087310791016
2014-06-23;28.913333892822266;28.913333892822266;28.239999771118164;28.48666763305664;3716400;25.0760498046875
2014-06-30;28.55666732788086;29.503332138061523;28.51333236694336;29.453332901000977;1366500;25.926979064941406
2014-07-07;29.47333335876465;29.47333335876465;28.75666618347168;29.139999389648438;2195400;25.651159286499023
2014-07-14;29.303333282470703;29.553333282470703;28.729999542236328;29.149999618530273;3396600;25.659961700439453
2014-07-21;29.086666107177734;29.476667404174805;27.860000610351562;27.92333221435547;4626900;24.580162048339844
2014-07-28;27.933332443237305;28.203332901000977;27.399999618530273;27.636667251586914;7141200;24.327816009521484
2014-08-04;27.709999084472656;27.836666107177734;27.1200008392334;27.520000457763672;4356000;24.22512435913086
2014-08-11;27.64666748046875;28.459999084472656;27.51333236694336;28.363332748413086;3131100;24.967479705810547
2014-08-18;28.463333129882812;29.166667938232422;28.266666412353516;29.046667098999023;2340300;25.569007873535156
2014-08-25;29.226667404174805;29.399999618530273;28.809999465942383;29.31333351135254;1206000;25.803747177124023
2014-09-01;29.356666564941406;29.59000015258789;29.049999237060547;29.586666107177734;1168200;26.04435157775879
2014-09-08;29.553333282470703;29.823333740234375;29.02666664123535;29.086666107177734;1702500;25.604211807250977
2014-09-15;29.14666748046875;30.036666870117188;28.670000076293945;29.516666412353516;3455400;25.98273277282715
2014-09-22;29.40999984741211;29.479999542236328;28.72333335876465;29.15333366394043;2613600;25.733722686767578
2014-09-29;28.860000610351562;29.28333282470703;27.566667556762695;28.246667861938477;3447300;24.93341064453125
2014-10-06;28.296667098999023;28.34666633605957;25.213333129882812;25.44333267211914;7388100;22.45889663696289
2014-10-13;25.456666946411133;26.5;24.719999313354492;26.05666732788086;11994300;23.000293731689453
2014-10-20;26.066667556762695;27.786666870117188;25.883333206176758;27.71666717529297;5021400;24.465579986572266
2014-10-27;27.696666717529297;29.190000534057617;27.48666763305664;29.049999237060547;7893900;25.64252281188965
2014-11-03;29.093332290649414;29.47333335876465;28.68666648864746;28.920000076293945;4395300;25.527767181396484
2014-11-10;29.0;29.32666778564453;28.829999923706055;29.290000915527344;1578600;25.854366302490234
2014-11-17;29.15333366394043;30.209999084472656;28.920000076293945;30.1200008392334;3790500;26.587003707885742
2014-11-24;30.18000030517578;31.233333587646484;30.133333206176758;31.14666748046875;2029800;27.49325180053711
2014-12-01;31.010000228881836;31.946666717529297;30.55666732788086;31.940000534057617;3631800;28.193527221679688
2014-12-08;31.883333206176758;32.0099983215332;30.489999771118164;30.520000457763672;5553300;26.940093994140625
2014-12-15;30.666667938232422;31.433332443237305;29.876667022705078;31.26333236694336;3969900;27.59623908996582
2014-12-22;31.336666107177734;31.906667709350586;31.296667098999023;31.40999984741211;1764600;27.95022201538086
2014-12-29;31.393333435058594;31.399999618530273;30.64666748046875;30.93666648864746;1520400;27.529029846191406
2015-01-05;30.80666732788086;31.0;29.59000015258789;30.876667022705078;3518400;27.475643157958984
2015-01-12;30.74333381652832;30.876667022705078;29.350000381469727;29.90333366394043;3874800;26.609514236450195
2015-01-19;30.05666732788086;30.799999237060547;29.82666778564453;30.65999984741211;2764800;27.282840728759766
2015-01-26;30.593332290649414;30.829999923706055;29.413333892822266;29.456666946411133;4474800;26.212055206298828
2015-02-02;29.510000228881836;30.760000228881836;28.916667938232422;30.296667098999023;4271700;26.95952796936035
2015-02-09;30.253332138061523;31.90333366394043;29.899999618530273;31.809999465942383;5420700;28.306161880493164
2015-02-16;31.796667098999023;32.12666702270508;31.700000762939453;32.10333251953125;5406600;28.567182540893555
2015-02-23;32.06666564941406;32.45333480834961;31.68666648864746;32.28666687011719;2549100;28.730329513549805
2015-03-02;32.560001373291016;33.189998626708984;32.11000061035156;32.20000076293945;4003800;28.653213500976562
2015-03-09;32.17333221435547;32.37666702270508;31.416667938232422;31.976667404174805;3738900;28.45447540283203
2015-03-16;32.150001525878906;33.10333251953125;31.80666732788086;33.0;2309400;29.365093231201172
2015-03-23;33.0099983215332;33.04666519165039;29.760000228881836;31.296667098999023;4726500;27.92368507385254
2015-03-30;31.5;31.780000686645508;30.893333435058594;31.066667556762695;2953500;27.718460083007812
2015-04-06;30.773332595825195;31.940000534057617;30.606666564941406;31.940000534057617;3843300;28.497678756713867
2015-04-13;31.983333587646484;32.099998474121094;31.209999084472656;31.360000610351562;2565900;27.980182647705078
2015-04-20;31.520000457763672;32.29999923706055;31.073333740234375;31.270000457763672;2523000;27.89988136291504
2015-04-27;31.31333351135254;31.8700008392334;30.74333381652832;31.796667098999023;6430200;28.369792938232422
2015-05-04;31.8700008392334;31.93666648864746;30.780000686645508;31.65999984741211;4393500;28.247852325439453
2015-05-11;31.65999984741211;32.13666534423828;31.25;32.016666412353516;3140400;28.56607437133789
2015-05-18;32.060001373291016;32.62666702270508;31.969999313354492;32.51333236694336;2812500;29.009212493896484
2015-05-25;32.46333312988281;33.82666778564453;32.116668701171875;33.689998626708984;5141100;30.05907440185547
2015-06-01;33.8033332824707;33.93333435058594;32.51333236694336;32.810001373291016;8954700;29.273916244506836
2015-06-08;32.84000015258789;32.84000015258789;31.84666633605957;32.27000045776367;6593400;28.792116165161133
2015-06-15;31.93666648864746;32.95000076293945;31.78333282470703;32.61333465576172;4104000;29.098440170288086
2015-06-22;32.883331298828125;33.0;31.343332290649414;31.469999313354492;5418300;28.151445388793945
2015-06-29;31.05666732788086;31.27666664123535;30.559999465942383;30.913333892822266;8387400;27.653480529785156
2015-07-06;30.633333206176758;30.913333892822266;29.15999984741211;29.709999084472656;13218000;26.577035903930664
2015-07-13;29.969999313354492;30.34666633605957;29.746667861938477;30.086666107177734;6389400;26.913986206054688
2015-07-20;30.196666717529297;30.246667861938477;28.81999969482422;28.983333587646484;8533200;25.9270076751709
2015-07-27;28.80666732788086;29.6200008392334;28.46666717529297;29.18000030517578;10219800;26.10292625427246
2015-08-03;29.149999618530273;29.329999923706055;28.386667251586914;28.770000457763672;9210600;25.736164093017578
2015-08-10;29.023332595825195;29.53333282470703;28.24333381652832;28.516666412353516;8305500;25.509550094604492
2015-08-17;28.39666748046875;28.81333351135254;26.176666259765625;26.176666259765625;10294200;23.416301727294922
2015-08-24;24.65999984741211;27.80666732788086;24.286666870117188;27.75;17485500;24.823732376098633
2015-08-31;27.536666870117188;27.953332901000977;26.566667556762695;27.06999969482422;7081800;24.215429306030273
2015-09-07;27.666667938232422;28.71666717529297;27.476667404174805;27.889999389648438;8460900;24.948963165283203
2015-09-14;28.02666664123535;28.600000381469727;27.546667098999023;27.65333366394043;8056500;24.737253189086914
2015-09-21;27.829999923706055;27.920000076293945;26.003332138061523;26.706666946411133;12252600;24.024730682373047
2015-09-28;26.536666870117188;27.406667709350586;25.860000610351562;27.389999389648438;12521700;24.63944435119629
2015-10-05;27.656667709350586;28.65999984741211;27.51333236694336;28.393333435058594;10839600;25.542020797729492
2015-10-12;28.366666793823242;29.559999465942383;28.016666412353516;29.40333366394043;10506300;26.45059585571289
2015-10-19;29.309999465942383;30.883333206176758;29.17333221435547;30.799999237060547;9564300;27.70701026916504
2015-10-26;30.65999984741211;30.65999984741211;29.523332595825195;29.84666633605957;13035900;26.849416732788086
2015-11-02;29.926666259765625;30.516666412353516;29.67333221435547;30.503332138061523;7636200;27.44013023376465
2015-11-09;30.426666259765625;30.426666259765625;28.920000076293945;29.03333282470703;9854700;26.117752075195312
2015-11-16;29.016666412353516;30.22333335876465;29.010000228881836;30.046667098999023;7906800;27.02932357788086
2015-11-23;29.99333381652832;30.323333740234375;29.496667861938477;30.209999084472656;3897000;27.176250457763672
2015-11-30;30.253332138061523;31.30666732788086;30.24333381652832;31.206666946411133;6966000;28.072837829589844
2015-12-07;31.18000030517578;31.18000030517578;29.81999969482422;29.866666793823242;7825500;26.867403030395508
2015-12-14;29.85333251953125;30.600000381469727;29.373332977294922;29.583332061767578;8369700;26.612520217895508
2015-12-21;29.76333236694336;30.516666412353516;29.74333381652832;30.40333366394043;3547500;27.408279418945312
2015-12-28;30.260000228881836;30.77666664123535;29.93000030517578;29.946666717529297;2881800;26.996591567993164
2016-01-04;29.343332290649414;29.71666717529297;27.046667098999023;27.116666793823242;7385100;24.44538688659668
2016-01-11;27.290000915527344;27.696666717529297;25.540000915527344;25.886667251586914;6788700;23.336545944213867
2016-01-18;26.273332595825195;27.15999984741211;25.3799991607666;26.969999313354492;5509800;24.31316566467285
2016-01-25;26.90999984741211;27.68000030517578;26.260000228881836;27.676666259765625;6894300;24.950218200683594
2016-02-01;27.459999084472656;27.94333267211914;26.363332748413086;26.47333335876465;8138400;23.865428924560547
2016-02-08;26.02666664123535;26.113332748413086;24.933332443237305;25.816667556762695;9194100;23.273447036743164
2016-02-15;26.15999984741211;27.59000015258789;26.07666778564453;27.350000381469727;3968100;24.655729293823242
2016-02-22;27.623332977294922;28.32666778564453;26.850000381469727;28.22333335876465;5743500;25.443037033081055
2016-02-29;28.27666664123535;29.67333221435547;28.156667709350586;29.43000030517578;5617200;26.53082847595215
2016-03-07;29.25;29.829999923706055;28.850000381469727;29.799999237060547;5862000;26.8643798828125
2016-03-14;29.68666648864746;30.559999465942383;29.413333892822266;30.523332595825195;6942600;27.516462326049805
2016-03-21;30.42333221435547;30.67333221435547;29.719999313354492;30.046667098999023;2663100;27.168542861938477
2016-03-28;30.110000610351562;30.899999618530273;29.760000228881836;30.75;3352200;27.80450439453125
2016-04-04;30.729999542236328;30.753332138061523;30.016666412353516;30.270000457763672;8713500;27.370485305786133
2016-04-11;30.413333892822266;30.92333221435547;29.833332061767578;30.39666748046875;4856700;27.485021591186523
2016-04-18;30.286666870117188;30.496667861938477;29.90333366394043;30.190000534057617;4935300;27.298147201538086
2016-04-25;30.09666633605957;30.770000457763672;28.90333366394043;29.126667022705078;8762700;26.336671829223633
2016-05-02;29.203332901000977;29.386667251586914;28.39666748046875;28.793333053588867;9388200;26.035263061523438
2016-05-09;28.84666633605957;29.286666870117188;28.27666664123535;28.610000610351562;7296900;25.869495391845703
2016-05-16;28.626667022705078;30.079999923706055;28.52666664123535;30.049999237060547;6414300;27.17155647277832
2016-05-23;30.25;31.52666664123535;30.25;31.47333335876465;5346000;28.458553314208984
2016-05-30;31.53333282470703;32.12333297729492;31.446666717529297;31.92333221435547;5515500;28.865449905395508
2016-06-06;31.94333267211914;32.223331451416016;31.536666870117188;31.649999618530273;5830200;28.618303298950195
2016-06-13;31.446666717529297;31.836666107177734;30.93000030517578;31.203332901000977;9520800;28.21441650390625
2016-06-20;31.656667709350586;32.34333419799805;30.43666648864746;30.553333282470703;6747900;27.7142333984375
2016-06-27;30.136667251586914;31.246667861938477;29.113332748413086;30.956666946411133;13317900;28.0800838470459
2016-07-04;30.713333129882812;31.683332443237305;29.876667022705078;31.656667709350586;6567900;28.715038299560547
2016-07-11;31.89666748046875;32.79666519165039;31.873332977294922;32.6966667175293;8019600;29.658401489257812
2016-07-18;33.11000061035156;33.66999816894531;32.959999084472656;33.516666412353516;7095600;30.402202606201172
2016-07-25;33.5099983215332;35.34333419799805;33.5099983215332;34.66666793823242;12063000;31.44533348083496
2016-08-01;34.74333190917969;35.0;33.95333480834961;34.96333312988281;9709200;31.714452743530273
2016-08-08;35.08333206176758;35.34000015258789;34.81999969482422;35.26333236694336;5975100;31.986570358276367
2016-08-15;35.336666107177734;36.13666534423828;35.29666519165039;36.04999923706055;6513900;32.70012664794922
2016-08-22;35.99333190917969;36.52333450317383;35.83333206176758;36.25;4386300;32.881553649902344
2016-08-29;36.4033317565918;36.776668548583984;36.0966682434082;36.54999923706055;8497500;33.15366744995117
2016-09-05;36.61333465576172;36.663333892822266;34.73666763305664;34.84333419799805;8799300;31.605587005615234
2016-09-12;34.560001373291016;36.689998626708984;34.44333267211914;36.31999969482422;8170500;32.945037841796875
2016-09-19;36.54666519165039;37.04999923706055;36.11000061035156;36.44333267211914;5427000;33.05691909790039
2016-09-26;36.03333282470703;37.90666580200195;35.78333282470703;37.663333892822266;6978000;34.30694580078125
2016-10-03;37.753334045410156;37.91666793823242;37.16999816894531;37.75;12491700;34.385887145996094
2016-10-10;37.926666259765625;38.06999969482422;35.633331298828125;36.4900016784668;8096400;33.23817825317383
2016-10-17;36.45333480834961;36.956668853759766;36.220001220703125;36.72999954223633;5940600;33.456787109375
2016-10-24;36.92333221435547;37.766666412353516;36.880001068115234;36.91999816894531;5838600;33.62986755371094
2016-10-31;37.04999923706055;37.41999816894531;36.0;36.253334045410156;7820100;33.022605895996094
2016-11-07;36.926666259765625;37.823333740234375;36.03333282470703;37.76333236694336;18399300;34.398033142089844
2016-11-14;37.95000076293945;39.459999084472656;37.46666717529297;39.40999984741211;6116400;35.89796447753906
2016-11-21;39.529998779296875;40.23666763305664;39.393333435058594;40.21666717529297;4014900;36.63275146484375
2016-11-28;40.119998931884766;40.279998779296875;37.62333297729492;38.31666564941406;8911500;34.90205383300781
2016-12-05;38.650001525878906;40.88999938964844;38.39666748046875;40.34333419799805;6142800;36.74811935424805
2016-12-12;40.18333435058594;41.473331451416016;39.706668853759766;40.72999954223633;8782500;37.100345611572266
2016-12-19;40.836666107177734;41.89666748046875;40.78666687011719;41.84333419799805;5538900;38.203372955322266
2016-12-26;41.926666259765625;42.63666534423828;40.77333450317383;40.90666580200195;7597500;37.34818649291992
2017-01-02;41.04666519165039;41.49333190917969;40.51333236694336;40.99333190917969;5825400;37.42731857299805
2017-01-09;41.13666534423828;41.790000915527344;40.793331146240234;41.689998626708984;5409000;38.06338119506836
2017-01-16;41.53666687011719;42.18333435058594;40.883331298828125;41.926666259765625;6906600;38.27946472167969
2017-01-23;41.77000045776367;43.40999984741211;41.3466682434082;43.39666748046875;9053400;39.62158966064453
2017-01-30;43.20000076293945;43.58000183105469;42.356666564941406;43.5;7050000;39.71593475341797
2017-02-06;43.586666107177734;44.06666564941406;43.063331604003906;43.48666763305664;5199300;39.70376205444336
2017-02-13;43.606666564941406;44.0966682434082;43.186668395996094;44.09000015258789;4168500;40.25461196899414
2017-02-20;44.2400016784668;44.779998779296875;43.133331298828125;43.96666717529297;6033300;40.14200210571289
2017-02-27;43.9900016784668;44.71666717529297;43.72999954223633;44.02333450317383;8851800;40.19374465942383
2017-03-06;43.900001525878906;44.93333435058594;43.53666687011719;44.84000015258789;8136900;40.93935012817383
2017-03-13;44.97666549682617;45.55666732788086;44.67333221435547;45.4466667175293;6087300;41.493247985839844
2017-03-20;45.563331604003906;45.98666763305664;44.5966682434082;45.293331146240234;7904100;41.46147537231445
2017-03-27;44.86000061035156;45.856666564941406;44.67333221435547;45.630001068115234;4813200;41.76966094970703
2017-04-03;45.650001525878906;45.7599983215332;44.413333892822266;45.063331604003906;6713700;41.25092697143555
2017-04-10;45.06666564941406;45.11000061035156;43.28666687011719;43.3033332824707;5426100;39.63983154296875
2017-04-17;43.473331451416016;45.05666732788086;43.473331451416016;44.78666687011719;7949400;40.99766159057617
2017-04-24;45.44333267211914;46.220001220703125;45.25;45.369998931884766;10489200;41.531654357910156
2017-05-01;45.47999954223633;45.83333206176758;45.08333206176758;45.63999938964844;8730600;41.77880859375
2017-05-08;45.616668701171875;47.27000045776367;45.37333297729492;47.186668395996094;7250700;43.194644927978516
2017-05-15;47.38666534423828;48.62333297729492;46.38666534423828;47.89666748046875;10066500;43.84456253051758
2017-05-22;48.206668853759766;49.03333282470703;47.856666564941406;49.0099983215332;5582100;44.86370086669922
2017-05-29;49.00666809082031;49.94333267211914;48.95000076293945;49.883331298828125;5142900;45.66316223144531
2017-06-05;49.866668701171875;51.983333587646484;48.3033332824707;49.29999923706055;10211400;45.129173278808594
2017-06-12;48.68333435058594;49.83333206176758;47.60333251953125;48.253334045410156;15726900;44.171051025390625
2017-06-19;48.78666687011719;49.4900016784668;48.606666564941406;49.21333312988281;6308700;45.04984664916992
2017-06-26;49.49333190917969;49.7599983215332;46.3466682434082;46.733333587646484;10531800;42.8851203918457
2017-07-03;47.11000061035156;47.810001373291016;46.07666778564453;47.619998931884766;9127500;43.698795318603516
2017-07-10;47.8033332824707;49.880001068115234;47.503334045410156;49.85333251953125;6389100;45.748226165771484
2017-07-17;50.02333450317383;50.47666549682617;49.16999816894531;49.97999954223633;5631900;45.86445236206055
2017-07-24;50.0533332824707;50.54999923706055;48.97666549682617;49.37666702270508;8454300;45.31081008911133
2017-07-31;49.383331298828125;49.686668395996094;48.516666412353516;48.776668548583984;6891600;44.76021194458008
2017-08-07;48.9033317565918;50.0533332824707;47.59333419799805;48.20000076293945;5146200;44.23102569580078
2017-08-14;48.78333282470703;49.84000015258789;48.209999084472656;48.45000076293945;5155200;44.460445404052734
2017-08-21;48.52000045776367;49.366668701171875;47.790000915527344;48.86000061035156;5955600;44.836669921875
2017-08-28;48.93000030517578;50.900001525878906;48.37333297729492;50.63666534423828;6283800;46.46706008911133
2017-09-04;50.456668853759766;50.52000045776367;49.336666107177734;49.52000045776367;6177900;45.442325592041016
2017-09-11;49.9033317565918;51.936668395996094;49.9033317565918;51.880001068115234;5901300;47.60800552368164
2017-09-18;52.18333435058594;52.93000030517578;51.29666519165039;52.040000915527344;6741000;47.75482177734375
2017-09-25;51.85333251953125;52.926666259765625;50.643333435058594;52.856666564941406;6174600;48.66282653808594
2017-10-02;53.09333419799805;53.753334045410156;52.810001373291016;53.73666763305664;3931500;49.473018646240234
2017-10-09;53.9466667175293;55.19333267211914;53.88666534423828;55.0;3567000;50.63612365722656
2017-10-16;55.16666793823242;55.81666564941406;54.40999984741211;55.543331146240234;3961800;51.136329650878906
2017-10-23;55.813331604003906;57.040000915527344;54.9033317565918;56.96333312988281;5313600;52.443660736083984
2017-10-30;56.78333282470703;58.66999816894531;56.78333282470703;58.66666793823242;10911000;54.01185607910156
2017-11-06;59.23666763305664;59.68333435058594;57.723331451416016;58.82666778564453;10030200;54.15916442871094
2017-11-13;58.599998474121094;59.63999938964844;57.939998626708984;59.02333450317383;6267300;54.34021759033203
2017-11-20;59.356666564941406;60.62666702270508;59.20333480834961;60.58333206176758;7156500;55.77644729614258
2017-11-27;60.21666717529297;60.21666717529297;55.503334045410156;56.89666748046875;18411900;52.382301330566406
2017-12-04;57.573333740234375;57.643333435058594;54.793331146240234;56.00666809082031;17280600;51.56290054321289
2017-12-11;56.0966682434082;56.746665954589844;55.59000015258789;56.599998474121094;11807700;52.10916519165039
2017-12-18;57.293331146240234;58.323333740234375;57.0;57.41999816894531;9737700;52.96089172363281
2017-12-25;56.6966667175293;57.33333206176758;56.369998931884766;56.60333251953125;3023400;52.20764923095703
2018-01-01;56.90999984741211;60.07666778564453;56.84000015258789;59.83000183105469;6692700;55.183753967285156
2018-01-08;59.869998931884766;60.48666763305664;58.516666412353516;59.663333892822266;7266900;55.03001022338867
2018-01-15;60.16999816894531;62.25;59.5099983215332;61.936668395996094;6951600;57.12681198120117
2018-01-22;62.0533332824707;62.9033317565918;60.38999938964844;62.31999969482422;9643200;57.48037338256836
2018-01-29;62.09333419799805;62.66666793823242;59.5099983215332;59.540000915527344;9235500;54.91627502441406
2018-02-05;58.65666580200195;59.973331451416016;54.393333435058594;56.70000076293945;21333300;52.296810150146484
2018-02-12;57.45333480834961;60.313331604003906;56.91999816894531;59.56666564941406;8299200;54.940853118896484
2018-02-19;59.380001068115234;61.16666793823242;59.31999969482422;61.06999969482422;6828300;56.32744598388672
2018-02-26;61.43333435058594;63.2400016784668;59.82666778564453;61.68333435058594;7969200;56.893157958984375
2018-03-05;61.35333251953125;64.77666473388672;61.07666778564453;64.75;6930900;59.72166061401367
2018-03-12;65.22666931152344;65.7699966430664;63.83000183105469;64.34333038330078;9839400;59.346588134765625
2018-03-19;63.76333236694336;64.5199966430664;59.81666564941406;59.84000015258789;10522200;55.30148696899414
2018-03-26;61.24333190917969;62.99333190917969;58.483333587646484;60.016666412353516;11105700;55.46475601196289
2018-04-02;59.49333190917969;60.02333450317383;56.92333221435547;57.18000030517578;8982600;52.843223571777344
2018-04-09;57.85333251953125;61.336666107177734;57.50666809082031;60.07666778564453;7444200;55.52019119262695
2018-04-16;60.43333435058594;61.46666717529297;57.1533317565918;57.40666580200195;12485400;53.052696228027344
2018-04-23;57.62333297729492;58.04999923706055;55.22999954223633;56.86333465576172;17879100;52.55057907104492
2018-04-30;56.766666412353516;58.6966667175293;55.996665954589844;58.59333419799805;10847700;54.14937973022461
2018-05-07;59.073333740234375;61.63666534423828;58.86000061035156;61.06666564941406;6535800;56.435115814208984
2018-05-14;61.83000183105469;62.55666732788086;60.650001525878906;60.866668701171875;7513200;56.25029373168945
2018-05-21;61.76333236694336;62.996665954589844;60.936668395996094;62.90666580200195;6545700;58.13557052612305
2018-05-28;62.63999938964844;63.900001525878906;62.09333419799805;63.900001525878906;6348900;59.05355453491211
2018-06-04;64.06999969482422;65.26000213623047;63.45333480834961;63.96666717529297;7593000;59.11517333984375
2018-06-11;63.869998931884766;64.7699966430664;63.599998474121094;64.40333557128906;14125200;59.51871871948242
2018-06-18;63.99333190917969;63.99333190917969;61.983333587646484;62.10333251953125;8676300;57.393150329589844
2018-06-25;61.436668395996094;61.436668395996094;58.59000015258789;59.413333892822266;24154800;55.096092224121094
2018-07-02;58.900001525878906;61.106666564941406;58.4466667175293;61.00666809082031;6843000;56.57363510131836
2018-07-09;61.619998931884766;62.176666259765625;59.91999816894531;60.63999938964844;7831800;56.233604431152344
2018-07-16;60.72666549682617;62.01333236694336;60.0533332824707;61.473331451416016;7419900;57.00639724731445
2018-07-23;61.15666580200195;62.913333892822266;60.08000183105469;62.03333282470703;25604700;57.52570343017578
2018-07-30;62.00666809082031;62.6966667175293;60.96666717529297;62.47999954223633;12096600;57.939903259277344
2018-08-06;62.36000061035156;63.633331298828125;61.026668548583984;61.31666564941406;17241300;56.861114501953125
2018-08-13;61.426666259765625;61.939998626708984;59.01333236694336;59.90666580200195;9980100;55.55356979370117
2018-08-20;59.9900016784668;62.29999923706055;59.18000030517578;62.266666412353516;8479500;57.74208068847656
2018-08-27;62.77333450317383;63.86333465576172;62.63666534423828;63.439998626708984;26681400;58.83015823364258
2018-09-03;63.209999084472656;64.0633316040039;61.54999923706055;61.6966667175293;12764100;57.21350860595703
2018-09-10;62.13666534423828;62.66999816894531;59.70000076293945;62.42333221435547;8936100;57.887351989746094
2018-09-17;62.19333267211914;63.22666549682617;61.47666549682617;62.76333236694336;7103100;58.2026481628418
2018-09-24;62.25666809082031;63.0099983215332;61.0;61.68333435058594;6785700;57.45359420776367
2018-10-01;62.0;62.75;58.86333465576172;59.41666793823242;9384300;55.34234619140625
2018-10-08;58.93333435058594;59.46666717529297;55.10333251953125;56.54666519165039;19044900;52.669158935546875
2018-10-15;56.3033332824707;58.4466667175293;55.15666580200195;55.393333435058594;15706200;51.59491729736328
2018-10-22;55.68333435058594;56.060001373291016;51.1966667175293;52.043331146240234;30583800;48.47462463378906
2018-10-29;53.0966682434082;57.0;50.526668548583984;56.01333236694336;17165700;52.17238235473633
2018-11-05;55.926666259765625;57.003334045410156;54.56999969482422;55.5533332824707;8813700;51.743934631347656
2018-11-12;54.606666564941406;56.063331604003906;52.9033317565918;55.19333267211914;17861700;51.408634185791016
2018-11-19;54.91999816894531;55.08000183105469;51.50666809082031;53.400001525878906;9451200;49.7382698059082
2018-11-26;54.11333465576172;56.09000015258789;53.586666107177734;56.08333206176758;10318500;52.23759460449219
2018-12-03;57.77333450317383;57.983333587646484;52.19333267211914;52.4900016784668;11725800;48.89067077636719
2018-12-10;52.30666732788086;55.0966682434082;52.17333221435547;53.383331298828125;8212800;49.72274398803711
2018-12-17;53.19333267211914;54.099998474121094;49.65666580200195;49.793331146240234;12756000;46.477298736572266
2018-12-24;49.36000061035156;52.880001068115234;48.26333236694336;51.939998626708984;10587300;48.48100280761719
2018-12-31;52.47999954223633;53.11000061035156;49.54666519165039;51.80666732788086;10107300;48.35654067993164
2019-01-07;51.959999084472656;55.393333435058594;51.74333190917969;54.94333267211914;8061000;51.284305572509766
2019-01-14;54.323333740234375;55.95000076293945;53.040000915527344;55.616668701171875;7300200;51.91281509399414
2019-01-21;55.08000183105469;58.16999816894531;53.163333892822266;57.93000030517578;13314900;54.07209014892578
2019-01-28;55.823333740234375;58.53333282470703;55.643333435058594;58.253334045410156;12986400;54.37388610839844
2019-02-04;58.220001220703125;60.87666702270508;57.79999923706055;58.983333587646484;9841500;55.055267333984375
2019-02-11;59.119998931884766;61.53333282470703;58.8033332824707;61.1966667175293;5415300;57.12120056152344
2019-02-18;60.91666793823242;62.02000045776367;60.84333419799805;61.83333206176758;4253400;57.71547317504883
2019-02-25;62.76333236694336;63.07666778564453;60.543331146240234;61.790000915527344;8868000;57.67502975463867
2019-03-04;62.21666717529297;62.43333435058594;58.63666534423828;59.836666107177734;8983500;55.851776123046875
2019-03-11;60.13666534423828;63.643333435058594;60.06666564941406;63.150001525878906;10920600;58.9444465637207
2019-03-18;63.293331146240234;65.71333312988281;62.64666748046875;63.439998626708984;14416500;59.37628936767578
2019-03-25;62.9900016784668;63.813331604003906;61.81666564941406;63.18000030517578;13869000;59.132930755615234
2019-04-01;64.11000061035156;66.94000244140625;63.883331298828125;66.91000366210938;9483000;62.62400817871094
2019-04-08;66.62000274658203;67.80000305175781;66.02333068847656;67.75333404541016;6097200;63.41329574584961
2019-04-15;67.86333465576172;71.40666961669922;66.8933334350586;70.5633316040039;9346500;66.04331970214844
2019-04-22;70.34333038330078;72.66666412353516;68.6066665649414;70.05000305175781;10407300;65.56287384033203
2019-04-29;70.08333587646484;71.52666473388672;69.63333129882812;71.18333435058594;15477900;66.62360382080078
2019-05-06;68.70333099365234;70.04666900634766;65.44999694824219;67.06666564941406;15483000;62.77062225341797
2019-05-13;64.83333587646484;66.3566665649414;63.32666778564453;63.60333251953125;24996300;59.529144287109375
2019-05-20;61.53333282470703;62.64666748046875;59.06666564941406;59.526668548583984;19060800;55.713623046875
2019-05-27;59.866668701171875;60.209999084472656;58.356666564941406;58.84000015258789;11964300;55.07094955444336
2019-06-03;59.50666809082031;62.793331146240234;58.676666259765625;62.663333892822266;11843700;58.64936828613281
2019-06-10;63.436668395996094;65.51000213623047;61.2400016784668;61.65999984741211;11983500;57.71030044555664
2019-06-17;61.39666748046875;65.23332977294922;60.93333435058594;63.88666534423828;10060500;60.0400390625
2019-06-24;63.96666717529297;66.71666717529297;63.00666809082031;66.13666534423828;9377400;62.15455627441406
2019-07-01;69.01667022705078;69.58999633789062;65.51667022705078;66.2699966430664;7803000;62.27986526489258
2019-07-08;65.66666412353516;68.17333221435547;65.21333312988281;68.10333251953125;7247100;64.0028076171875
2019-07-15;68.41666412353516;69.71666717529297;67.6066665649414;69.08000183105469;4949100;64.92066192626953
2019-07-22;69.38333129882812;73.6066665649414;69.38333129882812;72.22333526611328;8936400;67.8747787475586
2019-07-29;72.0999984741211;72.48999786376953;66.87000274658203;67.47000122070312;9113700;63.40762710571289
2019-08-05;65.49333190917969;67.63999938964844;63.970001220703125;66.4366683959961;10229700;62.43651580810547
2019-08-12;65.74666595458984;68.08000183105469;64.73999786376953;67.04666900634766;8625000;63.0097770690918
2019-08-19;68.65333557128906;68.97000122070312;65.41666412353516;65.60333251953125;13651500;61.65335464477539
2019-08-26;66.59666442871094;68.86333465576172;65.20333099365234;68.24333190917969;7777500;64.13439178466797
2019-09-02;67.48999786376953;71.87666320800781;66.73332977294922;71.23332977294922;7532400;66.94435119628906
2019-09-09;71.52333068847656;73.7699966430664;70.70999908447266;72.90666961669922;6699000;68.5169677734375
2019-09-16;72.3566665649414;73.05000305175781;70.66666412353516;70.92333221435547;5166000;66.65302276611328
2019-09-23;70.913330078125;72.10333251953125;69.29000091552734;69.85333251953125;7434300;65.9415054321289
2019-09-30;70.163330078125;71.86333465576172;67.97666931152344;71.163330078125;7045500;67.17816162109375
2019-10-07;71.11666870117188;72.84666442871094;68.47666931152344;72.01667022705078;7698600;67.98371887207031
2019-10-14;71.96666717529297;73.73666381835938;71.26000213623047;71.9000015258789;6174900;67.87354278564453
2019-10-21;72.5999984741211;74.63999938964844;70.83999633789062;74.56666564941406;7801500;70.39088439941406
2019-10-28;75.12333679199219;76.50333404541016;73.80999755859375;76.5;6230700;72.21597290039062
2019-11-04;77.47000122070312;79.05000305175781;76.93333435058594;78.586669921875;7256700;74.1857681274414
2019-11-11;77.92333221435547;79.62999725341797;77.61333465576172;78.96333312988281;5161500;74.54135131835938
2019-11-18;78.9566650390625;79.26667022705078;76.30332946777344;76.55999755859375;6034200;72.27259826660156
2019-11-25;77.29000091552734;78.67666625976562;77.29000091552734;77.82333374023438;4758900;73.4651870727539
2019-12-02;77.90333557128906;78.3566665649414;74.61666870117188;78.12999725341797;6849600;73.75468444824219
2019-12-09;78.3133316040039;82.75;77.76333618164062;81.50333404541016;6400500;76.93911743164062
2019-12-16;82.11000061035156;83.97000122070312;81.93000030517578;83.77333068847656;6136200;79.36176300048828
2019-12-23;84.43000030517578;84.62000274658203;83.75;84.1066665649414;3618600;79.67755889892578
2019-12-30;84.086669921875;85.43000030517578;82.9000015258789;83.836669921875;4233600;79.42176055908203
2020-01-06;82.78333282470703;85.586669921875;82.41999816894531;84.45333099365234;6651300;80.0059585571289
2020-01-13;85.0433349609375;86.7066650390625;84.37000274658203;86.7066650390625;6088200;82.14063262939453
2020-01-20;86.36666870117188;89.30999755859375;86.2933349609375;86.96666717529297;5608200;82.38694763183594
2020-01-27;84.5;85.88666534423828;80.63333129882812;81.0199966430664;10762200;76.75341033935547
2020-02-03;81.26667022705078;86.58000183105469;81.21333312988281;84.4433364868164;8812800;79.9964828491211
2020-02-10;83.65666961669922;89.78666687011719;83.65666961669922;88.5;6948900;83.83951568603516
2020-02-17;87.15666961669922;89.73332977294922;85.30332946777344;85.6433334350586;8765700;81.1332778930664
2020-02-24;81.62333679199219;82.78666687011719;72.7066650390625;77.26333618164062;22400400;73.19459533691406
2020-03-02;78.63333129882812;81.40333557128906;75.11000061035156;76.96333312988281;18623400;72.910400390625
2020-03-09;70.82333374023438;75.07666778564453;62.936668395996094;69.8066635131836;22485000;66.13059997558594
2020-03-16;62.66666793823242;65.62333679199219;55.93000030517578;58.88666534423828;18915600;55.78563690185547
2020-03-23;59.53666687011719;71.23666381835938;58.10333251953125;67.42666625976562;16840800;64.09593963623047
2020-03-30;68.13333129882812;70.95999908447266;63.96666717529297;65.32666778564453;17270700;62.09968948364258
2020-04-06;68.163330078125;75.7699966430664;68.163330078125;72.52999877929688;22416300;68.94718170166016
2020-04-13;72.25333404541016;78.0433349609375;71.66999816894531;77.13333129882812;19570500;73.3231430053711
2020-04-20;75.97333526611328;77.10333251953125;71.52666473388672;76.91000366210938;15527700;73.11082458496094
2020-04-27;77.90333557128906;81.5433349609375;74.16666412353516;74.52666473388672;22488300;70.84521484375
2020-05-04;73.81666564941406;80.43000030517578;73.52333068847656;80.34666442871094;19006800;76.37773895263672
2020-05-11;79.59333038330078;81.08333587646484;74.70333099365234;77.0566635131836;26330700;73.25022888183594
2020-05-18;78.88666534423828;83.836669921875;78.88666534423828;81.5566635131836;19311900;77.5279541015625
2020-05-25;83.73999786376953;84.1866683959961;80.32666778564453;83.95333099365234;20349900;79.80622863769531
2020-06-01;83.5199966430664;92.05332946777344;82.75666809082031;90.73666381835938;12548400;86.25448608398438
2020-06-08;91.27666473388672;91.80332946777344;84.39666748046875;86.32333374023438;15674700;82.05916595458984
2020-06-15;84.23999786376953;90.93333435058594;83.94667053222656;89.09333038330078;10499700;84.87684631347656
2020-06-22;89.0;91.00666809082031;86.6433334350586;87.05999755859375;7452000;82.93975830078125
2020-06-29;87.08333587646484;91.0633316040039;85.98666381835938;90.22333526611328;10447500;85.95336151123047
2020-07-06;91.99666595458984;94.55332946777344;91.36666870117188;93.66666412353516;8790300;89.23373413085938
2020-07-13;94.99333190917969;96.01667022705078;90.28333282470703;93.6066665649414;11007900;89.17657470703125
2020-07-20;93.76333618164062;96.29000091552734;90.92333221435547;92.35333251953125;9341100;87.98257446289062
2020-07-27;93.5199966430664;97.4800033569336;93.20333099365234;96.79666900634766;10244700;92.21562194824219
2020-08-03;97.38666534423828;100.33999633789062;97.37333679199219;98.73332977294922;7309500;94.06061553955078
2020-08-10;99.02999877929688;101.12333679199219;97.30000305175781;99.7933349609375;8000100;95.07044219970703
2020-08-17;100.61666870117188;101.5633316040039;98.19000244140625;99.59666442871094;6285000;94.8830795288086
2020-08-24;100.75;102.67666625976562;99.84666442871094;102.63666534423828;6524700;97.77924346923828
2020-08-31;102.56666564941406;108.086669921875;96.83999633789062;100.41999816894531;12787200;95.6674575805664
2020-09-07;96.8133316040039;99.9566650390625;95.586669921875;96.97333526611328;8388900;92.3839340209961
2020-09-14;98.91666412353516;101.46333312988281;96.79000091552734;98.06666564941406;6558300;93.42550659179688
2020-09-21;96.22000122070312;99.0999984741211;95.3933334350586;98.41666412353516;9288600;94.09796905517578
2020-09-28;99.8133316040039;103.90666961669922;99.16666412353516;100.5999984741211;9753000;96.18550872802734
2020-10-05;101.51667022705078;108.7066650390625;101.37999725341797;108.40333557128906;7625400;103.64640045166016
2020-10-12;109.836669921875;110.75333404541016;107.11000061035156;108.55999755859375;7525800;103.79620361328125
2020-10-19;109.44999694824219;110.09666442871094;105.7699966430664;106.77999877929688;5022900;102.0943374633789
2020-10-26;105.86666870117188;106.24666595458984;100.4800033569336;101.82666778564453;6884100;97.35833740234375
2020-11-02;102.77999877929688;114.8499984741211;101.3133316040039;114.43333435058594;10692600;109.41181182861328
2020-11-09;117.50666809082031;117.92333221435547;109.42333221435547;113.63333129882812;7727700;108.64691162109375
2020-11-16;114.5633316040039;117.3566665649414;113.7066650390625;115.79000091552734;6614700;110.70893096923828
2020-11-23;116.3066635131836;119.91999816894531;115.93333435058594;119.22333526611328;5886900;113.9916000366211
2020-11-30;119.42333221435547;126.54666900634766;117.913330078125;126.47000122070312;8742000;120.92029571533203
2020-12-07;127.1866683959961;128.01666259765625;121.20333099365234;122.55000305175781;8383500;117.17231750488281
2020-12-14;123.44000244140625;126.28666687011719;123.16666412353516;124.94667053222656;6158700;119.70703125
2020-12-21;123.36666870117188;124.61666870117188;122.32333374023438;124.37333679199219;4299600;119.1577377319336
2020-12-28;125.83333587646484;126.58999633789062;122.5433349609375;126.3933334350586;4796100;121.09300994873047
2021-01-04;127.21333312988281;135.3699951171875;124.95333099365234;132.9199981689453;11302200;127.34600830078125
2021-01-11;131.76666259765625;139.75332641601562;131.6666717529297;135.35667419433594;11483700;129.68048095703125
2021-01-18;137.5833282470703;142.0833282470703;137.25999450683594;139.11666870117188;8576700;133.28280639648438
2021-01-25;140.27999877929688;140.63999938964844;129.41000366210938;130.47332763671875;14431200;125.00190734863281
2021-02-01;132.69667053222656;138.75;132.2566680908203;135.20333862304688;10415700;129.53358459472656
2021-02-08;136.1133270263672;146.00332641601562;136.10667419433594;145.72000122070312;9588600;139.6092071533203
2021-02-15;147.4566650390625;147.99000549316406;140.67999267578125;145.89666748046875;10439700;139.77845764160156
2021-02-22;144.0;145.01333618164062;134.02667236328125;138.97000122070312;19724700;133.14231872558594
2021-03-01;141.07666015625;143.97999572753906;125.18333435058594;132.20333862304688;23471400;126.65937042236328
2021-03-08;132.03334045410156;136.5933380126953;125.0199966430664;134.3866729736328;22407300;128.7511444091797
2021-03-15;135.10667419433594;141.84666442871094;133.46665954589844;136.586669921875;29110800;130.85890197753906
2021-03-22;138.26333618164062;141.11000061035156;130.27333068847656;140.44332885742188;27450900;134.80746459960938
2021-03-29;139.1300048828125;146.61000061035156;136.3300018310547;146.52667236328125;24152400;140.64669799804688
2021-04-05;148.93666076660156;149.9199981689453;146.3433380126953;148.93333435058594;22455900;142.95675659179688
2021-04-12;148.15333557128906;148.6666717529297;144.68666076660156;147.22666931152344;19317600;141.31858825683594
2021-04-19;146.14332580566406;146.63333129882812;140.47999572753906;144.4499969482422;28047900;138.6533203125
2021-04-26;144.6366729736328;147.77999877929688;140.336669921875;140.67666625976562;17949300;135.03143310546875
2021-05-03;141.67666625976562;141.82333374023438;134.336669921875;140.75999450683594;20621400;135.1113739013672
2021-05-10;139.52999877929688;139.52999877929688;128.67333984375;134.88999938964844;30354000;129.47698974609375
2021-05-17;133.63999938964844;139.81333923339844;129.51666259765625;138.01333618164062;20118000;132.47496032714844
2021-05-24;139.4566650390625;144.9199981689453;139.3333282470703;144.22666931152344;15711900;138.43894958496094
2021-05-31;145.31666564941406;146.4633331298828;141.54666137695312;145.6666717529297;11583000;139.82118225097656
2021-06-07;144.97666931152344;145.913330078125;142.6233367919922;145.1999969482422;11448000;139.53977966308594
2021-06-14;145.56666564941406;147.76666259765625;141.9566650390625;142.7433319091797;16439700;137.1788787841797
2021-06-21;142.9066619873047;147.8633270263672;141.69332885742188;146.60333251953125;8631900;140.88839721679688
2021-06-28;147.50999450683594;151.69667053222656;147.50999450683594;150.14666748046875;9807600;144.2936248779297
2021-07-05;150.55332946777344;151.0399932861328;143.40333557128906;148.10000610351562;7723200;142.32672119140625
2021-07-12;148.73333740234375;151.69667053222656;141.91000366210938;142.25;13557300;136.70472717285156
2021-07-19;140.30667114257812;148.5366668701172;139.50332641601562;148.3433380126953;11805900;142.5605926513672
2021-07-26;147.77333068847656;152.6133270263672;142.58999633789062;152.30332946777344;10544700;146.3662109375
2021-08-02;153.76333618164062;157.1266632080078;151.80999755859375;155.2566680908203;8912400;149.20443725585938
2021-08-09;155.88333129882812;155.97332763671875;149.52333068847656;151.72000122070312;7650000;145.8056182861328
2021-08-16;151.14666748046875;151.54666137695312;144.22666931152344;148.57666015625;8847600;142.78477478027344
2021-08-23;150.1199951171875;157.19332885742188;150.1199951171875;157.0066680908203;10807200;150.88616943359375
2021-08-30;157.64666748046875;158.8433380126953;154.84666442871094;156.9600067138672;9117300;150.8413848876953
2021-09-06;157.0399932861328;158.52667236328125;153.03334045410156;156.15333557128906;11608800;150.06613159179688
2021-09-13;157.72666931152344;159.39666748046875;155.51666259765625;156.3333282470703;13269600;150.23907470703125
2021-09-20;153.0;158.6666717529297;150.21665954589844;157.60000610351562;10247100;151.82662963867188
2021-09-27;155.913330078125;157.8333282470703;146.27667236328125;148.72000122070312;21204000;143.27191162109375
2021-10-04;147.9499969482422;151.3633270263672;144.44667053222656;147.85333251953125;14314200;142.4369659423828
2021-10-11;147.26666259765625;151.85000610351562;144.4199981689453;151.39666748046875;10616100;145.85052490234375
2021-10-18;150.49667358398438;156.5;149.63333129882812;153.97332763671875;8595900;148.33279418945312
2021-10-25;154.75999450683594;158.22999572753906;153.48666381835938;158.2100067138672;12204000;152.4142608642578
2021-11-01;158.39999389648438;173.4166717529297;158.0;172.09666442871094;15563400;165.7921905517578
2021-11-08;173.163330078125;176.3633270263672;168.5433349609375;174.5500030517578;13831800;168.1556854248047
2021-11-15;175.85667419433594;180.4499969482422;172.6266632080078;179.23666381835938;11319900;172.670654296875
2021-11-22;180.26666259765625;182.7066650390625;171.63999938964844;172.913330078125;11410500;166.5789337158203
2021-11-29;175.47666931152344;182.16000366210938;171.8766632080078;174.81333923339844;14404500;168.40933227539062
2021-12-06;174.47332763671875;183.75999450683594;169.1266632080078;179.69667053222656;10144800;173.11383056640625
2021-12-13;180.1133270263672;181.41000366210938;170.0399932861328;171.89999389648438;13018800;165.87136840820312
2021-12-20;169.39999389648438;181.43666076660156;168.69332885742188;180.27000427246094;8005200;173.9478302001953
2021-12-27;180.92999267578125;186.0933380126953;180.75332641601562;180.77333068847656;8312400;174.48265075683594
2022-01-03;181.99000549316406;186.33999633789062;173.20333862304688;173.74667358398438;14175000;167.70050048828125
2022-01-10;171.59666442871094;182.61666870117188;168.0;178.3866729736328;18776700;172.1790313720703
2022-01-17;175.5366668701172;175.55999755859375;157.19667053222656;157.54666137695312;39913800;152.06422424316406
2022-01-24;154.25332641601562;162.2566680908203;144.42666625976562;151.67666625976562;50257500;146.3984832763672
2022-01-31;152.43666076660156;165.63999938964844;151.59666442871094;158.94000244140625;28712400;153.40908813476562
2022-02-07;159.3333282470703;169.2933349609375;153.56333923339844;154.67333984375;24000000;149.2908935546875
2022-02-14;155.1999969482422;164.02333068847656;152.8000030517578;155.52333068847656;25160700;150.11129760742188
2022-02-21;153.8433380126953;159.02000427246094;144.67666625976562;159.02000427246094;30629700;153.48631286621094
2022-02-28;156.9499969482422;159.4566650390625;148.10000610351562;149.7866668701172;20096700;144.5742950439453
2022-03-07;150.23333740234375;152.21665954589844;140.85333251953125;144.8000030517578;29808600;139.7611541748047
2022-03-14;144.36666870117188;158.71665954589844;139.45333862304688;158.07666015625;23670600;152.5757598876953
2022-03-21;157.46665954589844;162.39999389648438;154.59666442871094;161.77333068847656;19324200;156.4388885498047
2022-03-28;160.80332946777344;167.02999877929688;152.39332580566406;154.70333862304688;17859600;149.60202026367188
2022-04-04;155.10667419433594;157.43666076660156;142.70333862304688;142.93333435058594;19608900;138.22012329101562
2022-04-11;140.82000732421875;144.01333618164062;138.4499969482422;138.6300048828125;19398900;134.0586700439453
2022-04-18;137.93666076660156;147.6699981689453;136.6199951171875;136.85000610351562;18662400;132.33741760253906
2022-04-25;135.73333740234375;141.04666137695312;131.22999572753906;133.5933380126953;25659600;129.1881103515625
2022-05-02;133.71665954589844;144.836669921875;132.6699981689453;136.36666870117188;19742400;131.86997985839844
2022-05-09;133.4199981689453;136.78334045410156;125.77666473388672;135.8333282470703;24670800;131.354248046875
2022-05-16;134.45333862304688;140.6233367919922;126.38999938964844;132.31666564941406;16533900;127.95355987548828
2022-05-23;131.2899932861328;143.01666259765625;128.17333984375;142.77999877929688;15149700;138.0718231201172
2022-05-30;142.53334045410156;144.80667114257812;137.86000061035156;140.336669921875;9344400;135.7091064453125
2022-06-06;143.2866668701172;143.75999450683594;129.49667358398438;129.76666259765625;13620600;125.67729949951172
2022-06-13;125.0;127.27333068847656;115.3066635131836;118.01333618164062;18006600;114.29437255859375
2022-06-20;120.50333404541016;124.30000305175781;117.15333557128906;124.30000305175781;12899400;120.38291931152344
2022-06-27;125.42333221435547;126.14666748046875;110.95999908447266;112.413330078125;16091700;108.87084197998047
2022-07-04;109.56666564941406;120.33333587646484;108.9000015258789;119.51667022705078;11263500;115.7503433227539
2022-07-11;117.7066650390625;123.3133316040039;114.46666717529297;123.11666870117188;16719900;119.23688507080078
2022-07-18;125.15666961669922;133.63333129882812;121.9433364868164;130.2566680908203;18222600;126.15190887451172
2022-07-25;129.2566680908203;136.1566619873047;126.80332946777344;135.77667236328125;15960600;131.49794006347656
2022-08-01;134.81333923339844;141.25332641601562;133.92666625976562;139.73333740234375;13996800;135.32989501953125
2022-08-08;137.80667114257812;140.9633331298828;129.5066680908203;140.5833282470703;15339600;136.15313720703125
2022-08-15;139.9566650390625;141.5;134.38333129882812;135.63333129882812;9554400;131.35911560058594
2022-08-22;132.88333129882812;136.49000549316406;128.39332580566406;128.59666442871094;12103200;124.54417419433594
2022-08-29;127.2300033569336;128.70333862304688;117.19667053222656;119.61666870117188;17141700;115.84718322753906
2022-09-05;119.59666442871094;125.84333038330078;117.33000183105469;125.19667053222656;9281700;121.25132751464844
2022-09-12;125.73666381835938;126.43000030517578;115.18000030517578;118.0566635131836;15223500;114.33634185791016
2022-09-19;116.55000305175781;121.11666870117188;109.23666381835938;111.25333404541016;15129900;107.74739074707031
2022-09-26;110.26667022705078;112.00333404541016;106.08000183105469;106.24333190917969;15635700;103.45381927490234
2022-10-03;107.45333099365234;118.02666473388672;106.68333435058594;108.61666870117188;16254300;105.76485443115234
2022-10-10;108.1933364868164;108.32333374023438;95.94000244140625;99.55999755859375;21389700;96.94599151611328
2022-10-17;102.20999908447266;107.41666412353516;100.22000122070312;107.1500015258789;17633400;104.33670806884766
2022-10-24;107.51000213623047;111.57333374023438;105.0999984741211;111.25;19148700;108.32906341552734
2022-10-31;110.24666595458984;112.32666778564453;103.16000366210938;109.66666412353516;16752900;106.78729248046875
2022-11-07;110.68333435058594;126.79666900634766;109.23666381835938;126.0566635131836;22490100;122.74696350097656
2022-11-14;125.37333679199219;130.19667053222656;120.22333526611328;124.23332977294922;20423400;120.97149658203125
2022-11-21;122.87999725341797;128.55999755859375;121.78666687011719;125.63666534423828;10175100;122.33798217773438
2022-11-28;124.07666778564453;130.2433319091797;121.27666473388672;126.96333312988281;16433100;123.62980651855469
2022-12-05;126.0999984741211;127.31666564941406;121.18000030517578;124.83000183105469;11446200;121.55250549316406
2022-12-12;124.21666717529297;132.97999572753906;119.44999694824219;120.63999938964844;17018700;117.8007583618164
2022-12-19;120.51333618164062;121.48666381835938;113.74666595458984;116.2933349609375;14774100;113.55638885498047
2022-12-26;115.37000274658203;116.63999938964844;112.05000305175781;115.99333190917969;11449500;113.26345825195312
2023-01-02;117.9566650390625;121.86000061035156;114.16666412353516;121.22333526611328;13671900;118.3703842163086
2023-01-09;123.44667053222656;128.97999572753906;122.3933334350586;128.73666381835938;15491700;125.70687866210938
2023-01-16;128.29666137695312;131.2433319091797;124.2066650390625;128.50999450683594;13657800;125.48554992675781
2023-01-23;129.7100067138672;136.8733367919922;129.50332641601562;135.6999969482422;19584600;132.50631713867188
2023-01-30;133.85000610351562;146.0366668701172;131.71665954589844;142.02999877929688;27744300;138.6873321533203
2023-02-06;139.80999755859375;145.18666076660156;137.663330078125;139.17666625976562;15267000;135.90115356445312
2023-02-13;139.8333282470703;144.44667053222656;137.38333129882812;138.63999938964844;14027100;135.37716674804688
2023-02-20;136.48333740234375;138.55332946777344;132.6999969482422;135.42666625976562;11953500;132.23941040039062
2023-02-27;137.69000244140625;140.01666259765625;133.47666931152344;139.8633270263672;11062800;136.57168579101562
2023-03-06;140.25332641601562;142.41000366210938;134.32666015625;134.96665954589844;13374900;131.7902374267578
2023-03-13;133.55667114257812;144.07666015625;132.16000366210938;141.81333923339844;16341600;138.47579956054688
2023-03-20;142.08999633789062;147.6300048828125;140.9166717529297;143.14999389648438;15528900;140.13319396972656
2023-03-27;143.6666717529297;148.44667053222656;138.27000427246094;148.22332763671875;12437400;145.099609375
2023-04-03;147.35667419433594;147.9166717529297;139.32333374023438;140.97332763671875;9439500;138.00241088867188
2023-04-10;139.75999450683594;144.35667419433594;139.2933349609375;141.03334045410156;11326200;138.0611572265625
2023-04-17;139.51666259765625;143.36000061035156;137.7133331298828;138.93666076660156;10785600;136.00868225097656
2023-04-24;138.68666076660156;139.47666931152344;131.52999877929688;137.3800048828125;11959500;134.48483276367188
2023-05-01;137.92999267578125;139.46665954589844;134.07666015625;138.3000030517578;10167000;135.3854522705078
2023-05-08;138.14666748046875;138.97999572753906;135.58999633789062;136.8800048828125;9718200;133.995361328125
2023-05-15;137.27000427246094;148.70333862304688;136.86666870117188;147.5800018310547;12139500;144.46986389160156
2023-05-22;146.25;164.06333923339844;142.1266632080078;163.22332763671875;29178600;159.7835235595703
2023-05-29;167.0;167.67333984375;158.23333740234375;161.25332641601562;23883900;157.85501098632812
2023-06-05;160.663330078125;164.80332946777344;157.39666748046875;162.2866668701172;15096900;159.08143615722656
2023-06-12;164.19000244140625;172.47999572753906;163.99000549316406;169.1666717529297;26820900;165.82554626464844
2023-06-19;168.38999938964844;169.8699951171875;160.836669921875;161.57333374023438;11866500;158.3822021484375
2023-06-26;162.7066650390625;169.76333618164062;162.0500030517578;169.086669921875;11403600;165.74713134765625
2023-07-03;169.8633270263672;171.0;162.63999938964844;164.7866668701172;8909700;161.5320587158203
2023-07-10;165.30332946777344;176.48333740234375;165.1366729736328;172.7100067138672;16389300;169.29888916015625
2023-07-17;172.77333068847656;177.75332641601562;167.93333435058594;170.22332763671875;15692400;166.86131286621094
2023-07-24;170.22000122070312;178.3000030517578;168.82333374023438;177.69667053222656;12680400;174.1870880126953
2023-07-31;178.34666442871094;178.9600067138672;169.02333068847656;171.00332641601562;16123800;167.62591552734375
2023-08-07;172.23333740234375;173.02333068847656;161.93666076660156;162.22999572753906;15972000;159.02590942382812
2023-08-14;161.60667419433594;166.9499969482422;157.30667114257812;160.22999572753906;13184100;157.06539916992188
2023-08-21;160.98666381835938;169.9566650390625;158.6666717529297;161.90333557128906;16125000;158.70567321777344
2023-08-28;163.49667358398438;171.75;162.28334045410156;170.6666717529297;11493300;167.2959442138672
2023-09-04;170.06333923339844;171.94667053222656;163.413330078125;164.64332580566406;9090600;161.3915557861328
2023-09-11;166.7100067138672;166.74000549316406;159.5833282470703;160.39666748046875;10994100;157.22879028320312
2023-09-18;159.1666717529297;161.53334045410156;154.0;155.35333251953125;10327500;152.28501892089844
2023-09-25;154.6266632080078;160.1666717529297;152.1566619873047;157.88333129882812;13140900;155.31625366210938
2023-10-02;158.22666931152344;160.8433380126953;154.3000030517578;160.06333923339844;14153700;157.46080017089844
2023-10-09;158.3866729736328;165.68666076660156;157.1699981689453;158.89666748046875;12525000;156.31309509277344
2023-10-16;159.43333435058594;161.7433319091797;152.15333557128906;152.42999267578125;14460000;149.95155334472656
2023-10-23;151.52667236328125;154.17333984375;145.8699951171875;148.11000061035156;15268800;145.70181274414062
2023-10-30;147.05332946777344;159.57000732421875;144.40333557128906;158.4199981689453;13250400;155.8441925048828
2023-11-06;158.67666625976562;165.43666076660156;156.6300048828125;164.92333984375;10142400;162.24176025390625
2023-11-13;163.6266632080078;172.20333862304688;162.25332641601562;171.8699951171875;13916700;169.07546997070312
2023-11-20;171.68333435058594;175.0;170.26333618164062;171.81333923339844;7061400;169.0197296142578
2023-11-27;171.17666625976562;175.00999450683594;169.0;172.02000427246094;11473800;169.22303771972656
2023-12-04;170.26666259765625;174.7133331298828;167.63999938964844;173.95333862304688;13186200;171.1249542236328
2023-12-11;175.5833282470703;191.91000366210938;175.39666748046875;189.77667236328125;19257000;186.69097900390625
2023-12-18;189.77333068847656;191.10000610351562;184.2566680908203;189.9633331298828;12490800;187.2430419921875
2023-12-25;190.8333282470703;194.6366729736328;190.8333282470703;192.03334045410156;6289200;189.28341674804688
2024-01-01;188.78334045410156;188.78334045410156;177.8800048828125;180.6133270263672;14952600;178.02691650390625
2024-01-08;181.85667419433594;187.9933319091797;181.80667114257812;185.79666137695312;14937300;183.13604736328125
2024-01-15;186.02667236328125;200.6699981689453;183.5366668701172;200.41000366210938;18001200;197.54013061523438
2024-01-22;202.07000732421875;209.26333618164062;198.56666564941406;199.2566680908203;24552300;196.4032745361328
2024-01-29;199.64999389648438;201.35333251953125;193.60667419433594;198.82333374023438;21365400;195.97616577148438
2024-02-05;200.52000427246094;210.14332580566406;196.95333862304688;209.80999755859375;19478100;206.80548095703125
2024-02-12;209.8333282470703;213.30667114257812;202.36666870117188;208.3733367919922;21036300;205.38937377929688
2024-02-19;206.4199981689453;216.66000366210938;201.47999572753906;212.1566619873047;21800700;209.1185760498047
2024-02-26;214.29666137695312;227.58999633789062;210.6366729736328;226.6133270263672;20749500;223.36819458007812
2024-03-04;229.1266632080078;240.00999450683594;221.89332580566406;228.1300048828125;35402700;224.86312866210938
2024-03-11;225.5;229.88999938964844;217.10000610351562;218.75999450683594;20130200;215.62733459472656
2024-03-18;222.5;229.27999877929688;212.64999389648438;225.4499969482422;16807300;222.4485626220703
2024-03-25;222.25;227.0;221.39999389648438;225.9199981689453;12653700;222.91232299804688
2024-04-01;226.05999755859375;231.4499969482422;218.55999755859375;221.6300048828125;13417300;218.67942810058594
2024-04-08;222.94000244140625;225.8699951171875;217.63999938964844;218.07000732421875;14313200;215.1668243408203
2024-04-15;221.0500030517578;221.86000061035156;197.42999267578125;198.38999938964844;22201000;195.74880981445312
2024-04-22;200.44000244140625;217.82000732421875;198.02000427246094;216.89999389648438;19932300;214.01239013671875
2024-04-29;216.52000427246094;220.0;205.58999633789062;216.1699981689453;21276600;213.29209899902344
2024-05-06;218.00999450683594;222.4199981689453;216.3699951171875;220.24000549316406;13466500;217.30792236328125
2024-05-13;221.1999969482422;232.44000244140625;220.32000732421875;228.24000549316406;11783300;225.20143127441406
2024-05-20;229.27000427246094;240.9199981689453;228.85000610351562;238.55999755859375;15377400;235.38401794433594
2024-05-27;241.35000610351562;243.6300048828125;227.5;234.00999450683594;9413100;230.89459228515625
2024-06-03;237.8000030517578;242.97000122070312;230.1999969482422;240.02000427246094;12126100;236.8245849609375
2024-06-10;238.16000366210938;254.0800018310547;237.8300018310547;252.0399932861328;12625000;249.0015869140625
2024-06-17;253.72999572753906;260.6499938964844;246.94000244140625;249.77999877929688;13207700;246.7688446044922
2024-06-24;247.52999877929688;251.4600067138672;241.7899932861328;246.6300048828125;14658800;243.6568145751953
2024-07-01;246.49000549316406;256.8299865722656;241.97000122070312;254.75999450683594;7163900;251.6887969970703
2024-07-08;256.7099914550781;267.239990234375;255.97000122070312;259.8900146484375;15365100;256.7569885253906
2024-07-15;261.3500061035156;263.6300048828125;236.0399932861328;236.44000244140625;25156400;233.58966064453125
2024-07-22;241.52000427246094;246.44000244140625;220.6300048828125;229.3699951171875;25342400;226.60488891601562
2024-07-29;231.60000610351562;235.60000610351562;204.2100067138672;206.80999755859375;40186100;204.31686401367188
2024-08-05;193.08999633789062;213.67999267578125;192.8699951171875;211.77999877929688;30839600;209.22694396972656
2024-08-12;212.10000610351562;232.6199951171875;210.3000030517578;231.22999572753906;20958700;228.44244384765625
2024-08-19;230.3300018310547;237.5;226.6199951171875;233.38999938964844;13040200;230.57643127441406
2024-08-26;232.47000122070312;233.2100067138672;223.6199951171875;231.13999938964844;14987200;228.3535614013672
2024-09-02;225.25;226.8300018310547;202.86000061035156;203.92999267578125;21234700;201.4715576171875
2024-09-09;207.24000549316406;223.4499969482422;204.55999755859375;222.85000610351562;22997700;220.1634979248047
2024-09-16;219.6699981689453;230.05999755859375;217.0399932861328;223.6699981689453;18621300;220.97360229492188
2024-09-23;224.75;238.3800048828125;222.9499969482422;232.67999267578125;16801100;230.43467712402344
2024-09-30;229.7899932861328;232.8800048828125;222.3300018310547;231.0800018310547;13177600;228.85015869140625
2024-10-07;229.60000610351562;236.19000244140625;228.77999877929688;235.4600067138672;12993700;233.18788146972656
2024-10-14;236.9600067138672;240.47000122070312;225.72000122070312;229.36000061035156;16391800;227.14674377441406
2024-10-21;228.44000244140625;233.07000732421875;222.8699951171875;229.5800018310547;11228200;227.36460876464844
2024-10-28;229.5;236.4600067138672;216.55999755859375;220.5800018310547;17218800;218.4514617919922
2024-11-04;219.92999267578125;233.41000366210938;218.5;231.36000061035156;12569200;229.12742614746094
2024-11-11;229.17999267578125;229.17999267578125;210.58999633789062;211.2100067138672;17839400;209.171875
2024-11-18;211.14999389648438;217.25999450683594;209.64999389648438;216.1699981689453;15698700;214.0840301513672
2024-11-25;218.97000122070312;220.58999633789062;208.88999938964844;215.39999389648438;11199200;213.32144165039062
2024-12-02;216.6999969482422;224.32000732421875;216.52000427246094;219.8300018310547;12548000;217.7086944580078
2024-12-09;218.5;224.66000366210938;212.19000244140625;223.3000030517578;13776100;221.1452178955078
2024-12-16;224.00999450683594;228.5800018310547;210.3000030517578;214.82000732421875;19534100;213.08245849609375
2024-12-23;216.47000122070312;224.9499969482422;216.47000122070312;221.63999938964844;7533100;219.84727478027344
2024-12-30;217.83999633789062;223.0399932861328;214.63999938964844;222.47000122070312;8953700;220.6705780029297
2025-01-06;227.25999450683594;231.88999938964844;216.77999877929688;218.1999969482422;15050700;216.4351043701172
2025-01-13;213.85000610351562;230.32000732421875;213.66000366210938;229.74000549316406;13518000;227.88177490234375
2025-01-20;231.80999755859375;238.33999633789062;229.7100067138672;230.63999938964844;11459600;228.7744903564453
2025-01-27;219.0;224.2899932861328;208.97999572753906;218.1300048828125;37014300;216.3656768798828
2025-02-03;212.38999938964844;222.0800018310547;210.9600067138672;216.8699951171875;15998700;215.11582946777344
2025-02-10;218.4499969482422;223.77000427246094;215.9499969482422;223.07000732421875;10378800;221.26573181152344
2025-02-17;224.6999969482422;233.44000244140625;223.1300048828125;223.97999572753906;11830000;222.16836547851562
2025-02-24;224.97000122070312;225.33999633789062;203.1199951171875;208.52000427246094;17520800;206.83340454101562
2025-03-03;211.50999450683594;211.64999389648438;196.47999572753906;203.85000610351562;22669800;202.20118713378906
2025-03-10;198.82000732421875;201.7100067138672;189.11000061035156;201.1199951171875;18531400;199.49325561523438
2025-03-17;200.30999755859375;206.42999267578125;196.3699951171875;199.3800048828125;12684000;198.0201416015625
2025-03-24;203.57000732421875;206.66000366210938;187.44000244140625;188.67999267578125;16629600;187.3931121826172
2025-03-31;184.6999969482422;192.02000427246094;154.61000061035156;157.6300048828125;33707600;156.5548858642578
2025-04-07;152.02999877929688;185.55999755859375;148.30999755859375;172.25999450683594;77639200;171.08511352539062
2025-04-14;177.5500030517578;177.5500030517578;161.8300018310547;166.5500030517578;23984500;165.41404724121094
2025-04-21;163.13999938964844;186.1199951171875;160.25999450683594;184.80999755859375;28187800;183.54949951171875
2025-04-28;183.88999938964844;191.8699951171875;176.77000427246094;190.02999877929688;18561900;188.73390197753906
2025-05-05;188.19000244140625;195.6300048828125;184.27000427246094;193.94000244140625;15435100;192.6172332763672
2025-05-12;206.8000030517578;216.6999969482422;204.99000549316406;213.1300048828125;27270400;211.6763458251953
2025-05-19;208.22000122070312;213.89999389648438;199.92999267578125;202.55999755859375;28235200;201.17843627929688
2025-05-26;206.9600067138672;213.1699981689453;201.1199951171875;204.94000244140625;32208200;203.54222106933594
2025-06-02;204.4199981689453;220.27999877929688;204.2899932861328;217.33999633789062;40803200;215.85763549804688
2025-06-09;219.3300018310547;229.8000030517578;219.1300048828125;220.9600067138672;41427600;219.45297241210938
2025-06-16;223.58999633789062;229.63999938964844;222.16000366210938;225.11000061035156;27922400;224.06443786621094
2025-06-23;225.02000427246094;241.22999572753906;221.86000061035156;238.86000061035156;28255700;237.7505645751953
2025-06-30;240.1699981689453;244.1999969482422;234.0800018310547;243.33999633789062;24866600;242.2097625732422
2025-07-07;241.2899932861328;247.52000427246094;237.75;246.1699981689453;24068800;245.026611328125
2025-07-14;244.14999389648438;249.9600067138672;239.22000122070312;246.72999572753906;28473200;245.58401489257812
2025-07-21;247.36000061035156;250.19000244140625;239.05999755859375;241.5399932861328;25174400;240.41812133789062
2025-07-28;244.2100067138672;249.52999877929688;232.3300018310547;237.24000549316406;35001500;236.13812255859375
2025-08-04;238.75999450683594;243.3699951171875;233.6699981689453;242.8699951171875;27680400;241.74192810058594
2025-08-11;243.77999877929688;255.05999755859375;241.9499969482422;248.32000732421875;32397600;247.16664123535156
2025-08-18;247.5399932861328;251.99000549316406;237.10000610351562;249.08999633789062;29018100;247.93307495117188
2025-08-25;248.85000610351562;254.32000732421875;244.1699981689453;245.32000732421875;25344400;244.1805877685547
2025-09-01;238.6699981689453;248.5;238.14999389648438;247.0500030517578;41080200;245.9025421142578
2025-09-08;248.41000366210938;256.510009765625;247.22999572753906;255.63999938964844;50424500;254.45262145996094
2025-09-15;255.1999969482422;268.9800109863281;254.52999877929688;265.8599853515625;39790100;265.181640625
2025-09-22;266.6499938964844;272.1300048828125;261.79998779296875;268.8299865722656;38017300;268.1440734863281
2025-09-29;271.7200012207031;284.3399963378906;267.760009765625;279.9599914550781;38265400;279.24566650390625
2025-10-06;290.989990234375;292.510009765625;271.4599914550781;271.989990234375;64823400;271.2960205078125
2025-10-13;282.7799987792969;292.260009765625;277.3599853515625;288.1700134277344;38446500;287.43475341796875
2025-10-20;290.6099853515625;298.2200012207031;278.4599914550781;295.8599853515625;27668800;295.1051330566406
2025-10-27;301.42999267578125;312.7900085449219;300.4100036621094;306.54998779296875;23619100;305.767822265625
2025-11-03;310.3999938964844;311.75;283.5899963378906;294.3800048828125;36335900;293.6288757324219
2025-11-10;302.44000244140625;303.3599853515625;279.4100036621094;288.5199890136719;34176300;287.7838439941406
2025-11-17;286.07000732421875;291.5299987792969;260.44000244140625;270.8299865722656;53154100;270.1389465332031
2025-11-24;273.7799987792969;296.989990234375;272.760009765625;296.739990234375;21223900;295.98284912109375
2025-12-01;292.8699951171875;312.8299865722656;292.5299987792969;309.3999938964844;21864800;308.6105651855469
2025-12-08;311.92999267578125;317.3500061035156;297.9599914550781;299.4800109863281;31808300;298.71588134765625
2025-12-15;302.6000061035156;303.5;284.42999267578125;299.80999755859375;33329600;299.4831848144531
2025-12-22;306.7300109863281;307.5400085449219;301.3699951171875;306.0400085449219;10311700;305.7063903808594
2025-12-29;303.3699951171875;315.80999755859375;301.1099853515625;313.69000244140625;18051000;313.3480529785156
2026-01-05;320.70001220703125;330.6700134277344;316.3999938964844;328.7799987792969;32763000;328.421630859375
2026-01-12;325.70001220703125;345.4100036621094;325.5299987792969;342.4700012207031;26123200;342.0967102050781
2026-01-19;336.20001220703125;354.6000061035156;335.9599914550781;344.7099914550781;22434700;344.3342590332031
2026-01-26;343.2900085449219;363.79998779296875;341.1300048828125;346.29998779296875;32281600;345.9224853515625
2026-02-02;342.3699951171875;357.1199951171875;323.3299865722656;348.510009765625;50863200;348.130126953125
2026-02-09;344.8399963378906;365.3800048828125;343.8800048828125;354.6600036621094;36291800;354.2734069824219
2026-02-16;349.80999755859375;361.6700134277344;345.32000732421875;359.42999267578125;21340100;359.0382080078125
2026-02-23;357.57000732421875;368.82000732421875;348.3399963378906;352.2900085449219;36665000;351.906005859375
2026-03-02;343.7900085449219;352.3299865722656;321.489990234375;323.510009765625;51853000;323.1573791503906
2026-03-09;318.30999755859375;345.55999755859375;316.2200012207031;331.32000732421875;37969600;330.9588623046875
2026-03-16;338.8900146484375;343.44000244140625;326.760009765625;332.510009765625;36587600;332.3522033691406
2026-03-23;340.1199951171875;347.67999267578125;322.1600036621094;323.4800109863281;35814700;323.32647705078125
2026-03-30;326.75;342.6499938964844;307.260009765625;339.6099853515625;43893100;339.44879150390625
2026-04-06;341.5199890136719;389.6000061035156;338.4700012207031;386.6000061035156;28633300;386.41650390625
2026-04-13;384.8800048828125;415.7300109863281;384.3699951171875;415.7099914550781;25279800;415.5126953125
2026-04-20;417.42999267578125;463.8699951171875;411.7900085449219;461.6000061035156;33612300;461.38092041015625
2026-04-27;461.75;466.9100036621094;431.739990234375;465.75;35238400;465.5289306640625
2026-05-04;467.92999267578125;520.4600219726562;457.80999755859375;520.2999877929688;39872900;520.0530395507812
2026-05-11;524.0800170898438;533.739990234375;495.7099914550781;508.5199890136719;44100200;508.27862548828125
2026-05-18;518.02001953125;541.8900146484375;477.95001220703125;537.3300170898438;46094600;537.0750122070312
2026-05-25;556.989990234375;584.5;551.8900146484375;569.0800170898438;34426400;568.8099365234375
2026-06-01;563.6699829101562;618.8400268554688;539.5700073242188;539.77001953125;56862200;539.5138549804688
2026-06-08;569.77001953125;602.6900024414062;522.239990234375;596.25;76286900;595.9669799804688
2026-06-15;622.6099853515625;644.4299926757812;590.6300048828125;639.4500122070312;37990100;639.4500122070312
2026-06-22;653.9600219726562;655.9500122070312;586.6599731445312;589.9400024414062;53456300;589.9400024414062
2026-06-29;593.7100219726562;644.9400024414062;554.9099731445312;566.3200073242188;47225000;566.3200073242188
2026-07-06;583.1500244140625;598.0;536.1199951171875;581.3400268554688;43787700;581.3400268554688
2026-07-13;563.5800170898438;580.6699829101562;498.5400085449219;521.8099975585938;51799000;521.8099975585938
2026-07-20;534.0;561.1799926757812;522.2100219726562;527.010009765625;40522700;527.010009765625
2026-07-27;532.6400146484375;534.3099975585938;464.0799865722656;504.8900146484375;77785700;504.8900146484375
2026-08-03;491.9200134277344;547.9000244140625;485.7099914550781;543.27001953125;43767200;543.27001953125
2026-08-10;545.8499755859375;562.25;529.3900146484375;550.4199829101562;33913700;550.4199829101562
2026-08-17;557.9199829101562;566.02001953125;514.489990234375;520.0499877929688;36677300;520.0499877929688
2026-08-24;511.9700012207031;527.780029296875;498.92999267578125;508.6199951171875;36111200;508.6199951171875
2026-08-31;509.82000732421875;514.3300170898438;493.30999755859375;501.44000244140625;20095100;501.44000244140625
2026-09-02;498.17999267578125;504.0199890136719;493.30999755859375;501.44000244140625;5723185;501.44000244140625
