datetime;open;high;low;close;volume;adjclose
1993-01-25;43.96875;43.96875;43.75;43.9375;1003200;24.11324691772461
1993-02-01;43.96875;45.09375;43.96875;44.96875;2234800;24.679218292236328
1993-02-08;44.96875;45.125;44.53125;44.59375;1159800;24.47341537475586
1993-02-15;44.46875;44.46875;42.8125;43.5625;998700;23.90745735168457
1993-02-22;43.6875;44.4375;43.46875;44.40625;1024300;24.370513916015625
1993-03-01;44.5625;45.1875;44.21875;44.75;658500;24.559165954589844
1993-03-08;44.84375;45.84375;44.8125;45.09375;1129000;24.74782371520996
1993-03-15;45.0625;45.5;44.96875;45.03125;489600;24.830236434936523
1993-03-22;44.59375;45.25;44.5625;44.90625;487400;24.761308670043945
1993-03-29;44.9375;45.46875;44.09375;44.09375;443600;24.313291549682617
1993-04-05;44.4375;44.53125;44.0625;44.28125;510700;24.416688919067383
1993-04-12;44.71875;45.15625;44.65625;44.9375;810700;24.778541564941406
1993-04-19;44.9375;45.0625;43.6875;43.75;708100;24.123760223388672
1993-04-26;43.78125;44.28125;43.28125;44.03125;478800;24.27883529663086
1993-05-03;44.09375;44.75;43.90625;44.34375;461300;24.451154708862305
1993-05-10;44.40625;44.6875;43.96875;44.0;380100;24.2615966796875
1993-05-17;44.125;45.25;43.84375;44.75;509000;24.675161361694336
1993-05-24;44.84375;45.65625;44.84375;45.21875;457600;24.933626174926758
1993-05-31;45.375;45.8125;45.09375;45.28125;102200;24.96808433532715
1993-06-07;45.375;45.375;44.71875;45.09375;934500;24.864696502685547
1993-06-14;45.15625;45.1875;44.5;44.5;633400;24.711217880249023
1993-06-21;44.625;44.90625;44.21875;44.78125;682900;24.867387771606445
1993-06-28;45.0;45.28125;44.53125;44.6875;1976100;24.81533432006836
1993-07-05;44.625;44.96875;44.15625;44.96875;1216500;24.971506118774414
1993-07-12;44.90625;45.1875;44.65625;44.75;2040800;24.850040435791016
1993-07-19;44.75;44.84375;44.46875;44.71875;1318000;24.83268165588379
1993-07-26;44.84375;45.21875;44.78125;44.84375;651200;24.9020938873291
1993-08-02;44.90625;45.1875;44.84375;44.96875;996000;24.971506118774414
1993-08-09;45.09375;45.34375;44.90625;45.125;2382500;25.058269500732422
1993-08-16;45.15625;45.875;45.15625;45.8125;1134600;25.440067291259766
1993-08-23;45.625;46.53125;45.625;46.25;677000;25.683000564575195
1993-08-30;46.28125;46.59375;46.25;46.375;1489400;25.752416610717773
1993-09-06;46.375;46.4375;45.59375;46.40625;812000;25.769752502441406
1993-09-13;46.5625;46.5625;45.75;45.8125;607600;25.59857177734375
1993-09-20;45.875;45.96875;44.8125;45.78125;957700;25.581100463867188
1993-09-27;46.125;46.3125;45.8125;46.15625;775900;25.79063606262207
1993-10-04;46.21875;46.375;45.71875;46.0625;1798000;25.73825454711914
1993-10-11;46.15625;47.15625;46.15625;47.0625;2243000;26.297019958496094
1993-10-18;47.03125;47.03125;46.375;46.375;2279800;25.912864685058594
1993-10-25;46.40625;46.96875;46.28125;46.84375;629400;26.174787521362305
1993-11-01;46.78125;47.0;45.53125;46.0625;1271200;25.73825454711914
1993-11-08;46.09375;46.75;45.96875;46.59375;858100;26.03510856628418
1993-11-15;46.6875;46.8125;46.21875;46.3125;1122300;25.87794303894043
1993-11-22;46.1875;46.59375;45.875;46.5;1352000;25.982711791992188
1993-11-29;46.625;46.71875;46.25;46.71875;1784700;26.10494041442871
1993-12-06;46.78125;46.9375;46.5;46.59375;1164400;26.03510856628418
1993-12-13;46.59375;46.90625;46.375;46.5625;580600;26.19573211669922
1993-12-20;46.53125;46.84375;46.40625;46.75;1218600;26.301227569580078
1993-12-27;46.75;47.15625;46.5625;46.59375;2127200;26.21333122253418
1994-01-03;46.59375;47.0625;46.40625;47.03125;2812600;26.459463119506836
1994-01-10;47.09375;47.59375;46.96875;47.40625;1428800;26.670425415039062
1994-01-17;47.40625;47.53125;47.25;47.375;751600;26.652843475341797
1994-01-24;47.34375;48.03125;47.09375;47.875;1530300;26.934141159057617
1994-01-31;48.0625;48.3125;46.96875;46.96875;2794300;26.424283981323242
1994-02-07;46.84375;47.4375;46.8125;47.15625;2252500;26.52978515625
1994-02-14;47.0625;47.6875;46.75;46.875;4060100;26.371540069580078
1994-02-21;47.0;47.4375;46.5625;46.8125;1848300;26.336393356323242
1994-02-28;46.9375;47.0625;45.90625;46.6875;2157100;26.26606559753418
1994-03-07;46.84375;47.0;46.40625;46.84375;4704200;26.35396385192871
1994-03-14;47.03125;47.3125;46.71875;46.96875;2048500;26.576717376708984
1994-03-21;46.8125;47.0625;45.9375;45.9375;2760400;25.993196487426758
1994-03-28;46.0;46.0625;43.53125;44.59375;3368300;25.232858657836914
1994-04-04;43.34375;45.125;43.34375;44.6875;5231300;25.285903930664062
1994-04-11;44.8125;45.0625;44.25;44.59375;2783800;25.232858657836914
1994-04-18;44.640625;45.046875;43.984375;44.859375;1851400;25.383153915405273
1994-04-25;44.84375;45.359375;44.8125;45.09375;1562500;25.51578140258789
1994-05-02;45.09375;45.71875;44.59375;44.75;1736400;25.321273803710938
1994-05-09;44.625;44.84375;44.171875;44.515625;1919800;25.188644409179688
1994-05-16;44.609375;45.859375;44.5;45.5625;2646800;25.7810115814209
1994-05-23;45.515625;45.9375;45.34375;45.875;2082100;25.957839965820312
1994-05-30;45.734375;46.390625;45.5625;46.234375;966000;26.161178588867188
1994-06-06;46.328125;46.46875;45.78125;46.109375;515400;26.090456008911133
1994-06-13;46.046875;46.5625;45.8125;45.875;861300;26.12946128845215
1994-06-20;45.546875;45.625;44.0;44.0625;1832800;25.097097396850586
1994-06-27;44.234375;45.015625;44.015625;44.5625;6744100;25.381879806518555
1994-07-04;44.65625;44.984375;44.46875;44.90625;501900;25.57769012451172
1994-07-11;44.9375;45.484375;44.515625;45.390625;1457300;25.85356330871582
1994-07-18;45.390625;45.578125;45.0625;45.34375;1105000;25.826858520507812
1994-07-25;45.359375;46.046875;45.171875;45.90625;1981000;26.147247314453125
1994-08-01;45.9375;46.375;45.65625;45.78125;1506000;26.07606315612793
1994-08-08;45.828125;46.34375;45.71875;46.328125;2335100;26.387550354003906
1994-08-15;46.375;46.734375;46.15625;46.421875;2272300;26.44095802307129
1994-08-22;46.4375;47.78125;46.28125;47.6875;1089900;27.161813735961914
1994-08-29;47.8125;47.984375;47.21875;47.296875;1136700;26.939321517944336
1994-09-05;47.265625;47.5625;46.8125;47.0;1030900;26.770233154296875
1994-09-12;47.0;47.640625;46.78125;47.015625;2293200;26.941987991333008
1994-09-19;47.125;47.328125;45.734375;45.90625;1363400;26.306276321411133
1994-09-26;46.078125;46.53125;45.984375;46.171875;1227600;26.458480834960938
1994-10-03;46.203125;46.296875;45.0;45.453125;1152600;26.046630859375
1994-10-10;45.65625;47.328125;45.640625;47.046875;2474700;26.959918975830078
1994-10-17;47.0;47.234375;46.359375;46.5625;929200;26.682350158691406
1994-10-24;46.578125;47.703125;46.0;47.65625;844800;27.309114456176758
1994-10-31;47.546875;47.59375;46.328125;46.328125;798500;26.54804229736328
1994-11-07;46.4375;47.328125;46.28125;46.40625;1216100;26.592823028564453
1994-11-14;46.609375;47.09375;46.265625;46.46875;979200;26.628618240356445
1994-11-21;46.4375;46.578125;44.609375;45.46875;1445600;26.055580139160156
1994-11-28;45.453125;45.953125;45.046875;45.5625;1161700;26.10930633544922
1994-12-05;45.65625;45.8125;44.6875;45.046875;1418400;25.81383514404297
1994-12-12;44.953125;46.03125;44.953125;45.75;821500;26.42578125
1994-12-19;45.75;46.265625;45.609375;46.0625;2688100;26.606273651123047
1994-12-26;46.21875;46.40625;45.5625;45.5625;2883000;26.31748390197754
1995-01-02;45.703125;46.25;45.6875;46.046875;1214300;26.59725570678711
1995-01-09;46.03125;46.734375;45.8125;46.734375;699900;26.994352340698242
1995-01-16;46.71875;47.078125;46.453125;46.546875;496900;26.886062622070312
1995-01-23;46.234375;47.234375;46.203125;47.109375;202800;27.210969924926758
1995-01-30;47.015625;48.109375;46.84375;48.03125;1071100;27.74345588684082
1995-02-06;48.015625;48.46875;47.96875;48.359375;2168800;27.932971954345703
1995-02-13;48.328125;48.765625;48.25;48.453125;829800;27.98712921142578
1995-02-20;48.453125;49.15625;48.421875;49.0;1264800;28.303016662597656
1995-02-27;48.859375;49.03125;48.484375;48.78125;1795600;28.176677703857422
1995-03-06;48.453125;49.390625;48.21875;49.265625;678100;28.456438064575195
1995-03-13;49.234375;49.8125;49.171875;49.5625;873400;28.782878875732422
1995-03-20;49.625;50.21875;49.328125;50.21875;625500;29.16398048400879
1995-03-27;50.296875;50.890625;49.546875;50.109375;1339800;29.100473403930664
1995-04-03;50.09375;50.859375;50.0625;50.703125;1081300;29.445280075073242
1995-04-10;50.625;51.09375;50.59375;51.078125;930000;29.663066864013672
1995-04-17;51.265625;51.3125;50.296875;50.890625;1084300;29.554180145263672
1995-04-24;50.859375;51.671875;50.859375;51.59375;1299600;29.962493896484375
1995-05-01;51.546875;52.6875;51.390625;52.1875;2098100;30.30733299255371
1995-05-08;52.140625;52.875;52.09375;52.75;1140300;30.63397979736328
1995-05-15;52.890625;53.15625;51.90625;52.09375;1499700;30.25286102294922
1995-05-22;52.265625;53.421875;52.234375;52.5625;1622100;30.525104522705078
1995-05-29;52.6875;53.921875;52.375;53.546875;1549000;31.09675407409668
1995-06-05;53.546875;54.046875;52.75;53.0625;910900;30.815475463867188
1995-06-12;53.234375;54.234375;53.203125;53.96875;1487500;31.525829315185547
1995-06-19;54.125;55.15625;54.09375;55.015625;1193000;32.137359619140625
1995-06-26;54.859375;54.953125;54.0625;54.40625;1276500;31.781373977661133
1995-07-03;54.46875;55.78125;54.46875;55.765625;1103000;32.57545852661133
1995-07-10;55.8125;56.3125;55.453125;56.046875;1783600;32.739768981933594
1995-07-17;56.125;56.421875;54.203125;55.40625;1292200;32.365516662597656
1995-07-24;55.484375;56.703125;55.484375;56.296875;986900;32.88579177856445
1995-07-31;56.34375;56.796875;55.453125;55.984375;2158000;32.703243255615234
1995-08-07;56.109375;56.3125;55.421875;55.65625;1790100;32.511558532714844
1995-08-14;55.796875;56.40625;55.65625;56.171875;1113300;32.812774658203125
1995-08-21;56.40625;56.640625;55.75;56.296875;1025800;32.88579177856445
1995-08-28;56.453125;56.75;55.765625;56.65625;2985300;33.09571838378906
1995-09-04;56.828125;57.546875;56.734375;57.546875;852800;33.6159782409668
1995-09-11;57.640625;58.8125;57.578125;58.4375;1528800;34.318424224853516
1995-09-18;58.234375;58.78125;57.78125;58.3125;2106300;34.245033264160156
1995-09-25;58.375;58.90625;57.59375;58.484375;2313800;34.34595489501953
1995-10-02;58.484375;58.625;57.953125;58.40625;1725700;34.30009460449219
1995-10-09;58.1875;58.859375;57.265625;58.625;1635000;34.428558349609375
1995-10-16;58.453125;59.1875;58.296875;58.828125;2066700;34.54782485961914
1995-10-23;58.546875;58.890625;57.28125;58.1875;2520500;34.17161178588867
1995-10-30;58.328125;59.25;58.234375;59.234375;2353600;34.78641128540039
1995-11-06;59.21875;59.609375;58.625;59.53125;2325900;34.96076583862305
1995-11-13;59.421875;60.203125;59.078125;60.1875;2589700;35.34616470336914
1995-11-20;60.28125;60.375;59.859375;60.328125;982000;35.42873001098633
1995-11-27;60.453125;61.203125;60.15625;60.984375;2052600;35.81412887573242
1995-12-04;61.125;62.53125;61.046875;62.15625;2058800;36.50233840942383
1995-12-11;62.28125;62.796875;61.59375;61.8125;1688300;36.524898529052734
1995-12-18;61.265625;61.515625;60.578125;61.203125;4425100;36.16481018066406
1995-12-25;61.453125;61.65625;61.25;61.484375;1179400;36.330997467041016
1996-01-01;61.40625;62.625;61.171875;61.59375;2556800;36.39561462402344
1996-01-08;61.8125;62.0625;59.640625;60.234375;2286700;35.592376708984375
1996-01-15;60.25;61.421875;59.859375;61.265625;1611800;36.20173645019531
1996-01-22;61.21875;62.265625;61.109375;62.234375;3181600;36.774173736572266
1996-01-29;62.1875;64.015625;62.140625;63.640625;1895000;37.60511779785156
1996-02-05;63.53125;66.375;63.4375;65.828125;3513200;38.897708892822266
1996-02-12;65.953125;66.6875;64.734375;64.9375;3599400;38.3714599609375
1996-02-19;64.4375;66.609375;63.875;65.9375;3078100;38.96234130859375
1996-02-26;65.75;65.890625;63.609375;64.890625;5242200;38.34375
1996-03-04;65.03125;65.96875;62.0;63.5;4503400;37.52201843261719
1996-03-11;63.25;64.8125;62.90625;64.125;5510800;38.05963134765625
1996-03-18;64.71875;65.9375;64.578125;65.15625;3515500;38.67169189453125
1996-03-25;65.75;65.8125;64.375;64.6875;4040400;38.39348602294922
1996-04-01;65.0;65.71875;64.796875;65.515625;2635100;38.8849983215332
1996-04-08;63.875;64.640625;62.125;63.71875;6024900;37.81850814819336
1996-04-15;64.046875;64.859375;63.84375;64.53125;3142900;38.300758361816406
1996-04-22;65.125;65.8125;64.59375;65.4375;2792100;38.838623046875
1996-04-29;65.15625;65.796875;63.75;64.3125;3595100;38.1709098815918
1996-05-06;64.5625;65.59375;63.078125;65.375;4442800;38.80153274536133
1996-05-13;65.53125;67.3125;65.46875;67.1875;2908000;39.877323150634766
1996-05-20;67.65625;68.4375;66.984375;68.171875;3986300;40.4615364074707
1996-05-27;68.375;68.375;66.75;66.875;2925300;39.69181823730469
1996-06-03;66.890625;68.5;66.1875;67.625;3504300;40.136966705322266
1996-06-10;67.53125;68.03125;66.71875;66.9375;5328300;39.728912353515625
1996-06-17;66.96875;67.21875;66.1875;66.8125;4178800;39.86485290527344
1996-06-24;66.96875;67.5;66.15625;67.109375;3860400;40.04197692871094
1996-07-01;67.28125;67.703125;65.375;65.578125;2011900;39.12833786010742
1996-07-08;65.625;65.984375;63.875;64.5625;5690000;38.52234649658203
1996-07-15;64.71875;64.71875;60.375;63.96875;10081300;38.16806411743164
1996-07-22;63.53125;63.9375;61.625;63.71875;7095100;38.01889419555664
1996-07-29;63.625;66.59375;62.9375;66.5625;6200300;39.7156867980957
1996-08-05;66.578125;66.765625;65.796875;66.21875;3841900;39.51058578491211
1996-08-12;66.25;66.875;66.0;66.84375;3210900;39.88348388671875
1996-08-19;66.859375;67.34375;66.375;66.859375;2690400;39.89280319213867
1996-08-26;66.703125;67.0;65.125;65.328125;3582800;38.97917938232422
1996-09-02;64.46875;66.75;64.375;65.9375;4133700;39.3427619934082
1996-09-09;66.1875;68.625;66.078125;68.5625;4824700;40.909000396728516
1996-09-16;68.65625;69.15625;68.21875;68.640625;3408800;41.166385650634766
1996-09-23;68.46875;69.25;68.15625;68.6875;4270700;41.19451141357422
1996-09-30;68.78125;70.34375;68.4375;70.34375;2844900;42.18783950805664
1996-10-07;70.3125;70.6875;69.375;70.3125;3043600;42.16907501220703
1996-10-14;70.3125;71.3125;69.9375;71.21875;3056900;42.71263122558594
1996-10-21;71.28125;71.625;70.125;70.3125;3411600;42.16907501220703
1996-10-28;70.375;71.15625;69.703125;70.59375;3834300;42.33776092529297
1996-11-04;70.6875;73.4375;70.53125;73.421875;6839400;44.03389358520508
1996-11-11;73.25;74.5;73.015625;74.03125;4667400;44.39936828613281
1996-11-18;74.171875;75.25;73.734375;75.171875;4895600;45.08341979980469
1996-11-25;75.25;76.6875;75.078125;76.015625;6866000;45.58946990966797
1996-12-02;75.921875;76.578125;72.65625;74.3125;10593000;44.56802749633789
1996-12-09;74.6875;75.671875;72.40625;73.3125;9262600;43.968299865722656
1996-12-16;73.5;75.71875;71.875;74.84375;9333600;45.10724639892578
1996-12-23;75.09375;76.03125;74.328125;75.875;3691400;45.728755950927734
1996-12-30;76.125;76.125;72.75;75.09375;6227300;45.25790023803711
1997-01-06;75.09375;76.25;74.125;76.125;7900500;45.87942123413086
1997-01-13;76.5;77.75;75.640625;77.5625;7972100;46.745792388916016
1997-01-20;77.75;79.6875;76.75;76.75;10654400;46.256099700927734
1997-01-27;76.875;79.40625;76.0;78.40625;12941600;47.25429916381836
1997-02-03;78.71875;79.46875;77.125;79.21875;8468600;47.74397659301758
1997-02-10;79.25;81.5625;78.125;81.1875;8227400;48.93051528930664
1997-02-17;81.34375;82.0;80.140625;80.375;4519500;48.440826416015625
1997-02-24;79.96875;81.53125;79.0625;79.15625;8813300;47.70632553100586
1997-03-03;78.75;81.15625;78.6875;80.84375;7331700;48.72330856323242
1997-03-10;80.9375;81.796875;79.0625;79.6875;6911900;48.02647399902344
1997-03-17;79.25;80.109375;77.875;78.4375;10494800;47.454158782958984
1997-03-24;78.5;79.96875;76.15625;77.0;8505200;46.58449172973633
1997-03-31;76.90625;77.125;74.15625;75.84375;16145200;45.88496780395508
1997-04-07;76.1875;77.046875;73.375;73.375;13090200;44.391361236572266
1997-04-14;73.734375;77.0;73.3125;76.5625;12110300;46.3198127746582
1997-04-21;76.75;78.28125;75.46875;76.53125;12368200;46.300899505615234
1997-04-28;76.5;81.671875;76.375;81.4375;11833900;49.26914978027344
1997-05-05;81.65625;83.5625;81.1875;82.625;13166400;49.98758316040039
1997-05-12;82.9375;84.59375;82.875;83.21875;9143300;50.346805572509766
1997-05-19;83.3125;85.21875;82.75;84.78125;5892200;51.29209899902344
1997-05-26;84.375;85.5625;83.125;85.15625;5673700;51.518959045410156
1997-06-02;85.34375;86.4375;84.078125;86.375;6796200;52.25629806518555
1997-06-09;86.4375;90.0;86.34375;89.71875;11120900;54.27928161621094
1997-06-16;89.75;90.5;88.9375;89.578125;8247200;54.40519332885742
1997-06-23;89.40625;90.25;87.34375;88.90625;18783300;53.997108459472656
1997-06-30;88.90625;92.15625;87.875;92.0625;8634800;55.914085388183594
1997-07-07;92.375;92.5;90.03125;91.78125;14276500;55.74323654174805
1997-07-14;91.890625;94.09375;91.0625;91.296875;14547500;55.449073791503906
1997-07-21;91.28125;94.8125;90.6875;94.03125;17775500;57.10978317260742
1997-07-28;94.25;96.03125;93.421875;94.9375;19588000;57.66020584106445
1997-08-04;94.78125;96.625;92.40625;93.375;17039400;56.711204528808594
1997-08-11;93.75;94.546875;89.625;89.78125;27840500;54.52859115600586
1997-08-18;90.375;94.3125;89.34375;92.5625;26486700;56.21773910522461
1997-08-25;92.78125;93.40625;89.71875;90.375;20602500;54.88920593261719
1997-09-01;90.6875;94.4375;90.59375;93.140625;16243500;56.56887435913086
1997-09-08;93.71875;94.28125;90.25;92.65625;20076300;56.27470779418945
1997-09-15;92.65625;96.375;92.1875;95.03125;17871300;57.928863525390625
1997-09-22;95.5;96.203125;93.625;94.46875;18248500;57.58598709106445
1997-09-29;94.5;97.75;94.15625;96.640625;18847500;58.909908294677734
1997-10-06;97.3125;98.5;96.21875;96.875;15010000;59.05278396606445
1997-10-13;97.34375;97.546875;93.0;94.28125;24237100;57.4716682434082
1997-10-20;94.84375;97.5;93.671875;94.0;28179800;57.30022430419922
1997-10-27;93.015625;93.9375;84.375;92.0625;57368700;56.119171142578125
1997-11-03;93.1875;95.28125;91.4375;92.9375;28065700;56.652591705322266
1997-11-10;93.625;93.84375;90.09375;93.0625;28753100;56.728763580322266
1997-11-17;94.375;96.8125;92.75;96.75;23230600;58.97662353515625
1997-11-24;96.0;96.34375;94.625;95.625;13108000;58.29079818725586
1997-12-01;96.21875;99.0;96.03125;98.9375;16459600;60.31000900268555
1997-12-08;98.96875;99.0;94.90625;95.75;17101800;58.367000579833984
1997-12-15;96.25;97.875;92.375;94.78125;23011100;58.006343841552734
1997-12-22;95.4375;95.90625;93.25;93.78125;12534300;57.39437484741211
1997-12-29;94.59375;97.65625;94.4375;97.5625;12416400;59.70852279663086
1998-01-05;97.84375;98.4375;91.90625;92.3125;25860700;56.4954719543457
1998-01-12;91.125;96.6875;90.90625;96.3125;28343400;58.943450927734375
1998-01-19;96.6875;98.015625;95.0;95.9375;20684800;58.71398162841797
1998-01-26;96.375;99.5625;95.40625;98.3125;27332500;60.16751480102539
1998-02-02;99.90625;101.625;99.71875;101.625;22667300;62.19477081298828
1998-02-09;101.71875;102.9375;100.71875;102.0;17181800;62.42426300048828
1998-02-16;102.8125;103.71875;102.15625;103.65625;13157700;63.437904357910156
1998-02-23;104.25;105.53125;102.9375;105.125;16726900;64.33678436279297
1998-03-02;105.25;105.9375;103.15625;105.9375;26169900;64.83404541015625
1998-03-09;105.53125;108.0;105.25;107.09375;18355000;65.54167938232422
1998-03-16;107.84375;110.1875;107.53125;109.875;15427700;67.43700408935547
1998-03-23;109.71875;111.53125;109.0;109.625;18329100;67.28355407714844
1998-03-30;109.625;112.8125;108.96875;112.59375;19672700;69.10566711425781
1998-04-06;113.25;113.375;109.75;111.1875;19470200;68.2425308227539
1998-04-13;111.375;112.4375;110.0;112.28125;24363200;68.91383361816406
1998-04-20;112.0;113.4375;110.34375;110.8125;26749300;68.01238250732422
1998-04-27;109.375;112.59375;107.625;112.59375;41418000;69.10566711425781
1998-05-04;112.71875;113.3125;109.34375;111.125;30101100;68.20418548583984
1998-05-11;111.5625;112.6875;110.34375;111.03125;27726600;68.14665985107422
1998-05-18;110.71875;112.78125;109.828125;111.25;27646200;68.28094482421875
1998-05-25;112.09375;112.09375;107.578125;109.03125;26782100;66.91918182373047
1998-06-01;108.96875;112.0;107.875;112.0;34267900;68.74125671386719
1998-06-08;111.9375;113.0625;108.25;110.4375;30907700;67.78225708007812
1998-06-15;108.8125;111.78125;107.5;110.0625;37157100;67.76702117919922
1998-06-22;110.25;114.4375;110.0625;113.6875;29422700;69.99897766113281
1998-06-29;114.25;114.9375;113.0625;114.84375;17231600;70.71092987060547
1998-07-06;114.78125;116.9375;114.5625;116.46875;29732300;71.71148681640625
1998-07-13;116.5625;119.0;116.0625;118.5625;28371300;73.00057983398438
1998-07-20;118.75;119.234375;112.875;114.09375;44925700;70.24913024902344
1998-07-27;113.625;115.0;111.3125;111.78125;45257500;68.82530975341797
1998-08-03;111.78125;112.421875;105.59375;109.125;72464700;67.1898193359375
1998-08-10;108.75;109.65625;105.5;106.125;49420900;65.34266662597656
1998-08-17;106.0;111.09375;105.5;108.5625;49240700;66.84347534179688
1998-08-24;109.25;111.25;102.15625;103.375;74853400;63.64946746826172
1998-08-31;103.75;104.015625;93.625;97.75;96249900;60.18606185913086
1998-09-07;100.875;103.125;96.8125;101.6875;67125300;62.610435485839844
1998-09-14;102.875;105.25;101.09375;102.09375;50014000;63.08259963989258
1998-09-21;99.625;107.0;98.9375;104.25;51170100;64.41493225097656
1998-09-28;105.3125;106.3125;97.21875;100.71875;55061700;62.23299789428711
1998-10-05;99.59375;101.28125;92.21875;98.53125;73110200;60.881317138671875
1998-10-12;100.625;107.25;98.75;106.0;61057200;65.4961929321289
1998-10-19;105.6875;108.796875;105.5;106.84375;46220600;66.01757049560547
1998-10-26;107.71875;110.90625;106.03125;110.0;41077300;67.9677963256836
1998-11-02;110.8125;114.5625;110.1875;114.125;33667300;70.51655578613281
1998-11-09;113.9375;114.25;111.6875;113.21875;42108300;69.95661926269531
1998-11-16;114.21875;116.75;112.890625;116.625;30461600;72.061279296875
1998-11-23;117.46875;119.71875;117.15625;119.5;21426400;73.83773040771484
1998-11-30;119.015625;119.375;115.09375;118.375;47636300;73.14258575439453
1998-12-07;118.0625;119.75;115.5625;117.125;33885300;72.3702163696289
1998-12-14;116.15625;119.125;113.75;118.5;38130000;73.46306610107422
1998-12-21;119.25;123.25;119.0;122.6875;23339900;76.05908966064453
1998-12-28;123.25;124.75;122.0;123.3125;21740600;76.446533203125
1999-01-04;123.375;128.5;121.71875;127.75;36948400;79.19751739501953
1999-01-11;127.6875;127.6875;120.375;124.375;45376100;77.10526275634766
1999-01-18;125.296875;127.9375;121.78125;122.5625;27529300;75.98159790039062
1999-01-25;123.28125;128.296875;121.90625;127.65625;31565200;79.139404296875
1999-02-01;128.6875;128.6875;123.21875;124.0625;44189200;76.91151428222656
1999-02-08;125.09375;126.09375;121.328125;123.625;44309200;76.64026641845703
1999-02-15;124.75;125.75;122.21875;124.25;29134700;77.02774047851562
1999-02-22;124.4375;128.84375;122.6875;123.5625;46991800;76.60151672363281
1999-03-01;123.65625;128.125;121.78125;127.546875;44099600;79.07160949707031
1999-03-08;128.28125;131.1875;127.25;129.375;28515800;80.20494842529297
1999-03-15;129.9375;132.625;129.5;129.6875;23499000;80.59366607666016
1999-03-22;130.0625;130.59375;125.625;128.5625;33397800;79.89453125
1999-03-29;129.15625;131.609375;128.125;129.34375;26362500;80.38008117675781
1999-04-05;130.9375;135.5;130.25;134.875;27695900;83.81745147705078
1999-04-12;133.46875;136.46875;131.0;131.53125;47462500;81.739501953125
1999-04-19;132.6875;136.75;128.375;135.8125;38799500;84.4000244140625
1999-04-26;136.5;137.5;131.5;133.25;35114200;82.80757141113281
1999-05-03;133.4375;135.84375;131.84375;135.0;53439200;83.8951416015625
1999-05-10;134.84375;138.0;131.5;133.78125;39302300;83.13772583007812
1999-05-17;133.625;135.59375;132.375;133.34375;30627700;82.8658447265625
1999-05-24;133.84375;133.84375;128.0;130.203125;59197700;80.91411590576172
1999-05-31;130.125;133.359375;128.015625;133.21875;29551000;82.78813934326172
1999-06-07;133.4375;134.1875;129.09375;129.8125;37470000;80.67134094238281
1999-06-14;130.6875;135.5625;129.546875;134.3125;31428100;83.71984100341797
1999-06-21;134.46875;135.25;130.65625;131.703125;33401900;82.09335327148438
1999-06-28;132.6875;139.5;132.5;139.40625;42553500;86.89488220214844
1999-07-05;139.25;140.75;138.515625;140.5;24530100;87.5766372680664
1999-07-12;140.9375;142.15625;138.65625;141.8125;20926500;88.39474487304688
1999-07-19;142.1875;142.25;135.125;135.75;28547900;84.61587524414062
1999-07-26;134.875;137.3125;132.5625;132.75;27952300;82.74594116210938
1999-08-02;132.75;134.75;128.84375;130.375;35868500;81.26551818847656
1999-08-09;130.59375;133.25;127.0;133.15625;36257100;82.99915313720703
1999-08-16;133.125;134.84375;131.6875;133.90625;23202300;83.46661376953125
1999-08-23;134.8125;138.78125;134.65625;135.0625;31492300;84.18736267089844
1999-08-30;135.34375;136.5;130.65625;135.96875;43026700;84.75222778320312
1999-09-06;136.0625;136.625;133.6875;135.875;19832700;84.69377899169922
1999-09-13;135.125;135.46875;130.3125;133.75;36960900;83.60401916503906
1999-09-20;133.9375;134.0;126.3125;127.75;51145200;79.85356903076172
1999-09-27;128.75;129.75;125.5625;128.46875;44240000;80.30281829833984
1999-10-04;129.1875;133.875;128.6875;133.875;44835700;83.68215942382812
1999-10-11;133.59375;134.125;124.5;124.875;48238300;78.05644989013672
1999-10-18;124.9375;131.21875;123.4375;130.09375;51326100;81.31856536865234
1999-10-25;129.3125;137.6875;127.8125;137.0;41302200;85.63553619384766
1999-11-01;136.5;139.109375;134.59375;137.875;33084700;86.18244934082031
1999-11-08;137.0;139.984375;136.078125;139.75;32185500;87.3544921875
1999-11-15;139.84375;143.0;139.40625;142.5;28514400;89.07344055175781
1999-11-22;142.4375;143.0;140.0;141.4375;16227000;88.40928649902344
1999-11-29;140.875;145.34375;139.0;143.84375;38754500;89.91339111328125
1999-12-06;143.53125;143.71875;139.375;141.875;30066500;88.68278503417969
1999-12-13;141.4375;143.3125;140.03125;142.6875;27459200;89.40957641601562
1999-12-20;142.5625;146.484375;141.09375;146.484375;23689200;91.78871154785156
1999-12-27;146.5;147.5625;145.0625;146.875;16590500;92.03352355957031
2000-01-03;148.25;148.25;137.25;145.75;42725700;91.3285903930664
2000-01-10;146.25;147.46875;142.875;146.96875;32748700;92.09225463867188
2000-01-17;145.34375;147.0;143.8125;144.4375;24691300;90.50611114501953
2000-01-24;145.65625;145.84375;135.53125;135.875;45836400;85.14077758789062
2000-01-31;135.8125;144.0;135.0;142.59375;38317400;89.350830078125
2000-02-07;142.5625;144.5625;138.03125;138.6875;35834100;86.9030990600586
2000-02-14;139.78125;141.21875;134.625;135.3125;45445900;84.788330078125
2000-02-21;135.1875;137.46875;133.09375;133.328125;56469300;83.54490661621094
2000-02-28;133.375;141.71875;132.71875;141.125;48878800;88.43049621582031
2000-03-06;140.8125;142.0;135.03125;140.125;57263100;87.80388641357422
2000-03-13;136.6875;148.0;135.6875;146.9375;64979500;92.30667114257812
2000-03-20;146.875;155.75;144.5;153.5625;57492300;96.46851348876953
2000-03-27;153.375;153.78125;147.125;150.375;40621500;94.46613311767578
2000-04-03;150.125;153.0;141.390625;151.4375;48883000;95.13359832763672
2000-04-10;151.75;153.109375;133.5;136.0;71239600;85.43569946289062
2000-04-17;135.1875;145.125;134.6875;143.8125;50078700;90.34352111816406
2000-04-24;141.5;148.75;140.5;145.09375;59044900;91.14840698242188
2000-05-01;146.5625;148.484375;139.78125;143.53125;43196900;90.16685485839844
2000-05-08;142.75;143.46875;137.75;142.8125;34030200;89.71534729003906
2000-05-15;142.75;147.71875;140.40625;141.125;29384700;88.65523529052734
2000-05-22;141.25;141.8125;136.5;138.0;42993000;86.69207000732422
2000-05-29;140.0;149.09375;139.46875;147.84375;29343000;92.8759994506836
2000-06-05;147.46875;148.21875;145.625;146.59375;25584900;92.09077453613281
2000-06-12;146.96875;148.875;144.625;146.59375;28107200;92.30758666992188
2000-06-19;146.46875;149.15625;143.875;144.375;27055700;90.91043090820312
2000-06-26;145.375;146.984375;143.515625;145.28125;28474400;91.48109436035156
2000-07-03;145.4375;148.78125;144.21875;148.09375;13182800;93.2520980834961
2000-07-10;147.875;151.25;147.15625;151.25;24828600;95.23953247070312
2000-07-17;150.984375;151.984375;147.6875;147.6875;27173000;92.99629974365234
2000-07-24;148.125;148.859375;141.515625;142.09375;36330200;89.47396087646484
2000-07-31;142.9375;146.71875;142.0625;146.375;24945600;92.16980743408203
2000-08-07;146.71875;149.21875;145.5625;147.40625;22485100;92.8192138671875
2000-08-14;147.78125;150.4375;147.0625;149.6875;24001500;94.25566101074219
2000-08-21;150.03125;151.625;149.28125;151.25;18290300;95.23953247070312
2000-08-28;151.25;153.59375;150.34375;152.5;21099700;96.02657318115234
2000-09-04;151.875;152.203125;149.328125;149.8125;15576700;94.33434295654297
2000-09-11;149.75;151.1875;146.0;146.0;23881000;92.16463470458984
2000-09-18;146.375;146.96875;142.421875;145.28125;31969200;91.71096801757812
2000-09-25;145.9375;146.328125;142.125;143.625;38584900;90.66534423828125
2000-10-02;144.28125;145.75;139.75;141.0625;35595700;89.04779052734375
2000-10-09;141.3125;141.3125;132.78125;137.5625;45074400;86.83836364746094
2000-10-16;137.40625;141.1875;130.15625;139.90625;40528800;88.31784057617188
2000-10-23;139.9375;141.9375;134.03125;139.28125;39287000;87.92334747314453
2000-10-30;138.4375;143.90625;138.15625;142.78125;41242300;90.13273620605469
2000-11-06;143.15625;144.296875;136.53125;136.625;34601900;86.24652862548828
2000-11-13;135.625;140.109375;133.015625;136.640625;47027100;86.25639343261719
2000-11-20;135.75;136.375;132.125;134.84375;22291300;85.1220703125
2000-11-27;136.46875;136.6875;129.75;132.21875;37031000;83.46500396728516
2000-12-04;131.875;139.46875;131.5;133.96875;45573400;84.56975555419922
2000-12-11;137.375;139.5625;130.5625;130.96875;34242700;82.92952728271484
2000-12-18;132.0625;134.96875;125.53125;130.9375;51360700;82.90975189208984
2000-12-25;130.84375;134.28125;130.28125;131.1875;26652700;83.0680923461914
2001-01-01;132.0;136.0;127.5625;129.1875;50299500;81.80168151855469
2001-01-08;129.875;133.71875;127.6875;132.0;35562900;83.58256530761719
2001-01-15;132.0;136.1875;131.515625;134.015625;32283100;84.8588638305664
2001-01-22;134.25;137.3125;133.5625;135.875;39669000;86.03619384765625
2001-01-29;135.5;138.6999969482422;134.75;134.8000030517578;39997600;85.35547637939453
2001-02-05;134.8000030517578;136.6999969482422;131.25999450683594;131.83999633789062;33064600;83.4812240600586
2001-02-12;131.6999969482422;134.1699981689453;129.3000030517578;130.39999389648438;33156800;82.56940460205078
2001-02-19;131.0399932861328;131.13999938964844;121.80000305175781;124.95999908447266;58125400;79.12477111816406
2001-02-26;125.80000305175781;127.83999633789062;121.75;123.61000061035156;64980800;78.26998138427734
2001-03-05;124.1500015258789;127.75;123.11000061035156;123.36000061035156;34657200;78.11166381835938
2001-03-12;122.33999633789062;122.5;114.80999755859375;115.01000213623047;115629200;73.0205078125
2001-03-19;115.76000213623047;118.45999908447266;108.04000091552734;114.4800033569336;85642800;72.68399047851562
2001-03-26;115.69999694824219;118.6500015258789;112.13999938964844;116.69000244140625;55021700;74.087158203125
2001-04-02;116.30000305175781;117.37999725341797;109.30000305175781;113.30000305175781;74741900;71.9348373413086
2001-04-09;114.0;118.98999786376953;112.77999877929688;118.8499984741211;48863400;75.45856475830078
2001-04-16;118.29000091552734;126.0;116.91000366210938;124.5;72192900;79.04578399658203
2001-04-23;123.6500015258789;125.83999633789062;120.94999694824219;125.77999877929688;45274600;79.85845947265625
2001-04-30;126.44999694824219;127.69000244140625;123.44000244140625;127.33999633789062;52989300;80.8488998413086
2001-05-07;126.86000061035156;127.5;124.4000015258789;125.1500015258789;38252000;79.45845794677734
2001-05-14;124.9000015258789;130.0800018310547;124.45999908447266;129.74000549316406;51112900;82.37269592285156
2001-05-21;129.83999633789062;132.08999633789062;127.9000015258789;128.10000610351562;47532800;81.3314437866211
2001-05-28;128.22000122070312;128.35000610351562;125.0;126.7300033569336;37768200;80.46160888671875
2001-06-04;126.80000305175781;129.22999572753906;126.08000183105469;127.0;42329700;80.63304138183594
2001-06-11;126.70999908447266;126.98999786376953;120.4000015258789;121.8499984741211;53430100;77.58330535888672
2001-06-18;121.6500015258789;124.30999755859375;120.88999938964844;122.8499984741211;52358900;78.22000122070312
2001-06-25;123.27999877929688;124.01000213623047;120.56999969482422;122.5999984741211;46611200;78.06085205078125
2001-07-02;122.80000305175781;124.31999969482422;119.05000305175781;119.05000305175781;29009100;75.80050659179688
2001-07-09;119.48999786376953;122.31999969482422;117.08999633789062;122.23999786376953;54735200;77.83161163330078
2001-07-16;121.7699966430664;122.9800033569336;119.83000183105469;121.33999633789062;38883100;77.25857543945312
2001-07-23;121.80000305175781;121.87999725341797;116.75;120.80999755859375;53799700;76.92111206054688
2001-07-30;121.19000244140625;123.25;120.30000305175781;121.94000244140625;54293000;77.64063262939453
2001-08-06;121.3499984741211;121.51000213623047;117.33999633789062;119.29000091552734;57890800;75.95333862304688
2001-08-13;119.5999984741211;120.3499984741211;116.01000213623047;116.75;51469600;74.33604431152344
2001-08-20;116.80000305175781;119.12999725341797;115.77999877929688;119.0199966430664;57082300;75.78141021728516
2001-08-27;118.97000122070312;119.19999694824219;112.04000091552734;114.1500015258789;69329700;72.68061828613281
2001-09-03;113.8499984741211;116.16999816894531;108.62999725341797;108.72000122070312;100737400;69.22330474853516
2001-09-10;107.69999694824219;110.3499984741211;107.69999694824219;110.05000305175781;23408700;70.07009887695312
2001-09-17;101.0;106.4000015258789;93.80000305175781;97.27999877929688;183182700;62.17171859741211
2001-09-24;99.72000122070312;109.62000274658203;99.05999755859375;104.44000244140625;111827300;66.74767303466797
2001-10-01;103.9000015258789;108.97000122070312;102.83000183105469;107.2300033569336;134806500;68.53074645996094
2001-10-08;106.2699966430664;110.30000305175781;105.5199966430664;109.5;103300800;69.9815673828125
2001-10-15;108.62999725341797;111.1500015258789;106.01000213623047;107.3499984741211;99714900;68.60746765136719
2001-10-22;107.30000305175781;111.79000091552734;106.73999786376953;110.31999969482422;101759500;70.505615234375
2001-10-29;110.16000366210938;110.55000305175781;105.55999755859375;109.25;120413000;69.82173919677734
2001-11-05;110.12000274658203;114.08000183105469;109.8499984741211;112.72000122070312;97350600;72.03944396972656
2001-11-12;111.0;115.4000015258789;110.0;114.36000061035156;96541400;73.0875473022461
2001-11-19;114.91999816894531;115.8499984741211;113.51000213623047;115.68000030517578;48022400;73.93115997314453
2001-11-26;115.75;116.9000015258789;113.0;114.05000305175781;83217900;72.8894271850586
2001-12-03;113.6500015258789;118.0;113.01000213623047;116.55999755859375;94495000;74.49358367919922
2001-12-10;115.8499984741211;116.38999938964844;112.0;113.12999725341797;86616100;72.30146026611328
2001-12-17;112.98999786376953;115.91999816894531;112.9000015258789;114.94999694824219;76638600;73.71735382080078
2001-12-24;114.83000183105469;116.75;114.61000061035156;116.0;36034700;74.39065551757812
2001-12-31;116.1500015258789;117.9800033569336;113.80999755859375;117.62000274658203;69155100;75.42955780029297
2002-01-07;117.69999694824219;117.98999786376953;114.69999694824219;114.94000244140625;68932300;73.71092224121094
2002-01-14;114.6500015258789;115.38999938964844;112.66999816894531;113.1500015258789;83899400;72.56295776367188
2002-01-21;113.75;114.25;112.0199966430664;113.55000305175781;49081700;72.81954193115234
2002-01-28;113.9000015258789;114.19000244140625;108.4000015258789;112.6500015258789;108769500;72.24231719970703
2002-02-04;112.2300033569336;112.2300033569336;108.0;110.08999633789062;130066600;70.60060119628906
2002-02-11;110.05000305175781;112.97000122070312;109.81999969482422;110.88999938964844;88336600;71.1136245727539
2002-02-18;110.1500015258789;110.62999725341797;107.81999969482422;109.63999938964844;98092400;70.31201171875
2002-02-25;109.73999786376953;113.8499984741211;109.69999694824219;113.73999786376953;118432100;72.94136047363281
2002-03-04;113.9000015258789;117.9000015258789;113.6500015258789;116.98999786376953;109307600;75.02557373046875
2002-03-11;116.88999938964844;117.9000015258789;115.62999725341797;116.6500015258789;82338900;75.02182006835938
2002-03-18;117.0999984741211;117.73999786376953;114.12000274658203;115.04000091552734;93657600;73.98637390136719
2002-03-25;115.08999633789062;115.7699966430664;113.30000305175781;114.5199966430664;74000400;73.65191650390625
2002-04-01;114.2300033569336;115.0999984741211;112.16000366210938;112.69000244140625;101992900;72.47499084472656
2002-04-08;111.31999969482422;113.54000091552734;110.04000091552734;111.41999816894531;89196400;71.65819549560547
2002-04-15;111.62000274658203;113.66999816894531;110.19999694824219;112.87999725341797;81059900;72.5971908569336
2002-04-22;112.37999725341797;112.43000030517578;107.29000091552734;107.38999938964844;95013900;69.06635284423828
2002-04-29;107.93000030517578;109.91000366210938;106.62999725341797;107.58000183105469;95625800;69.1885757446289
2002-05-06;107.63999938964844;109.36000061035156;104.9000015258789;105.72000122070312;110502300;67.99234008789062
2002-05-13;106.22000122070312;111.25;105.79000091552734;110.9000015258789;134329900;71.32373809814453
2002-05-20;110.63999938964844;110.69000244140625;108.0;108.69000244140625;72312000;69.90245056152344
2002-05-27;109.05000305175781;109.12999725341797;105.9000015258789;107.22000122070312;77054400;68.95703887939453
2002-06-03;107.08999633789062;107.5999984741211;101.72000122070312;103.33999633789062;118618500;66.4616470336914
2002-06-10;103.23999786376953;104.54000091552734;98.5;101.4000015258789;130328000;65.21399688720703
2002-06-17;101.91999816894531;105.02999877929688;98.68000030517578;99.27999877929688;117698100;64.07402038574219
2002-06-24;98.61000061035156;100.88999938964844;95.19000244140625;98.95999908447266;168238900;63.867496490478516
2002-07-01;99.18000030517578;99.80000305175781;93.72000122070312;99.30999755859375;104063400;64.09339141845703
2002-07-08;98.9800033569336;99.69999694824219;90.31999969482422;91.8499984741211;196756600;59.2787971496582
2002-07-15;91.63999938964844;93.30000305175781;84.30000305175781;84.70999908447266;289709500;54.670753479003906
2002-07-22;84.0999984741211;85.93000030517578;77.68000030517578;85.5999984741211;388024300;55.24513626098633
2002-07-29;87.5;91.55000305175781;85.62000274658203;86.79000091552734;264039800;56.01314163208008
2002-08-05;86.48999786376953;91.94000244140625;83.55000305175781;91.29000091552734;245429700;58.91740798950195
2002-08-12;89.98999786376953;94.08000183105469;88.0199966430664;93.22000122070312;215024600;60.162960052490234
2002-08-19;93.45999908447266;97.1500015258789;93.0999984741211;94.5999984741211;175923300;61.053619384765625
2002-08-26;94.91000366210938;96.25;90.80999755859375;91.77999877929688;181468800;59.23359680175781
2002-09-02;90.7300033569336;91.0;87.5;90.0;233559000;58.08482360839844
2002-09-09;89.0999984741211;93.33000183105469;88.25;89.66999816894531;187858900;57.87183380126953
2002-09-16;89.30999755859375;91.19000244140625;84.05000305175781;84.3499984741211;225332800;54.68241500854492
2002-09-23;83.6500015258789;85.97000122070312;81.8499984741211;82.75;293981500;53.645179748535156
2002-09-30;82.0;85.7699966430664;79.58000183105469;80.80000305175781;321074300;52.38104248046875
2002-10-07;80.05999755859375;84.7300033569336;77.06999969482422;84.16000366210938;371732700;54.55925369262695
2002-10-14;83.19999694824219;89.30000305175781;83.04000091552734;88.63999938964844;301912800;57.46354675292969
2002-10-21;88.12000274658203;90.9000015258789;87.56999969482422;90.19999694824219;240391200;58.47487258911133
2002-10-28;91.1500015258789;91.29000091552734;87.0;90.2699966430664;234112400;58.52024459838867
2002-11-04;91.80000305175781;93.06999969482422;89.5199966430664;89.6500015258789;240841900;58.118316650390625
2002-11-11;89.51000213623047;91.55000305175781;87.44999694824219;91.4000015258789;206170000;59.252803802490234
2002-11-18;92.1500015258789;94.2699966430664;89.76000213623047;93.41999816894531;186071800;60.562339782714844
2002-11-25;93.43000030517578;94.94999694824219;91.62000274658203;93.9800033569336;133280800;60.925350189208984
2002-12-02;95.47000122070312;96.05000305175781;89.9800033569336;92.02999877929688;234909400;59.66120910644531
2002-12-09;91.06999969482422;91.62000274658203;89.2699966430664;89.33999633789062;180638300;57.91733932495117
2002-12-16;89.81999969482422;91.79000091552734;88.5999984741211;89.98999786376953;175506000;58.62542724609375
2002-12-23;89.58999633789062;90.61000061035156;87.37999725341797;87.37999725341797;73227600;56.92506408691406
2002-12-30;87.79000091552734;91.37999725341797;87.11000061035156;91.3499984741211;140743500;59.51142883300781
2003-01-06;91.23999786376953;93.63999938964844;91.05000305175781;93.05999755859375;190900900;60.62541198730469
2003-01-13;93.54000091552734;93.86000061035156;90.1500015258789;90.66000366210938;176325100;59.06192398071289
2003-01-20;90.87000274658203;90.91999816894531;86.16999816894531;86.37999725341797;203666400;56.27362060546875
2003-01-27;85.7300033569336;87.18000030517578;84.1500015258789;86.05999755859375;263688600;56.06515121459961
2003-02-03;86.13999938964844;86.80999755859375;82.97000122070312;83.41999816894531;235403000;54.34528732299805
2003-02-10;83.45999908447266;84.87999725341797;81.0;84.1500015258789;245705500;54.82085037231445
2003-02-17;84.52999877929688;85.80000305175781;83.45999908447266;85.18000030517578;161160600;55.49188995361328
2003-02-24;84.93000030517578;85.2300033569336;82.22000122070312;84.9000015258789;219979200;55.309452056884766
2003-03-03;85.26000213623047;85.77999877929688;81.43000030517578;83.31999969482422;223094000;54.28014373779297
2003-03-10;82.5999984741211;84.7699966430664;79.37999725341797;84.12999725341797;287646200;54.80785369873047
2003-03-17;83.45999908447266;89.87999725341797;83.22000122070312;89.66999816894531;327127500;58.6524772644043
2003-03-24;88.0199966430664;88.26000213623047;85.98999786376953;86.70999908447266;257883000;56.71635437011719
2003-03-31;85.3499984741211;88.98999786376953;84.4000015258789;88.22000122070312;250130300;57.70405578613281
2003-04-07;90.33999633789062;90.8499984741211;85.70999908447266;87.1500015258789;254678700;57.00416946411133
2003-04-14;87.47000122070312;90.05999755859375;87.0;89.55999755859375;175612600;58.580543518066406
2003-04-21;89.86000061035156;92.3499984741211;88.88999938964844;90.2300033569336;229653000;59.0187873840332
2003-04-28;90.44000244140625;93.47000122070312;90.30000305175781;93.20999908447266;247601000;60.96794509887695
2003-05-05;93.47000122070312;94.37999725341797;92.27999877929688;93.7300033569336;195430700;61.30810546875
2003-05-12;93.5;95.44999694824219;93.27999877929688;94.87000274658203;189895200;62.05376434326172
2003-05-19;94.1500015258789;94.41999816894531;91.58999633789062;93.76000213623047;210922100;61.32771301269531
2003-05-26;93.30000305175781;97.08999633789062;93.06999969482422;96.94999694824219;184820000;63.41424560546875
2003-06-02;97.52999877929688;101.4000015258789;96.66999816894531;99.26000213623047;244539900;64.92520904541016
2003-06-09;98.7699966430664;100.9000015258789;97.7699966430664;99.55999755859375;190454900;65.12142944335938
2003-06-16;99.95999908447266;102.18000030517578;99.41999816894531;99.44000244140625;193745800;65.27793884277344
2003-06-23;99.44999694824219;99.66000366210938;96.95999908447266;97.66000366210938;205880600;64.10942840576172
2003-06-30;98.22000122070312;99.8499984741211;96.43000030517578;98.73999786376953;150126700;64.81839752197266
2003-07-07;99.6500015258789;101.4000015258789;98.62999725341797;100.23999786376953;188626100;65.8031005859375
2003-07-14;101.19999694824219;101.9000015258789;98.16000366210938;99.51000213623047;212534300;65.3238525390625
2003-07-21;99.44999694824219;100.33999633789062;97.8499984741211;100.2300033569336;206167000;65.79651641845703
2003-07-28;100.37000274658203;100.9800033569336;98.23999786376953;98.51000213623047;220476400;64.66743469238281
2003-08-04;98.30999755859375;99.0;96.33999633789062;98.27999877929688;237511300;64.51644897460938
2003-08-11;98.26000213623047;99.8499984741211;97.83999633789062;99.62000274658203;162161100;65.39608764648438
2003-08-18;99.93000030517578;101.81999969482422;99.7300033569336;99.7699966430664;180141300;65.49456787109375
2003-08-25;99.70999908447266;101.4800033569336;98.83000183105469;101.44000244140625;143567300;66.59083557128906
2003-09-01;101.63999938964844;103.69999694824219;101.05000305175781;102.83000183105469;154349800;67.50332641601562
2003-09-08;103.04000091552734;103.87999725341797;101.3499984741211;102.44999694824219;194512000;67.25385284423828
2003-09-15;102.5199966430664;104.69999694824219;101.94999694824219;103.66999816894531;155666400;68.31597900390625
2003-09-22;102.8499984741211;103.29000091552734;99.8499984741211;99.94999694824219;206449100;65.86459350585938
2003-09-29;100.30000305175781;104.27999877929688;99.25;103.38999938964844;266732100;68.13146209716797
2003-10-06;103.4800033569336;105.22000122070312;102.91000366210938;104.56999969482422;156499500;68.90904235839844
2003-10-13;104.70999908447266;105.88999938964844;103.9800033569336;104.26000213623047;166894200;68.70478820800781
2003-10-20;104.44999694824219;105.27999877929688;102.18000030517578;103.58000183105469;185854700;68.25664520263672
2003-10-27;103.73999786376953;105.97000122070312;103.2699966430664;105.30000305175781;163256500;69.3901138305664
2003-11-03;105.75;106.72000122070312;104.9000015258789;105.61000061035156;162685200;69.59439086914062
2003-11-10;105.73999786376953;106.94999694824219;104.80000305175781;105.45999908447266;158962700;69.49557495117188
2003-11-17;104.91000366210938;105.44999694824219;103.62000274658203;104.20999908447266;198958800;68.67180633544922
2003-11-24;104.69000244140625;106.66000366210938;104.68000030517578;106.44999694824219;110047500;70.14793395996094
2003-12-01;106.8499984741211;108.08000183105469;106.62000274658203;106.8499984741211;178043500;70.41154479980469
2003-12-08;106.73999786376953;108.19999694824219;105.95999908447266;108.13999938964844;192440600;71.2615966796875
2003-12-15;109.16999816894531;109.7300033569336;107.4800033569336;108.9000015258789;165604600;72.10150909423828
2003-12-22;108.79000091552734;110.08000183105469;108.77999877929688;109.69999694824219;68716700;72.6311264038086
2003-12-29;110.0999984741211;112.19000244140625;109.77999877929688;111.2300033569336;111617300;73.6441421508789
2004-01-05;111.69000244140625;113.5;111.58999633789062;112.38999938964844;169125700;74.41218566894531
2004-01-12;112.55000305175781;114.30999755859375;111.76000213623047;114.2300033569336;186248000;75.63043212890625
2004-01-19;114.52999877929688;115.37999725341797;113.72000122070312;114.43000030517578;134721800;75.76287841796875
2004-01-26;114.38999938964844;116.5;112.55999755859375;113.4800033569336;209506200;75.13383483886719
2004-02-02;113.69999694824219;114.69999694824219;112.77999877929688;114.44999694824219;177701300;75.77606964111328
2004-02-09;114.66999816894531;116.38999938964844;114.16999816894531;115.12999725341797;168279700;76.22628784179688
2004-02-16;115.8499984741211;116.5999984741211;114.31999969482422;114.87999725341797;150477300;76.0608139038086
2004-02-23;115.22000122070312;115.73999786376953;113.02999877929688;115.0199966430664;180518600;76.15348052978516
2004-03-01;115.43000030517578;116.97000122070312;114.91999816894531;116.37999725341797;179999000;77.05390930175781
2004-03-08;116.33999633789062;116.62000274658203;111.0999984741211;112.58000183105469;289846500;74.53800964355469
2004-03-15;112.2699966430664;113.2699966430664;110.83999633789062;111.05999755859375;267767600;73.78936767578125
2004-03-22;110.54000091552734;111.79000091552734;108.8499984741211;111.02999877929688;255699700;73.76947021484375
2004-03-29;111.62999725341797;114.83999633789062;111.58000183105469;114.63999938964844;227782600;76.16796112060547
2004-04-05;114.45999908447266;115.41000366210938;113.73999786376953;114.37000274658203;151492900;75.98860931396484
2004-04-12;114.58000183105469;115.30000305175781;112.36000061035156;113.83000183105469;250279500;75.62982177734375
2004-04-19;113.55000305175781;114.66999816894531;111.77999877929688;114.36000061035156;223221500;75.98194122314453
2004-04-26;114.5;115.12000274658203;110.9000015258789;110.95999908447266;247535500;73.72293853759766
2004-05-03;111.37000274658203;113.26000213623047;109.95999908447266;109.95999908447266;235295100;73.05851745605469
2004-05-10;109.44000244140625;110.80999755859375;108.05999755859375;110.04000091552734;325927300;73.1116943359375
2004-05-17;108.88999938964844;111.18000030517578;108.41000366210938;109.80999755859375;225580900;72.9588851928711
2004-05-24;110.52999877929688;113.02999877929688;109.5999984741211;112.86000061035156;194280600;74.98530578613281
2004-05-31;112.45999908447266;113.58000183105469;111.87000274658203;112.9800033569336;152246700;75.06507873535156
2004-06-07;113.43000030517578;114.91999816894531;113.41999816894531;114.3499984741211;122938900;75.97529602050781
2004-06-14;113.81999969482422;114.44999694824219;112.87000274658203;113.62999725341797;158913600;75.77249145507812
2004-06-21;113.75;114.94000244140625;112.66999816894531;113.83999633789062;166308000;75.91253662109375
2004-06-28;114.5199966430664;114.79000091552734;112.58000183105469;112.87999725341797;213823000;75.27238464355469
2004-07-05;112.37000274658203;112.56999969482422;111.19999694824219;111.7300033569336;141242000;74.50553894042969
2004-07-12;111.5199966430664;112.38999938964844;110.44000244140625;110.70999908447266;195807400;73.82537078857422
2004-07-19;110.75;112.05999755859375;108.69000244140625;108.95999908447266;264601300;72.65843200683594
2004-07-26;109.19000244140625;110.9000015258789;108.20999908447266;110.83999633789062;260618700;73.91205596923828
2004-08-02;110.19000244140625;111.36000061035156;106.62000274658203;106.8499984741211;245476100;71.25138854980469
2004-08-09;107.0199966430664;108.41000366210938;106.58999633789062;107.19000244140625;237930700;71.47808837890625
2004-08-16;107.13999938964844;110.62999725341797;107.0999984741211;110.4800033569336;214351400;73.67201232910156
2004-08-23;110.55000305175781;111.62999725341797;109.8499984741211;111.44999694824219;154282000;74.31880187988281
2004-08-30;111.22000122070312;112.81999969482422;110.0999984741211;112.12000274658203;196847200;74.76559448242188
2004-09-06;112.54000091552734;113.2699966430664;112.02999877929688;113.05999755859375;132517300;75.39241027832031
2004-09-13;113.30999755859375;113.73999786376953;112.68000030517578;113.1500015258789;168336700;75.7665023803711
2004-09-20;112.66999816894531;113.47000122070312;110.94999694824219;111.45999908447266;206162100;74.63484954833984
2004-09-27;111.0999984741211;113.6500015258789;110.41000366210938;113.6500015258789;220704700;76.1013412475586
2004-10-04;114.0999984741211;114.68000030517578;112.3499984741211;112.51000213623047;203552200;75.33795928955078
2004-10-11;112.77999877929688;113.06999969482422;110.56999969482422;111.26000213623047;243760800;74.5009536743164
2004-10-18;110.88999938964844;112.2300033569336;109.75;109.98999786376953;258476200;73.65055084228516
2004-10-25;109.75;113.63999938964844;109.3499984741211;113.19999694824219;275457800;75.79996490478516
2004-11-01;113.55999755859375;117.63999938964844;113.19999694824219;117.27999877929688;288528600;78.531982421875
2004-11-08;116.9800033569336;119.0;116.72000122070312;118.79000091552734;217234200;79.5430908203125
2004-11-15;118.5;119.13999938964844;117.13999938964844;117.41999816894531;215951400;78.85873413085938
2004-11-22;117.16999816894531;118.9800033569336;117.02999877929688;118.3499984741211;124741500;79.48334503173828
2004-11-29;118.79000091552734;120.13999938964844;117.4800033569336;119.25;274275700;80.08780670166016
2004-12-06;119.20999908447266;119.63999938964844;117.7300033569336;119.33000183105469;237724200;80.14149475097656
2004-12-13;119.76000213623047;121.23999786376953;119.16000366210938;119.44000244140625;249144600;80.59430694580078
2004-12-20;119.75;121.27999877929688;119.16999816894531;120.7699966430664;137428400;81.49171447753906
2004-12-27;121.19999694824219;121.66000366210938;120.38999938964844;120.87000274658203;125743300;81.55924987792969
2005-01-03;121.55999755859375;121.76000213623047;118.0;118.44000244140625;294245300;79.91952514648438
2005-01-10;118.33999633789062;119.45999908447266;117.5;118.23999786376953;289953500;79.78457641601562
2005-01-17;118.05000305175781;119.62000274658203;116.6500015258789;116.77999877929688;246980300;78.79939270019531
2005-01-24;117.08999633789062;117.75;116.37000274658203;117.43000030517578;300499700;79.23800659179688
2005-01-31;117.94999694824219;120.43000030517578;117.70999908447266;120.2300033569336;253704500;81.12738037109375
2005-02-07;120.25;121.04000091552734;119.25;120.7699966430664;238946500;81.49171447753906
2005-02-14;120.69000244140625;121.45999908447266;119.9000015258789;120.38999938964844;237655100;81.2353286743164
2005-02-21;119.9000015258789;121.66999816894531;118.58000183105469;121.43000030517578;278453700;81.93708038330078
2005-02-28;121.1500015258789;122.83000183105469;120.04000091552734;122.7300033569336;298301500;82.81430053710938
2005-03-07;122.66000366210938;123.25;120.16000366210938;120.38999938964844;284193500;81.2353286743164
2005-03-14;120.61000061035156;121.45999908447266;118.1500015258789;118.54000091552734;296465300;80.30118560791016
2005-03-21;118.70999908447266;118.93000030517578;116.75;117.13999938964844;276466500;79.35279846191406
2005-03-28;117.41999816894531;118.98999786376953;116.25;117.43000030517578;339758600;79.54928588867188
2005-04-04;117.36000061035156;119.26000213623047;116.73999786376953;118.0;282210800;79.93537902832031
2005-04-11;118.29000091552734;119.05999755859375;114.0999984741211;114.1500015258789;421835900;77.3272933959961
2005-04-18;114.12000274658203;116.5;113.55000305175781;115.56999969482422;448499200;78.28926086425781
2005-04-25;115.86000061035156;116.7699966430664;113.97000122070312;115.75;385517300;78.41117858886719
2005-05-02;116.06999969482422;118.0;115.5199966430664;117.08999633789062;387404500;79.31893157958984
2005-05-09;117.20999908447266;118.08000183105469;114.80000305175781;115.72000122070312;390365200;78.390869140625
2005-05-16;115.69999694824219;119.41000366210938;115.66000366210938;119.12000274658203;296337300;80.694091796875
2005-05-23;119.20999908447266;120.25;118.83000183105469;120.25;217163100;81.45956420898438
2005-05-30;120.08000183105469;120.91999816894531;119.4000015258789;120.1500015258789;213692100;81.39183044433594
2005-06-06;119.94999694824219;121.25;119.44000244140625;120.19999694824219;242547500;81.42572784423828
2005-06-13;119.94000244140625;121.9000015258789;119.80999755859375;121.36000061035156;234529800;82.54332733154297
2005-06-20;121.08000183105469;121.94000244140625;118.83999633789062;118.9800033569336;247967400;80.9245834350586
2005-06-27;118.97000122070312;120.4000015258789;118.75;119.52999877929688;243700800;81.29865264892578
2005-07-04;119.25;121.31999969482422;118.26000213623047;121.31999969482422;271672600;82.51610565185547
2005-07-11;121.33000183105469;123.44000244140625;121.30999755859375;122.83999633789062;262456400;83.54991912841797
2005-07-18;122.5;123.7300033569336;122.05000305175781;123.54000091552734;338959100;84.02607727050781
2005-07-25;123.41000366210938;124.63999938964844;122.8499984741211;123.73999786376953;253480800;84.16204833984375
2005-08-01;123.83000183105469;124.73999786376953;122.66999816894531;122.87999725341797;226853900;83.5771713256836
2005-08-08;123.1500015258789;124.5;122.37999725341797;123.05999755859375;280996800;83.69957733154297
2005-08-15;123.22000122070312;123.87000274658203;121.83999633789062;122.47000122070312;263656400;83.29830169677734
2005-08-22;122.58000183105469;123.2300033569336;120.68000030517578;120.76000213623047;301773100;82.1352310180664
2005-08-29;120.41000366210938;123.1500015258789;120.37999725341797;122.2699966430664;355516700;83.16224670410156
2005-09-05;122.66000366210938;124.73999786376953;122.6500015258789;124.5999984741211;181163600;84.74702453613281
2005-09-12;124.44999694824219;124.66999816894531;122.87000274658203;123.5;297720700;84.35640716552734
2005-09-19;123.47000122070312;123.61000061035156;120.44000244140625;121.44000244140625;376270000;82.94933319091797
2005-09-26;122.0199966430664;123.04000091552734;121.0199966430664;123.04000091552734;309618600;84.04220581054688
2005-10-03;122.95999908447266;123.33999633789062;118.16999816894531;119.61000061035156;434426400;81.69935607910156
2005-10-10;119.68000030517578;119.70999908447266;116.87999725341797;118.66999816894531;416521100;81.05726623535156
2005-10-17;118.80000305175781;119.80999755859375;117.12000274658203;118.12999725341797;488216200;80.68844604492188
2005-10-24;118.44000244140625;120.54000091552734;117.93000030517578;119.80000305175781;367703800;81.82913970947266
2005-10-31;120.29000091552734;122.66000366210938;120.12999725341797;122.11000061035156;362129900;83.406982421875
2005-11-07;122.37000274658203;123.83999633789062;121.75;123.76000213623047;260500100;84.53395080566406
2005-11-14;123.79000091552734;125.27999877929688;122.86000061035156;125.12999725341797;293972400;85.46975708007812
2005-11-21;125.1500015258789;127.41000366210938;124.9800033569336;127.12999725341797;182584700;86.83588409423828
2005-11-28;127.25;127.2699966430664;125.29000091552734;126.8499984741211;274412200;86.64460754394531
2005-12-05;126.69999694824219;127.73999786376953;125.4800033569336;126.33000183105469;297378200;86.28945922851562
2005-12-12;126.70999908447266;128.08999633789062;125.95999908447266;126.36000061035156;303534400;86.76744079589844
2005-12-19;126.7300033569336;126.87000274658203;125.4800033569336;126.76000213623047;207368300;87.04212188720703
2005-12-26;126.95999908447266;127.05000305175781;124.36000061035156;124.51000213623047;152698300;85.49711608886719
2006-01-02;125.19000244140625;128.5800018310547;124.38999938964844;128.44000244140625;235349700;88.19572448730469
2006-01-09;128.4199981689453;129.44000244140625;128.1999969482422;128.67999267578125;223453000;88.36048126220703
2006-01-16;128.1999969482422;128.89999389648438;125.97000122070312;125.97000122070312;323622400;86.49970245361328
2006-01-23;126.20999908447266;128.66000366210938;125.83999633789062;128.5399932861328;344839100;88.26439666748047
2006-01-30;128.44000244140625;128.80999755859375;126.13999938964844;126.2699966430664;339874900;86.70562744140625
2006-02-06;126.44000244140625;128.10000610351562;125.4000015258789;126.63999938964844;302674200;86.95972442626953
2006-02-13;126.5999984741211;129.2100067138672;125.94999694824219;128.80999755859375;330104900;88.44979095458984
2006-02-20;129.11000061035156;129.64999389648438;128.27999877929688;129.41000366210938;168983600;88.86180877685547
2006-02-27;129.39999389648438;130.07000732421875;128.1300048828125;128.75999450683594;292939800;88.41548156738281
2006-03-06;129.13999938964844;129.17999267578125;127.18000030517578;128.58999633789062;302756000;88.29872131347656
2006-03-13;128.83999633789062;131.47000122070312;128.52999877929688;130.6199951171875;281568500;90.04934692382812
2006-03-20;130.63999938964844;130.99000549316406;129.4499969482422;130.2100067138672;274160300;89.76669311523438
2006-03-27;130.02999877929688;130.97999572753906;129.0500030517578;129.8300018310547;309605900;89.5047607421875
2006-04-03;130.07000732421875;131.39999389648438;129.35000610351562;129.5399932861328;305128300;89.3047866821289
2006-04-10;129.74000549316406;130.0800018310547;128.25;128.7100067138672;208381400;88.73258972167969
2006-04-17;128.8300018310547;131.86000061035156;128.02000427246094;131.14999389648438;402316600;90.4146957397461
2006-04-24;130.88999938964844;131.75;129.58999633789062;131.47000122070312;384501600;90.63532257080078
2006-05-01;131.47000122070312;132.8000030517578;130.32000732421875;132.52000427246094;280384700;91.35920715332031
2006-05-08;132.50999450683594;132.77000427246094;129.19000244140625;129.24000549316406;296612300;89.09796905517578
2006-05-15;128.7899932861328;130.0;125.80000305175781;127.0999984741211;503172100;87.62263488769531
2006-05-22;126.27999877929688;128.3800048828125;124.76000213623047;128.3800048828125;513231900;88.50509643554688
2006-05-29;127.97000122070312;129.42999267578125;126.05000305175781;129.0;324770400;88.93252563476562
2006-06-05;128.85000610351562;128.86000061035156;123.87000274658203;125.3499984741211;625132500;86.41619873046875
2006-06-12;125.87999725341797;126.36000061035156;122.33999633789062;124.6500015258789;673381600;86.3134765625
2006-06-19;125.4000015258789;125.69999694824219;123.55000305175781;124.44000244140625;364980400;86.16802215576172
2006-06-26;124.54000091552734;127.66000366210938;123.6500015258789;127.27999877929688;334910500;88.13459014892578
2006-07-03;127.43000030517578;128.00999450683594;126.29000091552734;126.61000061035156;225294200;87.6706314086914
2006-07-10;126.94000244140625;127.43000030517578;122.83000183105469;123.5199966430664;422814400;85.53099060058594
2006-07-17;123.5199966430664;126.30000305175781;122.38999938964844;123.94999694824219;551315100;85.82876586914062
2006-07-24;124.44000244140625;128.13999938964844;124.44000244140625;127.9800033569336;442284600;88.61931610107422
2006-07-31;127.66000366210938;129.42999267578125;126.5999984741211;128.1999969482422;339577600;88.77162170410156
2006-08-07;127.9000015258789;128.60000610351562;126.27999877929688;127.01000213623047;331993700;87.94762420654297
2006-08-14;127.62999725341797;130.69000244140625;126.91999816894531;130.69000244140625;327000800;90.49588012695312
2006-08-21;130.17999267578125;130.52000427246094;129.19000244140625;129.80999755859375;269304600;89.88646697998047
2006-08-28;129.64999389648438;131.5800018310547;129.63999938964844;131.4199981689453;250856300;91.00131225585938
2006-09-04;131.50999450683594;131.85000610351562;129.35000610351562;130.27999877929688;237509600;90.21192169189453
2006-09-11;129.86000061035156;132.4499969482422;129.47999572753906;131.9600067138672;335779100;91.77709197998047
2006-09-18;131.7899932861328;132.77000427246094;131.0;131.47000122070312;386346600;91.43633270263672
2006-09-25;131.72999572753906;133.99000549316406;131.0500030517578;133.5800018310547;355258100;92.90380859375
2006-10-02;133.5399932861328;135.41000366210938;132.64999389648438;135.00999450683594;331175500;93.89834594726562
2006-10-09;134.85000610351562;136.7100067138672;134.3000030517578;136.6300048828125;314754900;95.0250244140625
2006-10-16;136.52000427246094;137.3699951171875;135.6699981689453;136.83999633789062;331779900;95.1711196899414
2006-10-23;136.55999755859375;139.0;136.38999938964844;137.91000366210938;344641900;95.9153060913086
2006-10-30;137.66000366210938;138.30999755859375;135.6199951171875;136.5399932861328;336037000;94.96247100830078
2006-11-06;136.9600067138672;139.13999938964844;136.86000061035156;138.24000549316406;359047800;96.14479064941406
2006-11-13;138.17999267578125;140.67999267578125;138.07000732421875;140.4199981689453;365694400;97.66094970703125
2006-11-20;140.3000030517578;141.16000366210938;139.94000244140625;140.35000610351562;197045400;97.6122817993164
2006-11-27;140.27999877929688;141.0500030517578;138.11000061035156;140.22000122070312;491307200;97.52185821533203
2006-12-04;140.25;142.3000030517578;140.22999572753906;141.4199981689453;356923700;98.35646057128906
2006-12-11;141.4199981689453;143.24000549316406;140.88999938964844;142.33999633789062;308363800;99.54789733886719
2006-12-18;142.5399932861328;142.8800048828125;140.6699981689453;140.75;266215300;98.4358901977539
2006-12-25;140.80999755859375;142.6999969482422;140.77999877929688;141.6199951171875;155174000;99.0443115234375
2007-01-01;142.25;142.86000061035156;140.3800048828125;140.5399932861328;241073500;98.28900146484375
2007-01-08;140.82000732421875;143.24000549316406;140.25;143.24000549316406;329610500;100.17729949951172
2007-01-15;143.07000732421875;143.4600067138672;142.30999755859375;142.82000732421875;220263000;99.883544921875
2007-01-22;143.07000732421875;143.97999572753906;141.5800018310547;142.1300048828125;310992100;99.40101623535156
2007-01-29;142.19000244140625;144.9499969482422;141.74000549316406;144.80999755859375;347310200;101.27529907226562
2007-02-05;144.6999969482422;145.36000061035156;143.38999938964844;143.94000244140625;308181700;100.6668701171875
2007-02-12;143.94000244140625;145.9499969482422;143.19000244140625;145.72999572753906;274335200;101.91875457763672
2007-02-19;145.55999755859375;146.4199981689453;145.0;145.3000030517578;271917000;101.61804962158203
2007-02-26;145.8300018310547;145.9499969482422;138.0500030517578;138.6699981689453;896598200;96.98120880126953
2007-03-05;137.92999267578125;141.4199981689453;137.3300018310547;140.77999877929688;627885300;98.45686340332031
2007-03-12;140.4199981689453;141.33999633789062;136.75;138.52999877929688;756793400;97.267578125
2007-03-19;139.25999450683594;143.80999755859375;139.14999389648438;143.38999938964844;524036300;100.67996978759766
2007-03-26;143.5;143.64999389648438;140.55999755859375;142.0;634186800;99.7039566040039
2007-04-02;142.16000366210938;144.44000244140625;141.47999572753906;144.24000549316406;272652200;101.27679443359375
2007-04-09;144.64999389648438;145.32000732421875;143.33999633789062;145.32000732421875;413774500;102.03507995605469
2007-04-16;145.8300018310547;148.6199951171875;145.82000732421875;148.6199951171875;506895800;104.35218048095703
2007-04-23;148.3699951171875;149.8000030517578;147.32000732421875;149.52999877929688;497093300;104.99113464355469
2007-04-30;149.63999938964844;151.1199951171875;147.6699981689453;150.9199981689453;505325300;105.96708679199219
2007-05-07;150.8800048828125;152.82000732421875;149.27000427246094;150.86000061035156;513142200;105.9250259399414
2007-05-14;150.86000061035156;152.6199951171875;149.7899932861328;152.6199951171875;603182100;107.1606674194336
2007-05-21;152.5800018310547;153.5;150.74000549316406;151.69000244140625;661502200;106.50770568847656
2007-05-28;151.94000244140625;154.39999389648438;151.33999633789062;154.0800018310547;433672000;108.18588256835938
2007-06-04;153.5399932861328;154.38999938964844;149.05999755859375;151.0399932861328;777324100;106.05133056640625
2007-06-11;150.92999267578125;153.66000366210938;149.5500030517578;153.07000732421875;829549100;107.93994140625
2007-06-18;153.3800048828125;153.5800018310547;149.85000610351562;150.5500030517578;786735600;106.16290283203125
2007-06-25;150.24000549316406;151.64999389648438;148.05999755859375;150.42999267578125;1001504900;106.0782699584961
2007-07-02;150.8699951171875;153.1699981689453;150.77000427246094;152.97999572753906;327793400;107.87642669677734
2007-07-09;153.16000366210938;155.4600067138672;150.52000427246094;154.85000610351562;673995100;109.19514465332031
2007-07-16;154.99000549316406;155.52999877929688;152.8300018310547;153.5;853182600;108.24310302734375
2007-07-23;154.17999267578125;154.72000122070312;145.0500030517578;145.11000061035156;1533710900;102.32677459716797
2007-07-30;145.92999267578125;149.4600067138672;143.1999969482422;143.8000030517578;1721820800;101.40303802490234
2007-08-06;144.2100067138672;150.58999633789062;142.52999877929688;144.7100067138672;1601119800;102.04473114013672
2007-08-13;146.5;146.88999938964844;137.0;144.7100067138672;1704847500;102.04473114013672
2007-08-20;145.1699981689453;148.3300018310547;143.2899932861328;148.3300018310547;850360700;104.59739685058594
2007-08-27;147.85000610351562;148.5;143.4600067138672;147.58999633789062;917764000;104.0755615234375
2007-09-03;147.4499969482422;149.97999572753906;145.25999450683594;146.07000732421875;649649800;103.0037612915039
2007-09-10;146.52000427246094;149.4499969482422;144.3300018310547;148.89999389648438;779932400;104.99938201904297
2007-09-17;148.30999755859375;154.38999938964844;147.6300048828125;151.97000122070312;884054500;107.67261505126953
2007-09-24;152.4199981689453;153.19000244140625;150.47000122070312;152.5800018310547;653372500;108.10485076904297
2007-10-01;152.60000610351562;156.10000610351562;152.5;155.85000610351562;591641100;110.42163848876953
2007-10-08;155.38999938964844;157.52000427246094;154.5399932861328;156.3300018310547;625121600;110.76175689697266
2007-10-15;156.27000427246094;156.47999572753906;149.66000366210938;149.6699981689453;989902300;106.04303741455078
2007-10-22;148.86000061035156;153.6199951171875;148.66000366210938;153.6199951171875;1182627600;108.84161376953125
2007-10-29;153.92999267578125;155.27000427246094;149.2100067138672;151.1999969482422;1125046000;107.12709045410156
2007-11-05;149.63999938964844;152.11000061035156;144.88999938964844;145.13999938964844;1363536200;102.83345031738281
2007-11-12;145.2100067138672;149.39999389648438;143.6999969482422;145.7899932861328;1236645700;103.2939453125
2007-11-19;145.27999877929688;145.52999877929688;141.6699981689453;144.1300048828125;1019214300;102.11791229248047
2007-11-26;144.42999267578125;149.8699951171875;140.66000366210938;148.66000366210938;1189044700;105.32746124267578
2007-12-03;148.19000244140625;151.5;146.30999755859375;150.91000366210938;757531800;106.92156982421875
2007-12-10;151.27999877929688;152.88999938964844;147.10000610351562;147.1699981689453;1093400500;104.2717514038086
2007-12-17;146.61000061035156;148.4199981689453;143.9600067138672;148.1300048828125;982654100;105.50890350341797
2007-12-24;148.82000732421875;149.67999267578125;146.89999389648438;147.3000030517578;352074300;104.91773986816406
2007-12-31;147.10000610351562;147.61000061035156;140.91000366210938;141.30999755859375;670526600;100.65119934082031
2008-01-07;141.80999755859375;142.89999389648438;137.6999969482422;140.14999389648438;1465959400;99.82503509521484
2008-01-14;141.16000366210938;141.86000061035156;131.10000610351562;132.05999755859375;1535562300;94.06273651123047
2008-01-21;127.20999908447266;136.75999450683594;126.0;133.0399932861328;1477389900;94.76075744628906
2008-01-28;133.25999450683594;139.61000061035156;132.05999755859375;139.5800018310547;1272366500;99.41903686523438
2008-02-04;139.2100067138672;139.3000030517578;131.72999572753906;133.07000732421875;1181381300;94.78211212158203
2008-02-11;133.10000610351562;137.05999755859375;132.0399932861328;135.13999938964844;996516000;96.25651550292969
2008-02-18;136.72000122070312;137.00999450683594;132.86000061035156;135.6199951171875;771817900;96.59839630126953
2008-02-25;135.5399932861328;139.13999938964844;132.77999877929688;133.82000732421875;994469800;95.31636047363281
2008-03-03;133.13999938964844;134.77000427246094;128.5800018310547;129.7100067138672;1317024300;92.38888549804688
2008-03-10;129.83999633789062;133.77000427246094;127.58999633789062;129.61000061035156;1642477300;92.31766510009766
2008-03-17;126.56999969482422;134.64999389648438;126.06999969482422;132.0800018310547;1331020000;94.54273223876953
2008-03-24;133.30999755859375;135.80999755859375;131.05999755859375;131.50999450683594;1004908100;94.13471984863281
2008-03-31;131.2899932861328;137.9600067138672;131.08999633789062;136.88999938964844;1012481800;97.98571014404297
2008-04-07;137.8699951171875;138.57000732421875;133.00999450683594;133.3800048828125;914734500;95.4732666015625
2008-04-14;133.19000244140625;139.55999755859375;132.3300018310547;138.47999572753906;920376400;99.12384796142578
2008-04-21;138.22999572753906;139.88999938964844;136.89999389648438;139.60000610351562;894231800;99.92552947998047
2008-04-28;139.8800048828125;142.3699951171875;138.25999450683594;141.50999450683594;808385200;101.29270935058594
2008-05-05;141.0500030517578;142.1999969482422;138.4499969482422;138.89999389648438;828021000;99.42449188232422
2008-05-12;139.25;142.8699951171875;138.72999572753906;142.66000366210938;860072700;102.11585235595703
2008-05-19;142.80999755859375;144.3000030517578;137.52000427246094;137.63999938964844;949138100;98.52259826660156
2008-05-26;137.8000030517578;140.92999267578125;137.52999877929688;140.35000610351562;640900200;100.46236419677734
2008-06-02;139.8300018310547;140.88999938964844;136.22000122070312;136.2899932861328;1321816700;97.55620574951172
2008-06-09;136.86000061035156;137.5;133.52000427246094;136.14999389648438;1269907600;97.45603942871094
2008-06-16;135.5500030517578;137.1199951171875;131.22000122070312;131.5800018310547;1236913800;94.65593719482422
2008-06-23;132.08999633789062;133.39999389648438;127.04000091552734;127.52999877929688;1321449300;91.74241638183594
2008-06-30;127.88999938964844;129.16000366210938;124.98999786376953;126.30999755859375;1174881700;90.86476135253906
2008-07-07;126.79000091552734;127.73999786376953;122.48999786376953;123.83999633789062;2002730700;89.08793640136719
2008-07-14;125.26000213623047;126.41999816894531;120.0199966430664;125.9800033569336;1839386900;90.62736511230469
2008-07-21;126.51000213623047;129.14999389648438;124.8499984741211;125.4800033569336;1299231100;90.2677230834961
2008-07-28;125.51000213623047;128.60000610351562;123.41999816894531;126.16000366210938;1347509900;90.75686645507812
2008-08-04;126.04000091552734;129.92999267578125;124.76000213623047;129.3699951171875;1156496800;93.06611633300781
2008-08-11;129.47000122070312;131.50999450683594;127.66999816894531;130.1699981689453;1139575900;93.64158630371094
2008-08-18;130.42999267578125;130.47999572753906;126.33999633789062;129.64999389648438;940772100;93.26750946044922
2008-08-25;128.8000030517578;130.33999633789062;126.58000183105469;128.7899932861328;858819800;92.64886474609375
2008-09-01;130.02999877929688;130.7100067138672;122.0;124.41999816894531;1133857800;89.50518035888672
2008-09-08;128.0399932861328;128.24000549316406;121.5999984741211;126.08999633789062;1713539300;90.7065200805664
2008-09-15;121.62999725341797;128.0;113.80000305175781;124.12000274658203;2966649400;89.80615234375
2008-09-22;124.44999694824219;124.75;117.79000091552734;120.8499984741211;1503425700;87.44019317626953
2008-09-29;119.13999938964844;119.33999633789062;109.68000030517578;110.33999633789062;1947635500;79.83573150634766
2008-10-06;107.1500015258789;107.62000274658203;83.58000183105469;88.5;3281575900;64.03355407714844
2008-10-13;93.87000274658203;105.52999877929688;86.54000091552734;93.20999908447266;2671940000;67.44144439697266
2008-10-20;95.3499984741211;99.0999984741211;84.0;87.04000091552734;2374443200;62.97719192504883
2008-10-27;85.97000122070312;98.56999969482422;83.69999694824219;96.83000183105469;2394474300;70.06068420410156
2008-11-03;96.77999877929688;100.86000061035156;90.05999755859375;93.86000061035156;1798169800;67.91178131103516
2008-11-10;95.20999908447266;95.52999877929688;82.08999633789062;86.62000274658203;2468096000;62.673274993896484
2008-11-17;86.37999725341797;88.55999755859375;74.33999633789062;79.5199966430664;3030111200;57.536136627197266
2008-11-24;81.91999816894531;90.12999725341797;80.36000061035156;90.08999633789062;1465860000;65.18402099609375
2008-12-01;87.51000213623047;88.41999816894531;81.86000061035156;87.93000030517578;2275378100;63.62114715576172
2008-12-08;90.33999633789062;92.37999725341797;85.19999694824219;88.98999786376953;1959958100;64.38809204101562
2008-12-15;89.0199966430664;92.43000030517578;86.29000091552734;88.19000244140625;1592338100;64.32727813720703
2008-12-22;88.58000183105469;88.66999816894531;85.48999786376953;87.16000366210938;602214000;63.575950622558594
2008-12-29;87.23999786376953;93.44000244140625;85.5999984741211;92.95999908447266;717605700;67.80655670166016
2009-01-05;92.62999725341797;94.44999694824219;85.36000061035156;89.08999633789062;1444297800;64.98371887207031
2009-01-12;88.83999633789062;88.91000366210938;81.72000122070312;85.05999755859375;2001666900;62.044185638427734
2009-01-19;84.2300033569336;85.05999755859375;80.05000305175781;83.11000061035156;1598956800;60.62181854248047
2009-01-26;83.58999633789062;87.94999694824219;82.20999908447266;82.83000183105469;1599551600;60.4175910949707
2009-02-02;81.56999969482422;87.33999633789062;77.7300033569336;86.9800033569336;1673389500;63.44464874267578
2009-02-09;86.95999908447266;87.73999786376953;81.05000305175781;82.76000213623047;1864031100;60.36652755737305
2009-02-16;80.16000366210938;82.95999908447266;75.7699966430664;77.41999816894531;1635919000;56.471431732177734
2009-02-23;78.2699966430664;79.66999816894531;73.80999755859375;73.93000030517578;2101752900;53.925777435302734
2009-03-02;72.5199966430664;73.91999816894531;67.0999984741211;68.91999816894531;2308986100;50.27138900756836
2009-03-09;67.94999694824219;76.9800033569336;67.7300033569336;76.08999633789062;1889958900;55.501304626464844
2009-03-16;76.95999908447266;81.0;75.44999694824219;76.70999908447266;1990331000;56.354042053222656
2009-03-23;78.73999786376953;83.30000305175781;78.30999755859375;81.61000061035156;1936336900;59.95376968383789
2009-03-30;79.80000305175781;84.61000061035156;77.95999908447266;84.26000213623047;1826242100;61.90054702758789
2009-04-06;83.33999633789062;85.81999969482422;81.51000213623047;85.80999755859375;1023870700;63.03926086425781
2009-04-13;84.91999816894531;87.6500015258789;83.61000061035156;87.08000183105469;1350024300;63.97223663330078
2009-04-20;85.54000091552734;87.30999755859375;82.75;86.66000366210938;1360782900;63.6636848449707
2009-04-27;85.68000030517578;89.0199966430664;84.76000213623047;87.88999938964844;1386543700;64.56733703613281
2009-05-04;88.55000305175781;93.22000122070312;88.37999725341797;92.9800033569336;1438907000;68.30660247802734
2009-05-11;91.69999694824219;92.11000061035156;88.1500015258789;88.70999908447266;1331575400;65.16969299316406
2009-05-18;89.55000305175781;92.80000305175781;88.26000213623047;89.0199966430664;1159072100;65.3974380493164
2009-05-25;88.36000061035156;93.69999694824219;88.31999969482422;92.52999877929688;1030070800;67.97602844238281
2009-06-01;93.66999816894531;95.66999816894531;92.76000213623047;94.55000305175781;1236792000;69.45995330810547
2009-06-08;93.83999633789062;96.11000061035156;93.04000091552734;95.08000183105469;1219567000;69.84932708740234
2009-06-15;93.95999908447266;94.0199966430664;90.83000183105469;92.04000091552734;1102335400;67.99796295166016
2009-06-22;91.13999938964844;92.23999786376953;88.8499984741211;91.83999633789062;1098791100;67.85023498535156
2009-06-29;92.11000061035156;93.2300033569336;89.76000213623047;89.80999755859375;782720500;66.35050201416016
2009-07-06;88.94000244140625;89.93000030517578;87.0;87.95999908447266;956936900;64.98373413085938
2009-07-13;88.30999755859375;94.51000213623047;87.58999633789062;94.12999725341797;989515000;69.54203796386719
2009-07-20;94.68000030517578;98.13999938964844;94.19000244140625;98.05999755859375;990764400;72.44549560546875
2009-07-27;97.87999725341797;99.83000183105469;96.9800033569336;98.80999755859375;973277300;72.99958801269531
2009-08-03;99.8499984741211;102.02999877929688;99.30999755859375;101.19999694824219;951062600;74.76529693603516
2009-08-10;100.73999786376953;101.61000061035156;99.45999908447266;100.79000091552734;883317700;74.4623794555664
2009-08-17;98.8499984741211;103.12999725341797;98.11000061035156;102.97000122070312;1002678100;76.07292938232422
2009-08-24;103.38999938964844;104.3499984741211;101.94000244140625;103.37999725341797;944464800;76.37582397460938
2009-08-31;102.37000274658203;103.23999786376953;99.56999969482422;102.05999755859375;955393600;75.4006576538086
2009-09-07;103.0;105.30000305175781;102.38999938964844;104.7699966430664;602784100;77.40274047851562
2009-09-14;103.87999725341797;108.05999755859375;103.1500015258789;106.72000122070312;935766000;79.21894073486328
2009-09-21;105.88999938964844;108.02999877929688;104.08999633789062;104.44999694824219;953661900;77.53389739990234
2009-09-28;104.8499984741211;107.0199966430664;101.98999786376953;102.48999786376953;1012992100;76.0789566040039
2009-10-05;102.9000015258789;107.26000213623047;102.5999984741211;107.26000213623047;829880500;79.61978912353516
2009-10-12;107.76000213623047;109.70999908447266;106.76000213623047;108.88999938964844;833088300;80.82974243164062
2009-10-19;109.06999969482422;110.30999755859375;107.5;108.08000183105469;1044308000;80.22846221923828
2009-10-26;108.19999694824219;109.30999755859375;103.44000244140625;103.55999755859375;1267834600;76.87319946289062
2009-11-02;104.12999725341797;107.4000015258789;103.08000183105469;107.12999725341797;1081551600;79.52328491210938
2009-11-09;107.94999694824219;110.81999969482422;107.87000274658203;109.62000274658203;808969200;81.37161254882812
2009-11-16;110.37999725341797;111.69000244140625;109.01000213623047;109.43000030517578;857473700;81.23058319091797
2009-11-23;110.72000122070312;111.73999786376953;108.29000091552734;109.56999969482422;521996900;81.33451843261719
2009-11-30;109.4800033569336;112.37999725341797;108.12000274658203;111.01000213623047;895036300;82.4034423828125
2009-12-07;110.91000366210938;111.52999877929688;109.0199966430664;111.11000061035156;715769500;82.47765350341797
2009-12-14;111.87000274658203;112.12999725341797;109.27999877929688;110.20999908447266;740889800;82.25000762939453
2009-12-21;110.76000213623047;112.5999984741211;110.76000213623047;112.4800033569336;361207700;83.94415283203125
2009-12-28;112.9000015258789;113.02999877929688;111.38999938964844;111.44000244140625;331857300;83.16796875
2010-01-04;112.37000274658203;114.62000274658203;111.51000213623047;114.56999969482422;604092800;85.50387573242188
2010-01-11;115.08000183105469;115.13999938964844;113.19999694824219;113.63999938964844;759533100;84.80986785888672
2010-01-18;113.62000274658203;115.12999725341797;109.08999633789062;109.20999908447266;1046464900;81.50371551513672
2010-01-25;110.20999908447266;110.47000122070312;107.22000122070312;107.38999938964844;1296751500;80.14544677734375
2010-02-01;108.1500015258789;110.58999633789062;104.58000183105469;106.66000366210938;1427225100;79.60063934326172
2010-02-08;106.73999786376953;108.25;105.80999755859375;108.04000091552734;1330712600;80.63054656982422
2010-02-15;108.86000061035156;111.56999969482422;107.81999969482422;111.13999938964844;744556100;82.94408416748047
2010-02-22;111.55000305175781;111.58000183105469;108.94000244140625;110.73999786376953;949418600;82.64553833007812
2010-03-01;111.19999694824219;114.33999633789062;111.16999816894531;114.25;771376300;85.26505279541016
2010-03-08;114.26000213623047;115.97000122070312;113.87000274658203;115.45999908447266;778142600;86.16808319091797
2010-03-15;115.26000213623047;117.4800033569336;114.5999984741211;115.97000122070312;916108100;86.90513610839844
2010-03-22;115.30999755859375;118.16999816894531;115.23999786376953;116.58000183105469;992696800;87.36223602294922
2010-03-29;117.16999816894531;118.25;116.61000061035156;117.80000305175781;602579900;88.27649688720703
2010-04-05;118.25;119.5999984741211;117.5999984741211;119.55000305175781;692518600;89.58788299560547
2010-04-12;119.69999694824219;121.56999969482422;118.75;119.36000061035156;908333600;89.44552612304688
2010-04-19;119.01000213623047;121.86000061035156;118.47000122070312;121.80999755859375;861261700;91.2814712524414
2010-04-26;121.8499984741211;122.12000274658203;118.25;118.80999755859375;1263760600;89.03335571289062
2010-05-03;119.37999725341797;120.68000030517578;105.0;111.26000213623047;2156989900;83.37555694580078
2010-05-10;115.80999755859375;117.68000030517578;112.87000274658203;113.88999938964844;1529670400;85.34644317626953
2010-05-17;114.19999694824219;115.22000122070312;105.36000061035156;109.11000061035156;2112367000;81.76443481445312
2010-05-24;108.5199966430664;110.80000305175781;104.37999725341797;109.37000274658203;1614851500;81.9592514038086
2010-05-31;108.3499984741211;111.05999755859375;106.45999908447266;106.81999969482422;1143247000;80.04833984375
2010-06-07;107.19999694824219;109.75;104.6500015258789;109.68000030517578;1422425500;82.19154357910156
2010-06-14;110.5199966430664;112.41999816894531;109.4000015258789;111.7300033569336;1099031200;84.1261215209961
2010-06-21;113.12000274658203;113.19999694824219;106.7699966430664;107.87000274658203;1214386100;81.21975708007812
2010-06-28;108.02999877929688;108.31999969482422;101.12999725341797;102.19999694824219;1443279800;76.95061492919922
2010-07-05;103.63999938964844;107.97000122070312;101.87999725341797;107.95999908447266;866546700;81.28756713867188
2010-07-12;107.5999984741211;110.08999633789062;106.44999694824219;106.66000366210938;1043767600;80.30873107910156
2010-07-19;107.05000305175781;110.56999969482422;105.81999969482422;110.41000366210938;1206200500;83.13227081298828
2010-07-26;110.5999984741211;112.29000091552734;108.9800033569336;110.2699966430664;992577200;83.02684020996094
2010-08-02;111.98999786376953;113.11000061035156;110.91999816894531;112.38999938964844;873294300;84.62309265136719
2010-08-09;112.91999816894531;113.18000030517578;107.5999984741211;108.30999755859375;1035364700;81.55105590820312
2010-08-16;107.56999969482422;110.38999938964844;106.75;107.52999877929688;978649500;80.96378326416016
2010-08-23;108.04000091552734;108.56999969482422;104.29000091552734;106.86000061035156;1213491400;80.45929718017578
2010-08-30;106.58000183105469;110.98999786376953;104.48999786376953;110.88999938964844;1066309300;83.4936294555664
2010-09-06;110.37000274658203;111.68000030517578;109.55000305175781;111.4800033569336;566735000;83.93791198730469
2010-09-13;112.58000183105469;113.29000091552734;111.9800033569336;112.48999786376953;952735300;85.15180206298828
2010-09-20;112.87999725341797;114.9000015258789;112.18000030517578;114.81999969482422;1086292800;86.9155502319336
2010-09-27;114.86000061035156;115.79000091552734;113.18000030517578;114.61000061035156;979380500;86.75656127929688
2010-10-04;114.37000274658203;116.86000061035156;113.18000030517578;116.54000091552734;887034000;88.217529296875
2010-10-11;116.72000122070312;118.55000305175781;115.6500015258789;117.69999694824219;941124800;89.09561920166016
2010-10-18;117.73999786376953;119.08999633789062;116.0199966430664;118.3499984741211;951659200;89.5876693725586
2010-10-25;119.13999938964844;119.76000213623047;117.26000213623047;118.48999786376953;813034100;89.69364929199219
2010-11-01;119.06999969482422;122.91999816894531;117.8499984741211;122.72000122070312;954817000;92.89563751220703
2010-11-08;122.33999633789062;122.94999694824219;119.6500015258789;120.19999694824219;961202500;90.98808288574219
2010-11-15;120.58000183105469;121.05000305175781;117.58999633789062;120.29000091552734;990392500;91.05619812011719
2010-11-22;119.69000244140625;120.23999786376953;117.98999786376953;118.80000305175781;619723900;89.92828369140625
2010-11-29;118.5;123.02999877929688;117.73999786376953;122.88999938964844;1021112700;93.02430725097656
2010-12-06;122.62999725341797;124.5999984741211;122.41000366210938;124.4800033569336;688927500;94.22789764404297
2010-12-13;125.05000305175781;125.2300033569336;123.75;124.30000305175781;767995900;94.58647918701172
2010-12-20;124.63999938964844;125.81999969482422;123.9800033569336;125.5999984741211;362982800;95.57572937011719
2010-12-27;125.12999725341797;126.19999694824219;125.04000091552734;125.75;339304000;95.68986511230469
2011-01-03;126.70999908447266;127.83000183105469;125.69999694824219;127.13999938964844;688663800;96.74758911132812
2011-01-10;126.58000183105469;129.3300018310547;126.19999694824219;129.3000030517578;587344200;98.3912582397461
2011-01-17;129.17999267578125;129.63999938964844;127.12999725341797;128.3699951171875;593568300;97.68356323242188
2011-01-24;128.2899932861328;130.35000610351562;127.51000213623047;127.72000122070312;841489200;97.1889419555664
2011-01-31;128.07000732421875;131.1999969482422;127.75;131.14999389648438;715288600;99.79901123046875
2011-02-07;131.44000244140625;133.27999877929688;131.3000030517578;133.11000061035156;658367400;101.29049682617188
2011-02-14;133.02999877929688;134.69000244140625;132.32000732421875;134.52999877929688;591262500;102.37102508544922
2011-02-21;133.1199951171875;134.55999755859375;129.6999969482422;132.3300018310547;862818700;100.69693756103516
2011-02-28;132.82000732421875;133.69000244140625;130.35000610351562;132.47000122070312;1054110800;100.8034439086914
2011-03-07;132.86000061035156;133.16000366210938;129.49000549316406;130.83999633789062;1072125000;99.5631332397461
2011-03-14;129.99000549316406;130.47999572753906;125.27999877929688;127.76000213623047;1547968900;97.64173126220703
2011-03-21;129.35000610351562;131.8699951171875;128.32000732421875;131.3000030517578;746906900;100.34715270996094
2011-03-28;131.5800018310547;133.77000427246094;130.44000244140625;133.14999389648438;661783400;101.76103973388672
2011-04-04;133.42999267578125;134.0;132.30999755859375;132.86000061035156;660648900;101.5394287109375
2011-04-11;133.0;133.4499969482422;130.27000427246094;132.0399932861328;775858900;100.91275024414062
2011-04-18;130.58999633789062;133.83999633789062;129.50999450683594;133.77999877929688;627087300;102.24254608154297
2011-04-25;133.67999267578125;136.57000732421875;133.1999969482422;136.42999267578125;595273300;104.2678451538086
2011-05-02;137.07000732421875;137.17999267578125;133.02000427246094;134.1999969482422;897019400;102.56356048583984
2011-05-09;134.19000244140625;136.11000061035156;133.38999938964844;134.0399932861328;751471200;102.4412612915039
2011-05-16;133.55999755859375;135.02999877929688;132.1199951171875;133.61000061035156;771663900;102.11265563964844
2011-05-23;131.97999572753906;133.8699951171875;131.3800048828125;133.50999450683594;752721600;102.03620147705078
2011-05-30;134.77000427246094;134.9199981689453;130.0800018310547;130.4199981689453;832982500;99.67462921142578
2011-06-06;130.08999633789062;130.36000061035156;127.26000213623047;127.5999984741211;939901900;97.5194091796875
2011-06-13;127.88999938964844;129.77000427246094;126.31999969482422;127.05000305175781;1210445900;97.58053588867188
2011-06-20;126.62000274658203;129.80999755859375;126.19000244140625;126.80999755859375;1089755100;97.3961410522461
2011-06-27;126.88999938964844;134.10000610351562;126.63999938964844;133.9199981689453;1004464900;102.85697174072266
2011-07-04;133.77999877929688;135.6999969482422;133.11000061035156;134.39999389648438;673832300;103.22560119628906
2011-07-11;132.75;133.22000122070312;130.67999267578125;131.69000244140625;1060781500;101.14421844482422
2011-07-18;131.0800018310547;134.82000732421875;129.6300048828125;134.5800018310547;871838100;103.36388397216797
2011-07-25;133.3000030517578;134.49000549316406;127.97000122070312;129.3300018310547;1031930400;99.33161163330078
2011-08-01;130.83999633789062;130.9600067138672;116.86000061035156;120.08000183105469;2219616500;92.2271728515625
2011-08-08;116.91000366210938;120.12000274658203;110.2699966430664;118.12000274658203;2884411300;90.7218017578125
2011-08-15;119.19000244140625;121.19999694824219;112.5;112.63999938964844;1732344500;86.5129165649414
2011-08-22;115.16999816894531;119.4000015258789;112.41000366210938;117.97000122070312;1479958200;90.60662078857422
2011-08-29;119.55999755859375;123.51000213623047;117.43000030517578;117.8499984741211;1244224400;90.51446533203125
2011-09-05;114.38999938964844;120.94000244140625;114.37999725341797;115.91999816894531;1125697000;89.0321044921875
2011-09-12;114.47000122070312;121.97000122070312;114.05000305175781;121.5199966430664;1509003200;93.81602478027344
2011-09-19;119.52999877929688;121.98999786376953;111.30000305175781;113.54000091552734;1597854300;87.65533447265625
2011-09-26;114.61000061035156;119.55999755859375;112.9800033569336;113.1500015258789;1445625600;87.35424041748047
2011-10-03;112.48999786376953;117.25;107.43000030517578;115.70999908447266;1678881000;89.33059692382812
2011-10-10;117.68000030517578;122.5999984741211;117.66999816894531;122.56999969482422;1145235600;94.62667083740234
2011-10-17;121.98999786376953;124.12000274658203;119.19999694824219;123.97000122070312;1288845800;95.70751190185547
2011-10-24;124.16999816894531;129.4199981689453;122.20999908447266;128.60000610351562;1379992900;99.2819595336914
2011-10-31;127.16000366210938;128.6199951171875;121.5199966430664;125.4800033569336;1430006500;96.87326049804688
2011-11-07;125.38999938964844;128.02000427246094;122.86000061035156;126.66000366210938;1180816400;97.78422546386719
2011-11-14;126.19000244140625;127.44999694824219;121.2300033569336;121.9800033569336;1126550200;94.17118072509766
2011-11-21;120.19999694824219;120.3499984741211;116.19999694824219;116.33999633789062;769992600;89.81698608398438
2011-11-28;119.54000091552734;126.5;118.81999969482422;124.86000061035156;1132431500;96.39458465576172
2011-12-05;126.83999633789062;127.26000213623047;123.6500015258789;126.05000305175781;1091882700;97.31330108642578
2011-12-12;124.94999694824219;125.56999969482422;121.30000305175781;121.58999633789062;1119195300;94.46539306640625
2011-12-19;122.05999755859375;126.43000030517578;120.02999877929688;126.38999938964844;815204600;98.19463348388672
2011-12-26;126.16999816894531;126.81999969482422;124.7300033569336;125.5;424289000;97.50318145751953
2012-01-02;127.76000213623047;128.3800048828125;126.43000030517578;127.70999908447266;642829400;99.22014617919922
2012-01-09;128.0;129.6999969482422;127.41000366210938;128.83999633789062;625172800;100.09809112548828
2012-01-16;130.0800018310547;131.9499969482422;128.89999389648438;131.9499969482422;560163500;102.51428985595703
2012-01-23;131.50999450683594;133.39999389648438;130.60000610351562;131.82000732421875;751131900;102.4133071899414
2012-01-30;130.50999450683594;134.6199951171875;130.05999755859375;134.5399932861328;744447200;104.52649688720703
2012-02-06;133.97999572753906;135.58999633789062;133.63999938964844;134.36000061035156;699094400;104.38668060302734
2012-02-13;135.32000732421875;136.6300048828125;134.25;136.41000366210938;792803700;105.97932434082031
2012-02-20;136.72999572753906;137.1999969482422;135.5;136.92999267578125;501741000;106.38334655761719
2012-02-27;136.02000427246094;138.19000244140625;135.8000030517578;137.30999755859375;726681300;106.67857360839844
2012-03-05;137.10000610351562;137.92999267578125;134.36000061035156;137.57000732421875;726392800;106.88056182861328
2012-03-12;137.5500030517578;140.77999877929688;137.08999633789062;140.3000030517578;751269600;109.47924041748047
2012-03-19;140.2100067138672;141.27999877929688;138.5500030517578;139.64999389648438;625146900;108.97201538085938
2012-03-26;140.64999389648438;141.8300018310547;139.08999633789062;140.80999755859375;689045100;109.87718963623047
2012-04-02;140.63999938964844;142.2100067138672;139.25999450683594;139.7899932861328;591883200;109.08128356933594
2012-04-09;138.02999877929688;139.83999633789062;135.75999450683594;137.13999938964844;840617400;107.01344299316406
2012-04-16;137.83999633789062;139.36000061035156;136.5800018310547;137.9499969482422;761453400;107.6454849243164
2012-04-23;136.5399932861328;140.7899932861328;135.94000244140625;140.38999938964844;726597900;109.5494613647461
2012-04-30;140.11000061035156;141.66000366210938;136.9199981689453;137.0;712692400;106.90418243408203
2012-05-07;136.50999450683594;137.55999755859375;134.49000549316406;135.61000061035156;865528500;105.81952667236328
2012-05-14;134.30999755859375;135.61000061035156;129.5500030517578;129.74000549316406;1146413600;101.23904418945312
2012-05-21;130.16000366210938;133.22999572753906;129.9499969482422;132.10000610351562;883173900;103.08060455322266
2012-05-28;133.16000366210938;133.92999267578125;128.16000366210938;128.16000366210938;764680800;100.00616455078125
2012-06-04;128.38999938964844;133.52999877929688;127.13999938964844;133.10000610351562;879586100;103.86089324951172
2012-06-11;134.1699981689453;134.25999450683594;131.16000366210938;134.13999938964844;923971800;105.21481323242188
2012-06-18;133.5800018310547;136.25;132.3300018310547;133.4600067138672;810496700;104.68143463134766
2012-06-25;132.0500030517578;136.27000427246094;130.85000610351562;136.10000610351562;777590700;106.75215911865234
2012-07-02;136.47999572753906;137.8000030517578;134.85000610351562;135.49000549316406;487344100;106.27372741699219
2012-07-09;135.3800048828125;136.22999572753906;132.60000610351562;135.75;686624500;106.4776611328125
2012-07-16;135.44000244140625;138.17999267578125;134.5500030517578;136.47000122070312;622487000;107.04238891601562
2012-07-23;134.47000122070312;139.07000732421875;133.02999877929688;138.67999267578125;840929800;108.77581787109375
2012-07-30;138.52000427246094;139.63999938964844;135.5800018310547;139.35000610351562;723033300;109.30136108398438
2012-08-06;139.72000122070312;140.9199981689453;139.55999755859375;140.83999633789062;475710400;110.47008514404297
2012-08-13;140.60000610351562;142.3000030517578;140.0399932861328;142.17999267578125;455720100;111.5211181640625
2012-08-20;141.97999572753906;143.08999633789062;140.22000122070312;141.50999450683594;528027900;110.99559020996094
2012-08-27;141.88999938964844;142.0800018310547;140.19000244140625;141.16000366210938;458457100;110.72111511230469
2012-09-03;141.0399932861328;144.38999938964844;140.1300048828125;144.3300018310547;486431100;113.20748138427734
2012-09-10;144.19000244140625;148.11000061035156;143.4600067138672;147.24000549316406;658106600;115.49000549316406
2012-09-17;146.94000244140625;147.19000244140625;145.6300048828125;145.8699951171875;608820000;115.02616882324219
2012-09-24;145.14999389648438;146.24000549316406;142.9499969482422;143.97000122070312;637875800;113.52796173095703
2012-10-01;144.52000427246094;147.16000366210938;143.8300018310547;146.13999938964844;619770200;115.2391128540039
2012-10-08;145.60000610351562;146.1199951171875;142.5800018310547;142.88999938964844;599319200;112.67627716064453
2012-10-15;143.22999572753906;146.52000427246094;142.77000427246094;143.38999938964844;679092400;113.07058715820312
2012-10-22;143.14999389648438;143.6699981689453;140.38999938964844;141.35000610351562;718295200;111.4619140625
2012-10-29;141.85000610351562;143.72000122070312;140.67999267578125;141.55999755859375;342136300;111.62753295898438
2012-11-05;141.35000610351562;143.52000427246094;137.5500030517578;138.16000366210938;852323700;108.94644927978516
2012-11-12;138.58999633789062;139.25;134.6999969482422;136.3699951171875;829813100;107.53491973876953
2012-11-19;137.89999389648438;141.39999389648438;136.41000366210938;141.35000610351562;418423200;111.4619140625
2012-11-26;140.64999389648438;142.50999450683594;139.0;142.14999389648438;693511300;112.09278106689453
2012-12-03;142.8000030517578;142.9199981689453;140.3699951171875;142.41000366210938;611416000;112.29781341552734
2012-12-10;142.2100067138672;144.5500030517578;141.8800048828125;142.10000610351562;670707900;112.0533447265625
2012-12-17;142.47000122070312;145.5800018310547;141.94000244140625;142.7899932861328;886267200;113.39599609375
2012-12-24;142.47999572753906;142.7100067138672;139.8699951171875;140.02999877929688;477549600;111.2042007446289
2012-12-31;139.66000366210938;146.61000061035156;139.5399932861328;146.3699951171875;697573700;116.23909759521484
2013-01-07;145.85000610351562;147.14999389648438;144.97999572753906;147.07000732421875;566665900;116.7950210571289
2013-01-14;146.88999938964844;148.49000549316406;146.1999969482422;148.3300018310547;591328800;117.79560852050781
2013-01-21;148.3300018310547;150.25;147.97999572753906;150.25;510031400;119.32040405273438
2013-01-28;150.2899932861328;151.4199981689453;149.50999450683594;151.24000549316406;596648600;120.10659790039062
2013-02-04;150.32000732421875;151.88999938964844;149.42999267578125;151.8000030517578;677372500;120.55127716064453
2013-02-11;151.74000549316406;152.61000061035156;151.38999938964844;152.11000061035156;517551100;120.79745483398438
2013-02-18;152.3699951171875;153.27999877929688;149.94000244140625;151.88999938964844;545293800;120.62276458740234
2013-02-25;152.6300048828125;152.8699951171875;148.72999572753906;152.11000061035156;880703700;120.79745483398438
2013-03-04;151.75999450683594;155.64999389648438;151.52000427246094;155.44000244140625;524491200;123.44198608398438
2013-03-11;155.32000732421875;156.8000030517578;155.1300048828125;155.8300018310547;546984500;124.30211639404297
2013-03-18;154.33999633789062;155.9499969482422;153.58999633789062;155.60000610351562;647799500;124.11859893798828
2013-03-25;156.00999450683594;156.85000610351562;154.35000610351562;156.6699981689453;441062300;124.97210693359375
2013-04-01;156.58999633789062;157.2100067138672;153.77000427246094;155.16000366210938;646416800;123.76769256591797
2013-04-08;155.27000427246094;159.7100067138672;154.75;158.8000030517578;550706900;126.67122650146484
2013-04-15;158.0;158.1300048828125;153.5500030517578;155.47999572753906;908872400;124.02289581298828
2013-04-22;155.77999877929688;159.27000427246094;154.75;158.24000549316406;596455400;126.22449493408203
2013-04-29;158.6699981689453;161.8800048828125;158.10000610351562;161.3699951171875;584067600;128.7212371826172
2013-05-06;161.49000549316406;163.6999969482422;161.4199981689453;163.41000366210938;464602100;130.34849548339844
2013-05-13;163.1999969482422;167.0399932861328;162.82000732421875;166.94000244140625;561277200;133.16427612304688
2013-05-20;166.77999877929688;169.07000732421875;163.94000244140625;165.30999755859375;787545500;131.86404418945312
2013-05-27;167.0399932861328;167.77999877929688;163.1300048828125;163.4499969482422;588687100;130.3804168701172
2013-06-03;163.8300018310547;165.10000610351562;160.25;164.8000030517578;926323300;131.45730590820312
2013-06-10;165.30999755859375;165.39999389648438;161.3000030517578;163.17999267578125;747319300;130.1649932861328
2013-06-17;164.2899932861328;165.99000549316406;157.47000122070312;159.07000732421875;1050353400;127.55795288085938
2013-06-24;157.41000366210938;161.82000732421875;155.72999572753906;160.4199981689453;809325800;128.6405029296875
2013-07-01;161.25999450683594;163.0800018310547;160.22000122070312;163.02000427246094;484451800;130.7254638671875
2013-07-08;163.86000061035156;167.92999267578125;163.0800018310547;167.50999450683594;588605500;134.3260040283203
2013-07-15;167.97000122070312;169.27000427246094;167.07000732421875;169.1699981689453;458478400;135.65716552734375
2013-07-22;169.41000366210938;169.86000061035156;167.52000427246094;169.11000061035156;492075500;135.6090850830078
2013-07-29;168.67999267578125;170.97000122070312;168.11000061035156;170.9499969482422;508848400;137.0845184326172
2013-08-05;170.57000732421875;170.9600067138672;168.5500030517578;169.30999755859375;420361400;135.7694091796875
2013-08-12;168.4600067138672;169.89999389648438;165.5;165.8300018310547;513028500;132.97879028320312
2013-08-19;165.63999938964844;166.8300018310547;164.19000244140625;166.6199951171875;537622800;133.6123046875
2013-08-26;166.7899932861328;167.3000030517578;163.0500030517578;163.64999389648438;610563900;131.2306671142578
2013-09-02;165.22999572753906;166.97999572753906;163.6999969482422;166.0399932861328;462611500;133.147216796875
2013-09-09;166.4499969482422;169.55999755859375;166.4499969482422;169.3300018310547;443889200;135.78546142578125
2013-09-16;171.16000366210938;173.60000610351562;170.0399932861328;170.72000122070312;671767100;137.56741333007812
2013-09-23;170.49000549316406;170.64999389648438;168.47000122070312;168.91000366210938;504544800;136.10885620117188
2013-09-30;167.47999572753906;169.5;166.83999633789062;168.88999938964844;658023000;136.0927276611328
2013-10-07;167.4199981689453;170.32000732421875;164.52999877929688;170.25999450683594;744278000;137.1967010498047
2013-10-14;169.2100067138672;174.50999450683594;169.0800018310547;174.38999938964844;696972000;140.52468872070312
2013-10-21;174.4499969482422;176.0;173.9600067138672;175.9499969482422;500226000;141.78172302246094
2013-10-28;175.88999938964844;177.50999450683594;175.22000122070312;176.2100067138672;588982000;141.99124145507812
2013-11-04;176.69000244140625;177.63999938964844;174.75999450683594;177.2899932861328;552563000;142.86148071289062
2013-11-11;177.1199951171875;180.1199951171875;176.08999633789062;180.0500030517578;456701000;145.0855712890625
2013-11-18;180.35000610351562;180.8300018310547;177.97999572753906;180.80999755859375;497733000;145.6979522705078
2013-11-25;181.1300048828125;181.75;180.3699951171875;181.0;281150900;145.8511505126953
2013-12-02;181.08999633789062;181.42999267578125;178.35000610351562;180.94000244140625;573984000;145.802734375
2013-12-09;181.47000122070312;181.6699981689453;177.75999450683594;178.11000061035156;505064000;143.5223388671875
2013-12-16;178.9499969482422;181.99000549316406;177.32000732421875;181.55999755859375;754605200;147.0966033935547
2013-12-23;182.4499969482422;184.17999267578125;182.07000732421875;183.85000610351562;256145800;148.9518585205078
2013-12-30;183.8699951171875;184.69000244140625;182.47999572753906;182.88999938964844;344004400;148.17420959472656
2014-01-06;183.49000549316406;184.22000122070312;182.0800018310547;184.13999938964844;483464500;149.18690490722656
2014-01-13;183.6699981689453;184.94000244140625;181.33999633789062;183.63999938964844;533573200;148.78179931640625
2014-01-20;184.6999969482422;184.77000427246094;178.8300018310547;178.88999938964844;491066100;144.93345642089844
2014-01-27;179.05999755859375;179.80999755859375;176.8800048828125;178.17999267578125;821519600;144.3582305908203
2014-02-03;177.97000122070312;179.8699951171875;173.7100067138672;179.67999267578125;887744800;145.5734405517578
2014-02-10;179.6999969482422;184.36000061035156;179.2100067138672;184.02000427246094;501791200;149.0896759033203
2014-02-17;184.17999267578125;184.9499969482422;182.60000610351562;183.88999938964844;430099700;148.98435974121094
2014-02-24;184.27999877929688;187.14999389648438;184.1999969482422;186.2899932861328;574548900;150.9287567138672
2014-03-03;184.64999389648438;188.9600067138672;183.75;188.25999450683594;620701300;152.5248260498047
2014-03-10;187.97000122070312;188.7100067138672;184.44000244140625;184.66000366210938;587706600;149.6082305908203
2014-03-17;185.58999633789062;189.02000427246094;185.47000122070312;186.1999969482422;656800400;151.52169799804688
2014-03-24;186.83999633789062;187.33999633789062;183.89999389648438;185.49000549316406;589131000;150.94390869140625
2014-03-31;186.6699981689453;189.6999969482422;185.52000427246094;186.39999389648438;514528000;151.6843719482422
2014-04-07;185.9499969482422;187.1699981689453;181.30999755859375;181.50999450683594;693927000;147.7051544189453
2014-04-14;182.92999267578125;186.91000366210938;181.44000244140625;186.38999938964844;499927000;151.67628479003906
2014-04-21;186.44000244140625;188.39999389648438;185.8699951171875;186.2899932861328;416538000;151.59486389160156
2014-04-28;187.0500030517578;189.13999938964844;184.9600067138672;188.05999755859375;511868000;153.03529357910156
2014-05-05;187.13999938964844;189.0500030517578;186.00999450683594;187.9600067138672;445134000;152.95391845703125
2014-05-12;188.8000030517578;190.4199981689453;186.47999572753906;188.0500030517578;478175000;153.0271759033203
2014-05-19;187.69000244140625;190.47999572753906;187.07000732421875;190.35000610351562;387217800;154.89871215820312
2014-05-26;191.05999755859375;192.8000030517578;190.9499969482422;192.67999267578125;279426000;156.79478454589844
2014-06-02;192.9499969482422;195.42999267578125;191.97000122070312;195.3800048828125;356031000;158.991943359375
2014-06-09;195.35000610351562;196.0500030517578;193.11000061035156;194.1300048828125;379387000;157.97479248046875
2014-06-16;193.88999938964844;196.60000610351562;193.66000366210938;195.94000244140625;464041000;160.211669921875
2014-06-23;195.99000549316406;196.5;194.1300048828125;195.82000732421875;405387100;160.11354064941406
2014-06-30;195.6999969482422;198.2899932861328;195.52999877929688;198.1999969482422;266085000;162.05958557128906
2014-07-07;197.82000732421875;197.97999572753906;195.05999755859375;196.61000061035156;406114000;160.7595672607422
2014-07-14;197.61000061035156;198.25999450683594;195.42999267578125;197.7100067138672;519679400;161.6589813232422
2014-07-21;197.08999633789062;199.05999755859375;196.42999267578125;197.72000122070312;334607000;161.6671142578125
2014-07-28;197.75999450683594;198.4499969482422;191.57000732421875;192.5;626687000;157.39898681640625
2014-08-04;192.8699951171875;194.3000030517578;190.5500030517578;193.24000549316406;591595000;158.00405883789062
2014-08-11;193.97000122070312;196.64999389648438;192.94000244140625;195.72000122070312;414545000;160.0318145751953
2014-08-18;196.8000030517578;199.75999450683594;196.69000244140625;199.19000244140625;351220000;162.8690948486328
2014-08-25;200.13999938964844;200.82000732421875;199.14999389648438;200.7100067138672;283264000;164.1119384765625
2014-09-01;200.97000122070312;201.5800018310547;199.41000366210938;201.11000061035156;317301000;164.4390106201172
2014-09-08;200.9199981689453;201.2100067138672;198.55999755859375;199.1300048828125;404171700;162.82000732421875
2014-09-15;199.16000366210938;201.89999389648438;198.3800048828125;200.6999969482422;560507000;164.870849609375
2014-09-22;200.35000610351562;200.3800048828125;196.27000427246094;197.89999389648438;598069000;162.57069396972656
2014-09-29;196.1999969482422;198.3000030517578;192.35000610351562;196.52000427246094;683066000;161.4370880126953
2014-10-06;197.33999633789062;197.60000610351562;190.49000549316406;190.5399932861328;871766000;156.52462768554688
2014-10-13;190.4600067138672;191.14999389648438;181.9199981689453;188.47000122070312;1312517000;154.82418823242188
2014-10-20;188.1300048828125;196.49000549316406;188.07000732421875;196.42999267578125;709653000;161.36312866210938
2014-10-27;195.72999572753906;201.82000732421875;195.02999877929688;201.66000366210938;592480000;165.65951538085938
2014-11-03;201.9199981689453;203.60000610351562;200.05999755859375;203.33999633789062;475281000;167.03955078125
2014-11-10;203.3800048828125;204.8300018310547;203.1300048828125;204.24000549316406;376714100;167.7789306640625
2014-11-17;203.85000610351562;207.83999633789062;203.64999389648438;206.67999267578125;454049700;169.78326416015625
2014-11-24;207.1699981689453;207.8699951171875;206.8000030517578;207.1999969482422;265047000;170.21044921875
2014-12-01;206.39999389648438;208.47000122070312;205.3800048828125;208.0;429769700;170.86764526367188
2014-12-08;207.52000427246094;208.1199951171875;200.85000610351562;200.88999938964844;754967700;165.02687072753906
2014-12-15;201.97999572753906;212.97000122070312;197.86000061035156;206.52000427246094;1206138200;170.58822631835938
2014-12-22;206.75;208.85000610351562;206.4600067138672;208.44000244140625;370776900;172.17413330078125
2014-12-29;208.22000122070312;208.97000122070312;204.17999267578125;205.42999267578125;404984400;169.6878662109375
2015-01-05;204.1699981689453;206.4199981689453;198.86000061035156;204.25;809915800;168.71319580078125
2015-01-12;204.41000366210938;205.47999572753906;198.5500030517578;201.6300048828125;940434000;166.549072265625
2015-01-19;202.39999389648438;206.25999450683594;200.1699981689453;204.97000122070312;545806600;169.307861328125
2015-01-26;204.7100067138672;205.55999755859375;198.67999267578125;199.4499969482422;765883700;164.748291015625
2015-02-02;200.0500030517578;207.24000549316406;197.86000061035156;205.5500030517578;645251800;169.78697204589844
2015-02-09;204.77000427246094;209.83999633789062;204.13999938964844;209.77999877929688;465687300;173.28099060058594
2015-02-16;209.39999389648438;211.3300018310547;208.72999572753906;211.24000549316406;389980000;174.4869384765625
2015-02-23;210.94000244140625;212.24000549316406;210.47999572753906;210.66000366210938;400719000;174.0078887939453
2015-03-02;210.77999877929688;212.05999755859375;207.10000610351562;207.5;577315400;171.397705078125
2015-03-09;207.74000549316406;208.7899932861328;204.39999389648438;205.8300018310547;613490300;170.01828002929688
2015-03-16;206.7100067138672;211.27000427246094;205.86000061035156;210.41000366210938;755050500;174.57720947265625
2015-03-23;210.4199981689453;211.11000061035156;204.1199951171875;205.74000549316406;581117700;170.70254516601562
2015-03-30;206.97999572753906;208.61000061035156;204.50999450683594;206.44000244140625;447153600;171.28330993652344
2015-04-06;205.3699951171875;210.08999633789062;205.2100067138672;210.0399932861328;443228200;174.2702178955078
2015-04-13;209.8699951171875;211.0399932861328;207.00999450683594;207.9499969482422;509113900;172.53614807128906
2015-04-20;209.05999755859375;211.97000122070312;208.89999389648438;211.64999389648438;406927200;175.60601806640625
2015-04-27;212.3300018310547;212.47999572753906;207.6199951171875;210.72000122070312;556611100;174.83436584472656
2015-05-04;211.22999572753906;212.02000427246094;206.75999450683594;211.6199951171875;563435800;175.5811309814453
2015-05-11;211.57000732421875;212.61000061035156;208.6199951171875;212.44000244140625;462547700;176.2615203857422
2015-05-18;212.24000549316406;213.77999877929688;212.16000366210938;212.99000549316406;345719900;176.7178497314453
2015-05-25;212.39999389648438;212.97999572753906;210.1999969482422;211.13999938964844;417416800;175.1829071044922
2015-06-01;211.94000244140625;212.6699981689453;208.97999572753906;209.77000427246094;546278200;174.04620361328125
2015-06-08;209.63999938964844;212.08999633789062;207.69000244140625;210.00999450683594;537908100;174.245361328125
2015-06-15;208.63999938964844;213.33999633789062;207.7899932861328;210.80999755859375;632747600;175.75990295410156
2015-06-22;211.91000366210938;212.58999633789062;209.16000366210938;209.82000732421875;432762300;174.93446350097656
2015-06-29;208.0500030517578;209.8300018310547;205.27999877929688;207.30999755859375;625900000;172.84181213378906
2015-07-06;205.77000427246094;208.1699981689453;204.11000061035156;207.47999572753906;729385700;172.98358154296875
2015-07-13;208.99000549316406;212.5500030517578;208.94000244140625;212.47999572753906;481406400;177.15223693847656
2015-07-20;212.75;213.17999267578125;207.60000610351562;208.0;445343800;173.4170379638672
2015-07-27;206.94000244140625;211.4499969482422;206.25999450683594;210.5;556268500;175.50143432617188
2015-08-03;210.4600067138672;211.30999755859375;206.8699951171875;207.9499969482422;515462100;173.3754119873047
2015-08-10;209.27999877929688;210.6699981689453;205.36000061035156;209.4199981689453;540645600;174.6010284423828
2015-08-17;208.7100067138672;210.67999267578125;197.52000427246094;197.8300018310547;864627700;164.93800354003906
2015-08-24;187.49000549316406;199.83999633789062;182.39999389648438;199.27999877929688;1650892700;166.1468963623047
2015-08-31;198.11000061035156;199.1300048828125;190.72999572753906;192.58999633789062;938737300;160.56919860839844
2015-09-07;195.94000244140625;199.47000122070312;194.25;196.74000549316406;543675700;164.029296875
2015-09-14;196.9499969482422;202.88999938964844;194.9600067138672;195.4499969482422;792543900;163.80084228515625
2015-09-21;196.44000244140625;197.67999267578125;190.55999755859375;192.85000610351562;666841300;161.6219024658203
2015-09-28;191.77999877929688;195.02999877929688;186.92999267578125;195.0;843095800;163.4237060546875
2015-10-05;196.4600067138672;201.89999389648438;196.3300018310547;201.3300018310547;621027000;168.7287139892578
2015-10-12;201.4199981689453;203.2899932861328;198.94000244140625;203.27000427246094;492262800;170.35455322265625
2015-10-19;202.5;207.9499969482422;201.64999389648438;207.50999450683594;576364400;173.90802001953125
2015-10-26;207.3000030517578;209.44000244140625;205.7899932861328;207.92999267578125;504447900;174.260009765625
2015-11-02;208.32000732421875;211.66000366210938;208.1699981689453;210.0399932861328;466621600;176.02828979492188
2015-11-09;209.30999755859375;209.49000549316406;202.44000244140625;202.5399932861328;549621600;169.74276733398438
2015-11-16;202.32000732421875;210.1199951171875;202.17999267578125;209.30999755859375;542343400;175.41650390625
2015-11-23;209.3800048828125;209.97999572753906;207.41000366210938;209.55999755859375;253103500;175.6260528564453
2015-11-30;209.75;211.0;204.75;209.6199951171875;678260500;175.67630004882812
2015-12-07;209.22999572753906;209.72999572753906;201.50999450683594;201.8800048828125;695103200;169.18971252441406
2015-12-14;202.07000732421875;208.47999572753906;199.8300018310547;200.02000427246094;957957800;168.6284942626953
2015-12-21;201.41000366210938;206.3300018310547;200.08999633789062;205.67999267578125;369647300;173.40020751953125
2015-12-28;204.86000061035156;207.7899932861328;203.8699951171875;203.8699951171875;336736200;171.8742218017578
2016-01-04;200.49000549316406;201.89999389648438;191.5800018310547;191.9199981689453;908565200;161.79974365234375
2016-01-11;193.00999450683594;194.86000061035156;185.52000427246094;187.80999755859375;1147082700;158.33477783203125
2016-01-18;189.9600067138672;190.75999450683594;181.02000427246094;190.52000427246094;845884700;160.6194610595703
2016-01-25;189.9199981689453;193.8800048828125;187.05999755859375;193.72000122070312;811418300;163.3172149658203
2016-02-01;192.52999877929688;194.5800018310547;187.10000610351562;187.9499969482422;844001500;158.45278930664062
2016-02-08;185.77000427246094;188.33999633789062;181.08999633789062;186.6300048828125;870945200;157.3399658203125
2016-02-15;188.77000427246094;193.32000732421875;187.6300048828125;192.0;473396200;161.8671875
2016-02-22;193.8699951171875;196.67999267578125;189.32000732421875;195.08999633789062;606469800;164.4722137451172
2016-02-29;195.11000061035156;201.35000610351562;193.3300018310547;200.42999267578125;594598600;168.97412109375
2016-03-07;199.33999633789062;202.80999755859375;197.3800048828125;202.75999450683594;613798300;170.93844604492188
2016-03-14;202.16000366210938;205.22999572753906;201.0500030517578;204.3800048828125;568735200;173.19290161132812
2016-03-21;204.07000732421875;205.22999572753906;201.74000549316406;203.1199951171875;335812000;172.12521362304688
2016-03-28;203.61000061035156;207.13999938964844;202.39999389648438;206.9199981689453;450704000;175.3453826904297
2016-04-04;206.8300018310547;207.07000732421875;203.08999633789062;204.5;463898600;173.29461669921875
2016-04-11;205.25;208.60000610351562;203.6999969482422;207.77999877929688;436419000;176.07408142089844
2016-04-18;207.77999877929688;210.9199981689453;207.0;208.97000122070312;436894100;177.08253479003906
2016-04-25;208.25999450683594;209.80999755859375;205.02999877929688;206.3300018310547;459000400;174.84532165527344
2016-05-02;206.9199981689453;208.17999267578125;203.8800048828125;205.72000122070312;417788100;174.3284454345703
2016-05-09;205.57000732421875;208.5399932861328;204.3800048828125;204.75999450683594;419635000;173.51490783691406
2016-05-16;204.9600067138672;207.33999633789062;202.77999877929688;205.49000549316406;532894700;174.13348388671875
2016-05-23;205.50999450683594;210.25;204.99000549316406;210.24000549316406;348333700;178.15870666503906
2016-05-30;210.55999755859375;210.92999267578125;208.86000061035156;210.27999877929688;344617400;178.19261169433594
2016-06-06;210.6999969482422;212.52000427246094;209.42999267578125;210.07000732421875;379648800;178.01467895507812
2016-06-13;209.36000061035156;210.3699951171875;205.58999633789062;206.52000427246094;618523800;175.91648864746094
2016-06-20;208.82000732421875;210.8699951171875;202.72000122070312;203.24000549316406;686987600;173.12249755859375
2016-06-27;201.58999633789062;210.49000549316406;198.64999389648438;209.9199981689453;798564000;178.8126678466797
2016-07-04;208.9499969482422;212.94000244140625;207.05999755859375;212.64999389648438;425390000;181.13812255859375
2016-07-11;213.19000244140625;217.00999450683594;212.9499969482422;215.8300018310547;460619900;183.84689331054688
2016-07-18;215.97000122070312;217.3699951171875;215.6300048828125;217.24000549316406;301795900;185.0478973388672
2016-07-25;217.0;217.5399932861328;215.6199951171875;217.1199951171875;354592600;184.94570922851562
2016-08-01;217.19000244140625;218.22999572753906;214.25;218.17999267578125;338078200;185.8486328125
2016-08-08;218.39999389648438;218.94000244140625;217.22999572753906;218.4600067138672;282917100;186.08717346191406
2016-08-15;218.88999938964844;219.5;217.02000427246094;218.5399932861328;306593700;186.15524291992188
2016-08-22;218.25999450683594;219.60000610351562;216.25;217.2899932861328;378228000;185.0905303955078
2016-08-29;217.44000244140625;218.8699951171875;216.02999877929688;218.3699951171875;391024300;186.01048278808594
2016-09-05;218.6999969482422;219.22000122070312;213.25;213.27999877929688;428949000;181.67469787597656
2016-09-12;212.38999938964844;216.80999755859375;212.30999755859375;213.3699951171875;774789500;182.66949462890625
2016-09-19;214.1300048828125;217.52999877929688;213.02999877929688;215.99000549316406;410509800;184.9125213623047
2016-09-26;215.02000427246094;217.1199951171875;213.6199951171875;216.3000030517578;501006600;185.17794799804688
2016-10-03;215.82000732421875;216.3000030517578;213.99000549316406;215.0399932861328;428991900;184.0991668701172
2016-10-10;216.16000366210938;216.6999969482422;211.2100067138672;213.1199951171875;450791700;182.4554443359375
2016-10-17;213.08999633789062;214.63999938964844;212.1699981689453;213.97999572753906;364393500;183.1917266845703
2016-10-24;215.0;215.32000732421875;211.7100067138672;212.5399932861328;420237800;181.9589385986328
2016-10-31;212.92999267578125;213.19000244140625;208.3800048828125;208.5500030517578;485446500;178.5430145263672
2016-11-07;208.5500030517578;218.30999755859375;208.5500030517578;216.4199981689453;747662000;185.2805938720703
2016-11-14;217.02999877929688;219.27000427246094;215.72000122070312;218.5;407913300;187.0613250732422
2016-11-21;219.1699981689453;221.55999755859375;219.0;221.52000427246094;234324100;189.64682006835938
2016-11-28;221.16000366210938;221.82000732421875;219.14999389648438;219.67999267578125;413631800;188.0715789794922
2016-12-05;220.64999389648438;226.52999877929688;220.4199981689453;226.50999450683594;426173500;193.91888427734375
2016-12-12;226.39999389648438;228.33999633789062;224.6699981689453;225.0399932861328;636388200;193.79591369628906
2016-12-19;225.25;226.57000732421875;224.9199981689453;225.7100067138672;341005800;194.37286376953125
2016-12-26;226.02000427246094;226.72999572753906;222.72999572753906;223.52999877929688;264461900;192.4955596923828
2017-01-02;225.0399932861328;227.75;223.8800048828125;227.2100067138672;320049800;195.66465759277344
2017-01-09;226.91000366210938;227.4499969482422;224.9600067138672;227.0500030517578;320192700;195.52685546875
2017-01-16;226.30999755859375;227.30999755859375;225.41000366210938;226.74000549316406;311811500;195.25990295410156
2017-01-23;226.74000549316406;229.7100067138672;225.27000427246094;228.97000122070312;374736400;197.1802978515625
2017-01-30;228.1699981689453;229.5500030517578;226.32000732421875;229.33999633789062;384956600;197.4989013671875
2017-02-06;228.8699951171875;231.77000427246094;228.30999755859375;231.50999450683594;299258600;199.36758422851562
2017-02-13;232.0800018310547;235.16000366210938;232.0500030517578;235.08999633789062;375003400;202.45054626464844
2017-02-20;235.52000427246094;236.89999389648438;235.41000366210938;236.74000549316406;308058800;203.8715057373047
2017-02-27;236.63999938964844;240.32000732421875;236.02000427246094;238.4199981689453;454855800;205.31825256347656
2017-03-06;237.5;238.1199951171875;235.74000549316406;237.69000244140625;371339600;204.68959045410156
2017-03-13;237.6199951171875;239.44000244140625;236.19000244140625;237.02999877929688;380565500;205.0092315673828
2017-03-20;237.02999877929688;237.61000061035156;232.9600067138672;233.86000061035156;494830700;202.26754760742188
2017-03-27;231.92999267578125;236.52000427246094;231.61000061035156;235.74000549316406;373359800;203.89352416992188
2017-04-03;235.8000030517578;237.38999938964844;233.91000366210938;235.1999969482422;394361400;203.4264373779297
2017-04-10;235.36000061035156;236.25999450683594;232.50999450683594;232.50999450683594;330405400;201.099853515625
2017-04-17;233.11000061035156;235.85000610351562;232.8800048828125;234.58999633789062;423293100;202.89892578125
2017-04-24;237.17999267578125;239.52999877929688;234.55999755859375;238.0800018310547;401553800;205.91737365722656
2017-05-01;238.67999267578125;239.72000122070312;237.6999969482422;239.6999969482422;320859900;207.31857299804688
2017-05-08;239.75;240.19000244140625;238.1300048828125;238.97999572753906;270313700;206.69583129882812
2017-05-15;239.47000122070312;240.6699981689453;235.42999267578125;238.30999755859375;507393900;206.1163787841797
2017-05-22;238.89999389648438;242.0800018310547;238.82000732421875;241.7100067138672;266981600;209.05706787109375
2017-05-29;241.33999633789062;244.35000610351562;240.63999938964844;244.1699981689453;284626000;211.1846923828125
2017-06-05;243.97000122070312;245.00999450683594;241.9499969482422;243.41000366210938;347425600;210.52734375
2017-06-12;243.1300048828125;244.8699951171875;241.6300048828125;242.63999938964844;375795400;210.88485717773438
2017-06-19;243.58999633789062;244.72999572753906;242.41000366210938;243.1300048828125;289142700;211.31069946289062
2017-06-26;243.89999389648438;244.3800048828125;239.9600067138672;241.8000030517578;402761200;210.15478515625
2017-07-03;242.8800048828125;243.3800048828125;240.33999633789062;242.11000061035156;216954500;210.4241485595703
2017-07-10;242.11000061035156;245.97000122070312;240.85000610351562;245.55999755859375;246362600;213.4226531982422
2017-07-17;245.47000122070312;247.4199981689453;244.6699981689453;246.8800048828125;256784700;214.56991577148438
2017-07-24;246.7899932861328;248.0;245.67999267578125;246.91000366210938;269968300;214.59597778320312
2017-07-31;247.3699951171875;247.7899932861328;246.3699951171875;247.41000366210938;269148100;215.03053283691406
2017-08-07;247.49000549316406;248.91000366210938;243.6999969482422;244.1199951171875;351696400;212.17111206054688
2017-08-14;245.58999633789062;247.57000732421875;242.1999969482422;242.7100067138672;450488500;210.94569396972656
2017-08-21;242.63999938964844;245.6199951171875;241.8300018310547;244.55999755859375;294001200;212.55357360839844
2017-08-28;245.1699981689453;248.3300018310547;242.92999267578125;247.83999633789062;319543000;215.404296875
2017-09-04;247.25999450683594;247.52000427246094;244.9499969482422;246.5800018310547;271183200;214.30914306640625
2017-09-11;248.0399932861328;250.32000732421875;248.02000427246094;249.19000244140625;378367500;217.65243530273438
2017-09-18;249.61000061035156;250.19000244140625;248.9199981689453;249.44000244140625;252342800;217.87081909179688
2017-09-25;249.14999389648438;251.32000732421875;248.0800018310547;251.22999572753906;322504600;219.43418884277344
2017-10-02;251.49000549316406;254.6999969482422;251.2899932861328;254.3699951171875;325955600;222.17681884765625
2017-10-09;254.6300048828125;255.27000427246094;253.64999389648438;254.9499969482422;228400300;222.68338012695312
2017-10-16;255.2100067138672;257.1400146484375;254.35000610351562;257.1099853515625;261751200;224.5700225830078
2017-10-23;257.4800109863281;257.8900146484375;254.0;257.7099914550781;389927000;225.09408569335938
2017-10-30;256.4700012207031;258.5;256.19000244140625;258.45001220703125;284832400;225.74049377441406
2017-11-06;258.29998779296875;259.3500061035156;256.3599853515625;258.0899963378906;312694600;225.426025390625
2017-11-13;257.30999755859375;259.0400085449219;255.6300048828125;257.8599853515625;335889100;225.22511291503906
2017-11-20;258.1400146484375;260.4800109863281;257.8599853515625;260.3599853515625;190142200;227.40872192382812
2017-11-27;260.4100036621094;266.04998779296875;260.0;264.4599914550781;521044000;230.9898223876953
2017-12-04;266.30999755859375;266.79998779296875;262.7099914550781;265.510009765625;401716200;231.9069366455078
2017-12-11;266.30999755859375;267.55999755859375;265.3900146484375;266.510009765625;516455700;233.97019958496094
2017-12-18;268.1000061035156;268.6000061035156;266.69000244140625;267.510009765625;388541200;234.8481903076172
2017-12-25;267.04998779296875;268.54998779296875;266.6400146484375;266.8599853515625;244118900;234.2775115966797
2018-01-01;267.8399963378906;273.55999755859375;267.3999938964844;273.4200134277344;340886500;240.03656005859375
2018-01-08;273.30999755859375;278.1099853515625;272.9200134277344;277.9200134277344;337325100;243.98719787597656
2018-01-15;279.3500061035156;280.4100036621094;276.17999267578125;280.4100036621094;461462000;246.17312622070312
2018-01-22;280.1700134277344;286.6300048828125;280.1099853515625;286.5799865722656;515553600;251.5897216796875
2018-01-29;285.92999267578125;286.42999267578125;275.4100036621094;275.45001220703125;593556800;241.8186798095703
2018-02-05;273.45001220703125;275.8500061035156;252.9199981689453;261.5;1347099500;229.57192993164062
2018-02-12;263.8299865722656;275.32000732421875;261.6600036621094;273.1099853515625;617315700;239.764404296875
2018-02-19;272.0299987792969;274.7200012207031;269.6400146484375;274.7099914550781;388531100;241.16903686523438
2018-02-26;275.92999267578125;278.9200134277344;264.82000732421875;269.0799865722656;623436700;236.2264404296875
2018-03-05;267.7300109863281;278.8699951171875;267.6099853515625;278.8699951171875;444110600;244.82113647460938
2018-03-12;279.20001220703125;280.4100036621094;274.1400146484375;274.20001220703125;453565500;241.68540954589844
2018-03-19;273.3500061035156;274.3999938964844;257.8299865722656;258.04998779296875;579996000;227.4503936767578
2018-03-26;262.1300048828125;266.7699890136719;258.5799865722656;263.1499938964844;529951400;231.9457244873047
2018-04-02;262.54998779296875;266.6400146484375;254.6699981689453;259.7200012207031;692132300;228.92247009277344
2018-04-09;261.3699951171875;267.5400085449219;259.94000244140625;265.1499938964844;454081800;233.70852661132812
2018-04-16;267.0;271.29998779296875;265.6099853515625;266.6099853515625;363000200;234.99537658691406
2018-04-23;267.260009765625;267.9800109863281;260.8500061035156;266.55999755859375;407069900;234.9513702392578
2018-04-30;267.260009765625;267.8900146484375;259.04998779296875;266.0199890136719;470288200;234.47540283203125
2018-05-07;266.8900146484375;273.1499938964844;265.1499938964844;272.8500061035156;314405600;240.4954376220703
2018-05-14;273.3399963378906;274.0799865722656;270.0299987792969;271.3299865722656;316673700;239.15579223632812
2018-05-21;273.010009765625;274.25;270.7799987792969;272.1499938964844;308105100;239.87850952148438
2018-05-28;270.30999755859375;273.94000244140625;267.760009765625;273.6000061035156;350365300;241.15658569335938
2018-06-04;274.5299987792969;278.2799987792969;274.17999267578125;278.19000244140625;304361500;245.20228576660156
2018-06-11;278.44000244140625;279.4800109863281;275.3500061035156;277.1300048828125;407431300;245.36489868164062
2018-06-18;275.489990234375;276.7200012207031;273.5299987792969;274.739990234375;330194500;243.24874877929688
2018-06-25;273.44000244140625;273.8699951171875;268.489990234375;271.2799987792969;485755300;240.1853790283203
2018-07-02;269.510009765625;275.8399963378906;269.239990234375;275.4200134277344;229161500;243.85084533691406
2018-07-09;276.54998779296875;279.92999267578125;276.5;279.5899963378906;287912600;247.5428466796875
2018-07-16;279.6400146484375;281.17999267578125;278.4100036621094;279.67999267578125;288859800;247.62240600585938
2018-07-23;279.45001220703125;284.3699951171875;279.05999755859375;281.4200134277344;328645600;249.16317749023438
2018-07-30;281.510009765625;283.6600036621094;279.1600036621094;283.6000061035156;303528100;251.0932159423828
2018-08-06;283.6400146484375;286.010009765625;282.3599853515625;283.1600036621094;237505100;250.70372009277344
2018-08-13;283.4700012207031;285.55999755859375;280.1600036621094;285.05999755859375;348086700;252.38584899902344
2018-08-20;285.57000732421875;287.6700134277344;285.05999755859375;287.510009765625;258765100;254.5550994873047
2018-08-27;288.8599853515625;291.739990234375;288.67999267578125;290.30999755859375;292871700;257.0341491699219
2018-09-03;289.8399963378906;290.2099914550781;286.7099914550781;287.6000061035156;269481500;254.63473510742188
2018-09-10;288.739990234375;291.2699890136719;286.9800109863281;290.8800048828125;266666300;257.53887939453125
2018-09-17;290.82000732421875;293.94000244140625;289.0299987792969;291.989990234375;385095300;259.6919250488281
2018-09-24;291.3399963378906;292.239990234375;289.4100036621094;290.7200012207031;306860200;258.56231689453125
2018-10-01;292.1099853515625;293.2099914550781;286.2200012207031;287.82000732421875;391529300;255.98306274414062
2018-10-08;287.04998779296875;288.8599853515625;270.3599853515625;275.95001220703125;834839200;245.4260711669922
2018-10-15;275.54998779296875;281.1499938964844;274.29998779296875;276.25;605604600;245.6929473876953
2018-10-22;277.0;277.3599853515625;262.2900085449219;265.3299865722656;746211300;235.9807891845703
2018-10-29;268.79998779296875;275.2300109863281;259.8500061035156;271.8900146484375;668290500;241.8152618408203
2018-11-05;272.44000244140625;281.2200012207031;271.3500061035156;277.760009765625;392858000;247.035888671875
2018-11-12;277.19000244140625;277.4599914550781;267.010009765625;273.7300109863281;584955500;243.4515838623047
2018-11-19;273.04998779296875;273.3800048828125;263.07000732421875;263.25;357454600;234.13088989257812
2018-11-26;265.7799987792969;276.2799987792969;265.3399963378906;275.6499938964844;463664000;245.15928649902344
2018-12-03;280.2799987792969;280.3999938964844;262.44000244140625;263.57000732421875;646366600;234.4154510498047
2018-12-10;263.3699951171875;269.0;258.6199951171875;260.4700012207031;584550800;231.65838623046875
2018-12-17;259.3999938964844;260.6499938964844;239.97999572753906;240.6999969482422;1022399200;215.32533264160156
2018-12-24;239.0399932861328;251.39999389648438;233.75999450683594;247.75;705164500;221.63217163085938
2018-12-31;249.55999755859375;253.11000061035156;243.6699981689453;252.38999938964844;557994100;225.78298950195312
2019-01-07;252.69000244140625;259.1600036621094;251.69000244140625;258.9800109863281;471340300;231.6782684326172
2019-01-14;256.8599853515625;266.9800109863281;256.4100036621094;266.4599914550781;457771900;238.3697509765625
2019-01-21;264.82000732421875;266.70001220703125;260.6600036621094;265.7799987792969;357649000;237.76144409179688
2019-01-28;263.3900146484375;271.20001220703125;261.7900085449219;270.05999755859375;434018300;241.5902099609375
2019-02-04;270.1099853515625;273.44000244140625;267.8299865722656;270.4700012207031;369916300;241.95704650878906
2019-02-11;271.20001220703125;277.4100036621094;270.0299987792969;277.3699951171875;385891900;248.12957763671875
2019-02-18;276.4800109863281;279.3599853515625;276.3500061035156;279.1400146484375;278060900;249.71292114257812
2019-02-25;280.7300109863281;281.30999755859375;277.4800109863281;280.4200134277344;330945200;250.85812377929688
2019-03-04;281.6000061035156;281.8699951171875;272.4200134277344;274.4599914550781;421329900;245.52633666992188
2019-03-11;275.260009765625;282.3800048828125;275.2300109863281;281.30999755859375;374233000;252.7627410888672
2019-03-18;281.54998779296875;285.17999267578125;279.17999267578125;279.25;439286800;250.91177368164062
2019-03-25;278.8699951171875;282.8399963378906;277.6400146484375;282.4800109863281;364351100;253.8138885498047
2019-04-01;284.70001220703125;288.6300048828125;284.3999938964844;288.57000732421875;293550700;259.28594970703125
2019-04-08;288.1000061035156;290.4700012207031;286.70001220703125;290.1600036621094;297131000;260.7145690917969
2019-04-15;290.239990234375;291.42999267578125;288.6600036621094;290.0199890136719;228726700;260.58880615234375
2019-04-22;289.1700134277344;293.489990234375;289.07000732421875;293.4100036621094;251486900;263.6347961425781
2019-04-29;293.510009765625;294.95001220703125;289.5199890136719;294.0299987792969;331555200;264.1918640136719
2019-05-06;289.25;293.30999755859375;282.29998779296875;288.1000061035156;559396700;258.8636474609375
2019-05-13;282.4200134277344;289.2099914550781;279.92999267578125;285.8399963378906;455352700;256.83294677734375
2019-05-20;284.05999755859375;286.92999267578125;280.57000732421875;282.7799987792969;313209100;254.0834503173828
2019-05-27;283.0899963378906;284.1499938964844;275.239990234375;275.2699890136719;324388900;247.3356475830078
2019-06-03;275.30999755859375;288.8500061035156;273.0899963378906;287.6499938964844;388532200;258.4593200683594
2019-06-10;289.3699951171875;291.3999938964844;287.82000732421875;289.260009765625;267806600;259.906005859375
2019-06-17;289.5199890136719;296.30999755859375;289.17999267578125;294.0;403194400;265.4497375488281
2019-06-24;294.2300109863281;294.5799865722656;290.3500061035156;293.0;280902400;264.54681396484375
2019-07-01;296.67999267578125;298.82000732421875;294.3299865722656;298.4599914550781;232786300;269.4765625
2019-07-08;297.010009765625;300.7300109863281;295.4800109863281;300.6499938964844;236543700;271.4539489746094
2019-07-15;301.1300048828125;301.1300048828125;296.70001220703125;297.1700134277344;216657600;268.3118591308594
2019-07-22;297.6099853515625;302.2300109863281;297.0400085449219;302.010009765625;235894000;272.681884765625
2019-07-29;301.8800048828125;302.010009765625;290.8999938964844;292.6199951171875;447617000;264.2037353515625
2019-08-05;288.0899963378906;293.6199951171875;281.7200012207031;291.6199951171875;621473300;263.3008117675781
2019-08-12;289.9599914550781;294.1499938964844;282.3900146484375;288.8500061035156;478024400;260.7998352050781
2019-08-19;292.19000244140625;293.92999267578125;283.4700012207031;284.8500061035156;355520800;257.1882019042969
2019-08-26;287.2699890136719;294.239990234375;285.25;292.45001220703125;319590000;264.0502014160156
2019-09-02;290.57000732421875;298.8299865722656;289.2699890136719;298.04998779296875;248831100;269.1064453125
2019-09-09;299.1400146484375;302.4599914550781;295.9700012207031;301.0899963378906;313042000;271.8512268066406
2019-09-16;299.8399963378906;302.6300048828125;297.4100036621094;298.2799987792969;339168000;270.5577087402344
2019-09-23;297.54998779296875;299.8399963378906;293.69000244140625;295.3999938964844;351126500;267.9455261230469
2019-09-30;295.9700012207031;298.4599914550781;284.82000732421875;294.3500061035156;412814300;266.9930114746094
2019-10-07;293.4700012207031;298.739990234375;288.489990234375;296.2799987792969;371694700;268.74365234375
2019-10-14;295.92999267578125;300.239990234375;295.57000732421875;297.9700012207031;246118100;270.2765808105469
2019-10-21;299.4200134277344;302.20001220703125;298.5;301.6000061035156;202654000;273.5691833496094
2019-10-28;302.94000244140625;306.19000244140625;301.7300109863281;306.1400146484375;276271100;277.6872863769531
2019-11-04;307.8500061035156;309.6499938964844;306.05999755859375;308.94000244140625;253331600;280.22698974609375
2019-11-11;307.4200134277344;311.8399963378906;307.2699890136719;311.7900085449219;249443100;282.8121337890625
2019-11-18;311.5299987792969;312.69000244140625;309.05999755859375;310.9599914550781;295953800;282.059326171875
2019-11-25;311.9800109863281;315.4800109863281;311.9800109863281;314.30999755859375;167253500;285.0979919433594
2019-12-02;314.5899963378906;315.30999755859375;307.1300048828125;314.8699951171875;288425500;285.6059265136719
2019-12-09;314.44000244140625;318.6700134277344;312.80999755859375;317.32000732421875;318810900;287.8282470703125
2019-12-16;319.2200012207031;321.9700012207031;317.25;320.7300109863281;424433000;292.3515319824219
2019-12-23;321.5899963378906;323.79998779296875;320.8999938964844;322.8599853515625;146700000;294.2930908203125
2019-12-30;322.95001220703125;324.8900146484375;320.1499938964844;322.4100036621094;243667300;293.8829650878906
2020-01-06;320.489990234375;327.4599914550781;320.3599853515625;325.7099914550781;265948900;296.8908996582031
2020-01-13;326.3900146484375;332.17999267578125;325.9200134277344;331.95001220703125;331872500;302.578857421875
2020-01-20;330.8999938964844;332.95001220703125;327.3599853515625;328.7699890136719;266198700;299.6802673339844
2020-01-27;323.0299987792969;328.6300048828125;320.7300109863281;321.7300109863281;391122800;293.26312255859375
2020-02-03;323.3500061035156;334.19000244140625;323.2200012207031;332.20001220703125;312106400;302.8067321777344
2020-02-10;331.2300109863281;338.1199951171875;331.19000244140625;337.6000061035156;260011300;307.7289123535156
2020-02-17;336.510009765625;339.0799865722656;332.5799865722656;333.4800109863281;293992500;303.9734802246094
2020-02-24;323.1400146484375;333.55999755859375;285.5400085449219;296.260009765625;1244104700;270.046630859375
2020-03-02;298.2099914550781;313.8399963378906;290.2300109863281;297.4599914550781;1130490100;271.1405334472656
2020-03-09;275.29998779296875;288.5199890136719;247.67999267578125;269.32000732421875;1562964500;245.4903564453125
2020-03-16;241.17999267578125;256.8999938964844;228.02000427246094;228.8000030517578;1523388400;209.781982421875
2020-03-23;228.19000244140625;262.79998779296875;218.25999450683594;253.4199981689453;1342924000;232.35556030273438
2020-03-30;255.6999969482422;263.3299865722656;243.89999389648438;248.19000244140625;869026800;227.56028747558594
2020-04-06;257.8399963378906;281.20001220703125;248.1699981689453;278.20001220703125;733262100;255.07582092285156
2020-04-13;277.1400146484375;287.29998779296875;271.4100036621094;286.6400146484375;649240600;262.8143005371094
2020-04-20;282.6099853515625;286.7900085449219;272.0199890136719;282.9700012207031;509219500;259.4493408203125
2020-04-27;285.1199951171875;294.8800048828125;281.5199890136719;282.7900085449219;549993900;259.2843322753906
2020-05-04;280.739990234375;292.95001220703125;279.1300048828125;292.44000244140625;385778500;268.1321716308594
2020-05-11;290.3399963378906;294.239990234375;272.989990234375;286.2799987792969;553230300;262.4842529296875
2020-05-18;293.04998779296875;297.8699951171875;291.95001220703125;295.44000244140625;443006900;270.8828125
2020-05-25;301.92999267578125;306.8399963378906;295.4599914550781;304.32000732421875;403264800;279.0247497558594
2020-06-01;303.6199951171875;321.2699890136719;303.05999755859375;319.3399963378906;448912200;292.7962341308594
2020-06-08;320.2200012207031;323.4100036621094;298.6000061035156;304.2099914550781;650043700;278.92388916015625
2020-06-15;298.0199890136719;315.6400146484375;296.739990234375;308.6400146484375;573187400;284.2309875488281
2020-06-22;307.989990234375;314.5;299.4200134277344;300.04998779296875;493363100;276.3203125
2020-06-29;301.4100036621094;315.70001220703125;298.92999267578125;312.2300109863281;334908800;287.537109375
2020-07-06;316.3699951171875;317.8800048828125;310.67999267578125;317.5899963378906;340167000;292.4731750488281
2020-07-13;320.1300048828125;323.0400085449219;312.0;321.7200012207031;401248400;296.2764587402344
2020-07-20;321.42999267578125;327.2300109863281;319.25;320.8800048828125;320898500;295.5029296875
2020-07-27;321.6300048828125;326.6300048828125;319.6400146484375;326.5199890136719;301090700;300.6968994140625
2020-08-03;328.32000732421875;334.8800048828125;327.7300109863281;334.57000732421875;238681200;308.1101989746094
2020-08-10;335.05999755859375;338.2799987792969;332.010009765625;336.8399963378906;256734100;310.2007141113281
2020-08-17;337.94000244140625;339.7200012207031;335.2200012207031;339.4800109863281;239583500;312.6319580078125
2020-08-24;342.1199951171875;350.7200012207031;339.45001220703125;350.5799865722656;244465300;322.8540954589844
2020-08-31;350.3500061035156;358.75;334.8699951171875;342.57000732421875;477715300;315.4775695800781
2020-09-07;336.7099914550781;342.6400146484375;331.0;334.05999755859375;381177300;307.640625
2020-09-14;337.489990234375;343.05999755859375;327.9700012207031;330.6499938964844;398023800;305.7191467285156
2020-09-21;325.70001220703125;331.20001220703125;319.79998779296875;328.7300109863281;403925800;303.9439392089844
2020-09-28;333.2200012207031;338.739990234375;331.19000244140625;333.8399963378906;398099500;308.6686706542969
2020-10-05;336.05999755859375;347.3500061035156;334.3800048828125;346.8500061035156;297612700;320.6976623535156
2020-10-12;349.5899963378906;354.0199890136719;343.1300048828125;347.2900085449219;361231500;321.10455322265625
2020-10-19;348.6499938964844;349.3299865722656;340.6499938964844;345.7799987792969;296595700;319.7083740234375
2020-10-26;342.1300048828125;342.9800109863281;322.6000061035156;326.5400085449219;495446400;301.9190368652344
2020-11-02;330.20001220703125;352.19000244140625;327.239990234375;350.1600036621094;463334900;323.7580871582031
2020-11-09;363.9700012207031;364.3800048828125;350.510009765625;358.1000061035156;446943600;331.0994567871094
2020-11-16;360.9800109863281;362.7799987792969;354.1499938964844;355.3299865722656;341601600;328.538330078125
2020-11-23;357.2799987792969;364.17999267578125;354.8699951171875;363.6700134277344;199491500;336.24945068359375
2020-11-30;362.8299865722656;369.8500061035156;359.1700134277344;369.8500061035156;317663000;341.9635314941406
2020-12-07;369.0199890136719;371.04998779296875;363.260009765625;366.29998779296875;280935500;338.6812438964844
2020-12-14;368.6400146484375;372.4599914550781;364.4700012207031;369.17999267578125;392163800;342.7991027832031
2020-12-21;364.9700012207031;378.4599914550781;362.0299987792969;369.0;216995000;342.63189697265625
2020-12-28;371.739990234375;374.6600036621094;370.8299865722656;373.8800048828125;220656900;347.1632080078125
2021-01-04;375.30999755859375;381.489990234375;364.82000732421875;381.260009765625;425078700;354.0159606933594
2021-01-11;377.8500061035156;381.1300048828125;373.70001220703125;375.70001220703125;306035100;348.8531494140625
2021-01-18;378.3399963378906;384.95001220703125;376.75;382.8800048828125;213770000;355.5201110839844
2021-01-25;383.6700134277344;385.8500061035156;368.2699890136719;370.07000732421875;457381600;343.6255187988281
2021-02-01;373.7200012207031;388.4700012207031;370.3800048828125;387.7099914550781;288507800;360.0048828125
2021-02-08;389.2699890136719;392.8999938964844;387.5;392.6400146484375;226577300;364.5826416015625
2021-02-15;393.9599914550781;394.1700134277344;387.739990234375;390.0299987792969;246216800;362.1591491699219
2021-02-22;387.05999755859375;392.2300109863281;378.2300109863281;380.3599853515625;546504300;353.18011474609375
2021-03-01;385.5899963378906;390.9200134277344;371.8800048828125;383.6300048828125;640356900;356.2164611816406
2021-03-08;384.6600036621094;395.6499938964844;381.4200134277344;394.05999755859375;497580800;365.9012145996094
2021-03-15;394.3299865722656;398.1199951171875;387.1499938964844;389.4800109863281;474082600;362.83294677734375
2021-03-22;390.0299987792969;396.4100036621094;383.8999938964844;395.9800109863281;492591500;368.8882751464844
2021-03-29;394.3999938964844;400.6700134277344;392.80999755859375;400.6099853515625;396786900;373.201416015625
2021-04-05;403.4599914550781;411.6700134277344;403.3800048828125;411.489990234375;328509800;383.3370666503906
2021-04-12;410.8500061035156;417.9100036621094;410.20001220703125;417.260009765625;317182900;388.71234130859375
2021-04-19;416.260009765625;418.25;410.5899963378906;416.739990234375;397935300;388.2279052734375
2021-04-26;417.44000244140625;420.7200012207031;416.29998779296875;417.29998779296875;318795700;388.7496337890625
2021-05-03;419.42999267578125;422.82000732421875;411.6700134277344;422.1199951171875;371936900;393.23974609375
2021-05-10;422.5;422.739990234375;404.0;416.5799865722656;522147000;388.0788269042969
2021-05-17;415.3900146484375;418.20001220703125;405.3299865722656;414.94000244140625;386007400;386.55108642578125
2021-05-24;417.3399963378906;421.25;417.0799865722656;420.0400085449219;267144600;391.3021240234375
2021-05-31;422.57000732421875;422.9200134277344;416.2799987792969;422.6000061035156;217391300;393.68701171875
2021-06-07;422.5899963378906;424.6300048828125;420.32000732421875;424.30999755859375;243716500;395.280029296875
2021-06-14;424.42999267578125;425.4599914550781;414.70001220703125;414.9200134277344;383879100;387.7969970703125
2021-06-21;416.79998779296875;427.0899963378906;415.92999267578125;426.6099853515625;283207500;398.72283935546875
2021-06-28;427.1700134277344;434.1000061035156;425.8900146484375;433.7200012207031;265096700;405.3680419921875
2021-07-05;433.7799987792969;435.8399963378906;427.5199890136719;435.5199890136719;306093700;407.0504150390625
2021-07-12;435.42999267578125;437.9200134277344;430.9200134277344;431.3399963378906;300932400;403.1435852050781
2021-07-19;426.19000244140625;440.29998779296875;421.9700012207031;439.94000244140625;423964700;411.1815185546875
2021-07-26;439.30999755859375;441.79998779296875;435.989990234375;438.510009765625;279975200;409.8449401855469
2021-08-02;440.3399963378906;442.94000244140625;436.1000061035156;442.489990234375;249469100;413.56475830078125
2021-08-09;442.4599914550781;445.94000244140625;441.30999755859375;445.9200134277344;206975900;416.7705383300781
2021-08-16;444.5299987792969;447.1099853515625;436.1199951171875;443.3599853515625;420586700;414.3778991699219
2021-08-23;445.1600036621094;450.6499938964844;443.44000244140625;450.25;269312100;420.8174743652344
2021-08-30;450.9700012207031;454.04998779296875;450.7099914550781;453.0799865722656;246050500;423.4625244140625
2021-09-06;452.7099914550781;452.80999755859375;445.30999755859375;445.44000244140625;255772000;416.3218688964844
2021-09-13;448.6400146484375;448.9200134277344;441.0199890136719;441.3999938964844;436939600;413.86761474609375
2021-09-20;434.8800048828125;444.8900146484375;428.8599853515625;443.9100036621094;499812500;416.2210693359375
2021-09-27;442.80999755859375;444.04998779296875;427.2300109863281;434.239990234375;543882700;407.15423583984375
2021-10-04;433.0;441.67999267578125;426.3599853515625;437.8599853515625;479279600;410.54840087890625
2021-10-11;437.1600036621094;446.260009765625;431.5400085449219;445.8699951171875;345885500;418.0588684082031
2021-10-18;443.9700012207031;454.6700134277344;443.2699890136719;453.1199951171875;258932100;424.8566589355469
2021-10-25;454.2799987792969;459.55999755859375;452.3900146484375;459.25;295327900;430.6042785644531
2021-11-01;460.29998779296875;470.6499938964844;458.20001220703125;468.5299987792969;269089500;439.30548095703125
2021-11-08;469.70001220703125;470.2300109863281;462.0400085449219;467.2699890136719;259299200;438.1240234375
2021-11-15;468.6400146484375;470.94000244140625;466.2300109863281;468.8900146484375;251637500;439.64306640625
2021-11-22;470.8900146484375;473.5400085449219;457.7699890136719;458.9700012207031;320496900;430.3417053222656
2021-11-29;464.07000732421875;466.55999755859375;448.9200134277344;453.4200134277344;631737000;425.1379699707031
2021-12-06;456.1300048828125;470.8999938964844;453.55999755859375;470.739990234375;405133400;441.3775634765625
2021-12-13;470.19000244140625;472.8699951171875;458.05999755859375;459.8699951171875;553968300;432.700439453125
2021-12-20;454.4800109863281;472.19000244140625;451.1400146484375;470.6000061035156;292271000;442.7965087890625
2021-12-27;472.05999755859375;479.0;472.010009765625;474.9599914550781;279152600;446.89892578125
2022-01-03;476.29998779296875;479.9800109863281;464.6499938964844;466.0899963378906;420356300;438.5529479980469
2022-01-10;462.70001220703125;473.20001220703125;456.6000061035156;464.7200012207031;448334500;437.2639465332031
2022-01-17;459.739990234375;459.9599914550781;437.95001220703125;437.9800109863281;543717600;412.1037902832031
2022-01-24;432.0299987792969;444.0400085449219;420.760009765625;441.95001220703125;920508000;415.8392639160156
2022-01-31;441.239990234375;458.1199951171875;439.80999755859375;448.70001220703125;629246600;422.19036865234375
2022-02-07;449.510009765625;457.8800048828125;438.94000244140625;440.4599914550781;551393100;414.43719482421875
2022-02-14;439.9200134277344;448.05999755859375;431.82000732421875;434.2300109863281;531254600;408.5753479003906
2022-02-21;431.8900146484375;437.8399963378906;410.6400146484375;437.75;592717200;411.8873596191406
2022-02-28;432.0299987792969;441.1099853515625;427.1099853515625;432.1700134277344;620607300;406.636962890625
2022-03-07;431.54998779296875;432.29998779296875;415.1199951171875;420.07000732421875;609269100;395.25189208984375
2022-03-14;420.8900146484375;444.8599853515625;415.7900085449219;444.5199890136719;555925500;419.5567321777344
2022-03-21;444.3399963378906;452.9800109863281;440.67999267578125;452.69000244140625;384264500;427.2679138183594
2022-03-28;452.05999755859375;462.07000732421875;449.1400146484375;452.9200134277344;445526900;427.4849853515625
2022-04-04;453.1300048828125;457.8299865722656;443.4700012207031;447.57000732421875;398083400;422.4354553222656
2022-04-11;444.1099853515625;445.75;436.6499938964844;437.7900085449219;346074000;413.2047119140625
2022-04-18;436.80999755859375;450.010009765625;425.44000244140625;426.0400085449219;426937000;402.1144714355469
2022-04-25;423.6700134277344;429.6400146484375;411.2099914550781;412.0;596614200;388.86297607421875
2022-05-02;412.07000732421875;429.6600036621094;405.0199890136719;411.3399963378906;727288500;388.2401123046875
2022-05-09;405.1000061035156;406.4100036621094;385.1499938964844;401.7200012207031;659709500;379.1603088378906
2022-05-16;399.9800109863281;408.57000732421875;380.5400085449219;389.6300048828125;509269500;367.749267578125
2022-05-23;392.8299865722656;415.3800048828125;386.9599914550781;415.260009765625;426273600;391.93994140625
2022-05-30;413.54998779296875;417.44000244140625;406.92999267578125;410.5400085449219;334006700;387.4849548339844
2022-06-06;414.7799987792969;416.6099853515625;389.75;389.79998779296875;400315000;367.90966796875
2022-06-13;379.8500061035156;383.8999938964844;362.1700134277344;365.8599853515625;645270700;346.80572509765625
2022-06-20;371.8900146484375;390.0899963378906;370.17999267578125;390.0799865722656;344213700;369.7643737792969
2022-06-27;391.04998779296875;393.1600036621094;372.55999755859375;381.239990234375;405582500;361.38482666015625
2022-07-04;375.8800048828125;390.6400146484375;372.8999938964844;388.6700134277344;288787900;368.42779541015625
2022-07-11;385.8500061035156;386.8699951171875;371.0400085449219;385.1300048828125;373575900;365.0721435546875
2022-07-18;388.3800048828125;400.17999267578125;380.6600036621094;395.0899963378906;350654600;374.5133361816406
2022-07-25;395.75;413.0299987792969;389.95001220703125;411.989990234375;349890300;390.5332946777344
2022-08-01;409.1499938964844;415.67999267578125;406.82000732421875;413.4700012207031;303725000;391.9361572265625
2022-08-08;415.25;427.2099914550781;410.2200012207031;427.1000061035156;288667800;404.8563537597656
2022-08-15;424.7699890136719;431.7300109863281;421.2200012207031;422.1400146484375;293940800;400.1546936035156
2022-08-22;417.04998779296875;419.9599914550781;405.25;405.30999755859375;330007900;384.20111083984375
2022-08-29;402.20001220703125;405.8399963378906;390.0400085449219;392.239990234375;405425100;371.8118591308594
2022-09-05;393.1300048828125;407.510009765625;388.4200134277344;406.6000061035156;305130200;385.4239501953125
2022-09-12;408.7799987792969;411.7300109863281;382.1099853515625;385.55999755859375;467945700;366.9811096191406
2022-09-19;382.260009765625;389.30999755859375;363.2900085449219;367.95001220703125;469119500;350.21966552734375
2022-09-26;366.4100036621094;372.29998779296875;357.0400085449219;357.17999267578125;578341000;339.9686279296875
2022-10-03;361.0799865722656;379.4599914550781;359.2099914550781;362.7900085449219;471548000;345.3083190917969
2022-10-10;363.9599914550781;370.260009765625;348.1099853515625;357.6300048828125;516508900;340.3969421386719
2022-10-17;364.010009765625;375.45001220703125;357.2799987792969;374.2900085449219;489399500;356.254150390625
2022-10-24;375.8900146484375;389.5199890136719;373.1099853515625;389.0199890136719;450644300;370.27435302734375
2022-10-31;386.44000244140625;390.3900146484375;368.7900085449219;376.3500061035156;499634600;358.2148742675781
2022-11-07;377.7099914550781;399.3500061035156;373.6099853515625;398.510009765625;466719200;379.3070373535156
2022-11-14;396.6600036621094;402.30999755859375;390.1400146484375;396.0299987792969;401025300;376.9465637207031
2022-11-21;394.6400146484375;402.92999267578125;392.6600036621094;402.3299865722656;210479200;382.9429626464844
2022-11-28;399.0899963378906;410.0;393.29998779296875;406.9100036621094;426499200;387.3022766113281
2022-12-05;403.95001220703125;404.92999267578125;391.6400146484375;393.2799987792969;363375500;374.3290710449219
2022-12-12;394.1099853515625;410.489990234375;381.0400085449219;383.2699890136719;544863500;366.4765625
2022-12-19;383.4700012207031;387.4100036621094;374.7699890136719;382.9100036621094;392450900;366.1324157714844
2022-12-26;382.7900085449219;384.3500061035156;376.4200134277344;382.42999267578125;273542800;365.67340087890625
2023-01-02;384.3699951171875;389.25;377.8299865722656;388.0799865722656;341944900;371.0758056640625
2023-01-09;390.3699951171875;399.1000061035156;386.2699890136719;398.5;362278900;381.03924560546875
2023-01-16;398.4800109863281;400.2300109863281;387.260009765625;395.8800048828125;341074900;378.53411865234375
2023-01-23;396.7200012207031;408.1600036621094;393.55999755859375;405.67999267578125;369137600;387.9046936035156
2023-01-30;402.79998779296875;418.30999755859375;400.2799987792969;412.3500061035156;458864300;394.28240966796875
2023-02-06;409.7900085449219;416.489990234375;405.010009765625;408.0400085449219;376978100;390.16131591796875
2023-02-13;408.7200012207031;415.04998779296875;404.04998779296875;407.260009765625;380547800;389.4154968261719
2023-02-20;403.05999755859375;404.1600036621094;393.6400146484375;396.3800048828125;370835000;379.0122375488281
2023-02-27;399.8699951171875;404.45001220703125;392.3299865722656;404.19000244140625;451837900;386.47991943359375
2023-03-06;405.04998779296875;407.45001220703125;384.32000732421875;385.9100036621094;557051400;369.0009460449219
2023-03-13;381.80999755859375;396.4700012207031;380.6499938964844;389.989990234375;764346900;374.3252868652344
2023-03-20;390.79998779296875;402.489990234375;389.3999938964844;395.75;523360300;379.8539733886719
2023-03-27;398.1199951171875;409.70001220703125;393.69000244140625;409.3900146484375;396282600;392.9461364746094
2023-04-03;408.8500061035156;411.9200134277344;405.67999267578125;409.19000244140625;262936100;392.754150390625
2023-04-10;406.6099853515625;415.0899963378906;405.9700012207031;412.4599914550781;373375600;395.8927917480469
2023-04-17;412.3699951171875;415.7200012207031;410.1700134277344;412.20001220703125;334521500;395.64324951171875
2023-04-24;411.989990234375;415.94000244140625;403.7799987792969;415.92999267578125;424947300;399.22344970703125
2023-05-01;415.4700012207031;417.6199951171875;403.739990234375;412.6300048828125;440446300;396.05596923828125
2023-05-08;412.9700012207031;414.5400085449219;408.8699951171875;411.5899963378906;336048400;395.0577392578125
2023-05-15;412.2200012207031;420.7200012207031;410.2300109863281;418.6199951171875;400252400;401.8053894042969
2023-05-22;418.6400146484375;420.7699890136719;409.8800048828125;420.0199890136719;421134200;403.14910888671875
2023-05-29;422.0299987792969;428.739990234375;416.2200012207031;427.9200134277344;363319000;410.7318115234375
2023-06-05;428.2799987792969;431.989990234375;425.82000732421875;429.8999938964844;362551300;412.63226318359375
2023-06-12;430.9200134277344;443.8999938964844;430.1700134277344;439.4599914550781;497085000;423.3751525878906
2023-06-19;437.45001220703125;438.3699951171875;432.4700012207031;433.2099914550781;315854400;417.3538818359375
2023-06-26;432.6199951171875;444.29998779296875;431.19000244140625;443.2799987792969;394119600;427.0553283691406
2023-07-03;442.9200134277344;444.0799865722656;437.05999755859375;438.54998779296875;258004300;422.4984130859375
2023-07-10;438.17999267578125;451.3599853515625;437.5899963378906;449.2799987792969;361072800;432.8357849121094
2023-07-17;449.1300048828125;456.42999267578125;449.0799865722656;452.17999267578125;341107300;435.6296081542969
2023-07-24;453.3699951171875;459.44000244140625;451.54998779296875;456.9200134277344;352473700;440.1961364746094
2023-07-31;457.4100036621094;458.1600036621094;446.2699890136719;446.80999755859375;375670300;430.4561767578125
2023-08-07;448.7099914550781;451.70001220703125;443.3500061035156;445.6499938964844;370204800;429.338623046875
2023-08-14;444.70001220703125;448.1099853515625;433.010009765625;436.5;398245400;420.5235290527344
2023-08-21;437.54998779296875;445.2200012207031;435.0;439.9700012207031;392996600;423.8664245605469
2023-08-28;442.239990234375;453.6700134277344;439.9700012207031;451.19000244140625;338759900;434.67584228515625
2023-09-04;450.7300109863281;451.05999755859375;442.75;445.5199890136719;257939800;429.2133483886719
2023-09-11;448.239990234375;451.0799865722656;442.9200134277344;443.3699951171875;383224500;428.64874267578125
2023-09-18;443.04998779296875;444.9700012207031;429.989990234375;430.4200134277344;409754900;416.1286926269531
2023-09-25;429.1700134277344;432.2699890136719;422.2900085449219;427.4800109863281;479118300;413.2862548828125
2023-10-02;426.6199951171875;431.1300048828125;420.17999267578125;429.5400085449219;458428200;415.27789306640625
2023-10-09;427.5799865722656;437.3399963378906;427.010009765625;431.5;397730700;417.1728210449219
2023-10-16;433.82000732421875;438.1400146484375;421.0799865722656;421.19000244140625;489560600;407.2051696777344
2023-10-23;419.6099853515625;424.82000732421875;409.2099914550781;410.67999267578125;487347000;397.0440673828125
2023-10-30;413.55999755859375;436.2900085449219;412.2200012207031;434.69000244140625;459402700;420.2568664550781
2023-11-06;435.4700012207031;440.92999267578125;433.3999938964844;440.6099853515625;366470400;425.9803771972656
2023-11-13;439.2300109863281;451.4200134277344;438.4200134277344;450.7900085449219;376539600;435.8223571777344
2023-11-20;450.5299987792969;456.3800048828125;450.5199890136719;455.29998779296875;208313100;440.1826171875
2023-11-27;454.6499938964844;459.6499938964844;453.3399963378906;459.1000061035156;344703100;443.8564453125
2023-12-04;455.6000061035156;460.75;454.30999755859375;460.20001220703125;361538900;444.919921875
2023-12-11;459.69000244140625;473.7300109863281;459.4700012207031;469.3299865722656;487187500;455.5863952636719
2023-12-18;470.9800109863281;475.8999938964844;467.82000732421875;473.6499938964844;382886000;459.77996826171875
2023-12-25;474.07000732421875;477.54998779296875;473.29998779296875;475.30999755859375;322828500;461.39129638671875
2024-01-01;472.1600036621094;473.6700134277344;466.42999267578125;467.9200134277344;397560700;454.2177429199219
2024-01-08;468.42999267578125;478.6000061035156;468.29998779296875;476.67999267578125;344088200;462.7212219238281
2024-01-15;475.260009765625;482.7200012207031;469.8699951171875;482.42999267578125;356549500;468.3028259277344
2024-01-22;484.010009765625;489.1199951171875;482.7799987792969;487.4100036621094;356721800;473.13702392578125
2024-01-29;487.7300109863281;496.04998779296875;482.8599853515625;494.3500061035156;437072100;479.8737487792969
2024-02-05;493.70001220703125;501.6499938964844;490.2300109863281;501.20001220703125;318555200;486.5232238769531
2024-02-12;501.1700134277344;503.5;490.7200012207031;499.510009765625;375205200;484.8826599121094
2024-02-19;497.7200012207031;510.1300048828125;493.55999755859375;507.8500061035156;268754400;492.9784240722656
2024-02-26;508.29998779296875;513.2899780273438;504.75;512.8499755859375;316517400;497.8320007324219
2024-03-04;512.030029296875;518.219970703125;504.9100036621094;511.7200012207031;336221900;496.73516845703125
2024-03-11;510.4800109863281;517.3800048828125;508.1199951171875;509.8299865722656;408593800;496.4381103515625
2024-03-18;514.0;524.1099853515625;511.1199951171875;521.2100219726562;358570100;507.5192565917969
2024-03-25;519.7999877929688;524.6099853515625;518.4000244140625;523.0700073242188;293270500;509.330322265625
2024-04-01;523.8300170898438;524.3800048828125;512.760009765625;518.4299926757812;367268200;504.8122253417969
2024-04-08;519.1500244140625;520.75;509.0799865722656;510.8500061035156;361763900;497.43133544921875
2024-04-15;515.1300048828125;515.2999877929688;493.8599853515625;495.1600036621094;418256400;482.15350341796875
2024-04-22;497.8299865722656;509.8800048828125;495.42999267578125;508.260009765625;321951200;494.909423828125
2024-04-29;510.0899963378906;512.5499877929688;499.54998779296875;511.2900085449219;339448700;497.8598327636719
2024-05-06;513.75;522.6400146484375;513.2999877929688;520.8400268554688;237750100;507.15899658203125
2024-05-13;522.5599975585938;531.52001953125;519.739990234375;529.4500122070312;263189600;515.542724609375
2024-05-20;529.5700073242188;533.0700073242188;524.719970703125;529.4400024414062;218093500;515.5330200195312
2024-05-27;530.27001953125;530.510009765625;518.3599853515625;527.3699951171875;218623300;513.517333984375
2024-06-03;529.02001953125;536.8900146484375;522.5999755859375;534.010009765625;203111800;519.9830322265625
2024-06-10;533.1799926757812;544.1199951171875;532.0499877929688;542.780029296875;220171600;528.5227661132812
2024-06-17;542.0800170898438;550.1199951171875;541.6099853515625;544.510009765625;231882700;531.9176635742188
2024-06-24;544.3300170898438;550.280029296875;542.4400024414062;544.219970703125;233201500;531.6343994140625
2024-07-01;545.6300048828125;555.0499877929688;542.52001953125;554.6400146484375;155010900;541.8134765625
2024-07-08;555.4400024414062;563.6699829101562;554.1900024414062;559.989990234375;208240000;547.0396118164062
2024-07-15;562.030029296875;565.1599731445312;547.9099731445312;548.989990234375;255958100;536.2940673828125
2024-07-22;553.0;556.739990234375;537.4500122070312;544.4400024414062;267223700;531.8493041992188
2024-07-29;546.02001953125;554.8699951171875;528.5999755859375;532.9000244140625;311250600;520.5762329101562
2024-08-05;511.6400146484375;534.510009765625;510.2699890136719;532.989990234375;410688200;520.6641235351562
2024-08-12;534.2100219726562;555.02001953125;530.9500122070312;554.3099975585938;242599600;541.4910278320312
2024-08-19;554.72998046875;563.1799926757812;553.8599853515625;562.1300048828125;221129600;549.1302490234375
2024-08-26;563.1799926757812;564.2000122070312;555.0399780273438;563.6799926757812;210963800;550.6442260742188
2024-09-02;558.3499755859375;560.8099975585938;539.4400024414062;540.3599853515625;220583100;527.8636474609375
2024-09-09;544.6500244140625;563.030029296875;539.9600219726562;562.010009765625;243219100;549.0130615234375
2024-09-16;561.739990234375;572.8800048828125;559.9000244140625;568.25;297840600;556.8114624023438
2024-09-23;569.3400268554688;574.7100219726562;567.5999755859375;571.469970703125;219788100;559.966552734375
2024-09-30;570.4199829101562;574.3800048828125;565.27001953125;572.97998046875;258109600;561.4461669921875
2024-10-07;571.2999877929688;580.3300170898438;566.6300048828125;579.5800170898438;211681700;567.913330078125
2024-10-14;581.219970703125;586.1199951171875;578.5399780273438;584.5900268554688;192956700;572.8224487304688
2024-10-21;583.8499755859375;584.8499755859375;574.4199829101562;579.0399780273438;202185500;567.3841552734375
2024-10-28;582.5800170898438;583.3200073242188;568.4400024414062;571.0399780273438;220360200;559.545166015625
2024-11-04;571.1799926757812;599.6400146484375;567.8900146484375;598.1900024414062;239555400;586.148681640625
2024-11-11;599.8099975585938;600.1699829101562;583.8599853515625;585.75;242874400;573.958984375
2024-11-18;586.219970703125;596.1500244140625;584.030029296875;595.510009765625;221423000;583.5226440429688
2024-11-25;599.52001953125;603.3499755859375;595.2000122070312;602.5499877929688;152240300;590.4208984375
2024-12-02;602.969970703125;609.0700073242188;602.3400268554688;607.8099975585938;161443900;595.5750122070312
2024-12-09;607.6900024414062;608.4299926757812;602.1300048828125;604.2100219726562;168103400;592.0474853515625
2024-12-16;606.0;607.780029296875;580.9099731445312;591.1500244140625;419353600;581.2000122070312
2024-12-23;590.8900146484375;602.47998046875;587.6599731445312;595.010009765625;196984300;584.9949340820312
2024-12-30;587.8900146484375;592.5999755859375;580.5;591.9500122070312;201724000;581.9864501953125
2025-01-06;596.27001953125;599.7000122070312;578.5499877929688;580.489990234375;228482200;570.7192993164062
2025-01-13;575.77001953125;599.3599853515625;575.3499755859375;597.5800170898438;254621200;587.521728515625
2025-01-20;600.6699829101562;610.780029296875;598.6699829101562;607.969970703125;166485700;597.73681640625
2025-01-27;594.8099975585938;609.9600219726562;594.6400146484375;601.8200073242188;257820000;591.6902465820312
2025-02-03;592.6699829101562;608.1300048828125;590.489990234375;600.77001953125;216528100;590.6580810546875
2025-02-10;604.030029296875;610.989990234375;598.510009765625;609.7000122070312;169013200;599.437744140625
2025-02-17;610.8800048828125;613.22998046875;599.469970703125;599.9400024414062;170833900;589.8419799804688
2025-02-24;602.02001953125;603.030029296875;582.4400024414062;594.1799926757812;315266100;584.178955078125
2025-03-03;596.1799926757812;597.3400268554688;565.6300048828125;575.9199829101562;416381600;566.2262573242188
2025-03-10;567.5900268554688;569.5399780273438;549.6799926757812;562.8099975585938;393756600;553.3369140625
2025-03-17;562.7899780273438;570.9500122070312;558.030029296875;563.97998046875;328327300;556.1552734375
2025-03-24;570.7999877929688;576.4099731445312;555.0700073242188;555.6599731445312;262797700;547.95068359375
2025-03-31;549.8300170898438;567.4199829101562;505.05999755859375;505.2799987792969;569903400;498.26971435546875
2025-04-07;489.19000244140625;548.6199951171875;481.79998779296875;533.9400024414062;924492800;526.5320434570312
2025-04-14;544.0499877929688;544.280029296875;520.2899780273438;526.4099731445312;288279800;519.1065063476562
2025-04-21;521.1599731445312;551.0499877929688;508.4599914550781;550.6400146484375;361176900;543.0003051757812
2025-04-28;551.3900146484375;568.3800048828125;541.52001953125;566.760009765625;312393800;558.896728515625
2025-05-05;562.5700073242188;570.3099975585938;556.0399780273438;564.3400268554688;245246100;556.5103149414062
2025-05-12;581.469970703125;594.5;577.0399780273438;594.2000122070312;360544500;585.9559936523438
2025-05-19;588.0999755859375;595.5399780273438;575.5999755859375;579.1099853515625;370870100;571.0752563476562
2025-05-26;586.0700073242188;593.2000122070312;578.4299926757812;589.3900146484375;301608500;581.2127685546875
2025-06-02;587.760009765625;600.8300170898438;585.0599975585938;599.1400146484375;341418300;590.8274536132812
2025-06-09;599.719970703125;605.0599975585938;595.47998046875;597.0;346556600;588.7172241210938
2025-06-16;600.4000244140625;604.4500122070312;592.8599853515625;594.280029296875;332849900;587.7674560546875
2025-06-23;595.0399780273438;616.3900146484375;591.8900146484375;614.9099731445312;382082900;608.1713256835938
2025-06-30;617.3800048828125;626.280029296875;615.0399780273438;625.3400268554688;280108800;618.487060546875
2025-07-07;623.3599853515625;626.8699951171875;617.8699951171875;623.6199951171875;321151600;616.7858276367188
2025-07-14;623.1599731445312;629.469970703125;618.0499877929688;627.5800170898438;349710600;620.7024536132812
2025-07-21;628.77001953125;637.5800170898438;626.1900024414062;637.0999755859375;322104800;630.1180419921875
2025-07-28;637.47998046875;639.8499755859375;619.2899780273438;621.719970703125;439381100;614.9066162109375
2025-08-04;625.6699829101562;637.6500244140625;625.5800170898438;637.1799926757812;343884300;630.197265625
2025-08-11;637.4600219726562;646.1900024414062;634.6599731445312;643.4400024414062;311485900;636.388671875
2025-08-18;642.8599853515625;646.5;632.9500122070312;645.3099975585938;341334900;638.2381591796875
2025-08-25;644.0399780273438;649.47998046875;641.5700073242188;645.0499877929688;287238700;637.98095703125
2025-09-01;637.5;652.2100219726562;634.9199829101562;647.239990234375;303202500;640.1469116210938
2025-09-08;648.6199951171875;659.1099853515625;647.219970703125;657.4099731445312;350016000;650.2054443359375
2025-09-15;659.6400146484375;664.8900146484375;654.2999877929688;663.7000122070312;415298400;658.2465209960938
2025-09-22;662.2000122070312;667.3400268554688;654.4099731445312;661.8200073242188;378044600;656.3820190429688
2025-09-29;664.3599853515625;672.6799926757812;661.6099853515625;669.2100219726562;359722800;663.7112426757812
2025-10-06;671.6199951171875;673.9500122070312;652.8400268554688;653.02001953125;413270100;647.6542358398438
2025-10-13;660.6500244140625;670.22998046875;653.1699829101562;664.3900146484375;457106900;658.9308471679688
2025-10-20;667.3200073242188;678.469970703125;663.2999877929688;677.25;337267400;671.6851806640625
2025-10-27;682.72998046875;689.7000122070312;679.239990234375;682.0599975585938;374234900;676.4556274414062
2025-11-03;685.6699829101562;685.7999877929688;661.2100219726562;670.969970703125;395772100;665.4567260742188
2025-11-10;677.239990234375;684.9600219726562;663.27001953125;671.9299926757812;397413300;666.408935546875
2025-11-17;669.7000122070312;675.5599975585938;650.8499755859375;659.030029296875;588876300;653.6149291992188
2025-11-24;662.6900024414062;683.6699829101562;661.5900268554688;683.3900146484375;282606600;677.7747192382812
2025-12-01;678.8099975585938;688.3900146484375;678.739990234375;685.6900024414062;322604800;680.0557861328125
2025-12-08;686.5900268554688;689.25;679.1699829101562;681.760009765625;398546900;676.1580810546875
2025-12-15;685.739990234375;685.760009765625;671.2000122070312;680.5900268554688;535716400;676.9923095703125
2025-12-22;683.9400024414062;691.6599731445312;680.5900268554688;690.3099975585938;215455600;686.660888671875
2025-12-29;687.5399780273438;689.2000122070312;679.8200073242188;683.1699829101562;273242200;679.55859375
2026-01-05;686.5399780273438;695.3099975585938;686.3800048828125;694.0700073242188;360934000;690.4010009765625
2026-01-12;690.6799926757812;696.0900268554688;686.0399780273438;691.6599731445312;394113600;688.0037231445312
2026-01-19;681.489990234375;691.1300048828125;676.5700073242188;689.22998046875;379639600;685.5865478515625
2026-01-26;690.489990234375;697.8400268554688;684.8300170898438;691.969970703125;376473400;688.3120727539062
2026-02-02;689.5800170898438;696.9600219726562;675.7899780273438;690.6199951171875;495134100;686.96923828125
2026-02-09;689.4199829101562;697.1400146484375;677.52001953125;681.75;430521300;678.1461181640625
2026-02-16;680.1400146484375;690.0599975585938;675.780029296875;689.4299926757812;313608400;685.7855834960938
2026-02-23;687.8300170898438;693.6799926757812;680.0;685.989990234375;375706200;682.3637084960938
2026-03-02;678.7000122070312;688.6199951171875;669.6599731445312;672.3800048828125;478956000;668.82568359375
2026-03-09;666.3900146484375;683.3599853515625;661.3599853515625;662.2899780273438;458697100;658.7890014648438
2026-03-16;668.3800048828125;674.4400024414062;644.719970703125;648.5700073242188;526103700;646.9034423828125
2026-03-23;658.0700073242188;662.6199951171875;633.1099853515625;634.0900268554688;522057800;632.4606323242188
2026-03-30;640.1099853515625;658.52001953125;629.280029296875;655.8300170898438;418010200;654.144775390625
2026-04-06;655.8599853515625;682.030029296875;651.0599975585938;679.4600219726562;302080200;677.7140502929688
2026-04-13;677.4099731445312;712.3900146484375;676.5800170898438;710.1400146484375;296541000;708.3152465820312
2026-04-20;708.780029296875;714.469970703125;702.280029296875;713.9400024414062;246362700;712.10546875
2026-04-27;713.1699829101562;724.8699951171875;708.3699951171875;720.6500244140625;228403200;718.7982177734375
2026-05-04;720.0700073242188;738.0800170898438;714.989990234375;737.6199951171875;241124400;735.724609375
2026-05-11;736.4500122070312;749.530029296875;731.8300170898438;739.1699829101562;248127900;737.2706298828125
2026-05-18;739.8300170898438;748.9400024414062;731.530029296875;745.6400146484375;232962000;743.7239990234375
2026-05-25;750.010009765625;758.0800170898438;748.219970703125;756.47998046875;179868200;754.5361328125
2026-06-01;755.3599853515625;760.4000244140625;735.530029296875;737.5499877929688;270531700;735.65478515625
2026-06-08;743.3599853515625;746.9000244140625;722.5900268554688;741.75;340753900;739.843994140625
2026-06-15;751.8499755859375;756.6799926757812;739.219970703125;746.739990234375;294090400;746.739990234375
2026-06-22;747.7000122070312;750.1799926757812;716.5800170898438;728.989990234375;295882800;728.989990234375
2026-06-29;736.530029296875;751.3099975585938;732.0900268554688;744.780029296875;218209900;744.780029296875
2026-07-06;748.739990234375;755.4199829101562;739.510009765625;754.9500122070312;221795200;754.9500122070312
2026-07-13;752.469970703125;755.5800170898438;740.7999877929688;743.2899780273438;232062300;743.2899780273438
2026-07-20;747.0599975585938;750.02001953125;735.2100219726562;738.9299926757812;217802100;738.9299926757812
2026-07-27;744.9099731445312;748.9000244140625;729.0999755859375;747.030029296875;288737800;747.030029296875
2026-08-03;749.4400024414062;776.8499755859375;748.7999877929688;773.260009765625;255774600;773.260009765625
2026-08-10;772.5999755859375;779.3699951171875;769.2000122070312;776.3400268554688;176171600;776.3400268554688
