datetime;open;high;low;close;volume;adjclose
2008-11-17;7.767499923706055;7.997499942779541;4.267499923706055;5.527500152587891;49938400;4.503642559051514
2008-11-24;5.872499942779541;8.664999961853027;5.599999904632568;8.664999961853027;43705600;7.059981346130371
2008-12-01;7.827499866485596;7.932499885559082;5.375;7.210000038146973;118462400;5.874492645263672
2008-12-08;7.789999961853027;8.8100004196167;6.177499771118164;7.417500019073486;140321600;6.043556213378906
2008-12-15;7.607500076293945;8.859999656677246;6.397500038146973;8.25;131356800;6.7307329177856445
2008-12-22;8.335000038146973;8.362500190734863;6.927499771118164;7.6875;69316000;6.271817684173584
2008-12-29;7.65500020980835;9.244999885559082;6.985000133514404;8.977499961853027;91955600;7.3242621421813965
2009-01-05;9.137499809265137;9.907500267028809;7.75;7.875;156658800;6.4247894287109375
2009-01-12;7.767499923706055;7.852499961853027;5.875;6.992499828338623;199211600;5.70480489730835
2009-01-19;6.732500076293945;6.877500057220459;5.347499847412109;5.96750020980835;193993600;4.868562698364258
2009-01-26;5.949999809265137;7.21999979019165;5.792500019073486;5.917500019073486;209927200;4.827770709991455
2009-02-02;5.612500190734863;7.012499809265137;5.610000133514404;6.922500133514404;199321200;5.647696018218994
2009-02-09;6.869999885559082;7.03249979019165;5.489999771118164;5.932499885559082;185938800;4.840008735656738
2009-02-16;5.287499904632568;5.527500152587891;4.297500133514404;4.614999771118164;197678400;3.765129566192627
2009-02-23;4.699999809265137;4.724999904632568;3.755000114440918;3.882499933242798;285488800;3.167523145675659
2009-03-02;3.6475000381469727;3.7049999237060547;2.567500114440918;2.7725000381469727;347628800;2.2619338035583496
2009-03-09;2.6649999618530273;3.8299999237060547;2.552500009536743;3.7674999237060547;324682000;3.0737016201019287
2009-03-16;3.880000114440918;4.632500171661377;3.4649999141693115;3.8399999141693115;275292400;3.132850408554077
2009-03-23;4.25;5.167500019073486;4.039999961853027;4.650000095367432;339361200;3.8003809452056885
2009-03-30;4.252500057220459;5.497499942779541;3.9700000286102295;5.485000133514404;325770800;4.482814788818359
2009-04-06;5.262499809265137;5.804999828338623;4.637499809265137;5.789999961853027;267545200;4.732086658477783
2009-04-13;5.625;6.34499979019165;5.142499923706055;6.135000228881836;321570400;5.0140509605407715
2009-04-20;5.762499809265137;6.237500190734863;5.072500228881836;5.977499961853027;382974400;4.88532829284668
2009-04-27;5.702499866485596;7.007500171661377;5.5625;6.460000038146973;343067600;5.27966833114624
2009-05-04;6.65500020980835;7.449999809265137;6.432499885559082;7.252500057220459;324212800;5.927367210388184
2009-05-11;6.860000133514404;7.172500133514404;5.682499885559082;5.927499771118164;288312800;4.844461917877197
2009-05-18;6.119999885559082;7.025000095367432;5.775000095367432;5.917500019073486;272987600;4.8362908363342285
2009-05-25;5.739999771118164;6.849999904632568;5.735000133514404;6.75;260509600;5.516680717468262
2009-06-01;7.239999771118164;8.267499923706055;7.135000228881836;7.980000019073486;329532000;6.521943092346191
2009-06-08;7.829999923706055;8.09000015258789;7.297500133514404;7.800000190734863;266149600;6.374832630157471
2009-06-15;7.480000019073486;7.489999771118164;6.625;7.170000076293945;261305600;5.8599419593811035
2009-06-22;7.012499809265137;7.1875;6.227499961853027;7.012499809265137;263712000;5.735466480255127
2009-06-29;7.077499866485596;7.462500095367432;6.477499961853027;6.59499979019165;193416800;5.393996238708496
2009-07-06;6.400000095367432;6.492499828338623;5.565000057220459;5.840000152587891;279525600;4.7764892578125
2009-07-13;5.925000190734863;7.5;5.612500190734863;7.3125;238566400;5.980833053588867
2009-07-20;7.454999923706055;8.572500228881836;7.242499828338623;8.53499984741211;246891600;6.980705738067627
2009-07-27;8.5600004196167;9.329999923706055;8.345000267028809;8.9375;239008800;7.309906005859375
2009-08-03;9.262499809265137;10.045000076293945;8.954999923706055;9.710000038146973;247900000;7.941728115081787
2009-08-10;9.607500076293945;10.02750015258789;9.012499809265137;9.289999961853027;243924000;7.598215579986572
2009-08-17;8.737500190734863;10.229999542236328;8.457500457763672;10.1225004196167;215668400;8.279109001159668
2009-08-24;10.265000343322754;10.675000190734863;9.649999618530273;10.077500343322754;239503600;8.242303848266602
2009-08-31;9.765000343322754;10.104999542236328;8.662500381469727;9.520000457763672;216541600;7.786332607269287
2009-09-07;9.845000267028809;11.042499542236328;9.524999618530273;10.717499732971191;147884400;8.765755653381348
2009-09-14;10.489999771118164;12.3725004196167;10.4399995803833;12.109999656677246;176790400;9.904667854309082
2009-09-21;11.787500381469727;12.65250015258789;10.875;11.055000305175781;180701200;9.051733016967773
2009-09-28;11.289999961853027;12.15999984741211;9.800000190734863;10.055000305175781;186537200;8.232942581176758
2009-10-05;10.194999694824219;11.90999984741211;10.077500343322754;11.882499694824219;177515600;9.729280471801758
2009-10-12;12.0625;12.47249984741211;11.407500267028809;12.015000343322754;146425600;9.837769508361816
2009-10-19;12.1274995803833;12.479999542236328;10.917499542236328;11.074999809265137;210410400;9.068105697631836
2009-10-26;11.177499771118164;11.670000076293945;8.857500076293945;9.024999618530273;301354400;7.389585971832275
2009-11-02;9.180000305175781;10.130000114440918;8.555000305175781;9.859999656677246;253878000;8.073277473449707
2009-11-09;10.1225004196167;10.75;9.600000381469727;10.149999618530273;166292400;8.3107271194458
2009-11-16;10.350000381469727;11.149999618530273;8.642499923706055;8.854999542236328;182438400;8.20324993133545
2009-11-23;9.234999656677246;9.625;8.142499923706055;8.5;116748000;7.874381065368652
2009-11-30;8.425000190734863;9.84749984741211;8.067500114440918;9.632499694824219;186431600;8.923526763916016
2009-12-07;9.630000114440918;9.829999923706055;9.114999771118164;9.507499694824219;145062400;8.807723999023438
2009-12-14;9.732500076293945;10.202500343322754;9.425000190734863;9.962499618530273;143322800;9.22923469543457
2009-12-21;10.175000190734863;11.227499961853027;10.175000190734863;11.199999809265137;73759600;10.375650405883789
2009-12-28;11.34749984741211;11.350000381469727;10.672499656677246;10.6850004196167;58047200;9.89856243133545
2010-01-04;11.164999961853027;11.824999809265137;11.095000267028809;11.824999809265137;120307600;10.9546537399292
2010-01-11;11.992500305175781;12.037500381469727;11.137499809265137;11.367500305175781;151254000;10.530827522277832
2010-01-18;11.479999542236328;11.992500305175781;10.194999694824219;10.267499923706055;206494400;9.51179027557373
2010-01-25;10.477499961853027;10.520000457763672;9.470000267028809;9.510000228881836;220708800;8.810044288635254
2010-02-01;9.677499771118164;10.262499809265137;8.532500267028809;9.100000381469727;197156400;8.430220603942871
2010-02-08;9.007499694824219;9.9375;8.8125;9.932499885559082;173629200;9.201444625854492
2010-02-15;10.25;11.1274995803833;9.96500015258789;10.967499732971191;104511600;10.160269737243652
2010-02-22;11.147500038146973;11.167499542236328;10.40999984741211;10.8100004196167;137909200;10.014360427856445
2010-03-01;11.057499885559082;12.9350004196167;11.029999732971191;12.875;137210000;11.927370071411133
2010-03-08;12.885000228881836;13.774999618530273;12.817500114440918;13.53499984741211;150082400;12.538793563842773
2010-03-15;13.5;14.25;13.102499961853027;13.307499885559082;150901200;12.32803726196289
2010-03-22;13.045000076293945;14.557499885559082;12.949999809265137;13.6274995803833;178693200;12.649351119995117
2010-03-29;13.819999694824219;14.234999656677246;13.572500228881836;13.987500190734863;89170400;12.983511924743652
2010-04-05;14.125;15.145000457763672;14.007499694824219;15.079999923706055;118446000;13.99759292602539
2010-04-12;15.109999656677246;16.614999771118164;14.892499923706055;15.885000228881836;157309600;14.744812965393066
2010-04-19;15.602499961853027;17.7450008392334;14.979999542236328;17.69499969482422;166347600;16.424896240234375
2010-04-26;17.712499618530273;18.059999465942383;15.8125;15.862500190734863;171422400;14.723926544189453
2010-05-03;16.167499542236328;16.962499618530273;10.572500228881836;11.912500381469727;227863200;11.057450294494629
2010-05-10;13.65999984741211;15.789999961853027;13.262499809265137;14.154999732971191;201408400;13.138988494873047
2010-05-17;14.414999961853027;14.922499656677246;10.287500381469727;11.460000038146973;312221200;10.63742733001709
2010-05-24;11.302499771118164;12.515000343322754;9.734999656677246;12.010000228881836;272895200;11.147950172424316
2010-05-31;11.649999618530273;12.399999618530273;10.367500305175781;10.47249984741211;214287200;9.720808982849121
2010-06-07;10.625;11.112500190734863;9.09000015258789;11.079999923706055;284132000;10.284703254699707
2010-06-14;11.52750015258789;12.345000267028809;11.192500114440918;12.050000190734863;198294800;11.185080528259277
2010-06-21;12.617500305175781;12.6850004196167;10.175000190734863;10.859999656677246;291851200;10.08049201965332
2010-06-28;10.8149995803833;11.145000457763672;8.229999542236328;8.635000228881836;324154800;8.0152006149292
2010-07-05;9.09749984741211;9.967499732971191;8.130000114440918;9.960000038146973;214908400;9.245092391967773
2010-07-12;9.897500038146973;10.664999961853027;8.967499732971191;9.0625;264186800;8.412016868591309
2010-07-19;9.142499923706055;10.859999656677246;8.640000343322754;10.8100004196167;270975600;10.034085273742676
2010-07-26;10.949999809265137;11.962499618530273;10.202500343322754;10.8125;242308000;10.036404609680176
2010-08-02;11.3725004196167;11.547499656677246;10.199999809265137;10.837499618530273;231018000;10.059609413146973
2010-08-09;11.087499618530273;11.322500228881836;8.757499694824219;8.8725004196167;314321600;8.2356538772583
2010-08-16;8.697500228881836;9.920000076293945;8.454999923706055;8.869999885559082;337561600;8.233330726623535
2010-08-23;9.079999923706055;9.212499618530273;7.875;9.074999809265137;376804800;8.42361831665039
2010-08-30;8.917499542236328;10.302499771118164;8.207500457763672;10.1899995803833;337888800;9.45858383178711
2010-09-06;10.112500190734863;10.270000457763672;9.532500267028809;9.914999961853027;220900000;9.203323364257812
2010-09-13;10.260000228881836;10.8125;10.15999984741211;10.600000381469727;200072000;9.839157104492188
2010-09-20;10.710000038146973;11.704999923706055;10.392499923706055;11.505000114440918;254521600;10.67919921875
2010-09-27;11.517499923706055;12.332500457763672;10.875;11.962499618530273;256060000;11.103860855102539
2010-10-04;11.869999885559082;12.880000114440918;11.244999885559082;12.692500114440918;224087200;11.781463623046875
2010-10-11;12.71500015258789;13.770000457763672;12.212499618530273;13.242500305175781;216009600;12.291987419128418
2010-10-18;13.359999656677246;13.625;12.449999809265137;13.1850004196167;242078400;12.23861312866211
2010-10-25;13.482500076293945;13.875;12.7524995803833;13.157500267028809;217760400;12.213083267211914
2010-11-01;13.40250015258789;15.297499656677246;12.630000114440918;15.172499656677246;183976000;14.083454132080078
2010-11-08;15.045000076293945;15.332500457763672;14.03499984741211;14.100000381469727;213936400;13.087936401367188
2010-11-15;14.300000190734863;14.567500114440918;12.992500305175781;14.292499542236328;212626800;13.266617774963379
2010-11-22;14.142499923706055;15.047499656677246;13.744999885559082;14.737500190734863;147156000;13.679676055908203
2010-11-29;14.587499618530273;16.364999771118164;14.017499923706055;16.22249984741211;218715600;15.058087348937988
2010-12-06;16.207500457763672;17.71500015258789;16.125;17.592500686645508;174304800;16.32975196838379
2010-12-13;17.78499984741211;17.892499923706055;16.989999771118164;17.737499237060547;147918000;16.46434211730957
2010-12-20;17.9424991607666;18.80500030517578;17.697500228881836;18.5;99458000;17.1721134185791
2010-12-27;18.309999465942383;18.8174991607666;18.075000762939453;18.107500076293945;82960800;16.807783126831055
2011-01-03;18.602500915527344;19.354999542236328;17.522499084472656;18.3125;186096400;16.998071670532227
2011-01-10;18.077499389648438;19.8075008392334;17.645000457763672;19.649999618530273;163544400;18.23957061767578
2011-01-17;19.532499313354492;19.825000762939453;17.264999389648438;17.329999923706055;159507200;16.08609962463379
2011-01-24;17.3174991607666;18.975000381469727;17.142499923706055;17.40250015258789;172666800;16.153385162353516
2011-01-31;17.697500228881836;19.25;17.299999237060547;19.047500610351562;162159600;17.680316925048828
2011-02-07;19.142499923706055;20.68000030517578;19.09749984741211;20.662500381469727;154593600;19.179391860961914
2011-02-14;20.69499969482422;21.94499969482422;20.485000610351562;21.612499237060547;122633200;20.061206817626953
2011-02-21;21.125;21.3700008392334;18.545000076293945;20.610000610351562;179720400;19.130661010742188
2011-02-28;20.982500076293945;21.1875;19.177499771118164;20.774999618530273;223756400;19.283815383911133
2011-03-07;21.0;21.037500381469727;18.397499084472656;19.02750015258789;236702800;17.661752700805664
2011-03-14;18.4424991607666;19.137500762939453;17.1924991607666;18.475000381469727;231865600;17.14890480041504
2011-03-21;19.1924991607666;21.1825008392334;18.725000381469727;20.592500686645508;125019200;19.114421844482422
2011-03-28;20.774999618530273;22.700000762939453;20.102500915527344;22.3075008392334;107861600;20.706321716308594
2011-04-04;22.502500534057617;23.397499084472656;21.59000015258789;21.892499923706055;116499600;20.321102142333984
2011-04-11;21.915000915527344;22.1200008392334;19.950000762939453;21.44499969482422;141162800;19.905729293823242
2011-04-18;20.5;22.15999984741211;19.892499923706055;22.147499084472656;126678800;20.55780601501465
2011-04-25;22.09000015258789;23.927499771118164;21.625;23.6825008392334;118450800;21.982629776000977
2011-05-02;24.0049991607666;24.0625;20.545000076293945;21.174999237060547;192332000;19.65510368347168
2011-05-09;21.125;22.912500381469727;20.950000762939453;21.342500686645508;153579200;19.810588836669922
2011-05-16;20.889999389648438;21.637500762939453;19.732500076293945;20.799999237060547;182464800;19.307025909423828
2011-05-23;19.712499618530273;21.542499542236328;19.24250030517578;21.325000762939453;174424800;19.79434585571289
2011-05-30;22.059999465942383;22.24250030517578;19.075000762939453;19.217500686645508;162290800;17.83811378479004
2011-06-06;19.1200008392334;19.342500686645508;16.950000762939453;17.165000915527344;208083600;15.93293571472168
2011-06-13;17.34749984741211;18.27750015258789;16.637500762939453;17.28499984741211;242303200;16.044322967529297
2011-06-20;17.107500076293945;19.219999313354492;17.087499618530273;18.387500762939453;228740000;17.06768798828125
2011-06-27;18.38249969482422;21.477500915527344;18.0625;21.357500076293945;184533200;19.824508666992188
2011-07-04;21.4375;23.017499923706055;21.13249969482422;22.360000610351562;143032800;20.755050659179688
2011-07-11;21.517499923706055;21.875;19.959999084472656;20.5049991607666;209567200;19.0331974029541
2011-07-18;20.237499237060547;21.559999465942383;19.18000030517578;21.364999771118164;181063200;19.83147430419922
2011-07-25;20.607500076293945;21.157499313354492;17.107500076293945;18.177499771118164;224543200;16.87276268005371
2011-08-01;18.84000015258789;19.0625;11.859999656677246;12.797499656677246;509436800;11.878925323486328
2011-08-08;11.529999732971191;12.422499656677246;8.84000015258789;11.2524995803833;735260800;10.444819450378418
2011-08-15;11.647500038146973;12.244999885559082;8.914999961853027;9.0600004196167;464646400;8.409695625305176
2011-08-22;9.824999809265137;11.217499732971191;8.774999618530273;10.617500305175781;584852400;9.855400085449219
2011-08-29;11.069999694824219;12.897500038146973;10.045000076293945;10.207500457763672;470231200;9.47482967376709
2011-09-05;9.09000015258789;11.470000267028809;9.09000015258789;9.697500228881836;402758800;9.001439094543457
2011-09-12;9.204999923706055;11.727499961853027;9.194999694824219;11.479999542236328;535892800;10.65599250793457
2011-09-19;10.805000305175781;11.359999656677246;7.945000171661377;8.680000305175781;582600000;8.056970596313477
2011-09-26;8.967499732971191;10.427499771118164;8.25;8.25;607996400;7.657835006713867
2011-10-03;8.077500343322754;9.375;6.667500019073486;8.507499694824219;978975200;7.896850109100342
2011-10-10;9.077500343322754;10.90250015258789;8.977499961853027;10.807499885559082;572179600;10.031764030456543
2011-10-17;10.522500038146973;10.8100004196167;9.265000343322754;10.712499618530273;612467200;9.943581581115723
2011-10-24;10.84749984741211;13.357500076293945;10.390000343322754;12.922499656677246;592463600;11.994952201843262
2011-10-31;12.297499656677246;12.602499961853027;10.425000190734863;12.029999732971191;594532000;11.16651725769043
2011-11-07;12.024999618530273;12.545000076293945;10.574999809265137;11.789999961853027;607346000;10.94373893737793
2011-11-14;11.662500381469727;12.02750015258789;10.4375;10.667499542236328;616540400;9.901812553405762
2011-11-21;10.032500267028809;10.164999961853027;8.40999984741211;8.417499542236328;474192400;7.813312530517578
2011-11-28;9.337499618530273;11.614999771118164;9.274999618530273;11.082500457763672;521738400;10.287025451660156
2011-12-05;11.765000343322754;11.967499732971191;10.4975004196167;11.520000457763672;549308800;10.693121910095215
2011-12-12;11.010000228881836;11.454999923706055;9.742500305175781;10.4350004196167;624144800;9.686002731323242
2011-12-19;10.732500076293945;11.6225004196167;9.835000038146973;11.574999809265137;482946800;10.744174003601074
2011-12-26;11.425000190734863;11.845000267028809;10.97249984741211;11.210000038146973;252933600;10.405374526977539
2012-01-02;12.052499771118164;12.137499809265137;10.984999656677246;11.640000343322754;390330800;10.804510116577148
2012-01-09;11.795000076293945;12.637499809265137;11.460000038146973;12.359999656677246;342566400;11.472827911376953
2012-01-16;12.727499961853027;13.412500381469727;12.255000114440918;13.295000076293945;214715600;12.340718269348145
2012-01-23;13.302499771118164;14.145000457763672;12.789999961853027;14.050000190734863;344222800;13.041522979736328
2012-01-30;13.707500457763672;15.90999984741211;13.412500381469727;15.782500267028809;357728400;14.649670600891113
2012-02-06;15.550000190734863;15.90999984741211;14.71500015258789;14.792499542236328;355884800;13.730728149414062
2012-02-13;15.289999961853027;15.922499656677246;14.65250015258789;15.602499961853027;331500000;14.482589721679688
2012-02-20;15.702500343322754;15.765000343322754;14.770000457763672;15.5024995803833;196030400;14.389766693115234
2012-02-27;15.069999694824219;15.7475004196167;13.975000381469727;14.182499885559082;344767200;13.164512634277344
2012-03-05;14.0600004196167;15.157500267028809;13.21500015258789;14.864999771118164;276090000;13.798025131225586
2012-03-12;14.957500457763672;15.770000457763672;14.569999694824219;15.600000381469727;248375200;14.480270385742188
2012-03-19;15.539999961853027;16.389999389648438;14.765000343322754;15.572500228881836;298260400;14.454743385314941
2012-03-26;16.149999618530273;16.670000076293945;15.147500038146973;15.600000381469727;255297600;14.480270385742188
2012-04-02;15.452500343322754;16.270000457763672;14.800000190734863;14.892499923706055;207082800;13.823552131652832
2012-04-09;14.0649995803833;14.487500190734863;13.039999961853027;13.710000038146973;305528800;12.72592830657959
2012-04-16;13.912500381469727;14.75;13.3774995803833;14.02750015258789;276744400;13.020639419555664
2012-04-23;13.397500038146973;15.25;13.047499656677246;15.175000190734863;241748800;14.085774421691895
2012-04-30;15.154999732971191;15.482500076293945;13.329999923706055;13.3774995803833;256111600;12.417296409606934
2012-05-07;13.234999656677246;13.65250015258789;12.829999923706055;13.270000457763672;289393600;12.317509651184082
2012-05-14;12.882499694824219;13.069999694824219;11.154999732971191;11.25;313328800;10.442501068115234
2012-05-21;11.352499961853027;12.307499885559082;11.119999885559082;12.085000038146973;275246800;11.217565536499023
2012-05-28;12.452500343322754;12.71500015258789;10.725000381469727;10.767499923706055;241569200;9.994632720947266
2012-06-04;10.885000228881836;12.524999618530273;10.387499809265137;12.15250015258789;287297200;11.28022289276123
2012-06-11;12.555000305175781;12.587499618530273;11.137499809265137;12.217499732971191;287124400;11.340559005737305
2012-06-18;11.9399995803833;13.125;11.827500343322754;12.327500343322754;289355600;11.44266128540039
2012-06-25;11.787500381469727;13.5649995803833;11.524999618530273;13.467499732971191;230381600;12.500836372375488
2012-07-02;13.662500381469727;14.649999618530273;13.332500457763672;13.952500343322754;119922400;12.95102596282959
2012-07-09;13.907500267028809;14.164999961853027;12.460000038146973;13.520000457763672;207018800;12.549568176269531
2012-07-16;13.442500114440918;14.022500038146973;12.970000267028809;13.137499809265137;161405200;12.194519996643066
2012-07-23;12.397500038146973;13.427499771118164;11.779999732971191;13.265000343322754;220344000;12.312871932983398
2012-07-30;13.324999809265137;13.532500267028809;11.75;12.835000038146973;191421200;11.913735389709473
2012-08-06;12.895000457763672;13.797499656677246;12.822500228881836;13.477499961853027;121002000;12.510115623474121
2012-08-13;13.447500228881836;14.460000038146973;12.962499618530273;14.397500038146973;147073600;13.364083290100098
2012-08-20;14.3149995803833;14.90250015258789;13.550000190734863;13.8774995803833;171429200;12.8814058303833
2012-08-27;14.125;14.494999885559082;13.65250015258789;14.050000190734863;159284400;13.041522979736328
2012-09-03;14.087499618530273;15.787500381469727;13.762499809265137;15.682499885559082;139546000;14.556845664978027
2012-09-10;15.65250015258789;17.2450008392334;15.452500343322754;16.915000915527344;158327200;15.70088005065918
2012-09-17;16.674999237060547;16.8174991607666;15.890000343322754;16.412500381469727;140050400;15.234448432922363
2012-09-24;16.21500015258789;16.59749984741211;15.077500343322754;15.3774995803833;187438400;14.2737398147583
2012-10-01;15.694999694824219;16.389999389648438;15.242500305175781;15.75;181273200;14.619502067565918
2012-10-08;15.482500076293945;15.6274995803833;14.539999961853027;14.614999771118164;159492800;13.565970420837402
2012-10-15;14.760000228881836;15.742500305175781;14.265000343322754;14.467499732971191;187706800;13.429057121276855
2012-10-22;14.357500076293945;14.614999771118164;13.727499961853027;14.085000038146973;217072000;13.074010848999023
2012-10-29;14.104999542236328;15.039999961853027;13.960000038146973;14.112500190734863;108801600;13.09953498840332
2012-11-05;14.114999771118164;14.8125;12.822500228881836;13.125;252842400;12.1829195022583
2012-11-12;13.220000267028809;13.265000343322754;11.5649995803833;12.1899995803833;228434800;11.315031051635742
2012-11-19;12.567500114440918;13.65999984741211;12.532500267028809;13.645000457763672;135291200;12.665595054626465
2012-11-26;13.5600004196167;14.612500190734863;13.192500114440918;14.430000305175781;211175200;13.394248962402344
2012-12-03;14.78499984741211;14.805000305175781;14.085000038146973;14.47249984741211;192354000;13.433699607849121
2012-12-10;14.592499732971191;15.357500076293945;14.449999809265137;14.579999923706055;149842000;13.533483505249023
2012-12-17;14.75;16.1924991607666;14.662500381469727;15.9350004196167;141792800;14.79122543334961
2012-12-24;15.800000190734863;15.84749984741211;14.757499694824219;15.037500381469727;89640000;13.958144187927246
2012-12-31;15.09749984741211;17.790000915527344;14.925000190734863;17.637500762939453;140590400;16.37152099609375
2013-01-07;17.40999984741211;17.9424991607666;17.18000030517578;17.729999542236328;114475200;16.457386016845703
2013-01-14;17.625;18.5049991607666;17.389999389648438;18.457500457763672;104657600;17.13266372680664
2013-01-21;18.522499084472656;19.3174991607666;18.3700008392334;19.302499771118164;90855200;17.917011260986328
2013-01-28;19.395000457763672;19.8075008392334;18.53499984741211;19.6200008392334;132428800;18.21172523498535
2013-02-04;19.247499465942383;19.892499923706055;18.8125;19.857500076293945;143684800;18.432178497314453
2013-02-11;19.825000762939453;20.662500381469727;19.512500762939453;20.450000762939453;114049200;18.982147216796875
2013-02-18;20.5625;21.09000015258789;18.88249969482422;19.957500457763672;113403200;18.524995803833008
2013-02-25;20.264999389648438;20.264999389648438;18.487499237060547;19.825000762939453;168752800;18.402008056640625
2013-03-04;19.6875;21.719999313354492;19.362499237060547;21.719999313354492;132257200;20.16098403930664
2013-03-11;21.497499465942383;22.5575008392334;21.332500457763672;22.38249969482422;97517200;20.775938034057617
2013-03-18;21.69499969482422;22.385000228881836;21.197500228881836;21.967500686645508;155770000;20.390722274780273
2013-03-25;22.162500381469727;22.547500610351562;21.517499923706055;22.239999771118164;90102000;20.64366912841797
2013-04-01;22.229999542236328;22.372499465942383;19.559999465942383;20.399999618530273;117047400;18.93573570251465
2013-04-08;20.6299991607666;22.364999771118164;20.184999465942383;21.68000030517578;72332600;20.123863220214844
2013-04-15;21.30500030517578;21.3700008392334;18.59000015258789;19.5049991607666;122927000;18.10497283935547
2013-04-22;19.584999084472656;21.68000030517578;18.614999771118164;21.020000457763672;84158600;19.511234283447266
2013-04-29;21.28499984741211;22.690000534057617;20.204999923706055;22.190000534057617;82761600;20.597253799438477
2013-05-06;22.264999389648438;23.739999771118164;22.200000762939453;23.69499969482422;76366400;21.994226455688477
2013-05-13;23.625;25.34000015258789;23.3799991607666;25.274999618530273;71479000;23.460819244384766
2013-05-20;25.100000381469727;26.344999313354492;23.3799991607666;24.389999389648438;91208000;22.639341354370117
2013-05-27;25.405000686645508;26.049999237060547;24.0;24.334999084472656;75924800;22.58829116821289
2013-06-03;24.56999969482422;25.350000381469727;22.780000686645508;24.524999618530273;139280000;22.764657974243164
2013-06-10;24.8700008392334;25.0;23.190000534057617;24.1299991607666;118611000;22.39800262451172
2013-06-17;24.774999618530273;25.670000076293945;21.854999542236328;22.809999465942383;155957200;21.172752380371094
2013-06-24;22.024999618530273;24.18000030517578;21.28499984741211;23.545000076293945;140076000;21.85499382019043
2013-07-01;23.954999923706055;25.825000762939453;23.950000762939453;25.764999389648438;68827600;23.91564178466797
2013-07-08;26.125;28.5;25.934999465942383;28.229999542236328;92257400;26.203716278076172
2013-07-15;28.389999389648438;29.725000381469727;28.264999389648438;29.454999923706055;78000800;27.340784072875977
2013-07-22;29.625;30.075000762939453;28.670000076293945;29.290000915527344;87487200;27.187633514404297
2013-07-29;29.079999923706055;30.315000534057617;28.385000228881836;30.19499969482422;81842600;28.027673721313477
2013-08-05;30.06999969482422;30.559999465942383;28.725000381469727;29.165000915527344;96995800;27.071603775024414
2013-08-12;28.604999542236328;29.719999313354492;27.110000610351562;27.229999542236328;97955000;25.27549171447754
2013-08-19;27.174999237060547;28.420000076293945;26.34000015258789;28.344999313354492;105463800;26.310461044311523
2013-08-26;28.524999618530273;28.889999389648438;25.93000030517578;26.114999771118164;99704000;24.24052619934082
2013-09-02;27.184999465942383;28.0;25.850000381469727;27.559999465942383;83192800;25.581806182861328
2013-09-09;27.895000457763672;29.924999237060547;27.875;29.530000686645508;69210400;27.410402297973633
2013-09-16;30.6200008392334;31.959999084472656;29.6200008392334;31.079999923706055;80192200;28.849153518676758
2013-09-23;31.170000076293945;32.099998474121094;30.375;31.270000457763672;89343600;29.025516510009766
2013-09-30;30.295000076293945;32.45000076293945;30.139999389648438;31.635000228881836;110908800;29.364315032958984
2013-10-07;30.729999542236328;32.150001525878906;28.170000076293945;32.150001525878906;144410000;29.84235191345215
2013-10-14;31.55500030517578;34.89500045776367;31.420000076293945;34.80500030517578;121829000;32.30677032470703
2013-10-21;34.970001220703125;35.560001373291016;33.95500183105469;35.15999984741211;92094600;32.636287689208984
2013-10-28;35.21500015258789;35.67499923706055;32.220001220703125;32.93000030517578;96869600;30.56635856628418
2013-11-04;33.42499923706055;34.435001373291016;31.5;33.34000015258789;95909000;30.946935653686523
2013-11-11;33.119998931884766;34.900001525878906;32.72999954223633;34.82500076293945;65567200;32.32535171508789
2013-11-18;35.22999954223633;35.790000915527344;32.935001373291016;35.70500183105469;75016800;33.14217758178711
2013-11-25;35.935001373291016;37.90999984741211;35.470001220703125;37.224998474121094;38313000;34.55307388305664
2013-12-02;37.470001220703125;37.529998779296875;34.255001068115234;36.25;85317400;33.648067474365234
2013-12-09;36.36000061035156;36.619998931884766;32.689998626708984;33.42499923706055;81849800;31.58592987060547
2013-12-16;33.78499984741211;37.095001220703125;33.53499984741211;36.71500015258789;91448200;34.694908142089844
2013-12-23;37.52000045776367;39.29499816894531;37.28499984741211;38.47999954223633;39138200;36.36280059814453
2013-12-30;38.41999816894531;39.0099983215332;36.959999084472656;37.935001373291016;45236200;35.847782135009766
2014-01-06;38.525001525878906;38.76499938964844;37.03499984741211;38.72999954223633;79844600;36.599029541015625
2014-01-13;38.56999969482422;39.64500045776367;36.529998779296875;39.125;82085200;36.97229766845703
2014-01-20;39.93000030517578;40.58000183105469;36.38999938964844;36.650001525878906;68282400;34.63348388671875
2014-01-27;36.91999816894531;36.97999954223633;34.25;35.279998779296875;104373200;33.33884811401367
2014-02-03;35.005001068115234;35.31999969482422;30.700000762939453;33.775001525878906;105147600;31.916664123535156
2014-02-10;33.82500076293945;37.0;33.07500076293945;36.8849983215332;83532400;34.855552673339844
2014-02-17;37.185001373291016;38.81999969482422;36.69499969482422;38.32500076293945;66815600;36.21632385253906
2014-02-24;38.560001373291016;41.48500061035156;38.48500061035156;40.185001373291016;105286800;37.973995208740234
2014-03-03;39.244998931884766;43.34000015258789;38.279998779296875;42.375;101960800;40.043479919433594
2014-03-10;42.09000015258789;42.529998779296875;38.959999084472656;40.09000015258789;87639200;37.88420104980469
2014-03-17;40.82500076293945;42.880001068115234;40.474998474121094;41.185001373291016;69105200;38.91896438598633
2014-03-24;41.665000915527344;41.82500076293945;36.5;37.1349983215332;82575400;35.091796875
2014-03-31;37.80500030517578;41.189998626708984;36.654998779296875;37.125;83859200;35.08234405517578
2014-04-07;36.59000015258789;37.7599983215332;32.625;33.119998931884766;105396000;31.297710418701172
2014-04-14;34.130001068115234;35.82500076293945;31.545000076293945;35.345001220703125;78117000;33.40028762817383
2014-04-21;35.564998626708984;37.35499954223633;33.75;34.09000015258789;66717000;32.214332580566406
2014-04-28;34.4900016784668;35.474998474121094;32.04499816894531;34.494998931884766;85319200;32.597049713134766
2014-05-05;33.619998931884766;34.60499954223633;31.104999542236328;32.59000015258789;92765000;30.796871185302734
2014-05-12;33.185001373291016;35.25;30.270000457763672;32.08000183105469;97742400;30.314929962158203
2014-05-19;31.829999923706055;34.209999084472656;31.05500030517578;34.15999984741211;92907000;32.280487060546875
2014-05-26;34.880001068115234;35.880001068115234;34.505001068115234;34.970001220703125;55921600;33.04592514038086
2014-06-02;35.19499969482422;38.130001068115234;33.375;37.79999923706055;80164200;35.7202033996582
2014-06-09;37.775001525878906;39.34000015258789;36.60499954223633;37.51499938964844;81803600;35.45088195800781
2014-06-16;37.38999938964844;40.1349983215332;37.025001525878906;40.125;81909200;37.91728591918945
2014-06-23;40.3650016784668;40.75;37.89500045776367;40.150001525878906;78189800;37.9409065246582
2014-06-30;40.029998779296875;42.83000183105469;39.65999984741211;42.10499954223633;49251600;39.78834915161133
2014-07-07;41.724998474121094;41.744998931884766;36.154998779296875;37.275001525878906;97542400;35.22409439086914
2014-07-14;38.540000915527344;38.584999084472656;34.5;36.349998474121094;110139600;34.3499870300293
2014-07-21;35.654998779296875;37.689998626708984;35.189998626708984;35.71500015258789;82373400;33.74993133544922
2014-07-28;35.90999984741211;36.369998931884766;32.22999954223633;33.03499984741211;98225000;31.217388153076172
2014-08-04;33.42499923706055;34.599998474121094;32.275001525878906;34.369998931884766;80122800;32.47892761230469
2014-08-11;34.880001068115234;36.349998474121094;34.1349983215332;35.3650016784668;75754600;33.419185638427734
2014-08-18;36.38999938964844;37.560001373291016;35.755001068115234;37.06999969482422;58132600;35.030372619628906
2014-08-25;37.775001525878906;38.73500061035156;37.165000915527344;38.345001220703125;54349400;36.2352180480957
2014-09-01;38.755001068115234;39.56999969482422;37.0;38.13999938964844;59495800;36.041507720947266
2014-09-08;38.029998779296875;38.564998626708984;36.529998779296875;37.165000915527344;74888800;35.120155334472656
2014-09-15;37.119998931884766;37.599998474121094;35.25;35.7599983215332;69769800;33.792442321777344
2014-09-22;35.2400016784668;35.334999084472656;32.095001220703125;33.290000915527344;95109000;31.458349227905273
2014-09-29;32.119998931884766;33.5099983215332;29.655000686645508;31.924999237060547;118066400;30.168458938598633
2014-10-06;32.209999084472656;32.29499816894531;27.56999969482422;27.700000762939453;132728000;26.17592430114746
2014-10-13;27.735000610351562;31.325000762939453;26.75;29.860000610351562;135695800;28.217073440551758
2014-10-20;29.479999542236328;33.26499938964844;29.46500015258789;32.82500076293945;82657400;31.018936157226562
2014-10-27;32.26499938964844;38.185001373291016;31.479999542236328;37.814998626708984;80542000;35.73439025878906
2014-11-03;37.994998931884766;38.60499954223633;36.6150016784668;37.939998626708984;77867600;35.852500915527344
2014-11-10;37.935001373291016;39.459999084472656;37.6150016784668;37.939998626708984;84588200;35.852500915527344
2014-11-17;37.83000183105469;39.23500061035156;35.67499923706055;37.76499938964844;82553600;35.687129974365234
2014-11-24;37.94499969482422;39.89500045776367;37.71500015258789;37.90999984741211;39104200;35.824153900146484
2014-12-01;37.470001220703125;38.97999954223633;36.0099983215332;38.689998626708984;61469600;36.561241149902344
2014-12-08;38.29999923706055;39.3650016784668;35.380001068115234;35.494998931884766;87606000;33.76271057128906
2014-12-15;36.025001525878906;39.8849983215332;33.915000915527344;39.404998779296875;94453400;37.481876373291016
2014-12-22;39.625;41.685001373291016;39.2599983215332;41.36000061035156;35360000;39.34147262573242
2014-12-29;41.459999084472656;42.28499984741211;38.71500015258789;39.78499984741211;51114200;37.84333038330078
2015-01-05;39.04499816894531;39.54499816894531;35.275001525878906;38.33000183105469;90497800;36.459346771240234
2015-01-12;38.474998474121094;40.0;35.04999923706055;37.30500030517578;94541400;35.48435974121094
2015-01-19;37.459999084472656;39.255001068115234;35.814998626708984;38.64500045776367;67630800;36.75897979736328
2015-01-26;38.43000030517578;39.93000030517578;36.13999938964844;36.244998931884766;96373600;34.47610092163086
2015-02-02;36.595001220703125;41.099998474121094;34.98500061035156;40.08000183105469;84283800;38.123939514160156
2015-02-09;39.654998779296875;41.939998626708984;38.404998779296875;41.77000045776367;64579200;39.73146438598633
2015-02-16;41.90999984741211;42.79999923706055;41.1349983215332;42.630001068115234;43036000;40.549476623535156
2015-02-23;42.38999938964844;43.66999816894531;41.525001525878906;42.814998626708984;47701400;40.7254524230957
2015-03-02;42.85499954223633;44.099998474121094;41.04999923706055;41.334999084472656;61532000;39.31768798828125
2015-03-09;41.54499816894531;43.36000061035156;39.96500015258789;42.744998931884766;62729800;40.65886688232422
2015-03-16;43.255001068115234;46.52000045776367;42.900001525878906;46.29499816894531;47557200;44.035621643066406
2015-03-23;46.290000915527344;46.685001373291016;41.92499923706055;43.525001525878906;50797800;41.40081024169922
2015-03-30;44.20000076293945;45.83000183105469;43.33000183105469;45.13999938964844;37140800;42.93699264526367
2015-04-06;44.369998931884766;46.3650016784668;44.19499969482422;46.154998779296875;42130000;43.90243911743164
2015-04-13;46.27000045776367;47.834999084472656;44.189998626708984;44.84000015258789;43127000;42.651634216308594
2015-04-20;45.52000045776367;47.095001220703125;44.8650016784668;46.369998931884766;40490400;44.10695266723633
2015-04-27;46.72999954223633;47.5;40.7599983215332;42.04999923706055;67308000;39.9977912902832
2015-05-04;42.27000045776367;43.4900016784668;40.29499816894531;42.685001373291016;61965200;40.601810455322266
2015-05-11;42.665000915527344;43.95500183105469;40.875;43.73500061035156;52201400;41.600555419921875
2015-05-18;43.505001068115234;45.665000915527344;43.22999954223633;44.529998779296875;39903800;42.356754302978516
2015-05-25;44.02000045776367;44.970001220703125;42.51499938964844;43.90999984741211;38113000;41.76701354980469
2015-06-01;44.75;46.084999084472656;43.029998779296875;45.4900016784668;57229200;43.2698974609375
2015-06-08;45.34000015258789;46.689998626708984;43.459999084472656;46.0099983215332;45255800;43.76451110839844
2015-06-15;45.130001068115234;48.529998779296875;43.86000061035156;48.060001373291016;44242600;45.714473724365234
2015-06-22;48.755001068115234;49.5;46.95000076293945;47.709999084472656;32552800;45.381553649902344
2015-06-29;46.709999084472656;47.185001373291016;43.625;44.06999969482422;38753200;41.91921615600586
2015-07-06;43.125;44.82500076293945;41.40999984741211;44.375;49322800;42.209312438964844
2015-07-13;45.025001525878906;47.14500045776367;45.0099983215332;46.0;32392000;43.75502014160156
2015-07-20;46.1150016784668;46.15999984741211;41.5;41.64500045776367;43132400;39.61256790161133
2015-07-27;41.095001220703125;43.65999984741211;39.28499984741211;42.90999984741211;49940000;40.81582260131836
2015-08-03;42.974998474121094;43.52000045776367;38.970001220703125;39.814998626708984;44704200;37.871864318847656
2015-08-10;40.2400016784668;41.380001068115234;37.834999084472656;40.209999084472656;48272800;38.24759292602539
2015-08-17;39.86000061035156;41.494998931884766;34.36000061035156;34.974998474121094;71088800;33.26808166503906
2015-08-24;30.235000610351562;35.22999954223633;29.604999542236328;35.17499923706055;87642600;33.45832061767578
2015-08-31;34.709999084472656;35.529998779296875;31.584999084472656;32.61000061035156;52840400;31.01849937438965
2015-09-07;34.05500030517578;35.70000076293945;33.209999084472656;34.540000915527344;29567000;32.854312896728516
2015-09-14;34.84000015258789;37.91999816894531;33.89500045776367;35.0;36705800;33.2918586730957
2015-09-21;35.75;36.404998779296875;31.065000534057617;31.459999084472656;50226200;29.92462730407715
2015-09-28;31.165000915527344;31.25;27.780000686645508;30.614999771118164;74392800;29.120864868164062
2015-10-05;31.4950008392334;35.334999084472656;31.415000915527344;34.93000030517578;47127400;33.225276947021484
2015-10-12;35.025001525878906;35.474998474121094;32.23500061035156;34.55500030517578;40714400;32.86857986450195
2015-10-19;34.150001525878906;35.3849983215332;33.0099983215332;34.88999938964844;48242800;33.18723678588867
2015-10-26;34.689998626708984;35.98500061035156;32.474998474121094;34.380001068115234;52914000;32.702125549316406
2015-11-02;34.43000030517578;37.959999084472656;34.42499923706055;37.84000015258789;44133600;35.99326705932617
2015-11-09;37.70000076293945;37.88999938964844;32.709999084472656;33.05500030517578;54947200;31.441781997680664
2015-11-16;32.9900016784668;35.92499923706055;32.46500015258789;35.41999816894531;42780000;33.69136428833008
2015-11-23;35.369998931884766;38.279998779296875;35.20500183105469;37.974998474121094;28891800;36.12165832519531
2015-11-30;38.400001525878906;38.439998626708984;34.75;36.224998474121094;52132200;34.45706558227539
2015-12-07;36.08000183105469;36.099998474121094;30.674999237060547;31.0;60597200;29.487079620361328
2015-12-14;30.985000610351562;33.4900016784668;29.645000457763672;30.524999618530273;69577600;29.035259246826172
2015-12-21;31.100000381469727;34.0099983215332;30.56999969482422;33.45500183105469;28487400;31.82225799560547
2015-12-28;33.0;34.165000915527344;31.764999389648438;31.764999389648438;28494400;30.214740753173828
2016-01-04;30.100000381469727;30.274999618530273;24.649999618530273;24.760000228881836;83834200;23.551620483398438
2016-01-11;25.020000457763672;25.56999969482422;20.28499984741211;22.03499984741211;95967200;20.95960807800293
2016-01-18;22.709999084472656;22.9950008392334;18.80500030517578;22.81999969482422;86218800;21.70629119873047
2016-01-25;22.40999984741211;23.75;21.145000457763672;23.725000381469727;87960600;22.567127227783203
2016-02-01;23.19499969482422;23.844999313354492;20.385000228881836;20.424999237060547;104989600;19.428176879882812
2016-02-08;19.770000457763672;20.280000686645508;17.760000228881836;19.479999542236328;133559000;18.529298782348633
2016-02-15;20.174999237060547;22.2450008392334;19.850000381469727;21.829999923706055;61950800;20.764612197875977
2016-02-22;22.40999984741211;23.815000534057617;20.854999542236328;23.610000610351562;76790400;22.457738876342773
2016-02-29;23.584999084472656;27.25;23.315000534057617;26.80500030517578;72585200;25.496809005737305
2016-03-07;26.450000762939453;27.75;24.6299991607666;27.059999465942383;76045400;25.739368438720703
2016-03-14;26.799999237060547;28.309999465942383;25.239999771118164;28.079999923706055;61064600;26.709583282470703
2016-03-21;27.94499969482422;28.30500030517578;25.3799991607666;26.46500015258789;37416200;25.17340660095215
2016-03-28;26.645000457763672;29.440000534057617;25.975000381469727;29.3799991607666;47983600;27.946138381958008
2016-04-04;29.225000381469727;29.524999618530273;27.014999389648438;27.75;50895600;26.39569091796875
2016-04-11;28.200000762939453;30.514999389648438;27.235000610351562;30.329999923706055;40067000;28.849769592285156
2016-04-18;29.93000030517578;31.7450008392334;29.84000015258789;31.6299991607666;39726400;30.08633041381836
2016-04-25;31.405000686645508;32.400001525878906;29.639999389648438;30.184999465942383;52328600;28.711854934692383
2016-05-02;30.53499984741211;31.075000762939453;27.90999984741211;28.96500015258789;48975800;27.5513916015625
2016-05-09;28.989999771118164;30.125;27.75;27.96500015258789;44126800;26.600189208984375
2016-05-16;28.139999389648438;29.385000228881836;26.655000686645508;28.71500015258789;46023800;27.313596725463867
2016-05-23;28.739999771118164;31.75;28.524999618530273;31.735000610351562;30180200;30.186206817626953
2016-05-30;31.959999084472656;33.48500061035156;31.604999542236328;32.900001525878906;37810400;31.294349670410156
2016-06-06;32.994998931884766;35.17499923706055;32.599998474121094;32.915000915527344;41624600;31.308610916137695
2016-06-13;32.540000915527344;33.0099983215332;30.264999389648438;31.2549991607666;55523200;29.729631423950195
2016-06-20;32.625;33.53499984741211;28.940000534057617;29.725000381469727;48355800;28.27430534362793
2016-06-27;28.65999984741211;32.314998626708984;26.354999542236328;31.850000381469727;71126000;30.295597076416016
2016-07-04;31.545000076293945;33.71500015258789;29.829999923706055;33.46500015258789;41319200;31.83177947998047
2016-07-11;34.125;36.6349983215332;34.06999969482422;35.994998931884766;45922600;34.23829650878906
2016-07-18;35.84000015258789;36.82500076293945;35.314998626708984;36.59000015258789;32430000;34.804264068603516
2016-07-25;36.34000015258789;37.814998626708984;36.025001525878906;37.17499923706055;38204600;35.36069869995117
2016-08-01;37.29999923706055;38.53499984741211;35.38999938964844;38.28499984741211;37333600;36.41654586791992
2016-08-08;38.36000061035156;38.79499816894531;37.209999084472656;38.150001525878906;32323800;36.28813171386719
2016-08-15;38.42499923706055;39.54999923706055;37.345001220703125;38.790000915527344;30063200;36.89690399169922
2016-08-22;38.599998474121094;40.255001068115234;38.20500183105469;38.89500045776367;34983400;36.996761322021484
2016-08-29;39.095001220703125;40.28499984741211;37.935001373291016;40.255001068115234;32066600;38.2903938293457
2016-09-05;40.68000030517578;41.17499923706055;37.040000915527344;37.064998626708984;26907400;35.25606918334961
2016-09-12;36.6150016784668;38.63999938964844;35.75;37.529998779296875;39388200;35.6983757019043
2016-09-19;37.95500183105469;41.28499984741211;37.65999984741211;40.26499938964844;32220200;38.29991149902344
2016-09-26;39.6349983215332;40.4900016784668;38.529998779296875;39.91999816894531;36016600;37.97175598144531
2016-10-03;39.54999923706055;40.33000183105469;38.0099983215332;38.53499984741211;34831600;36.654335021972656
2016-10-10;39.26499938964844;40.35499954223633;36.0;36.255001068115234;42305400;34.485618591308594
2016-10-17;36.415000915527344;37.63999938964844;35.93000030517578;36.78499984741211;27303000;34.98974609375
2016-10-24;37.709999084472656;38.21500015258789;33.83000183105469;34.099998474121094;33201600;32.435787200927734
2016-10-31;34.21500015258789;34.6349983215332;31.364999771118164;32.04999923706055;31500200;30.4858341217041
2016-11-07;33.95000076293945;42.72999954223633;33.654998779296875;42.470001220703125;59639800;40.39729690551758
2016-11-14;43.974998474121094;46.17499923706055;43.30500030517578;46.04499816894531;42656600;43.79782485961914
2016-11-21;46.400001525878906;49.404998779296875;45.67499923706055;49.369998931884766;24792200;46.96054458618164
2016-11-28;49.23500061035156;49.28499984741211;45.279998779296875;45.875;35865400;43.6361198425293
2016-12-05;47.025001525878906;54.59000015258789;46.959999084472656;53.935001373291016;43754200;51.30276107788086
2016-12-12;53.56999969482422;54.28499984741211;49.974998474121094;51.14500045776367;50243200;48.648921966552734
2016-12-19;51.3650016784668;53.77000045776367;50.564998626708984;51.900001525878906;28279800;49.36708450317383
2016-12-26;52.150001525878906;53.33000183105469;50.025001525878906;50.57500076293945;21441000;48.10673904418945
2017-01-02;52.36000061035156;54.0;50.125;51.400001525878906;29827600;48.89147186279297
2017-01-09;51.224998474121094;52.720001220703125;48.92499923706055;51.95000076293945;39787000;49.41463851928711
2017-01-16;51.20000076293945;51.28499984741211;48.45500183105469;49.7599983215332;32018400;47.33151626586914
2017-01-23;49.36000061035156;53.25;48.3650016784668;51.685001373291016;32511600;49.16256332397461
2017-01-30;50.60499954223633;52.45500183105469;48.36000061035156;52.29999923706055;41782800;49.74754333496094
2017-02-06;51.814998626708984;54.0;49.025001525878906;53.5099983215332;32950400;50.89849853515625
2017-02-13;54.46500015258789;55.71500015258789;53.125;54.86000061035156;24744200;52.18260955810547
2017-02-20;55.209999084472656;56.27000045776367;52.70500183105469;54.22999954223633;20697400;51.58335876464844
2017-02-27;53.96500015258789;56.744998931884766;53.189998626708984;54.11000061035156;29317800;51.469207763671875
2017-03-06;53.11000061035156;53.33000183105469;49.73500061035156;50.8849983215332;32983200;48.4015998840332
2017-03-13;50.625;53.994998931884766;49.36000061035156;53.619998931884766;27838800;51.003135681152344
2017-03-20;53.56999969482422;53.845001220703125;47.26499938964844;49.54999923706055;44347200;47.13175582885742
2017-03-27;47.6150016784668;53.61000061035156;47.21500015258789;52.8849983215332;34671800;50.30400466918945
2017-04-03;53.404998779296875;53.525001525878906;48.68000030517578;50.53499984741211;40587200;48.068687438964844
2017-04-10;50.494998931884766;52.04499816894531;48.39500045776367;48.41999816894531;33714600;46.05690383911133
2017-04-17;48.90999984741211;52.7599983215332;48.415000915527344;52.20000076293945;34396000;49.65243148803711
2017-04-24;54.345001220703125;57.595001220703125;53.709999084472656;54.345001220703125;28206000;51.69274139404297
2017-05-01;55.04999923706055;55.790000915527344;52.0;54.13999938964844;18067400;51.49775695800781
2017-05-08;53.79999923706055;54.47999954223633;51.77000045776367;52.43000030517578;19657300;49.87119674682617
2017-05-15;52.95000076293945;54.349998474121094;48.599998474121094;50.47999954223633;28796500;48.0163688659668
2017-05-22;50.84000015258789;53.400001525878906;50.689998626708984;52.15999984741211;20947500;49.61438751220703
2017-05-29;51.7599983215332;56.11000061035156;48.93000030517578;54.779998779296875;24069800;52.10651397705078
2017-06-05;54.86000061035156;58.310001373291016;52.400001525878906;56.72999954223633;28907900;53.96134948730469
2017-06-12;56.779998779296875;57.61000061035156;54.02000045776367;55.06999969482422;21144700;52.38236999511719
2017-06-19;55.5;56.66999816894531;53.650001525878906;55.779998779296875;17476900;53.057716369628906
2017-06-26;56.09000015258789;57.459999084472656;54.25;55.75;19119500;53.029178619384766
2017-07-03;56.20000076293945;57.59000015258789;53.95000076293945;55.83000183105469;14867300;53.10527038574219
2017-07-10;55.209999084472656;57.95000076293945;54.099998474121094;57.279998779296875;16391100;54.484500885009766
2017-07-17;57.11000061035156;59.45000076293945;56.470001220703125;58.2599983215332;14908000;55.41667938232422
2017-07-24;58.0;60.279998779296875;56.900001525878906;57.459999084472656;16730200;54.655723571777344
2017-07-31;57.81999969482422;57.970001220703125;54.08000183105469;55.290000915527344;15699700;52.59162521362305
2017-08-07;55.560001373291016;57.130001068115234;50.13999938964844;50.86000061035156;20722500;48.377830505371094
2017-08-14;51.779998779296875;53.47999954223633;48.16999816894531;49.02000045776367;21385500;46.62763214111328
2017-08-21;48.810001373291016;51.599998474121094;48.20000076293945;51.11000061035156;13879800;48.61563491821289
2017-08-28;51.68000030517578;55.369998931884766;50.400001525878906;55.220001220703125;12304200;52.525054931640625
2017-09-04;55.33000183105469;55.66999816894531;52.939998626708984;53.66999816894531;11399300;51.05068588256836
2017-09-11;55.0;57.400001525878906;54.83000183105469;57.27000045776367;11492100;54.47499465942383
2017-09-18;57.630001068115234;59.95000076293945;57.59000015258789;59.599998474121094;10229400;56.691280364990234
2017-09-25;59.599998474121094;65.30000305175781;58.869998931884766;64.9000015258789;17330900;61.73262405395508
2017-10-02;65.1500015258789;68.1500015258789;64.8499984741211;67.37000274658203;15769800;64.08207702636719
2017-10-09;67.58999633789062;68.2300033569336;65.98999786376953;66.43000030517578;12399300;63.187950134277344
2017-10-16;66.73999786376953;67.69999694824219;64.77999877929688;67.18000030517578;15057800;63.90135955810547
2017-10-23;67.43000030517578;67.43000030517578;63.5;66.87000274658203;16840500;63.60647201538086
2017-10-30;65.68000030517578;67.7699966430664;63.66999816894531;65.12000274658203;20634500;61.9418830871582
2017-11-06;65.30000305175781;66.19999694824219;60.88999938964844;62.5099983215332;18284000;59.45926284790039
2017-11-13;61.709999084472656;65.51000213623047;59.84000015258789;64.73999786376953;13665900;61.58043670654297
2017-11-20;65.16000366210938;69.18000030517578;64.6500015258789;68.08000183105469;11027500;64.75743103027344
2017-11-27;68.5;72.94999694824219;64.87999725341797;70.72000122070312;22979800;67.26858520507812
2017-12-04;73.36000061035156;74.08999633789062;66.63999938964844;68.4800033569336;20800900;65.13790893554688
2017-12-11;68.83000183105469;70.79000091552734;66.05000305175781;69.51000213623047;19484600;66.11762237548828
2017-12-18;71.5;72.86000061035156;70.12999725341797;71.33000183105469;15148500;67.94847106933594
2017-12-25;71.19000244140625;72.63999938964844;70.19999694824219;70.2699966430664;9206800;66.93875122070312
2018-01-01;71.31999969482422;73.95999908447266;70.30000305175781;73.45999908447266;13340500;69.97752380371094
2018-01-08;73.33000183105469;79.2300033569336;71.61000061035156;78.18000030517578;17639800;74.47373962402344
2018-01-15;79.22000122070312;80.06999969482422;74.75;78.6500015258789;16640900;74.92144775390625
2018-01-22;78.33000183105469;81.75;78.08999633789062;80.13999938964844;17197600;76.34082794189453
2018-01-29;79.31999969482422;80.4800033569336;71.16999816894531;71.66000366210938;18731100;68.26283264160156
2018-02-05;69.88999938964844;71.51000213623047;56.369998931884766;61.52000045776367;29007500;58.60353469848633
2018-02-12;61.810001373291016;71.27999877929688;60.0099983215332;69.91000366210938;18020800;66.59577941894531
2018-02-19;68.91000366210938;71.91999816894531;67.77999877929688;70.77999877929688;13039800;67.42455291748047
2018-02-26;71.48999786376953;73.38999938964844;63.2400016784668;68.41999816894531;22487900;65.1764144897461
2018-03-05;67.7699966430664;77.45999908447266;67.22000122070312;77.27999877929688;18652500;73.61640167236328
2018-03-12;77.83999633789062;79.37999725341797;73.69999694824219;75.58000183105469;12285900;71.99698638916016
2018-03-19;74.73999786376953;76.26000213623047;65.20999908447266;65.27999877929688;17032900;62.18529510498047
2018-03-26;67.91000366210938;70.04000091552734;64.19999694824219;67.33999633789062;14807600;64.14764404296875
2018-04-02;66.9800033569336;69.41000366210938;61.13999938964844;65.18000030517578;21148700;62.09003829956055
2018-04-09;66.4000015258789;71.5999984741211;65.08999633789062;69.70999908447266;14309300;66.40528869628906
2018-04-16;70.86000061035156;75.69000244140625;69.87000274658203;71.70999908447266;10826100;68.31045532226562
2018-04-23;72.02999877929688;73.1500015258789;68.16000366210938;70.45999908447266;11778700;67.11970520019531
2018-04-30;70.87999725341797;72.69999694824219;66.44999694824219;71.62000274658203;12243500;68.22474670410156
2018-05-07;72.37000274658203;77.9000015258789;72.18000030517578;77.33999633789062;12644500;73.67357635498047
2018-05-14;77.63999938964844;80.9000015258789;74.9800033569336;80.20999908447266;10914300;76.40750122070312
2018-05-21;81.0;82.43000030517578;78.43000030517578;80.05000305175781;10733000;76.2551040649414
2018-05-28;78.68000030517578;83.87000274658203;77.62000274658203;83.04000091552734;9412300;79.10335540771484
2018-06-04;83.66999816894531;88.13999938964844;82.19999694824219;87.02999877929688;12075100;82.90420532226562
2018-06-11;87.19999694824219;89.16000366210938;86.63999938964844;88.75;14378700;84.54263305664062
2018-06-18;87.5;92.66999816894531;86.87000274658203;88.6500015258789;16175200;84.4473876953125
2018-06-25;87.80000305175781;88.05000305175781;80.08000183105469;82.16000366210938;16822900;78.26505279541016
2018-07-02;80.73999786376953;90.30000305175781;80.3499984741211;90.0;8798000;85.73338317871094
2018-07-09;91.29000091552734;92.56999969482422;87.43000030517578;88.72000122070312;13015100;84.5140609741211
2018-07-16;89.06999969482422;91.41999816894531;86.29000091552734;90.11000061035156;12249700;85.83817291259766
2018-07-23;89.87999725341797;92.16000366210938;84.1500015258789;84.91000366210938;15515800;80.88469696044922
2018-07-30;84.83999633789062;88.41999816894531;83.04000091552734;86.27999877929688;11629000;82.18973541259766
2018-08-06;86.27999877929688;89.9800033569336;85.69000244140625;88.0999984741211;11386300;83.92344665527344
2018-08-13;88.5;89.66999816894531;84.29000091552734;89.2300033569336;14206200;84.9999008178711
2018-08-20;90.0;94.56999969482422;88.43000030517578;94.16999816894531;13404700;89.70570373535156
2018-08-27;95.16999816894531;97.12000274658203;93.45999908447266;96.51000213623047;11544300;91.93476104736328
2018-09-03;96.05000305175781;96.68000030517578;90.91000366210938;92.26000213623047;11693200;87.88626861572266
2018-09-10;93.5;94.47000122070312;90.38999938964844;93.63999938964844;11197700;89.20084381103516
2018-09-17;93.66000366210938;94.12000274658203;89.80999755859375;91.69000244140625;10348000;87.34327697753906
2018-09-24;91.69000244140625;92.0;87.73999786376953;89.51000213623047;8426200;85.2797622680664
2018-10-01;90.5999984741211;90.68000030517578;77.19000244140625;79.41000366210938;15147600;75.6571044921875
2018-10-08;78.81999969482422;80.2300033569336;64.93000030517578;67.19000244140625;23742600;64.01461029052734
2018-10-15;66.87000274658203;73.98999786376953;65.6500015258789;66.4000015258789;20230300;63.26194763183594
2018-10-22;67.19999694824219;67.8499984741211;55.279998779296875;58.54999923706055;24776500;55.78293991088867
2018-10-29;60.61000061035156;67.5999984741211;55.7599983215332;66.45999908447266;23533400;63.319114685058594
2018-11-05;66.54000091552734;71.5199966430664;64.33999633789062;66.45999908447266;17746800;63.319114685058594
2018-11-12;66.30999755859375;66.44999694824219;58.849998474121094;63.380001068115234;18854500;60.384674072265625
2018-11-19;63.11000061035156;63.5;55.650001525878906;58.349998474121094;15571400;55.59239196777344
2018-11-26;59.95000076293945;64.05000305175781;57.95000076293945;63.70000076293945;17269200;60.68954086303711
2018-12-03;65.95999908447266;66.05000305175781;52.209999084472656;53.13999938964844;21708200;50.62860870361328
2018-12-10;53.2400016784668;56.04999923706055;48.720001220703125;49.27000045776367;20856900;46.94150924682617
2018-12-17;48.7599983215332;50.029998779296875;37.220001220703125;37.52000045776367;36367700;35.74681091308594
2018-12-24;37.02000045776367;43.130001068115234;35.33000183105469;41.20000076293945;28825200;39.38528060913086
2018-12-31;41.959999084472656;45.380001068115234;39.84000015258789;45.04999923706055;24504100;43.065704345703125
2019-01-07;45.09000015258789;51.869998931884766;44.56999969482422;51.59000015258789;24677200;49.31764602661133
2019-01-14;50.65999984741211;56.099998474121094;49.84000015258789;55.4900016784668;16648500;53.04586410522461
2019-01-21;54.41999816894531;55.619998931884766;51.099998474121094;55.34000015258789;14417800;52.9024543762207
2019-01-28;53.7599983215332;57.880001068115234;53.11000061035156;57.349998474121094;16376600;54.82392120361328
2019-02-04;57.540000915527344;60.08000183105469;56.290000915527344;57.95000076293945;14081600;55.397499084472656
2019-02-11;58.4900016784668;65.5;57.709999084472656;65.45999908447266;16022300;62.576698303222656
2019-02-18;64.66999816894531;68.0199966430664;64.63999938964844;67.88999938964844;12603500;64.89967346191406
2019-02-25;69.06999969482422;69.62000274658203;65.29000091552734;67.87000274658203;14982000;64.88054656982422
2019-03-04;68.27999877929688;68.55000305175781;58.349998474121094;59.540000915527344;23372300;56.91747283935547
2019-03-11;60.08000183105469;64.5199966430664;59.849998474121094;63.150001525878906;14312600;60.36845016479492
2019-03-18;63.54999923706055;65.36000061035156;57.13999938964844;57.13999938964844;27771200;54.62317657470703
2019-03-25;57.04999923706055;62.16999816894531;55.779998779296875;61.119998931884766;24857700;58.42787170410156
2019-04-01;62.560001373291016;66.38999938964844;61.58000183105469;66.2699966430664;21713800;63.35102844238281
2019-04-08;65.62999725341797;67.08999633789062;63.16999816894531;66.47000122070312;19458500;63.542213439941406
2019-04-15;66.81999969482422;67.01000213623047;62.66999816894531;63.959999084472656;13684400;61.14277267456055
2019-04-22;63.459999084472656;67.5999984741211;62.5;67.04000091552734;17523800;64.08712005615234
2019-04-29;67.43000030517578;69.83999633789062;63.68000030517578;69.7300033569336;18950500;66.65863037109375
2019-05-06;66.58999633789062;70.44000244140625;60.97999954223633;64.5;23448700;61.65899658203125
2019-05-13;60.9900016784668;63.66999816894531;57.849998474121094;59.709999084472656;17994900;57.07998275756836
2019-05-20;58.560001373291016;61.0;54.619998931884766;56.97999954223633;15534600;54.47021484375
2019-05-27;57.369998931884766;58.02000045776367;50.959999084472656;51.650001525878906;13981600;49.374996185302734
2019-06-03;51.810001373291016;57.560001373291016;51.0;56.77000045776367;19969000;54.269474029541016
2019-06-10;57.540000915527344;59.5099983215332;56.4900016784668;57.77000045776367;14866400;55.225433349609375
2019-06-17;58.459999084472656;63.540000915527344;58.25;60.7400016784668;15095600;58.064613342285156
2019-06-24;61.25;62.849998474121094;56.869998931884766;62.310001373291016;23368500;59.73585891723633
2019-07-01;64.69000244140625;65.29000091552734;60.7599983215332;63.619998931884766;13212600;60.99174499511719
2019-07-08;63.02000045776367;63.439998626708984;60.56999969482422;62.7599983215332;14745600;60.167274475097656
2019-07-15;63.31999969482422;63.349998474121094;59.900001525878906;60.08000183105469;16831200;57.597991943359375
2019-07-22;60.45000076293945;64.20999908447266;59.4900016784668;63.790000915527344;20199600;61.154720306396484
2019-07-29;63.790000915527344;66.25;56.70000076293945;58.18000030517578;25949100;55.77648162841797
2019-08-05;55.029998779296875;57.91999816894531;50.95000076293945;55.599998474121094;26404900;53.30307388305664
2019-08-12;54.709999084472656;56.77000045776367;49.220001220703125;53.150001525878906;21437800;50.95428466796875
2019-08-19;54.939998626708984;55.709999084472656;49.029998779296875;49.54999923706055;17517700;47.503013610839844
2019-08-26;50.959999084472656;54.11000061035156;48.25;52.95000076293945;16440900;50.76254653930664
2019-09-02;51.349998474121094;56.040000915527344;49.880001068115234;53.91999816894531;15497100;51.69247055053711
2019-09-09;54.630001068115234;63.95000076293945;54.08000183105469;62.06999969482422;25099900;59.50577926635742
2019-09-16;61.70000076293945;63.77000045776367;58.68000030517578;59.75;17055800;57.28162384033203
2019-09-23;59.13999938964844;60.38999938964844;54.709999084472656;55.470001220703125;16186700;53.178443908691406
2019-09-30;55.630001068115234;57.810001373291016;48.7400016784668;53.08000183105469;22239200;50.887168884277344
2019-10-07;52.689998626708984;55.900001525878906;49.86000061035156;54.16999816894531;17423900;51.9321403503418
2019-10-14;53.7400016784668;57.599998474121094;52.88999938964844;56.599998474121094;12175000;54.261756896972656
2019-10-21;58.31999969482422;59.84000015258789;57.47999954223633;59.25;10008000;56.80228042602539
2019-10-28;60.0;62.779998779296875;58.27000045776367;62.689998626708984;13487100;60.10017395019531
2019-11-04;64.2300033569336;65.4800033569336;62.33000183105469;63.779998779296875;10638000;61.145137786865234
2019-11-11;62.560001373291016;64.69999694824219;61.5;63.52000045776367;9649300;60.89589309692383
2019-11-18;63.2400016784668;64.41999816894531;61.459999084472656;62.54999923706055;10653900;59.9659423828125
2019-11-25;63.5;68.2300033569336;63.34000015258789;66.73999786376953;8995100;63.982852935791016
2019-12-02;67.25;68.66000366210938;62.27000045776367;67.93000030517578;12679100;65.12368774414062
2019-12-09;67.87000274658203;70.7300033569336;66.86000061035156;68.4800033569336;11779700;65.6509780883789
2019-12-16;70.19000244140625;73.1500015258789;69.70999908447266;72.54000091552734;10031100;69.54325866699219
2019-12-23;72.80000305175781;73.87999725341797;71.66000366210938;72.18000030517578;7787300;69.34149932861328
2019-12-30;72.37000274658203;73.30999755859375;69.36000061035156;71.13999938964844;11014100;68.3424072265625
2020-01-06;69.54000091552734;72.80999755859375;69.16000366210938;70.7300033569336;11996900;67.94853973388672
2020-01-13;70.83999633789062;77.88999938964844;69.69999694824219;76.11000061035156;13052900;73.1169662475586
2020-01-20;75.2300033569336;75.5;69.68000030517578;71.06999969482422;9467300;68.27515411376953
2020-01-27;67.86000061035156;71.2699966430664;64.27999877929688;65.0199966430664;12305500;62.46306610107422
2020-02-03;66.13999938964844;74.3499984741211;66.05999755859375;70.0999984741211;11588200;67.3432846069336
2020-02-10;69.62999725341797;75.2699966430664;69.55000305175781;73.87999725341797;9645400;70.97464752197266
2020-02-17;73.33999633789062;75.45999908447266;71.70999908447266;72.70999908447266;8730600;69.85066223144531
2020-02-24;66.02999877929688;67.25;45.7400016784668;49.0;24267500;47.07305908203125
2020-03-02;49.77000045776367;56.13999938964844;42.400001525878906;45.72999954223633;23694800;43.931663513183594
2020-03-09;37.0;37.91999816894531;18.0;22.979999542236328;49060900;22.076305389404297
2020-03-16;18.0;18.399999618530273;10.109999656677246;11.880000114440918;80590600;11.41281509399414
2020-03-23;12.119999885559082;18.1200008392334;10.09000015258789;15.8100004196167;104263000;15.188270568847656
2020-03-30;16.149999618530273;17.360000610351562;11.649999618530273;12.350000381469727;83352200;11.864335060119629
2020-04-06;13.9399995803833;20.309999465942383;13.930000305175781;19.959999084472656;102929500;19.175067901611328
2020-04-13;19.469999313354492;20.350000381469727;15.630000114440918;18.84000015258789;113586300;18.099111557006836
2020-04-20;17.729999542236328;19.290000915527344;16.309999465942383;18.93000030517578;103431700;18.18557357788086
2020-04-27;19.6299991607666;26.030000686645508;18.809999465942383;19.799999237060547;136621800;19.021358489990234
2020-05-04;19.030000686645508;23.34000015258789;18.389999389648438;23.229999542236328;115986400;22.31647491455078
2020-05-11;22.25;23.579999923706055;15.930000305175781;19.459999084472656;150136500;18.694732666015625
2020-05-18;22.149999618530273;24.139999389648438;21.639999389648438;24.030000686645508;148002600;23.08501625061035
2020-05-25;26.81999969482422;29.5;24.65999984741211;26.020000457763672;123363600;24.99675941467285
2020-06-01;26.290000915527344;34.0099983215332;25.889999389648438;32.72999954223633;125686900;31.442880630493164
2020-06-08;34.13999938964844;34.83000183105469;22.739999771118164;24.8700008392334;174858200;23.89198112487793
2020-06-15;22.450000762939453;29.799999237060547;22.420000076293945;26.469999313354492;144080800;25.429059982299805
2020-06-22;26.100000381469727;28.540000915527344;23.760000228881836;23.959999084472656;123994400;23.02704620361328
2020-06-29;24.989999771118164;28.59000015258789;24.139999389648438;27.0;112307700;25.94866943359375
2020-07-06;28.6299991607666;28.75;24.030000686645508;26.25;126837700;25.22787857055664
2020-07-13;27.100000381469727;29.850000381469727;24.790000915527344;29.139999389648438;131337700;28.00534439086914
2020-07-20;28.950000762939453;31.329999923706055;28.309999465942383;28.770000457763672;106552200;27.64975357055664
2020-07-27;28.90999984741211;30.770000457763672;27.860000610351562;29.510000228881836;82398800;28.360942840576172
2020-08-03;30.010000228881836;35.040000915527344;29.40999984741211;34.97999954223633;80576000;33.61795425415039
2020-08-10;35.34000015258789;37.47999954223633;34.7599983215332;35.56999969482422;77738200;34.184974670410156
2020-08-17;35.88999938964844;36.220001220703125;33.22999954223633;33.90999984741211;51745800;32.58961486816406
2020-08-24;34.709999084472656;35.56999969482422;33.720001220703125;35.5099983215332;66508500;34.127315521240234
2020-08-31;35.56999969482422;36.75;30.260000228881836;32.529998779296875;66525100;31.26334571838379
2020-09-07;31.5;33.150001525878906;29.290000915527344;30.200000762939453;48038800;29.024070739746094
2020-09-14;31.06999969482422;34.970001220703125;30.920000076293945;32.65999984741211;49959300;31.38827896118164
2020-09-21;30.489999771118164;30.729999542236328;26.139999389648438;28.59000015258789;78143300;27.476764678955078
2020-09-28;29.719999313354492;32.880001068115234;29.469999313354492;32.45000076293945;71510400;31.186466217041016
2020-10-05;33.459999084472656;39.66999816894531;33.459999084472656;38.95000076293945;60104000;37.43336868286133
2020-10-12;39.4900016784668;40.060001373291016;36.18000030517578;38.630001068115234;47863400;37.125831604003906
2020-10-19;39.08000183105469;39.849998474121094;36.40999984741211;39.08000183105469;41625400;37.55830001831055
2020-10-26;37.59000015258789;37.880001068115234;31.079999923706055;32.189998626708984;54953900;30.936588287353516
2020-11-02;33.18000030517578;40.5099983215332;32.52000045776367;38.93000030517578;54162800;37.414146423339844
2020-11-09;47.619998931884766;48.5;42.20000076293945;46.16999816894531;56437900;44.372222900390625
2020-11-16;48.560001373291016;51.220001220703125;46.689998626708984;49.2400016784668;47488500;47.322696685791016
2020-11-23;50.75;56.06999969482422;50.349998474121094;55.13999938964844;31407900;52.99296188354492
2020-11-30;54.63999938964844;58.630001068115234;51.47999954223633;58.40999984741211;41761100;56.13562774658203
2020-12-07;58.45000076293945;62.75;57.400001525878906;60.27000045776367;43420700;57.9232063293457
2020-12-14;62.36000061035156;68.19999694824219;60.5099983215332;65.7699966430664;40510200;63.209049224853516
2020-12-21;62.27000045776367;70.33000183105469;61.790000915527344;69.37000274658203;29395400;66.67903900146484
2020-12-28;71.55999755859375;71.5999984741211;63.59000015258789;66.31999969482422;27720900;63.74734878540039
2021-01-04;67.61000061035156;80.4800033569336;61.02000045776367;78.0999984741211;47923400;75.07038879394531
2021-01-11;75.29000091552734;86.41999816894531;74.91999816894531;81.44000244140625;32440800;78.28083038330078
2021-01-18;84.37000274658203;87.51000213623047;80.41000366210938;86.29000091552734;24943800;82.94267272949219
2021-01-25;86.19999694824219;89.75;74.43000030517578;75.2699966430664;41767200;72.35016632080078
2021-02-01;78.02999877929688;94.13999938964844;75.44999694824219;93.94999694824219;30123700;90.30553436279297
2021-02-08;96.58999633789062;105.12999725341797;95.91999816894531;100.94000244140625;28054900;97.02439880371094
2021-02-15;103.81999969482422;104.0999984741211;90.69999694824219;97.91999816894531;23718900;94.12152099609375
2021-02-22;95.8499984741211;100.87999725341797;84.41000366210938;88.6500015258789;38866400;85.21113586425781
2021-03-01;94.88999938964844;98.8499984741211;75.0199966430664;87.01000213623047;45696400;83.63475036621094
2021-03-08;89.06999969482422;107.94000244140625;87.01000213623047;107.55000305175781;38384700;103.37799835205078
2021-03-15;106.81999969482422;108.44000244140625;92.8499984741211;97.86000061035156;34178300;94.06385803222656
2021-03-22;98.86000061035156;99.37000274658203;75.26000213623047;89.58000183105469;43391600;86.10504913330078
2021-03-29;87.5999984741211;93.0999984741211;80.55999755859375;93.06999969482422;42919000;89.45967864990234
2021-04-05;96.23999786376953;97.58000183105469;87.58999633789062;91.47000122070312;43000800;87.92173767089844
2021-04-12;91.4800033569336;95.5199966430664;86.83000183105469;94.02999877929688;34744600;90.3824234008789
2021-04-19;92.70999908447266;95.93000030517578;82.36000061035156;94.72000122070312;43741400;91.0456771850586
2021-04-26;96.45999908447266;101.27999877929688;92.73999786376953;93.77999877929688;36994100;90.14213562011719
2021-05-03;96.44999694824219;96.76000213623047;85.97000122070312;94.20999908447266;30468100;90.55545806884766
2021-05-10;93.97000122070312;94.5199966430664;77.44000244140625;88.0199966430664;52657900;84.60558319091797
2021-05-17;86.51000213623047;90.66000366210938;79.83999633789062;86.76000213623047;30934000;83.39446258544922
2021-05-24;88.12999725341797;95.26000213623047;85.76000213623047;93.38999938964844;28108000;89.76726531982422
2021-05-31;95.47000122070312;97.4000015258789;91.25;95.5;26659900;91.79541778564453
2021-06-07;96.05999755859375;103.44000244140625;96.05999755859375;101.37999725341797;30881600;97.44730377197266
2021-06-14;101.98999786376953;103.41000366210938;87.80999755859375;88.93000030517578;35477800;85.48027801513672
2021-06-21;91.19000244140625;103.02999877929688;90.37999725341797;100.93000030517578;26791500;97.01478576660156
2021-06-28;101.48999786376953;101.94999694824219;95.77999877929688;97.41000366210938;29199400;93.63134765625
2021-07-05;97.5999984741211;97.79000091552734;83.5;93.72000122070312;31651900;90.08445739746094
2021-07-12;92.69999694824219;94.30999755859375;79.44999694824219;80.0;41382000;76.89667510986328
2021-07-19;75.18000030517578;87.97000122070312;73.41000366210938;84.70999908447266;59809700;81.42398071289062
2021-07-26;85.6500015258789;90.3499984741211;79.94000244140625;86.45999908447266;57213100;83.10609436035156
2021-08-02;87.97000122070312;91.06999969482422;81.80000305175781;89.04000091552734;49984400;85.58602142333984
2021-08-09;88.37000274658203;89.38999938964844;85.5;86.19000244140625;38405000;82.8465576171875
2021-08-16;84.68000030517578;85.20999908447266;74.44999694824219;79.62999725341797;71927300;76.54102325439453
2021-08-23;81.70999908447266;92.5999984741211;81.70999908447266;91.95999908447266;47931500;88.39273071289062
2021-08-30;93.01000213623047;96.08000183105469;89.44000244140625;93.79000091552734;37638700;90.1517562866211
2021-09-06;93.4000015258789;95.0199966430664;85.95999908447266;86.11000061035156;33778800;82.7696762084961
2021-09-13;87.91999816894531;88.54000091552734;83.05999755859375;86.76000213623047;44270000;83.39446258544922
2021-09-20;81.06999969482422;90.29000091552734;77.30000305175781;88.1500015258789;51772400;84.73054504394531
2021-09-27;88.66999816894531;93.5199966430664;81.73999786376953;86.86000061035156;54700000;83.4905776977539
2021-10-04;86.66999816894531;89.80000305175781;80.45999908447266;85.93000030517578;45654900;82.5966567993164
2021-10-11;86.19999694824219;93.9000015258789;83.86000061035156;89.94999694824219;35572100;86.460693359375
2021-10-18;88.45999908447266;94.6500015258789;88.29000091552734;92.69999694824219;30160600;89.1040267944336
2021-10-25;93.18000030517578;96.7300033569336;87.9000015258789;93.23999786376953;34792100;89.62308502197266
2021-11-01;94.54000091552734;112.83000183105469;94.19999694824219;110.80000305175781;41842700;106.50191497802734
2021-11-08;113.38999938964844;114.30999755859375;103.18000030517578;107.4000015258789;41165000;103.2337875366211
2021-11-15;108.9000015258789;109.08000183105469;98.05999755859375;98.5;39974200;94.67903900146484
2021-11-22;100.29000091552734;102.31999969482422;82.11000061035156;86.43000030517578;48890300;83.0772476196289
2021-11-29;89.83999633789062;90.5;74.22000122070312;76.37000274658203;109533200;73.40750885009766
2021-12-06;78.29000091552734;89.4000015258789;75.30000305175781;81.70999908447266;67078200;78.54035186767578
2021-12-13;80.7300033569336;82.20999908447266;71.86000061035156;76.93000030517578;70112000;73.9457778930664
2021-12-20;73.62000274658203;84.98999786376953;70.08000183105469;84.19999694824219;58943100;80.98873138427734
2021-12-27;84.5;88.37999725341797;82.58000183105469;84.75;55570700;81.51776123046875
2022-01-03;85.97000122070312;89.95999908447266;76.93000030517578;77.1500015258789;68767500;74.2076187133789
2022-01-10;75.75;80.63999938964844;71.27999877929688;75.23999786376953;89270600;72.37046813964844
2022-01-17;73.0;73.20999908447266;58.029998779296875;58.06999969482422;74040300;55.85529708862305
2022-01-24;55.459999084472656;63.720001220703125;50.20000076293945;56.150001525878906;109595800;54.00852584838867
2022-01-31;55.349998474121094;63.720001220703125;54.93000030517578;58.720001220703125;65701300;56.480506896972656
2022-02-07;58.58000183105469;68.37999725341797;58.22999954223633;61.0;73392700;58.67354965209961
2022-02-14;61.31999969482422;66.44000244140625;58.45000076293945;59.08000183105469;48670500;56.826778411865234
2022-02-21;58.220001220703125;61.56999969482422;49.220001220703125;61.56999969482422;48308600;59.2218132019043
2022-02-28;59.63999938964844;63.779998779296875;56.279998779296875;57.849998474121094;53569800;55.64369201660156
2022-03-07;58.09000015258789;60.220001220703125;53.22999954223633;55.79999923706055;51202600;53.67186737060547
2022-03-14;56.2400016784668;65.01000213623047;51.709999084472656;64.68000030517578;45573000;62.21320343017578
2022-03-21;64.79000091552734;66.22000122070312;60.95000076293945;64.05000305175781;35219800;61.60723114013672
2022-03-28;63.529998779296875;69.69000244140625;61.150001525878906;65.0;42154000;62.520992279052734
2022-04-04;65.38999938964844;66.81999969482422;55.189998626708984;56.290000915527344;47948400;54.143192291259766
2022-04-11;55.5099983215332;60.02000045776367;54.52000045776367;56.9900016784668;27893100;54.816490173339844
2022-04-18;56.59000015258789;62.040000915527344;51.18000030517578;51.52000045776367;48949300;49.55510330200195
2022-04-25;50.16999816894531;52.650001525878906;44.849998474121094;45.2599983215332;68889700;43.53385543823242
2022-05-02;45.16999816894531;51.93000030517578;41.630001068115234;43.130001068115234;62999200;41.48508834838867
2022-05-09;41.119998931884766;41.68000030517578;33.810001373291016;39.470001220703125;81172400;37.96467971801758
2022-05-16;39.11000061035156;42.619998931884766;35.119998931884766;37.95000076293945;60716400;36.50263977050781
2022-05-23;39.06999969482422;45.54999923706055;35.369998931884766;45.529998779296875;59395900;43.79356002807617
2022-05-30;44.9900016784668;46.2400016784668;41.36000061035156;45.06999969482422;41386500;43.351097106933594
2022-06-06;46.560001373291016;47.810001373291016;38.61000061035156;39.2599983215332;41754700;37.76268005371094
2022-06-13;36.0;36.84000015258789;29.200000762939453;30.559999465942383;67881500;29.39449119567871
2022-06-20;32.119998931884766;36.20000076293945;30.600000381469727;36.13999938964844;46209700;34.76167297363281
2022-06-27;36.560001373291016;38.11000061035156;31.15999984741211;33.88999938964844;51987000;32.59748458862305
2022-07-04;32.25;37.16999816894531;31.09000015258789;36.33000183105469;34748800;34.944435119628906
2022-07-11;35.45000076293945;35.90999984741211;31.1299991607666;34.65999984741211;42863900;33.3381233215332
2022-07-18;35.84000015258789;40.849998474121094;34.02000045776367;38.369998931884766;41612400;36.90663146972656
2022-07-25;38.72999954223633;43.7599983215332;37.689998626708984;43.40999984741211;37853900;41.75440979003906
2022-08-01;42.470001220703125;46.02000045776367;41.33000183105469;45.88999938964844;34885100;44.13982009887695
2022-08-08;46.83000183105469;52.84000015258789;44.61000061035156;52.79999923706055;34966900;50.786285400390625
2022-08-15;51.560001373291016;54.04999923706055;47.779998779296875;48.220001220703125;36499800;46.38096618652344
2022-08-22;46.27000045776367;48.650001525878906;43.560001373291016;43.7599983215332;36214000;42.09105682373047
2022-08-29;42.5;43.810001373291016;37.0099983215332;37.79999923706055;48734200;36.358360290527344
2022-09-05;38.13999938964844;42.54999923706055;36.16999816894531;42.38999938964844;29544100;40.77330780029297
2022-09-12;43.25;44.08000183105469;35.34000015258789;36.599998474121094;36798800;35.204132080078125
2022-09-19;35.470001220703125;37.88999938964844;28.469999313354492;29.719999313354492;55477500;28.586524963378906
2022-09-26;29.239999771118164;32.099998474121094;28.06999969482422;28.809999465942383;75472100;27.711231231689453
2022-10-03;30.010000228881836;34.77000045776367;28.93000030517578;30.399999618530273;69644000;29.240589141845703
2022-10-10;30.760000228881836;33.22999954223633;27.1200008392334;29.309999465942383;70253600;28.19215965270996
2022-10-17;31.040000915527344;34.93000030517578;29.81999969482422;32.25;83238800;31.020034790039062
2022-10-24;32.58000183105469;38.41999816894531;31.31999969482422;38.2599983215332;73750700;36.80082321166992
2022-10-31;37.720001220703125;39.79999923706055;32.689998626708984;35.349998474121094;69022700;34.001808166503906
2022-11-07;35.97999954223633;41.08000183105469;32.66999816894531;39.84000015258789;55598900;38.320560455322266
2022-11-14;39.130001068115234;41.47999954223633;35.77000045776367;37.68000030517578;54107400;36.24293899536133
2022-11-21;37.08000183105469;39.25;36.279998779296875;38.849998474121094;24187600;37.368316650390625
2022-11-28;37.880001068115234;40.90999984741211;35.779998779296875;40.150001525878906;47626000;38.61874008178711
2022-12-05;39.400001525878906;39.5099983215332;34.15999984741211;34.189998626708984;41196100;32.88604736328125
2022-12-12;34.29999923706055;39.34000015258789;31.1299991607666;32.08000183105469;51484500;30.85651969909668
2022-12-19;32.209999084472656;33.25;29.829999923706055;31.860000610351562;39744200;30.743694305419922
2022-12-26;31.8700008392334;32.20000076293945;29.670000076293945;31.700000762939453;29429900;30.58930015563965
2023-01-02;32.529998779296875;33.599998474121094;30.360000610351562;33.369998931884766;44151800;32.200782775878906
2023-01-09;34.150001525878906;38.97999954223633;33.18000030517578;38.810001373291016;42900800;37.45018005371094
2023-01-16;38.790000915527344;39.95000076293945;34.93000030517578;37.41999816894531;35426700;36.108890533447266
2023-01-23;37.619998931884766;40.56999969482422;36.63999938964844;40.099998474121094;40424400;38.694976806640625
2023-01-30;39.029998779296875;46.33000183105469;38.38999938964844;44.7599983215332;48285700;43.19170379638672
2023-02-06;43.849998474121094;44.33000183105469;39.06999969482422;40.189998626708984;49996800;38.78182601928711
2023-02-13;40.27000045776367;43.04999923706055;39.54999923706055;41.79999923706055;55449000;40.33541488647461
2023-02-20;40.29999923706055;40.689998626708984;37.029998779296875;38.099998474121094;43473000;36.76506042480469
2023-02-27;39.060001373291016;40.75;37.20000076293945;40.4900016784668;43762400;39.071319580078125
2023-03-06;40.5099983215332;40.619998931884766;30.170000076293945;31.229999542236328;68351300;30.135766983032227
2023-03-13;29.399999618530273;32.7599983215332;28.100000381469727;28.530000686645508;96879800;27.53036880493164
2023-03-20;29.290000915527344;31.920000076293945;26.709999084472656;28.84000015258789;79559000;27.865304946899414
2023-03-27;29.8799991607666;32.29999923706055;29.1299991607666;32.209999084472656;64986000;31.12141227722168
2023-04-03;32.43000030517578;32.90999984741211;29.030000686645508;29.709999084472656;45525100;28.705900192260742
2023-04-10;29.25;32.369998931884766;29.209999084472656;30.950000762939453;50260800;29.90399742126465
2023-04-17;31.149999618530273;32.54999923706055;30.5;31.450000762939453;38761000;30.387096405029297
2023-04-24;31.309999465942383;31.860000610351562;27.93000030517578;30.0;55358800;28.986103057861328
2023-05-01;29.889999389648438;31.100000381469727;26.739999771118164;29.469999313354492;72610400;28.47402000427246
2023-05-08;29.8700008392334;30.200000762939453;28.0;28.510000228881836;56114400;27.54645538330078
2023-05-15;28.799999237060547;31.3700008392334;28.200000762939453;30.049999237060547;58985900;29.034412384033203
2023-05-22;30.350000381469727;32.36000061035156;28.299999237060547;29.940000534057617;69593100;28.928131103515625
2023-05-29;30.270000457763672;32.90999984741211;28.049999237060547;32.86000061035156;62635500;31.749439239501953
2023-06-05;32.5;36.2400016784668;30.950000762939453;34.61000061035156;95474300;33.4403076171875
2023-06-12;34.7400016784668;36.97999954223633;34.15999984741211;34.97999954223633;84537000;33.79779815673828
2023-06-19;34.54999923706055;34.77000045776367;31.489999771118164;31.65999984741211;47164500;30.79326629638672
2023-06-26;31.729999542236328;35.97999954223633;31.6299991607666;35.290000915527344;67094800;34.32389450073242
2023-07-03;35.13999938964844;36.209999084472656;31.6299991607666;33.900001525878906;51784800;32.97193908691406
2023-07-10;33.709999084472656;38.84000015258789;33.47999954223633;37.540000915527344;76116500;36.51229476928711
2023-07-17;37.41999816894531;41.150001525878906;37.279998779296875;39.130001068115234;57993800;38.05876922607422
2023-07-24;39.2400016784668;41.20000076293945;38.29999923706055;40.25;64291700;39.14809799194336
2023-07-31;40.54999923706055;41.650001525878906;38.11000061035156;38.77000045776367;65440700;37.70862579345703
2023-08-07;39.0099983215332;39.2400016784668;36.060001373291016;36.77000045776367;61003900;35.76337814331055
2023-08-14;36.150001525878906;36.58000183105469;31.649999618530273;33.11000061035156;55066900;32.20357131958008
2023-08-21;33.11000061035156;33.93000030517578;31.3700008392334;32.59000015258789;56751700;31.69780921936035
2023-08-28;33.06999969482422;36.81999969482422;32.88999938964844;36.209999084472656;40017600;35.21870422363281
2023-09-04;35.58000183105469;35.709999084472656;32.08000183105469;32.400001525878906;34253400;31.51301383972168
2023-09-11;33.0099983215332;33.380001068115234;31.510000228881836;32.04999923706055;39973300;31.172592163085938
2023-09-18;32.09000015258789;32.119998931884766;28.389999389648438;28.450000762939453;38749300;27.68612289428711
2023-09-25;27.959999084472656;29.950000762939453;27.65999984741211;28.739999771118164;56044100;27.968332290649414
2023-10-02;28.56999969482422;28.739999771118164;25.110000610351562;26.829999923706055;86585100;26.109617233276367
2023-10-09;26.309999465942383;28.829999923706055;25.219999313354492;25.489999771118164;75268800;24.80559539794922
2023-10-16;26.110000610351562;28.270000457763672;23.639999389648438;23.690000534057617;83837400;23.053926467895508
2023-10-23;23.309999465942383;24.1200008392334;21.579999923706055;21.81999969482422;101259900;21.23413848876953
2023-10-30;22.40999984741211;27.440000534057617;21.68000030517578;26.920000076293945;101913000;26.19720458984375
2023-11-06;26.940000534057617;27.079999923706055;23.43000030517578;24.420000076293945;91397500;23.764326095581055
2023-11-13;24.020000457763672;30.020000457763672;23.709999084472656;28.309999465942383;125715200;27.549882888793945
2023-11-20;28.40999984741211;28.93000030517578;27.600000381469727;28.690000534057617;54189800;27.919675827026367
2023-11-27;28.280000686645508;31.420000076293945;27.649999618530273;31.329999923706055;95642000;30.488792419433594
2023-12-04;30.940000534057617;32.7400016784668;30.450000762939453;32.13999938964844;112313800;31.27704429626465
2023-12-11;32.08000183105469;39.150001525878906;31.389999389648438;37.439998626708984;142677700;36.43473815917969
2023-12-18;37.939998626708984;40.779998779296875;37.22999954223633;40.0099983215332;126192200;39.164634704589844
2023-12-25;40.41999816894531;42.380001068115234;39.40999984741211;39.45000076293945;89225400;38.61647033691406
2024-01-01;38.619998931884766;39.90999984741211;34.47999954223633;35.0099983215332;115380900;34.27028274536133
2024-01-08;35.0;37.02000045776367;33.81999969482422;34.849998474121094;126465100;34.11365509033203
2024-01-15;34.0099983215332;34.52000045776367;31.790000915527344;34.31999969482422;94881300;33.594852447509766
2024-01-22;35.209999084472656;37.61000061035156;35.11000061035156;36.08000183105469;139005500;35.31767272949219
2024-01-29;36.16999816894531;37.95000076293945;33.52000045776367;35.029998779296875;144474600;34.289859771728516
2024-02-05;33.9900016784668;37.66999816894531;32.65999984741211;37.58000183105469;106773300;36.78597640991211
2024-02-12;37.869998931884766;40.220001220703125;33.810001373291016;38.38999938964844;150810600;37.578861236572266
2024-02-19;36.9900016784668;37.959999084472656;35.41999816894531;37.310001373291016;79603800;36.52167892456055
2024-02-26;37.150001525878906;40.81999969482422;36.849998474121094;40.599998474121094;98373600;39.74216842651367
2024-03-04;41.25;43.150001525878906;38.86000061035156;40.959999084472656;104333600;40.09456253051758
2024-03-11;40.47999954223633;41.0099983215332;37.040000915527344;38.29999923706055;80515900;37.490760803222656
2024-03-18;38.59000015258789;42.25;36.709999084472656;40.0;79091300;39.18195343017578
2024-03-25;40.279998779296875;43.84000015258789;39.880001068115234;42.91999816894531;57553400;42.042236328125
2024-04-01;43.189998626708984;43.189998626708984;38.349998474121094;39.2599983215332;86884000;38.45709228515625
2024-04-08;40.09000015258789;40.65999984741211;35.2400016784668;35.79999923706055;93832500;35.06784439086914
2024-04-15;36.119998931884766;36.599998474121094;31.850000381469727;32.72999954223633;103499000;32.060638427734375
2024-04-22;33.290000915527344;35.90999984741211;32.619998931884766;35.33000183105469;78148600;34.60746383666992
2024-04-29;35.790000915527344;38.27000045776367;33.5;37.029998779296875;86648700;36.2726936340332
2024-05-06;37.90999984741211;39.59000015258789;37.349998474121094;38.279998779296875;45541100;37.497127532958984
2024-05-13;39.25;41.34000015258789;38.43000030517578;40.29999923706055;53913700;39.47582244873047
2024-05-20;40.2400016784668;41.09000015258789;36.95000076293945;38.61000061035156;58844100;37.82038116455078
2024-05-27;39.439998626708984;39.52000045776367;36.560001373291016;38.63999938964844;45843600;37.849769592285156
2024-06-03;39.66999816894531;39.66999816894531;35.7400016784668;36.04999923706055;78672900;35.31273651123047
2024-06-10;35.09000015258789;39.5;34.41999816894531;34.86000061035156;100024400;34.147071838378906
2024-06-17;34.540000915527344;36.439998626708984;34.13999938964844;35.599998474121094;54259000;34.8719367980957
2024-06-24;35.77000045776367;37.619998931884766;34.599998474121094;36.66999816894531;71187800;36.07311248779297
2024-07-01;37.040000915527344;37.209999084472656;35.0099983215332;35.560001373291016;52813100;34.98118591308594
2024-07-08;36.400001525878906;43.209999084472656;35.33000183105469;42.13999938964844;113297300;41.454078674316406
2024-07-15;43.13999938964844;50.439998626708984;42.84000015258789;44.04999923706055;169762500;43.332984924316406
2024-07-22;44.56999969482422;49.16999816894531;43.18000030517578;48.459999084472656;146227000;47.671207427978516
2024-07-29;48.7599983215332;51.13999938964844;37.599998474121094;38.77000045776367;165108000;38.1389274597168
2024-08-05;32.619998931884766;37.9900016784668;31.959999084472656;37.04999923706055;119642000;36.446929931640625
2024-08-12;37.150001525878906;41.040000915527344;35.65999984741211;40.2599983215332;83012200;39.604679107666016
2024-08-19;40.470001220703125;44.939998626708984;39.869998931884766;44.4900016784668;80646800;43.76582336425781
2024-08-26;45.4900016784668;45.810001373291016;42.029998779296875;44.209999084472656;74421300;43.490379333496094
2024-09-02;43.52000045776367;43.790000915527344;36.619998931884766;37.04999923706055;67809800;36.446929931640625
2024-09-09;37.15999984741211;42.040000915527344;35.029998779296875;41.810001373291016;78003800;41.129451751708984
2024-09-16;42.25;46.529998779296875;41.400001525878906;44.5;102968500;43.775657653808594
2024-09-23;45.08000183105469;45.36000061035156;42.41999816894531;43.959999084472656;69686900;43.27693557739258
2024-09-30;43.40999984741211;44.709999084472656;40.83000183105469;43.130001068115234;64553000;42.4598388671875
2024-10-07;42.79999923706055;44.380001068115234;40.40999984741211;44.22999954223633;56781600;43.54274368286133
2024-10-14;44.31999969482422;47.7400016784668;43.70000076293945;46.72999954223633;57571800;46.0038948059082
2024-10-21;46.70000076293945;46.779998779296875;41.720001220703125;42.560001373291016;52657400;41.8986930847168
2024-10-28;43.650001525878906;45.77000045776367;41.68000030517578;42.41999816894531;47894100;41.7608642578125
2024-11-04;42.11000061035156;54.220001220703125;41.77000045776367;53.880001068115234;76766100;53.04279708862305
2024-11-11;55.4900016784668;56.77000045776367;46.970001220703125;47.38999938964844;71724200;46.65363693237305
2024-11-18;47.810001373291016;54.11000061035156;46.060001373291016;53.779998779296875;61840400;52.9443473815918
2024-11-25;55.61000061035156;58.0;54.20000076293945;55.88999938964844;47388200;55.02156066894531
2024-12-02;56.0;56.33000183105469;52.86000061035156;53.630001068115234;50465800;52.79668426513672
2024-12-09;54.72999954223633;55.2599983215332;48.88999938964844;49.66999816894531;61223100;48.89820861816406
2024-12-16;49.56999969482422;51.2599983215332;40.65999984741211;42.880001068115234;93029100;42.213722229003906
2024-12-23;42.52000045776367;45.0099983215332;41.18000030517578;42.70000076293945;47765400;42.20976257324219
2024-12-30;41.70000076293945;44.0;40.150001525878906;43.810001373291016;53456800;43.30702209472656
2025-01-06;44.56999969482422;45.369998931884766;38.4900016784668;39.36000061035156;66648500;38.908111572265625
2025-01-13;38.04999923706055;44.88999938964844;37.77000045776367;44.0099983215332;70176400;43.50472640991211
2025-01-20;45.22999954223633;46.72999954223633;44.58000183105469;45.790000915527344;38516300;45.26428985595703
2025-01-27;44.59000015258789;46.66999816894531;43.349998474121094;44.349998474121094;63496200;43.8408203125
2025-02-03;41.40999984741211;46.75;40.95000076293945;43.869998931884766;57525900;43.366329193115234
2025-02-10;44.66999816894531;44.880001068115234;41.43000030517578;43.72999954223633;41101900;43.227943420410156
2025-02-17;43.810001373291016;44.70000076293945;38.77000045776367;38.91999816894531;42236600;38.473167419433594
2025-02-24;39.47999954223633;39.47999954223633;35.279998779296875;37.13999938964844;64163100;36.71359634399414
2025-03-03;37.529998779296875;37.810001373291016;30.6200008392334;32.599998474121094;91794700;32.2257194519043
2025-03-10;31.389999389648438;32.02000045776367;28.399999618530273;30.940000534057617;91439200;30.584779739379883
2025-03-17;30.860000610351562;33.290000915527344;30.510000228881836;31.459999084472656;53954500;31.09880828857422
2025-03-24;32.90999984741211;33.95000076293945;29.18000030517578;29.700000762939453;49532000;29.448734283447266
2025-03-31;28.329999923706055;30.899999618530273;19.600000381469727;21.31999969482422;103451500;21.13962745666504
2025-04-07;18.90999984741211;24.770000457763672;18.010000228881836;21.81999969482422;210504900;21.63539695739746
2025-04-14;23.010000228881836;23.5;21.139999389648438;22.520000457763672;69275100;22.329477310180664
2025-04-21;22.0;25.700000762939453;20.450000762939453;25.219999313354492;76553400;25.006633758544922
2025-04-28;25.360000610351562;27.950000762939453;23.850000381469727;27.639999389648438;68850500;27.406158447265625
2025-05-05;26.8799991607666;28.510000228881836;25.700000762939453;27.700000762939453;63531600;27.465652465820312
2025-05-12;30.989999771118164;31.530000686645508;29.5;31.440000534057617;64502900;31.17401123046875
2025-05-19;30.059999465942383;31.360000610351562;26.920000076293945;28.110000610351562;64275300;27.87218475341797
2025-05-26;29.3799991607666;30.389999389648438;28.40999984741211;29.06999969482422;61497300;28.824060440063477
2025-06-02;29.18000030517578;32.040000915527344;28.049999237060547;31.920000076293945;79656000;31.649948120117188
2025-06-09;32.81999969482422;33.77000045776367;30.219999313354492;30.530000686645508;79836500;30.271709442138672
2025-06-16;31.43000030517578;32.08000183105469;30.229999542236328;30.81999969482422;48987100;30.559255599975586
2025-06-23;30.5;34.2599983215332;29.760000228881836;33.41999816894531;68984800;33.2937126159668
2025-06-30;33.93000030517578;37.04999923706055;32.7599983215332;36.90999984741211;60007300;36.77052307128906
2025-07-07;36.16999816894531;38.310001373291016;34.619998931884766;36.099998474121094;75966700;35.963584899902344
2025-07-14;35.939998626708984;37.77000045776367;33.77000045776367;36.25;76665400;36.11302185058594
2025-07-21;36.86000061035156;38.380001068115234;35.45000076293945;37.150001525878906;57128300;37.009620666503906
2025-07-28;37.650001525878906;37.790000915527344;31.34000015258789;32.540000915527344;78164600;32.41703796386719
2025-08-04;33.2400016784668;36.16999816894531;33.060001373291016;34.91999816894531;57399300;34.78804397583008
2025-08-11;35.099998474121094;40.290000915527344;34.68000030517578;38.040000915527344;80313300;37.89625930786133
2025-08-18;38.060001373291016;42.040000915527344;36.27000045776367;41.75;79666500;41.59223937988281
2025-08-25;41.369998931884766;42.869998931884766;40.439998626708984;41.83000183105469;53624800;41.671932220458984
2025-09-01;40.099998474121094;44.150001525878906;39.81999969482422;43.09000015258789;52577300;42.92717361450195
2025-09-08;43.5099983215332;44.72999954223633;41.83000183105469;43.29999923706055;57849000;43.136383056640625
2025-09-15;43.75;47.52000045776367;42.77000045776367;45.9900016784668;79218100;45.81621551513672
2025-09-22;45.619998931884766;48.349998474121094;42.880001068115234;44.939998626708984;56174000;44.839107513427734
2025-09-29;45.75;48.65999984741211;43.81999969482422;47.369998931884766;54434400;47.263648986816406
2025-10-06;48.41999816894531;48.88999938964844;42.529998779296875;42.650001525878906;70632200;42.55425262451172
2025-10-13;44.779998779296875;50.959999084472656;43.88999938964844;45.40999984741211;82795600;45.30805587768555
2025-10-20;47.189998626708984;49.61000061035156;43.810001373291016;48.63999938964844;57367900;48.530799865722656
2025-10-27;50.0;50.2599983215332;45.290000915527344;46.720001220703125;73043800;46.615108489990234
2025-11-03;46.63999938964844;46.79999923706055;41.029998779296875;43.880001068115234;73766200;43.78148651123047
2025-11-10;45.7400016784668;46.47999954223633;39.310001373291016;41.47999954223633;65695000;41.38687515258789
2025-11-17;40.93000030517578;42.15999984741211;37.029998779296875;40.25;90396000;40.159637451171875
2025-11-24;40.400001525878906;47.18000030517578;40.15999984741211;47.08000183105469;37655400;46.974308013916016
2025-12-01;45.34000015258789;49.2599983215332;45.09000015258789;48.130001068115234;46298400;48.02194595336914
2025-12-08;49.2599983215332;52.41999816894531;47.7400016784668;49.79999923706055;62911100;49.68819808959961
2025-12-15;50.77000045776367;50.84000015258789;46.09000015258789;48.33000183105469;56640000;48.221500396728516
2025-12-22;49.209999084472656;50.81999969482422;47.95000076293945;48.52000045776367;22916000;48.44017028808594
2025-12-29;47.86000061035156;48.59000015258789;45.29999923706055;46.91999816894531;30668700;46.84280014038086
2026-01-05;47.470001220703125;54.279998779296875;47.34000015258789;53.4900016784668;50954300;53.40199279785156
2026-01-12;52.91999816894531;57.7400016784668;52.2599983215332;56.81999969482422;44017600;56.72651290893555
2026-01-19;53.84000015258789;60.439998626708984;53.790000915527344;55.959999084472656;46383200;55.86792755126953
2026-01-26;56.060001373291016;57.09000015258789;51.540000915527344;52.61000061035156;46856900;52.523441314697266
2026-02-02;51.83000183105469;55.93000030517578;49.720001220703125;55.52000045776367;58193100;55.428653717041016
2026-02-09;55.41999816894531;57.9900016784668;51.31999969482422;53.970001220703125;50285500;53.881202697753906
2026-02-16;53.619998931884766;56.61000061035156;51.599998474121094;54.97999954223633;41161700;54.88954162597656
2026-02-23;54.20000076293945;55.81999969482422;50.91999816894531;52.79999923706055;50293400;52.71312713623047
2026-03-02;50.56999969482422;54.4900016784668;45.81999969482422;46.369998931884766;76237300;46.293704986572266
2026-03-09;44.52000045776367;50.11000061035156;42.77000045776367;43.83000183105469;86730700;43.75788879394531
2026-03-16;45.5;46.810001373291016;40.599998474121094;41.59000015258789;61657900;41.52157211303711
2026-03-23;44.09000015258789;47.25;41.439998626708984;41.79999923706055;64187400;41.75009536743164
2026-03-30;42.93000030517578;46.52000045776367;39.5;45.849998474121094;55399800;45.795257568359375
2026-04-06;45.70000076293945;52.31999969482422;44.88999938964844;51.36000061035156;49396300;51.298683166503906
2026-04-13;50.75;61.290000915527344;50.630001068115234;60.09000015258789;38899200;60.01826095581055
2026-04-20;59.41999816894531;62.75;57.54999923706055;60.56999969482422;41514500;60.497684478759766
2026-04-27;60.70000076293945;62.43000030517578;56.470001220703125;62.099998474121094;32568600;62.02585983276367
2026-05-04;61.68000030517578;67.61000061035156;59.970001220703125;65.12000274658203;34754600;65.0422592163086
2026-05-11;65.6500015258789;67.06999969482422;60.2400016784668;60.47999954223633;37307300;60.40779495239258
2026-05-18;61.25;66.16999816894531;55.959999084472656;65.16999816894531;39396300;65.09219360351562
2026-05-25;67.4800033569336;70.41999816894531;67.0;68.69000244140625;20233800;68.60799407958984
2026-06-01;67.26000213623047;70.31999969482422;61.209999084472656;62.290000915527344;33362500;62.215633392333984
2026-06-08;64.83999633789062;71.62999725341797;59.5;69.70999908447266;52102400;69.62677001953125
2026-06-15;72.7699966430664;73.69000244140625;67.23999786376953;71.7699966430664;25860200;71.68431091308594
2026-06-22;72.87999725341797;75.91999816894531;69.30999755859375;73.25;33182500;73.25
2026-06-29;73.4800033569336;76.83999633789062;70.91999816894531;72.86000061035156;17996200;72.86000061035156
2026-07-06;73.02999877929688;74.9800033569336;67.83999633789062;71.51000213623047;21204200;71.51000213623047
2026-07-13;70.87000274658203;72.7699966430664;68.27999877929688;70.0199966430664;22047600;70.0199966430664
2026-07-20;70.6500015258789;71.83999633789062;67.12999725341797;67.80000305175781;17570100;67.80000305175781
2026-07-27;69.73999786376953;70.7699966430664;65.2300033569336;67.5999984741211;24160000;67.5999984741211
2026-08-03;68.69000244140625;75.93000030517578;68.38999938964844;74.68000030517578;18791100;74.68000030517578
2026-08-10;73.94000244140625;77.23999786376953;72.8499984741211;77.13999938964844;15800400;77.13999938964844
2026-08-17;76.36000061035156;76.58499908447266;75.7699966430664;76.4000015258789;3246668;76.4000015258789
