datetime;open;high;low;close;volume;adjclose
2008-11-19;7.767499923706055;7.997499942779541;6.0;6.057499885559082;10955600;4.935470104217529
2008-11-20;5.835000038146973;6.275000095367432;4.75;4.784999847412109;19968400;3.8986752033233643
2008-11-21;5.547500133514404;5.617499828338623;4.267499923706055;5.527500152587891;19014400;4.50364351272583
2008-11-24;5.872499942779541;6.929999828338623;5.599999904632568;6.679999828338623;14030400;5.442664623260498
2008-11-25;7.010000228881836;7.110000133514404;6.277500152587891;7.002500057220459;11441200;5.705428123474121
2008-11-26;6.570000171661377;8.317500114440918;6.517499923706055;8.2475004196167;14252400;6.719817161560059
2008-11-28;7.992499828338623;8.664999961853027;7.880000114440918;8.664999961853027;3981600;7.059983730316162
2008-12-01;7.827499866485596;7.932499885559082;5.375;5.619999885559082;14906800;4.579007148742676
2008-12-02;5.972499847412109;6.525000095367432;5.607500076293945;6.460000038146973;15318800;5.26341438293457
2008-12-03;6.012499809265137;7.242499828338623;5.957499980926514;7.079999923706055;27722400;5.7685723304748535
2008-12-04;6.737500190734863;7.487500190734863;6.017499923706055;6.40749979019165;23481600;5.220639228820801
2008-12-05;6.107500076293945;7.292500019073486;5.652500152587891;7.210000038146973;37032800;5.874492645263672
2008-12-08;7.789999961853027;8.387499809265137;7.644999980926514;8.154999732971191;28211600;6.644449234008789
2008-12-09;7.922500133514404;8.8100004196167;7.232500076293945;7.460000038146973;28266400;6.078185081481934
2008-12-10;7.699999809265137;8.307499885559082;7.517499923706055;7.960000038146973;23926000;6.485569477081299
2008-12-11;7.71999979019165;8.0625;6.507500171661377;6.767499923706055;19806000;5.513955116271973
2008-12-12;6.21750020980835;7.497499942779541;6.177499771118164;7.417500019073486;40111600;6.0435566902160645
2008-12-15;7.607500076293945;7.684999942779541;6.397500038146973;6.737500190734863;25721600;5.489512920379639
2008-12-16;7.122499942779541;8.0600004196167;7.077499866485596;7.960000038146973;27358400;6.485569477081299
2008-12-17;7.84499979019165;8.645000457763672;7.650000095367432;8.272500038146973;27246800;6.749088287353516
2008-12-18;8.265000343322754;8.699999809265137;7.53249979019165;8.067500114440918;22805200;6.5818400382995605
2008-12-19;8.3725004196167;8.859999656677246;7.997499942779541;8.25;28224800;6.730731964111328
2008-12-22;8.335000038146973;8.362500190734863;6.927499771118164;7.699999809265137;25004800;6.282015800476074
2008-12-23;7.875;8.0;7.192500114440918;7.322500228881836;26145200;5.974033832550049
2008-12-24;7.387499809265137;7.550000190734863;7.125;7.4375;9540400;6.067857265472412
2008-12-26;7.675000190734863;7.747499942779541;7.357500076293945;7.6875;8625600;6.2718186378479
2008-12-29;7.65500020980835;7.752500057220459;6.985000133514404;7.269999980926514;16916400;5.931204319000244
2008-12-30;7.494999885559082;7.972499847412109;7.349999904632568;7.927499771118164;18838000;6.467622756958008
2008-12-31;8.007499694824219;9.042499542236328;7.96750020980835;8.522500038146973;27154800;6.953049659729004
2009-01-02;8.757499694824219;9.244999885559082;8.454999923706055;8.977499961853027;29046400;7.324260711669922
2009-01-05;9.137499809265137;9.34000015258789;8.574999809265137;9.149999618530273;25524800;7.464995384216309
2009-01-06;9.357500076293945;9.907500267028809;9.177499771118164;9.59749984741211;31898400;7.830084800720215
2009-01-07;9.007499694824219;9.142499923706055;8.342499732971191;8.720000267028809;27940800;7.114180564880371
2009-01-08;8.537500381469727;8.9350004196167;8.4375;8.895000457763672;31515200;7.256954193115234
2009-01-09;8.907500267028809;8.932499885559082;7.75;7.875;39779600;6.424789905548096
2009-01-12;7.767499923706055;7.852499961853027;7.077499866485596;7.167500019073486;24239200;5.8475775718688965
2009-01-13;7.117499828338623;7.574999809265137;7.017499923706055;7.452499866485596;28787200;6.080094337463379
2009-01-14;6.972499847412109;7.132500171661377;6.432499885559082;6.474999904632568;40151600;5.282605171203613
2009-01-15;6.510000228881836;7.017499923706055;5.875;6.84250020980835;57358800;5.582430362701416
2009-01-16;7.239999771118164;7.247499942779541;6.355000019073486;6.992499828338623;48674800;5.704804420471191
2009-01-20;6.732500076293945;6.877500057220459;5.599999904632568;5.607500076293945;46289600;4.574858665466309
2009-01-21;5.847499847412109;6.497499942779541;5.485000133514404;6.394999980926514;40993200;5.2173357009887695
2009-01-22;6.007500171661377;6.369999885559082;5.545000076293945;5.864999771118164;57889600;4.784938335418701
2009-01-23;5.425000190734863;6.21999979019165;5.347499847412109;5.96750020980835;48821200;4.868563175201416
2009-01-26;5.949999809265137;6.550000190734863;5.875;6.130000114440918;48428000;5.001139163970947
2009-01-27;6.224999904632568;6.53249979019165;6.087500095367432;6.347499847412109;38027200;5.17858362197876
2009-01-28;6.737500190734863;7.21999979019165;6.690000057220459;7.077499866485596;44948400;5.77415132522583
2009-01-29;6.822500228881836;6.872499942779541;6.255000114440918;6.302499771118164;37922800;5.141872406005859
2009-01-30;6.46999979019165;6.5625;5.792500019073486;5.917500019073486;40600800;4.827771186828613
2009-02-02;5.612500190734863;6.199999809265137;5.610000133514404;6.085000038146973;27782400;4.964424133300781
2009-02-03;6.252500057220459;6.362500190734863;5.927499771118164;6.190000057220459;33355600;5.0500898361206055
2009-02-04;6.224999904632568;6.577499866485596;5.942500114440918;6.052499771118164;45293600;4.937908172607422
2009-02-05;5.912499904632568;6.534999847412109;5.815000057220459;6.237500190734863;43947200;5.088841438293457
2009-02-06;6.304999828338623;7.012499809265137;6.227499961853027;6.922500133514404;48942400;5.647696018218994
2009-02-09;6.869999885559082;7.03249979019165;6.632500171661377;6.852499961853027;31430000;5.5905866622924805
2009-02-10;6.730000019073486;7.022500038146973;5.872499942779541;5.977499961853027;50923200;4.876720905303955
2009-02-11;6.03000020980835;6.167500019073486;5.737500190734863;5.997499942779541;30332400;4.893038749694824
2009-02-12;5.732500076293945;6.167500019073486;5.489999771118164;6.130000114440918;39875600;5.001139163970947
2009-02-13;6.132500171661377;6.367499828338623;5.925000190734863;5.932499885559082;33377600;4.84000825881958
2009-02-17;5.287499904632568;5.527500152587891;5.21750020980835;5.264999866485596;41732400;4.295431613922119
2009-02-18;5.387499809265137;5.40749979019165;4.962500095367432;5.027500152587891;50078400;4.10166597366333
2009-02-19;5.199999809265137;5.255000114440918;4.784999847412109;4.8125;41802400;3.926260471343994
2009-02-20;4.517499923706055;4.784999847412109;4.297500133514404;4.614999771118164;64065200;3.765130043029785
2009-02-23;4.699999809265137;4.724999904632568;4.047500133514404;4.077499866485596;56234000;3.326612710952759
2009-02-24;4.21999979019165;4.627500057220459;4.09499979019165;4.525000095367432;55288000;3.6917049884796143
2009-02-25;4.442500114440918;4.550000190734863;4.025000095367432;4.21999979019165;64239200;3.44287109375
2009-02-26;4.377500057220459;4.425000190734863;3.9375;4.022500038146973;48908000;3.281741142272949
2009-02-27;3.7674999237060547;4.132500171661377;3.755000114440918;3.882499933242798;60819600;3.16752290725708
2009-03-02;3.6475000381469727;3.7049999237060547;3.2149999141693115;3.244999885559082;68421200;2.6474220752716064
2009-03-03;3.387500047683716;3.4200000762939453;3.012500047683716;3.075000047683716;57725600;2.508727550506592
2009-03-04;3.2149999141693115;3.424999952316284;3.075000047683716;3.259999990463257;72072400;2.6596593856811523
2009-03-05;3.067500114440918;3.177500009536743;2.7200000286102295;2.740000009536743;77096800;2.2354190349578857
2009-03-06;2.817500114440918;2.9375;2.567500114440918;2.7725000381469727;72312800;2.2619333267211914
2009-03-09;2.6649999618530273;2.872499942779541;2.552500009536743;2.5850000381469727;56380000;2.108962297439575
2009-03-10;2.7674999237060547;3.1075000762939453;2.737499952316284;3.077500104904175;62855600;2.5107667446136475
2009-03-11;3.180000066757202;3.362499952316284;2.994999885559082;3.067500114440918;72204400;2.502608299255371
2009-03-12;3.0350000858306885;3.694999933242798;2.927500009536743;3.625;71890000;2.9574437141418457
2009-03-13;3.737499952316284;3.8299999237060547;3.572499990463257;3.7674999237060547;61352000;3.0737013816833496
2009-03-16;3.880000114440918;3.9725000858306885;3.502500057220459;3.515000104904175;54390400;2.8676998615264893
2009-03-17;3.557499885559082;4.014999866485596;3.4649999141693115;4.012499809265137;43407600;3.273582935333252
2009-03-18;3.9600000381469727;4.537499904632568;3.865000009536743;4.434999942779541;75071600;3.6182775497436523
2009-03-19;4.622499942779541;4.632500171661377;4.210000038146973;4.300000190734863;48798000;3.5081396102905273
2009-03-20;4.400000095367432;4.447500228881836;3.8375000953674316;3.8399999141693115;53624800;3.132849931716919
2009-03-23;4.25;4.840000152587891;4.125;4.824999809265137;60727200;3.9364583492279053
2009-03-24;4.630000114440918;4.784999847412109;4.255000114440918;4.300000190734863;51764800;3.5143306255340576
2009-03-25;4.397500038146973;4.800000190734863;4.039999961853027;4.637499809265137;80529200;3.7901647090911865
2009-03-26;4.824999809265137;5.167500019073486;4.670000076293945;5.144999980926514;90247600;4.204936981201172
2009-03-27;4.887499809265137;5.019999980926514;4.619999885559082;4.650000095367432;56092400;3.800379753112793
2009-03-30;4.252500057220459;4.295000076293945;3.9700000286102295;4.25;53334000;3.4734654426574707
2009-03-31;4.409999847412109;4.744999885559082;4.25;4.340000152587891;63763200;3.5470223426818848
2009-04-01;4.144999980926514;4.647500038146973;4.077499866485596;4.59250020980835;68133600;3.7533862590789795
2009-04-02;5.012499809265137;5.472499847412109;4.925000190734863;5.257500171661377;82758800;4.296880722045898
2009-04-03;5.222499847412109;5.497499942779541;5.070000171661377;5.485000133514404;57781200;4.482814788818359
2009-04-06;5.262499809265137;5.307499885559082;4.945000171661377;5.227499961853027;65904000;4.272363662719727
2009-04-07;4.957499980926514;5.090000152587891;4.637499809265137;4.679999828338623;60863200;3.8248984813690186
2009-04-08;4.769999980926514;4.985000133514404;4.662499904632568;4.972499847412109;70193600;4.063953876495361
2009-04-09;5.349999904632568;5.804999828338623;5.292500019073486;5.789999961853027;70584400;4.732086181640625
2009-04-13;5.625;5.917500019073486;5.427499771118164;5.800000190734863;69776000;4.740259170532227
2009-04-14;5.53249979019165;5.737500190734863;5.267499923706055;5.300000190734863;72785600;4.331615924835205
2009-04-15;5.1875;5.574999809265137;5.142499923706055;5.507500171661377;54108000;4.501204013824463
2009-04-16;5.724999904632568;6.122499942779541;5.440000057220459;5.982500076293945;66235600;4.889414310455322
2009-04-17;6.022500038146973;6.34499979019165;5.840000152587891;6.135000228881836;58665200;5.014050006866455
2009-04-20;5.762499809265137;5.847499847412109;5.162499904632568;5.21750020980835;65198400;4.264190673828125
2009-04-21;5.122499942779541;5.789999961853027;5.072500228881836;5.742499828338623;84645200;4.693265914916992
2009-04-22;5.480000019073486;6.197500228881836;5.414999961853027;5.692500114440918;87870800;4.652401924133301
2009-04-23;5.815000057220459;5.847499847412109;5.400000095367432;5.664999961853027;71112000;4.6299262046813965
2009-04-24;5.835000038146973;6.237500190734863;5.677499771118164;5.977499961853027;74148000;4.885326385498047
2009-04-27;5.702499866485596;6.065000057220459;5.630000114440918;5.809999942779541;61862000;4.748432159423828
2009-04-28;5.612500190734863;6.142499923706055;5.5625;5.84250020980835;71332400;4.774994850158691
2009-04-29;6.074999809265137;6.71999979019165;6.014999866485596;6.507500171661377;75755600;5.3184895515441895
2009-04-30;6.807499885559082;7.007500171661377;6.367499828338623;6.372499942779541;78446800;5.208154201507568
2009-05-01;6.397500038146973;6.637499809265137;6.295000076293945;6.460000038146973;55670800;5.279669761657715
2009-05-04;6.65500020980835;7.175000190734863;6.577499866485596;7.150000095367432;61229600;5.843595027923584
2009-05-05;7.050000190734863;7.159999847412109;6.75;6.994999885559082;54028800;5.716916561126709
2009-05-06;7.264999866485596;7.385000228881836;6.6875;7.079999923706055;63316800;5.786386013031006
2009-05-07;7.397500038146973;7.449999809265137;6.432499885559082;6.625;69171600;5.414521217346191
2009-05-08;6.929999828338623;7.329999923706055;6.732500076293945;7.252500057220459;76466000;5.9273681640625
2009-05-11;6.860000133514404;7.105000019073486;6.744999885559082;6.942500114440918;44876000;5.674008369445801
2009-05-12;7.077499866485596;7.172500133514404;6.329999923706055;6.675000190734863;70102800;5.455384254455566
2009-05-13;6.332499980926514;6.364999771118164;5.744999885559082;5.767499923706055;63242000;4.71369743347168
2009-05-14;5.792500019073486;6.284999847412109;5.682499885559082;6.012499809265137;58016400;4.913932800292969
2009-05-15;5.96999979019165;6.177499771118164;5.760000228881836;5.927499771118164;52075600;4.844463348388672
2009-05-18;6.119999885559082;6.570000171661377;6.0625;6.497499942779541;50842400;5.310316562652588
2009-05-19;6.489999771118164;6.730000019073486;6.284999847412109;6.514999866485596;59279200;5.324617862701416
2009-05-20;6.684999942779541;7.025000095367432;6.309999942779541;6.34250020980835;72479200;5.183637619018555
2009-05-21;6.085000038146973;6.257500171661377;5.775000095367432;6.090000152587891;50371600;4.977274417877197
2009-05-22;6.190000057220459;6.235000133514404;5.909999847412109;5.917500019073486;40015200;4.8362908363342285
2009-05-26;5.739999771118164;6.760000228881836;5.735000133514404;6.6875;64140400;5.465602397918701
2009-05-27;6.610000133514404;6.849999904632568;6.309999942779541;6.309999942779541;70550000;5.15707540512085
2009-05-28;6.525000095367432;6.602499961853027;5.96999979019165;6.372499942779541;66473200;5.208154201507568
2009-05-29;6.46999979019165;6.789999961853027;6.34499979019165;6.75;59346000;5.51668119430542
2009-06-01;7.239999771118164;7.644999980926514;7.135000228881836;7.53000020980835;69495200;6.154163360595703
2009-06-02;7.460000038146973;7.922500133514404;7.340000152587891;7.795000076293945;64938800;6.3707451820373535
2009-06-03;7.602499961853027;7.699999809265137;7.372499942779541;7.664999961853027;59378800;6.264497756958008
2009-06-04;7.802499771118164;8.024999618530273;7.525000095367432;7.987500190734863;65293600;6.528073310852051
2009-06-05;8.22249984741211;8.267499923706055;7.784999847412109;7.980000019073486;70425600;6.521942138671875
2009-06-08;7.829999923706055;8.03499984741211;7.492499828338623;7.75;53913600;6.333967208862305
2009-06-09;7.835000038146973;8.022500038146973;7.724999904632568;7.8125;41654400;6.38504695892334
2009-06-10;8.069999694824219;8.074999809265137;7.297500133514404;7.75;66480000;6.333967208862305
2009-06-11;7.757500171661377;8.09000015258789;7.71750020980835;7.724999904632568;59232800;6.313535213470459
2009-06-12;7.585000038146973;7.817500114440918;7.422500133514404;7.800000190734863;44868800;6.374830722808838
2009-06-15;7.480000019073486;7.489999771118164;6.945000171661377;7.177499771118164;54771600;5.866069793701172
2009-06-16;7.34499979019165;7.377500057220459;6.75;6.815000057220459;57727200;5.569805145263672
2009-06-17;6.822500228881836;7.167500019073486;6.625;6.934999942779541;56376000;5.667879104614258
2009-06-18;6.9375;7.15500020980835;6.744999885559082;7.045000076293945;42480000;5.757780075073242
2009-06-19;7.317500114440918;7.400000095367432;7.072500228881836;7.170000076293945;49950800;5.8599419593811035
2009-06-22;7.012499809265137;7.03000020980835;6.400000095367432;6.414999961853027;49795600;5.242889881134033
2009-06-23;6.505000114440918;6.574999809265137;6.227499961853027;6.257500171661377;53392000;5.11795711517334
2009-06-24;6.422500133514404;6.6875;6.340000152587891;6.427499771118164;48579200;5.256998538970947
2009-06-25;6.275000095367432;7.010000228881836;6.257500171661377;6.994999885559082;67759600;5.721152305603027
2009-06-26;6.897500038146973;7.1875;6.800000190734863;7.012499809265137;44185600;5.735466003417969
2009-06-29;7.077499866485596;7.190000057220459;6.715000152587891;7.059999942779541;45377200;5.774315357208252
2009-06-30;7.070000171661377;7.210000038146973;6.872499942779541;6.942500114440918;52548000;5.678212642669678
2009-07-01;7.107500076293945;7.462500095367432;7.087500095367432;7.292500019073486;42904400;5.964476585388184
2009-07-02;6.96999979019165;6.972499847412109;6.477499961853027;6.59499979019165;52587200;5.393995761871338
2009-07-06;6.400000095367432;6.492499828338623;6.072500228881836;6.387499809265137;55745200;5.224283695220947
2009-07-07;6.34499979019165;6.392499923706055;5.965000152587891;5.96999979019165;49429600;4.882812976837158
2009-07-08;6.037499904632568;6.114999771118164;5.565000057220459;5.837500095367432;73708000;4.774442672729492
2009-07-09;5.954999923706055;5.987500190734863;5.752500057220459;5.800000190734863;47029200;4.743771553039551
2009-07-10;5.679999828338623;5.920000076293945;5.587500095367432;5.840000152587891;53613600;4.776487350463867
2009-07-13;5.925000190734863;6.284999847412109;5.612500190734863;6.269999980926514;53947600;5.128181457519531
2009-07-14;6.28000020980835;6.442500114440918;6.164999961853027;6.389999866485596;48351200;5.226328372955322
2009-07-15;6.75;7.1875;6.670000076293945;7.110000133514404;56208000;5.815210342407227
2009-07-16;7.057499885559082;7.5;6.997499942779541;7.394999980926514;43914400;6.048308372497559
2009-07-17;7.452499866485596;7.46750020980835;7.25;7.3125;36145200;5.980832576751709
2009-07-20;7.454999923706055;7.65500020980835;7.364999771118164;7.565000057220459;48164800;6.187351226806641
2009-07-21;7.787499904632568;7.800000190734863;7.242499828338623;7.525000095367432;52718000;6.154635906219482
2009-07-22;7.417500019073486;7.84499979019165;7.389999866485596;7.682499885559082;43599600;6.283451557159424
2009-07-23;7.695000171661377;8.550000190734863;7.662499904632568;8.414999961853027;56798800;6.8825578689575195
2009-07-24;8.262499809265137;8.572500228881836;8.154999732971191;8.53499984741211;45610400;6.980706691741943
2009-07-27;8.5600004196167;8.742500305175781;8.3725004196167;8.6875;47038800;7.105435371398926
2009-07-28;8.53499984741211;8.800000190734863;8.345000267028809;8.707500457763672;45049200;7.121792793273926
2009-07-29;8.555000305175781;8.697500228881836;8.430000305175781;8.582500457763672;44200000;7.019557476043701
2009-07-30;8.932499885559082;9.329999923706055;8.842499732971191;9.020000457763672;54739600;7.377384662628174
2009-07-31;8.930000305175781;9.262499809265137;8.912500381469727;8.9375;47981200;7.30990743637085
2009-08-03;9.262499809265137;9.4350004196167;8.977499961853027;9.4350004196167;47497200;7.716809272766113
2009-08-04;9.260000228881836;9.8125;9.239999771118164;9.707500457763672;47244000;7.939684867858887
2009-08-05;9.72249984741211;9.737500190734863;9.157500267028809;9.442500114440918;54996000;7.722940444946289
2009-08-06;9.552499771118164;9.632499694824219;8.954999923706055;9.024999618530273;45204000;7.381471633911133
2009-08-07;9.452500343322754;10.045000076293945;9.297499656677246;9.710000038146973;52958800;7.941727161407471
2009-08-10;9.607500076293945;9.914999961853027;9.492500305175781;9.755000114440918;42270800;7.978535175323486
2009-08-11;9.625;9.657500267028809;9.125;9.2524995803833;46566000;7.567542552947998
2009-08-12;9.262499809265137;10.02750015258789;9.257499694824219;9.682499885559082;53666000;7.919238090515137
2009-08-13;9.907500267028809;10.0024995803833;9.47249984741211;9.927499771118164;50482800;8.119619369506836
2009-08-14;9.862500190734863;9.892499923706055;9.012499809265137;9.289999961853027;50938400;7.598212718963623
2009-08-17;8.737500190734863;8.772500038146973;8.457500457763672;8.507499694824219;49169200;6.958215713500977
2009-08-18;8.694999694824219;9.010000228881836;8.5649995803833;8.84749984741211;35877600;7.236296653747559
2009-08-19;8.5600004196167;9.202500343322754;8.5024995803833;9.170000076293945;44694400;7.500068664550781
2009-08-20;9.119999885559082;9.53499984741211;9.005000114440918;9.470000267028809;44445600;7.745436191558838
2009-08-21;9.772500038146973;10.229999542236328;9.734999656677246;10.1225004196167;41481600;8.279109001159668
2009-08-24;10.265000343322754;10.452500343322754;9.97249984741211;10.087499618530273;44484400;8.250480651855469
2009-08-25;10.257499694824219;10.5600004196167;10.157500267028809;10.257499694824219;49751600;8.389524459838867
2009-08-26;10.212499618530273;10.449999809265137;10.067500114440918;10.3125;39542400;8.4345064163208
2009-08-27;10.270000457763672;10.367500305175781;9.649999618530273;10.289999961853027;52609200;8.416105270385742
2009-08-28;10.582500457763672;10.675000190734863;9.8774995803833;10.077500343322754;53116000;8.242301940917969
2009-08-31;9.765000343322754;9.850000381469727;9.5;9.642499923706055;44190800;7.886520862579346
2009-09-01;9.47249984741211;10.104999542236328;8.895000457763672;8.984999656677246;70307200;7.348756790161133
2009-09-02;8.867500305175781;9.0649995803833;8.782500267028809;8.845000267028809;37950000;7.234253883361816
2009-09-03;9.0;9.164999961853027;8.662500381469727;9.15999984741211;32220400;7.491887092590332
2009-09-04;9.119999885559082;9.5649995803833;8.962499618530273;9.520000457763672;31873200;7.78632926940918
2009-09-08;9.845000267028809;9.864999771118164;9.524999618530273;9.852499961853027;29300400;8.058280944824219
2009-09-09;9.829999923706055;10.52750015258789;9.757499694824219;10.335000038146973;38880000;8.452908515930176
2009-09-10;10.350000381469727;10.807499885559082;10.109999656677246;10.734999656677246;39842800;8.780069351196289
2009-09-11;10.832500457763672;11.042499542236328;10.569999694824219;10.717499732971191;39861200;8.765755653381348
2009-09-14;10.489999771118164;11.09749984741211;10.4399995803833;11.082500457763672;31221600;9.064284324645996
2009-09-15;11.0649995803833;11.4350004196167;10.920000076293945;11.34000015258789;38621600;9.27488899230957
2009-09-16;11.487500190734863;12.0649995803833;11.392499923706055;12.057499885559082;38573600;9.861729621887207
2009-09-17;12.017499923706055;12.3725004196167;11.795000076293945;11.96500015258789;38508800;9.786076545715332
2009-09-18;12.207500457763672;12.212499618530273;11.744999885559082;12.109999656677246;29864800;9.904667854309082
2009-09-21;11.787500381469727;12.167499542236328;11.727499961853027;12.067500114440918;33274000;9.86991024017334
2009-09-22;12.289999961853027;12.422499656677246;12.045000076293945;12.27750015258789;32219200;10.052703857421875
2009-09-23;12.3725004196167;12.65250015258789;11.890000343322754;11.957500457763672;40048000;9.790691375732422
2009-09-24;12.047499656677246;12.15999984741211;11.012499809265137;11.260000228881836;42557200;9.219582557678223
2009-09-25;11.112500190734863;11.34000015258789;10.875;11.055000305175781;32602800;9.05173110961914
2009-09-28;11.289999961853027;12.024999618530273;11.175000190734863;11.850000381469727;25790400;9.70267391204834
2009-09-29;11.859999656677246;12.15999984741211;11.65250015258789;11.71500015258789;29348800;9.592133522033691
2009-09-30;11.772500038146973;11.837499618530273;10.867500305175781;11.279999732971191;44966400;9.235958099365234
2009-10-01;11.202500343322754;11.237500190734863;10.212499618530273;10.2524995803833;48537200;8.39465045928955
2009-10-02;9.927499771118164;10.3100004196167;9.800000190734863;10.055000305175781;37894400;8.232941627502441
2009-10-05;10.194999694824219;10.6899995803833;10.077500343322754;10.592499732971191;34412000;8.673042297363281
2009-10-06;10.819999694824219;11.317500114440918;10.7475004196167;11.137499809265137;46868400;9.119282722473145
2009-10-07;11.0625;11.292499542236328;10.992500305175781;11.170000076293945;33600000;9.145893096923828
2009-10-08;11.477499961853027;11.797499656677246;11.287500381469727;11.467499732971191;35821200;9.389484405517578
2009-10-09;11.512499809265137;11.90999984741211;11.4399995803833;11.882499694824219;26814000;9.729280471801758
2009-10-12;12.0625;12.22249984741211;11.704999923706055;11.8774995803833;23868400;9.725187301635742
2009-10-13;11.797499656677246;11.914999961853027;11.407500267028809;11.7475004196167;28617600;9.618742942810059
2009-10-14;12.2524995803833;12.47249984741211;11.954999923706055;12.420000076293945;37704800;10.169382095336914
2009-10-15;12.232500076293945;12.47249984741211;12.104999542236328;12.40250015258789;23939600;10.155051231384277
2009-10-16;12.145000457763672;12.212499618530273;11.694999694824219;12.015000343322754;32295200;9.83777141571045
2009-10-19;12.1274995803833;12.479999542236328;11.837499618530273;12.28499984741211;33948000;10.058845520019531
2009-10-20;12.335000038146973;12.3725004196167;11.600000381469727;11.782500267028809;34202400;9.647405624389648
2009-10-21;11.739999771118164;12.399999618530273;11.270000457763672;11.342499732971191;39776400;9.287134170532227
2009-10-22;11.300000190734863;11.947500228881836;10.917499542236328;11.795000076293945;43208400;9.657636642456055
2009-10-23;11.869999885559082;11.9975004196167;11.022500038146973;11.074999809265137;59275200;9.068103790283203
2009-10-26;11.177499771118164;11.670000076293945;10.602499961853027;10.739999771118164;57561200;8.79381275177002
2009-10-27;10.77750015258789;10.949999809265137;10.3149995803833;10.345000267028809;54654000;8.470390319824219
2009-10-28;10.257499694824219;10.3774995803833;9.220000267028809;9.3149995803833;70145200;7.627035617828369
2009-10-29;9.569999694824219;10.007499694824219;9.482500076293945;9.854999542236328;46054800;8.069181442260742
2009-10-30;9.710000038146973;9.742500305175781;8.857500076293945;9.024999618530273;72939200;7.389585494995117
2009-11-02;9.180000305175781;9.40999984741211;8.555000305175781;8.987500190734863;68894400;7.358882904052734
2009-11-03;8.805000305175781;9.382499694824219;8.717499732971191;9.380000114440918;45966800;7.680257797241211
2009-11-04;9.5625;9.675000190734863;8.9975004196167;9.017499923706055;54284800;7.3834452629089355
2009-11-05;9.332500457763672;9.887499809265137;9.239999771118164;9.824999809265137;44523200;8.044617652893066
2009-11-06;9.537500381469727;10.130000114440918;9.452500343322754;9.859999656677246;40208800;8.073275566101074
2009-11-09;10.1225004196167;10.460000038146973;10.112500190734863;10.449999809265137;26816400;8.556364059448242
2009-11-10;10.364999771118164;10.585000038146973;9.994999885559082;10.227499961853027;31129600;8.37418270111084
2009-11-11;10.487500190734863;10.75;10.204999923706055;10.442500114440918;36202400;8.55022144317627
2009-11-12;10.462499618530273;10.6875;9.77750015258789;9.864999771118164;40644400;8.077369689941406
2009-11-13;9.957500457763672;10.260000228881836;9.600000381469727;10.149999618530273;31499600;8.310723304748535
2009-11-16;10.350000381469727;11.149999618530273;10.34000015258789;10.9375;41289200;8.955522537231445
2009-11-17;10.835000038146973;11.047499656677246;10.649999618530273;10.917499542236328;29346000;8.93914794921875
2009-11-18;10.975000381469727;11.0;10.574999809265137;10.854999542236328;28557600;8.887972831726074
2009-11-19;10.545000076293945;10.595000267028809;9.817500114440918;10.042499542236328;50386400;8.22270393371582
2009-11-20;8.704999923706055;8.975000381469727;8.642499923706055;8.854999542236328;32859200;8.203248977661133
2009-11-23;9.234999656677246;9.625;9.154999732971191;9.3149995803833;34020000;8.629396438598633
2009-11-24;9.295000076293945;9.305000305175781;8.852499961853027;9.175000190734863;32871600;8.499698638916016
2009-11-25;9.354999542236328;9.399999618530273;9.140000343322754;9.164999961853027;24114000;8.490434646606445
2009-11-27;8.204999923706055;8.869999885559082;8.142499923706055;8.5;25742400;7.874382019042969
2009-11-30;8.425000190734863;8.632499694824219;8.067500114440918;8.595000267028809;42423600;7.962388038635254
2009-12-01;8.859999656677246;9.095000267028809;8.765000343322754;8.987500190734863;27958000;8.326000213623047
2009-12-02;9.029999732971191;9.550000190734863;9.022500038146973;9.317500114440918;29878800;8.631710052490234
2009-12-03;9.462499618530273;9.632499694824219;8.967499732971191;8.989999771118164;30732000;8.328313827514648
2009-12-04;9.555000305175781;9.84749984741211;9.107500076293945;9.632499694824219;55439200;8.923527717590332
2009-12-07;9.630000114440918;9.829999923706055;9.489999771118164;9.670000076293945;25489200;8.958267211914062
2009-12-08;9.512499809265137;9.65999984741211;9.145000457763672;9.454999923706055;31754800;8.759089469909668
2009-12-09;9.407500267028809;9.487500190734863;9.114999771118164;9.3774995803833;33437600;8.687296867370605
2009-12-10;9.5;9.645000457763672;9.142499923706055;9.262499809265137;28670400;8.580760955810547
2009-12-11;9.4375;9.557499885559082;9.1875;9.507499694824219;25710400;8.807724952697754
2009-12-14;9.732500076293945;9.954999923706055;9.425000190734863;9.9375;23991600;9.206077575683594
2009-12-15;9.8774995803833;10.162500381469727;9.795000076293945;9.869999885559082;24616000;9.14354419708252
2009-12-16;10.057499885559082;10.202500343322754;9.867500305175781;10.042499542236328;31967200;9.303346633911133
2009-12-17;9.869999885559082;9.982500076293945;9.510000228881836;9.71500015258789;29513200;8.999954223632812
2009-12-18;9.920000076293945;9.96500015258789;9.579999923706055;9.962499618530273;33234800;9.229236602783203
2009-12-21;10.175000190734863;10.417499542236328;10.175000190734863;10.359999656677246;22127600;9.597480773925781
2009-12-22;10.425000190734863;10.699999809265137;10.350000381469727;10.657500267028809;19458000;9.873083114624023
2009-12-23;10.864999771118164;11.09000015258789;10.672499656677246;11.079999923706055;22917600;10.264488220214844
2009-12-24;11.162500381469727;11.227499961853027;11.09749984741211;11.199999809265137;9256400;10.375654220581055
2009-12-28;11.34749984741211;11.350000381469727;11.020000457763672;11.182499885559082;13432400;10.359441757202148
2009-12-29;11.272500038146973;11.3125;11.132499694824219;11.15999984741211;9808800;10.338597297668457
2009-12-30;11.050000190734863;11.274999618530273;10.854999542236328;11.145000457763672;18596000;10.324700355529785
2009-12-31;11.15999984741211;11.3125;10.672499656677246;10.6850004196167;16210000;9.8985595703125
2010-01-04;11.164999961853027;11.537500381469727;11.157500267028809;11.537500381469727;20728400;10.688314437866211
2010-01-05;11.475000381469727;11.6274995803833;11.175000190734863;11.414999961853027;24037600;10.574830055236816
2010-01-06;11.422499656677246;11.602499961853027;11.307499885559082;11.397500038146973;25625200;10.558616638183594
2010-01-07;11.399999618530273;11.662500381469727;11.095000267028809;11.642499923706055;30396400;10.785584449768066
2010-01-08;11.515000343322754;11.824999809265137;11.444999694824219;11.824999809265137;19520000;10.954649925231934
2010-01-11;11.992500305175781;12.037500381469727;11.5625;11.71500015258789;23926800;10.85274887084961
2010-01-12;11.482500076293945;11.640000343322754;11.15250015258789;11.300000190734863;31879200;10.468293190002441
2010-01-13;11.422499656677246;11.8100004196167;11.137499809265137;11.739999771118164;30508800;10.875907897949219
2010-01-14;11.6225004196167;11.977499961853027;11.555000305175781;11.869999885559082;21215200;10.996341705322266
2010-01-15;11.887499809265137;11.977499961853027;11.154999732971191;11.367500305175781;43724000;10.530824661254883
2010-01-19;11.479999542236328;11.992500305175781;11.479999542236328;11.977499961853027;22528400;11.095929145812988
2010-01-20;11.732500076293945;11.739999771118164;11.082500457763672;11.479999542236328;45854000;10.635046005249023
2010-01-21;11.515000343322754;11.767499923706055;10.800000190734863;10.880000114440918;71236800;10.079205513000488
2010-01-22;10.859999656677246;11.015000343322754;10.194999694824219;10.267499923706055;66875200;9.511787414550781
2010-01-25;10.477499961853027;10.520000457763672;10.119999885559082;10.337499618530273;33976000;9.57663631439209
2010-01-26;10.237500190734863;10.460000038146973;10.017499923706055;10.074999809265137;32632000;9.333456039428711
2010-01-27;9.925000190734863;10.40999984741211;9.817500114440918;10.354999542236328;45107600;9.592846870422363
2010-01-28;10.425000190734863;10.442500114440918;9.574999809265137;9.84000015258789;59201600;9.115752220153809
2010-01-29;9.970000267028809;10.287500381469727;9.470000267028809;9.510000228881836;49791600;8.810043334960938
2010-02-01;9.677499771118164;9.922499656677246;9.555000305175781;9.864999771118164;28654800;9.138914108276367
2010-02-02;9.932499885559082;10.227499961853027;9.6899995803833;10.180000305175781;26247600;9.430724143981934
2010-02-03;10.074999809265137;10.262499809265137;9.757499694824219;9.992500305175781;32651600;9.25702953338623
2010-02-04;9.795000076293945;9.797499656677246;8.975000381469727;9.012499809265137;52177200;8.34915828704834
2010-02-05;9.074999809265137;9.125;8.532500267028809;9.100000381469727;57425200;8.430221557617188
2010-02-08;9.007499694824219;9.260000228881836;8.8125;8.845000267028809;33863200;8.193989753723145
2010-02-09;9.172499656677246;9.364999771118164;8.885000228881836;9.197500228881836;44025200;8.520541191101074
2010-02-10;9.117500305175781;9.337499618530273;8.845000267028809;9.2524995803833;32222800;8.571491241455078
2010-02-11;9.202500343322754;9.729999542236328;8.987500190734863;9.707500457763672;30728800;8.993006706237793
2010-02-12;9.4375;9.9375;9.352499961853027;9.932499885559082;32789200;9.201445579528809
2010-02-16;10.25;10.457500457763672;9.96500015258789;10.425000190734863;26460400;9.657697677612305
2010-02-17;10.582500457763672;10.717499732971191;10.412500381469727;10.654999732971191;27354800;9.870767593383789
2010-02-18;10.645000457763672;10.922499656677246;10.550000190734863;10.917499542236328;23573600;10.113945960998535
2010-02-19;10.787500381469727;11.1274995803833;10.732500076293945;10.967499732971191;27122800;10.160263061523438
2010-02-22;11.147500038146973;11.167499542236328;10.947500228881836;11.0625;20672400;10.248274803161621
2010-02-23;11.022500038146973;11.069999694824219;10.587499618530273;10.680000305175781;32285200;9.893926620483398
2010-02-24;10.792499542236328;11.102499961853027;10.707500457763672;10.9399995803833;24984000;10.134790420532227
2010-02-25;10.515000343322754;10.992500305175781;10.40999984741211;10.947500228881836;32762800;10.141738891601562
2010-02-26;11.0024995803833;11.029999732971191;10.654999732971191;10.8100004196167;27204800;10.014360427856445
2010-03-01;11.057499885559082;11.609999656677246;11.029999732971191;11.5600004196167;30535600;10.709157943725586
2010-03-02;11.710000038146973;12.050000190734863;11.657500267028809;11.84749984741211;29542400;10.975495338439941
2010-03-03;12.017499923706055;12.244999885559082;11.864999771118164;12.039999961853027;26676800;11.153829574584961
2010-03-04;12.0649995803833;12.177499771118164;11.904999732971191;12.140000343322754;22682400;11.246468544006348
2010-03-05;12.367500305175781;12.9350004196167;12.262499809265137;12.875;27772800;11.92737102508545
2010-03-08;12.885000228881836;13.0649995803833;12.817500114440918;12.944999694824219;20390000;11.992215156555176
2010-03-09;12.832500457763672;13.390000343322754;12.832500457763672;13.095000267028809;29595200;12.131176948547363
2010-03-10;13.137499809265137;13.640000343322754;13.109999656677246;13.422499656677246;34927200;12.4345703125
2010-03-11;13.1899995803833;13.600000381469727;13.042499542236328;13.550000190734863;33607600;12.552690505981445
2010-03-12;13.767499923706055;13.774999618530273;13.260000228881836;13.53499984741211;31562400;12.538793563842773
2010-03-15;13.5;13.579999923706055;13.102499961853027;13.412500381469727;28020000;12.425310134887695
2010-03-16;13.574999809265137;13.75;13.324999809265137;13.75;28336800;12.737969398498535
2010-03-17;13.84000015258789;14.25;13.824999809265137;13.9975004196167;27024400;12.967251777648926
2010-03-18;13.954999923706055;14.170000076293945;13.782500267028809;13.857500076293945;28430400;12.837553977966309
2010-03-19;13.307499885559082;14.0;13.177499771118164;13.307499885559082;39089600;12.328036308288574
2010-03-22;13.045000076293945;13.975000381469727;12.949999809265137;13.862500190734863;36448000;12.842190742492676
2010-03-23;13.922499656677246;14.412500381469727;13.729999542236328;14.395000457763672;34403600;13.361761093139648
2010-03-24;14.162500381469727;14.322500228881836;13.899999618530273;13.907500267028809;37555600;12.909252166748047
2010-03-25;14.272500038146973;14.557499885559082;13.619999885559082;13.635000228881836;40787200;12.656312942504883
2010-03-26;13.817500114440918;14.085000038146973;13.477499961853027;13.6274995803833;29498800;12.649351119995117
2010-03-29;13.819999694824219;13.97249984741211;13.637499809265137;13.845000267028809;22694000;12.851239204406738
2010-03-30;13.932499885559082;14.182499885559082;13.664999961853027;13.97249984741211;22200400;12.969589233398438
2010-03-31;13.807499885559082;14.234999656677246;13.625;13.645000457763672;21059600;12.665594100952148
2010-04-01;13.957500457763672;14.162500381469727;13.572500228881836;13.987500190734863;23216400;12.983510971069336
2010-04-05;14.125;14.792499542236328;14.007499694824219;14.789999961853027;19189200;13.728407859802246
2010-04-06;14.637499809265137;15.140000343322754;14.539999961853027;15.02750015258789;21384000;13.948861122131348
2010-04-07;14.982500076293945;15.145000457763672;14.600000381469727;14.897500038146973;29719600;13.828193664550781
2010-04-08;14.737500190734863;15.0649995803833;14.412500381469727;14.857500076293945;23618000;13.79106330871582
2010-04-09;14.897500038146973;15.100000381469727;14.6274995803833;15.079999923706055;24535200;13.997591972351074
2010-04-12;15.109999656677246;15.359999656677246;15.005000114440918;15.260000228881836;22656400;14.164673805236816
2010-04-13;15.172499656677246;15.395000457763672;14.892499923706055;15.364999771118164;22811600;14.262136459350586
2010-04-14;15.65250015258789;16.362499237060547;15.574999809265137;16.362499237060547;28808000;15.188037872314453
2010-04-15;16.34749984741211;16.614999771118164;16.299999237060547;16.514999389648438;30279600;15.32959270477295
2010-04-16;16.38249969482422;16.542499542236328;15.510000228881836;15.885000228881836;52754000;14.74481201171875
2010-04-19;15.602499961853027;16.065000534057617;14.979999542236328;15.667499542236328;37409200;14.54292106628418
2010-04-20;15.887499809265137;16.3075008392334;15.707500457763672;16.274999618530273;32377600;15.106819152832031
2010-04-21;16.372499465942383;16.71500015258789;16.1825008392334;16.627500534057617;30381600;15.434020042419434
2010-04-22;16.127500534057617;17.25;15.867500305175781;17.162500381469727;34154000;15.93061351776123
2010-04-23;17.270000457763672;17.7450008392334;16.975000381469727;17.69499969482422;32025200;16.424894332885742
2010-04-26;17.712499618530273;18.059999465942383;17.457500457763672;17.475000381469727;32572000;16.220687866210938
2010-04-27;17.262500762939453;17.762500762939453;16.174999237060547;16.287500381469727;46257200;15.11842155456543
2010-04-28;16.56999969482422;16.6924991607666;16.112499237060547;16.362499237060547;33090000;15.188037872314453
2010-04-29;16.719999313354492;17.392499923706055;16.420000076293945;17.38249969482422;29111600;16.134822845458984
2010-04-30;17.372499465942383;17.479999542236328;15.8125;15.862500190734863;30391600;14.723926544189453
2010-05-03;16.167499542236328;16.962499618530273;16.142499923706055;16.922500610351562;25636800;15.707844734191895
2010-05-04;16.184999465942383;16.19499969482422;15.02750015258789;15.324999809265137;37467600;14.225008964538574
2010-05-05;14.9399995803833;15.3100004196167;14.302499771118164;14.635000228881836;40179600;13.584535598754883
2010-05-06;14.329999923706055;14.827500343322754;10.572500228881836;13.032500267028809;56622400;12.097057342529297
2010-05-07;12.670000076293945;13.210000038146973;11.4975004196167;11.912500381469727;67956800;11.057451248168945
2010-05-10;13.65999984741211;13.922499656677246;13.305000305175781;13.922499656677246;38818000;12.923175811767578
2010-05-11;13.412500381469727;14.787500381469727;13.262499809265137;14.167499542236328;43584800;13.150589942932129
2010-05-12;14.404999732971191;15.520000457763672;14.34749984741211;15.479999542236328;35477200;14.368878364562988
2010-05-13;15.380000114440918;15.789999961853027;14.805000305175781;15.029999732971191;35140000;13.951183319091797
2010-05-14;14.734999656677246;14.744999885559082;13.5625;14.154999732971191;48388400;13.138988494873047
2010-05-17;14.414999961853027;14.757499694824219;13.0625;14.232500076293945;44734800;13.210925102233887
2010-05-18;14.789999961853027;14.922499656677246;13.300000190734863;13.5;47578800;12.531002044677734
2010-05-19;13.25;13.692500114440918;12.382499694824219;12.957500457763672;58729600;12.027442932128906
2010-05-20;11.942500114440918;12.1274995803833;10.960000038146973;10.9975004196167;87754800;10.208124160766602
2010-05-21;10.4399995803833;11.757499694824219;10.287500381469727;11.460000038146973;73423200;10.637428283691406
2010-05-24;11.302499771118164;11.645000457763672;10.96500015258789;11.007499694824219;44895200;10.21741008758545
2010-05-25;10.28499984741211;11.015000343322754;9.734999656677246;10.992500305175781;65732000;10.203485488891602
2010-05-26;11.107500076293945;11.892499923706055;10.882499694824219;11.047499656677246;53673600;10.254537582397461
2010-05-27;11.880000114440918;12.494999885559082;11.625;12.489999771118164;52986000;11.59349536895752
2010-05-28;12.3774995803833;12.515000343322754;11.717499732971191;12.010000228881836;55608400;11.147953033447266
2010-06-01;11.649999618530273;12.125;10.90250015258789;10.912500381469727;53400400;10.129226684570312
2010-06-02;11.1274995803833;11.859999656677246;10.805000305175781;11.84749984741211;45120000;10.997113227844238
2010-06-03;11.932499885559082;12.399999618530273;11.7475004196167;12.279999732971191;50314000;11.398571014404297
2010-06-04;11.327500343322754;11.649999618530273;10.367500305175781;10.47249984741211;65452800;9.720809936523438
2010-06-07;10.625;10.727499961853027;9.637499809265137;9.667499542236328;54098400;8.973591804504395
2010-06-08;9.75;9.970000267028809;9.09000015258789;9.604999542236328;83956000;8.915574073791504
2010-06-09;9.857500076293945;10.342499732971191;9.489999771118164;9.640000343322754;61567200;8.948065757751465
2010-06-10;10.170000076293945;10.654999732971191;10.055000305175781;10.649999618530273;42021200;9.885565757751465
2010-06-11;10.270000457763672;11.112500190734863;10.204999923706055;11.079999923706055;42489200;10.284703254699707
2010-06-14;11.52750015258789;11.875;11.192500114440918;11.274999618530273;46587200;10.465707778930664
2010-06-15;11.587499618530273;12.225000381469727;11.4350004196167;12.095000267028809;39900400;11.226850509643555
2010-06-16;11.8149995803833;12.345000267028809;11.75;11.982500076293945;38770800;11.122424125671387
2010-06-17;12.1899995803833;12.25;11.592499732971191;12.005000114440918;41837600;11.143309593200684
2010-06-18;12.130000114440918;12.342499732971191;11.852499961853027;12.050000190734863;31198800;11.185079574584961
2010-06-21;12.617500305175781;12.6850004196167;11.470000267028809;11.680000305175781;51934000;10.841636657714844
2010-06-22;11.8149995803833;12.192500114440918;10.899999618530273;10.960000038146973;60342000;10.173316955566406
2010-06-23;10.864999771118164;11.25;10.46500015258789;10.832500457763672;56962000;10.054969787597656
2010-06-24;10.567500114440918;10.829999923706055;10.260000228881836;10.337499618530273;65309200;9.595499038696289
2010-06-25;10.457500457763672;10.987500190734863;10.175000190734863;10.859999656677246;57304000;10.080493927001953
2010-06-28;10.8149995803833;11.145000457763672;10.484999656677246;10.657500267028809;42954400;9.89252758026123
2010-06-29;10.137499809265137;10.137499809265137;9.234999656677246;9.4350004196167;75113200;8.75777816772461
2010-06-30;9.362500190734863;9.795000076293945;9.020000457763672;9.114999771118164;56859600;8.460746765136719
2010-07-01;9.154999732971191;9.242500305175781;8.229999542236328;8.912500381469727;92303200;8.272782325744629
2010-07-02;9.050000190734863;9.109999656677246;8.467499732971191;8.635000228881836;56924400;8.015198707580566
2010-07-06;9.09749984741211;9.3125;8.130000114440918;8.297499656677246;62783600;7.701925277709961
2010-07-07;8.362500190734863;9.162500381469727;8.362500190734863;9.132499694824219;54134000;8.47698974609375
2010-07-08;9.454999923706055;9.609999656677246;9.125;9.529999732971191;57048400;8.84596061706543
2010-07-09;9.547499656677246;9.967499732971191;9.442500114440918;9.960000038146973;40942400;9.245097160339355
2010-07-12;9.897500038146973;10.100000381469727;9.359999656677246;9.65999984741211;46018400;8.96662712097168
2010-07-13;10.052499771118164;10.664999961853027;9.9375;10.542499542236328;52462800;9.785783767700195
2010-07-14;10.470000267028809;10.649999618530273;10.199999809265137;10.432499885559082;43745200;9.683682441711426
2010-07-15;10.4975004196167;10.505000114440918;9.78499984741211;10.157500267028809;53668800;9.42841911315918
2010-07-16;9.925000190734863;9.987500190734863;8.967499732971191;9.0625;68291600;8.412015914916992
2010-07-19;9.142499923706055;9.229999542236328;8.640000343322754;9.137499809265137;47808000;8.481630325317383
2010-07-20;8.774999618530273;9.664999961853027;8.657500267028809;9.602499961853027;50894400;8.913252830505371
2010-07-21;9.850000381469727;9.899999618530273;9.029999732971191;9.107500076293945;61135200;8.45378589630127
2010-07-22;9.517499923706055;10.170000076293945;9.510000228881836;10.074999809265137;50320800;9.351840019226074
2010-07-23;9.912500381469727;10.859999656677246;9.829999923706055;10.8100004196167;60817200;10.03408432006836
2010-07-26;10.949999809265137;11.572500228881836;10.78499984741211;11.557499885559082;41368000;10.727930068969727
2010-07-27;11.867500305175781;11.962499618530273;11.297499656677246;11.40999984741211;46785600;10.59101676940918
2010-07-28;11.380000114440918;11.522500038146973;10.672499656677246;10.859999656677246;42754400;10.080493927001953
2010-07-29;11.135000228881836;11.289999961853027;10.267499923706055;10.770000457763672;60778800;9.996955871582031
2010-07-30;10.345000267028809;11.085000038146973;10.202500343322754;10.8125;50621200;10.03640365600586
2010-08-02;11.3725004196167;11.547499656677246;11.074999809265137;11.327500343322754;42723600;10.514440536499023
2010-08-03;11.232500076293945;11.547499656677246;10.8125;11.082500457763672;42402800;10.287022590637207
2010-08-04;11.262499809265137;11.517499923706055;11.125;11.422499656677246;46077200;10.602622032165527
2010-08-05;11.107500076293945;11.390000343322754;11.0024995803833;11.02750015258789;39231600;10.235969543457031
2010-08-06;10.5024995803833;10.984999656677246;10.199999809265137;10.837499618530273;60582800;10.059612274169922
2010-08-09;11.087499618530273;11.322500228881836;10.84749984741211;11.199999809265137;36321600;10.396088600158691
2010-08-10;10.869999885559082;10.97249984741211;10.329999923706055;10.59000015258789;73180000;9.829875946044922
2010-08-11;9.9375;9.947500228881836;9.265000343322754;9.352499961853027;79106000;8.681197166442871
2010-08-12;8.787500381469727;9.375;8.757499694824219;9.177499771118164;69913600;8.518758773803711
2010-08-13;9.077500343322754;9.15250015258789;8.837499618530273;8.8725004196167;55800400;8.235652923583984
2010-08-16;8.697500228881836;9.2524995803833;8.592499732971191;9.085000038146973;58672400;8.432897567749023
2010-08-17;9.385000228881836;9.789999961853027;9.229999542236328;9.557499885559082;62242800;8.87148380279541
2010-08-18;9.52750015258789;9.920000076293945;9.25;9.632499694824219;61541200;8.941102027893066
2010-08-19;9.539999961853027;9.6225004196167;8.795000076293945;8.875;85526000;8.237972259521484
2010-08-20;8.762499809265137;8.897500038146973;8.454999923706055;8.869999885559082;69579200;8.233329772949219
2010-08-23;9.079999923706055;9.212499618530273;8.505000114440918;8.515000343322754;65551200;7.903815269470215
2010-08-24;8.1274995803833;8.515000343322754;7.875;8.232500076293945;79438000;7.641589641571045
2010-08-25;8.020000457763672;8.65250015258789;7.9375;8.59749984741211;80844400;7.980391025543213
2010-08-26;8.6875;8.912500381469727;8.305000305175781;8.395000457763672;66372000;7.792428016662598
2010-08-27;8.692500114440918;9.104999542236328;8.182499885559082;9.074999809265137;84599200;8.423617362976074
2010-08-30;8.917499542236328;9.067500114440918;8.460000038146973;8.467499732971191;61731200;7.859722137451172
2010-08-31;8.404999732971191;8.720000267028809;8.207500457763672;8.4399995803833;92461200;7.834197044372559
2010-09-01;8.842499732971191;9.397500038146973;8.757499694824219;9.3725004196167;71003600;8.699764251708984
2010-09-02;9.3725004196167;9.767499923706055;9.27750015258789;9.692500114440918;49813600;8.996795654296875
2010-09-03;10.130000114440918;10.302499771118164;9.875;10.1899995803833;62879200;9.458587646484375
2010-09-07;10.112500190734863;10.117500305175781;9.532500267028809;9.6274995803833;61640000;8.936458587646484
2010-09-08;9.707500457763672;10.032500267028809;9.6875;9.802499771118164;52040800;9.098899841308594
2010-09-09;10.260000228881836;10.270000457763672;9.604999542236328;9.827500343322754;59230400;9.122106552124023
2010-09-10;9.944999694824219;10.100000381469727;9.7524995803833;9.914999961853027;47988800;9.203324317932129
2010-09-13;10.260000228881836;10.737500190734863;10.199999809265137;10.617500305175781;40399600;9.855401992797852
2010-09-14;10.5625;10.8125;10.395000457763672;10.5024995803833;41412400;9.74865436553955
2010-09-15;10.417499542236328;10.779999732971191;10.182499885559082;10.704999923706055;31718000;9.93661880493164
2010-09-16;10.607500076293945;10.707500457763672;10.217499732971191;10.470000267028809;46962000;9.718486785888672
2010-09-17;10.697500228881836;10.7475004196167;10.15999984741211;10.600000381469727;39580000;9.839158058166504
2010-09-20;10.710000038146973;11.577500343322754;10.484999656677246;11.4975004196167;44652000;10.672236442565918
2010-09-21;11.492500305175781;11.704999923706055;11.234999656677246;11.279999732971191;55216400;10.470346450805664
2010-09-22;11.1899995803833;11.422499656677246;10.637499809265137;10.8725004196167;57181200;10.0920991897583
2010-09-23;10.632499694824219;11.125;10.392499923706055;10.494999885559082;53858800;9.741693496704102
2010-09-24;10.947500228881836;11.539999961853027;10.890000343322754;11.505000114440918;43613200;10.679195404052734
2010-09-27;11.517499923706055;11.600000381469727;11.267499923706055;11.432499885559082;35967200;10.611902236938477
2010-09-28;11.489999771118164;11.832500457763672;10.875;11.75;52812000;10.906611442565918
2010-09-29;11.707500457763672;12.012499809265137;11.574999809265137;11.882499694824219;49564000;11.029601097106934
2010-09-30;12.125;12.332500457763672;11.487500190734863;11.765000343322754;68164000;10.920536041259766
2010-10-01;12.112500190734863;12.162500381469727;11.642499923706055;11.962499618530273;49552800;11.103857040405273
2010-10-04;11.869999885559082;12.09000015258789;11.244999885559082;11.477499961853027;56402400;10.653672218322754
2010-10-05;11.854999542236328;12.53499984741211;11.625;12.4375;49654400;11.54476547241211
2010-10-06;12.417499542236328;12.5600004196167;12.1225004196167;12.327500343322754;38250000;11.44266128540039
2010-10-07;12.545000076293945;12.572500228881836;11.952500343322754;12.227499961853027;35998800;11.349839210510254
2010-10-08;12.270000457763672;12.880000114440918;12.079999923706055;12.692500114440918;43781600;11.781460762023926
2010-10-11;12.71500015258789;12.994999885559082;12.604999542236328;12.720000267028809;25806800;11.806987762451172
2010-10-12;12.609999656677246;12.967499732971191;12.212499618530273;12.835000038146973;41189600;11.91373348236084
2010-10-13;13.069999694824219;13.704999923706055;12.952500343322754;13.385000228881836;40266400;12.424257278442383
2010-10-14;13.40999984741211;13.604999542236328;13.005000114440918;13.3725004196167;49781200;12.412654876708984
2010-10-15;13.712499618530273;13.770000457763672;13.005000114440918;13.242500305175781;58965600;12.291985511779785
2010-10-18;13.359999656677246;13.6225004196167;13.202500343322754;13.567500114440918;33263600;12.593658447265625
2010-10-19;13.052499771118164;13.475000381469727;12.449999809265137;12.7524995803833;67067600;11.83715534210205
2010-10-20;12.947500228881836;13.364999771118164;12.795000076293945;13.142499923706055;47292400;12.199162483215332
2010-10-21;13.34000015258789;13.625;12.449999809265137;12.960000038146973;59598400;12.029764175415039
2010-10-22;13.047499656677246;13.227499961853027;12.897500038146973;13.1850004196167;34856400;12.238615036010742
2010-10-25;13.482500076293945;13.875;13.364999771118164;13.420000076293945;36506400;12.456743240356445
2010-10-26;13.210000038146973;13.662500381469727;13.0;13.40250015258789;38387600;12.440499305725098
2010-10-27;13.112500190734863;13.369999885559082;12.7524995803833;13.295000076293945;51198000;12.340714454650879
2010-10-28;13.602499961853027;13.625;12.8774995803833;13.0649995803833;54530400;12.127225875854492
2010-10-29;12.9399995803833;13.369999885559082;12.914999961853027;13.157500267028809;37138000;12.213085174560547
2010-11-01;13.40250015258789;13.65250015258789;12.630000114440918;12.904999732971191;50358000;11.97871208190918
2010-11-02;13.375;13.725000381469727;13.15999984741211;13.710000038146973;29618000;12.725927352905273
2010-11-03;13.75;13.907500267028809;13.255000114440918;13.864999771118164;46488800;12.869804382324219
2010-11-04;14.609999656677246;14.922499656677246;14.482500076293945;14.90250015258789;28880000;13.832834243774414
2010-11-05;14.977499961853027;15.297499656677246;14.882499694824219;15.172499656677246;28631200;14.083454132080078
2010-11-08;15.045000076293945;15.2524995803833;14.757499694824219;15.137499809265137;33186000;14.050965309143066
2010-11-09;15.242500305175781;15.332500457763672;14.282500267028809;14.547499656677246;42346000;13.503316879272461
2010-11-10;14.587499618530273;15.02750015258789;14.167499542236328;15.005000114440918;47529200;13.92797565460205
2010-11-11;14.532500267028809;15.010000228881836;14.359999656677246;14.829999923706055;33166400;13.765536308288574
2010-11-12;14.404999732971191;14.739999771118164;14.03499984741211;14.100000381469727;57708800;13.087936401367188
2010-11-15;14.300000190734863;14.567500114440918;14.069999694824219;14.095000267028809;40887200;13.083292961120605
2010-11-16;13.774999618530273;13.890000343322754;12.992500305175781;13.270000457763672;69644800;12.317508697509766
2010-11-17;13.369999885559082;13.482500076293945;13.137499809265137;13.392499923706055;35490800;12.431218147277832
2010-11-18;13.852499961853027;14.359999656677246;13.850000381469727;14.15999984741211;34220000;13.143628120422363
2010-11-19;14.032500267028809;14.392499923706055;13.767499923706055;14.292499542236328;32384000;13.266617774963379
2010-11-22;14.142499923706055;14.609999656677246;13.892499923706055;14.494999885559082;41170400;13.454583168029785
2010-11-23;13.982500076293945;14.175000190734863;13.744999885559082;14.100000381469727;52944400;13.087936401367188
2010-11-24;14.475000381469727;15.047499656677246;14.47249984741211;15.024999618530273;36442000;13.946540832519531
2010-11-26;14.772500038146973;15.039999961853027;14.677499771118164;14.737500190734863;16599200;13.679677963256836
2010-11-29;14.587499618530273;14.907500267028809;14.017499923706055;14.8125;47643200;13.749292373657227
2010-11-30;14.297499656677246;14.75;14.119999885559082;14.482500076293945;57414000;13.44298267364502
2010-12-01;15.265000343322754;15.532500267028809;15.237500190734863;15.420000076293945;38977200;14.313187599182129
2010-12-02;15.482500076293945;15.977499961853027;15.417499542236328;15.897500038146973;38222800;14.756412506103516
2010-12-03;15.692500114440918;16.364999771118164;15.657500267028809;16.22249984741211;36458400;15.058086395263672
2010-12-06;16.207500457763672;16.662500381469727;16.125;16.522499084472656;34819200;15.33655071258545
2010-12-07;17.13249969482422;17.25;16.700000762939453;16.822500228881836;46110000;15.615023612976074
2010-12-08;16.9375;17.100000381469727;16.6825008392334;16.8125;31293200;15.605737686157227
2010-12-09;17.139999389648438;17.145000457763672;16.762500762939453;16.975000381469727;32699600;15.756573677062988
2010-12-10;17.079999923706055;17.71500015258789;16.94499969482422;17.592500686645508;29382800;16.329750061035156
2010-12-13;17.78499984741211;17.892499923706055;17.3075008392334;17.3125;30056800;16.069849014282227
2010-12-14;17.5625;17.56999969482422;17.204999923706055;17.315000534057617;26144800;16.072168350219727
2010-12-15;17.25749969482422;17.790000915527344;17.014999389648438;17.125;34557600;15.895807266235352
2010-12-16;17.204999923706055;17.700000762939453;16.989999771118164;17.59749984741211;29036800;16.33439064025879
2010-12-17;17.635000228881836;17.84749984741211;17.267499923706055;17.737499237060547;28122000;16.46434211730957
2010-12-20;17.9424991607666;18.282499313354492;17.697500228881836;17.977500915527344;33805600;16.687118530273438
2010-12-21;18.18000030517578;18.614999771118164;18.145000457763672;18.577499389648438;23097600;17.244047164916992
2010-12-22;18.6924991607666;18.80500030517578;18.487499237060547;18.549999237060547;22766000;17.218524932861328
2010-12-23;18.647499084472656;18.7549991607666;18.40250015258789;18.5;19788800;17.172115325927734
2010-12-27;18.309999465942383;18.747499465942383;18.1924991607666;18.637500762939453;14691200;17.299747467041016
2010-12-28;18.752500534057617;18.782499313354492;18.360000610351562;18.5;21707200;17.172115325927734
2010-12-29;18.577499389648438;18.6825008392334;18.5;18.587499618530273;14282400;17.253337860107422
2010-12-30;18.552499771118164;18.8174991607666;18.517499923706055;18.520000457763672;16011200;17.1906795501709
2010-12-31;18.4325008392334;18.575000762939453;18.075000762939453;18.107500076293945;16268800;16.807785034179688
2011-01-03;18.602500915527344;19.354999542236328;18.459999084472656;19.052499771118164;32412800;17.684955596923828
2011-01-04;19.239999771118164;19.282499313354492;17.625;18.2549991607666;53806400;16.944704055786133
2011-01-05;18.204999923706055;18.86750030517578;18.0;18.857500076293945;28669600;17.503950119018555
2011-01-06;18.899999618530273;18.989999771118164;18.372499465942383;18.594999313354492;32650000;17.260295867919922
2011-01-07;18.782499313354492;18.920000076293945;17.522499084472656;18.3125;38557600;16.998071670532227
2011-01-10;18.077499389648438;18.8125;17.645000457763672;18.592500686645508;49142000;17.257972717285156
2011-01-11;18.8700008392334;19.077499389648438;18.524999618530273;18.834999084472656;36734400;17.483064651489258
2011-01-12;19.272499084472656;19.399999618530273;18.975000381469727;19.270000457763672;25570000;17.886850357055664
2011-01-13;19.315000534057617;19.530000686645508;19.014999389648438;19.235000610351562;25878000;17.854360580444336
2011-01-14;19.225000381469727;19.8075008392334;19.104999542236328;19.649999618530273;26220000;18.239566802978516
2011-01-18;19.532499313354492;19.770000457763672;19.232500076293945;19.752500534057617;26787200;18.334714889526367
2011-01-19;19.737499237060547;19.825000762939453;18.125;18.2549991607666;49334000;16.944704055786133
2011-01-20;17.967500686645508;18.25;17.415000915527344;17.674999237060547;50346000;16.406326293945312
2011-01-21;18.0049991607666;18.020000457763672;17.264999389648438;17.329999923706055;33040000;16.086095809936523
2011-01-24;17.3174991607666;17.887500762939453;17.25;17.684999465942383;31174400;16.41560935974121
2011-01-25;17.375;17.774999618530273;17.142499923706055;17.762500762939453;28257200;16.487550735473633
2011-01-26;17.857500076293945;18.78499984741211;17.677499771118164;18.602500915527344;35289600;17.267261505126953
2011-01-27;18.602500915527344;18.975000381469727;18.329999923706055;18.772499084472656;27923200;17.425052642822266
2011-01-28;18.739999771118164;18.825000762939453;17.334999084472656;17.40250015258789;50022400;16.153385162353516
2011-01-31;17.697500228881836;18.125;17.299999237060547;17.739999771118164;33616000;16.466659545898438
2011-02-01;18.177499771118164;19.149999618530273;18.049999237060547;18.940000534057617;39155200;17.58053207397461
2011-02-02;18.8700008392334;19.25;18.7549991607666;18.780000686645508;28876800;17.432016372680664
2011-02-03;18.727500915527344;19.037500381469727;18.104999542236328;18.954999923706055;34070800;17.594451904296875
2011-02-04;18.8799991607666;19.125;18.61750030517578;19.047500610351562;26440800;17.68031883239746
2011-02-07;19.142499923706055;20.032499313354492;19.09749984741211;19.635000228881836;28429600;18.225648880004883
2011-02-08;19.649999618530273;20.0625;19.399999618530273;20.02750015258789;25514000;18.5899715423584
2011-02-09;19.885000228881836;20.100000381469727;19.450000762939453;19.739999771118164;35224400;18.3231143951416
2011-02-10;19.387500762939453;20.06999969482422;19.322500228881836;20.0;37126400;18.564449310302734
2011-02-11;19.797500610351562;20.68000030517578;19.712499618530273;20.662500381469727;28299200;19.179391860961914
2011-02-14;20.69499969482422;21.0575008392334;20.637500762939453;20.969999313354492;18663600;19.464820861816406
2011-02-15;20.80500030517578;20.927499771118164;20.485000610351562;20.625;26499200;19.144582748413086
2011-02-16;20.75749969482422;21.21500015258789;20.737499237060547;21.114999771118164;30373200;19.599411010742188
2011-02-17;21.049999237060547;21.735000610351562;20.94499969482422;21.5625;21618000;20.014801025390625
2011-02-18;21.704999923706055;21.94499969482422;21.389999389648438;21.612499237060547;25479200;20.061206817626953
2011-02-22;21.125;21.3700008392334;19.875;19.989999771118164;42189600;18.555164337158203
2011-02-23;20.0575008392334;20.122499465942383;18.545000076293945;18.962499618530273;54632800;17.601409912109375
2011-02-24;19.037500381469727;19.592500686645508;18.625;19.299999237060547;47988400;17.914691925048828
2011-02-25;19.572500228881836;20.6200008392334;19.530000686645508;20.610000610351562;34909600;19.13066291809082
2011-02-28;20.982500076293945;21.114999771118164;20.1875;20.690000534057617;38035200;19.204923629760742
2011-03-01;20.940000534057617;20.979999542236328;19.252500534057617;19.467500686645508;63150800;18.070165634155273
2011-03-02;19.389999389648438;20.0;19.177499771118164;19.704999923706055;41559600;18.290620803833008
2011-03-03;20.299999237060547;21.1875;20.28499984741211;21.045000076293945;36225600;19.53443717956543
2011-03-04;21.037500381469727;21.075000762939453;20.170000076293945;20.774999618530273;44785200;19.283823013305664
2011-03-07;21.0;21.037500381469727;19.25;19.735000610351562;53238000;18.31846809387207
2011-03-08;19.787500381469727;20.987499237060547;19.34749984741211;20.72249984741211;37533600;19.235088348388672
2011-03-09;20.575000762939453;20.825000762939453;20.21500015258789;20.457500457763672;38244000;18.98910903930664
2011-03-10;19.670000076293945;19.677499771118164;18.6924991607666;18.889999389648438;64876800;17.534122467041016
2011-03-11;18.4375;19.389999389648438;18.397499084472656;19.02750015258789;42810400;17.66175079345703
2011-03-14;18.4424991607666;19.137500762939453;18.137500762939453;18.74250030517578;39556000;17.397205352783203
2011-03-15;17.485000610351562;18.655000686645508;17.1924991607666;18.239999771118164;44828800;16.93077850341797
2011-03-16;17.979999542236328;18.637500762939453;17.342500686645508;17.639999389648438;70693200;16.373844146728516
2011-03-17;18.389999389648438;18.510000228881836;17.809999465942383;17.81999969482422;42037200;16.54092025756836
2011-03-18;18.399999618530273;18.559999465942383;18.22249984741211;18.475000381469727;34750400;17.14891242980957
2011-03-21;19.1924991607666;19.780000686645508;19.125;19.770000457763672;23367200;18.3509578704834
2011-03-22;19.875;19.975000381469727;19.315000534057617;19.477500915527344;19637600;18.079450607299805
2011-03-23;19.337499618530273;19.809999465942383;18.725000381469727;19.637500762939453;27496000;18.22797203063965
2011-03-24;20.037500381469727;20.247499465942383;19.5;20.087499618530273;24562800;18.645668029785156
2011-03-25;20.389999389648438;21.1825008392334;20.100000381469727;20.592500686645508;29955600;19.114425659179688
2011-03-28;20.774999618530273;20.969999313354492;20.387500762939453;20.43000030517578;21532800;18.963581085205078
2011-03-29;20.475000381469727;21.052499771118164;20.102500915527344;20.997499465942383;20602000;19.4903507232666
2011-03-30;21.267499923706055;21.895000457763672;21.165000915527344;21.802499771118164;20351200;20.237571716308594
2011-03-31;21.782499313354492;22.125;21.674999237060547;22.037500381469727;21666000;20.455698013305664
2011-04-01;22.502500534057617;22.700000762939453;22.102500915527344;22.3075008392334;23709600;20.706321716308594
2011-04-04;22.502500534057617;22.662500381469727;22.3174991607666;22.479999542236328;16868400;20.866439819335938
2011-04-05;22.43000030517578;23.274999618530273;22.315000534057617;22.809999465942383;21931600;21.17275047302246
2011-04-06;23.190000534057617;23.397499084472656;22.625;22.962499618530273;23364400;21.31430435180664
2011-04-07;23.059999465942383;23.309999465942383;22.3799991607666;22.607500076293945;26588400;20.984790802001953
2011-04-08;22.899999618530273;22.977500915527344;21.59000015258789;21.892499923706055;27746800;20.32110595703125
2011-04-11;21.915000915527344;22.1200008392334;21.0575008392334;21.295000076293945;23673200;19.766498565673828
2011-04-12;20.947500228881836;21.165000915527344;20.405000686645508;20.487499237060547;33070000;19.016958236694336
2011-04-13;20.857500076293945;20.954999923706055;20.114999771118164;20.540000915527344;33977200;19.06568717956543
2011-04-14;20.065000534057617;20.875;19.950000762939453;20.84000015258789;22735600;19.34415626525879
2011-04-15;20.837499618530273;21.450000762939453;20.540000915527344;21.44499969482422;27706800;19.905729293823242
2011-04-18;20.5;20.50749969482422;19.892499923706055;20.462499618530273;42025200;18.99374771118164
2011-04-19;20.622499465942383;20.84000015258789;20.087499618530273;20.427499771118164;33257200;18.961259841918945
2011-04-20;21.44499969482422;21.71500015258789;21.239999771118164;21.697500228881836;28897600;20.14010238647461
2011-04-21;22.0674991607666;22.15999984741211;21.600000381469727;22.147499084472656;22498800;20.55780601501465
2011-04-25;22.09000015258789;22.212499618530273;21.625;22.087499618530273;18748000;20.502117156982422
2011-04-26;22.209999084472656;23.094999313354492;22.0674991607666;22.700000762939453;28400000;21.07064437866211
2011-04-27;22.764999389648438;23.1825008392334;22.497499465942383;23.104999542236328;22995600;21.446577072143555
2011-04-28;23.052499771118164;23.75;22.989999771118164;23.434999465942383;28707200;21.75288963317871
2011-04-29;23.524999618530273;23.927499771118164;23.3174991607666;23.6825008392334;19600000;21.98262596130371
2011-05-02;24.0049991607666;24.0625;22.787500381469727;22.84000015258789;32346800;21.200599670410156
2011-05-03;22.790000915527344;22.94499969482422;21.540000915527344;22.037500381469727;33336000;20.455698013305664
2011-05-04;22.092500686645508;22.122499465942383;20.78499984741211;21.145000457763672;42119600;19.627262115478516
2011-05-05;20.725000381469727;21.799999237060547;20.545000076293945;20.854999542236328;46888000;19.358078002929688
2011-05-06;21.55500030517578;21.987499237060547;20.86750030517578;21.174999237060547;37641600;19.655105590820312
2011-05-09;21.125;21.975000381469727;21.022499084472656;21.862499237060547;24550000;20.29326057434082
2011-05-10;22.252500534057617;22.912500381469727;22.174999237060547;22.90999984741211;24303200;21.265573501586914
2011-05-11;22.704999923706055;22.792499542236328;21.360000610351562;21.71500015258789;40012000;20.156352996826172
2011-05-12;21.299999237060547;22.44499969482422;20.950000762939453;22.22249984741211;29760000;20.62742042541504
2011-05-13;22.30500030517578;22.487499237060547;21.135000228881836;21.342500686645508;34954000;19.810592651367188
2011-05-16;20.889999389648438;21.607500076293945;20.350000381469727;20.392499923706055;42057200;18.92877960205078
2011-05-17;19.889999389648438;20.407499313354492;19.732500076293945;20.219999313354492;36300000;18.76865577697754
2011-05-18;20.292499542236328;21.147499084472656;20.1875;21.1200008392334;30946800;19.60405731201172
2011-05-19;21.575000762939453;21.637500762939453;20.700000762939453;21.25;33560400;19.724721908569336
2011-05-20;21.077499389648438;21.2450008392334;20.375;20.799999237060547;39600400;19.307024002075195
2011-05-23;19.712499618530273;20.112499237060547;19.56999969482422;19.6924991607666;37353200;18.279016494750977
2011-05-24;19.850000381469727;20.107500076293945;19.297500610351562;19.389999389648438;43911600;17.998231887817383
2011-05-25;19.24250030517578;20.3174991607666;19.24250030517578;20.122499465942383;34984800;18.67815589904785
2011-05-26;19.88249969482422;20.920000076293945;19.850000381469727;20.915000915527344;32177200;19.413776397705078
2011-05-27;21.1825008392334;21.542499542236328;21.037500381469727;21.325000762939453;25998000;19.794343948364258
2011-05-31;22.059999465942383;22.24250030517578;21.43000030517578;22.225000381469727;30442000;20.629745483398438
2011-06-01;22.145000457763672;22.147499084472656;20.032499313354492;20.1299991607666;54066800;18.68511390686035
2011-06-02;20.272499084472656;20.502500534057617;19.725000381469727;20.084999084472656;33092400;18.643341064453125
2011-06-03;19.155000686645508;19.827499389648438;19.075000762939453;19.217500686645508;44689600;17.838115692138672
2011-06-06;19.1200008392334;19.342500686645508;18.232500076293945;18.28499984741211;42405600;16.97254753112793
2011-06-07;18.604999542236328;18.864999771118164;18.364999771118164;18.389999389648438;32193600;17.07000732421875
2011-06-08;18.1924991607666;18.36750030517578;17.684999465942383;17.747499465942383;48889600;16.47362518310547
2011-06-09;17.9325008392334;18.344999313354492;17.69499969482422;18.047500610351562;34314800;16.752094268798828
2011-06-10;17.72249984741211;17.802499771118164;16.950000762939453;17.165000915527344;50280000;15.932939529418945
2011-06-13;17.34749984741211;17.610000610351562;16.75749969482422;17.042499542236328;47216400;15.819230079650879
2011-06-14;17.469999313354492;18.27750015258789;17.4375;18.107500076293945;35700400;16.807785034179688
2011-06-15;17.547500610351562;17.959999084472656;16.954999923706055;17.165000915527344;50248000;15.932939529418945
2011-06-16;17.207500457763672;17.71500015258789;16.637500762939453;17.290000915527344;60260800;16.048969268798828
2011-06-17;17.787500381469727;17.885000228881836;17.032499313354492;17.28499984741211;48877600;16.044321060180664
2011-06-20;17.107500076293945;17.9375;17.087499618530273;17.764999389648438;29467600;16.489870071411133
2011-06-21;18.177499771118164;18.982500076293945;18.077499389648438;18.9375;40931200;17.57821273803711
2011-06-22;18.600000381469727;19.219999313354492;18.450000762939453;18.469999313354492;36505600;17.14426612854004
2011-06-23;17.84749984741211;18.790000915527344;17.27750015258789;18.662500381469727;64074000;17.32295036315918
2011-06-24;18.8700008392334;18.982500076293945;18.075000762939453;18.387500762939453;57761600;17.06769371032715
2011-06-27;18.38249969482422;18.9375;18.0625;18.827499389648438;35038400;17.476104736328125
2011-06-28;19.014999389648438;19.719999313354492;18.899999618530273;19.719999313354492;35863200;18.304542541503906
2011-06-29;19.905000686645508;20.125;19.434999465942383;19.954999923706055;45120000;18.52267837524414
2011-06-30;20.137500762939453;20.602500915527344;20.040000915527344;20.4325008392334;36106800;18.965906143188477
2011-07-01;20.47249984741211;21.477500915527344;20.287500381469727;21.357500076293945;32404800;19.82451057434082
2011-07-05;21.4375;21.600000381469727;21.13249969482422;21.530000686645508;31946000;19.984628677368164
2011-07-06;21.43000030517578;21.885000228881836;21.190000534057617;21.797500610351562;32341200;20.23292350769043
2011-07-07;22.4375;23.017499923706055;22.229999542236328;22.7549991607666;34024400;21.121700286865234
2011-07-08;21.950000762939453;22.407499313354492;21.702499389648438;22.360000610351562;44721200;20.755054473876953
2011-07-11;21.517499923706055;21.875;20.7549991607666;20.924999237060547;41772000;19.42304801940918
2011-07-12;20.59749984741211;21.25749969482422;20.530000686645508;20.579999923706055;40804000;19.102815628051758
2011-07-13;20.969999313354492;21.782499313354492;20.852500915527344;21.1299991607666;40700000;19.61333465576172
2011-07-14;21.24250030517578;21.5575008392334;19.959999084472656;20.112499237060547;52413200;18.66887092590332
2011-07-15;20.364999771118164;20.59000015258789;20.0625;20.5049991607666;33878000;19.03319549560547
2011-07-18;20.237499237060547;20.375;19.18000030517578;19.549999237060547;48231200;18.146747589111328
2011-07-19;20.0674991607666;20.907499313354492;20.017499923706055;20.875;35419600;19.37664031982422
2011-07-20;20.8700008392334;20.922500610351562;20.342500686645508;20.74250030517578;34198800;19.253650665283203
2011-07-21;20.9424991607666;21.559999465942383;20.78499984741211;21.3125;37165200;19.782737731933594
2011-07-22;21.229999542236328;21.547500610351562;20.895000457763672;21.364999771118164;26048400;19.83146858215332
2011-07-25;20.607500076293945;21.157499313354492;20.399999618530273;20.690000534057617;28066000;19.204923629760742
2011-07-26;20.497499465942383;20.662500381469727;20.00749969482422;20.13249969482422;34903200;18.687437057495117
2011-07-27;19.774999618530273;19.792499542236328;18.287500381469727;18.377500534057617;65435200;17.05840492248535
2011-07-28;18.36750030517578;19.040000915527344;18.172500610351562;18.272499084472656;42147600;16.960941314697266
2011-07-29;17.510000228881836;18.497499465942383;17.107500076293945;18.177499771118164;53991200;16.872766494750977
2011-08-01;18.84000015258789;19.0625;17.350000381469727;17.860000610351562;76211600;16.578052520751953
2011-08-02;17.647499084472656;18.157499313354492;16.087499618530273;16.225000381469727;80186400;15.060410499572754
2011-08-03;16.145000457763672;16.545000076293945;14.987500190734863;16.482500076293945;97106000;15.299424171447754
2011-08-04;15.727499961853027;15.822500228881836;13.5;13.510000228881836;111936000;12.540283203125
2011-08-05;14.024999618530273;14.207500457763672;11.859999656677246;12.797499656677246;143996800;11.878926277160645
2011-08-08;11.529999732971191;12.422499656677246;9.4399995803833;9.470000267028809;168059200;8.790266036987305
2011-08-09;10.22249984741211;11.399999618530273;8.84000015258789;11.357500076293945;166162400;10.54228687286377
2011-08-10;10.270000457763672;10.994999885559082;9.567500114440918;9.645000457763672;162147200;8.952705383300781
2011-08-11;9.845000267028809;11.550000190734863;9.649999618530273;11.037500381469727;132126800;10.245255470275879
2011-08-12;11.362500190734863;11.657500267028809;10.800000190734863;11.2524995803833;106765200;10.444823265075684
2011-08-15;11.647500038146973;12.244999885559082;11.550000190734863;12.210000038146973;76678400;11.333595275878906
2011-08-16;11.602499961853027;12.029999732971191;11.140000343322754;11.529999732971191;88710400;10.70240306854248
2011-08-17;11.805000305175781;12.0649995803833;11.210000038146973;11.550000190734863;72602400;10.720970153808594
2011-08-18;10.375;10.452500343322754;9.272500038146973;9.542499542236328;116699600;8.857562065124512
2011-08-19;8.957500457763672;9.975000381469727;8.914999961853027;9.0600004196167;109955600;8.409693717956543
2011-08-22;9.824999809265137;9.852499961853027;8.774999618530273;8.967499732971191;101939600;8.323835372924805
2011-08-23;9.132499694824219;10.302499771118164;8.890000343322754;10.25;122041600;9.51427936553955
2011-08-24;10.232500076293945;10.912500381469727;9.952500343322754;10.697500228881836;121393200;9.929659843444824
2011-08-25;11.072500228881836;11.217499732971191;9.8125;9.944999694824219;121500800;9.231171607971191
2011-08-26;9.807499885559082;10.720000267028809;9.292499542236328;10.617500305175781;117977200;9.855401992797852
2011-08-29;11.069999694824219;12.170000076293945;11.0600004196167;12.137499809265137;75358000;11.266297340393066
2011-08-30;11.892499923706055;12.579999923706055;11.5024995803833;12.3125;97289200;11.428738594055176
2011-08-31;12.557499885559082;12.897500038146973;11.890000343322754;12.227499961853027;103460000;11.349839210510254
2011-09-01;12.292499542236328;12.757499694824219;11.27750015258789;11.447500228881836;97900800;10.625824928283691
2011-09-02;10.640000343322754;10.977499961853027;10.045000076293945;10.207500457763672;96223200;9.474828720092773
2011-09-06;9.09000015258789;10.142499923706055;9.09000015258789;10.09749984741211;95456400;9.372724533081055
2011-09-07;10.6225004196167;11.302499771118164;10.494999885559082;11.272500038146973;69635200;10.463387489318848
2011-09-08;11.012499809265137;11.470000267028809;10.460000038146973;10.630000114440918;103677600;9.867005348205566
2011-09-09;10.239999771118164;10.444999694824219;9.362500190734863;9.697500228881836;133989600;9.00143814086914
2011-09-12;9.204999923706055;10.015000343322754;9.194999694824219;9.942500114440918;111040000;9.228853225708008
2011-09-13;10.142499923706055;10.539999961853027;9.824999809265137;10.457500457763672;128867200;9.706888198852539
2011-09-14;10.702500343322754;11.412500381469727;10.079999923706055;10.987500190734863;117104400;10.198843955993652
2011-09-15;11.28499984741211;11.449999809265137;10.779999732971191;11.399999618530273;102151200;10.581733703613281
2011-09-16;11.542499542236328;11.727499961853027;11.177499771118164;11.479999542236328;76730000;10.655994415283203
2011-09-19;10.805000305175781;11.25;10.5;10.895000457763672;103557600;10.112983703613281
2011-09-20;10.994999885559082;11.359999656677246;10.350000381469727;10.375;93310800;9.630308151245117
2011-09-21;10.3149995803833;10.585000038146973;9.21500015258789;9.22249984741211;113939200;8.560534477233887
2011-09-22;8.262499809265137;8.9350004196167;7.945000171661377;8.425000190734863;164090400;7.820272445678711
2011-09-23;8.354999542236328;8.84749984741211;8.300000190734863;8.680000305175781;107702000;8.056971549987793
2011-09-26;8.967499732971191;9.21500015258789;8.345000267028809;9.172499656677246;126217600;8.514118194580078
2011-09-27;9.77750015258789;10.427499771118164;9.547499656677246;9.774999618530273;110256000;9.073373794555664
2011-09-28;9.7475004196167;9.90250015258789;8.614999771118164;8.694999694824219;133128800;8.070892333984375
2011-09-29;9.255000114440918;9.362500190734863;8.3125;9.079999923706055;120092400;8.428260803222656
2011-09-30;8.607500076293945;9.022500038146973;8.25;8.25;118301600;7.657834529876709
2011-10-03;8.077500343322754;8.512499809265137;6.940000057220459;6.972499847412109;199112800;6.472029685974121
2011-10-04;6.752500057220459;8.300000190734863;6.667500019073486;8.262499809265137;222000000;7.669437408447266
2011-10-05;8.25;8.774999618530273;7.9375;8.617500305175781;199971200;7.998955726623535
2011-10-06;8.547499656677246;9.237500190734863;8.40250015258789;9.1850004196167;171232400;8.52572250366211
2011-10-07;9.279999732971191;9.375;8.385000228881836;8.507499694824219;186658800;7.896851539611816
2011-10-10;9.077500343322754;9.625;8.977499961853027;9.612500190734863;108443600;8.922537803649902
2011-10-11;9.354999542236328;9.9399995803833;9.267499923706055;9.805000305175781;120589200;9.101219177246094
2011-10-12;10.052499771118164;10.547499656677246;9.975000381469727;10.225000381469727;123091200;9.491073608398438
2011-10-13;10.072500228881836;10.3725004196167;9.692500114440918;10.197500228881836;120411600;9.465548515319824
2011-10-14;10.577500343322754;10.90250015258789;10.274999618530273;10.807499885559082;99644000;10.031763076782227
2011-10-17;10.522500038146973;10.585000038146973;9.6850004196167;9.782500267028809;107805600;9.080336570739746
2011-10-18;9.925000190734863;10.8100004196167;9.354999542236328;10.59749984741211;121918400;9.836835861206055
2011-10-19;10.515000343322754;10.762499809265137;9.824999809265137;10.020000457763672;128487200;9.300788879394531
2011-10-20;10.039999961853027;10.107500076293945;9.265000343322754;10.045000076293945;144739200;9.323994636535645
2011-10-21;10.482500076293945;10.720000267028809;10.237500190734863;10.712499618530273;109516800;9.943581581115723
2011-10-24;10.84749984741211;11.824999809265137;10.795000076293945;11.7524995803833;108909600;10.908934593200684
2011-10-25;11.489999771118164;11.515000343322754;10.667499542236328;10.789999961853027;107712400;10.015519142150879
2011-10-26;11.3125;11.515000343322754;10.390000343322754;11.3149995803833;142814400;10.50283432006836
2011-10-27;12.572500228881836;13.357500076293945;12.199999809265137;13.092499732971191;143445600;12.152750968933105
2011-10-28;13.020000457763672;13.352499961853027;12.762499809265137;12.922499656677246;89581600;11.994952201843262
2011-10-31;12.297499656677246;12.602499961853027;11.837499618530273;11.8774995803833;100028400;11.024959564208984
2011-11-01;10.520000457763672;11.3774995803833;10.425000190734863;10.692500114440918;142098400;9.925019264221191
2011-11-02;11.137499809265137;11.457500457763672;10.8125;11.397500038146973;106011600;10.579412460327148
2011-11-03;11.912500381469727;12.34000015258789;10.992500305175781;12.25;144681200;11.370723724365234
2011-11-04;11.832500457763672;12.15250015258789;11.539999961853027;12.029999732971191;101712400;11.16651439666748
2011-11-07;12.024999618530273;12.177499771118164;11.227499961853027;11.975000381469727;114932400;11.115463256835938
2011-11-08;12.3149995803833;12.545000076293945;11.5024995803833;12.505000114440918;142374800;11.607419967651367
2011-11-09;11.399999618530273;11.699999809265137;10.667499542236328;10.727499961853027;142640000;9.957505226135254
2011-11-10;11.25;11.28499984741211;10.574999809265137;10.932499885559082;106230000;10.14779281616211
2011-11-11;11.342499732971191;11.875;11.272500038146973;11.789999961853027;101168800;10.943741798400879
2011-11-14;11.662500381469727;11.7524995803833;11.050000190734863;11.289999961853027;95026800;10.479630470275879
2011-11-15;11.1225004196167;11.90999984741211;10.899999618530273;11.725000381469727;123438800;10.883408546447754
2011-11-16;11.357500076293945;12.02750015258789;11.100000381469727;11.180000305175781;127010400;10.377527236938477
2011-11-17;11.125;11.345000267028809;10.477499961853027;10.677499771118164;160752400;9.91109561920166
2011-11-18;10.797499656677246;10.887499809265137;10.4375;10.667499542236328;110312000;9.901810646057129
2011-11-21;10.032500267028809;10.164999961853027;9.617500305175781;9.895000457763672;141862800;9.184760093688965
2011-11-22;9.852499961853027;10.0600004196167;9.5;9.642499923706055;134492800;8.950384140014648
2011-11-23;9.332500457763672;9.414999961853027;8.699999809265137;8.7475004196167;141432000;8.119625091552734
2011-11-25;8.572500228881836;8.960000038146973;8.40999984741211;8.417499542236328;56404800;7.813312530517578
2011-11-28;9.337499618530273;9.647500038146973;9.274999618530273;9.59749984741211;106533600;8.908611297607422
2011-11-29;9.614999771118164;9.762499809265137;9.324999809265137;9.529999732971191;109452800;8.84596061706543
2011-11-30;10.742500305175781;11.25;10.5600004196167;11.210000038146973;106690000;10.405372619628906
2011-12-01;11.095000267028809;11.407500267028809;10.912500381469727;10.967499732971191;96344400;10.180275917053223
2011-12-02;11.380000114440918;11.614999771118164;11.022500038146973;11.082500457763672;102717600;10.287022590637207
2011-12-05;11.765000343322754;11.967499732971191;11.399999618530273;11.672499656677246;91595200;10.834676742553711
2011-12-06;11.710000038146973;11.927499771118164;11.367500305175781;11.682499885559082;84586400;10.843957901000977
2011-12-07;11.449999809265137;11.824999809265137;10.920000076293945;11.649999618530273;121762000;10.813790321350098
2011-12-08;11.265000343322754;11.414999961853027;10.4975004196167;10.572500228881836;140206800;9.813631057739258
2011-12-09;10.625;11.692500114440918;10.572500228881836;11.520000457763672;111158400;10.693124771118164
2011-12-12;11.010000228881836;11.02750015258789;10.569999694824219;10.9975004196167;107787600;10.208124160766602
2011-12-13;11.342499732971191;11.454999923706055;10.149999618530273;10.300000190734863;147585200;9.560690879821777
2011-12-14;10.032500267028809;10.239999771118164;9.742500305175781;9.922499656677246;135943200;9.210287094116211
2011-12-15;10.367500305175781;10.385000228881836;9.9375;10.192500114440918;111269600;9.460906028747559
2011-12-16;10.4399995803833;10.880000114440918;10.225000381469727;10.4350004196167;121559200;9.686002731323242
2011-12-19;10.732500076293945;10.850000381469727;9.835000038146973;9.882499694824219;112598400;9.17315673828125
2011-12-20;10.547499656677246;11.132499694824219;10.52750015258789;11.104999542236328;99612400;10.30791187286377
2011-12-21;10.932499885559082;11.324999809265137;10.579999923706055;11.202500343322754;125408400;10.398411750793457
2011-12-22;11.387499809265137;11.6225004196167;11.307499885559082;11.457500457763672;95282400;10.63510799407959
2011-12-23;11.5649995803833;11.619999885559082;11.350000381469727;11.574999809265137;50045200;10.74417495727539
2011-12-27;11.425000190734863;11.845000267028809;11.345000267028809;11.675000190734863;50733200;10.836994171142578
2011-12-28;11.717499732971191;11.720000267028809;10.97249984741211;11.050000190734863;95126000;10.256855010986328
2011-12-29;11.177499771118164;11.477499961853027;11.117500305175781;11.392499923706055;63193200;10.574774742126465
2011-12-30;11.332500457763672;11.520000457763672;11.192500114440918;11.210000038146973;43881200;10.405372619628906
2012-01-03;12.052499771118164;12.137499809265137;11.637499809265137;11.75;110260800;10.906611442565918
2012-01-04;11.53499984741211;11.667499542236328;11.305000305175781;11.555000305175781;77924400;10.725608825683594
2012-01-05;11.292499542236328;11.895000457763672;10.984999656677246;11.737500190734863;102365200;10.895010948181152
2012-01-06;11.7524995803833;11.90999984741211;11.395000457763672;11.640000343322754;99780400;10.804509162902832
2012-01-09;11.795000076293945;11.869999885559082;11.460000038146973;11.802499771118164;70366000;10.955343246459961
2012-01-10;12.274999618530273;12.399999618530273;12.1875;12.3149995803833;59036000;11.431057929992676
2012-01-11;12.170000076293945;12.517499923706055;12.132499694824219;12.467499732971191;47732400;11.572613716125488
2012-01-12;12.567500114440918;12.637499809265137;12.170000076293945;12.600000381469727;80605200;11.695601463317871
2012-01-13;12.28499984741211;12.430000305175781;12.0024995803833;12.359999656677246;84826800;11.472825050354004
2012-01-17;12.727499961853027;12.8100004196167;12.255000114440918;12.34000015258789;54406000;11.454263687133789
2012-01-18;12.350000381469727;13.02750015258789;12.265000343322754;13.012499809265137;63832000;12.07849407196045
2012-01-19;13.229999542236328;13.342499732971191;12.992500305175781;13.262499809265137;60217600;12.31054973602295
2012-01-20;13.210000038146973;13.412500381469727;13.112500190734863;13.295000076293945;36260000;12.340714454650879
2012-01-23;13.302499771118164;13.59000015258789;12.932499885559082;13.237500190734863;51529600;12.287344932556152
2012-01-24;12.994999885559082;13.53499984741211;12.789999961853027;13.484999656677246;67495200;12.517080307006836
2012-01-25;13.470000267028809;13.962499618530273;13.257499694824219;13.817500114440918;84581200;12.825713157653809
2012-01-26;14.107500076293945;14.145000457763672;13.532500267028809;13.757499694824219;86994400;12.77001953125
2012-01-27;13.567500114440918;14.067500114440918;13.542499542236328;14.050000190734863;53622400;13.041523933410645
2012-01-30;13.707500457763672;13.887499809265137;13.412500381469727;13.72249984741211;64903200;12.737531661987305
2012-01-31;13.979999542236328;14.085000038146973;13.444999694824219;13.692500114440918;89226000;12.709685325622559
2012-02-01;14.045000076293945;14.637499809265137;13.904999732971191;14.577500343322754;72673600;13.531160354614258
2012-02-02;14.725000381469727;14.984999656677246;14.557499885559082;14.782500267028809;59865200;13.72144603729248
2012-02-03;15.517499923706055;15.90999984741211;15.3774995803833;15.782500267028809;71060400;14.649666786193848
2012-02-06;15.550000190734863;15.7524995803833;15.4399995803833;15.607500076293945;56078800;14.48723030090332
2012-02-07;15.574999809265137;15.792499542236328;15.274999618530273;15.574999809265137;73743200;14.457062721252441
2012-02-08;15.6899995803833;15.90999984741211;15.192500114440918;15.664999961853027;92696400;14.540605545043945
2012-02-09;15.8100004196167;15.817500114440918;15.142499923706055;15.4375;69373600;14.329432487487793
2012-02-10;14.947500228881836;15.042499542236328;14.71500015258789;14.792499542236328;63992800;13.730729103088379
2012-02-13;15.289999961853027;15.447500228881836;15.007499694824219;15.404999732971191;51164000;14.29926586151123
2012-02-14;15.167499542236328;15.279999732971191;14.854999542236328;15.1875;76262400;14.097376823425293
2012-02-15;15.4350004196167;15.444999694824219;14.65250015258789;14.789999961853027;89106000;13.728407859802246
2012-02-16;14.824999809265137;15.6850004196167;14.805000305175781;15.645000457763672;77760400;14.522039413452148
2012-02-17;15.899999618530273;15.922499656677246;15.537500381469727;15.602499961853027;37207200;14.482589721679688
2012-02-21;15.702500343322754;15.765000343322754;15.09000015258789;15.302499771118164;67004000;14.204124450683594
2012-02-22;15.167499542236328;15.375;14.90250015258789;14.947500228881836;43811600;13.874604225158691
2012-02-23;15.024999618530273;15.635000228881836;14.770000457763672;15.607500076293945;47152800;14.48723030090332
2012-02-24;15.619999885559082;15.737500190734863;15.430000305175781;15.5024995803833;38062000;14.389766693115234
2012-02-27;15.069999694824219;15.694999694824219;14.739999771118164;15.454999923706055;57690800;14.34567642211914
2012-02-28;15.470000267028809;15.7475004196167;15.074999809265137;15.3149995803833;59256800;14.21572208404541
2012-02-29;15.475000381469727;15.694999694824219;14.572500228881836;14.617500305175781;89263600;13.568291664123535
2012-03-01;14.8100004196167;15.34000015258789;14.795000076293945;14.837499618530273;68216800;13.772500038146973
2012-03-02;14.832500457763672;14.949999809265137;13.975000381469727;14.182499885559082;70339200;13.164510726928711
2012-03-05;14.0600004196167;14.265000343322754;13.744999885559082;14.242500305175781;51495200;13.220207214355469
2012-03-06;13.765000343322754;13.852499961853027;13.21500015258789;13.3774995803833;72150000;12.417296409606934
2012-03-07;13.46500015258789;13.795000076293945;13.404999732971191;13.7475004196167;43490800;12.760736465454102
2012-03-08;14.029999732971191;14.375;13.6850004196167;14.287500381469727;51548000;13.261978149414062
2012-03-09;14.287500381469727;15.157500267028809;14.260000228881836;14.864999771118164;57406000;13.798026084899902
2012-03-12;14.957500457763672;15.050000190734863;14.569999694824219;14.782500267028809;46384400;13.72144603729248
2012-03-13;15.117500305175781;15.680000305175781;14.932499885559082;15.670000076293945;62814800;14.545246124267578
2012-03-14;15.604999542236328;15.75;15.067500114440918;15.274999618530273;49561600;14.178594589233398
2012-03-15;15.204999923706055;15.682499885559082;15.079999923706055;15.680000305175781;49592000;14.554526329040527
2012-03-16;15.742500305175781;15.770000457763672;15.412500381469727;15.600000381469727;40022400;14.480269432067871
2012-03-19;15.539999961853027;16.389999389648438;15.470000267028809;16.012500762939453;62122400;14.86316204071045
2012-03-20;15.672499656677246;15.770000457763672;15.367500305175781;15.582500457763672;50825600;14.464024543762207
2012-03-21;15.704999923706055;15.845000267028809;15.40250015258789;15.555000305175781;47966800;14.438498497009277
2012-03-22;15.085000038146973;15.300000190734863;14.829999923706055;15.1225004196167;79362400;14.037046432495117
2012-03-23;15.175000190734863;15.680000305175781;14.765000343322754;15.572500228881836;57983200;14.454741477966309
2012-03-26;16.149999618530273;16.552499771118164;16.082500457763672;16.50749969482422;48220400;15.322628021240234
2012-03-27;16.522499084472656;16.670000076293945;16.139999389648438;16.170000076293945;44370800;15.009354591369629
2012-03-28;16.15999984741211;16.295000076293945;15.484999656677246;15.895000457763672;58730400;14.754093170166016
2012-03-29;15.5625;15.837499618530273;15.147500038146973;15.737500190734863;59377200;14.60789966583252
2012-03-30;16.047500610351562;16.049999237060547;15.444999694824219;15.600000381469727;44598800;14.480269432067871
2012-04-02;15.452500343322754;16.184999465942383;15.354999542236328;16.15250015258789;42401200;14.993115425109863
2012-04-03;16.06999969482422;16.270000457763672;15.649999618530273;15.862500190734863;53614000;14.723926544189453
2012-04-04;15.345000267028809;15.375;14.8125;15.074999809265137;72424400;13.992952346801758
2012-04-05;14.897500038146973;15.1225004196167;14.800000190734863;14.892499923706055;38643200;13.8235502243042
2012-04-09;14.0649995803833;14.327500343322754;13.9399995803833;14.145000457763672;45041200;13.129706382751465
2012-04-10;13.984999656677246;14.104999542236328;13.039999961853027;13.147500038146973;98580800;12.203804016113281
2012-04-11;13.47249984741211;13.75;13.390000343322754;13.682499885559082;52660800;12.70040225982666
2012-04-12;13.739999771118164;14.487500190734863;13.680000305175781;14.287500381469727;57257200;13.261978149414062
2012-04-13;14.162500381469727;14.177499771118164;13.667499542236328;13.710000038146973;51988800;12.725927352905273
2012-04-16;13.912500381469727;14.052499771118164;13.3774995803833;13.779999732971191;50822000;12.790904998779297
2012-04-17;14.117500305175781;14.75;14.09000015258789;14.414999961853027;49877600;13.380324363708496
2012-04-18;14.164999961853027;14.297499656677246;13.84749984741211;14.039999961853027;49348000;13.032241821289062
2012-04-19;14.092499732971191;14.454999923706055;13.550000190734863;13.795000076293945;83803600;12.804826736450195
2012-04-20;14.069999694824219;14.4350004196167;13.967499732971191;14.02750015258789;42893200;13.020641326904297
2012-04-23;13.397500038146973;13.492500305175781;13.047499656677246;13.46500015258789;51886000;12.498515129089355
2012-04-24;13.479999542236328;13.880000114440918;13.337499618530273;13.760000228881836;52516800;12.772342681884766
2012-04-25;14.305000305175781;14.625;14.192500114440918;14.425000190734863;48159200;13.389609336853027
2012-04-26;14.404999732971191;14.895000457763672;14.332500457763672;14.802499771118164;42740800;13.740011215209961
2012-04-27;14.944999694824219;15.25;14.442500114440918;15.175000190734863;46446000;14.085775375366211
2012-04-30;15.154999732971191;15.167499542236328;14.672499656677246;14.680000305175781;37756000;13.626301765441895
2012-05-01;14.72249984741211;15.482500076293945;14.587499618530273;14.717499732971191;50929200;13.661112785339355
2012-05-02;14.3725004196167;14.859999656677246;14.1850004196167;14.824999809265137;45891600;13.760896682739258
2012-05-03;14.797499656677246;14.824999809265137;13.975000381469727;14.192500114440918;59914400;13.173795700073242
2012-05-04;13.90250015258789;13.952500343322754;13.329999923706055;13.3774995803833;61620400;12.417296409606934
2012-05-07;13.234999656677246;13.65250015258789;13.154999732971191;13.53499984741211;42344400;12.563488960266113
2012-05-08;13.192500114440918;13.505000114440918;12.829999923706055;13.482500076293945;63177600;12.51475715637207
2012-05-09;12.975000381469727;13.477499961853027;12.829999923706055;13.225000381469727;74558000;12.27574348449707
2012-05-10;13.510000228881836;13.6225004196167;13.167499542236328;13.385000228881836;57756400;12.424257278442383
2012-05-11;13.0625;13.617500305175781;13.050000190734863;13.270000457763672;51557200;12.317508697509766
2012-05-14;12.882499694824219;13.067500114440918;12.649999618530273;12.760000228881836;56408800;11.844118118286133
2012-05-15;12.765000343322754;13.069999694824219;12.582500457763672;12.704999923706055;55080800;11.79306411743164
2012-05-16;12.817500114440918;13.022500038146973;12.399999618530273;12.442500114440918;56692400;11.549407958984375
2012-05-17;12.452500343322754;12.515000343322754;11.569999694824219;11.569999694824219;76915600;10.739533424377441
2012-05-18;11.579999923706055;11.802499771118164;11.154999732971191;11.25;68231200;10.44250202178955
2012-05-21;11.352499961853027;12.024999618530273;11.119999885559082;12.020000457763672;58984800;11.157231330871582
2012-05-22;12.037500381469727;12.307499885559082;11.572500228881836;11.835000038146973;55062800;10.985512733459473
2012-05-23;11.47249984741211;12.114999771118164;11.217499732971191;12.050000190734863;61200000;11.185079574584961
2012-05-24;12.020000457763672;12.162500381469727;11.604999542236328;12.114999771118164;58057600;11.245415687561035
2012-05-25;12.125;12.234999656677246;11.942500114440918;12.085000038146973;41941600;11.217567443847656
2012-05-29;12.452500343322754;12.71500015258789;12.1850004196167;12.612500190734863;49372000;11.70720386505127
2012-05-30;12.22249984741211;12.28499984741211;11.84749984741211;11.892499923706055;48298000;11.038883209228516
2012-05-31;11.920000076293945;12.0649995803833;11.359999656677246;11.8149995803833;68253200;10.966947555541992
2012-06-01;11.047499656677246;11.324999809265137;10.725000381469727;10.767499923706055;75646000;9.99463176727295
2012-06-04;10.885000228881836;10.9975004196167;10.387499809265137;10.699999809265137;59246800;9.931982040405273
2012-06-05;10.537500381469727;11.140000343322754;10.505000114440918;11.114999771118164;67904000;10.317190170288086
2012-06-06;11.364999771118164;11.954999923706055;11.300000190734863;11.932499885559082;58418400;11.076011657714844
2012-06-07;12.5;12.524999618530273;11.704999923706055;11.710000038146973;54508800;10.86948299407959
2012-06-08;11.657500267028809;12.207500457763672;11.422499656677246;12.15250015258789;47219200;11.280221939086914
2012-06-11;12.555000305175781;12.587499618530273;11.28499984741211;11.364999771118164;57010000;10.549247741699219
2012-06-12;11.442500114440918;11.797499656677246;11.137499809265137;11.772500038146973;57872400;10.927495002746582
2012-06-13;11.717499732971191;11.9350004196167;11.220000267028809;11.382499694824219;58480800;10.56549072265625
2012-06-14;11.392499923706055;11.890000343322754;11.295000076293945;11.772500038146973;63416000;10.927495002746582
2012-06-15;11.842499732971191;12.279999732971191;11.720000267028809;12.217499732971191;50345200;11.340556144714355
2012-06-18;11.9399995803833;12.414999961853027;11.827500343322754;12.255000114440918;47040000;11.375365257263184
2012-06-19;12.462499618530273;13.119999885559082;12.385000228881836;12.907500267028809;56284800;11.981030464172363
2012-06-20;12.925000190734863;13.125;12.59000015258789;12.850000381469727;63060000;11.92765998840332
2012-06-21;12.78499984741211;12.854999542236328;11.862500190734863;11.917499542236328;84462400;11.062090873718262
2012-06-22;12.135000228881836;12.430000305175781;11.932499885559082;12.327500343322754;38508400;11.44266128540039
2012-06-25;11.787500381469727;11.9375;11.614999771118164;11.757499694824219;45498000;10.913573265075684
2012-06-26;11.832500457763672;12.057499885559082;11.524999618530273;11.912500381469727;43502000;11.057451248168945
2012-06-27;11.9975004196167;12.462499618530273;11.954999923706055;12.417499542236328;37470400;11.526199340820312
2012-06-28;12.130000114440918;12.422499656677246;11.824999809265137;12.382499694824219;49095600;11.493712425231934
2012-06-29;13.194999694824219;13.5649995803833;13.0;13.467499732971191;54815600;12.500834465026855
2012-07-02;13.662500381469727;13.952500343322754;13.332500457763672;13.920000076293945;33796400;12.920854568481445
2012-07-03;13.975000381469727;14.494999885559082;13.912500381469727;14.477499961853027;23633200;13.438339233398438
2012-07-05;14.552499771118164;14.649999618530273;14.21500015258789;14.447500228881836;28144000;13.410493850708008
2012-07-06;14.0600004196167;14.112500190734863;13.75;13.952500343322754;34348800;12.95102310180664
2012-07-09;13.907500267028809;13.944999694824219;13.602499961853027;13.805000305175781;31132000;12.81411361694336
2012-07-10;14.109999656677246;14.164999961853027;13.154999732971191;13.332500457763672;50828000;12.375524520874023
2012-07-11;13.364999771118164;13.487500190734863;12.9399995803833;13.177499771118164;36804000;12.231647491455078
2012-07-12;12.880000114440918;13.210000038146973;12.460000038146973;13.039999961853027;50925200;12.104020118713379
2012-07-13;13.199999809265137;13.697500228881836;13.175000190734863;13.520000457763672;37329600;12.549566268920898
2012-07-16;13.442500114440918;13.59000015258789;13.202500343322754;13.395000457763672;26088800;12.433537483215332
2012-07-17;13.637499809265137;13.720000267028809;12.970000267028809;13.507499694824219;42144800;12.537961959838867
2012-07-18;13.454999923706055;14.0024995803833;13.420000076293945;13.75;27197200;12.763059616088867
2012-07-19;13.9375;14.022500038146973;13.542499542236328;13.614999771118164;26696000;12.637746810913086
2012-07-20;13.297499656677246;13.359999656677246;13.032500267028809;13.137499809265137;39278400;12.194520950317383
2012-07-23;12.397500038146973;12.654999732971191;12.229999542236328;12.467499732971191;37490000;11.572613716125488
2012-07-24;12.600000381469727;12.614999771118164;11.779999732971191;11.989999771118164;54293200;11.129385948181152
2012-07-25;12.15250015258789;12.3125;11.899999618530273;12.03499984741211;37696000;11.171154975891113
2012-07-26;12.609999656677246;12.692500114440918;12.132499694824219;12.342499732971191;46006400;11.456584930419922
2012-07-27;12.517499923706055;13.427499771118164;12.324999809265137;13.265000343322754;44858400;12.312871932983398
2012-07-30;13.324999809265137;13.532500267028809;12.949999809265137;13.100000381469727;31912800;12.159711837768555
2012-07-31;12.944999694824219;13.305000305175781;12.7524995803833;12.7524995803833;39646000;11.83715534210205
2012-08-01;13.024999618530273;13.067500114440918;12.109999656677246;12.109999656677246;36167600;11.240772247314453
2012-08-02;11.762499809265137;12.232500076293945;11.75;11.984999656677246;43566000;11.124741554260254
2012-08-03;12.532500267028809;13.022500038146973;12.390000343322754;12.835000038146973;40128800;11.91373348236084
2012-08-06;12.895000457763672;13.332500457763672;12.822500228881836;13.15250015258789;22709600;12.208444595336914
2012-08-07;13.449999809265137;13.797499656677246;13.342499732971191;13.494999885559082;28236800;12.526360511779785
2012-08-08;13.300000190734863;13.614999771118164;13.28499984741211;13.417499542236328;22281200;12.454422950744629
2012-08-09;13.397500038146973;13.712499618530273;13.359999656677246;13.600000381469727;25596000;12.623826026916504
2012-08-10;13.397500038146973;13.542499542236328;13.267499923706055;13.477499961853027;22178400;12.51011848449707
2012-08-13;13.447500228881836;13.524999618530273;12.962499618530273;13.420000076293945;28550800;12.456743240356445
2012-08-14;13.662500381469727;13.729999542236328;13.154999732971191;13.329999923706055;32288400;12.373204231262207
2012-08-15;13.202500343322754;13.645000457763672;13.172499656677246;13.635000228881836;25587600;12.656312942504883
2012-08-16;13.600000381469727;14.162500381469727;13.425000190734863;14.079999923706055;31615600;13.069371223449707
2012-08-17;14.125;14.460000038146973;14.010000228881836;14.397500038146973;29031200;13.364083290100098
2012-08-20;14.3149995803833;14.352499961853027;14.0024995803833;14.267499923706055;27045200;13.243412017822266
2012-08-21;14.5024995803833;14.90250015258789;14.107500076293945;14.25;40345200;13.227169036865234
2012-08-22;14.147500038146973;14.270000457763672;13.90250015258789;14.055000305175781;36523200;13.046164512634277
2012-08-23;14.042499542236328;14.045000076293945;13.595000267028809;13.782500267028809;35734000;12.793227195739746
2012-08-24;13.664999961853027;14.037500381469727;13.550000190734863;13.8774995803833;31781600;12.881407737731934
2012-08-27;14.125;14.212499618530273;13.787500381469727;13.979999542236328;29665200;12.976548194885254
2012-08-28;13.989999771118164;14.260000228881836;13.875;14.172499656677246;31922400;13.155231475830078
2012-08-29;14.262499809265137;14.494999885559082;14.074999809265137;14.3100004196167;29097200;13.28286361694336
2012-08-30;14.082500457763672;14.125;13.8100004196167;13.880000114440918;29502000;12.8837251663208
2012-08-31;14.239999771118164;14.260000228881836;13.65250015258789;14.050000190734863;39097600;13.041523933410645
2012-09-04;14.087499618530273;14.710000038146973;13.762499809265137;14.552499771118164;43965200;13.507954597473145
2012-09-05;14.602499961853027;14.772500038146973;14.425000190734863;14.574999809265137;29312800;13.528840065002441
2012-09-06;14.807499885559082;15.53499984741211;14.782500267028809;15.392499923706055;38904400;14.287662506103516
2012-09-07;15.487500190734863;15.787500381469727;15.407500267028809;15.682499885559082;27363600;14.556846618652344
2012-09-10;15.65250015258789;15.819999694824219;15.452500343322754;15.510000228881836;26177200;14.396729469299316
2012-09-11;15.505000114440918;15.875;15.477499961853027;15.585000038146973;25354800;14.466347694396973
2012-09-12;15.845000267028809;15.925000190734863;15.512499809265137;15.84000015258789;24046800;14.703041076660156
2012-09-13;15.917499542236328;16.77750015258789;15.675000190734863;16.4424991607666;46960000;15.262297630310059
2012-09-14;16.625;17.2450008392334;16.610000610351562;16.915000915527344;35788400;15.700881958007812
2012-09-17;16.674999237060547;16.8174991607666;16.4424991607666;16.662500381469727;22692000;15.466506004333496
2012-09-18;16.5575008392334;16.635000228881836;16.31999969482422;16.524999618530273;24910800;15.338874816894531
2012-09-19;16.642499923706055;16.712499618530273;16.354999542236328;16.427499771118164;33869600;15.248373985290527
2012-09-20;16.18000030517578;16.344999313354492;15.890000343322754;16.217500686645508;27986400;15.053445816040039
2012-09-21;16.700000762939453;16.725000381469727;16.38249969482422;16.412500381469727;30591600;15.234450340270996
2012-09-24;16.21500015258789;16.545000076293945;16.06999969482422;16.232500076293945;30671200;15.06737232208252
2012-09-25;16.5625;16.59749984741211;15.494999885559082;15.572500228881836;47958000;14.454741477966309
2012-09-26;15.635000228881836;15.677499771118164;15.077500343322754;15.227499961853027;39609600;14.134505271911621
2012-09-27;15.444999694824219;15.899999618530273;15.199999809265137;15.737500190734863;36007200;14.60789966583252
2012-09-28;15.582500457763672;15.704999923706055;15.292499542236328;15.3774995803833;33192400;14.273738861083984
2012-10-01;15.694999694824219;15.9975004196167;15.324999809265137;15.537500381469727;41432800;14.42225456237793
2012-10-02;15.77750015258789;15.827500343322754;15.350000381469727;15.577500343322754;28522000;14.459385871887207
2012-10-03;15.662500381469727;15.819999694824219;15.242500305175781;15.482500076293945;37292000;14.371203422546387
2012-10-04;15.677499771118164;15.832500457763672;15.260000228881836;15.819999694824219;43366400;14.684477806091309
2012-10-05;16.020000457763672;16.389999389648438;15.602499961853027;15.75;30660000;14.619502067565918
2012-10-08;15.482500076293945;15.6274995803833;15.357500076293945;15.452500343322754;17554400;14.34335994720459
2012-10-09;15.479999542236328;15.52750015258789;14.835000038146973;14.90250015258789;45122000;13.832834243774414
2012-10-10;14.9375;15.039999961853027;14.6875;14.84000015258789;31167200;13.774821281433105
2012-10-11;15.175000190734863;15.362500190734863;14.912500381469727;15.010000228881836;29164000;13.932619094848633
2012-10-12;14.982500076293945;15.142499923706055;14.539999961853027;14.614999771118164;36485200;13.565970420837402
2012-10-15;14.760000228881836;14.925000190734863;14.462499618530273;14.925000190734863;34004400;13.853719711303711
2012-10-16;15.15250015258789;15.3100004196167;15.057499885559082;15.262499809265137;26481200;14.166996002197266
2012-10-17;15.345000267028809;15.737500190734863;15.2475004196167;15.667499542236328;39151200;14.54292106628418
2012-10-18;15.612500190734863;15.742500305175781;15.350000381469727;15.3774995803833;33646800;14.273738861083984
2012-10-19;15.024999618530273;15.042499542236328;14.265000343322754;14.467499732971191;54423200;13.429056167602539
2012-10-22;14.357500076293945;14.537500381469727;14.212499618530273;14.462499618530273;34259600;13.424415588378906
2012-10-23;14.09749984741211;14.307499885559082;13.727499961853027;14.260000228881836;50671200;13.236451148986816
2012-10-24;14.392499923706055;14.470000267028809;13.979999542236328;14.137499809265137;31871200;13.122743606567383
2012-10-25;14.477499961853027;14.614999771118164;13.952500343322754;14.279999732971191;46326800;13.25501823425293
2012-10-26;14.25;14.492500305175781;13.744999885559082;14.085000038146973;53943200;13.074013710021973
2012-10-31;14.104999542236328;14.357500076293945;13.960000038146973;14.272500038146973;24912000;13.248055458068848
2012-11-01;14.447500228881836;14.904999732971191;14.287500381469727;14.805000305175781;35836000;13.742331504821777
2012-11-02;15.0024995803833;15.039999961853027;14.087499618530273;14.112500190734863;48053600;13.09953784942627
2012-11-05;14.114999771118164;14.430000305175781;13.957500457763672;14.399999618530273;30550400;13.366401672363281
2012-11-06;14.532500267028809;14.8125;14.4975004196167;14.697500228881836;30304000;13.642547607421875
2012-11-07;14.15999984741211;14.167499542236328;13.399999618530273;13.617500305175781;81206000;12.640068054199219
2012-11-08;13.539999961853027;13.704999923706055;13.024999618530273;13.057499885559082;60551200;12.120264053344727
2012-11-09;12.897500038146973;13.420000076293945;12.822500228881836;13.125;50230800;12.182921409606934
2012-11-12;13.220000267028809;13.265000343322754;12.954999923706055;13.017499923706055;22613600;12.083134651184082
2012-11-13;12.837499618530273;13.212499618530273;12.739999771118164;12.802499771118164;33856800;11.88356876373291
2012-11-14;12.892499923706055;12.989999771118164;12.0;12.109999656677246;54579200;11.240772247314453
2012-11-15;12.010000228881836;12.197500228881836;11.632499694824219;11.899999618530273;59084800;11.045845985412598
2012-11-16;11.8725004196167;12.305000305175781;11.5649995803833;12.1899995803833;58300400;11.315031051635742
2012-11-19;12.567500114440918;12.989999771118164;12.532500267028809;12.954999923706055;42500000;12.025121688842773
2012-11-20;12.8774995803833;13.0625;12.717499732971191;13.039999961853027;40160000;12.104020118713379
2012-11-21;13.087499618530273;13.2475004196167;12.962499618530273;13.229999542236328;29273200;12.28038215637207
2012-11-23;13.34000015258789;13.65999984741211;13.3149995803833;13.645000457763672;23358000;12.665594100952148
2012-11-26;13.5600004196167;13.77750015258789;13.414999961853027;13.77750015258789;32500000;12.788583755493164
2012-11-27;13.72249984741211;14.0;13.662500381469727;13.697500228881836;38392000;12.714325904846191
2012-11-28;13.524999618530273;14.037500381469727;13.192500114440918;14.03499984741211;53431600;13.027599334716797
2012-11-29;14.375;14.612500190734863;14.202500343322754;14.52750015258789;50782000;13.484752655029297
2012-11-30;14.609999656677246;14.612500190734863;14.257499694824219;14.430000305175781;36069600;13.394248962402344
2012-12-03;14.78499984741211;14.805000305175781;14.270000457763672;14.395000457763672;36860800;13.361761093139648
2012-12-04;14.432499885559082;14.5625;14.112500190734863;14.46500015258789;41012000;13.426735877990723
2012-12-05;14.630000114440918;14.662500381469727;14.085000038146973;14.40250015258789;46378800;13.368721961975098
2012-12-06;14.382499694824219;14.555000305175781;14.197500228881836;14.4375;31214800;13.40121078491211
2012-12-07;14.670000076293945;14.6850004196167;14.3149995803833;14.47249984741211;36887600;13.433695793151855
2012-12-10;14.592499732971191;14.742500305175781;14.5;14.697500228881836;29252800;13.642547607421875
2012-12-11;14.984999656677246;15.22249984741211;14.882499694824219;15.145000457763672;33215600;14.057929039001465
2012-12-12;15.274999618530273;15.357500076293945;14.800000190734863;14.895000457763672;33432000;13.825873374938965
2012-12-13;14.917499542236328;15.032500267028809;14.449999809265137;14.609999656677246;30644400;13.561327934265137
2012-12-14;14.477499961853027;14.819999694824219;14.454999923706055;14.579999923706055;23297200;13.533480644226074
2012-12-17;14.75;15.182499885559082;14.662500381469727;15.180000305175781;28102000;14.090417861938477
2012-12-18;15.307499885559082;15.8725004196167;15.182499885559082;15.827500343322754;37818400;14.691441535949707
2012-12-19;15.899999618530273;16.145000457763672;15.717499732971191;15.917499542236328;24553600;14.774978637695312
2012-12-20;15.917499542236328;16.1924991607666;15.767499923706055;16.127500534057617;23230400;14.969905853271484
2012-12-21;15.430000305175781;15.9375;15.317500114440918;15.9350004196167;28088400;14.791223526000977
2012-12-24;15.800000190734863;15.824999809265137;15.567500114440918;15.699999809265137;10123200;14.57309341430664
2012-12-26;15.835000038146973;15.84749984741211;15.345000267028809;15.397500038146973;19938800;14.292306900024414
2012-12-27;15.4375;15.522500038146973;14.757499694824219;15.324999809265137;34675600;14.225008964538574
2012-12-28;15.119999885559082;15.479999542236328;15.012499809265137;15.037500381469727;24902400;13.958142280578613
2012-12-31;15.09749984741211;16.047500610351562;14.925000190734863;15.989999771118164;39921200;14.842276573181152
2013-01-02;17.137500762939453;17.43000030517578;16.97249984741211;17.43000030517578;45881200;16.178913116455078
2013-01-03;17.447500228881836;17.700000762939453;17.162500381469727;17.309999465942383;28155200;16.06752586364746
2013-01-04;17.537500381469727;17.790000915527344;17.334999084472656;17.637500762939453;26632800;16.371519088745117
2013-01-07;17.40999984741211;17.56999969482422;17.309999465942383;17.479999542236328;19381600;16.225326538085938
2013-01-08;17.454999923706055;17.540000915527344;17.18000030517578;17.4325008392334;21960800;16.18124008178711
2013-01-09;17.547500610351562;17.7450008392334;17.512500762939453;17.697500228881836;19189600;16.427217483520508
2013-01-10;17.889999389648438;17.9424991607666;17.502500534057617;17.8125;31226800;16.533964157104492
2013-01-11;17.770000457763672;17.857500076293945;17.530000686645508;17.729999542236328;22716400;16.45737648010254
2013-01-14;17.625;17.84000015258789;17.5575008392334;17.7450008392334;19400800;16.47130584716797
2013-01-15;17.427499771118164;18.052499771118164;17.389999389648438;17.982500076293945;22695200;16.69175910949707
2013-01-16;17.86750030517578;17.975000381469727;17.709999084472656;17.837499618530273;17818000;16.557167053222656
2013-01-17;18.082500457763672;18.4325008392334;18.02750015258789;18.325000762939453;24048800;17.00967788696289
2013-01-18;18.344999313354492;18.5049991607666;18.197500228881836;18.457500457763672;20694800;17.13266372680664
2013-01-22;18.522499084472656;18.90999984741211;18.3700008392334;18.897499084472656;21390000;17.541080474853516
2013-01-23;18.899999618530273;18.93000030517578;18.69499969482422;18.732500076293945;20581600;17.387922286987305
2013-01-24;18.84749984741211;19.27750015258789;18.707500457763672;18.920000076293945;29572400;17.561967849731445
2013-01-25;19.207500457763672;19.3174991607666;18.9375;19.302499771118164;19311200;17.917011260986328
2013-01-28;19.395000457763672;19.520000457763672;18.985000610351562;19.395000457763672;25239600;18.00287628173828
2013-01-29;19.344999313354492;19.482500076293945;19.15250015258789;19.399999618530273;22878400;18.00751495361328
2013-01-30;19.360000610351562;19.392499923706055;18.53499984741211;18.71500015258789;29243200;17.371679306030273
2013-01-31;18.649999618530273;19.15250015258789;18.575000762939453;19.077499389648438;23012800;17.708160400390625
2013-02-01;19.337499618530273;19.8075008392334;19.264999389648438;19.6200008392334;32054800;18.211727142333984
2013-02-04;19.247499465942383;19.475000381469727;18.8125;18.90999984741211;33109200;17.55268096923828
2013-02-05;19.165000915527344;19.582500457763672;19.079999923706055;19.43000030517578;25512400;18.035362243652344
2013-02-06;19.112499237060547;19.677499771118164;19.0625;19.65250015258789;25581600;18.24188995361328
2013-02-07;19.594999313354492;19.6924991607666;19.05500030517578;19.422500610351562;38953200;18.028404235839844
2013-02-08;19.520000457763672;19.892499923706055;19.489999771118164;19.857500076293945;20528400;18.432178497314453
2013-02-11;19.825000762939453;19.825000762939453;19.512500762939453;19.787500381469727;19900400;18.367197036743164
2013-02-12;19.8125;20.139999389648438;19.77750015258789;20.049999237060547;19286000;18.61085319519043
2013-02-13;20.125;20.344999313354492;19.979999542236328;20.2549991607666;25019600;18.8011417388916
2013-02-14;20.110000610351562;20.5575008392334;20.087499618530273;20.440000534057617;20982800;18.972862243652344
2013-02-15;20.4375;20.662500381469727;20.292499542236328;20.450000762939453;28860400;18.982147216796875
2013-02-19;20.5625;21.017499923706055;20.55500030517578;21.017499923706055;21125600;19.5089168548584
2013-02-20;21.0674991607666;21.09000015258789;19.77750015258789;19.832500457763672;34848000;18.40896987915039
2013-02-21;19.795000076293945;19.81999969482422;18.88249969482422;19.237499237060547;30660800;17.856678009033203
2013-02-22;19.53499984741211;19.957500457763672;19.530000686645508;19.957500457763672;26768800;18.524999618530273
2013-02-25;20.264999389648438;20.264999389648438;18.610000610351562;18.627500534057617;42951200;17.290462493896484
2013-02-26;18.875;19.107500076293945;18.487499237060547;18.844999313354492;34460400;17.492347717285156
2013-02-27;18.842500686645508;19.780000686645508;18.825000762939453;19.424999237060547;32553200;18.030723571777344
2013-02-28;19.434999465942383;19.912500381469727;19.354999542236328;19.5575008392334;23644000;18.153705596923828
2013-03-01;19.19499969482422;19.917499542236328;18.729999542236328;19.825000762939453;35144000;18.40200424194336
2013-03-04;19.6875;19.9950008392334;19.362499237060547;19.97249984741211;29929600;18.538921356201172
2013-03-05;20.295000076293945;20.767499923706055;20.287500381469727;20.677499771118164;28675600;19.19331169128418
2013-03-06;20.860000610351562;20.940000534057617;20.625;20.827499389648438;22583600;19.33254623413086
2013-03-07;20.862499237060547;21.162500381469727;20.752500534057617;21.139999389648438;18158800;19.622623443603516
2013-03-08;21.625;21.719999313354492;21.15999984741211;21.719999313354492;32909600;20.160987854003906
2013-03-11;21.497499465942383;21.72249984741211;21.434999465942383;21.6825008392334;19332000;20.126182556152344
2013-03-12;21.537500381469727;21.72249984741211;21.332500457763672;21.520000457763672;19865600;19.975345611572266
2013-03-13;21.577499389648438;21.899999618530273;21.3700008392334;21.797500610351562;18849600;20.23292350769043
2013-03-14;21.917499542236328;22.454999923706055;21.8700008392334;22.44499969482422;15914800;20.83394432067871
2013-03-15;22.354999542236328;22.5575008392334;22.15999984741211;22.38249969482422;23555200;20.775936126708984
2013-03-18;21.69499969482422;22.309999465942383;21.647499084472656;22.03499984741211;30294800;20.453378677368164
2013-03-19;22.174999237060547;22.3700008392334;21.197500228881836;21.764999389648438;43910400;20.202756881713867
2013-03-20;22.13249969482422;22.385000228881836;22.0625;22.3799991607666;26930800;20.77361297607422
2013-03-21;21.897499084472656;22.217500686645508;21.55500030517578;21.767499923706055;36087600;20.205081939697266
2013-03-22;22.049999237060547;22.1299991607666;21.827499389648438;21.967500686645508;18546400;20.39072608947754
2013-03-25;22.162500381469727;22.547500610351562;21.559999465942383;22.017499923706055;29438000;20.4371337890625
2013-03-26;22.292499542236328;22.389999389648438;21.889999389648438;22.225000381469727;22348400;20.629745483398438
2013-03-27;21.8125;22.30500030517578;21.517499923706055;22.28499984741211;22929200;20.6854305267334
2013-03-28;22.262500762939453;22.4950008392334;22.149999618530273;22.239999771118164;15386400;20.643665313720703
2013-04-01;22.229999542236328;22.372499465942383;21.1299991607666;21.4325008392334;48388000;19.894123077392578
2013-04-02;21.8700008392334;21.954999923706055;20.989999771118164;21.135000228881836;16786200;19.61798095703125
2013-04-03;21.280000686645508;21.30500030517578;19.915000915527344;20.040000915527344;20458200;18.601577758789062
2013-04-04;20.139999389648438;20.579999923706055;19.934999465942383;20.53499984741211;15417000;19.06104850769043
2013-04-05;19.639999389648438;20.459999084472656;19.559999465942383;20.399999618530273;15998000;18.935733795166016
2013-04-08;20.6299991607666;20.96500015258789;20.184999465942383;20.94499969482422;12896200;19.441619873046875
2013-04-09;21.049999237060547;21.174999237060547;20.649999618530273;20.7549991607666;14236800;19.265256881713867
2013-04-10;20.96500015258789;22.014999389648438;20.920000076293945;21.93000030517578;15743600;20.35592269897461
2013-04-11;21.875;22.364999771118164;21.790000915527344;22.020000457763672;12859000;20.4394588470459
2013-04-12;21.75;21.920000076293945;21.204999923706055;21.68000030517578;16597000;20.123859405517578
2013-04-15;21.30500030517578;21.3700008392334;19.05500030517578;19.270000457763672;26617600;17.886850357055664
2013-04-16;19.71500015258789;20.329999923706055;19.510000228881836;20.2450008392334;15554400;18.791860580444336
2013-04-17;19.770000457763672;19.81999969482422;18.639999389648438;19.21500015258789;30756600;17.83579444885254
2013-04-18;19.260000228881836;19.375;18.59000015258789;18.860000610351562;27682000;17.506269454956055
2013-04-19;19.110000610351562;19.565000534057617;18.649999618530273;19.5049991607666;22316400;18.104976654052734
2013-04-22;19.584999084472656;19.81999969482422;18.614999771118164;19.68000030517578;21747600;18.267417907714844
2013-04-23;20.15999984741211;20.625;19.8799991607666;20.604999542236328;20384800;19.126020431518555
2013-04-24;20.584999084472656;20.975000381469727;20.3700008392334;20.94499969482422;12852600;19.441619873046875
2013-04-25;21.09000015258789;21.68000030517578;21.014999389648438;21.334999084472656;13755600;19.803621292114258
2013-04-26;21.135000228881836;21.325000762939453;20.739999771118164;21.020000457763672;15418000;19.511240005493164
2013-04-29;21.28499984741211;21.600000381469727;21.1299991607666;21.434999465942383;10533000;19.896446228027344
2013-04-30;21.479999542236328;21.834999084472656;21.184999465942383;21.829999923706055;12153800;20.263093948364258
2013-05-01;21.600000381469727;21.684999465942383;20.204999923706055;20.235000610351562;22593200;18.782581329345703
2013-05-02;20.59000015258789;21.325000762939453;20.479999542236328;21.21500015258789;17519600;19.69223976135254
2013-05-03;22.024999618530273;22.690000534057617;21.934999465942383;22.190000534057617;19962000;20.59725570678711
2013-05-06;22.264999389648438;22.719999313354492;22.200000762939453;22.665000915527344;14622600;21.038164138793945
2013-05-07;22.735000610351562;23.204999923706055;22.469999313354492;23.200000762939453;18548200;21.534759521484375
2013-05-08;23.030000686645508;23.415000915527344;22.844999313354492;23.415000915527344;15512000;21.73432731628418
2013-05-09;23.290000915527344;23.44499969482422;22.899999618530273;23.100000381469727;13290800;21.441940307617188
2013-05-10;23.235000610351562;23.739999771118164;23.125;23.69499969482422;14392800;21.994226455688477
2013-05-13;23.625;23.885000228881836;23.3799991607666;23.625;12908800;21.929250717163086
2013-05-14;23.75;24.55500030517578;23.739999771118164;24.545000076293945;12669600;22.783218383789062
2013-05-15;24.385000228881836;25.030000686645508;24.30500030517578;24.69499969482422;14935800;22.922447204589844
2013-05-16;24.540000915527344;24.959999084472656;24.315000534057617;24.514999389648438;15652600;22.755373001098633
2013-05-17;24.834999084472656;25.34000015258789;24.735000610351562;25.274999618530273;15312200;23.460824966430664
2013-05-20;25.100000381469727;25.7450008392334;25.06999969482422;25.46500015258789;14235600;23.63718605041504
2013-05-21;25.440000534057617;25.709999084472656;25.200000762939453;25.520000457763672;14456400;23.688236236572266
2013-05-22;25.579999923706055;26.344999313354492;23.834999084472656;24.295000076293945;28089800;22.551164627075195
2013-05-23;23.4950008392334;24.454999923706055;23.3799991607666;24.385000228881836;18885400;22.63469696044922
2013-05-24;23.975000381469727;24.459999084472656;23.545000076293945;24.389999389648438;15540800;22.639339447021484
2013-05-28;25.405000686645508;26.049999237060547;24.860000610351562;25.3700008392334;17511600;23.548995971679688
2013-05-29;24.90999984741211;25.125;24.0;24.684999465942383;21375000;22.913169860839844
2013-05-30;24.850000381469727;25.30500030517578;24.704999923706055;25.1200008392334;17961400;23.31694793701172
2013-05-31;24.729999542236328;25.239999771118164;24.28499984741211;24.334999084472656;19076800;22.58829116821289
2013-06-03;24.56999969482422;25.079999923706055;23.739999771118164;24.959999084472656;34311600;23.168428421020508
2013-06-04;24.959999084472656;25.350000381469727;23.645000457763672;24.19499969482422;29356200;22.45833969116211
2013-06-05;24.125;24.219999313354492;23.075000762939453;23.204999923706055;27093600;21.539400100708008
2013-06-06;23.225000381469727;24.010000228881836;22.780000686645508;24.010000228881836;27390600;22.286619186401367
2013-06-07;24.34000015258789;24.735000610351562;23.885000228881836;24.524999618530273;21128000;22.764657974243164
2013-06-10;24.8700008392334;25.0;24.264999389648438;24.985000610351562;19937000;23.191640853881836
2013-06-11;24.15999984741211;24.75;23.540000915527344;24.15999984741211;23618000;22.42584991455078
2013-06-12;24.635000228881836;24.75;23.3799991607666;23.475000381469727;33489200;21.790021896362305
2013-06-13;23.450000762939453;24.864999771118164;23.190000534057617;24.704999923706055;22468400;22.93172836303711
2013-06-14;24.56999969482422;24.825000762939453;23.93000030517578;24.1299991607666;19098400;22.39800453186035
2013-06-17;24.774999618530273;24.975000381469727;24.170000076293945;24.604999542236328;18549800;22.838911056518555
2013-06-18;24.739999771118164;25.670000076293945;24.684999465942383;25.44499969482422;18220400;23.61861801147461
2013-06-19;25.459999084472656;25.610000610351562;24.46500015258789;24.559999465942383;30808200;22.797142028808594
2013-06-20;23.389999389648438;23.5;22.315000534057617;22.594999313354492;50364400;20.97318458557129
2013-06-21;22.56999969482422;22.940000534057617;21.854999542236328;22.809999465942383;38014400;21.17275047302246
2013-06-24;22.024999618530273;22.46500015258789;21.28499984741211;21.8799991607666;43608000;20.309507369995117
2013-06-25;22.5049991607666;22.665000915527344;22.020000457763672;22.530000686645508;32685200;20.91284942626953
2013-06-26;23.149999618530273;23.219999313354492;22.540000915527344;22.84000015258789;25321400;21.200599670410156
2013-06-27;23.229999542236328;24.0;23.219999313354492;23.905000686645508;21176000;22.18916130065918
2013-06-28;23.770000457763672;24.18000030517578;23.415000915527344;23.545000076293945;17285400;21.854990005493164
2013-07-01;23.954999923706055;25.0;23.950000762939453;24.674999237060547;18755600;22.903884887695312
2013-07-02;24.6299991607666;25.139999389648438;24.104999542236328;24.575000762939453;19945800;22.811063766479492
2013-07-03;24.299999237060547;24.9950008392334;24.204999923706055;24.790000915527344;11231800;23.010635375976562
2013-07-05;25.549999237060547;25.825000762939453;24.75;25.764999389648438;18894400;23.9156494140625
2013-07-08;26.125;26.364999771118164;25.934999465942383;26.135000228881836;17262600;24.259092330932617
2013-07-09;26.579999923706055;26.954999923706055;26.264999389648438;26.790000915527344;16961800;24.867074966430664
2013-07-10;26.81999969482422;27.100000381469727;26.604999542236328;27.05500030517578;19388400;25.113052368164062
2013-07-11;27.940000534057617;28.084999084472656;27.55500030517578;27.96500015258789;20325200;25.957738876342773
2013-07-12;27.979999542236328;28.5;27.979999542236328;28.229999542236328;18319400;26.203720092773438
2013-07-15;28.389999389648438;28.979999542236328;28.295000076293945;28.864999771118164;15115200;26.79313850402832
2013-07-16;28.934999465942383;28.979999542236328;28.264999389648438;28.450000762939453;17364200;26.407926559448242
2013-07-17;28.94499969482422;29.190000534057617;28.625;28.790000915527344;19051200;26.723522186279297
2013-07-18;29.020000457763672;29.725000381469727;28.954999923706055;29.3700008392334;14529600;27.26189422607422
2013-07-19;29.270000457763672;29.4950008392334;29.014999389648438;29.454999923706055;11940600;27.340791702270508
2013-07-22;29.625;29.8799991607666;29.360000610351562;29.719999313354492;16253800;27.586772918701172
2013-07-23;29.989999771118164;30.049999237060547;29.46500015258789;29.6299991607666;15309200;27.50322914123535
2013-07-24;30.010000228881836;30.075000762939453;28.764999389648438;28.875;21657000;26.80242156982422
2013-07-25;28.780000686645508;29.7549991607666;28.670000076293945;29.739999771118164;15951400;27.605335235595703
2013-07-26;29.18000030517578;29.364999771118164;28.68000030517578;29.290000915527344;18315800;27.187633514404297
2013-07-29;29.079999923706055;29.434999465942383;28.385000228881836;28.704999923706055;15874600;26.644622802734375
2013-07-30;28.950000762939453;29.100000381469727;28.459999084472656;28.795000076293945;15177000;26.728166580200195
2013-07-31;29.110000610351562;29.75;28.875;28.959999084472656;18651200;26.88132095336914
2013-08-01;29.770000457763672;30.315000534057617;29.635000228881836;30.079999923706055;14595400;27.920928955078125
2013-08-02;29.795000076293945;30.2549991607666;29.665000915527344;30.19499969482422;17544400;28.027673721313477
2013-08-05;30.06999969482422;30.559999465942383;29.94499969482422;30.459999084472656;14755800;28.27365493774414
2013-08-06;30.21500015258789;30.30500030517578;29.309999465942383;29.545000076293945;20563400;27.424327850341797
2013-08-07;29.264999389648438;29.450000762939453;28.725000381469727;28.954999923706055;17646400;26.876678466796875
2013-08-08;29.399999618530273;29.665000915527344;28.81999969482422;29.28499984741211;21450800;27.18299102783203
2013-08-09;29.114999771118164;29.625;28.770000457763672;29.165000915527344;22579400;27.071603775024414
2013-08-12;28.604999542236328;29.674999237060547;28.59000015258789;29.614999771118164;14639400;27.48930549621582
2013-08-13;29.719999313354492;29.719999313354492;28.959999084472656;29.520000457763672;18810600;27.401123046875
2013-08-14;29.549999237060547;29.684999465942383;29.155000686645508;29.174999237060547;16940200;27.080881118774414
2013-08-15;28.165000915527344;28.270000457763672;27.385000228881836;27.575000762939453;26447200;25.59572982788086
2013-08-16;27.30500030517578;27.764999389648438;27.110000610351562;27.229999542236328;21117600;25.275493621826172
2013-08-19;27.174999237060547;27.360000610351562;26.34000015258789;26.364999771118164;19699000;24.472579956054688
2013-08-20;26.459999084472656;27.684999465942383;26.434999465942383;27.53499984741211;19918400;25.558603286743164
2013-08-21;27.174999237060547;27.834999084472656;26.6299991607666;27.024999618530273;29319200;25.0852108001709
2013-08-22;27.28499984741211;28.200000762939453;27.264999389648438;28.184999465942383;19867600;26.16194725036621
2013-08-23;28.375;28.420000076293945;27.774999618530273;28.344999313354492;16659600;26.310462951660156
2013-08-26;28.524999618530273;28.889999389648438;28.030000686645508;28.329999923706055;17303400;26.29653549194336
2013-08-27;27.344999313354492;27.719999313354492;26.209999084472656;26.350000381469727;25514400;24.45865821838379
2013-08-28;26.2549991607666;26.829999923706055;26.18000030517578;26.514999389648438;17030200;24.611814498901367
2013-08-29;26.459999084472656;27.614999771118164;26.40999984741211;27.354999542236328;19213600;25.39151954650879
2013-08-30;27.334999084472656;27.344999313354492;25.93000030517578;26.114999771118164;20642400;24.240528106689453
2013-09-03;27.184999465942383;27.579999923706055;25.850000381469727;26.575000762939453;26212800;24.667510986328125
2013-09-04;26.635000228881836;27.295000076293945;26.325000762939453;27.25;17197200;25.294063568115234
2013-09-05;27.315000534057617;27.704999923706055;27.174999237060547;27.360000610351562;13649600;25.39616584777832
2013-09-06;27.854999542236328;28.0;26.290000915527344;27.559999465942383;26133200;25.581809997558594
2013-09-09;27.895000457763672;28.915000915527344;27.875;28.834999084472656;14415400;26.765291213989258
2013-09-10;29.385000228881836;29.709999084472656;29.075000762939453;29.69499969482422;19468600;27.56356430053711
2013-09-11;29.565000534057617;29.924999237060547;29.344999313354492;29.709999084472656;13128200;27.577486038208008
2013-09-12;29.65999984741211;29.760000228881836;29.06999969482422;29.145000457763672;12507200;27.053041458129883
2013-09-13;29.399999618530273;29.584999084472656;28.975000381469727;29.530000686645508;9691000;27.41040802001953
2013-09-16;30.6200008392334;30.639999389648438;29.6200008392334;29.719999313354492;18888200;27.586772918701172
2013-09-17;29.780000686645508;30.614999771118164;29.760000228881836;30.614999771118164;10166000;28.41752052307129
2013-09-18;30.625;31.959999084472656;29.920000076293945;31.5049991607666;20400200;29.24364471435547
2013-09-19;31.7450008392334;31.809999465942383;31.114999771118164;31.415000915527344;15787200;29.16010856628418
2013-09-20;31.645000457763672;31.69499969482422;31.045000076293945;31.079999923706055;14950600;28.849153518676758
2013-09-23;31.170000076293945;31.31999969482422;30.375;31.1299991607666;17527600;28.89556312561035
2013-09-24;31.204999923706055;32.04499816894531;30.6299991607666;31.3799991607666;16389800;29.12761878967285
2013-09-25;31.479999542236328;32.099998474121094;31.100000381469727;31.21500015258789;19016200;28.97446060180664
2013-09-26;31.469999313354492;32.084999084472656;31.125;31.71500015258789;17671800;29.438575744628906
2013-09-27;31.1299991607666;31.725000381469727;30.979999542236328;31.270000457763672;18738200;29.0255126953125
2013-09-30;30.295000076293945;31.53499984741211;30.139999389648438;31.360000610351562;18973800;29.109052658081055
2013-10-01;31.2549991607666;32.45000076293945;31.200000762939453;32.44499969482422;16639400;30.116172790527344
2013-10-02;31.704999923706055;32.32500076293945;31.530000686645508;32.029998779296875;20415200;29.7309627532959
2013-10-03;31.850000381469727;31.979999542236328;30.424999237060547;30.989999771118164;35634200;28.76561164855957
2013-10-04;31.075000762939453;31.90999984741211;30.90999984741211;31.635000228881836;19246200;29.36431312561035
2013-10-07;30.729999542236328;31.344999313354492;30.520000457763672;30.55500030517578;25707400;28.361839294433594
2013-10-08;30.6299991607666;30.780000686645508;28.96500015258789;29.079999923706055;33270400;26.99271011352539
2013-10-09;29.270000457763672;29.31999969482422;28.170000076293945;28.700000762939453;32165800;26.639978408813477
2013-10-10;29.850000381469727;30.899999618530273;29.7549991607666;30.75;27037800;28.54283905029297
2013-10-11;30.524999618530273;32.150001525878906;30.510000228881836;32.150001525878906;26228600;29.84235191345215
2013-10-14;31.55500030517578;32.70500183105469;31.440000534057617;32.564998626708984;26227600;30.227558135986328
2013-10-15;32.380001068115234;32.61000061035156;31.420000076293945;31.704999923706055;27580200;29.42929458618164
2013-10-16;32.28499984741211;32.89500045776367;32.08000183105469;32.810001373291016;21767000;30.454978942871094
2013-10-17;32.345001220703125;33.67499923706055;32.334999084472656;33.650001525878906;22904200;31.234678268432617
2013-10-18;34.38999938964844;34.89500045776367;34.03499984741211;34.80500030517578;23350000;32.30677032470703
2013-10-21;34.970001220703125;35.20000076293945;34.43000030517578;34.59000015258789;20577400;32.107208251953125
2013-10-22;35.06999969482422;35.560001373291016;34.51499938964844;34.8849983215332;23716800;32.38103103637695
2013-10-23;34.375;34.67499923706055;33.95500183105469;34.54499816894531;15204000;32.0654411315918
2013-10-24;34.625;35.33000183105469;34.470001220703125;35.154998779296875;15815000;32.63165283203125
2013-10-25;35.334999084472656;35.525001525878906;34.70500183105469;35.15999984741211;16781400;32.636295318603516
2013-10-28;35.21500015258789;35.36000061035156;34.60499954223633;35.14500045776367;15510600;32.62237548828125
2013-10-29;35.40999984741211;35.67499923706055;34.65999984741211;35.40999984741211;18697200;32.868350982666016
2013-10-30;35.5;35.56999969482422;33.70000076293945;33.95500183105469;21628400;31.51779556274414
2013-10-31;33.90999984741211;34.275001525878906;33.095001220703125;33.400001525878906;17553800;31.00263023376465
2013-11-01;33.54999923706055;33.76499938964844;32.220001220703125;32.93000030517578;23479600;30.56635856628418
2013-11-04;33.42499923706055;34.220001220703125;33.1150016784668;34.064998626708984;14157800;31.61988639831543
2013-11-05;33.67499923706055;34.03499984741211;33.05500030517578;33.79999923706055;14530000;31.373912811279297
2013-11-06;34.380001068115234;34.435001373291016;33.095001220703125;33.27000045776367;16987600;30.881956100463867
2013-11-07;33.76499938964844;33.900001525878906;31.5;31.5;30862200;29.239004135131836
2013-11-08;31.7549991607666;33.5;31.700000762939453;33.34000015258789;19371400;30.946928024291992
2013-11-11;33.119998931884766;33.625;32.775001525878906;33.404998779296875;11679200;31.00727081298828
2013-11-12;33.150001525878906;33.54499816894531;32.79499816894531;33.529998779296875;13519800;31.12330436706543
2013-11-13;32.77000045776367;34.5;32.72999954223633;34.43000030517578;16303400;31.958698272705078
2013-11-14;34.41999816894531;34.564998626708984;33.7599983215332;34.40999984741211;12882400;31.94012451171875
2013-11-15;34.54499816894531;34.900001525878906;34.150001525878906;34.82500076293945;11182400;32.32535171508789
2013-11-18;35.22999954223633;35.31999969482422;33.755001068115234;34.025001525878906;14874200;31.582763671875
2013-11-19;34.095001220703125;34.619998931884766;33.064998626708984;33.400001525878906;17329000;31.00263023376465
2013-11-20;33.90999984741211;34.165000915527344;32.935001373291016;33.3650016784668;16790800;30.970136642456055
2013-11-21;33.79999923706055;35.220001220703125;33.685001373291016;35.16999816894531;15406000;32.645572662353516
2013-11-22;35.17499923706055;35.790000915527344;34.96500015258789;35.70500183105469;10616800;33.142181396484375
2013-11-25;35.935001373291016;36.09000015258789;35.470001220703125;35.77000045776367;10669800;33.202510833740234
2013-11-26;35.814998626708984;36.78499984741211;35.70500183105469;36.61000061035156;10808600;33.98221969604492
2013-11-27;36.6150016784668;37.314998626708984;36.43000030517578;37.224998474121094;9962400;34.55307388305664
2013-11-29;37.70000076293945;37.90999984741211;37.224998474121094;37.224998474121094;6872200;34.55307388305664
2013-12-02;37.470001220703125;37.529998779296875;35.86000061035156;36.17499923706055;18086000;33.578433990478516
2013-12-03;35.92499923706055;36.380001068115234;35.10499954223633;35.6150016784668;15623400;33.05864334106445
2013-12-04;35.119998931884766;36.18000030517578;34.255001068115234;35.29999923706055;19410000;32.76625442504883
2013-12-05;35.29499816894531;35.79999923706055;34.97999954223633;35.41999816894531;16600200;32.87763214111328
2013-12-06;36.3849983215332;36.814998626708984;35.96500015258789;36.25;15597800;33.64806365966797
2013-12-09;36.36000061035156;36.619998931884766;35.685001373291016;36.20000076293945;12795000;33.601661682128906
2013-12-10;35.974998474121094;36.32500076293945;35.04999923706055;35.220001220703125;15685800;32.69198989868164
2013-12-11;35.34000015258789;35.35499954223633;33.244998931884766;33.470001220703125;20390800;31.06760597229004
2013-12-12;33.005001068115234;33.47999954223633;32.689998626708984;33.064998626708984;14977800;31.245729446411133
2013-12-13;33.29999923706055;33.724998474121094;32.720001220703125;33.42499923706055;18000400;31.585926055908203
2013-12-16;33.78499984741211;34.650001525878906;33.71500015258789;34.584999084472656;15618600;32.68210220336914
2013-12-17;34.540000915527344;34.6349983215332;33.79499816894531;34.44499969482422;14589800;32.5498046875
2013-12-18;34.619998931884766;35.880001068115234;33.53499984741211;35.810001373291016;22305200;33.83970642089844
2013-12-19;35.709999084472656;35.86000061035156;34.95000076293945;35.10499954223633;16181600;33.173484802246094
2013-12-20;35.14500045776367;37.095001220703125;35.14500045776367;36.71500015258789;22753000;34.69489288330078
2013-12-23;37.52000045776367;38.119998931884766;37.28499984741211;38.04499816894531;12465800;35.95172119140625
2013-12-24;38.220001220703125;38.744998931884766;38.165000915527344;38.470001220703125;6333200;36.35334777832031
2013-12-26;38.95000076293945;39.29499816894531;38.415000915527344;38.52000045776367;11471000;36.40058517456055
2013-12-27;38.790000915527344;39.04999923706055;38.09000015258789;38.47999954223633;8868200;36.36279296875
2013-12-30;38.41999816894531;38.66999816894531;38.16999816894531;38.38999938964844;7319400;36.277740478515625
2013-12-31;38.65999984741211;39.0099983215332;38.47999954223633;38.71500015258789;8435200;36.584861755371094
2014-01-02;38.42499923706055;38.45000076293945;36.959999084472656;37.435001373291016;17812400;35.37529373168945
2014-01-03;37.814998626708984;38.16999816894531;37.40999984741211;37.935001373291016;11669200;35.847782135009766
2014-01-06;38.525001525878906;38.54999923706055;37.03499984741211;37.08000183105469;15053800;35.039825439453125
2014-01-07;37.474998474121094;38.40999984741211;37.40999984741211;37.95000076293945;15599000;35.861942291259766
2014-01-08;38.04499816894531;38.35499954223633;37.35499954223633;38.119998931884766;14687800;36.02260971069336
2014-01-09;38.525001525878906;38.65999984741211;37.45000076293945;38.125;18739400;36.02732849121094
2014-01-10;38.18000030517578;38.76499938964844;37.65999984741211;38.72999954223633;15764600;36.599037170410156
2014-01-13;38.56999969482422;38.744998931884766;36.529998779296875;37.244998931884766;20221600;35.19573974609375
2014-01-14;37.689998626708984;38.69499969482422;37.40999984741211;38.4900016784668;19764400;36.37223815917969
2014-01-15;38.845001220703125;39.48500061035156;38.775001525878906;39.42499923706055;14576600;37.255802154541016
2014-01-16;39.26499938964844;39.59000015258789;39.040000915527344;39.56999969482422;13534400;37.392822265625
2014-01-17;39.52000045776367;39.64500045776367;38.900001525878906;39.125;13988200;36.97230911254883
2014-01-21;39.93000030517578;40.07500076293945;39.0;39.8650016784668;13827600;37.671592712402344
2014-01-22;39.904998779296875;40.58000183105469;39.70000076293945;40.404998779296875;12026600;38.18186569213867
2014-01-23;39.904998779296875;39.98500061035156;38.845001220703125;39.564998626708984;18015600;37.38809585571289
2014-01-24;38.875;38.915000915527344;36.38999938964844;36.650001525878906;24412600;34.63348388671875
2014-01-27;36.91999816894531;36.97999954223633;34.375;35.01499938964844;29393800;33.088436126708984
2014-01-28;35.125;36.11000061035156;35.0;36.10499954223633;20830000;34.11846160888672
2014-01-29;35.064998626708984;35.72999954223633;34.25;34.55500030517578;20822600;32.653751373291016
2014-01-30;35.459999084472656;36.67499923706055;35.185001373291016;36.005001068115234;17358400;34.02396774291992
2014-01-31;34.3849983215332;36.05500030517578;34.33000183105469;35.279998779296875;15968400;33.3388671875
2014-02-03;35.005001068115234;35.31999969482422;31.510000228881836;32.0099983215332;25573400;30.2487735748291
2014-02-04;32.505001068115234;33.08000183105469;31.735000610351562;32.709999084472656;16335000;30.91025733947754
2014-02-05;32.084999084472656;32.380001068115234;30.700000762939453;31.895000457763672;25018800;30.140106201171875
2014-02-06;32.119998931884766;33.09000015258789;32.119998931884766;32.70000076293945;18557200;30.900814056396484
2014-02-07;33.10499954223633;33.85499954223633;32.66999816894531;33.775001525878906;19663200;31.916667938232422
2014-02-10;33.82500076293945;34.095001220703125;33.07500076293945;34.05500030517578;12571600;32.18125915527344
2014-02-11;34.15999984741211;35.2400016784668;33.90999984741211;34.974998474121094;15804600;33.050636291503906
2014-02-12;35.125;35.869998931884766;34.90999984741211;35.345001220703125;17483600;33.40028381347656
2014-02-13;34.349998474121094;36.869998931884766;34.32500076293945;36.720001220703125;19974800;34.69963455200195
2014-02-14;36.45000076293945;37.0;35.994998931884766;36.8849983215332;17697800;34.855552673339844
2014-02-18;37.185001373291016;38.20000076293945;36.95000076293945;38.029998779296875;15923000;35.93755340576172
2014-02-19;37.70000076293945;38.40999984741211;36.775001525878906;36.84000015258789;19116400;34.81303405761719
2014-02-20;36.97999954223633;38.2599983215332;36.69499969482422;37.97999954223633;18620200;35.89030075073242
2014-02-21;38.345001220703125;38.81999969482422;38.119998931884766;38.32500076293945;13156000;36.21632766723633
2014-02-24;38.560001373291016;40.0099983215332;38.48500061035156;39.30500030517578;18417200;37.142398834228516
2014-02-25;39.400001525878906;39.96500015258789;38.91999816894531;39.345001220703125;18808000;37.180206298828125
2014-02-26;39.43000030517578;40.84000015258789;39.15999984741211;40.04999923706055;26295000;37.846412658691406
2014-02-27;39.70000076293945;40.78499984741211;39.5;40.7400016784668;20214000;38.498443603515625
2014-02-28;40.70000076293945;41.48500061035156;39.5099983215332;40.185001373291016;21552600;37.97398376464844
2014-03-03;39.244998931884766;39.974998474121094;38.279998779296875;39.6349983215332;25480600;37.454246520996094
2014-03-04;40.93000030517578;43.34000015258789;40.91999816894531;42.54999923706055;26035600;40.208858489990234
2014-03-05;42.630001068115234;42.73500061035156;42.209999084472656;42.51499938964844;16571600;40.175777435302734
2014-03-06;42.89500045776367;43.040000915527344;42.165000915527344;42.5;16232200;40.16160583496094
2014-03-07;43.20000076293945;43.25;41.72999954223633;42.375;17640800;40.043479919433594
2014-03-10;42.09000015258789;42.29999923706055;41.165000915527344;41.97999954223633;12864800;39.670223236083984
2014-03-11;42.119998931884766;42.529998779296875;40.13999938964844;40.67499923706055;20406400;38.43701934814453
2014-03-12;39.974998474121094;41.095001220703125;39.525001525878906;41.060001373291016;14933000;38.80084228515625
2014-03-13;41.5099983215332;41.625;38.959999084472656;39.60499954223633;22952000;37.425899505615234
2014-03-14;39.220001220703125;40.45000076293945;39.19499969482422;40.09000015258789;16483000;37.884212493896484
2014-03-17;40.82500076293945;41.70000076293945;40.474998474121094;40.69499969482422;12582000;38.45591354370117
2014-03-18;40.82500076293945;42.51499938964844;40.70500183105469;42.404998779296875;15058400;40.071834564208984
2014-03-19;42.310001373291016;42.3849983215332;40.65999984741211;41.63999938964844;13495400;39.34892654418945
2014-03-20;41.30500030517578;42.130001068115234;40.73500061035156;41.72999954223633;11441000;39.43397521972656
2014-03-21;42.334999084472656;42.880001068115234;41.1349983215332;41.185001373291016;16528400;38.91896438598633
2014-03-24;41.665000915527344;41.82500076293945;38.689998626708984;39.77000045776367;19309600;37.58182144165039
2014-03-25;40.5;41.1349983215332;38.95500183105469;39.75;15881000;37.56291198730469
2014-03-26;40.459999084472656;40.52000045776367;37.439998626708984;37.474998474121094;17220600;35.4130859375
2014-03-27;37.47999954223633;38.119998931884766;36.5;37.099998474121094;15117800;35.058719635009766
2014-03-28;37.22999954223633;38.70000076293945;36.76499938964844;37.1349983215332;15046400;35.091793060302734
2014-03-31;37.80500030517578;39.3650016784668;37.400001525878906;39.04999923706055;17249400;36.90142822265625
2014-04-01;39.349998474121094;40.75;39.314998626708984;40.64500045776367;14859600;38.40867614746094
2014-04-02;41.005001068115234;41.189998626708984;40.43000030517578;41.1349983215332;12611400;38.871707916259766
2014-04-03;41.119998931884766;41.17499923706055;39.349998474121094;39.849998474121094;12658200;37.65740966796875
2014-04-04;40.64500045776367;40.810001373291016;36.654998779296875;37.125;26480600;35.08234405517578
2014-04-07;36.59000015258789;36.869998931884766;34.779998779296875;35.474998474121094;23947200;33.523136138916016
2014-04-08;35.4900016784668;36.76499938964844;34.904998779296875;36.2400016784668;18135600;34.246036529541016
2014-04-09;36.595001220703125;37.7599983215332;36.125;37.69499969482422;15016200;35.620975494384766
2014-04-10;37.63999938964844;37.66999816894531;34.01499938964844;34.54499816894531;23133000;32.64429473876953
2014-04-11;33.685001373291016;34.790000915527344;32.625;33.119998931884766;25164000;31.297700881958008
2014-04-14;34.130001068115234;34.5;32.435001373291016;33.349998474121094;18192200;31.515045166015625
2014-04-15;33.709999084472656;34.29499816894531;31.545000076293945;33.77000045776367;24291400;31.911943435668945
2014-04-16;34.459999084472656;34.93000030517578;33.84000015258789;34.82500076293945;20504600;32.908897399902344
2014-04-17;34.529998779296875;35.82500076293945;34.279998779296875;35.345001220703125;15128800;33.40028381347656
2014-04-21;35.564998626708984;35.95500183105469;34.814998626708984;35.88999938964844;9697200;33.91529083251953
2014-04-22;36.06999969482422;37.35499954223633;35.89500045776367;36.97999954223633;12784800;34.94533157348633
2014-04-23;36.83000183105469;37.119998931884766;36.185001373291016;36.334999084472656;11675600;34.33580780029297
2014-04-24;36.95000076293945;37.025001525878906;35.150001525878906;36.0099983215332;16685000;34.028690338134766
2014-04-25;35.58000183105469;35.619998931884766;33.75;34.09000015258789;15874400;32.21433639526367
2014-04-28;34.4900016784668;34.959999084472656;32.04499816894531;33.52000045776367;21215200;31.675695419311523
2014-04-29;33.93000030517578;34.41999816894531;33.459999084472656;33.76499938964844;11390600;31.907215118408203
2014-04-30;33.400001525878906;34.45000076293945;32.595001220703125;34.42499923706055;15137200;32.53090286254883
2014-05-01;34.220001220703125;35.13999938964844;33.1349983215332;34.314998626708984;22241000;32.42695236206055
2014-05-02;34.54999923706055;35.474998474121094;34.16999816894531;34.494998931884766;15335200;32.5970458984375
2014-05-05;33.619998931884766;34.60499954223633;33.1150016784668;34.34000015258789;13658400;32.45058059692383
2014-05-06;33.915000915527344;34.19499969482422;32.6150016784668;32.68000030517578;15648800;30.88191032409668
2014-05-07;32.81999969482422;33.029998779296875;31.229999542236328;32.71500015258789;22709000;30.914981842041016
2014-05-08;32.619998931884766;33.69499969482422;31.454999923706055;31.770000457763672;22310600;30.021982192993164
2014-05-09;31.469999313354492;32.6349983215332;31.104999542236328;32.59000015258789;18438200;30.796871185302734
2014-05-12;33.185001373291016;35.25;33.025001525878906;34.79499816894531;17662400;32.88054275512695
2014-05-13;34.69499969482422;35.1150016784668;33.73500061035156;33.83000183105469;16451800;31.968643188476562
2014-05-14;33.51499938964844;33.53499984741211;32.0;32.15999984741211;20234800;30.39052391052246
2014-05-15;31.704999923706055;31.799999237060547;30.270000457763672;31.530000686645508;25515800;29.79519271850586
2014-05-16;31.565000534057617;32.130001068115234;30.78499984741211;32.08000183105469;17877600;30.314929962158203
2014-05-19;31.829999923706055;33.375;31.549999237060547;33.130001068115234;16426400;31.30715560913086
2014-05-20;32.869998931884766;32.900001525878906;31.05500030517578;31.610000610351562;28508800;29.870786666870117
2014-05-21;32.154998779296875;32.525001525878906;31.19499969482422;32.06999969482422;20575000;30.305479049682617
2014-05-22;32.3849983215332;33.345001220703125;32.095001220703125;33.099998474121094;14189600;31.27880859375
2014-05-23;33.005001068115234;34.209999084472656;32.8650016784668;34.15999984741211;13207200;32.28047561645508
2014-05-27;34.880001068115234;35.880001068115234;34.80500030517578;35.70000076293945;16129800;33.73576354980469
2014-05-28;35.43000030517578;35.54999923706055;34.68000030517578;35.09000015258789;13048600;33.1593132019043
2014-05-29;35.435001373291016;35.650001525878906;34.834999084472656;35.435001373291016;12534800;33.485321044921875
2014-05-30;35.42499923706055;35.5;34.505001068115234;34.970001220703125;14208400;33.04591369628906
2014-06-02;35.19499969482422;35.20000076293945;33.59000015258789;34.41999816894531;15133600;32.52617263793945
2014-06-03;33.8650016784668;34.51499938964844;33.375;34.15999984741211;14104600;32.28047561645508
2014-06-04;33.70500183105469;34.68000030517578;33.42499923706055;34.56999969482422;11448000;32.66791915893555
2014-06-05;34.845001220703125;36.814998626708984;34.26499938964844;36.720001220703125;23700000;34.69963455200195
2014-06-06;37.20500183105469;38.130001068115234;37.060001373291016;37.79999923706055;15778000;35.720211029052734
2014-06-09;37.775001525878906;39.34000015258789;37.56999969482422;38.77000045776367;19411200;36.636844635009766
2014-06-10;38.5099983215332;38.709999084472656;37.875;38.53499984741211;13743200;36.41476058959961
2014-06-11;37.92499923706055;38.224998474121094;37.314998626708984;37.959999084472656;16722600;35.871402740478516
2014-06-12;37.689998626708984;37.80500030517578;36.834999084472656;37.275001525878906;16680400;35.22410202026367
2014-06-13;37.54499816894531;37.78499984741211;36.60499954223633;37.51499938964844;15246200;35.450889587402344
2014-06-16;37.38999938964844;38.01499938964844;37.025001525878906;37.994998931884766;16623600;35.90448760986328
2014-06-17;37.8849983215332;39.279998779296875;37.665000915527344;38.85499954223633;20426000;36.717159271240234
2014-06-18;38.755001068115234;39.64500045776367;38.375;39.57500076293945;17011600;37.39754867553711
2014-06-19;40.029998779296875;40.084999084472656;38.95500183105469;39.72999954223633;17148400;37.54401397705078
2014-06-20;39.70000076293945;40.1349983215332;39.415000915527344;40.125;10699600;37.91728210449219
2014-06-23;40.3650016784668;40.39500045776367;39.53499984741211;39.875;12031200;37.6810302734375
2014-06-24;39.564998626708984;40.75;38.5;38.64500045776367;22085400;36.518707275390625
2014-06-25;37.900001525878906;39.595001220703125;37.89500045776367;39.58000183105469;14449400;37.402278900146484
2014-06-26;39.650001525878906;39.650001525878906;38.415000915527344;39.35499954223633;15793600;37.18965148925781
2014-06-27;38.88999938964844;40.29999923706055;38.849998474121094;40.150001525878906;13830200;37.94091033935547
2014-06-30;40.029998779296875;40.69499969482422;39.65999984741211;40.650001525878906;12720800;38.41339874267578
2014-07-01;41.08000183105469;42.83000183105469;41.02000045776367;41.904998779296875;16555200;39.59934997558594
2014-07-02;41.880001068115234;42.290000915527344;41.17499923706055;41.38999938964844;11868000;39.1126823425293
2014-07-03;41.900001525878906;42.20500183105469;41.560001373291016;42.10499954223633;8107600;39.788333892822266
2014-07-07;41.724998474121094;41.744998931884766;39.915000915527344;40.005001068115234;19909800;37.80388641357422
2014-07-08;39.7400016784668;39.91999816894531;37.8849983215332;38.56999969482422;20852600;36.447845458984375
2014-07-09;38.85499954223633;39.25;38.20000076293945;38.64500045776367;16560400;36.518707275390625
2014-07-10;36.28499984741211;38.220001220703125;36.154998779296875;37.42499923706055;23242400;35.365848541259766
2014-07-11;37.36000061035156;37.55500030517578;36.70500183105469;37.275001525878906;16977200;35.22410202026367
2014-07-14;38.540000915527344;38.584999084472656;37.564998626708984;37.83000183105469;18105600;35.74855422973633
2014-07-15;37.755001068115234;38.150001525878906;36.060001373291016;36.724998474121094;29959600;34.7043571472168
2014-07-16;37.154998779296875;37.2400016784668;36.029998779296875;36.474998474121094;20395200;34.46811294555664
2014-07-17;35.724998474121094;36.435001373291016;34.5;34.75;24723600;32.83802032470703
2014-07-18;34.939998626708984;36.54499816894531;34.724998474121094;36.349998474121094;16955600;34.3499870300293
2014-07-21;35.654998779296875;36.125;35.189998626708984;35.93000030517578;16220600;33.95309829711914
2014-07-22;36.564998626708984;37.28499984741211;36.31999969482422;36.82500076293945;16554200;34.798858642578125
2014-07-23;37.10499954223633;37.474998474121094;36.6150016784668;36.96500015258789;17822800;34.931156158447266
2014-07-24;37.25;37.689998626708984;36.439998626708984;36.7599983215332;15701000;34.7374267578125
2014-07-25;35.869998931884766;36.125;35.36000061035156;35.71500015258789;16074800;33.74992752075195
2014-07-28;35.90999984741211;35.98500061035156;34.44499969482422;35.22999954223633;16323600;33.29159927368164
2014-07-29;35.560001373291016;36.185001373291016;35.19499969482422;35.439998626708984;17062600;33.49005126953125
2014-07-30;36.22999954223633;36.369998931884766;35.45500183105469;35.88999938964844;20325400;33.91529083251953
2014-07-31;34.775001525878906;35.1349983215332;33.345001220703125;33.400001525878906;22143600;31.56230354309082
2014-08-01;33.400001525878906;33.8849983215332;32.22999954223633;33.03499984741211;22369800;31.217384338378906
2014-08-04;33.42499923706055;33.95500183105469;32.275001525878906;33.80500030517578;16461600;31.945024490356445
2014-08-05;33.35499954223633;34.35499954223633;32.845001220703125;33.55500030517578;17651400;31.708778381347656
2014-08-06;32.95500183105469;34.54999923706055;32.900001525878906;33.89500045776367;14050000;32.030067443847656
2014-08-07;34.224998474121094;34.599998474121094;33.025001525878906;33.415000915527344;17733800;31.57646942138672
2014-08-08;33.5;34.470001220703125;33.23500061035156;34.369998931884766;14226000;32.478919982910156
2014-08-11;34.880001068115234;36.13999938964844;34.685001373291016;35.349998474121094;15513800;33.40501403808594
2014-08-12;34.98500061035156;35.46500015258789;34.1349983215332;34.625;17669600;32.71989440917969
2014-08-13;34.93000030517578;35.60499954223633;34.755001068115234;35.375;11782600;33.42863845825195
2014-08-14;35.494998931884766;35.689998626708984;34.79499816894531;35.54999923706055;9991000;33.59400939941406
2014-08-15;36.34000015258789;36.349998474121094;34.310001373291016;35.3650016784668;20797600;33.41918182373047
2014-08-18;36.38999938964844;36.9900016784668;36.025001525878906;36.915000915527344;11481600;34.8838996887207
2014-08-19;37.0;37.560001373291016;36.93000030517578;37.27000045776367;10096800;35.21936798095703
2014-08-20;36.720001220703125;37.06999969482422;36.29499816894531;36.869998931884766;11428200;34.84138107299805
2014-08-21;36.76499938964844;37.23500061035156;35.755001068115234;37.05500030517578;11954600;35.01620101928711
2014-08-22;36.880001068115234;37.459999084472656;36.474998474121094;37.06999969482422;13171400;35.03037643432617
2014-08-25;37.775001525878906;38.20500183105469;37.165000915527344;37.54999923706055;11507200;35.48396301269531
2014-08-26;37.71500015258789;38.70500183105469;37.630001068115234;38.584999084472656;10119800;36.46200942993164
2014-08-27;38.68000030517578;38.73500061035156;38.11000061035156;38.33000183105469;8487600;36.221046447753906
2014-08-28;37.86000061035156;38.040000915527344;37.334999084472656;37.73500061035156;11612400;35.658790588378906
2014-08-29;37.96500015258789;38.584999084472656;37.48500061035156;38.345001220703125;12622400;36.235233306884766
2014-09-02;38.755001068115234;39.27000045776367;38.29999923706055;38.97999954223633;15837400;36.83527374267578
2014-09-03;39.54999923706055;39.56999969482422;38.08000183105469;38.28499984741211;14508600;36.17852020263672
2014-09-04;38.5099983215332;39.25;37.53499984741211;37.779998779296875;14569400;35.70130920410156
2014-09-05;37.58000183105469;38.17499923706055;37.0;38.13999938964844;14580400;36.041500091552734
2014-09-08;38.029998779296875;38.564998626708984;37.625;38.30500030517578;14354400;36.197418212890625
2014-09-09;38.13999938964844;38.150001525878906;36.80500030517578;36.98500061035156;18414400;34.95005416870117
2014-09-10;36.97999954223633;37.67499923706055;36.529998779296875;37.64500045776367;15088800;35.57373046875
2014-09-11;36.94499969482422;38.45000076293945;36.915000915527344;38.345001220703125;12667400;36.235233306884766
2014-09-12;38.2400016784668;38.2599983215332;36.7400016784668;37.165000915527344;14363800;35.12015151977539
2014-09-15;37.119998931884766;37.15999984741211;35.53499984741211;35.90999984741211;15280400;33.93419647216797
2014-09-16;35.625;36.5;35.25;36.209999084472656;17042000;34.217689514160156
2014-09-17;36.2400016784668;37.165000915527344;35.974998474121094;36.474998474121094;13066200;34.46811294555664
2014-09-18;36.96500015258789;37.22999954223633;36.65999984741211;37.09000015258789;9246000;35.049278259277344
2014-09-19;37.59000015258789;37.599998474121094;35.415000915527344;35.7599983215332;15135200;33.792442321777344
2014-09-22;35.2400016784668;35.334999084472656;33.95000076293945;34.21500015258789;18817200;32.33246994018555
2014-09-23;33.80500030517578;34.46500015258789;33.165000915527344;33.29499816894531;17338800;31.463075637817383
2014-09-24;33.40999984741211;34.244998931884766;32.904998779296875;34.18000030517578;15331600;32.299381256103516
2014-09-25;33.900001525878906;33.994998931884766;32.095001220703125;32.47999954223633;27533200;30.692920684814453
2014-09-26;32.82500076293945;33.38999938964844;32.5099983215332;33.290000915527344;16088200;31.458356857299805
2014-09-29;32.119998931884766;33.5099983215332;32.05500030517578;33.23500061035156;18921000;31.406373977661133
2014-09-30;33.125;33.22999954223633;31.69499969482422;31.700000762939453;24427600;29.95583152770996
2014-10-01;31.665000915527344;31.764999389648438;30.06999969482422;30.3799991607666;28632600;28.70846939086914
2014-10-02;30.375;31.625;29.655000686645508;31.2450008392334;28404800;29.52586555480957
2014-10-03;32.029998779296875;32.5099983215332;31.46500015258789;31.924999237060547;17680400;30.16845703125
2014-10-06;32.209999084472656;32.29499816894531;30.954999923706055;31.149999618530273;21966000;29.436094284057617
2014-10-07;30.510000228881836;30.934999465942383;29.530000686645508;29.579999923706055;19172600;27.952478408813477
2014-10-08;29.350000381469727;31.325000762939453;28.610000610351562;31.239999771118164;25519600;29.521142959594727
2014-10-09;31.174999237060547;31.204999923706055;28.7450008392334;28.7450008392334;33728400;27.163419723510742
2014-10-10;28.53499984741211;29.434999465942383;27.56999969482422;27.700000762939453;32341400;26.17592430114746
2014-10-13;27.735000610351562;28.764999389648438;27.0;27.315000534057617;25879200;25.81209945678711
2014-10-14;28.084999084472656;29.440000534057617;27.7549991607666;28.25;22720200;26.695653915405273
2014-10-15;27.225000381469727;29.475000381469727;26.75;29.149999618530273;36638000;27.5461368560791
2014-10-16;27.969999313354492;30.739999771118164;27.80500030517578;30.170000076293945;29164200;28.510019302368164
2014-10-17;31.264999389648438;31.325000762939453;29.510000228881836;29.860000610351562;21294200;28.21707534790039
2014-10-20;29.479999542236328;30.915000915527344;29.46500015258789;30.889999389648438;13689600;29.190399169921875
2014-10-21;31.405000686645508;32.459999084472656;31.1299991607666;32.404998779296875;18628000;30.622039794921875
2014-10-22;32.64500045776367;32.880001068115234;30.969999313354492;31.040000915527344;19414200;29.3321475982666
2014-10-23;31.979999542236328;33.26499938964844;31.75;32.689998626708984;17258600;30.891357421875
2014-10-24;32.689998626708984;33.060001373291016;32.30500030517578;32.82500076293945;13667000;31.018939971923828
2014-10-27;32.26499938964844;32.8650016784668;31.479999542236328;32.76499938964844;12363400;30.962238311767578
2014-10-28;33.209999084472656;35.60499954223633;33.05500030517578;35.57500076293945;16486200;33.61763381958008
2014-10-29;35.7599983215332;36.255001068115234;34.4900016784668;35.35499954223633;17887400;33.40972900390625
2014-10-30;34.939998626708984;36.685001373291016;34.625;36.22999954223633;16570400;34.23659896850586
2014-10-31;38.16999816894531;38.185001373291016;37.17499923706055;37.814998626708984;17234600;35.7343864440918
2014-11-03;37.994998931884766;38.60499954223633;37.189998626708984;37.66999816894531;14973400;35.597354888916016
2014-11-04;37.209999084472656;37.779998779296875;36.6150016784668;37.125;12986000;35.08234405517578
2014-11-05;37.92499923706055;37.9900016784668;36.8650016784668;37.290000915527344;21247600;35.2382698059082
2014-11-06;37.290000915527344;37.775001525878906;36.86000061035156;37.75;14847800;35.67296600341797
2014-11-07;37.650001525878906;37.939998626708984;36.994998931884766;37.939998626708984;13812800;35.852508544921875
2014-11-10;37.935001373291016;38.5;37.71500015258789;38.5;13918200;36.38169860839844
2014-11-11;38.3650016784668;38.650001525878906;38.1150016784668;38.59000015258789;14523600;36.46674346923828
2014-11-12;37.935001373291016;39.29999923706055;37.89500045776367;39.119998931884766;17281800;36.96758270263672
2014-11-13;39.154998779296875;39.459999084472656;37.8650016784668;38.165000915527344;22715600;36.06512451171875
2014-11-14;38.17499923706055;38.435001373291016;37.6150016784668;37.939998626708984;16149000;35.852508544921875
2014-11-17;37.83000183105469;38.150001525878906;36.95000076293945;36.974998474121094;16967800;34.94059371948242
2014-11-18;37.404998779296875;38.310001373291016;37.36000061035156;37.595001220703125;17353800;35.526485443115234
2014-11-19;37.470001220703125;37.470001220703125;35.67499923706055;36.435001373291016;17540600;34.4303092956543
2014-11-20;35.92499923706055;37.6349983215332;35.92499923706055;37.630001068115234;15215400;35.5595588684082
2014-11-21;39.21500015258789;39.23500061035156;37.3650016784668;37.76499938964844;15476000;35.687129974365234
2014-11-24;37.94499969482422;39.165000915527344;37.834999084472656;39.1349983215332;12786400;36.98175811767578
2014-11-25;39.314998626708984;39.89500045776367;38.66999816894531;39.13999938964844;10728200;36.98648452758789
2014-11-26;39.18000030517578;39.61000061035156;38.96500015258789;39.540000915527344;8389800;37.364471435546875
2014-11-28;39.59000015258789;39.625;37.71500015258789;37.90999984741211;7199800;35.82415008544922
2014-12-01;37.470001220703125;37.619998931884766;36.0099983215332;36.05500030517578;13972600;34.07121276855469
2014-12-02;36.16999816894531;37.70000076293945;36.154998779296875;37.310001373291016;12742600;35.25716781616211
2014-12-03;37.3650016784668;38.73500061035156;37.10499954223633;38.44499969482422;11593000;36.3297233581543
2014-12-04;38.22999954223633;38.334999084472656;37.29499816894531;37.8650016784668;11744800;35.78163528442383
2014-12-05;38.279998779296875;38.97999954223633;38.01499938964844;38.689998626708984;11416600;36.56123733520508
2014-12-08;38.29999923706055;39.3650016784668;36.900001525878906;37.275001525878906;13756000;35.22410202026367
2014-12-09;36.04499816894531;39.220001220703125;35.845001220703125;39.16999816894531;16297800;37.014835357666016
2014-12-10;38.69499969482422;39.099998474121094;36.55500030517578;36.720001220703125;20704400;34.69963455200195
2014-12-11;36.915000915527344;38.290000915527344;36.584999084472656;36.869998931884766;17087200;35.07059860229492
2014-12-12;35.52000045776367;36.69499969482422;35.380001068115234;35.494998931884766;19760600;33.7627067565918
2014-12-15;36.025001525878906;36.41999816894531;34.04499816894531;34.41999816894531;21059600;32.74016189575195
2014-12-16;34.18000030517578;36.0;33.915000915527344;34.26499938964844;18704800;32.59273910522461
2014-12-17;34.47999954223633;37.474998474121094;34.345001220703125;37.40999984741211;22698800;35.584232330322266
2014-12-18;38.89500045776367;39.154998779296875;37.95000076293945;39.040000915527344;16336200;37.13469314575195
2014-12-19;39.04999923706055;39.8849983215332;38.595001220703125;39.404998779296875;15654000;37.481876373291016
2014-12-22;39.625;40.119998931884766;39.2599983215332;40.099998474121094;13273000;38.14295196533203
2014-12-23;40.80500030517578;40.834999084472656;39.875;40.275001525878906;10095600;38.30942153930664
2014-12-24;40.51499938964844;40.915000915527344;40.125;40.59000015258789;4937600;38.60905075073242
2014-12-26;41.0;41.685001373291016;40.91999816894531;41.36000061035156;7053800;39.34145736694336
2014-12-29;41.459999084472656;42.279998779296875;41.459999084472656;41.974998474121094;8885200;39.926456451416016
2014-12-30;41.630001068115234;42.13999938964844;41.14500045776367;41.220001220703125;10478000;39.20830535888672
2014-12-31;41.665000915527344;42.28499984741211;40.375;40.46500015258789;12731000;38.49012756347656
2015-01-02;40.900001525878906;41.400001525878906;38.71500015258789;39.78499984741211;19020000;37.843318939208984
2015-01-05;39.04499816894531;39.54499816894531;37.6349983215332;38.2599983215332;20320200;36.39274978637695
2015-01-06;38.439998626708984;38.59000015258789;35.275001525878906;36.185001373291016;28085600;34.41903305053711
2015-01-07;36.904998779296875;37.529998779296875;36.36000061035156;37.5;14752800;35.669864654541016
2015-01-08;38.38999938964844;39.525001525878906;38.19499969482422;39.375;12130200;37.453346252441406
2015-01-09;39.529998779296875;39.529998779296875;38.025001525878906;38.33000183105469;15209000;36.45934295654297
2015-01-12;38.474998474121094;38.73500061035156;36.974998474121094;37.915000915527344;13302200;36.06459426879883
2015-01-13;38.834999084472656;40.0;36.60499954223633;37.9900016784668;21702000;36.13594436645508
2015-01-14;36.75;37.81999969482422;36.33000183105469;37.56999969482422;19042600;35.73643493652344
2015-01-15;37.94499969482422;38.099998474121094;35.314998626708984;35.54999923706055;22818800;33.81502151489258
2015-01-16;35.25;37.54499816894531;35.04999923706055;37.30500030517578;17675800;35.48435974121094
2015-01-20;37.459999084472656;37.70000076293945;35.915000915527344;36.89500045776367;17779800;35.094383239746094
2015-01-21;36.48500061035156;37.439998626708984;36.0099983215332;36.4900016784668;17461800;34.70915222167969
2015-01-22;37.15999984741211;38.744998931884766;35.814998626708984;38.70000076293945;19764200;36.811279296875
2015-01-23;38.7599983215332;39.255001068115234;38.09000015258789;38.64500045776367;12625000;36.75896453857422
2015-01-26;38.43000030517578;39.7400016784668;37.625;39.7400016784668;11552000;37.80051803588867
2015-01-27;38.39500045776367;39.7400016784668;38.13999938964844;39.165000915527344;20847400;37.25358963012695
2015-01-28;39.68000030517578;39.93000030517578;36.8650016784668;37.220001220703125;22020200;35.40351486206055
2015-01-29;37.529998779296875;38.744998931884766;36.65999984741211;38.7400016784668;19038600;36.849334716796875
2015-01-30;37.939998626708984;38.42499923706055;36.13999938964844;36.244998931884766;22915400;34.476097106933594
2015-02-02;36.595001220703125;37.25;34.98500061035156;37.13999938964844;22298200;35.32742691040039
2015-02-03;37.7400016784668;39.310001373291016;37.68000030517578;39.14500045776367;19658600;37.23456573486328
2015-02-04;38.76499938964844;39.54999923706055;38.435001373291016;38.720001220703125;16227600;36.83030700683594
2015-02-05;39.1150016784668;40.53499984741211;38.92499923706055;40.21500015258789;12611600;38.252349853515625
2015-02-06;40.36000061035156;41.099998474121094;39.625;40.08000183105469;13487800;38.12394332885742
2015-02-09;39.654998779296875;40.5;39.0099983215332;39.1349983215332;13368200;37.225059509277344
2015-02-10;39.82500076293945;40.09000015258789;38.404998779296875;39.86000061035156;14170600;37.914669036865234
2015-02-11;39.60499954223633;40.07500076293945;38.900001525878906;39.720001220703125;13346200;37.781517028808594
2015-02-12;40.415000915527344;41.154998779296875;40.095001220703125;41.03499984741211;11047400;39.032325744628906
2015-02-13;41.13999938964844;41.939998626708984;40.904998779296875;41.77000045776367;12646800;39.731449127197266
2015-02-17;41.90999984741211;42.31999969482422;41.4900016784668;42.119998931884766;9352800;40.06438446044922
2015-02-18;41.814998626708984;42.314998626708984;41.3849983215332;42.22999954223633;9362400;40.169002532958984
2015-02-19;42.025001525878906;42.665000915527344;41.790000915527344;42.349998474121094;10994800;40.28316116333008
2015-02-20;42.099998474121094;42.79999923706055;41.1349983215332;42.630001068115234;13326000;40.54948806762695
2015-02-23;42.38999938964844;42.810001373291016;41.525001525878906;42.79499816894531;10995000;40.70643615722656
2015-02-24;42.755001068115234;43.3650016784668;42.47999954223633;42.904998779296875;9489600;40.81106185913086
2015-02-25;42.869998931884766;43.334999084472656;42.505001068115234;43.060001373291016;8496400;40.95849609375
2015-02-26;43.0;43.6150016784668;42.599998474121094;43.505001068115234;9346400;41.381778717041016
2015-02-27;43.310001373291016;43.66999816894531;42.814998626708984;42.814998626708984;9374000;40.725460052490234
2015-03-02;42.85499954223633;44.099998474121094;42.810001373291016;43.82500076293945;11430600;41.68616485595703
2015-03-03;43.470001220703125;43.4900016784668;42.51499938964844;43.04499816894531;11565400;40.94422912597656
2015-03-04;42.435001373291016;42.849998474121094;41.834999084472656;42.64500045776367;12632000;40.56374740600586
2015-03-05;42.810001373291016;43.17499923706055;42.14500045776367;42.974998474121094;10122200;40.87764358520508
2015-03-06;42.20500183105469;42.94499969482422;41.04999923706055;41.334999084472656;15781800;39.31768798828125
2015-03-09;41.54499816894531;42.084999084472656;41.290000915527344;41.849998474121094;9984000;39.807552337646484
2015-03-10;40.779998779296875;40.81999969482422;39.96500015258789;40.404998779296875;13494800;38.43306350708008
2015-03-11;40.599998474121094;41.27000045776367;40.02000045776367;41.19499969482422;13398400;39.18452072143555
2015-03-12;41.96500015258789;43.29499816894531;41.875;43.154998779296875;12269200;41.04886245727539
2015-03-13;43.09000015258789;43.36000061035156;41.29499816894531;42.744998931884766;13583400;40.65886688232422
2015-03-16;43.255001068115234;43.75;43.025001525878906;43.474998474121094;9251400;41.353248596191406
2015-03-17;43.10499954223633;43.96500015258789;42.900001525878906;43.79499816894531;9288200;41.65762710571289
2015-03-18;43.54999923706055;45.380001068115234;43.0;44.85499954223633;11672600;42.6658935546875
2015-03-19;44.584999084472656;45.224998474121094;44.53499984741211;45.150001525878906;8745200;42.946495056152344
2015-03-20;45.650001525878906;46.52000045776367;45.625;46.29499816894531;8599800;44.03561782836914
2015-03-23;46.290000915527344;46.685001373291016;46.1150016784668;46.19499969482422;8017400;43.94049835205078
2015-03-24;46.119998931884766;46.68000030517578;45.974998474121094;46.17499923706055;7397800;43.92146682739258
2015-03-25;46.220001220703125;46.31999969482422;42.810001373291016;42.95000076293945;15098600;40.85386276245117
2015-03-26;42.505001068115234;43.349998474121094;41.92499923706055;42.77000045776367;12767200;40.682655334472656
2015-03-27;42.814998626708984;43.67499923706055;42.25;43.525001525878906;7516800;41.40080642700195
2015-03-30;44.20000076293945;45.525001525878906;44.17499923706055;45.279998779296875;7470400;43.070152282714844
2015-03-31;44.755001068115234;45.23500061035156;44.349998474121094;44.900001525878906;8638600;42.708702087402344
2015-04-01;44.75;44.8849983215332;43.33000183105469;44.85499954223633;12348800;42.6658935546875
2015-04-02;44.85499954223633;45.83000183105469;44.78499984741211;45.13999938964844;8683000;42.936988830566406
2015-04-06;44.369998931884766;46.04999923706055;44.334999084472656;45.75;8122400;43.51721954345703
2015-04-07;45.505001068115234;46.07500076293945;44.84000015258789;44.86000061035156;7339000;42.670654296875
2015-04-08;44.869998931884766;46.23500061035156;44.8650016784668;45.97999954223633;9727800;43.736000061035156
2015-04-09;45.869998931884766;46.32500076293945;44.19499969482422;45.55500030517578;10671400;43.33173370361328
2015-04-10;46.01499938964844;46.3650016784668;45.75;46.154998779296875;6269400;43.90244674682617
2015-04-13;46.27000045776367;47.0099983215332;46.14500045776367;46.290000915527344;7198400;44.03085708618164
2015-04-14;46.33000183105469;46.69499969482422;45.2599983215332;46.23500061035156;8719400;43.978546142578125
2015-04-15;46.7599983215332;47.834999084472656;46.51499938964844;47.279998779296875;7167600;44.9725456237793
2015-04-16;47.11000061035156;47.41999816894531;46.76499938964844;47.11000061035156;5750600;44.81085205078125
2015-04-17;45.61000061035156;46.09000015258789;44.189998626708984;44.84000015258789;14291000;42.65163040161133
2015-04-20;45.52000045776367;46.46500015258789;45.28499984741211;46.09000015258789;9142600;43.84062576293945
2015-04-21;46.564998626708984;46.79499816894531;45.88999938964844;45.94499969482422;7424000;43.70269775390625
2015-04-22;45.994998931884766;46.380001068115234;44.8650016784668;46.18000030517578;9090600;43.92622756958008
2015-04-23;45.94499969482422;47.095001220703125;45.71500015258789;46.775001525878906;8769800;44.49219512939453
2015-04-24;46.869998931884766;47.01499938964844;46.17499923706055;46.369998931884766;6063400;44.10695266723633
2015-04-27;46.72999954223633;47.5;44.3650016784668;44.80500030517578;13681400;42.61833572387695
2015-04-28;44.904998779296875;45.79499816894531;43.525001525878906;45.529998779296875;10814000;43.307960510253906
2015-04-29;44.790000915527344;45.27000045776367;43.90999984741211;44.150001525878906;12407800;41.99531173706055
2015-04-30;43.31999969482422;43.71500015258789;40.7599983215332;41.35499954223633;18661600;39.336708068847656
2015-05-01;41.625;42.27000045776367;41.005001068115234;42.04999923706055;11743200;39.99778747558594
2015-05-04;42.27000045776367;43.4900016784668;41.93000030517578;42.529998779296875;11331800;40.45436096191406
2015-05-05;42.459999084472656;42.76499938964844;40.345001220703125;40.90999984741211;16365200;38.913421630859375
2015-05-06;41.15999984741211;41.540000915527344;40.29499816894531;41.29999923706055;12996600;39.284400939941406
2015-05-07;41.224998474121094;42.275001525878906;40.630001068115234;41.79499816894531;11195400;39.7552375793457
2015-05-08;43.03499984741211;43.31999969482422;42.459999084472656;42.685001373291016;10076200;40.601802825927734
2015-05-11;42.665000915527344;43.755001068115234;42.505001068115234;42.7599983215332;9811200;40.67314529418945
2015-05-12;42.400001525878906;42.98500061035156;40.875;42.599998474121094;12580800;40.52095031738281
2015-05-13;42.85499954223633;43.29999923706055;42.029998779296875;42.54999923706055;9053200;40.473388671875
2015-05-14;43.13999938964844;43.95500183105469;42.5099983215332;43.81999969482422;11888600;41.68140411376953
2015-05-15;43.63999938964844;43.79999923706055;43.005001068115234;43.73500061035156;8867600;41.60055923461914
2015-05-18;43.505001068115234;45.33000183105469;43.22999954223633;45.16999816894531;9101800;42.96552658081055
2015-05-19;44.95000076293945;45.21500015258789;44.435001373291016;45.04999923706055;7427000;42.85137176513672
2015-05-20;45.345001220703125;45.650001525878906;44.470001220703125;45.25;8526200;43.04161834716797
2015-05-21;45.130001068115234;45.665000915527344;44.599998474121094;45.119998931884766;7948600;42.91796875
2015-05-22;44.904998779296875;45.404998779296875;44.09000015258789;44.529998779296875;6900200;42.35676193237305
2015-05-26;44.02000045776367;44.1349983215332;42.51499938964844;43.2599983215332;11012800;41.148738861083984
2015-05-27;43.400001525878906;44.970001220703125;42.814998626708984;44.869998931884766;8350800;42.6801643371582
2015-05-28;44.53499984741211;44.78499984741211;43.80500030517578;44.775001525878906;8571000;42.58980941772461
2015-05-29;44.689998626708984;44.790000915527344;43.31999969482422;43.90999984741211;10178400;41.76701354980469
2015-06-01;44.75;44.97999954223633;43.029998779296875;44.349998474121094;12254200;42.185543060302734
2015-06-02;43.755001068115234;45.42499923706055;43.48500061035156;44.60499954223633;9054000;42.428104400634766
2015-06-03;44.810001373291016;46.084999084472656;44.4900016784668;45.90999984741211;10759800;43.66941452026367
2015-06-04;45.20500183105469;45.7599983215332;44.08000183105469;44.59000015258789;12850600;42.41383361816406
2015-06-05;44.20500183105469;45.60499954223633;43.29499816894531;45.4900016784668;12310600;43.2699089050293
2015-06-08;45.34000015258789;45.724998474121094;44.595001220703125;44.904998779296875;9315600;42.71345138549805
2015-06-09;44.78499984741211;44.90999984741211;43.459999084472656;44.38999938964844;9975800;42.22359848022461
2015-06-10;44.974998474121094;46.59000015258789;44.8650016784668;46.04499816894531;10730800;43.797813415527344
2015-06-11;46.275001525878906;46.689998626708984;46.005001068115234;46.40999984741211;7161800;44.14500427246094
2015-06-12;46.005001068115234;46.25;45.47999954223633;46.0099983215332;8071800;43.7645263671875
2015-06-15;45.130001068115234;45.8849983215332;43.86000061035156;45.625;11517200;43.3983268737793
2015-06-16;45.404998779296875;46.78499984741211;45.375;46.52000045776367;9441200;44.2496337890625
2015-06-17;46.8849983215332;47.125;46.064998626708984;46.33000183105469;9521800;44.06892395019531
2015-06-18;46.9900016784668;48.529998779296875;46.8849983215332;48.189998626708984;9196600;45.83812713623047
2015-06-19;48.14500045776367;48.44499969482422;47.80500030517578;48.060001373291016;4565800;45.71449661254883
2015-06-22;48.755001068115234;49.22999954223633;48.435001373291016;49.060001373291016;6466600;46.665672302246094
2015-06-23;49.025001525878906;49.48500061035156;48.720001220703125;49.345001220703125;5043200;46.936767578125
2015-06-24;49.125;49.5;47.970001220703125;48.1349983215332;6868200;45.78581237792969
2015-06-25;48.64500045776367;48.71500015258789;47.42499923706055;48.04999923706055;5954200;45.7049674987793
2015-06-26;48.35499954223633;48.6150016784668;46.95000076293945;47.709999084472656;8220600;45.381568908691406
2015-06-29;46.709999084472656;47.185001373291016;43.915000915527344;44.095001220703125;12707800;41.94298553466797
2015-06-30;45.060001373291016;45.150001525878906;44.095001220703125;44.69499969482422;9395800;42.51369857788086
2015-07-01;45.630001068115234;46.064998626708984;44.345001220703125;45.095001220703125;9165000;42.89418411254883
2015-07-02;45.14500045776367;45.334999084472656;43.625;44.06999969482422;7484600;41.919212341308594
2015-07-06;43.125;44.82500076293945;43.01499938964844;44.02000045776367;8656400;41.871646881103516
2015-07-07;44.189998626708984;44.26499938964844;41.67499923706055;44.154998779296875;13622400;42.00006103515625
2015-07-08;42.994998931884766;43.595001220703125;41.40999984741211;42.220001220703125;11474800;40.159507751464844
2015-07-09;43.5099983215332;43.72999954223633;42.43000030517578;42.584999084472656;8195600;40.50667953491211
2015-07-10;44.07500076293945;44.564998626708984;43.54999923706055;44.375;7373600;42.209327697753906
2015-07-13;45.025001525878906;45.959999084472656;45.0099983215332;45.83000183105469;7419000;43.59330368041992
2015-07-14;45.775001525878906;46.880001068115234;45.70000076293945;46.58000183105469;5702800;44.30671691894531
2015-07-15;46.71500015258789;46.880001068115234;45.540000915527344;45.900001525878906;6599600;43.65990447998047
2015-07-16;46.5;47.14500045776367;46.314998626708984;46.720001220703125;6036400;44.43988037109375
2015-07-17;46.724998474121094;46.75;45.6349983215332;46.0;6634200;43.75501251220703
2015-07-20;46.1150016784668;46.15999984741211;44.994998931884766;45.29499816894531;6407200;43.08442687988281
2015-07-21;45.29999923706055;46.084999084472656;44.290000915527344;44.654998779296875;7839800;42.47566223144531
2015-07-22;44.25;45.32500076293945;44.025001525878906;45.165000915527344;6578600;42.96076583862305
2015-07-23;45.19499969482422;45.630001068115234;43.415000915527344;43.71500015258789;10310000;41.581539154052734
2015-07-24;43.53499984741211;43.80500030517578;41.5;41.64500045776367;11996800;39.61256408691406
2015-07-27;41.095001220703125;41.310001373291016;40.23500061035156;40.59000015258789;11132000;38.60905075073242
2015-07-28;40.875;41.779998779296875;39.28499984741211;41.55500030517578;13733200;39.526954650878906
2015-07-29;41.345001220703125;42.30500030517578;40.93000030517578;41.94499969482422;8763200;39.89792251586914
2015-07-30;41.599998474121094;42.42499923706055;40.95500183105469;42.290000915527344;7582600;40.226078033447266
2015-07-31;42.435001373291016;43.65999984741211;42.189998626708984;42.90999984741211;8729000;40.81582260131836
2015-08-03;42.974998474121094;43.1349983215332;41.38999938964844;42.30500030517578;8856800;40.24034881591797
2015-08-04;42.35499954223633;42.935001373291016;41.560001373291016;42.0;7453800;39.950233459472656
2015-08-05;42.599998474121094;43.52000045776367;41.875;42.2599983215332;8152400;40.197540283203125
2015-08-06;42.435001373291016;42.619998931884766;39.654998779296875;40.60499954223633;10858600;38.623313903808594
2015-08-07;40.040000915527344;40.345001220703125;38.970001220703125;39.814998626708984;9382600;37.87186813354492
2015-08-10;40.2400016784668;41.380001068115234;40.20000076293945;41.119998931884766;7717800;39.11318588256836
2015-08-11;40.334999084472656;40.935001373291016;39.5;40.07500076293945;11995800;38.119171142578125
2015-08-12;39.380001068115234;40.18000030517578;37.834999084472656;39.8849983215332;14436600;37.93845748901367
2015-08-13;39.959999084472656;40.43000030517578;39.25;39.470001220703125;7886400;37.5437126159668
2015-08-14;39.349998474121094;40.29999923706055;38.875;40.209999084472656;6236200;38.247596740722656
2015-08-17;39.86000061035156;41.494998931884766;39.415000915527344;41.404998779296875;8163000;39.384273529052734
2015-08-18;41.244998931884766;41.27000045776367;40.314998626708984;40.505001068115234;6928000;38.528194427490234
2015-08-19;39.70500183105469;40.28499984741211;38.55500030517578;39.23500061035156;16552200;37.32018280029297
2015-08-20;38.18000030517578;38.42499923706055;36.26499938964844;36.29499816894531;15680200;34.52366256713867
2015-08-21;35.095001220703125;36.494998931884766;34.36000061035156;34.974998474121094;23765400;33.26807403564453
2015-08-24;30.235000610351562;34.255001068115234;29.604999542236328;30.954999923706055;21158000;29.444272994995117
2015-08-25;33.869998931884766;33.869998931884766;30.100000381469727;30.170000076293945;18195400;28.697586059570312
2015-08-26;31.905000686645508;32.6150016784668;29.924999237060547;32.44499969482422;19688600;30.861555099487305
2015-08-27;33.189998626708984;34.71500015258789;32.349998474121094;34.20500183105469;17802200;32.535667419433594
2015-08-28;34.029998779296875;35.22999954223633;33.91999816894531;35.17499923706055;10798400;33.45831298828125
2015-08-31;34.709999084472656;35.529998779296875;34.38999938964844;34.79499816894531;10274400;33.09686279296875
2015-09-01;32.959999084472656;33.81999969482422;31.584999084472656;32.0;14303200;30.43826675415039
2015-09-02;33.119998931884766;33.57500076293945;31.954999923706055;33.53499984741211;10066400;31.898366928100586
2015-09-03;33.689998626708984;34.599998474121094;33.20500183105469;33.35499954223633;10630800;31.727136611938477
2015-09-04;32.33000183105469;33.334999084472656;32.084999084472656;32.61000061035156;7565600;31.018508911132812
2015-09-08;34.05500030517578;34.92499923706055;33.66999816894531;34.790000915527344;7101200;33.09211349487305
2015-09-09;35.505001068115234;35.70000076293945;33.53499984741211;33.654998779296875;9857400;32.01250457763672
2015-09-10;33.314998626708984;34.64500045776367;33.279998779296875;34.119998931884766;6665800;32.454811096191406
2015-09-11;33.650001525878906;34.560001373291016;33.209999084472656;34.540000915527344;5942600;32.85430908203125
2015-09-14;34.84000015258789;34.8849983215332;33.89500045776367;34.084999084472656;4511000;32.421512603759766
2015-09-15;34.29999923706055;35.439998626708984;34.17499923706055;35.220001220703125;6069600;33.501129150390625
2015-09-16;35.25;36.189998626708984;35.07500076293945;36.09000015258789;5687800;34.32866287231445
2015-09-17;36.099998474121094;37.91999816894531;35.8849983215332;36.53499984741211;10053600;34.75194549560547
2015-09-18;35.084999084472656;36.04499816894531;34.70000076293945;35.0;10383800;33.2918586730957
2015-09-21;35.75;36.404998779296875;34.42499923706055;34.84000015258789;9932000;33.13967514038086
2015-09-22;33.83000183105469;34.1150016784668;32.599998474121094;33.26499938964844;10998800;31.641529083251953
2015-09-23;33.45000076293945;33.79999923706055;32.619998931884766;32.935001373291016;7299600;31.327648162841797
2015-09-24;32.345001220703125;32.92499923706055;31.594999313354492;32.779998779296875;11375600;31.180204391479492
2015-09-25;33.54999923706055;33.630001068115234;31.065000534057617;31.459999084472656;10620200;29.924623489379883
2015-09-28;31.165000915527344;31.25;28.5049991607666;28.834999084472656;18838400;27.427738189697266
2015-09-29;28.809999465942383;29.469999313354492;27.780000686645508;28.25;13817800;26.87128257751465
2015-09-30;28.979999542236328;29.690000534057617;28.5049991607666;29.5;13057600;28.060287475585938
2015-10-01;29.639999389648438;29.899999618530273;28.084999084472656;29.344999313354492;12156400;27.9128475189209
2015-10-02;28.549999237060547;30.649999618530273;27.850000381469727;30.614999771118164;16522600;29.120861053466797
2015-10-05;31.4950008392334;32.9900016784668;31.415000915527344;32.79999923706055;10509800;31.19922637939453
2015-10-06;32.78499984741211;33.189998626708984;31.53499984741211;32.16999816894531;8474800;30.599973678588867
2015-10-07;32.68000030517578;33.880001068115234;32.279998779296875;33.82500076293945;9566000;32.174198150634766
2015-10-08;33.755001068115234;34.9900016784668;33.39500045776367;34.79999923706055;9932000;33.101619720458984
2015-10-09;34.91999816894531;35.334999084472656;34.665000915527344;34.93000030517578;8644800;33.225276947021484
2015-10-12;35.025001525878906;35.185001373291016;34.380001068115234;34.85499954223633;4413200;33.1539421081543
2015-10-13;34.38999938964844;35.474998474121094;33.36000061035156;33.375;8533800;31.746170043945312
2015-10-14;33.470001220703125;34.06999969482422;32.28499984741211;32.46500015258789;10185600;30.880578994750977
2015-10-15;32.69499969482422;34.709999084472656;32.23500061035156;34.66999816894531;9592200;32.97795867919922
2015-10-16;34.904998779296875;34.935001373291016;33.709999084472656;34.55500030517578;7989600;32.86857604980469
2015-10-19;34.150001525878906;35.30500030517578;33.91999816894531;34.790000915527344;7621600;33.09211349487305
2015-10-20;34.709999084472656;35.3849983215332;34.25;34.65999984741211;7607200;32.96845245361328
2015-10-21;35.06999969482422;35.084999084472656;33.0099983215332;33.08000183105469;11472400;31.4655704498291
2015-10-22;33.665000915527344;34.540000915527344;33.07500076293945;33.91999816894531;11171000;32.26456832885742
2015-10-23;34.75;35.09000015258789;33.93000030517578;34.88999938964844;10370600;33.187232971191406
2015-10-26;34.689998626708984;34.95500183105469;34.10499954223633;34.26499938964844;6992000;32.59273910522461
2015-10-27;33.84000015258789;34.05500030517578;32.474998474121094;33.150001525878906;9406000;31.53215789794922
2015-10-28;33.404998779296875;35.98500061035156;33.209999084472656;35.93000030517578;17303000;34.17647933959961
2015-10-29;35.68000030517578;35.959999084472656;34.540000915527344;34.78499984741211;10397600;33.08736038208008
2015-10-30;34.560001373291016;34.974998474121094;34.130001068115234;34.380001068115234;8815400;32.702117919921875
2015-11-02;34.43000030517578;36.77000045776367;34.42499923706055;36.470001220703125;9924600;34.69011688232422
2015-11-03;36.3650016784668;37.665000915527344;36.154998779296875;37.025001525878906;9176200;35.218040466308594
2015-11-04;37.29499816894531;37.63999938964844;36.43000030517578;36.98500061035156;7645800;35.17998504638672
2015-11-05;36.959999084472656;37.255001068115234;35.86000061035156;37.060001373291016;7979600;35.25132751464844
2015-11-06;36.72999954223633;37.959999084472656;36.040000915527344;37.84000015258789;9407400;35.993255615234375
2015-11-09;37.70000076293945;37.88999938964844;36.0;36.51499938964844;12335000;34.732913970947266
2015-11-10;36.04999923706055;36.814998626708984;35.71500015258789;36.79999923706055;7813800;35.00400924682617
2015-11-11;36.96500015258789;36.974998474121094;35.83000183105469;35.880001068115234;7559400;34.128910064697266
2015-11-12;35.119998931884766;35.26499938964844;33.65999984741211;33.79999923706055;13204800;32.150421142578125
2015-11-13;33.400001525878906;34.189998626708984;32.709999084472656;33.05500030517578;14034200;31.441783905029297
2015-11-16;32.9900016784668;33.91999816894531;32.46500015258789;33.89500045776367;8951600;32.240787506103516
2015-11-17;34.0;34.869998931884766;33.375;33.53499984741211;10162600;31.898366928100586
2015-11-18;33.83000183105469;35.28499984741211;33.44499969482422;35.20000076293945;10627600;33.48210525512695
2015-11-19;35.099998474121094;35.310001373291016;34.494998931884766;34.7599983215332;6523800;33.06357192993164
2015-11-20;35.1349983215332;35.92499923706055;35.04999923706055;35.41999816894531;6514400;33.69136428833008
2015-11-23;35.369998931884766;36.40999984741211;35.32500076293945;35.939998626708984;6756600;34.18599319458008
2015-11-24;35.4900016784668;36.900001525878906;35.20500183105469;36.709999084472656;10440000;34.91840362548828
2015-11-25;36.7599983215332;37.72999954223633;36.60499954223633;37.59000015258789;7473400;35.75545883178711
2015-11-27;37.70000076293945;38.279998779296875;37.32500076293945;37.974998474121094;4221800;36.12166213989258
2015-11-30;38.400001525878906;38.439998626708984;37.47999954223633;37.529998779296875;7704200;35.69837951660156
2015-12-01;38.0099983215332;38.279998779296875;37.33000183105469;38.224998474121094;9856400;36.35947799682617
2015-12-02;38.099998474121094;38.404998779296875;36.915000915527344;37.06999969482422;10136200;35.260841369628906
2015-12-03;37.334999084472656;37.84000015258789;34.75;35.18000030517578;13361600;33.463077545166016
2015-12-04;35.150001525878906;36.35499954223633;34.935001373291016;36.224998474121094;11073800;34.45707702636719
2015-12-07;36.08000183105469;36.099998474121094;34.13999938964844;34.58000183105469;12224600;32.892364501953125
2015-12-08;33.6150016784668;34.59000015258789;33.220001220703125;34.084999084472656;10038600;32.421512603759766
2015-12-09;33.724998474121094;34.720001220703125;32.4900016784668;32.900001525878906;12761800;31.294343948364258
2015-12-10;32.744998931884766;33.72999954223633;32.5099983215332;33.19499969482422;7820800;31.574954986572266
2015-12-11;32.18000030517578;32.23500061035156;30.674999237060547;31.0;17751400;29.48707389831543
2015-12-14;30.985000610351562;31.3700008392334;29.645000457763672;30.3700008392334;18655400;28.887826919555664
2015-12-15;30.790000915527344;31.809999465942383;30.700000762939453;31.594999313354492;11341400;30.05303955078125
2015-12-16;32.26499938964844;33.224998474121094;31.71500015258789;33.060001373291016;15261800;31.446533203125
2015-12-17;33.47999954223633;33.4900016784668;31.80500030517578;31.9950008392334;12298000;30.433517456054688
2015-12-18;31.549999237060547;31.725000381469727;30.524999618530273;30.524999618530273;12021000;29.035261154174805
2015-12-21;31.100000381469727;31.485000610351562;30.56999969482422;31.219999313354492;7746800;29.696334838867188
2015-12-22;31.489999771118164;32.209999084472656;30.790000915527344;32.060001373291016;9234800;30.495346069335938
2015-12-23;32.560001373291016;33.41999816894531;32.38999938964844;33.290000915527344;7849800;31.66531753540039
2015-12-24;33.375;34.0099983215332;33.14500045776367;33.45500183105469;3656000;31.822263717651367
2015-12-28;33.0;33.04499816894531;32.11000061035156;32.95000076293945;5866000;31.34190559387207
2015-12-29;33.3849983215332;34.10499954223633;33.08000183105469;34.02000045776367;7248600;32.35968780517578
2015-12-30;33.939998626708984;34.165000915527344;33.02000045776367;33.02000045776367;5849200;31.408493041992188
2015-12-31;32.61000061035156;32.959999084472656;31.764999389648438;31.764999389648438;9530600;30.21474266052246
2016-01-04;30.100000381469727;30.274999618530273;28.81999969482422;29.59000015258789;18048400;28.14588737487793
2016-01-05;29.905000686645508;30.03499984741211;29.219999313354492;29.739999771118164;12900400;28.288572311401367
2016-01-06;28.5;29.25;27.96500015258789;28.415000915527344;16642000;27.028240203857422
2016-01-07;26.96500015258789;27.575000762939453;26.0049991607666;26.1299991607666;19326200;24.854751586914062
2016-01-08;26.34000015258789;26.739999771118164;24.649999618530273;24.760000228881836;16917200;23.55161476135254
2016-01-11;25.020000457763672;25.434999465942383;23.68000030517578;24.489999771118164;18086200;23.294788360595703
2016-01-12;25.030000686645508;25.56999969482422;23.424999237060547;24.665000915527344;17098800;23.46124839782715
2016-01-13;24.809999465942383;25.165000915527344;21.780000686645508;22.28499984741211;19574600;21.197399139404297
2016-01-14;22.665000915527344;23.825000762939453;21.5;23.190000534057617;18142000;22.0582332611084
2016-01-15;21.350000381469727;22.174999237060547;20.28499984741211;22.03499984741211;23065600;20.959606170654297
2016-01-19;22.709999084472656;22.760000228881836;20.489999771118164;21.19499969482422;21486600;20.160594940185547
2016-01-20;20.325000762939453;22.155000686645508;18.80500030517578;21.469999313354492;28079000;20.422178268432617
2016-01-21;21.559999465942383;22.545000076293945;20.90999984741211;21.290000915527344;19442200;20.250965118408203
2016-01-22;22.389999389648438;22.9950008392334;22.045000076293945;22.81999969482422;17211000;21.706295013427734
2016-01-25;22.40999984741211;22.649999618530273;21.145000457763672;21.34000015258789;12984800;20.298524856567383
2016-01-26;21.565000534057617;22.770000457763672;21.360000610351562;22.56999969482422;18086800;21.468494415283203
2016-01-27;22.2549991607666;22.920000076293945;21.229999542236328;21.65999984741211;20281800;20.602903366088867
2016-01-28;22.204999923706055;22.434999465942383;21.334999084472656;21.645000457763672;18844400;20.588638305664062
2016-01-29;21.8799991607666;23.75;21.829999923706055;23.725000381469727;17762800;22.56712532043457
2016-02-01;23.19499969482422;23.844999313354492;22.59000015258789;23.424999237060547;18595400;22.281766891479492
2016-02-02;22.635000228881836;22.739999771118164;21.59000015258789;21.93000030517578;20935000;20.85972785949707
2016-02-03;22.399999618530273;22.440000534057617;20.53499984741211;21.989999771118164;19879400;20.91680145263672
2016-02-04;21.735000610351562;23.014999389648438;21.725000381469727;22.235000610351562;21728000;21.14984130859375
2016-02-05;21.934999465942383;22.014999389648438;20.385000228881836;20.424999237060547;23851800;19.428178787231445
2016-02-08;19.770000457763672;19.780000686645508;18.5;19.389999389648438;26895400;18.443689346313477
2016-02-09;18.604999542236328;19.829999923706055;18.575000762939453;19.049999237060547;26670400;18.120285034179688
2016-02-10;19.450000762939453;20.280000686645508;18.959999084472656;19.020000457763672;25335000;18.091747283935547
2016-02-11;18.0;18.78499984741211;17.760000228881836;18.434999465942383;32891000;17.53529930114746
2016-02-12;18.94499969482422;19.56999969482422;18.655000686645508;19.479999542236328;21767200;18.529298782348633
2016-02-16;20.174999237060547;20.975000381469727;19.850000381469727;20.875;18493000;19.856216430664062
2016-02-17;21.274999618530273;22.2450008392334;21.260000228881836;21.81999969482422;16681600;20.755096435546875
2016-02-18;21.8799991607666;21.954999923706055;21.25;21.469999313354492;14098600;20.422178268432617
2016-02-19;21.2549991607666;21.905000686645508;20.975000381469727;21.829999923706055;12677600;20.76460838317871
2016-02-22;22.40999984741211;22.84000015258789;22.344999313354492;22.579999923706055;13348200;21.478004455566406
2016-02-23;22.315000534057617;22.510000228881836;21.889999389648438;21.934999465942383;15471600;20.86448097229004
2016-02-24;21.280000686645508;22.704999923706055;20.854999542236328;22.59000015258789;18379400;21.48752212524414
2016-02-25;22.704999923706055;23.225000381469727;22.424999237060547;23.184999465942383;14060000;22.053476333618164
2016-02-26;23.565000534057617;23.815000534057617;23.295000076293945;23.610000610351562;15531200;22.457735061645508
2016-02-29;23.584999084472656;24.19499969482422;23.315000534057617;23.315000534057617;13351600;22.17713165283203
2016-03-01;23.940000534057617;24.825000762939453;23.540000915527344;24.825000762939453;16946000;23.61344337463379
2016-03-02;24.739999771118164;25.635000228881836;24.575000762939453;25.600000381469727;11959800;24.35062026977539
2016-03-03;25.59000015258789;26.3799991607666;25.520000457763672;26.3799991607666;11973200;25.092546463012695
2016-03-04;26.360000610351562;27.25;26.049999237060547;26.80500030517578;18354600;25.496807098388672
2016-03-07;26.450000762939453;27.75;26.440000534057617;27.704999923706055;14330600;26.352882385253906
2016-03-08;27.219999313354492;27.229999542236328;25.600000381469727;25.670000076293945;17622600;24.417205810546875
2016-03-09;25.959999084472656;26.21500015258789;25.540000915527344;26.075000762939453;13067800;24.80243682861328
2016-03-10;26.295000076293945;26.579999923706055;24.6299991607666;25.454999923706055;16419600;24.21269416809082
2016-03-11;26.040000915527344;27.139999389648438;25.954999923706055;27.059999465942383;14604800;25.73936653137207
2016-03-14;26.799999237060547;27.145000457763672;26.46500015258789;26.854999542236328;10625600;25.544370651245117
2016-03-15;26.344999313354492;26.360000610351562;25.434999465942383;25.6200008392334;12426600;24.36964225769043
2016-03-16;25.2549991607666;26.375;25.239999771118164;26.1299991607666;12995600;24.854751586914062
2016-03-17;25.969999313354492;27.665000915527344;25.649999618530273;27.299999237060547;13225000;25.9676513671875
2016-03-18;27.424999237060547;28.309999465942383;27.375;28.079999923706055;11791800;26.709585189819336
2016-03-21;27.94499969482422;28.30500030517578;27.649999618530273;27.850000381469727;8516000;26.49081039428711
2016-03-22;27.459999084472656;28.114999771118164;27.184999465942383;27.774999618530273;8162600;26.41946792602539
2016-03-23;27.510000228881836;27.540000915527344;26.174999237060547;26.184999465942383;10526600;24.907068252563477
2016-03-24;25.760000228881836;26.46500015258789;25.3799991607666;26.46500015258789;10211000;25.173404693603516
2016-03-28;26.645000457763672;26.8799991607666;25.975000381469727;26.524999618530273;7783600;25.2304744720459
2016-03-29;26.295000076293945;28.7549991607666;26.125;28.7549991607666;11068200;27.351638793945312
2016-03-30;29.200000762939453;29.385000228881836;28.540000915527344;28.7549991607666;10113800;27.351638793945312
2016-03-31;28.8799991607666;29.415000915527344;28.774999618530273;29.0;9378200;27.584684371948242
2016-04-01;28.200000762939453;29.440000534057617;28.110000610351562;29.3799991607666;9639800;27.946136474609375
2016-04-04;29.225000381469727;29.524999618530273;28.565000534057617;28.614999771118164;7223800;27.21847152709961
2016-04-05;28.0049991607666;28.3799991607666;27.604999542236328;27.655000686645508;9506200;26.305322647094727
2016-04-06;27.655000686645508;28.674999237060547;27.40999984741211;28.604999542236328;10555400;27.208959579467773
2016-04-07;27.9950008392334;28.3799991607666;27.014999389648438;27.450000762939453;12498600;26.110332489013672
2016-04-08;28.110000610351562;28.469999313354492;27.399999618530273;27.75;11111600;26.39568519592285
2016-04-11;28.200000762939453;28.850000381469727;27.489999771118164;27.4950008392334;9670400;26.153135299682617
2016-04-12;27.5049991607666;28.549999237060547;27.235000610351562;28.389999389648438;8184400;27.004453659057617
2016-04-13;28.889999389648438;30.295000076293945;28.825000762939453;30.200000762939453;9588000;28.726123809814453
2016-04-14;30.18000030517578;30.514999389648438;29.860000610351562;30.104999542236328;7306200;28.635757446289062
2016-04-15;29.90999984741211;30.454999923706055;29.834999084472656;30.329999923706055;5318000;28.849775314331055
2016-04-18;29.93000030517578;31.06999969482422;29.84000015258789;30.985000610351562;7687600;29.472806930541992
2016-04-19;31.174999237060547;31.674999237060547;30.65999984741211;31.049999237060547;8402000;29.53463363647461
2016-04-20;31.059999465942383;31.7450008392334;30.735000610351562;31.239999771118164;7919800;29.715360641479492
2016-04-21;31.1299991607666;31.5;30.46500015258789;30.7450008392334;7846800;29.244524002075195
2016-04-22;30.739999771118164;31.709999084472656;30.729999542236328;31.6299991607666;7870200;30.086332321166992
2016-04-25;31.405000686645508;31.485000610351562;30.584999084472656;30.959999084472656;9302000;29.449026107788086
2016-04-26;31.274999618530273;31.969999313354492;30.8799991607666;31.8799991607666;9159600;30.32413101196289
2016-04-27;31.920000076293945;32.400001525878906;31.44499969482422;32.20000076293945;10421400;30.628511428833008
2016-04-28;31.75;32.3650016784668;30.850000381469727;31.06999969482422;8869400;29.553659439086914
2016-04-29;30.690000534057617;31.06999969482422;29.639999389648438;30.184999465942383;14576200;28.71184730529785
2016-05-02;30.53499984741211;31.075000762939453;30.020000457763672;31.065000534057617;6828800;29.548906326293945
2016-05-03;30.315000534057617;30.315000534057617;28.989999771118164;29.575000762939453;10838800;28.131620407104492
2016-05-04;29.040000915527344;29.825000762939453;28.559999465942383;28.815000534057617;9819200;27.40871238708496
2016-05-05;29.184999465942383;29.315000534057617;28.360000610351562;28.485000610351562;10969600;27.094818115234375
2016-05-06;28.1200008392334;28.985000610351562;27.90999984741211;28.96500015258789;10519400;27.551393508911133
2016-05-09;28.989999771118164;29.729999542236328;28.7549991607666;29.209999084472656;6083400;27.78443717956543
2016-05-10;29.530000686645508;30.125;29.100000381469727;30.094999313354492;6856400;28.62624740600586
2016-05-11;29.860000610351562;30.024999618530273;28.924999237060547;28.979999542236328;8239000;27.56566619873047
2016-05-12;29.184999465942383;29.395000457763672;27.850000381469727;28.5049991607666;12857600;27.11384391784668
2016-05-13;28.2549991607666;28.950000762939453;27.75;27.96500015258789;10090400;26.60019874572754
2016-05-16;28.139999389648438;29.385000228881836;28.139999389648438;29.020000457763672;5770400;27.603708267211914
2016-05-17;28.899999618530273;29.299999237060547;27.2549991607666;27.645000457763672;10334800;26.295814514160156
2016-05-18;27.270000457763672;28.665000915527344;27.2549991607666;28.040000915527344;10651200;26.671539306640625
2016-05-19;27.415000915527344;27.9950008392334;26.655000686645508;27.375;12436400;26.03898811340332
2016-05-20;27.575000762939453;28.735000610351562;27.575000762939453;28.71500015258789;6831000;27.3135929107666
2016-05-23;28.739999771118164;29.21500015258789;28.524999618530273;28.610000610351562;4933000;27.213714599609375
2016-05-24;29.15999984741211;30.635000228881836;29.114999771118164;30.399999618530273;7910200;28.916351318359375
2016-05-25;30.719999313354492;31.190000534057617;30.530000686645508;30.885000228881836;7057600;29.377687454223633
2016-05-26;31.114999771118164;31.280000686645508;30.649999618530273;30.829999923706055;5104400;29.32537269592285
2016-05-27;30.915000915527344;31.75;30.8700008392334;31.735000610351562;5175000;30.18621063232422
2016-05-31;31.959999084472656;32.529998779296875;31.68000030517578;32.08000183105469;11007000;30.514371871948242
2016-06-01;31.770000457763672;32.875;31.604999542236328;32.724998474121094;7443200;31.127891540527344
2016-06-02;32.474998474121094;33.48500061035156;32.39500045776367;33.48500061035156;8397200;31.850799560546875
2016-06-03;33.25;33.275001525878906;32.05500030517578;32.900001525878906;10963000;31.294343948364258
2016-06-06;32.994998931884766;34.244998931884766;32.91999816894531;33.94499969482422;8361200;32.28834915161133
2016-06-07;34.0;34.599998474121094;33.720001220703125;34.20000076293945;6299200;32.53091049194336
2016-06-08;34.30500030517578;35.17499923706055;34.30500030517578;35.0099983215332;8424400;33.30137252807617
2016-06-09;34.54999923706055;34.560001373291016;33.98500061035156;34.334999084472656;7888800;32.6593132019043
2016-06-10;33.38999938964844;33.625;32.599998474121094;32.915000915527344;10651000;31.308622360229492
2016-06-13;32.540000915527344;33.0099983215332;31.674999237060547;31.864999771118164;9497800;30.309860229492188
2016-06-14;31.5;32.09000015258789;30.915000915527344;31.565000534057617;10807800;30.024499893188477
2016-06-15;31.895000457763672;32.474998474121094;31.565000534057617;31.635000228881836;11038800;30.091083526611328
2016-06-16;30.969999313354492;31.655000686645508;30.264999389648438;31.635000228881836;13524600;30.091083526611328
2016-06-17;31.53499984741211;31.934999465942383;30.924999237060547;31.2549991607666;10654200;29.729629516601562
2016-06-20;32.625;33.165000915527344;32.255001068115234;32.2599983215332;7780800;30.685577392578125
2016-06-21;32.25;32.33000183105469;31.43000030517578;32.0099983215332;9811200;30.44778060913086
2016-06-22;32.2400016784668;32.70500183105469;31.55500030517578;31.625;8071800;30.081573486328125
2016-06-23;32.6349983215332;33.53499984741211;32.57500076293945;33.474998474121094;7919400;31.841291427612305
2016-06-24;29.344999313354492;31.110000610351562;28.940000534057617;29.725000381469727;14772600;28.274295806884766
2016-06-27;28.65999984741211;28.65999984741211;26.354999542236328;26.735000610351562;22559000;25.430225372314453
2016-06-28;27.454999923706055;28.31999969482422;27.395000457763672;27.975000381469727;14416200;26.60970115661621
2016-06-29;28.96500015258789;29.979999542236328;28.829999923706055;29.844999313354492;11876000;28.388446807861328
2016-06-30;30.020000457763672;31.540000915527344;29.600000381469727;31.5049991607666;13152400;29.967424392700195
2016-07-01;31.56999969482422;32.314998626708984;31.3700008392334;31.850000381469727;9122400;30.295595169067383
2016-07-05;31.545000076293945;31.735000610351562;29.940000534057617;30.46500015258789;10692800;28.978187561035156
2016-07-06;30.014999389648438;31.209999084472656;29.829999923706055;31.125;9895200;29.605976104736328
2016-07-07;31.375;31.989999771118164;30.71500015258789;31.290000915527344;9652200;29.762924194335938
2016-07-08;32.21500015258789;33.71500015258789;32.125;33.46500015258789;11079000;31.831775665283203
2016-07-11;34.125;34.875;34.06999969482422;34.654998779296875;9548400;32.96369552612305
2016-07-12;35.3849983215332;36.6349983215332;35.244998931884766;36.0;10957600;34.24306106567383
2016-07-13;36.57500076293945;36.625;35.31999969482422;35.560001373291016;9874600;33.82453155517578
2016-07-14;36.505001068115234;36.58000183105469;35.650001525878906;35.73500061035156;8207600;33.990989685058594
2016-07-15;36.17499923706055;36.30500030517578;35.619998931884766;35.994998931884766;7334400;34.23829650878906
2016-07-18;35.84000015258789;36.56999969482422;35.67499923706055;36.185001373291016;6711600;34.41903305053711
2016-07-19;36.06999969482422;36.2400016784668;35.314998626708984;35.650001525878906;6972600;33.910133361816406
2016-07-20;35.85499954223633;36.63999938964844;35.32500076293945;36.32500076293945;6520000;34.55220031738281
2016-07-21;36.255001068115234;36.78499984741211;35.57500076293945;35.814998626708984;5890800;34.06708526611328
2016-07-22;35.85499954223633;36.82500076293945;35.66999816894531;36.59000015258789;6335000;34.80426025390625
2016-07-25;36.34000015258789;36.665000915527344;36.025001525878906;36.45000076293945;5503000;34.67109680175781
2016-07-26;36.42499923706055;37.10499954223633;36.16999816894531;36.9900016784668;8704400;35.18474578857422
2016-07-27;37.1349983215332;37.564998626708984;36.540000915527344;37.2599983215332;8885000;35.441558837890625
2016-07-28;36.994998931884766;37.349998474121094;36.70500183105469;36.959999084472656;5899800;35.15620422363281
2016-07-29;36.880001068115234;37.814998626708984;36.26499938964844;37.17499923706055;9212400;35.3607177734375
2016-08-01;37.29999923706055;37.76499938964844;36.625;37.255001068115234;8348600;35.436805725097656
2016-08-02;37.244998931884766;37.32500076293945;35.38999938964844;35.69499969482422;8578000;33.952945709228516
2016-08-03;35.6349983215332;36.6349983215332;35.38999938964844;36.599998474121094;6351600;34.813777923583984
2016-08-04;36.60499954223633;37.275001525878906;36.435001373291016;36.665000915527344;6574200;34.8755989074707
2016-08-05;37.400001525878906;38.53499984741211;37.08000183105469;38.28499984741211;7481200;36.416534423828125
2016-08-08;38.36000061035156;38.79499816894531;38.03499984741211;38.21500015258789;6274400;36.34995651245117
2016-08-09;38.25;38.595001220703125;38.130001068115234;38.33000183105469;5655600;36.45934295654297
2016-08-10;38.369998931884766;38.560001373291016;37.209999084472656;37.54499816894531;8057800;35.7126579284668
2016-08-11;38.0;38.35499954223633;37.599998474121094;38.040000915527344;5877200;36.183494567871094
2016-08-12;37.84000015258789;38.404998779296875;37.64500045776367;38.150001525878906;6458800;36.288124084472656
2016-08-15;38.42499923706055;39.54999923706055;38.3849983215332;39.29999923706055;6039400;37.38199996948242
2016-08-16;39.005001068115234;39.02000045776367;38.21500015258789;38.349998474121094;5970400;36.47837448120117
2016-08-17;38.380001068115234;38.44499969482422;37.345001220703125;38.03499984741211;7174400;36.178749084472656
2016-08-18;38.040000915527344;38.8650016784668;38.0;38.82500076293945;5745200;36.9301872253418
2016-08-19;38.66999816894531;38.939998626708984;38.20000076293945;38.790000915527344;5133800;36.89690399169922
2016-08-22;38.599998474121094;39.20000076293945;38.255001068115234;39.04999923706055;7805600;37.144203186035156
2016-08-23;39.46500015258789;40.255001068115234;39.459999084472656;39.8849983215332;5504400;37.93845748901367
2016-08-24;39.77000045776367;40.064998626708984;38.63999938964844;38.94499969482422;7423400;37.0443229675293
2016-08-25;38.5099983215332;39.5099983215332;38.4900016784668;39.1349983215332;5449800;37.225059509277344
2016-08-26;39.244998931884766;40.18000030517578;38.20500183105469;38.89500045776367;8800200;36.99677658081055
2016-08-29;39.095001220703125;39.95500183105469;39.084999084472656;39.53499984741211;4561800;37.605533599853516
2016-08-30;39.654998779296875;39.974998474121094;39.220001220703125;39.72999954223633;5695000;37.791015625
2016-08-31;39.6150016784668;39.709999084472656;38.435001373291016;39.06999969482422;8381000;37.16322708129883
2016-09-01;39.19499969482422;39.439998626708984;37.935001373291016;39.125;7395000;37.21554946899414
2016-09-02;39.779998779296875;40.28499984741211;39.439998626708984;40.255001068115234;6033800;38.29039764404297
2016-09-06;40.68000030517578;40.724998474121094;39.77000045776367;40.43000030517578;5259400;38.45684814453125
2016-09-07;40.310001373291016;41.17499923706055;40.244998931884766;41.14500045776367;4505800;39.136966705322266
2016-09-08;41.025001525878906;41.14500045776367;40.525001525878906;40.91999816894531;6134800;38.92293167114258
2016-09-09;39.94499969482422;39.96500015258789;37.040000915527344;37.064998626708984;11007400;35.256080627441406
2016-09-12;36.6150016784668;38.63999938964844;36.45000076293945;38.595001220703125;11154400;36.71140670776367
2016-09-13;37.79999923706055;37.88999938964844;35.75;36.404998779296875;10256400;34.62828826904297
2016-09-14;36.58000183105469;37.19499969482422;36.130001068115234;36.38999938964844;6469000;34.614017486572266
2016-09-15;36.474998474121094;37.845001220703125;36.345001220703125;37.744998931884766;6026000;35.90290069580078
2016-09-16;37.17499923706055;37.63999938964844;36.845001220703125;37.529998779296875;5482400;35.69837951660156
2016-09-19;37.95500183105469;39.08000183105469;37.65999984741211;38.27000045776367;6755600;36.40227127075195
2016-09-20;38.75;38.78499984741211;37.810001373291016;37.84000015258789;4378000;35.993255615234375
2016-09-21;38.189998626708984;39.45500183105469;37.75;39.38999938964844;8512400;37.46760940551758
2016-09-22;40.13999938964844;41.209999084472656;40.13999938964844;41.125;7502800;39.1179313659668
2016-09-23;40.97999954223633;41.28499984741211;40.2599983215332;40.26499938964844;5071400;38.2999153137207
2016-09-26;39.6349983215332;39.959999084472656;38.93000030517578;39.095001220703125;5910600;37.18701171875
2016-09-27;38.970001220703125;39.65999984741211;38.654998779296875;39.54999923706055;6617800;37.61980056762695
2016-09-28;39.720001220703125;40.4900016784668;38.904998779296875;40.404998779296875;7119600;38.43306350708008
2016-09-29;40.39500045776367;40.39500045776367;38.529998779296875;38.665000915527344;8890200;36.777992248535156
2016-09-30;39.185001373291016;40.439998626708984;38.665000915527344;39.91999816894531;7478400;37.97174072265625
2016-10-03;39.54999923706055;39.814998626708984;38.89500045776367;39.52000045776367;6317200;37.59127426147461
2016-10-04;39.77000045776367;39.994998931884766;38.43000030517578;38.970001220703125;8482600;37.068115234375
2016-10-05;39.36000061035156;40.33000183105469;39.36000061035156;39.654998779296875;5559200;37.71968078613281
2016-10-06;39.470001220703125;39.70000076293945;38.58000183105469;39.5099983215332;6517400;37.581748962402344
2016-10-07;39.72999954223633;39.97999954223633;38.0099983215332;38.53499984741211;7955200;36.65433120727539
2016-10-10;39.26499938964844;40.35499954223633;39.25;39.88999938964844;6032200;37.94321060180664
2016-10-11;39.69499969482422;39.75;37.10499954223633;37.720001220703125;11325400;35.87911605834961
2016-10-12;37.79999923706055;38.29499816894531;37.30500030517578;37.65999984741211;6589800;35.82203674316406
2016-10-13;36.81999969482422;37.185001373291016;36.0;36.70500183105469;10231200;34.91365051269531
2016-10-14;37.14500045776367;37.564998626708984;36.255001068115234;36.255001068115234;8126800;34.48560333251953
2016-10-17;36.415000915527344;36.654998779296875;36.040000915527344;36.154998779296875;4823400;34.390499114990234
2016-10-18;37.25;37.32500076293945;36.4900016784668;36.724998474121094;4945200;34.932674407958984
2016-10-19;36.94499969482422;37.63999938964844;36.334999084472656;37.189998626708984;5622200;35.37498092651367
2016-10-20;36.91999816894531;37.29999923706055;36.244998931884766;36.875;6952000;35.07535171508789
2016-10-21;36.10499954223633;37.095001220703125;35.93000030517578;36.78499984741211;4960200;34.989749908447266
2016-10-24;37.709999084472656;38.21500015258789;37.16999816894531;37.51499938964844;5555600;35.684120178222656
2016-10-25;37.459999084472656;37.650001525878906;36.38999938964844;36.66999816894531;5254400;34.880348205566406
2016-10-26;35.95500183105469;36.744998931884766;35.349998474121094;35.625;8436400;33.88636016845703
2016-10-27;35.95000076293945;35.95000076293945;34.125;34.369998931884766;7006200;32.69260025024414
2016-10-28;34.33000183105469;34.92499923706055;33.83000183105469;34.099998474121094;6949000;32.4357795715332
2016-10-31;34.21500015258789;34.59000015258789;33.85499954223633;34.439998626708984;3645000;32.759185791015625
2016-11-01;34.6150016784668;34.6349983215332;32.54499816894531;33.185001373291016;6981800;31.565444946289062
2016-11-02;33.01499938964844;33.14500045776367;31.770000457763672;31.950000762939453;7007000;30.390714645385742
2016-11-03;32.209999084472656;32.48500061035156;31.364999771118164;31.469999313354492;5450600;29.93413543701172
2016-11-04;31.655000686645508;33.0;31.53499984741211;32.04999923706055;8415800;30.4858341217041
2016-11-07;33.95000076293945;34.595001220703125;33.68000030517578;34.349998474121094;8250000;32.673583984375
2016-11-08;34.165000915527344;35.17499923706055;33.654998779296875;34.625;7342800;32.935157775878906
2016-11-09;33.869998931884766;38.11000061035156;33.869998931884766;37.849998474121094;16123200;36.00277328491211
2016-11-10;39.439998626708984;40.474998474121094;37.91999816894531;39.599998474121094;16137600;37.66735076904297
2016-11-11;40.125;42.72999954223633;39.70000076293945;42.470001220703125;11786200;40.39729690551758
2016-11-14;43.974998474121094;45.29499816894531;43.42499923706055;44.19499969482422;12355800;42.03810119628906
2016-11-15;43.880001068115234;44.935001373291016;43.30500030517578;44.564998626708984;7462400;42.390052795410156
2016-11-16;44.275001525878906;45.04999923706055;44.04999923706055;44.60499954223633;7338400;42.428104400634766
2016-11-17;44.994998931884766;45.900001525878906;44.79499816894531;45.3849983215332;9370000;43.1700325012207
2016-11-18;45.75;46.17499923706055;45.400001525878906;46.04499816894531;6130000;43.797813415527344
2016-11-21;46.400001525878906;47.14500045776367;45.67499923706055;46.709999084472656;7918800;44.43037033081055
2016-11-22;47.255001068115234;48.099998474121094;46.79999923706055;48.0;6001200;45.657405853271484
2016-11-23;47.650001525878906;48.915000915527344;47.23500061035156;48.84000015258789;7388200;46.456424713134766
2016-11-25;49.03499984741211;49.404998779296875;48.80500030517578;49.369998931884766;3484000;46.96054458618164
2016-11-28;49.23500061035156;49.28499984741211;47.244998931884766;47.48500061035156;7592600;45.167545318603516
2016-11-29;47.654998779296875;48.255001068115234;47.19499969482422;47.375;6580800;45.06291580200195
2016-11-30;48.095001220703125;48.25;46.54999923706055;46.654998779296875;7321800;44.3780517578125
2016-12-01;47.345001220703125;47.654998779296875;45.279998779296875;45.89500045776367;8631000;43.655128479003906
2016-12-02;45.904998779296875;46.5;45.51499938964844;45.875;5739200;43.6361198425293
2016-12-05;47.025001525878906;48.459999084472656;46.959999084472656;48.279998779296875;7758600;45.92374038696289
2016-12-06;48.65999984741211;50.154998779296875;47.83000183105469;49.85499954223633;8206200;47.4218864440918
2016-12-07;49.81999969482422;51.584999084472656;49.36000061035156;51.209999084472656;7956600;48.71074676513672
2016-12-08;51.66999816894531;53.88999938964844;51.15999984741211;53.70000076293945;11155600;51.0792236328125
2016-12-09;54.154998779296875;54.59000015258789;53.36000061035156;53.935001373291016;8677200;51.302764892578125
2016-12-12;53.56999969482422;54.28499984741211;51.8849983215332;52.224998474121094;10066400;49.676204681396484
2016-12-13;53.064998626708984;53.654998779296875;51.595001220703125;52.255001068115234;11046600;49.704742431640625
2016-12-14;51.78499984741211;52.86000061035156;49.974998474121094;50.290000915527344;10205600;47.83564758300781
2016-12-15;50.63999938964844;52.56999969482422;50.154998779296875;51.4900016784668;9988800;48.97708511352539
2016-12-16;51.70000076293945;53.01499938964844;50.880001068115234;51.14500045776367;8935800;48.64891815185547
2016-12-19;51.3650016784668;52.63999938964844;51.19499969482422;52.15999984741211;6430000;49.614376068115234
2016-12-20;52.67499923706055;53.77000045776367;52.3849983215332;53.494998931884766;6426600;50.88422775268555
2016-12-21;53.400001525878906;53.75;52.44499969482422;52.47999954223633;4915200;49.91876220703125
2016-12-22;52.54499816894531;52.75;50.564998626708984;51.1349983215332;7133000;48.639408111572266
2016-12-23;51.21500015258789;51.994998931884766;51.04999923706055;51.900001525878906;3375000;49.3670768737793
2016-12-27;52.150001525878906;53.33000183105469;52.11000061035156;52.64500045776367;4067800;50.07571029663086
2016-12-28;52.880001068115234;52.974998474121094;50.5099983215332;50.974998474121094;6335000;48.487213134765625
2016-12-29;51.05500030517578;52.119998931884766;50.334999084472656;51.125;5763000;48.62989807128906
2016-12-30;51.375;51.39500045776367;50.025001525878906;50.57500076293945;5275200;48.10674285888672
2017-01-03;52.36000061035156;52.70000076293945;50.125;51.25;9821000;48.74878692626953
2017-01-04;51.84000015258789;54.0;51.80500030517578;53.875;8079000;51.245689392089844
2017-01-05;53.435001373291016;53.790000915527344;51.18000030517578;51.89500045776367;6202600;49.36232376098633
2017-01-06;52.25;52.540000915527344;51.375;51.400001525878906;5725000;48.8914794921875
2017-01-09;51.224998474121094;51.40999984741211;50.040000915527344;50.345001220703125;6996200;47.887962341308594
2017-01-10;50.619998931884766;52.1150016784668;50.31999969482422;51.83000183105469;6965200;49.30049514770508
2017-01-11;51.94499969482422;52.564998626708984;51.025001525878906;52.06999969482422;7816800;49.528778076171875
2017-01-12;51.8650016784668;51.93000030517578;48.92499923706055;50.84000015258789;11531200;48.35879898071289
2017-01-13;51.255001068115234;52.720001220703125;51.25;51.95000076293945;6477600;49.414642333984375
2017-01-17;51.20000076293945;51.28499984741211;49.540000915527344;49.76499938964844;9091200;47.336265563964844
2017-01-18;50.275001525878906;50.400001525878906;49.32500076293945;50.30500030517578;6749200;47.849918365478516
2017-01-19;50.650001525878906;50.97999954223633;48.45500183105469;49.03499984741211;8512400;46.64189147949219
2017-01-20;49.58000183105469;50.310001373291016;49.16999816894531;49.7599983215332;7665600;47.331512451171875
2017-01-23;49.36000061035156;50.060001373291016;48.3650016784668;49.19499969482422;6802000;46.794097900390625
2017-01-24;49.71500015258789;51.810001373291016;49.540000915527344;51.345001220703125;7586600;48.83916091918945
2017-01-25;52.6150016784668;53.25;52.564998626708984;52.915000915527344;6738800;50.332542419433594
2017-01-26;52.935001373291016;53.20000076293945;51.974998474121094;52.29499816894531;5984400;49.7427978515625
2017-01-27;52.345001220703125;52.665000915527344;51.08000183105469;51.685001373291016;5399800;49.162567138671875
2017-01-30;50.60499954223633;50.60499954223633;48.36000061035156;49.630001068115234;10250400;47.20786666870117
2017-01-31;49.08000183105469;50.935001373291016;48.654998779296875;50.54999923706055;7616200;48.08297348022461
2017-02-01;51.66999816894531;52.39500045776367;49.974998474121094;50.560001373291016;9615000;48.09246826171875
2017-02-02;50.665000915527344;51.064998626708984;49.73500061035156;50.029998779296875;6523200;47.58833694458008
2017-02-03;51.380001068115234;52.45500183105469;50.8650016784668;52.29999923706055;7778000;49.7475471496582
2017-02-06;51.814998626708984;52.244998931884766;50.720001220703125;51.154998779296875;6428800;48.65842819213867
2017-02-07;51.22999954223633;51.8849983215332;49.98500061035156;50.52000045776367;6464800;48.054420471191406
2017-02-08;49.81999969482422;50.474998474121094;49.025001525878906;50.244998931884766;7132400;47.792850494384766
2017-02-09;50.540000915527344;52.709999084472656;50.48500061035156;52.36000061035156;7107400;49.80461883544922
2017-02-10;53.32500076293945;54.0;52.66999816894531;53.5099983215332;5817000;50.89850616455078
2017-02-13;54.46500015258789;54.9900016784668;53.689998626708984;53.95000076293945;4860600;51.3170280456543
2017-02-14;53.470001220703125;54.665000915527344;53.125;54.48500061035156;4223800;51.82591247558594
2017-02-15;53.755001068115234;55.650001525878906;53.63999938964844;55.41999816894531;5860400;52.71529006958008
2017-02-16;55.2599983215332;55.71500015258789;53.82500076293945;54.900001525878906;5142600;52.220664978027344
2017-02-17;54.04999923706055;54.900001525878906;53.834999084472656;54.86000061035156;4656800;52.1826171875
2017-02-21;55.209999084472656;56.27000045776367;55.19499969482422;56.064998626708984;5478200;53.32880401611328
2017-02-22;55.88999938964844;55.91999816894531;55.0;55.439998626708984;3870400;52.73430252075195
2017-02-23;55.8650016784668;55.900001525878906;53.17499923706055;54.349998474121094;7495600;51.697509765625
2017-02-24;52.88999938964844;54.26499938964844;52.70500183105469;54.22999954223633;3853200;51.58336639404297
2017-02-27;53.96500015258789;55.810001373291016;53.77000045776367;55.77000045776367;4611000;53.0482063293457
2017-02-28;55.099998474121094;55.22999954223633;53.189998626708984;53.290000915527344;6719600;50.68924331665039
2017-03-01;55.369998931884766;56.744998931884766;55.19499969482422;56.19499969482422;7050000;53.45246505737305
2017-03-02;56.125;56.15999984741211;54.10499954223633;54.27000045776367;5179800;51.62141036987305
2017-03-03;54.255001068115234;55.025001525878906;53.25;54.11000061035156;5757400;51.469215393066406
2017-03-06;53.11000061035156;53.33000183105469;52.185001373291016;53.0;6329800;50.413394927978516
2017-03-07;52.70000076293945;53.04999923706055;51.77000045776367;51.904998779296875;5720600;49.371826171875
2017-03-08;52.5099983215332;52.8849983215332;50.81999969482422;50.900001525878906;7421600;48.41587448120117
2017-03-09;50.83000183105469;51.599998474121094;49.79999923706055;50.310001373291016;6856000;47.85467529296875
2017-03-10;51.275001525878906;51.345001220703125;49.73500061035156;50.8849983215332;6655200;48.401611328125
2017-03-13;50.625;51.85499954223633;50.625;51.314998626708984;4441400;48.810604095458984
2017-03-14;50.650001525878906;50.77000045776367;49.36000061035156;50.5099983215332;5798200;48.04490661621094
2017-03-15;51.33000183105469;53.20000076293945;50.93000030517578;52.810001373291016;6661600;50.2326545715332
2017-03-16;53.40999984741211;53.78499984741211;52.67499923706055;53.119998931884766;5588200;50.52752685546875
2017-03-17;53.34000015258789;53.994998931884766;52.404998779296875;53.619998931884766;5349400;51.00313186645508
2017-03-20;53.56999969482422;53.76499938964844;52.459999084472656;53.060001373291016;5812600;50.47046661376953
2017-03-21;53.724998474121094;53.845001220703125;48.5099983215332;48.654998779296875;13056000;46.28044509887695
2017-03-22;48.29999923706055;48.935001373291016;47.26499938964844;48.54499816894531;9931200;46.17580795288086
2017-03-23;48.59000015258789;50.400001525878906;48.21500015258789;49.33000183105469;7825800;46.9224967956543
2017-03-24;49.994998931884766;50.57500076293945;48.810001373291016;49.54999923706055;7721600;47.13175964355469
2017-03-27;47.6150016784668;50.1349983215332;47.21500015258789;49.82500076293945;8616400;47.393341064453125
2017-03-28;49.26499938964844;51.04499816894531;49.130001068115234;50.92499923706055;7570200;48.43965530395508
2017-03-29;50.86000061035156;51.70500183105469;50.38999938964844;51.474998474121094;5536400;48.96281814575195
2017-03-30;51.52000045776367;52.709999084472656;51.46500015258789;52.59000015258789;6324600;50.02339553833008
2017-03-31;52.7400016784668;53.61000061035156;52.224998474121094;52.8849983215332;6624200;50.30400466918945
2017-04-03;53.404998779296875;53.525001525878906;50.67499923706055;51.16999816894531;11173800;48.67269515991211
2017-04-04;51.01499938964844;51.72999954223633;50.400001525878906;50.96500015258789;6510200;48.47770690917969
2017-04-05;52.029998779296875;52.689998626708984;48.974998474121094;49.20500183105469;10028000;46.80360412597656
2017-04-06;49.45500183105469;50.64500045776367;48.68000030517578;50.59000015258789;7241400;48.121002197265625
2017-04-07;50.165000915527344;51.08000183105469;49.650001525878906;50.53499984741211;5633800;48.068687438964844
2017-04-10;50.494998931884766;51.974998474121094;50.10499954223633;50.775001525878906;7047600;48.2969856262207
2017-04-11;50.20000076293945;52.04499816894531;50.0;52.04499816894531;7116800;49.50498962402344
2017-04-12;51.755001068115234;51.79999923706055;49.810001373291016;49.94499969482422;10522400;47.507476806640625
2017-04-13;49.77000045776367;50.29999923706055;48.39500045776367;48.41999816894531;9027800;46.05690002441406
2017-04-17;48.90999984741211;50.17499923706055;48.415000915527344;50.10499954223633;6006400;47.6596794128418
2017-04-18;49.4900016784668;50.30500030517578;48.900001525878906;50.165000915527344;7343800;47.71675491333008
2017-04-19;50.54999923706055;51.974998474121094;50.400001525878906;50.724998474121094;7776400;48.249412536621094
2017-04-20;51.28499984741211;52.7599983215332;51.07500076293945;52.6349983215332;7853400;50.066192626953125
2017-04-21;52.275001525878906;52.6150016784668;51.68000030517578;52.20000076293945;5416000;49.65243148803711
2017-04-24;54.345001220703125;54.630001068115234;53.709999084472656;54.185001373291016;6413000;51.54055404663086
2017-04-25;55.65999984741211;56.474998474121094;55.53499984741211;55.724998474121094;4459400;53.00539016723633
2017-04-26;55.63999938964844;57.595001220703125;55.57500076293945;56.599998474121094;7075600;53.83769226074219
2017-04-27;57.060001373291016;57.58000183105469;56.0;56.54499816894531;4712200;53.785369873046875
2017-04-28;56.6349983215332;56.79999923706055;54.290000915527344;54.345001220703125;5545800;51.6927375793457
2017-05-01;55.04999923706055;55.7400016784668;53.9900016784668;55.189998626708984;3987800;52.49650573730469
2017-05-02;55.369998931884766;55.790000915527344;53.86000061035156;54.349998474121094;3641300;51.697509765625
2017-05-03;53.61000061035156;53.95000076293945;52.689998626708984;53.470001220703125;3557500;50.860450744628906
2017-05-04;53.70000076293945;53.88999938964844;52.0;53.150001525878906;3661200;50.55606460571289
2017-05-05;53.810001373291016;54.13999938964844;52.47999954223633;54.13999938964844;3219600;51.49776077270508
2017-05-08;53.79999923706055;54.13999938964844;52.720001220703125;53.439998626708984;3192000;50.831912994384766
2017-05-09;53.63999938964844;53.959999084472656;52.7400016784668;53.400001525878906;3376400;50.793861389160156
2017-05-10;53.04999923706055;54.47999954223633;52.79999923706055;54.34000015258789;3859300;51.687992095947266
2017-05-11;53.70000076293945;53.93000030517578;51.77000045776367;53.27000045776367;5696900;50.670204162597656
2017-05-12;52.650001525878906;52.83000183105469;52.0;52.43000030517578;3532700;49.8712043762207
2017-05-15;52.95000076293945;54.349998474121094;52.93000030517578;53.59000015258789;4085500;50.9745979309082
2017-05-16;54.029998779296875;54.130001068115234;52.5;53.65999984741211;4540300;51.04117965698242
2017-05-17;50.970001220703125;51.79999923706055;49.150001525878906;49.36000061035156;9362200;46.9510383605957
2017-05-18;48.970001220703125;50.41999816894531;48.599998474121094;49.790000915527344;6644600;47.36003875732422
2017-05-19;50.189998626708984;51.33000183105469;50.06999969482422;50.47999954223633;4163900;48.016380310058594
2017-05-22;50.84000015258789;51.81999969482422;50.689998626708984;51.52000045776367;5034800;49.00562286376953
2017-05-23;51.88999938964844;52.36000061035156;50.83000183105469;52.04999923706055;4570700;49.5097541809082
2017-05-24;52.16999816894531;52.75;51.40999984741211;52.16999816894531;4214600;49.6239013671875
2017-05-25;52.84000015258789;53.400001525878906;51.83000183105469;52.2400016784668;4365800;49.69048309326172
2017-05-26;51.9900016784668;52.459999084472656;51.33000183105469;52.15999984741211;2761600;49.614376068115234
2017-05-30;51.7599983215332;52.09000015258789;50.709999084472656;50.970001220703125;4384000;48.482452392578125
2017-05-31;51.38999938964844;51.5;48.93000030517578;50.81999969482422;5675700;48.33978271484375
2017-06-01;51.25;53.77000045776367;50.72999954223633;53.720001220703125;6398400;51.09825134277344
2017-06-02;54.279998779296875;56.11000061035156;53.83000183105469;54.779998779296875;7611700;52.10651397705078
2017-06-05;54.86000061035156;55.04999923706055;53.70000076293945;53.790000915527344;4279000;51.16482925415039
2017-06-06;52.779998779296875;54.5;52.400001525878906;53.59000015258789;5358700;50.9745979309082
2017-06-07;53.630001068115234;54.36000061035156;53.18000030517578;53.790000915527344;4136100;51.16482925415039
2017-06-08;53.720001220703125;56.58000183105469;53.470001220703125;55.90999984741211;6061100;53.18137741088867
2017-06-09;56.54999923706055;58.310001373291016;55.689998626708984;56.72999954223633;9073000;53.96134948730469
2017-06-12;56.779998779296875;57.2400016784668;55.939998626708984;56.5;4695800;53.7425651550293
2017-06-13;57.02000045776367;57.61000061035156;56.630001068115234;57.33000183105469;3870800;54.53207015991211
2017-06-14;57.279998779296875;57.279998779296875;55.400001525878906;56.369998931884766;5344100;53.618919372558594
2017-06-15;54.529998779296875;56.02000045776367;54.5;55.540000915527344;3858800;52.829429626464844
2017-06-16;54.880001068115234;55.09000015258789;54.02000045776367;55.06999969482422;3375200;52.38236999511719
2017-06-19;55.5;56.66999816894531;55.43000030517578;56.25;4417700;53.50477600097656
2017-06-20;55.900001525878906;55.970001220703125;54.459999084472656;54.540000915527344;3054100;51.878231048583984
2017-06-21;54.869998931884766;55.7400016784668;53.900001525878906;54.18000030517578;3359600;51.535797119140625
2017-06-22;54.09000015258789;55.2400016784668;53.650001525878906;54.72999954223633;3435300;52.058963775634766
2017-06-23;54.900001525878906;56.0099983215332;54.25;55.779998779296875;3210200;53.057708740234375
2017-06-26;56.09000015258789;56.58000183105469;55.02000045776367;56.04999923706055;3636300;53.31453323364258
2017-06-27;56.06999969482422;56.65999984741211;54.4900016784668;54.61000061035156;3775800;51.94481658935547
2017-06-28;55.5;57.349998474121094;55.209999084472656;57.11000061035156;3750500;54.322811126708984
2017-06-29;57.349998474121094;57.459999084472656;54.25;56.029998779296875;5122400;53.29551696777344
2017-06-30;56.150001525878906;56.619998931884766;55.58000183105469;55.75;2834500;53.029170989990234
2017-07-03;56.20000076293945;57.59000015258789;56.20000076293945;57.099998474121094;2622400;54.313289642333984
2017-07-05;56.650001525878906;56.81999969482422;55.470001220703125;56.58000183105469;4124600;53.818668365478516
2017-07-06;55.34000015258789;55.91999816894531;53.95000076293945;54.31999969482422;4662800;51.668975830078125
2017-07-07;54.650001525878906;56.060001373291016;54.349998474121094;55.83000183105469;3457500;53.10527420043945
2017-07-10;55.209999084472656;56.34000015258789;54.560001373291016;55.189998626708984;3678000;52.49650573730469
2017-07-11;55.0;55.720001220703125;54.099998474121094;55.61000061035156;3287500;52.89600372314453
2017-07-12;56.470001220703125;57.869998931884766;56.439998626708984;56.869998931884766;3785900;54.094520568847656
2017-07-13;56.720001220703125;57.06999969482422;55.689998626708984;57.0;3225800;54.21816635131836
2017-07-14;56.540000915527344;57.95000076293945;56.540000915527344;57.279998779296875;2413900;54.4844970703125
2017-07-17;57.11000061035156;58.150001525878906;56.709999084472656;57.720001220703125;2677200;54.90303421020508
2017-07-18;57.060001373291016;57.45000076293945;56.470001220703125;57.2400016784668;3171000;54.44646453857422
2017-07-19;57.4900016784668;58.95000076293945;57.470001220703125;58.95000076293945;3040200;56.07300567626953
2017-07-20;58.93000030517578;59.45000076293945;58.54999923706055;59.060001373291016;2957600;56.177635192871094
2017-07-21;58.86000061035156;59.16999816894531;57.880001068115234;58.2599983215332;3062000;55.41667556762695
2017-07-24;58.0;58.58000183105469;57.540000915527344;58.45000076293945;3120800;55.597412109375
2017-07-25;59.47999954223633;60.279998779296875;59.02000045776367;60.029998779296875;3349900;57.10030746459961
2017-07-26;60.18000030517578;60.18000030517578;58.83000183105469;59.11000061035156;2686200;56.225196838378906
2017-07-27;59.400001525878906;59.61000061035156;56.970001220703125;57.939998626708984;4178500;55.11228942871094
2017-07-28;57.540000915527344;57.97999954223633;56.900001525878906;57.459999084472656;3394800;54.65571594238281
2017-07-31;57.81999969482422;57.970001220703125;56.279998779296875;56.93000030517578;3346200;54.15158462524414
2017-08-01;57.75;57.75;56.2599983215332;57.2599983215332;2718700;54.46548080444336
2017-08-02;57.0099983215332;57.2599983215332;54.75;55.40999984741211;4267200;52.70576477050781
2017-08-03;55.540000915527344;55.70000076293945;54.08000183105469;54.54999923706055;2941100;51.88774490356445
2017-08-04;54.959999084472656;55.43000030517578;54.459999084472656;55.290000915527344;2426500;52.59162902832031
2017-08-07;55.560001373291016;56.02000045776367;54.70000076293945;55.599998474121094;2478400;52.88649368286133
2017-08-08;55.459999084472656;57.130001068115234;54.63999938964844;55.040000915527344;4285400;52.353824615478516
2017-08-09;53.97999954223633;54.29999923706055;53.0099983215332;53.61000061035156;4576600;50.993614196777344
2017-08-10;53.0;53.0;50.689998626708984;50.7599983215332;5586100;48.2827033996582
2017-08-11;50.630001068115234;51.20000076293945;50.13999938964844;50.86000061035156;3796000;48.37783432006836
2017-08-14;51.779998779296875;53.2400016784668;51.72999954223633;53.15999984741211;4012200;50.565582275390625
2017-08-15;53.47999954223633;53.47999954223633;51.83000183105469;51.91999816894531;3271900;49.38609313964844
2017-08-16;52.220001220703125;52.970001220703125;51.65999984741211;51.95000076293945;3504100;49.414642333984375
2017-08-17;51.380001068115234;52.189998626708984;49.06999969482422;49.06999969482422;5677600;46.675193786621094
2017-08-18;48.599998474121094;49.650001525878906;48.16999816894531;49.02000045776367;4919700;46.627628326416016
2017-08-21;48.810001373291016;49.15999984741211;48.20000076293945;48.9900016784668;3330300;46.599090576171875
2017-08-22;49.43000030517578;50.68000030517578;49.29999923706055;50.5;3096200;48.035396575927734
2017-08-23;49.65999984741211;50.810001373291016;49.33000183105469;50.220001220703125;2215900;47.76906204223633
2017-08-24;50.900001525878906;51.209999084472656;50.220001220703125;50.75;2764400;48.273193359375
2017-08-25;51.13999938964844;51.599998474121094;50.619998931884766;51.11000061035156;2473000;48.615623474121094
2017-08-28;51.68000030517578;51.939998626708984;51.0099983215332;51.779998779296875;2420800;49.2529296875
2017-08-29;50.689998626708984;52.15999984741211;50.400001525878906;51.79999923706055;2370900;49.27195739746094
2017-08-30;51.66999816894531;52.939998626708984;51.54999923706055;52.790000915527344;2479800;50.21363830566406
2017-08-31;53.43000030517578;54.56999969482422;53.15999984741211;54.349998474121094;2771700;51.697509765625
2017-09-01;54.650001525878906;55.369998931884766;54.29999923706055;55.220001220703125;2261000;52.52505111694336
2017-09-05;55.33000183105469;55.66999816894531;52.939998626708984;53.65999984741211;4144400;51.04117965698242
2017-09-06;54.29999923706055;54.599998474121094;53.54999923706055;53.93000030517578;2568300;51.297996520996094
2017-09-07;54.13999938964844;54.220001220703125;52.959999084472656;53.560001373291016;2572800;50.94606018066406
2017-09-08;53.310001373291016;54.310001373291016;52.9900016784668;53.66999816894531;2113800;51.050682067871094
2017-09-11;55.0;55.619998931884766;54.83000183105469;55.38999938964844;2589000;52.68675231933594
2017-09-12;55.790000915527344;56.52000045776367;55.529998779296875;56.349998474121094;2629700;53.599891662597656
2017-09-13;56.189998626708984;57.150001525878906;56.08000183105469;56.869998931884766;1991300;54.094520568847656
2017-09-14;56.65999984741211;57.09000015258789;56.22999954223633;56.66999816894531;1855600;53.904273986816406
2017-09-15;56.5;57.400001525878906;56.349998474121094;57.27000045776367;2426500;54.4749870300293
2017-09-18;57.630001068115234;59.040000915527344;57.59000015258789;58.5;2956000;55.64495849609375
2017-09-19;58.77000045776367;58.91999816894531;58.18000030517578;58.5;1274400;55.64495849609375
2017-09-20;58.72999954223633;59.29999923706055;58.38999938964844;59.099998474121094;2051600;56.21567916870117
2017-09-21;59.290000915527344;59.599998474121094;58.650001525878906;58.939998626708984;1953300;56.06349182128906
2017-09-22;58.86000061035156;59.95000076293945;58.72999954223633;59.599998474121094;1994100;56.6912841796875
2017-09-25;59.599998474121094;60.41999816894531;58.869998931884766;59.91999816894531;3506500;56.995662689208984
2017-09-26;60.04999923706055;61.11000061035156;59.91999816894531;60.470001220703125;2416100;57.518821716308594
2017-09-27;61.72999954223633;64.52999877929688;61.150001525878906;64.04000091552734;4703800;60.91459655761719
2017-09-28;63.84000015258789;64.80000305175781;63.16999816894531;64.54000091552734;3681000;61.390193939208984
2017-09-29;64.61000061035156;65.30000305175781;64.36000061035156;64.9000015258789;3023500;61.73262023925781
2017-10-02;65.1500015258789;67.3499984741211;64.8499984741211;67.31999969482422;3413500;64.0345230102539
2017-10-03;67.55999755859375;67.75;66.47000122070312;67.75;3092400;64.44353485107422
2017-10-04;67.48999786376953;68.13999938964844;66.5199966430664;67.12999725341797;3470100;63.8537712097168
2017-10-05;67.69999694824219;68.1500015258789;67.1500015258789;67.66000366210938;2917000;64.35792541503906
2017-10-06;66.91000366210938;67.77999877929688;66.7300033569336;67.37000274658203;2876800;64.08206176757812
2017-10-09;67.58999633789062;68.2300033569336;66.20999908447266;66.55000305175781;3125600;63.30210494995117
2017-10-10;67.19999694824219;67.66000366210938;66.51000213623047;67.0999984741211;2941200;63.825260162353516
2017-10-11;67.16999816894531;67.5199966430664;66.56999969482422;66.94000244140625;1435400;63.67305374145508
2017-10-12;66.58999633789062;67.27999877929688;65.98999786376953;66.73999786376953;2164400;63.482826232910156
2017-10-13;67.16999816894531;67.2300033569336;66.23999786376953;66.43000030517578;2732700;63.187950134277344
2017-10-16;66.73999786376953;67.69999694824219;65.97000122070312;66.25;3431100;63.01673126220703
2017-10-17;66.27999877929688;66.94000244140625;65.27999877929688;65.66000366210938;2959300;62.455535888671875
2017-10-18;66.58000183105469;67.0999984741211;66.05000305175781;66.55000305175781;2519400;63.30210494995117
2017-10-19;65.55000305175781;66.31999969482422;64.77999877929688;66.31999969482422;3126800;63.08331298828125
2017-10-20;67.5;67.5999984741211;67.02999877929688;67.18000030517578;3021200;63.901336669921875
2017-10-23;67.43000030517578;67.43000030517578;65.54000091552734;65.68000030517578;3129500;62.47454833984375
2017-10-24;66.33999633789062;66.9000015258789;65.91999816894531;66.06999969482422;2782300;62.84552764892578
2017-10-25;65.76000213623047;65.8499984741211;63.5;65.0999984741211;4082800;61.92286682128906
2017-10-26;65.72000122070312;66.2699966430664;65.19000244140625;65.55999755859375;2081600;62.360408782958984
2017-10-27;65.68000030517578;67.02999877929688;64.91999816894531;66.87000274658203;4764300;63.60646438598633
2017-10-30;65.68000030517578;66.43000030517578;63.66999816894531;64.76000213623047;5325700;61.59946060180664
2017-10-31;65.5;66.81999969482422;65.30999755859375;66.16000366210938;3561500;62.9311408996582
2017-11-01;67.7300033569336;67.7699966430664;63.7400016784668;64.88999938964844;5440800;61.72311019897461
2017-11-02;64.73999786376953;66.02999877929688;64.06999969482422;65.3499984741211;3602600;62.1606559753418
2017-11-03;65.0199966430664;65.6500015258789;64.4800033569336;65.12000274658203;2703900;61.9418830871582
2017-11-06;65.30000305175781;66.19999694824219;64.9000015258789;65.4800033569336;2555600;62.28432083129883
2017-11-07;65.37999725341797;65.48999786376953;62.47999954223633;63.16999816894531;5373300;60.087039947509766
2017-11-08;62.650001525878906;63.65999984741211;61.61000061035156;63.400001525878906;3494400;60.30582046508789
2017-11-09;62.189998626708984;63.560001373291016;60.88999938964844;62.63999938964844;4127000;59.58292007446289
2017-11-10;62.65999984741211;63.18000030517578;62.220001220703125;62.5099983215332;2733700;59.459259033203125
2017-11-13;61.709999084472656;62.779998779296875;61.119998931884766;62.529998779296875;2157200;59.47828674316406
2017-11-14;61.83000183105469;62.380001068115234;61.25;62.04999923706055;2732500;59.021724700927734
2017-11-15;60.91999816894531;62.029998779296875;59.84000015258789;61.22999954223633;3058000;58.241722106933594
2017-11-16;62.02000045776367;64.70999908447266;61.97999954223633;63.939998626708984;3357100;60.81947708129883
2017-11-17;63.290000915527344;65.51000213623047;63.150001525878906;64.73999786376953;2361100;61.58042526245117
2017-11-20;65.16000366210938;66.2300033569336;64.6500015258789;66.1500015258789;2903900;62.92161560058594
2017-11-21;67.05999755859375;68.5;66.9000015258789;68.2300033569336;4314900;64.90009307861328
2017-11-22;68.56999969482422;69.18000030517578;67.94999694824219;68.01000213623047;2225900;64.69084930419922
2017-11-24;68.47000122070312;68.63999938964844;67.83000183105469;68.08000183105469;1582800;64.7574234008789
2017-11-27;68.5;68.91999816894531;67.37000274658203;67.38999938964844;2961500;64.10108184814453
2017-11-28;68.12999725341797;70.66999816894531;67.66000366210938;70.58999633789062;4317100;67.14492797851562
2017-11-29;71.26000213623047;72.45999908447266;70.72000122070312;71.26000213623047;3759700;67.78223419189453
2017-11-30;72.3499984741211;72.94999694824219;71.2300033569336;71.58999633789062;4711400;68.09611511230469
2017-12-01;71.62000274658203;71.7699966430664;64.87999725341797;70.72000122070312;7230100;67.2685775756836
2017-12-04;73.36000061035156;74.08999633789062;69.83000183105469;70.01000213623047;4704500;66.59324645996094
2017-12-05;70.69000244140625;70.69000244140625;67.93000030517578;67.93000030517578;4407900;64.61473083496094
2017-12-06;67.77999877929688;68.26000213623047;66.63999938964844;67.0;4403000;63.730140686035156
2017-12-07;67.08000183105469;69.16999816894531;66.69999694824219;68.33000183105469;4080700;64.99523162841797
2017-12-08;69.16999816894531;69.6500015258789;68.31999969482422;68.4800033569336;3204800;65.13789367675781
2017-12-11;68.83000183105469;69.44999694824219;67.9800033569336;68.37000274658203;3210600;65.03327178955078
2017-12-12;68.86000061035156;69.18000030517578;67.70999908447266;67.80999755859375;2299400;64.50059509277344
2017-12-13;67.68000030517578;70.18000030517578;67.66999816894531;68.93000030517578;4048700;65.56594848632812
2017-12-14;69.11000061035156;69.52999877929688;66.05000305175781;66.69999694824219;4945700;63.444759368896484
2017-12-15;67.94000244140625;70.79000091552734;66.25;69.51000213623047;4980200;66.11764526367188
2017-12-18;71.5;72.86000061035156;71.1500015258789;72.2699966430664;3711000;68.74292755126953
2017-12-19;72.7300033569336;72.79000091552734;70.12999725341797;70.44000244140625;3796700;67.10067749023438
2017-12-20;71.4000015258789;71.62999725341797;70.12999725341797;70.80999755859375;3199700;67.45313262939453
2017-12-21;71.37000274658203;72.48999786376953;71.19999694824219;71.73999786376953;2764600;68.33902740478516
2017-12-22;71.66999816894531;71.66999816894531;70.8499984741211;71.33000183105469;1676500;67.94849395751953
2017-12-26;71.19000244140625;71.66000366210938;70.91999816894531;71.41000366210938;1892000;68.02468872070312
2017-12-27;71.41000366210938;72.36000061035156;70.81999969482422;71.30000305175781;2110400;67.91989135742188
2017-12-28;71.45999908447266;72.05000305175781;71.11000061035156;72.04000091552734;1760300;68.62481689453125
2017-12-29;72.61000061035156;72.63999938964844;70.19999694824219;70.2699966430664;3444100;66.93871307373047
2018-01-02;71.31999969482422;72.30000305175781;70.30000305175781;72.26000213623047;3278500;68.83439636230469
2018-01-03;72.1500015258789;73.0;71.69999694824219;72.44999694824219;3026600;69.015380859375
2018-01-04;73.68000030517578;73.95999908447266;72.4000015258789;72.9800033569336;3105000;69.52027893066406
2018-01-05;73.56999969482422;73.69999694824219;72.30000305175781;73.45999908447266;3930400;69.97750854492188
2018-01-08;73.33000183105469;74.08000183105469;71.61000061035156;73.73999786376953;4230500;70.24423217773438
2018-01-09;74.05000305175781;74.47000122070312;73.36000061035156;73.48999786376953;2949300;70.00606536865234
2018-01-10;73.04000091552734;73.91999816894531;72.19000244140625;73.43000030517578;3362900;69.94889068603516
2018-01-11;73.83999633789062;77.47000122070312;73.68000030517578;77.2699966430664;3904500;73.60687255859375
2018-01-12;77.61000061035156;79.2300033569336;77.2300033569336;78.18000030517578;3192600;74.4737319946289
2018-01-16;79.22000122070312;80.06999969482422;74.75;75.23999786376953;5531100;71.6731185913086
2018-01-17;76.1500015258789;77.77999877929688;75.41999816894531;77.37000274658203;3443700;73.7021484375
2018-01-18;76.75;77.19000244140625;75.55999755859375;75.80000305175781;3639900;72.2065658569336
2018-01-19;76.0;78.80000305175781;75.77999877929688;78.6500015258789;4026200;74.92146301269531
2018-01-22;78.33000183105469;79.9000015258789;78.27999877929688;79.88999938964844;3333900;76.1026611328125
2018-01-23;79.63999938964844;81.19999694824219;78.86000061035156;80.66999816894531;3589800;76.84568786621094
2018-01-24;81.38999938964844;81.75;78.41999816894531;79.26000213623047;4227400;75.50255584716797
2018-01-25;80.25;80.6500015258789;78.08999633789062;79.31999969482422;3566300;75.5596923828125
2018-01-26;79.9800033569336;80.20999908447266;78.86000061035156;80.13999938964844;2480200;76.3408203125
2018-01-29;79.31999969482422;80.4800033569336;78.66000366210938;78.79000091552734;3129700;75.0548095703125
2018-01-30;77.22000122070312;78.05000305175781;75.87000274658203;76.55999755859375;3740300;72.93054962158203
2018-01-31;77.36000061035156;78.30000305175781;74.68000030517578;75.41000366210938;3348600;71.83503723144531
2018-02-01;74.41000366210938;76.5199966430664;74.13999938964844;76.0199966430664;3069000;72.4161376953125
2018-02-02;74.80000305175781;74.95999908447266;71.16999816894531;71.66000366210938;5443500;68.2628402709961
2018-02-05;69.88999938964844;71.51000213623047;60.810001373291016;63.540000915527344;6739800;60.527774810791016
2018-02-06;60.029998779296875;66.5;58.75;65.66999816894531;6594900;62.556800842285156
2018-02-07;65.55000305175781;67.08000183105469;64.22000122070312;65.7300033569336;4023700;62.613975524902344
2018-02-08;65.98999786376953;66.04000091552734;60.0;60.0099983215332;4678300;57.16511535644531
2018-02-09;61.70000076293945;63.0;56.369998931884766;61.52000045776367;6970800;58.60353088378906
2018-02-12;61.810001373291016;64.27999877929688;60.0099983215332;63.31999969482422;4432400;60.318199157714844
2018-02-13;62.34000015258789;64.12999725341797;61.790000915527344;63.77000045776367;2565100;60.74686813354492
2018-02-14;62.560001373291016;67.56999969482422;62.06999969482422;67.05999755859375;4338100;63.88090896606445
2018-02-15;68.47000122070312;69.3499984741211;66.33999633789062;69.27999877929688;3650400;65.9956283569336
2018-02-16;69.05999755859375;71.27999877929688;69.0;69.91000366210938;3034800;66.59579467773438
2018-02-20;68.91000366210938;70.61000061035156;67.77999877929688;68.30000305175781;3073800;65.0621337890625
2018-02-21;68.81999969482422;71.91999816894531;68.25;68.5;3830200;65.25263977050781
2018-02-22;69.29000091552734;70.87999725341797;68.05000305175781;68.1500015258789;2908700;64.9192123413086
2018-02-23;69.5;70.81999969482422;68.37000274658203;70.77999877929688;3227100;67.4245376586914
2018-02-26;71.48999786376953;72.55999755859375;70.16999816894531;72.13999938964844;3224900;68.72008514404297
2018-02-27;72.36000061035156;73.38999938964844;69.08000183105469;69.11000061035156;3961100;65.83372497558594
2018-02-28;69.6500015258789;70.25;65.77999877929688;65.9000015258789;4771700;62.775882720947266
2018-03-01;65.51000213623047;67.4000015258789;63.2400016784668;65.27999877929688;5695000;62.185302734375
2018-03-02;63.619998931884766;68.91000366210938;63.25;68.41999816894531;4835200;65.17642211914062
2018-03-05;67.7699966430664;70.94000244140625;67.22000122070312;70.12999725341797;3629100;66.80536651611328
2018-03-06;71.19999694824219;72.41999816894531;69.0;72.38999938964844;3810800;68.95820617675781
2018-03-07;71.08999633789062;74.58000183105469;70.81999969482422;74.27999877929688;4232400;70.75862121582031
2018-03-08;74.56999969482422;75.37000274658203;72.5999984741211;73.87000274658203;3487800;70.36807250976562
2018-03-09;75.0;77.45999908447266;74.48999786376953;77.27999877929688;3492400;73.61639404296875
2018-03-12;77.83999633789062;78.44000244140625;76.7699966430664;77.80000305175781;2424300;74.11177062988281
2018-03-13;78.94000244140625;79.37999725341797;76.22000122070312;76.5999984741211;2956600;72.96863555908203
2018-03-14;77.81999969482422;78.0;75.1500015258789;75.61000061035156;2710100;72.02557373046875
2018-03-15;76.05000305175781;76.19999694824219;73.69999694824219;74.4800033569336;2402300;70.94915771484375
2018-03-16;74.4800033569336;76.37999725341797;74.2300033569336;75.58000183105469;1792600;71.99699401855469
2018-03-19;74.73999786376953;74.80000305175781;70.9000015258789;73.54000091552734;3391200;70.05370330810547
2018-03-20;74.02999877929688;74.52999877929688;72.80000305175781;73.55000305175781;1744500;70.0632553100586
2018-03-21;73.56999969482422;76.26000213623047;73.43000030517578;74.66999816894531;2543400;71.13014221191406
2018-03-22;73.08000183105469;74.45999908447266;69.80999755859375;69.83000183105469;4884600;66.51959228515625
2018-03-23;70.1500015258789;70.58000183105469;65.20999908447266;65.27999877929688;4469200;62.185302734375
2018-03-26;67.91000366210938;69.5999984741211;65.7699966430664;69.56999969482422;3729400;66.27192687988281
2018-03-27;70.0;70.04000091552734;64.58000183105469;65.55000305175781;4346500;62.44247817993164
2018-03-28;66.0199966430664;66.72000122070312;64.19999694824219;65.4000015258789;3125100;62.299591064453125
2018-03-29;66.41000366210938;68.98999786376953;65.97000122070312;67.33999633789062;3606600;64.14762115478516
2018-04-02;66.9800033569336;67.68000030517578;61.13999938964844;62.560001373291016;4961700;59.59423065185547
2018-04-03;63.619998931884766;65.5;62.61000061035156;65.05000305175781;3840000;61.96620559692383
2018-04-04;62.75;68.05000305175781;62.439998626708984;67.4000015258789;5028400;64.20478820800781
2018-04-05;68.68000030517578;69.41000366210938;67.66999816894531;69.05999755859375;2986700;65.78608703613281
2018-04-06;67.73999786376953;69.13999938964844;63.43000030517578;65.18000030517578;4331900;62.090030670166016
2018-04-09;66.4000015258789;67.91000366210938;65.08999633789062;65.19999694824219;2796300;62.109073638916016
2018-04-10;67.30000305175781;69.61000061035156;66.69999694824219;68.81999969482422;3103600;65.55745697021484
2018-04-11;68.08999633789062;70.1500015258789;67.91000366210938;69.33999633789062;2887000;66.05280303955078
2018-04-12;70.3499984741211;71.5999984741211;69.66000366210938;70.66000366210938;2683000;67.31024169921875
2018-04-13;71.44999694824219;71.44999694824219;69.05999755859375;69.70999908447266;2839400;66.40528106689453
2018-04-16;70.86000061035156;72.1500015258789;69.87000274658203;71.4800033569336;2348900;68.09137725830078
2018-04-17;72.66999816894531;74.41999816894531;72.33000183105469;73.75;2357500;70.25374603271484
2018-04-18;74.43000030517578;75.69000244140625;73.9800033569336;74.37000274658203;1819500;70.8443603515625
2018-04-19;73.9800033569336;74.4800033569336;72.18000030517578;72.88999938964844;2140700;69.43451690673828
2018-04-20;72.43000030517578;73.31999969482422;71.13999938964844;71.70999908447266;2159500;68.31045532226562
2018-04-23;72.02999877929688;72.69999694824219;70.33999633789062;71.37000274658203;1904800;67.98658752441406
2018-04-24;72.19000244140625;73.1500015258789;68.47000122070312;70.19000244140625;3392800;66.86251831054688
2018-04-25;70.11000061035156;70.63999938964844;68.16000366210938;69.86000061035156;2293100;66.54817199707031
2018-04-26;70.16000366210938;71.44999694824219;69.5199966430664;70.77999877929688;2163900;67.4245376586914
2018-04-27;70.69000244140625;71.33999633789062;69.22000122070312;70.45999908447266;2024100;67.11969757080078
2018-04-30;70.87999725341797;71.70999908447266;68.54000091552734;68.54000091552734;2117700;65.2907485961914
2018-05-01;68.20999908447266;69.83999633789062;66.44999694824219;69.51000213623047;2575200;66.21475982666016
2018-05-02;69.12000274658203;71.79000091552734;68.9800033569336;70.23999786376953;1872800;66.91014862060547
2018-05-03;69.61000061035156;70.08999633789062;66.94000244140625;69.0999984741211;3238000;65.82421112060547
2018-05-04;68.44000244140625;72.69999694824219;67.79000091552734;71.62000274658203;2439800;68.22473907470703
2018-05-07;72.37000274658203;74.58000183105469;72.18000030517578;73.41000366210938;2645200;69.92987823486328
2018-05-08;73.27999877929688;74.56999969482422;73.05000305175781;74.56999969482422;2678300;71.03488159179688
2018-05-09;74.81999969482422;76.36000061035156;74.0;75.79000091552734;3051700;72.19703674316406
2018-05-10;76.12999725341797;77.9000015258789;75.9000015258789;76.94000244140625;2222000;73.29253387451172
2018-05-11;76.94000244140625;77.77999877929688;76.20999908447266;77.33999633789062;2047300;73.6735610961914
2018-05-14;77.63999938964844;78.58000183105469;76.27999877929688;76.54000091552734;2373400;72.91148376464844
2018-05-15;75.80000305175781;76.9800033569336;74.9800033569336;76.51000213623047;2238900;72.8829116821289
2018-05-16;76.83000183105469;79.45999908447266;76.83000183105469;78.81999969482422;2272900;75.08338928222656
2018-05-17;79.0;80.48999786376953;78.68000030517578;79.93000030517578;2315700;76.1407699584961
2018-05-18;80.33999633789062;80.9000015258789;79.7699966430664;80.20999908447266;1713400;76.40748596191406
2018-05-21;81.0;82.2699966430664;81.0;81.8499984741211;2506300;77.9697265625
2018-05-22;82.36000061035156;82.43000030517578;79.91999816894531;80.08000183105469;2089300;76.28368377685547
2018-05-23;79.4800033569336;80.8499984741211;79.19999694824219;80.43000030517578;2108500;76.6170654296875
2018-05-24;80.30999755859375;80.94000244140625;78.43000030517578;80.5;2283700;76.68376159667969
2018-05-25;80.06999969482422;80.62000274658203;79.61000061035156;80.05000305175781;1745200;76.25508880615234
2018-05-29;78.68000030517578;80.69000244140625;77.62000274658203;79.70999908447266;2459800;75.93122100830078
2018-05-30;80.93000030517578;83.83999633789062;80.9000015258789;83.29000091552734;2218400;79.34150695800781
2018-05-31;83.45999908447266;83.87000274658203;80.81999969482422;81.19000244140625;2160800;77.3410415649414
2018-06-01;82.95999908447266;83.79000091552734;82.1500015258789;83.04000091552734;2573300;79.10335540771484
2018-06-04;83.66999816894531;84.25;82.19999694824219;84.19999694824219;2709300;80.20834350585938
2018-06-05;83.9800033569336;85.86000061035156;83.69999694824219;85.79000091552734;2402400;81.72296905517578
2018-06-06;85.83999633789062;87.62999725341797;85.58000183105469;87.5999984741211;2279400;83.4471664428711
2018-06-07;87.94999694824219;88.13999938964844;85.0;86.19999694824219;2687900;82.11354064941406
2018-06-08;86.23999786376953;87.11000061035156;85.80000305175781;87.02999877929688;1996100;82.9041976928711
2018-06-11;87.19999694824219;87.88999938964844;86.63999938964844;87.37999725341797;2445200;83.23757934570312
2018-06-12;87.58000183105469;89.16000366210938;87.27999877929688;88.41999816894531;2650400;84.22830200195312
2018-06-13;88.87000274658203;89.02999877929688;87.0999984741211;87.45999908447266;2894000;83.31379699707031
2018-06-14;88.37999725341797;88.95999908447266;87.04000091552734;88.83000183105469;3192400;84.61885070800781
2018-06-15;87.94999694824219;88.95999908447266;86.86000061035156;88.75;3196700;84.54265594482422
2018-06-18;87.5;90.12999725341797;87.18000030517578;90.08999633789062;3096000;85.81909942626953
2018-06-19;88.5199966430664;90.4000015258789;86.87000274658203;90.23999786376953;4094900;85.9620132446289
2018-06-20;91.52999877929688;92.66999816894531;90.73999786376953;92.36000061035156;2070900;87.98151397705078
2018-06-21;92.33999633789062;92.44999694824219;88.76000213623047;89.68000030517578;3673700;85.4285659790039
2018-06-22;90.69999694824219;90.81999969482422;87.98999786376953;88.6500015258789;3239700;84.44740295410156
2018-06-25;87.80000305175781;88.05000305175781;83.02999877929688;84.47000122070312;4795600;80.46556091308594
2018-06-26;84.7300033569336;86.87999725341797;84.12000274658203;86.05999755859375;2597300;81.98017120361328
2018-06-27;86.1500015258789;86.66000366210938;81.69999694824219;81.80999755859375;3394900;77.93165588378906
2018-06-28;81.54000091552734;83.01000213623047;80.08000183105469;82.4800033569336;3446900;78.56988525390625
2018-06-29;83.18000030517578;84.23999786376953;82.08999633789062;82.16000366210938;2588200;78.26505279541016
2018-07-02;80.73999786376953;84.05999755859375;80.3499984741211;83.9800033569336;2807300;79.99878692626953
2018-07-03;84.58999633789062;86.06999969482422;84.56999969482422;84.91000366210938;1297900;80.88468933105469
2018-07-05;86.33999633789062;87.8499984741211;84.70999908447266;87.83999633789062;2540700;83.67576599121094
2018-07-06;88.01000213623047;90.30000305175781;87.2699966430664;90.0;2152100;85.73340606689453
2018-07-09;91.29000091552734;91.70999908447266;90.23999786376953;91.70999908447266;2225600;87.36235046386719
2018-07-10;92.13999938964844;92.56999969482422;88.91000366210938;90.3499984741211;3178500;86.06678771972656
2018-07-11;89.0199966430664;90.55000305175781;88.08999633789062;88.2300033569336;2675300;84.04730987548828
2018-07-12;89.69000244140625;89.91999816894531;87.43000030517578;89.33999633789062;2788100;85.10467529296875
2018-07-13;89.30999755859375;90.6500015258789;88.6500015258789;88.72000122070312;2147600;84.51406860351562
2018-07-16;89.06999969482422;89.56999969482422;86.29000091552734;87.55999755859375;2499000;83.4090576171875
2018-07-17;87.4800033569336;89.41999816894531;87.2699966430664;88.6500015258789;2142000;84.44740295410156
2018-07-18;88.45999908447266;89.55000305175781;87.19999694824219;89.41999816894531;2166900;85.18087768554688
2018-07-19;89.05999755859375;91.4000015258789;88.26000213623047;91.16999816894531;2894100;86.8479232788086
2018-07-20;90.6500015258789;91.41999816894531;89.94999694824219;90.11000061035156;2547700;85.83818054199219
2018-07-23;89.87999725341797;91.16999816894531;89.04000091552734;90.41999816894531;2065200;86.13348388671875
2018-07-24;91.5999984741211;92.16000366210938;86.54000091552734;87.5999984741211;4071600;83.4471664428711
2018-07-25;87.7300033569336;88.5;86.37999725341797;88.43000030517578;2648100;84.2378158569336
2018-07-26;88.72000122070312;91.4000015258789;88.54000091552734;89.81999969482422;3152300;85.56193542480469
2018-07-27;90.12999725341797;90.37000274658203;84.1500015258789;84.91000366210938;3578600;80.88468933105469
2018-07-30;84.83999633789062;85.98999786376953;83.04000091552734;83.23999786376953;2151200;79.29385375976562
2018-07-31;83.76000213623047;86.8499984741211;83.51000213623047;85.77999877929688;2397600;81.71345520019531
2018-08-01;85.45999908447266;86.27999877929688;83.5999984741211;85.55000305175781;2207900;81.49435424804688
2018-08-02;84.31999969482422;87.73999786376953;84.2699966430664;87.37999725341797;2183700;83.23757934570312
2018-08-03;87.6500015258789;88.41999816894531;85.23999786376953;86.27999877929688;2688600;82.18975067138672
2018-08-06;86.27999877929688;88.12999725341797;85.69000244140625;87.83999633789062;2259900;83.67576599121094
2018-08-07;88.69000244140625;89.66000366210938;88.27999877929688;88.44000244140625;1927200;84.24735260009766
2018-08-08;88.44999694824219;88.87000274658203;86.56999969482422;88.29000091552734;2441000;84.10446166992188
2018-08-09;88.38999938964844;89.9800033569336;88.19999694824219;88.8499984741211;1906800;84.63790130615234
2018-08-10;87.2699966430664;89.87999725341797;87.19999694824219;88.0999984741211;2851400;83.9234619140625
2018-08-13;88.5;88.88999938964844;85.5199966430664;86.55000305175781;2685100;82.44696044921875
2018-08-14;87.12000274658203;89.66999816894531;87.05999755859375;89.12000274658203;2657800;84.8951187133789
2018-08-15;88.33999633789062;88.5;84.29000091552734;85.80000305175781;3797300;81.73249816894531
2018-08-16;86.94000244140625;88.91000366210938;86.62999725341797;87.98999786376953;2573500;83.81867218017578
2018-08-17;87.79000091552734;89.37000274658203;86.9800033569336;89.2300033569336;2492500;84.99989318847656
2018-08-20;90.0;90.48999786376953;88.43000030517578;89.93000030517578;2525000;85.66671752929688
2018-08-21;90.4000015258789;93.97000122070312;90.4000015258789;92.97000122070312;3856900;88.5625991821289
2018-08-22;92.75;94.16999816894531;92.45999908447266;93.69000244140625;2351700;89.24844360351562
2018-08-23;93.5999984741211;94.22000122070312;92.0199966430664;92.86000061035156;2656100;88.45780181884766
2018-08-24;93.5999984741211;94.56999969482422;93.3499984741211;94.16999816894531;2015000;89.7057113647461
2018-08-27;95.16999816894531;96.5;94.37999725341797;94.75;2754900;90.25821685791016
2018-08-28;95.25;95.73999786376953;93.45999908447266;94.73999786376953;1992900;90.24868774414062
2018-08-29;94.98999786376953;96.19000244140625;94.02999877929688;95.75;2059000;91.21080780029297
2018-08-30;95.16999816894531;96.93000030517578;94.62999725341797;95.48999786376953;2701500;90.963134765625
2018-08-31;94.80000305175781;97.12000274658203;94.76000213623047;96.51000213623047;2036000;91.93476104736328
2018-09-04;96.05000305175781;96.68000030517578;93.37999725341797;95.36000061035156;3825500;90.83929443359375
2018-09-05;95.11000061035156;95.12000274658203;92.12000274658203;94.52999877929688;2847200;90.04865264892578
2018-09-06;95.05000305175781;95.55000305175781;92.2300033569336;92.5199966430664;2766700;88.13394165039062
2018-09-07;91.83000183105469;93.80999755859375;90.91000366210938;92.26000213623047;2253800;87.88626861572266
2018-09-10;93.5;94.1500015258789;92.11000061035156;92.88999938964844;2228600;88.48638916015625
2018-09-11;92.38999938964844;94.04000091552734;91.47000122070312;93.13999938964844;2328400;88.72451782226562
2018-09-12;92.73999786376953;93.16999816894531;90.38999938964844;92.43000030517578;2611500;88.04820251464844
2018-09-13;93.5;93.91999816894531;91.8499984741211;92.41000366210938;1703200;88.02912902832031
2018-09-14;92.6500015258789;94.47000122070312;92.05000305175781;93.63999938964844;2326000;89.20084381103516
2018-09-17;93.66000366210938;93.83000183105469;90.30999755859375;90.55999755859375;2313600;86.26683807373047
2018-09-18;91.0;92.44000244140625;90.75;91.69999694824219;2044300;87.352783203125
2018-09-19;91.77999877929688;93.0;89.80999755859375;90.66000366210938;2005300;86.36209106445312
2018-09-20;91.80000305175781;93.30000305175781;91.0;93.19000244140625;2068500;88.77217102050781
2018-09-21;94.0;94.12000274658203;91.58000183105469;91.69000244140625;1916300;87.3432846069336
2018-09-24;91.69000244140625;92.0;89.22000122070312;90.80999755859375;1883400;86.5049819946289
2018-09-25;91.22000122070312;91.94999694824219;90.91999816894531;91.20999908447266;1069200;86.8994140625
2018-09-26;91.77999877929688;91.86000061035156;88.30000305175781;88.66000366210938;2045400;84.46992492675781
2018-09-27;89.25;89.7300033569336;88.26000213623047;88.66999816894531;1829600;84.47947692871094
2018-09-28;87.81999969482422;90.1500015258789;87.73999786376953;89.51000213623047;1598600;85.27976989746094
2018-10-01;90.5999984741211;90.68000030517578;85.02999877929688;85.79000091552734;2831200;81.73558044433594
2018-10-02;85.70999908447266;86.20999908447266;82.58999633789062;83.16999816894531;2325500;79.23938751220703
2018-10-03;84.13999938964844;86.4000015258789;83.11000061035156;85.33000183105469;3210100;81.29730987548828
2018-10-04;84.41999816894531;84.69999694824219;80.87000274658203;81.77999877929688;3300300;77.91510009765625
2018-10-05;81.9000015258789;82.37999725341797;77.19000244140625;79.41000366210938;3480500;75.65708923339844
2018-10-08;78.81999969482422;79.73999786376953;77.04000091552734;78.95999908447266;2772500;75.22835540771484
2018-10-09;78.69999694824219;80.2300033569336;77.68000030517578;77.97000122070312;3062200;74.2851333618164
2018-10-10;77.5;77.69000244140625;70.95999908447266;71.4000015258789;6040300;68.02567291259766
2018-10-11;70.22000122070312;72.26000213623047;67.05999755859375;67.18000030517578;5760800;64.00509643554688
2018-10-12;69.77999877929688;69.94999694824219;64.93000030517578;67.19000244140625;6106800;64.01461791992188
2018-10-15;66.87000274658203;69.33000183105469;65.75;67.91999816894531;4634600;64.71009826660156
2018-10-16;69.37000274658203;73.98999786376953;67.68000030517578;73.5999984741211;4070000;70.12166595458984
2018-10-17;73.08000183105469;73.12000274658203;69.87000274658203;72.83000183105469;3412600;69.38806915283203
2018-10-18;71.98999786376953;72.30000305175781;67.81999969482422;68.8499984741211;3709000;65.5961685180664
2018-10-19;69.33999633789062;70.44000244140625;65.6500015258789;66.4000015258789;4404100;63.26195526123047
2018-10-22;67.19999694824219;67.8499984741211;65.3499984741211;65.9800033569336;3171600;62.861785888671875
2018-10-23;63.369998931884766;65.80999755859375;60.709999084472656;64.30999755859375;5628700;61.270713806152344
2018-10-24;63.939998626708984;64.6500015258789;56.86000061035156;56.97999954223633;5675300;54.28713607788086
2018-10-25;58.029998779296875;61.470001220703125;57.540000915527344;60.56999969482422;3634400;57.70746994018555
2018-10-26;58.7599983215332;60.97999954223633;55.279998779296875;58.54999923706055;6666500;55.78293228149414
2018-10-29;60.61000061035156;62.380001068115234;55.7599983215332;57.77000045776367;4659300;55.039798736572266
2018-10-30;57.869998931884766;61.439998626708984;57.529998779296875;61.119998931884766;5054200;58.231483459472656
2018-10-31;63.11000061035156;63.869998931884766;61.66999816894531;61.849998474121094;4669400;58.92697525024414
2018-11-01;62.619998931884766;66.20999908447266;62.56999969482422;65.77999877929688;4031100;62.6712532043457
2018-11-02;66.54000091552734;67.5999984741211;64.45999908447266;66.45999908447266;5119400;63.31911849975586
2018-11-05;66.54000091552734;67.30000305175781;64.33999633789062;66.30999755859375;3210300;63.17618942260742
2018-11-06;66.02999877929688;67.87000274658203;65.81999969482422;67.31999969482422;3053000;64.13846588134766
2018-11-07;68.19999694824219;70.87999725341797;67.4800033569336;70.80000305175781;4704500;67.4540023803711
2018-11-08;69.87999725341797;71.5199966430664;69.41999816894531;70.2699966430664;2348900;66.94905853271484
2018-11-09;68.97000122070312;68.97000122070312;64.87000274658203;66.45999908447266;4430100;63.31911849975586
2018-11-12;66.30999755859375;66.44999694824219;62.16999816894531;62.459999084472656;3744300;59.508148193359375
2018-11-13;63.11000061035156;64.93000030517578;61.47999954223633;61.77000045776367;3181200;58.85075759887695
2018-11-14;63.38999938964844;64.16000366210938;59.22999954223633;60.470001220703125;3530900;57.61220169067383
2018-11-15;59.290000915527344;63.27000045776367;58.849998474121094;63.08000183105469;4533700;60.098846435546875
2018-11-16;61.77000045776367;63.86000061035156;61.09000015258789;63.380001068115234;3864400;60.384674072265625
2018-11-19;63.11000061035156;63.5;58.97999954223633;59.650001525878906;3935900;56.830955505371094
2018-11-20;57.63999938964844;59.060001373291016;55.650001525878906;56.20000076293945;6404300;53.54399108886719
2018-11-21;56.9900016784668;59.95000076293945;56.70000076293945;58.36000061035156;2651100;55.60192108154297
2018-11-23;57.02000045776367;59.88999938964844;56.939998626708984;58.349998474121094;2580100;55.592384338378906
2018-11-26;59.95000076293945;61.189998626708984;59.22999954223633;60.4900016784668;3870400;57.63125991821289
2018-11-27;59.779998779296875;60.38999938964844;58.650001525878906;59.040000915527344;2949300;56.249778747558594
2018-11-28;59.65999984741211;63.5099983215332;57.95000076293945;63.369998931884766;4905500;60.37514877319336
2018-11-29;62.58000183105469;63.959999084472656;61.119998931884766;62.83000183105469;2819400;59.86066818237305
2018-11-30;62.29999923706055;64.05000305175781;61.880001068115234;63.70000076293945;2724600;60.689544677734375
2018-12-03;65.95999908447266;66.05000305175781;63.029998779296875;65.61000061035156;3978200;62.50927734375
2018-12-04;65.1500015258789;65.62000274658203;56.72999954223633;57.209999084472656;6963000;54.50625991821289
2018-12-06;54.83000183105469;56.7400016784668;52.40999984741211;56.68000030517578;5464400;54.00131607055664
2018-12-07;56.63999938964844;57.959999084472656;52.209999084472656;53.13999938964844;5302600;50.62860870361328
2018-12-10;53.2400016784668;53.83000183105469;50.220001220703125;52.630001068115234;4357800;50.1427116394043
2018-12-11;54.810001373291016;55.41999816894531;51.279998779296875;52.369998931884766;3926100;49.89499282836914
2018-12-12;53.9900016784668;56.04999923706055;53.869998931884766;53.93000030517578;4002900;51.38127517700195
2018-12-13;54.38999938964844;54.900001525878906;51.400001525878906;51.63999938964844;4339000;49.199501037597656
2018-12-14;50.470001220703125;52.11000061035156;48.720001220703125;49.27000045776367;4231100;46.941497802734375
2018-12-17;48.7599983215332;50.029998779296875;45.099998474121094;45.939998626708984;6091200;43.768882751464844
2018-12-18;47.189998626708984;48.119998931884766;45.2400016784668;45.72999954223633;4619600;43.568809509277344
2018-12-19;45.79999923706055;47.54999923706055;42.16999816894531;42.880001068115234;6102100;40.85349655151367
2018-12-20;42.540000915527344;43.29999923706055;39.290000915527344;40.79999923706055;10421600;38.871795654296875
2018-12-21;41.290000915527344;41.81999969482422;37.220001220703125;37.52000045776367;9133200;35.74681854248047
2018-12-24;37.02000045776367;37.65999984741211;35.369998931884766;35.43000030517578;5297000;33.75558090209961
2018-12-26;35.720001220703125;40.61000061035156;35.33000183105469;40.459999084472656;8450000;38.54786682128906
2018-12-27;38.7400016784668;40.79999923706055;36.58000183105469;40.720001220703125;8320300;38.926414489746094
2018-12-28;40.779998779296875;43.130001068115234;39.939998626708984;41.20000076293945;6757900;39.385284423828125
2018-12-31;41.959999084472656;42.25;40.15999984741211;42.09000015258789;4967000;40.236083984375
2019-01-02;40.47999954223633;43.27000045776367;39.84000015258789;42.81999969482422;6497200;40.933921813964844
2019-01-03;42.029998779296875;42.7599983215332;39.939998626708984;40.459999084472656;6656500;38.67787551879883
2019-01-04;42.02000045776367;45.380001068115234;41.79999923706055;45.04999923706055;6383400;43.065696716308594
2019-01-07;45.09000015258789;48.119998931884766;44.56999969482422;47.43000030517578;6054400;45.34086990356445
2019-01-08;48.61000061035156;49.560001373291016;47.13999938964844;49.4900016784668;5286600;47.310142517089844
2019-01-09;50.04999923706055;51.27000045776367;49.40999984741211;50.75;5635000;48.51464080810547
2019-01-10;49.86000061035156;51.599998474121094;49.099998474121094;51.4900016784668;4778100;49.222042083740234
2019-01-11;50.84000015258789;51.869998931884766;50.47999954223633;51.59000015258789;2923100;49.31764221191406
2019-01-14;50.65999984741211;51.279998779296875;49.84000015258789;50.04999923706055;2903100;47.845455169677734
2019-01-15;50.439998626708984;51.47999954223633;49.86000061035156;51.38999938964844;3483100;49.12644958496094
2019-01-16;51.5099983215332;53.20000076293945;51.5099983215332;52.38999938964844;3214600;50.082401275634766
2019-01-17;51.849998474121094;54.36000061035156;51.79999923706055;53.79999923706055;3079200;51.43030548095703
2019-01-18;54.61000061035156;56.099998474121094;54.0;55.4900016784668;3968500;53.045860290527344
2019-01-22;54.41999816894531;54.77000045776367;51.709999084472656;52.689998626708984;5192100;50.36918258666992
2019-01-23;53.18000030517578;54.04999923706055;51.099998474121094;52.349998474121094;3885800;50.044158935546875
2019-01-24;52.189998626708984;53.56999969482422;52.04999923706055;53.29999923706055;2317000;50.95232009887695
2019-01-25;54.5099983215332;55.619998931884766;54.29999923706055;55.34000015258789;3022900;52.9024543762207
2019-01-28;53.7599983215332;54.84000015258789;53.11000061035156;54.38999938964844;3403200;51.99430465698242
2019-01-29;54.560001373291016;54.70000076293945;53.65999984741211;54.040000915527344;2243800;51.65972137451172
2019-01-30;54.849998474121094;56.36000061035156;53.43000030517578;55.7599983215332;4110600;53.303958892822266
2019-01-31;55.560001373291016;57.459999084472656;55.470001220703125;57.11000061035156;3566000;54.59449768066406
2019-02-01;57.4900016784668;57.880001068115234;56.619998931884766;57.349998474121094;3053000;54.82392501831055
2019-02-04;57.540000915527344;59.310001373291016;56.95000076293945;59.29999923706055;2244600;56.68803787231445
2019-02-05;59.41999816894531;60.08000183105469;58.52000045776367;59.4900016784668;3176500;56.86967086791992
2019-02-06;59.43000030517578;59.810001373291016;58.33000183105469;59.25;1919500;56.64024353027344
2019-02-07;58.119998931884766;58.9900016784668;56.290000915527344;57.81999969482422;4282800;55.27323913574219
2019-02-08;56.97999954223633;57.970001220703125;56.40999984741211;57.95000076293945;2458200;55.397499084472656
2019-02-11;58.4900016784668;59.439998626708984;57.709999084472656;59.38999938964844;2702500;56.774070739746094
2019-02-12;60.380001068115234;61.84000015258789;60.31999969482422;61.56999969482422;3080900;58.85805130004883
2019-02-13;62.13999938964844;62.529998779296875;61.27000045776367;62.119998931884766;2882300;59.38382339477539
2019-02-14;61.08000183105469;63.2599983215332;60.88999938964844;62.540000915527344;3812100;59.78532791137695
2019-02-15;63.709999084472656;65.5;63.130001068115234;65.45999908447266;3544500;62.57670211791992
2019-02-19;64.66999816894531;66.5999984741211;64.63999938964844;66.01000213623047;2992900;63.102481842041016
2019-02-20;66.05999755859375;67.19999694824219;65.9000015258789;66.93000030517578;2711900;63.98195266723633
2019-02-21;66.63999938964844;66.91999816894531;65.23999786376953;66.16000366210938;3822700;63.24589920043945
2019-02-22;66.80000305175781;68.0199966430664;66.55000305175781;67.88999938964844;3076000;64.89966583251953
2019-02-25;69.06999969482422;69.62000274658203;67.80000305175781;67.91999816894531;3702800;64.9283447265625
2019-02-26;67.69999694824219;67.91999816894531;66.2699966430664;66.41999816894531;2992700;63.49443817138672
2019-02-27;65.76000213623047;66.94999694824219;65.29000091552734;66.77999877929688;3005200;63.83856964111328
2019-02-28;66.52999877929688;66.97000122070312;65.55000305175781;66.0199966430664;2204800;63.11204528808594
2019-03-01;67.54000091552734;68.0;66.02999877929688;67.87000274658203;3076500;64.88055419921875
2019-03-04;68.27999877929688;68.55000305175781;64.4800033569336;66.04000091552734;4649500;63.13114929199219
2019-03-05;66.16000366210938;66.19999694824219;64.95999908447266;65.16000366210938;2870400;62.28993606567383
2019-03-06;65.05999755859375;65.06999969482422;61.099998474121094;61.27000045776367;6012800;58.57127380371094
2019-03-07;61.22999954223633;61.38999938964844;59.27000045776367;59.650001525878906;5988700;57.02261734008789
2019-03-08;58.59000015258789;59.70000076293945;58.349998474121094;59.540000915527344;3850900;56.9174690246582
2019-03-11;60.08000183105469;62.66999816894531;59.849998474121094;62.65999984741211;3881800;59.900047302246094
2019-03-12;62.83000183105469;63.4900016784668;62.08000183105469;62.72999954223633;2971300;59.96695327758789
2019-03-13;63.45000076293945;64.4000015258789;63.220001220703125;63.4900016784668;2558200;60.693485260009766
2019-03-14;63.400001525878906;63.52000045776367;62.540000915527344;62.63999938964844;2222000;59.880924224853516
2019-03-15;62.900001525878906;64.5199966430664;62.65999984741211;63.150001525878906;2679300;60.36845779418945
2019-03-18;63.54999923706055;65.2300033569336;62.849998474121094;64.4000015258789;4415200;61.56339645385742
2019-03-19;65.30000305175781;65.36000061035156;62.939998626708984;63.439998626708984;3765400;60.64569091796875
2019-03-20;63.40999984741211;64.41000366210938;60.77000045776367;61.83000183105469;5133800;59.106605529785156
2019-03-21;61.16999816894531;65.16000366210938;61.16999816894531;64.2699966430664;6461900;61.43912124633789
2019-03-22;62.83000183105469;63.310001373291016;57.13999938964844;57.13999938964844;7994900;54.6231803894043
2019-03-25;57.04999923706055;59.099998474121094;55.779998779296875;57.869998931884766;4555200;55.321022033691406
2019-03-26;59.290000915527344;60.849998474121094;58.52000045776367;59.70000076293945;5255300;57.0704231262207
2019-03-27;59.560001373291016;60.130001068115234;56.939998626708984;59.0;5269900;56.4012565612793
2019-03-28;59.599998474121094;60.93000030517578;58.630001068115234;60.56999969482422;4791100;57.902099609375
2019-03-29;61.86000061035156;62.16999816894531;59.95000076293945;61.119998931884766;4986200;58.42787551879883
2019-04-01;62.560001373291016;63.27000045776367;61.86000061035156;63.09000015258789;5230700;60.31111145019531
2019-04-02;63.27000045776367;63.27000045776367;61.58000183105469;62.56999969482422;4044400;59.81401443481445
2019-04-03;64.2699966430664;64.7699966430664;63.06999969482422;63.540000915527344;4520500;60.74127960205078
2019-04-04;63.72999954223633;64.5999984741211;63.189998626708984;64.4800033569336;3728800;61.639888763427734
2019-04-05;64.94000244140625;66.38999938964844;64.77999877929688;66.2699966430664;4189400;63.35103225708008
2019-04-08;65.62999725341797;66.08999633789062;64.63999938964844;65.91999816894531;3633400;63.01644515991211
2019-04-09;65.12999725341797;65.4000015258789;63.16999816894531;63.529998779296875;5339200;60.73172378540039
2019-04-10;63.84000015258789;66.12999725341797;63.68000030517578;66.0999984741211;4044300;63.18852233886719
2019-04-11;66.33999633789062;66.52999877929688;65.45999908447266;65.80000305175781;3182400;62.901729583740234
2019-04-12;67.02999877929688;67.08999633789062;65.80000305175781;66.47000122070312;3259200;63.54222106933594
2019-04-15;66.81999969482422;67.0;65.01000213623047;65.80999755859375;2698700;62.91130065917969
2019-04-16;66.52999877929688;66.75;65.63999938964844;66.29000091552734;2809600;63.37016296386719
2019-04-17;66.98999786376953;67.01000213623047;63.349998474121094;64.41000366210938;4390700;61.57295608520508
2019-04-18;64.5;64.66000366210938;62.66999816894531;63.959999084472656;3785400;61.142784118652344
2019-04-22;63.459999084472656;64.04000091552734;62.5;63.31999969482422;2134800;60.53097152709961
2019-04-23;63.54999923706055;66.7699966430664;63.5099983215332;66.23999786376953;4606500;63.32234573364258
2019-04-24;66.30999755859375;67.5999984741211;65.94000244140625;66.83000183105469;3434400;63.88637924194336
2019-04-25;65.86000061035156;66.05000305175781;63.540000915527344;65.13999938964844;4135300;62.270809173583984
2019-04-26;65.37999725341797;67.25;64.68000030517578;67.04000091552734;3212800;64.08712005615234
2019-04-29;67.43000030517578;68.68000030517578;67.26000213623047;67.95999908447266;2706000;64.96659088134766
2019-04-30;68.08999633789062;68.12999725341797;65.33000183105469;66.93000030517578;3742000;63.98195266723633
2019-05-01;67.48999786376953;67.55000305175781;64.98999786376953;65.04000091552734;4290400;62.17522048950195
2019-05-02;64.81999969482422;66.7300033569336;63.68000030517578;65.94999694824219;4502300;63.04512405395508
2019-05-03;66.81999969482422;69.83999633789062;66.76000213623047;69.7300033569336;3709800;66.65863037109375
2019-05-06;66.58999633789062;70.44000244140625;66.41000366210938;69.98999786376953;4247000;66.90717315673828
2019-05-07;68.11000061035156;68.8499984741211;64.13999938964844;65.7699966430664;5693600;62.87305450439453
2019-05-08;65.44999694824219;66.48999786376953;64.66000366210938;64.81999969482422;3502000;61.964908599853516
2019-05-09;63.2400016784668;64.6500015258789;61.060001373291016;64.08999633789062;4877900;61.267051696777344
2019-05-10;63.33000183105469;64.83000183105469;60.97999954223633;64.5;5128200;61.65898895263672
2019-05-13;60.9900016784668;61.36000061035156;57.849998474121094;58.38999938964844;4651500;55.81812286376953
2019-05-14;58.83000183105469;61.290000915527344;58.470001220703125;60.61000061035156;2556900;57.940338134765625
2019-05-15;59.220001220703125;61.599998474121094;58.810001373291016;61.189998626708984;3603000;58.494789123535156
2019-05-16;61.70000076293945;63.66999816894531;61.630001068115234;62.369998931884766;3355100;59.62282180786133
2019-05-17;60.86000061035156;62.58000183105469;59.459999084472656;59.709999084472656;3828400;57.07997512817383
2019-05-20;58.560001373291016;59.630001068115234;57.97999954223633;58.400001525878906;2963400;55.82768249511719
2019-05-21;59.40999984741211;61.0;59.36000061035156;60.83000183105469;2277500;58.15064239501953
2019-05-22;60.040000915527344;60.47999954223633;58.630001068115234;59.15999984741211;2853300;56.554203033447266
2019-05-23;57.5;57.5;54.619998931884766;55.63999938964844;4580400;53.18925094604492
2019-05-24;56.630001068115234;57.41999816894531;55.9900016784668;56.97999954223633;2860000;54.4702262878418
2019-05-28;57.369998931884766;58.02000045776367;55.7599983215332;55.7599983215332;2424700;53.303958892822266
2019-05-29;54.849998474121094;54.959999084472656;53.22999954223633;54.34000015258789;4091700;51.946502685546875
2019-05-30;54.75;55.650001525878906;52.86000061035156;53.869998931884766;3887000;51.49720764160156
2019-05-31;51.900001525878906;52.599998474121094;50.959999084472656;51.650001525878906;3578200;49.375
2019-06-03;51.810001373291016;52.970001220703125;51.0;52.029998779296875;4847000;49.73825454711914
2019-06-04;53.70000076293945;56.25;53.41999816894531;56.119998931884766;4068700;53.64810562133789
2019-06-05;56.7599983215332;56.91999816894531;54.380001068115234;56.04999923706055;3587600;53.58119201660156
2019-06-06;56.08000183105469;56.5;54.040000915527344;55.689998626708984;3559400;53.23704528808594
2019-06-07;56.29999923706055;57.560001373291016;55.90999984741211;56.77000045776367;3906300;54.26947021484375
2019-06-10;57.540000915527344;59.400001525878906;57.529998779296875;57.81999969482422;3297000;55.27323913574219
2019-06-11;59.150001525878906;59.5099983215332;56.4900016784668;57.2599983215332;3655400;54.73788833618164
2019-06-12;57.13999938964844;57.84000015258789;56.529998779296875;57.43000030517578;2640600;54.90040969848633
2019-06-13;58.40999984741211;59.40999984741211;57.939998626708984;59.27000045776367;2925200;56.65936279296875
2019-06-14;59.06999969482422;59.099998474121094;57.720001220703125;57.77000045776367;2348200;55.22542953491211
2019-06-17;58.459999084472656;59.630001068115234;58.25;58.959999084472656;1850400;56.36301040649414
2019-06-18;60.099998474121094;62.27000045776367;59.849998474121094;60.880001068115234;3582500;58.19843673706055
2019-06-19;61.13999938964844;61.75;60.290000915527344;61.540000915527344;2888100;58.829368591308594
2019-06-20;63.33000183105469;63.540000915527344;61.439998626708984;62.41999816894531;3633900;59.67060852050781
2019-06-21;62.220001220703125;62.2400016784668;60.400001525878906;60.7400016784668;3140700;58.06461715698242
2019-06-24;61.25;61.310001373291016;58.5;58.540000915527344;3257200;55.96151351928711
2019-06-25;58.650001525878906;58.900001525878906;57.150001525878906;57.36000061035156;4256600;54.9903678894043
2019-06-26;57.91999816894531;58.52000045776367;56.869998931884766;56.970001220703125;3103200;54.61647033691406
2019-06-27;57.380001068115234;60.22999954223633;57.380001068115234;60.20000076293945;3813200;57.71303939819336
2019-06-28;60.45000076293945;62.849998474121094;60.439998626708984;62.310001373291016;8938300;59.73586654663086
2019-07-01;64.69000244140625;65.29000091552734;61.90999984741211;62.939998626708984;5423800;60.33984375
2019-07-02;62.900001525878906;62.9900016784668;60.7599983215332;61.86000061035156;3428600;59.30445861816406
2019-07-03;62.349998474121094;63.189998626708984;61.849998474121094;63.13999938964844;2022100;60.53157424926758
2019-07-05;62.130001068115234;63.650001525878906;61.380001068115234;63.619998931884766;2338100;60.99174499511719
2019-07-08;63.02000045776367;63.33000183105469;61.40999984741211;61.84000015258789;2518600;59.28528594970703
2019-07-09;60.970001220703125;62.029998779296875;60.90999984741211;61.95000076293945;2612500;59.390750885009766
2019-07-10;63.0;63.380001068115234;61.34000015258789;62.29999923706055;3402700;59.72628402709961
2019-07-11;62.619998931884766;62.619998931884766;60.56999969482422;61.369998931884766;3275300;58.83470153808594
2019-07-12;61.61000061035156;63.439998626708984;61.31999969482422;62.7599983215332;2936500;60.167274475097656
2019-07-15;63.31999969482422;63.349998474121094;61.279998779296875;61.720001220703125;2776400;59.17023849487305
2019-07-16;61.599998474121094;62.86000061035156;61.040000915527344;61.7400016784668;3110700;59.18941116333008
2019-07-17;61.720001220703125;61.83000183105469;59.90999984741211;60.45000076293945;3416400;57.95270919799805
2019-07-18;60.29999923706055;61.38999938964844;59.900001525878906;61.06999969482422;3867000;58.547080993652344
2019-07-19;61.31999969482422;61.869998931884766;60.0099983215332;60.08000183105469;3660700;57.597999572753906
2019-07-22;60.45000076293945;60.9900016784668;59.4900016784668;59.79999923706055;3587100;57.32956314086914
2019-07-23;60.540000915527344;61.0;59.630001068115234;61.0;3515800;58.479984283447266
2019-07-24;60.470001220703125;64.20999908447266;60.29999923706055;64.0199966430664;4626300;61.37522888183594
2019-07-25;63.939998626708984;63.939998626708984;61.349998474121094;61.650001525878906;4788100;59.103126525878906
2019-07-26;61.900001525878906;64.05000305175781;61.83000183105469;63.790000915527344;3682300;61.15473175048828
2019-07-29;63.790000915527344;64.04000091552734;61.88999938964844;62.54999923706055;3442700;59.96595764160156
2019-07-30;61.279998779296875;64.54000091552734;60.810001373291016;64.5;3674300;61.83539962768555
2019-07-31;64.47000122070312;66.25;61.77000045776367;63.0099983215332;5678400;60.40694046020508
2019-08-01;63.36000061035156;64.9000015258789;59.439998626708984;60.25;6983200;57.76096725463867
2019-08-02;59.099998474121094;59.599998474121094;56.70000076293945;58.18000030517578;6170500;55.77648162841797
2019-08-05;55.029998779296875;55.13999938964844;50.95000076293945;52.93000030517578;7083900;50.74338150024414
2019-08-06;53.91999816894531;54.779998779296875;52.290000915527344;54.40999984741211;4252800;52.162235260009766
2019-08-07;52.81999969482422;54.75;51.47999954223633;54.33000183105469;6436900;52.08553695678711
2019-08-08;55.2400016784668;57.91999816894531;55.04999923706055;57.84000015258789;4060800;55.450531005859375
2019-08-09;57.29999923706055;57.349998474121094;54.95000076293945;55.599998474121094;4570500;53.30307388305664
2019-08-12;54.709999084472656;55.060001373291016;53.08000183105469;53.459999084472656;3727500;51.251468658447266
2019-08-13;53.06999969482422;56.77000045776367;52.38999938964844;55.22999954223633;3904700;52.948360443115234
2019-08-14;52.599998474121094;52.63999938964844;50.16999816894531;50.58000183105469;6298400;48.49045944213867
2019-08-15;51.150001525878906;51.150001525878906;49.220001220703125;49.93000030517578;3787200;47.86730194091797
2019-08-16;50.619998931884766;53.400001525878906;50.619998931884766;53.150001525878906;3720000;50.954288482666016
2019-08-19;54.939998626708984;55.54999923706055;54.529998779296875;54.75;2679800;52.48817443847656
2019-08-20;54.5;54.58000183105469;53.4900016784668;53.650001525878906;2660000;51.43362808227539
2019-08-21;55.220001220703125;55.25;54.34000015258789;54.939998626708984;2495800;52.67033767700195
2019-08-22;55.279998779296875;55.709999084472656;53.61000061035156;54.5;3123300;52.248512268066406
2019-08-23;53.70000076293945;54.630001068115234;49.029998779296875;49.54999923706055;6558800;47.50300598144531
2019-08-26;50.959999084472656;51.16999816894531;49.79999923706055;51.16999816894531;3024500;49.05607986450195
2019-08-27;52.13999938964844;52.189998626708984;48.709999084472656;48.880001068115234;4292400;46.86069107055664
2019-08-28;48.56999969482422;51.40999984741211;48.25;50.56999969482422;3178200;48.48086929321289
2019-08-29;52.189998626708984;53.400001525878906;52.0;53.2400016784668;2981000;51.04056167602539
2019-08-30;54.0;54.11000061035156;52.060001373291016;52.95000076293945;2964800;50.762550354003906
2019-09-03;51.349998474121094;52.33000183105469;49.880001068115234;50.56999969482422;4707400;48.48086929321289
2019-09-04;51.9900016784668;52.31999969482422;51.11000061035156;51.810001373291016;2672600;49.66963577270508
2019-09-05;53.86000061035156;56.040000915527344;53.369998931884766;54.599998474121094;4366500;52.34437942504883
2019-09-06;54.72999954223633;55.34000015258789;53.83000183105469;53.91999816894531;3750600;51.692474365234375
2019-09-09;54.630001068115234;56.400001525878906;54.08000183105469;56.0099983215332;6282000;53.69612503051758
2019-09-10;55.79999923706055;58.279998779296875;54.90999984741211;58.130001068115234;5186700;55.728546142578125
2019-09-11;58.959999084472656;61.939998626708984;57.849998474121094;61.68000030517578;4897600;59.13189697265625
2019-09-12;61.97999954223633;62.77000045776367;60.060001373291016;61.7400016784668;4245200;59.18941116333008
2019-09-13;62.68000030517578;63.95000076293945;61.88999938964844;62.06999969482422;4488400;59.50578689575195
2019-09-16;61.70000076293945;63.77000045776367;61.34000015258789;62.7400016784668;3234800;60.148101806640625
2019-09-17;62.16999816894531;62.36000061035156;61.029998779296875;62.209999084472656;2895600;59.63999938964844
2019-09-18;62.220001220703125;62.25;59.38999938964844;61.0099983215332;4192300;58.48957443237305
2019-09-19;61.400001525878906;62.59000015258789;59.93000030517578;60.16999816894531;3310500;57.68427658081055
2019-09-20;60.099998474121094;61.20000076293945;58.68000030517578;59.75;3422600;57.2816276550293
2019-09-23;59.13999938964844;60.38999938964844;58.79999923706055;59.68000030517578;2092300;57.214508056640625
2019-09-24;60.130001068115234;60.2599983215332;56.279998779296875;56.970001220703125;4246500;54.61647033691406
2019-09-25;56.79999923706055;59.09000015258789;56.22999954223633;58.779998779296875;3275700;56.35169982910156
2019-09-26;58.63999938964844;58.63999938964844;56.36000061035156;56.880001068115234;2979800;54.530189514160156
2019-09-27;57.290000915527344;57.72999954223633;54.709999084472656;55.470001220703125;3592400;53.17844009399414
2019-09-30;55.630001068115234;56.619998931884766;55.029998779296875;55.66999816894531;2343400;53.37017059326172
2019-10-01;56.41999816894531;57.810001373291016;52.0099983215332;52.40999984741211;5479900;50.2448616027832
2019-10-02;51.52000045776367;51.52000045776367;49.689998626708984;51.099998474121094;5424600;48.98897171020508
2019-10-03;50.599998474121094;51.869998931884766;48.7400016784668;51.689998626708984;5475800;49.55459976196289
2019-10-04;51.939998626708984;53.189998626708984;50.9900016784668;53.08000183105469;3515500;50.88718032836914
2019-10-07;52.689998626708984;54.060001373291016;52.0;52.849998474121094;3012800;50.66667938232422
2019-10-08;51.29999923706055;51.77000045776367;49.86000061035156;50.22999954223633;4075400;48.1549186706543
2019-10-09;51.31999969482422;51.470001220703125;50.38999938964844;50.869998931884766;2368800;48.768470764160156
2019-10-10;51.119998931884766;52.31999969482422;50.869998931884766;51.529998779296875;3044800;49.401206970214844
2019-10-11;53.61000061035156;55.900001525878906;53.560001373291016;54.16999816894531;4922100;51.93214416503906
2019-10-14;53.7400016784668;54.02000045776367;52.88999938964844;53.5099983215332;2247100;51.299415588378906
2019-10-15;54.040000915527344;56.08000183105469;53.61000061035156;55.34000015258789;2463500;53.053810119628906
2019-10-16;55.08000183105469;56.2599983215332;55.040000915527344;55.47999954223633;2088500;53.188026428222656
2019-10-17;56.310001373291016;57.599998474121094;56.0099983215332;57.41999816894531;2848400;55.047874450683594
2019-10-18;56.970001220703125;57.58000183105469;55.33000183105469;56.599998474121094;2527500;54.261749267578125
2019-10-21;58.31999969482422;59.22999954223633;58.040000915527344;58.2400016784668;2401500;55.834007263183594
2019-10-22;58.43000030517578;59.310001373291016;57.83000183105469;58.349998474121094;1928600;55.939456939697266
2019-10-23;58.5;58.95000076293945;57.61000061035156;58.54999923706055;1581400;56.131202697753906
2019-10-24;59.209999084472656;59.29999923706055;57.47999954223633;58.33000183105469;1969800;55.920284271240234
2019-10-25;58.0;59.84000015258789;57.970001220703125;59.25;2126700;56.802284240722656
2019-10-28;60.0;61.470001220703125;59.93000030517578;60.70000076293945;2597800;58.192378997802734
2019-10-29;60.36000061035156;61.900001525878906;60.18000030517578;61.369998931884766;2151900;58.83470153808594
2019-10-30;61.310001373291016;61.310001373291016;59.4900016784668;60.77000045776367;2471600;58.259490966796875
2019-10-31;60.41999816894531;60.41999816894531;58.27000045776367;59.63999938964844;3317400;57.176177978515625
2019-11-01;60.709999084472656;62.779998779296875;60.349998474121094;62.689998626708984;2948400;60.10017395019531
2019-11-04;64.2300033569336;64.54000091552734;63.130001068115234;63.650001525878906;2412500;61.0205192565918
2019-11-05;64.30000305175781;65.4800033569336;63.7400016784668;63.869998931884766;2290600;61.23141860961914
2019-11-06;63.720001220703125;63.75;62.33000183105469;62.79999923706055;1754200;60.20563507080078
2019-11-07;64.58999633789062;65.0999984741211;62.75;63.29999923706055;2514300;60.684974670410156
2019-11-08;62.81999969482422;64.01000213623047;62.45000076293945;63.779998779296875;1666400;61.145145416259766
2019-11-11;62.560001373291016;63.56999969482422;62.349998474121094;63.38999938964844;1636200;60.7712516784668
2019-11-12;63.63999938964844;64.69999694824219;63.06999969482422;63.40999984741211;2242100;60.790435791015625
2019-11-13;62.099998474121094;63.060001373291016;61.5;62.709999084472656;2457100;60.11935043334961
2019-11-14;62.34000015258789;63.5;62.220001220703125;62.619998931884766;1663000;60.03306198120117
2019-11-15;63.84000015258789;63.93000030517578;62.849998474121094;63.52000045776367;1650900;60.89588928222656
2019-11-18;63.2400016784668;63.27000045776367;62.349998474121094;62.93000030517578;1888400;60.330257415771484
2019-11-19;63.75;64.41999816894531;62.77000045776367;63.70000076293945;2157300;61.06843948364258
2019-11-20;63.040000915527344;64.27999877929688;61.5;63.08000183105469;2693200;60.47406005859375
2019-11-21;63.31999969482422;63.40999984741211;61.459999084472656;62.02000045776367;2135400;59.45785903930664
2019-11-22;62.7400016784668;62.97999954223633;61.599998474121094;62.54999923706055;1779600;59.96595764160156
2019-11-25;63.5;66.86000061035156;63.34000015258789;66.61000061035156;2953500;63.85822677612305
2019-11-26;66.79000091552734;67.7699966430664;66.22000122070312;66.70999908447266;2296300;63.9541015625
2019-11-27;67.55000305175781;68.2300033569336;67.18000030517578;68.08999633789062;2159900;65.27706909179688
2019-11-29;67.55000305175781;68.05000305175781;66.66000366210938;66.73999786376953;1585400;63.982852935791016
2019-12-02;67.25;67.29000091552734;64.45999908447266;64.76000213623047;3531400;62.08466720581055
2019-12-03;63.130001068115234;64.25;62.27000045776367;64.20999908447266;2819400;61.55738067626953
2019-12-04;65.12000274658203;66.01000213623047;64.87000274658203;65.5199966430664;1817800;62.81325149536133
2019-12-05;66.25;66.52999877929688;65.0999984741211;65.69000244140625;2064800;62.97624588012695
2019-12-06;67.66000366210938;68.66000366210938;67.56999969482422;67.93000030517578;2445700;65.12368774414062
2019-12-09;67.87000274658203;68.36000061035156;67.43000030517578;67.52999877929688;1840600;64.74022674560547
2019-12-10;67.43000030517578;68.12999725341797;66.86000061035156;67.6500015258789;1815600;64.85526275634766
2019-12-11;68.01000213623047;68.25;66.86000061035156;67.62000274658203;1824600;64.82649993896484
2019-12-12;67.81999969482422;70.7300033569336;67.2300033569336;69.37999725341797;3335700;66.5137939453125
2019-12-13;69.08999633789062;70.4000015258789;67.54000091552734;68.4800033569336;2963200;65.6509780883789
2019-12-16;70.19000244140625;71.16999816894531;69.7699966430664;69.93000030517578;2327900;67.04106903076172
2019-12-17;70.30999755859375;70.94999694824219;69.70999908447266;70.94000244140625;1626700;68.00934600830078
2019-12-18;71.41000366210938;71.7300033569336;70.51000213623047;71.48999786376953;1869400;68.53662872314453
2019-12-19;71.66999816894531;72.19999694824219;71.19999694824219;72.19999694824219;1738800;69.21729278564453
2019-12-20;72.86000061035156;73.1500015258789;72.23999786376953;72.54000091552734;2468300;69.54326629638672
2019-12-23;72.80000305175781;72.91999816894531;71.66000366210938;72.88999938964844;2358300;70.0235824584961
2019-12-24;73.0199966430664;73.33999633789062;72.4800033569336;73.33999633789062;981800;70.45588684082031
2019-12-26;73.51000213623047;73.69999694824219;72.91000366210938;73.36000061035156;1560600;70.4751205444336
2019-12-27;73.80000305175781;73.87999725341797;71.66000366210938;72.18000030517578;2886600;69.34149932861328
2019-12-30;72.37000274658203;72.62999725341797;70.5199966430664;71.68000030517578;2005000;68.86116790771484
2019-12-31;71.1500015258789;72.80000305175781;70.68000030517578;71.98999786376953;2443900;69.15897369384766
2020-01-02;73.26000213623047;73.30999755859375;70.06999969482422;72.08999633789062;4127300;69.25503540039062
2020-01-03;69.47000122070312;71.61000061035156;69.36000061035156;71.13999938964844;2437900;68.34239959716797
2020-01-06;69.54000091552734;71.72000122070312;69.16000366210938;71.51000213623047;2427400;68.69784545898438
2020-01-07;70.83000183105469;71.43000030517578;69.9800033569336;70.77999877929688;1820000;67.99655151367188
2020-01-08;70.77999877929688;72.29000091552734;70.62999725341797;71.51000213623047;2971900;68.69784545898438
2020-01-09;72.41999816894531;72.80999755859375;71.29000091552734;71.6500015258789;2164700;68.83235168457031
2020-01-10;71.70999908447266;71.80000305175781;69.91000366210938;70.7300033569336;2612900;67.94853210449219
2020-01-13;70.83999633789062;72.23999786376953;69.69999694824219;72.11000061035156;2227600;69.2742691040039
2020-01-14;71.05000305175781;74.22000122070312;70.83999633789062;72.95999908447266;3069300;70.0908432006836
2020-01-15;72.38999938964844;74.69999694824219;72.3499984741211;73.9000015258789;2873500;70.99388122558594
2020-01-16;75.51000213623047;77.2300033569336;75.33000183105469;76.83999633789062;2709400;73.81825256347656
2020-01-17;77.83999633789062;77.88999938964844;75.63999938964844;76.11000061035156;2173100;73.11695861816406
2020-01-21;75.2300033569336;75.41999816894531;73.73999786376953;74.22000122070312;2430600;71.30128479003906
2020-01-22;74.91999816894531;75.5;73.62000274658203;74.06999969482422;1780500;71.15718841552734
2020-01-23;73.51000213623047;74.58999633789062;71.30000305175781;74.04000091552734;1910200;71.12834167480469
2020-01-24;74.63999938964844;74.63999938964844;69.68000030517578;71.06999969482422;3346000;68.27513122558594
2020-01-27;67.86000061035156;69.97000122070312;67.33000183105469;68.76000213623047;3175000;66.0560073852539
2020-01-28;70.0;71.05999755859375;69.56999969482422;70.45999908447266;1689100;67.68913269042969
2020-01-29;70.69000244140625;71.2699966430664;69.20999908447266;69.2699966430664;1705300;66.54595184326172
2020-01-30;67.79000091552734;69.44999694824219;66.69999694824219;69.22000122070312;2216500;66.49791717529297
2020-01-31;68.33000183105469;68.62999725341797;64.27999877929688;65.0199966430664;3519600;62.46306610107422
2020-02-03;66.13999938964844;67.77999877929688;66.05999755859375;67.04000091552734;2450700;64.40363311767578
2020-02-04;69.47000122070312;70.70999908447266;69.29000091552734;70.01000213623047;2116100;67.25685119628906
2020-02-05;72.16999816894531;73.54000091552734;71.19999694824219;73.23999786376953;2358300;70.35982513427734
2020-02-06;74.05000305175781;74.3499984741211;72.55999755859375;72.73999786376953;2099600;69.87950897216797
2020-02-07;71.94000244140625;72.0;69.47000122070312;70.0999984741211;2563500;67.34330749511719
2020-02-10;69.62999725341797;71.30999755859375;69.55000305175781;71.30000305175781;1419500;68.49610900878906
2020-02-11;72.47000122070312;73.95999908447266;71.8499984741211;72.66999816894531;2264600;69.8122329711914
2020-02-12;74.05999755859375;74.41999816894531;73.12000274658203;74.12999725341797;1857600;71.21480560302734
2020-02-13;73.0;75.2699966430664;72.8499984741211;74.75;2115100;71.8104476928711
2020-02-14;74.91999816894531;74.98999786376953;73.12999725341797;73.87999725341797;1988600;70.97465515136719
2020-02-18;73.33999633789062;74.08000183105469;71.95999908447266;73.4000015258789;1755600;70.51353454589844
2020-02-19;74.2300033569336;75.45999908447266;73.79000091552734;74.48999786376953;1591500;71.56066131591797
2020-02-20;73.86000061035156;75.4000015258789;72.08999633789062;75.02999877929688;2827900;72.07942962646484
2020-02-21;74.08000183105469;74.5;71.70999908447266;72.70999908447266;2555600;69.85066986083984
2020-02-24;66.02999877929688;67.25;64.87999725341797;66.04000091552734;3373500;63.44295883178711
2020-02-25;66.7300033569336;66.9800033569336;58.70000076293945;59.18000030517578;4627800;56.85274124145508
2020-02-26;59.9900016784668;61.58000183105469;56.70000076293945;57.150001525878906;3837700;54.90256881713867
2020-02-27;53.5;57.61000061035156;50.77000045776367;51.04999923706055;5711500;49.042449951171875
2020-02-28;46.630001068115234;49.900001525878906;45.7400016784668;49.0;6717000;47.07305908203125
2020-03-02;49.77000045776367;53.02000045776367;47.2599983215332;52.959999084472656;4481800;50.87733840942383
2020-03-03;53.060001373291016;56.13999938964844;47.93000030517578;49.720001220703125;5959400;47.76475524902344
2020-03-04;51.970001220703125;54.119998931884766;50.15999984741211;53.939998626708984;3502900;51.81879425048828
2020-03-05;50.36000061035156;51.34000015258789;46.720001220703125;48.59000015258789;4819900;46.67919158935547
2020-03-06;44.310001373291016;47.33000183105469;42.400001525878906;45.72999954223633;4930800;43.93165588378906
2020-03-09;37.0;37.91999816894531;32.34000015258789;32.4900016784668;6872700;31.212326049804688
2020-03-10;35.810001373291016;35.810001373291016;30.75;35.4900016784668;6801300;34.09434509277344
2020-03-11;32.709999084472656;33.810001373291016;27.399999618530273;28.719999313354492;8227800;27.590579986572266
2020-03-12;22.799999237060547;24.670000076293945;19.190000534057617;19.40999984741211;15497000;18.64669418334961
2020-03-13;22.5;23.1200008392334;18.0;22.979999542236328;11662100;22.07630729675293
2020-03-16;18.0;18.399999618530273;14.350000381469727;14.449999809265137;12311600;13.88175106048584
2020-03-17;14.5;16.3700008392334;12.5;15.670000076293945;14061800;15.053775787353516
2020-03-18;13.199999809265137;14.670000076293945;10.109999656677246;12.0;17807900;11.528098106384277
2020-03-19;11.640000343322754;13.930000305175781;10.199999809265137;12.949999809265137;18598300;12.440736770629883
2020-03-20;13.8100004196167;14.680000305175781;11.600000381469727;11.880000114440918;17811000;11.41281795501709
2020-03-23;12.119999885559082;12.1899995803833;10.09000015258789;11.399999618530273;26466000;10.951691627502441
2020-03-24;13.319999694824219;14.510000228881836;12.890000343322754;14.430000305175781;19944000;13.862537384033203
2020-03-25;14.850000381469727;16.610000610351562;13.460000038146973;15.079999923706055;23381700;14.486974716186523
2020-03-26;15.670000076293945;18.1200008392334;15.539999961853027;17.850000381469727;17248500;17.14804458618164
2020-03-27;15.760000228881836;17.399999618530273;15.109999656677246;15.8100004196167;17222800;15.18826961517334
2020-03-30;16.149999618530273;16.920000076293945;15.109999656677246;16.860000610351562;12981000;16.196979522705078
2020-03-31;16.700000762939453;17.360000610351562;15.510000228881836;16.549999237060547;18454100;15.89916706085205
2020-04-01;14.270000457763672;14.8100004196167;12.75;13.220000267028809;16948600;12.700119972229004
2020-04-02;12.890000343322754;14.550000190734863;12.4399995803833;13.550000190734863;17347100;13.017143249511719
2020-04-03;13.180000305175781;13.670000076293945;11.649999618530273;12.350000381469727;17621400;11.86433219909668
2020-04-06;13.9399995803833;15.460000038146973;13.930000305175781;15.220000267028809;17299900;14.621471405029297
2020-04-07;16.920000076293945;17.649999618530273;15.130000114440918;15.350000381469727;29071500;14.746359825134277
2020-04-08;16.1299991607666;17.860000610351562;15.600000381469727;17.489999771118164;22154400;16.802202224731445
2020-04-09;19.0;20.309999465942383;18.829999923706055;19.959999084472656;34403700;19.175067901611328
2020-04-13;19.469999313354492;19.829999923706055;17.700000762939453;18.350000381469727;25276300;17.62838363647461
2020-04-14;19.899999618530273;20.350000381469727;18.75;19.40999984741211;21057800;18.64669418334961
2020-04-15;17.100000381469727;17.639999389648438;16.5;17.049999237060547;20205500;16.37950897216797
2020-04-16;17.18000030517578;17.270000457763672;15.630000114440918;16.649999618530273;23377800;15.995235443115234
2020-04-17;18.690000534057617;19.079999923706055;17.979999542236328;18.84000015258789;23668900;18.099109649658203
2020-04-20;17.729999542236328;19.209999084472656;17.440000534057617;18.1299991607666;21921800;17.41703224182129
2020-04-21;16.709999084472656;17.530000686645508;16.309999465942383;16.8700008392334;25230100;16.206586837768555
2020-04-22;17.90999984741211;18.239999771118164;17.299999237060547;17.530000686645508;13147000;16.84062957763672
2020-04-23;17.8700008392334;19.09000015258789;17.670000076293945;18.040000915527344;23402500;17.330570220947266
2020-04-24;18.479999542236328;19.290000915527344;17.850000381469727;18.93000030517578;19730300;18.18557357788086
2020-04-27;19.6299991607666;21.700000762939453;19.56999969482422;21.200000762939453;23845500;20.36630630493164
2020-04-28;23.079999923706055;23.270000457763672;21.149999618530273;22.15999984741211;31466200;21.288551330566406
2020-04-29;24.290000915527344;26.030000686645508;23.479999542236328;25.260000228881836;30897300;24.266645431518555
2020-04-30;23.34000015258789;23.889999389648438;22.3700008392334;22.469999313354492;26163500;21.586360931396484
2020-05-01;20.809999465942383;20.959999084472656;18.809999465942383;19.799999237060547;24249300;19.021360397338867
2020-05-04;19.030000686645508;20.110000610351562;18.389999389648438;19.969999313354492;18152600;19.184675216674805
2020-05-05;21.149999618530273;22.040000915527344;20.209999084472656;20.440000534057617;27468500;19.636194229125977
2020-05-06;20.8700008392334;21.229999542236328;19.739999771118164;19.979999542236328;20790100;19.19428062438965
2020-05-07;20.81999969482422;21.34000015258789;20.40999984741211;20.860000610351562;22169200;20.039676666259766
2020-05-08;22.139999389648438;23.34000015258789;21.700000762939453;23.229999542236328;27406000;22.31647491455078
2020-05-11;22.25;23.579999923706055;21.670000076293945;22.8799991607666;28597100;21.980239868164062
2020-05-12;23.219999313354492;23.239999771118164;20.399999618530273;20.43000030517578;24931000;19.626585006713867
2020-05-13;19.860000610351562;20.020000457763672;17.31999969482422;18.350000381469727;32853000;17.62838363647461
2020-05-14;17.149999618530273;18.649999618530273;15.930000305175781;18.6299991607666;39014800;17.897367477416992
2020-05-15;18.040000915527344;19.649999618530273;17.809999465942383;19.459999084472656;24740600;18.694730758666992
2020-05-18;22.149999618530273;23.290000915527344;22.100000381469727;22.989999771118164;30621600;22.085914611816406
2020-05-19;22.780000686645508;23.3700008392334;21.639999389648438;21.65999984741211;30148400;20.808218002319336
2020-05-20;22.950000762939453;24.06999969482422;22.799999237060547;23.56999969482422;30007800;22.643104553222656
2020-05-21;23.649999618530273;24.139999389648438;22.850000381469727;23.770000457763672;34602200;22.835243225097656
2020-05-22;23.959999084472656;24.139999389648438;23.079999923706055;24.030000686645508;22622600;23.08501625061035
2020-05-26;26.81999969482422;26.979999542236328;25.959999084472656;26.06999969482422;27265200;25.044790267944336
2020-05-27;27.65999984741211;28.780000686645508;25.309999465942383;28.56999969482422;33775900;27.446481704711914
2020-05-28;29.479999542236328;29.5;26.09000015258789;26.56999969482422;30945200;25.525127410888672
2020-05-29;25.75;26.290000915527344;24.65999984741211;26.020000457763672;31377300;24.996755599975586
2020-06-01;26.290000915527344;27.6299991607666;25.889999389648438;26.84000015258789;21827500;25.78451156616211
2020-06-02;27.31999969482422;27.75;26.43000030517578;27.459999084472656;26011500;26.380128860473633
2020-06-03;28.760000228881836;30.18000030517578;28.469999313354492;29.399999618530273;21665500;28.24384117126465
2020-06-04;28.8700008392334;29.950000762939453;28.479999542236328;29.329999923706055;28118500;28.176593780517578
2020-06-05;33.209999084472656;34.0099983215332;32.36000061035156;32.72999954223633;28063900;31.442880630493164
2020-06-08;34.13999938964844;34.83000183105469;33.70000076293945;34.61000061035156;20820700;33.248958587646484
2020-06-09;33.15999984741211;33.7599983215332;31.93000030517578;32.7599983215332;24298100;31.471694946289062
2020-06-10;32.59000015258789;32.7599983215332;29.889999389648438;30.040000915527344;37252600;28.858673095703125
2020-06-11;26.34000015258789;26.8799991607666;23.040000915527344;23.229999542236328;49142500;22.31647491455078
2020-06-12;25.899999618530273;26.25;22.739999771118164;24.8700008392334;43344300;23.891983032226562
2020-06-15;22.450000762939453;27.1200008392334;22.420000076293945;26.6299991607666;36273000;25.582767486572266
2020-06-16;29.760000228881836;29.799999237060547;26.56999969482422;28.479999542236328;39930800;27.360013961791992
2020-06-17;28.610000610351562;28.81999969482422;26.670000076293945;26.93000030517578;25112200;25.8709774017334
2020-06-18;26.1200008392334;27.809999465942383;25.81999969482422;26.959999084472656;18068200;25.899791717529297
2020-06-19;28.389999389648438;28.479999542236328;25.84000015258789;26.469999313354492;24696600;25.42906379699707
2020-06-22;26.100000381469727;27.360000610351562;25.290000915527344;27.299999237060547;18446000;26.226423263549805
2020-06-23;28.309999465942383;28.540000915527344;27.40999984741211;27.610000610351562;16630800;26.53492546081543
2020-06-24;26.510000228881836;26.780000686645508;23.760000228881836;24.8799991607666;34646700;23.91122055053711
2020-06-25;24.520000457763672;26.09000015258789;23.84000015258789;26.030000686645508;25789300;25.016450881958008
2020-06-26;25.520000457763672;25.68000030517578;23.84000015258789;23.959999084472656;28481600;23.02704429626465
2020-06-29;24.989999771118164;26.729999542236328;24.139999389648438;26.389999389648438;30744300;25.362422943115234
2020-06-30;26.030000686645508;27.690000534057617;26.0;27.389999389648438;25972400;26.323490142822266
2020-07-01;27.709999084472656;28.219999313354492;26.34000015258789;26.6299991607666;30886000;25.593080520629883
2020-07-02;28.229999542236328;28.59000015258789;26.709999084472656;27.0;24705000;25.94867706298828
2020-07-06;28.6299991607666;28.75;27.280000686645508;27.530000686645508;23087900;26.458038330078125
2020-07-07;26.860000610351562;27.559999465942383;25.8799991607666;26.059999465942383;22787900;25.04527473449707
2020-07-08;26.049999237060547;26.979999542236328;25.110000610351562;26.649999618530273;23364000;25.612306594848633
2020-07-09;26.719999313354492;26.889999389648438;24.030000686645508;25.030000686645508;32572500;24.05538558959961
2020-07-10;25.079999923706055;26.350000381469727;24.719999313354492;26.25;25025400;25.22787857055664
2020-07-13;27.100000381469727;28.100000381469727;25.200000762939453;25.299999237060547;27336100;24.314868927001953
2020-07-14;25.209999084472656;26.56999969482422;24.790000915527344;26.510000228881836;29287100;25.477752685546875
2020-07-15;28.489999771118164;29.850000381469727;28.170000076293945;29.40999984741211;31124100;28.26483726501465
2020-07-16;28.889999389648438;29.209999084472656;28.149999618530273;28.8799991607666;24007600;27.75547218322754
2020-07-17;29.190000534057617;29.75;28.540000915527344;29.139999389648438;19582800;28.005348205566406
2020-07-20;28.950000762939453;29.329999923706055;28.309999465942383;28.75;19148400;27.630537033081055
2020-07-21;29.690000534057617;30.670000076293945;29.5;30.0;24080800;28.831859588623047
2020-07-22;29.43000030517578;30.389999389648438;29.40999984741211;30.049999237060547;15480600;28.879915237426758
2020-07-23;29.979999542236328;31.329999923706055;29.170000076293945;30.190000534057617;26589600;29.01446533203125
2020-07-24;29.559999465942383;29.790000915527344;28.5;28.770000457763672;21252800;27.649755477905273
2020-07-27;28.90999984741211;29.760000228881836;28.420000076293945;29.690000534057617;16560300;28.533935546875
2020-07-28;29.399999618530273;29.959999084472656;28.780000686645508;28.850000381469727;13780000;27.726640701293945
2020-07-29;29.350000381469727;30.770000457763672;29.31999969482422;30.68000030517578;12056400;29.485380172729492
2020-07-30;29.389999389648438;30.56999969482422;28.8799991607666;30.399999618530273;15355900;29.216283798217773
2020-07-31;30.010000228881836;30.149999618530273;27.860000610351562;29.510000228881836;24646200;28.36094093322754
2020-08-03;30.010000228881836;31.049999237060547;29.40999984741211;30.979999542236328;15494200;29.773700714111328
2020-08-04;30.729999542236328;31.65999984741211;30.489999771118164;31.540000915527344;16712700;30.31189727783203
2020-08-05;32.5;33.5;32.189998626708984;33.400001525878906;13376700;32.09947204589844
2020-08-06;33.470001220703125;33.869998931884766;32.880001068115234;33.400001525878906;14833100;32.09947204589844
2020-08-07;33.18000030517578;35.040000915527344;33.02000045776367;34.97999954223633;20159300;33.617958068847656
2020-08-10;35.34000015258789;36.77000045776367;35.33000183105469;36.119998931884766;18303800;34.71356201171875
2020-08-11;37.130001068115234;37.47999954223633;34.959999084472656;35.459999084472656;17941900;34.07925796508789
2020-08-12;36.650001525878906;36.79999923706055;35.20000076293945;35.900001525878906;18347300;34.502132415771484
2020-08-13;35.529998779296875;36.560001373291016;35.29999923706055;35.65999984741211;11636700;34.2714729309082
2020-08-14;35.04999923706055;36.029998779296875;34.7599983215332;35.56999969482422;11508500;34.184974670410156
2020-08-17;35.88999938964844;36.220001220703125;35.36000061035156;36.11000061035156;6888400;34.70395278930664
2020-08-18;36.09000015258789;36.119998931884766;34.650001525878906;35.08000183105469;11661300;33.71405792236328
2020-08-19;35.5099983215332;36.20000076293945;34.970001220703125;35.11000061035156;10115200;33.74289321899414
2020-08-20;34.029998779296875;35.150001525878906;33.869998931884766;34.63999938964844;8794800;33.29118347167969
2020-08-21;34.2599983215332;34.59000015258789;33.22999954223633;33.90999984741211;14286100;32.58960723876953
2020-08-24;34.709999084472656;34.97999954223633;33.720001220703125;34.93000030517578;13187200;33.56990432739258
2020-08-25;35.36000061035156;35.40999984741211;34.0099983215332;35.06999969482422;14788400;33.704444885253906
2020-08-26;35.130001068115234;35.31999969482422;34.27000045776367;34.369998931884766;12019400;33.031700134277344
2020-08-27;34.86000061035156;35.439998626708984;33.900001525878906;34.63999938964844;15702900;33.29118347167969
2020-08-28;35.20000076293945;35.56999969482422;34.599998474121094;35.5099983215332;10810600;34.127315521240234
2020-08-31;35.56999969482422;35.70000076293945;34.29999923706055;34.31999969482422;11405300;32.983646392822266
2020-09-01;34.29999923706055;35.619998931884766;33.72999954223633;35.540000915527344;9308600;34.15614318847656
2020-09-02;36.0099983215332;36.75;34.88999938964844;36.38999938964844;10235600;34.97304916381836
2020-09-03;36.15999984741211;36.279998779296875;32.619998931884766;33.22999954223633;19057500;31.93609046936035
2020-09-04;34.33000183105469;34.529998779296875;30.260000228881836;32.529998779296875;16518100;31.263341903686523
2020-09-08;31.5;32.34000015258789;30.139999389648438;30.670000076293945;13816600;29.47577476501465
2020-09-09;31.6299991607666;32.45000076293945;31.1200008392334;32.02000045776367;9604800;30.77320671081543
2020-09-10;32.5;33.150001525878906;30.75;30.799999237060547;12940900;29.6007080078125
2020-09-11;31.299999237060547;31.3700008392334;29.290000915527344;30.200000762939453;11676500;29.02407455444336
2020-09-14;31.06999969482422;32.7599983215332;30.920000076293945;32.529998779296875;8412900;31.263341903686523
2020-09-15;33.36000061035156;33.59000015258789;32.41999816894531;32.7400016784668;7912300;31.46517562866211
2020-09-16;33.220001220703125;34.970001220703125;33.040000915527344;33.70000076293945;8251800;32.387794494628906
2020-09-17;32.27000045776367;33.400001525878906;31.68000030517578;32.95000076293945;12537600;31.666996002197266
2020-09-18;33.11000061035156;33.939998626708984;31.309999465942383;32.65999984741211;12844700;31.388290405273438
2020-09-21;30.489999771118164;30.729999542236328;28.25;29.290000915527344;22497400;28.149507522583008
2020-09-22;29.709999084472656;30.06999969482422;28.469999313354492;29.93000030517578;12200600;28.76458740234375
2020-09-23;29.889999389648438;30.5;27.209999084472656;27.270000457763672;14438800;26.208158493041992
2020-09-24;27.25;28.649999618530273;26.139999389648438;27.280000686645508;17468500;26.217769622802734
2020-09-25;26.90999984741211;28.829999923706055;26.84000015258789;28.59000015258789;11538000;27.476762771606445
2020-09-28;29.719999313354492;30.940000534057617;29.6299991607666;30.75;12404200;29.552656173706055
2020-09-29;30.6299991607666;30.860000610351562;29.469999313354492;30.299999237060547;14650700;29.120180130004883
2020-09-30;30.610000610351562;31.8799991607666;29.780000686645508;30.600000381469727;15177000;29.408496856689453
2020-10-01;31.149999618530273;32.029998779296875;30.389999389648438;31.989999771118164;12599900;30.74437713623047
2020-10-02;30.270000457763672;32.880001068115234;30.020000457763672;32.45000076293945;16678600;31.186464309692383
2020-10-05;33.459999084472656;35.27000045776367;33.459999084472656;35.119998931884766;9126400;33.752498626708984
2020-10-06;36.08000183105469;37.77000045776367;34.63999938964844;34.779998779296875;15936900;33.42573547363281
2020-10-07;36.130001068115234;37.45000076293945;36.060001373291016;37.11000061035156;10625400;35.665008544921875
2020-10-08;38.290000915527344;38.650001525878906;37.4900016784668;38.369998931884766;10775900;36.87595748901367
2020-10-09;39.41999816894531;39.66999816894531;38.31999969482422;38.95000076293945;13639400;37.43336868286133
2020-10-12;39.4900016784668;40.060001373291016;38.880001068115234;39.720001220703125;9073100;38.17338562011719
2020-10-13;38.84000015258789;39.310001373291016;38.08000183105469;38.900001525878906;10611200;37.385311126708984
2020-10-14;39.20000076293945;39.79999923706055;37.689998626708984;37.79999923706055;9289300;36.32814025878906
2020-10-15;36.54999923706055;39.2599983215332;36.18000030517578;38.970001220703125;10013400;37.45259094238281
2020-10-16;39.279998779296875;39.619998931884766;38.630001068115234;38.630001068115234;8876400;37.12582778930664
2020-10-19;39.08000183105469;39.849998474121094;37.0099983215332;37.25;9773900;35.799560546875
2020-10-20;38.029998779296875;38.689998626708984;37.22999954223633;37.47999954223633;8169500;36.020606994628906
2020-10-21;37.61000061035156;37.93000030517578;36.5;36.540000915527344;6779500;35.11720275878906
2020-10-22;37.060001373291016;38.459999084472656;36.40999984741211;38.41999816894531;9288100;36.92399978637695
2020-10-23;39.11000061035156;39.27000045776367;37.83000183105469;39.08000183105469;7614400;37.55830764770508
2020-10-26;37.59000015258789;37.880001068115234;35.040000915527344;36.56999969482422;11864300;35.146034240722656
2020-10-27;36.5;36.900001525878906;35.470001220703125;35.630001068115234;6035200;34.24264144897461
2020-10-28;33.29999923706055;33.779998779296875;32.189998626708984;32.34000015258789;12723500;31.08074951171875
2020-10-29;32.0099983215332;33.88999938964844;31.309999465942383;33.470001220703125;10976800;32.166751861572266
2020-10-30;32.970001220703125;33.56999969482422;31.079999923706055;32.189998626708984;13354100;30.93658447265625
2020-11-02;33.18000030517578;33.90999984741211;32.52000045776367;33.88999938964844;9704500;32.57039260864258
2020-11-03;35.59000015258789;37.380001068115234;35.31999969482422;36.720001220703125;11342100;35.290199279785156
2020-11-04;35.16999816894531;38.16999816894531;35.040000915527344;36.83000183105469;14491500;35.39591979980469
2020-11-05;37.97999954223633;40.38999938964844;37.900001525878906;39.9900016784668;10077200;38.43287658691406
2020-11-06;40.5;40.5099983215332;38.77000045776367;38.93000030517578;8547500;37.414146423339844
2020-11-09;47.619998931884766;48.5;43.09000015258789;43.310001373291016;14504400;41.62359619140625
2020-11-10;44.54999923706055;46.130001068115234;43.40999984741211;45.630001068115234;11127300;43.8532600402832
2020-11-11;46.20000076293945;46.27000045776367;44.20000076293945;45.650001525878906;8357200;43.87248229980469
2020-11-12;44.61000061035156;45.04999923706055;42.20000076293945;43.45000076293945;12581300;41.75814437866211
2020-11-13;44.5;46.650001525878906;44.4900016784668;46.16999816894531;9867700;44.37223815917969
2020-11-16;48.560001373291016;49.59000015258789;47.709999084472656;49.43000030517578;10717900;47.50530242919922
2020-11-17;48.18000030517578;50.45000076293945;46.689998626708984;50.209999084472656;10361000;48.25493240356445
2020-11-18;50.56999969482422;51.220001220703125;47.97999954223633;48.09000015258789;10582400;46.217472076416016
2020-11-19;47.869998931884766;49.369998931884766;47.33000183105469;49.119998931884766;9720400;47.20736312866211
2020-11-20;48.61000061035156;49.65999984741211;47.93000030517578;49.2400016784668;6106800;47.32269287109375
2020-11-23;50.75;53.029998779296875;50.349998474121094;52.13999938964844;9118300;50.109771728515625
2020-11-24;54.34000015258789;56.06999969482422;53.43000030517578;54.970001220703125;9468900;52.82958984375
2020-11-25;54.400001525878906;54.869998931884766;52.91999816894531;54.43000030517578;8252400;52.31060028076172
2020-11-27;54.560001373291016;55.209999084472656;54.119998931884766;55.13999938964844;4568300;52.99296188354492
2020-11-30;54.63999938964844;55.06999969482422;51.47999954223633;52.06999969482422;8412300;50.04249572753906
2020-12-01;54.2599983215332;54.83000183105469;52.7599983215332;53.459999084472656;10797800;51.37837600708008
2020-12-02;52.900001525878906;54.2400016784668;51.849998474121094;53.66999816894531;7433200;51.580196380615234
2020-12-03;54.16999816894531;55.7400016784668;53.77000045776367;54.61000061035156;7258000;52.48359680175781
2020-12-04;55.59000015258789;58.630001068115234;55.59000015258789;58.40999984741211;7859800;56.13562774658203
2020-12-07;58.45000076293945;59.119998931884766;57.709999084472656;58.54999923706055;7171900;56.27018356323242
2020-12-08;57.43000030517578;60.97999954223633;57.400001525878906;60.81999969482422;6956700;58.4517936706543
2020-12-09;61.9900016784668;62.75;58.099998474121094;59.4900016784668;12993800;57.17357635498047
2020-12-10;58.0;61.58000183105469;57.540000915527344;61.25;6933100;58.865047454833984
2020-12-11;60.029998779296875;61.68000030517578;58.380001068115234;60.27000045776367;9365200;57.92321014404297
2020-12-14;62.36000061035156;63.52000045776367;60.5099983215332;60.54999923706055;9739800;58.192298889160156
2020-12-15;62.29999923706055;65.16000366210938;61.279998779296875;65.04000091552734;8403600;62.507469177246094
2020-12-16;65.51000213623047;65.5999984741211;63.349998474121094;64.41999816894531;7644300;61.911617279052734
2020-12-17;65.12000274658203;66.7300033569336;64.44000244140625;66.68000030517578;6572800;64.0836181640625
2020-12-18;66.97000122070312;68.19999694824219;65.12000274658203;65.7699966430664;8149700;63.20904541015625
2020-12-21;62.27000045776367;66.11000061035156;61.790000915527344;65.61000061035156;11788400;63.055294036865234
2020-12-22;66.33999633789062;68.04000091552734;65.69000244140625;67.7699966430664;7400300;65.14110565185547
2020-12-23;68.9000015258789;70.01000213623047;68.25;69.55000305175781;5261100;66.85205841064453
2020-12-24;70.27999877929688;70.33000183105469;68.38999938964844;69.37000274658203;4945600;66.67903137207031
2020-12-28;71.55999755859375;71.5999984741211;68.44999694824219;68.55000305175781;8119600;65.89086151123047
2020-12-29;69.01000213623047;69.30000305175781;63.59000015258789;64.56999969482422;9011500;62.06523895263672
2020-12-30;65.25;67.62000274658203;65.19000244140625;66.62000274658203;5434500;64.03572845458984
2020-12-31;66.73999786376953;66.97000122070312;64.7300033569336;66.31999969482422;5155300;63.747344970703125
2021-01-04;67.61000061035156;68.02999877929688;61.02000045776367;63.56999969482422;11571300;61.104026794433594
2021-01-05;63.15999984741211;67.61000061035156;63.150001525878906;66.5;6537400;63.920352935791016
2021-01-06;69.47000122070312;76.97000122070312;69.22000122070312;74.66000366210938;14640900;71.76383972167969
2021-01-07;76.06999969482422;79.08000183105469;76.01000213623047;78.68000030517578;6400000;75.62788391113281
2021-01-08;79.98999786376953;80.4800033569336;74.70999908447266;78.0999984741211;8773800;75.07038116455078
2021-01-11;75.29000091552734;78.61000061035156;74.91999816894531;78.0;5250000;74.9742660522461
2021-01-12;79.04000091552734;82.30000305175781;78.9800033569336;82.11000061035156;6261500;78.92484283447266
2021-01-13;82.45999908447266;82.73999786376953;79.7699966430664;80.41000366210938;5098100;77.29080200195312
2021-01-14;82.05999755859375;86.41999816894531;82.0;85.20999908447266;5910100;81.90458679199219
2021-01-15;81.48999786376953;83.30999755859375;78.43000030517578;81.44000244140625;9921100;78.28081512451172
2021-01-19;84.37000274658203;84.69999694824219;82.5199966430664;84.5199966430664;5465400;81.2413330078125
2021-01-20;85.58000183105469;87.51000213623047;84.06999969482422;85.6500015258789;5915100;82.32752227783203
2021-01-21;86.13999938964844;86.5;82.69999694824219;83.44999694824219;5918200;80.21282958984375
2021-01-22;81.0199966430664;86.6500015258789;80.41000366210938;86.29000091552734;7645100;82.94268798828125
2021-01-25;86.19999694824219;89.75;82.16999816894531;86.0;8759100;82.66392517089844
2021-01-26;87.80000305175781;88.23999786376953;83.5999984741211;84.18000030517578;6291100;80.9145278930664
2021-01-27;79.83000183105469;83.83999633789062;77.12999725341797;79.66999816894531;9483700;76.57948303222656
2021-01-28;81.2699966430664;82.93000030517578;77.58999633789062;78.80000305175781;7014200;75.74321746826172
2021-01-29;79.9800033569336;81.37999725341797;74.43000030517578;75.2699966430664;10219100;72.35015869140625
2021-02-01;78.02999877929688;81.80000305175781;75.44999694824219;80.83999633789062;6108300;77.70408630371094
2021-02-02;83.63999938964844;84.69000244140625;81.0999984741211;84.19000244140625;5941900;80.92414855957031
2021-02-03;84.37999725341797;85.54000091552734;81.87000274658203;84.94000244140625;6313200;81.64505004882812
2021-02-04;85.94999694824219;90.38999938964844;85.93000030517578;90.20999908447266;4851200;86.71061706542969
2021-02-05;92.97000122070312;94.13999938964844;90.3499984741211;93.94999694824219;6909100;90.3055419921875
2021-02-08;96.58999633789062;101.08000183105469;96.0;100.97000122070312;4658900;97.05323791503906
2021-02-09;100.9800033569336;104.16999816894531;99.75;102.55999755859375;4378700;98.58154296875
2021-02-10;104.58999633789062;105.12999725341797;97.91999816894531;100.48999786376953;8561500;96.59183502197266
2021-02-11;102.13999938964844;103.27999877929688;95.91999816894531;100.12999725341797;6327700;96.24578857421875
2021-02-12;99.20999908447266;101.5999984741211;97.5;100.94000244140625;4128100;97.02438354492188
2021-02-16;103.81999969482422;104.0999984741211;97.72000122070312;98.9800033569336;5337100;95.14041137695312
2021-02-17;96.2300033569336;97.62000274658203;92.69999694824219;96.77999877929688;6214100;93.0257568359375
2021-02-18;94.51000213623047;94.93000030517578;90.69999694824219;92.13999938964844;5693900;88.56575012207031
2021-02-19;94.62999725341797;99.36000061035156;94.25;97.91999816894531;6473800;94.12155151367188
2021-02-22;95.8499984741211;99.54000091552734;95.11000061035156;96.11000061035156;5475100;92.38175964355469
2021-02-23;92.69999694824219;95.05000305175781;85.58999633789062;93.52999877929688;8468400;89.9018325805664
2021-02-24;94.5;100.66999816894531;93.5;100.22000122070312;6950900;96.33232879638672
2021-02-25;99.86000061035156;100.87999725341797;88.22000122070312;88.94000244140625;10324800;85.48989868164062
2021-02-26;90.13999938964844;93.4000015258789;84.41000366210938;88.6500015258789;7647200;85.21112060546875
2021-03-01;94.88999938964844;98.8499984741211;94.31999969482422;98.19000244140625;6241100;94.38106536865234
2021-03-02;97.76000213623047;97.98999786376953;92.25;92.41000366210938;6921300;88.82528686523438
2021-03-03;93.2699966430664;96.0;89.33000183105469;89.37999725341797;8202700;85.9128189086914
2021-03-04;88.41000366210938;91.11000061035156;77.3499984741211;82.06999969482422;12696700;78.88638305664062
2021-03-05;86.16000366210938;87.62999725341797;75.0199966430664;87.01000213623047;11634600;83.63475799560547
2021-03-08;89.06999969482422;92.55999755859375;87.01000213623047;88.44999694824219;10139800;85.01889038085938
2021-03-09;92.83999633789062;95.91000366210938;90.9800033569336;93.79000091552734;6003100;90.1517562866211
2021-03-10;96.73999786376953;101.01000213623047;96.25;98.86000061035156;9266700;95.02508544921875
2021-03-11;101.87000274658203;105.37999725341797;100.91000366210938;105.22000122070312;5543100;101.13835906982422
2021-03-12;105.0;107.94000244140625;104.18000030517578;107.55000305175781;7432000;103.37799835205078
2021-03-15;106.81999969482422;108.44000244140625;104.94000244140625;108.41000366210938;5429000;104.20462036132812
2021-03-16;107.5999984741211;107.81999969482422;101.0;102.91999816894531;7668100;98.92757415771484
2021-03-17;100.83000183105469;106.0;98.70999908447266;105.44000244140625;6869100;101.3498306274414
2021-03-18;103.25;106.13999938964844;94.91000366210938;95.86000061035156;7972600;92.14144134521484
2021-03-19;95.0;100.0;92.8499984741211;97.86000061035156;6239500;94.06388092041016
2021-03-22;98.86000061035156;99.37000274658203;94.22000122070312;95.73999786376953;4334300;92.02610778808594
2021-03-23;93.02999877929688;93.87999725341797;84.0;85.41000366210938;8621600;82.09681701660156
2021-03-24;88.58000183105469;90.2699966430664;79.37000274658203;79.43000030517578;8238000;76.34878540039062
2021-03-25;76.68000030517578;85.91999816894531;75.26000213623047;85.05000305175781;10668900;81.75077819824219
2021-03-26;87.58999633789062;89.68000030517578;84.11000061035156;89.58000183105469;11528800;86.10505676269531
2021-03-29;87.5999984741211;89.94000244140625;81.6500015258789;82.08000183105469;10551500;78.89598083496094
2021-03-30;81.94000244140625;86.91000366210938;80.55999755859375;86.16999816894531;7085800;82.82734680175781
2021-03-31;87.45999908447266;91.29000091552734;87.45999908447266;89.51000213623047;12521000;86.03779602050781
2021-04-01;91.36000061035156;93.0999984741211;90.91000366210938;93.06999969482422;12760700;89.45967864990234
2021-04-05;96.23999786376953;97.58000183105469;92.80999755859375;94.43000030517578;9170900;90.76693725585938
2021-04-06;94.55000305175781;96.66999816894531;93.12000274658203;93.7300033569336;6834800;90.09410095214844
2021-04-07;93.5199966430664;93.7699966430664;88.23999786376953;89.06999969482422;9311500;85.6148452758789
2021-04-08;90.5;91.70999908447266;87.58999633789062;91.4000015258789;10749800;87.85446166992188
2021-04-09;91.22000122070312;92.0;89.7699966430664;91.47000122070312;6933800;87.92174530029297
2021-04-12;91.4800033569336;91.83000183105469;88.72000122070312;90.37000274658203;6598700;86.86441802978516
2021-04-13;89.95999908447266;91.38999938964844;86.83000183105469;89.66999816894531;6195700;86.19158172607422
2021-04-14;90.52999877929688;95.5199966430664;90.41000366210938;92.31999969482422;8624800;88.73877716064453
2021-04-15;94.52999877929688;94.52999877929688;91.01000213623047;93.48999786376953;6830900;89.86337280273438
2021-04-16;94.7699966430664;95.16000366210938;91.9000015258789;94.02999877929688;6494500;90.38243865966797
2021-04-19;92.70999908447266;93.44000244140625;88.05000305175781;90.31999969482422;7468200;86.81635284423828
2021-04-20;89.11000061035156;89.91999816894531;82.36000061035156;84.93000030517578;10850500;81.63545227050781
2021-04-21;84.47000122070312;91.0;82.75;90.9000015258789;6928700;87.37385559082031
2021-04-22;91.83000183105469;94.37999725341797;88.80999755859375;89.88999938964844;9935900;86.40303039550781
2021-04-23;91.30999755859375;95.93000030517578;90.33000183105469;94.72000122070312;8558100;91.04566955566406
2021-04-26;96.45999908447266;98.55000305175781;96.13999938964844;97.73999786376953;6670700;93.9485092163086
2021-04-27;98.69999694824219;99.4800033569336;97.05000305175781;98.37000274658203;7254400;94.55408477783203
2021-04-28;97.79000091552734;99.62000274658203;96.52999877929688;98.83000183105469;5876800;94.9962387084961
2021-04-29;101.19999694824219;101.27999877929688;94.87999725341797;97.7699966430664;10461700;93.97736358642578
2021-04-30;94.77999877929688;97.4000015258789;92.73999786376953;93.77999877929688;6730500;90.14213562011719
2021-05-03;96.44999694824219;96.76000213623047;93.70999908447266;95.12000274658203;4717300;91.43016052246094
2021-05-04;93.2699966430664;93.6500015258789;88.73999786376953;91.66000366210938;8312200;88.1043701171875
2021-05-05;92.75;93.1500015258789;89.2699966430664;90.55999755859375;5718700;87.04704284667969
2021-05-06;90.8499984741211;91.01000213623047;85.97000122070312;90.9800033569336;6195400;87.45075988769531
2021-05-07;90.80000305175781;94.79000091552734;90.2300033569336;94.20999908447266;5524500;90.55545806884766
2021-05-10;93.97000122070312;94.5199966430664;86.94000244140625;87.02999877929688;9518800;83.65398406982422
2021-05-11;81.41000366210938;87.80999755859375;80.79000091552734;86.25;11611000;82.90425109863281
2021-05-12;83.97000122070312;85.9000015258789;77.44000244140625;77.87000274658203;13539800;74.84931182861328
2021-05-13;79.37999725341797;83.93000030517578;77.70999908447266;82.08000183105469;10957100;78.89598083496094
2021-05-14;84.56999969482422;88.43000030517578;83.37000274658203;88.0199966430664;7031200;84.60556030273438
2021-05-17;86.51000213623047;88.4800033569336;84.30999755859375;88.44000244140625;5342100;85.00929260253906
2021-05-18;88.5199966430664;90.66000366210938;86.19999694824219;86.43000030517578;4821300;83.0772705078125
2021-05-19;82.23999786376953;84.5999984741211;79.83999633789062;84.4000015258789;8049600;81.12599182128906
2021-05-20;84.73999786376953;86.5999984741211;82.52999877929688;86.05000305175781;6752600;82.71199035644531
2021-05-21;88.26000213623047;89.5;86.19000244140625;86.76000213623047;5968400;83.39444732666016
2021-05-24;88.12999725341797;89.68000030517578;86.73999786376953;88.43000030517578;5045100;84.99966430664062
2021-05-25;89.41000366210938;91.16000366210938;85.76000213623047;85.87999725341797;6880900;82.548583984375
2021-05-26;86.83000183105469;91.0;86.83000183105469;90.76000213623047;5458600;87.2392807006836
2021-05-27;92.62999725341797;94.26000213623047;91.62000274658203;93.48999786376953;5429200;89.86337280273438
2021-05-28;95.19999694824219;95.26000213623047;92.6500015258789;93.38999938964844;5294200;89.76727294921875
2021-06-01;95.47000122070312;96.9800033569336;93.79000091552734;96.52999877929688;5293500;92.78545379638672
2021-06-02;97.37000274658203;97.4000015258789;94.81999969482422;96.80000305175781;6739800;93.04499816894531
2021-06-03;94.80000305175781;95.77999877929688;91.25;94.27999877929688;9216500;90.62275695800781
2021-06-04;95.58999633789062;96.30999755859375;94.04000091552734;95.5;5410100;91.79540252685547
2021-06-07;96.05999755859375;99.69999694824219;96.05999755859375;99.37000274658203;6105100;95.51529693603516
2021-06-08;100.19999694824219;103.20999908447266;98.70999908447266;102.51000213623047;6858900;98.53349304199219
2021-06-09;103.29000091552734;103.44000244140625;99.94999694824219;100.4800033569336;6085500;96.5822525024414
2021-06-10;101.2300033569336;101.95999908447266;97.45999908447266;98.31999969482422;7583500;94.50602722167969
2021-06-11;99.41000366210938;101.38999938964844;99.16999816894531;101.37999725341797;4248600;97.44731903076172
2021-06-14;101.98999786376953;103.41000366210938;99.25;100.4800033569336;4487000;96.5822525024414
2021-06-15;100.44999694824219;100.95999908447266;97.0999984741211;99.61000061035156;4055300;95.74596405029297
2021-06-16;98.56999969482422;99.94999694824219;96.0199966430664;98.87000274658203;9012600;95.03469848632812
2021-06-17;98.08000183105469;99.33000183105469;92.0;95.5199966430664;9239000;91.81463623046875
2021-06-18;91.13999938964844;93.5999984741211;87.80999755859375;88.93000030517578;8683900;85.48027801513672
2021-06-21;91.19000244140625;95.44999694824219;90.37999725341797;94.76000213623047;6166900;91.08412170410156
2021-06-22;94.05999755859375;96.61000061035156;92.04000091552734;96.19000244140625;5801900;92.4586410522461
2021-06-23;96.08999633789062;98.58000183105469;96.08999633789062;97.12999725341797;3661200;93.3621826171875
2021-06-24;98.76000213623047;101.04000091552734;98.0199966430664;101.04000091552734;4089900;97.1205062866211
2021-06-25;101.48999786376953;103.02999877929688;100.87999725341797;100.93000030517578;7071600;97.01475524902344
2021-06-28;101.48999786376953;101.94999694824219;97.0199966430664;99.22000122070312;5866000;95.3711166381836
2021-06-29;100.12999725341797;100.8499984741211;97.06999969482422;97.8499984741211;4654200;94.05427551269531
2021-06-30;96.87999725341797;99.0199966430664;95.77999877929688;97.88999938964844;5513000;94.09271240234375
2021-07-01;99.62999725341797;100.97000122070312;98.2699966430664;100.43000030517578;5730400;96.53416442871094
2021-07-02;101.06999969482422;101.1500015258789;96.70999908447266;97.41000366210938;7435800;93.6313247680664
2021-07-06;97.5999984741211;97.79000091552734;90.7699966430664;93.3499984741211;7106400;89.72882080078125
2021-07-07;92.91999816894531;94.27999877929688;88.2699966430664;90.69999694824219;8351900;87.18161010742188
2021-07-08;85.30999755859375;91.0199966430664;83.5;88.27999877929688;9642400;84.85548400878906
2021-07-09;91.01000213623047;93.80000305175781;90.13999938964844;93.72000122070312;6551200;90.08445739746094
2021-07-12;92.69999694824219;94.30999755859375;91.45999908447266;94.05999755859375;4673300;90.41126251220703
2021-07-13;92.31999969482422;92.9000015258789;88.55000305175781;88.73999786376953;6799400;85.29765319824219
2021-07-14;90.33999633789062;91.08999633789062;84.16000366210938;84.55000305175781;9419600;81.2701644897461
2021-07-15;83.38999938964844;84.7300033569336;80.0;83.16999816894531;10082600;79.94371032714844
2021-07-16;85.58000183105469;85.5999984741211;79.44999694824219;80.0;10407100;76.89668273925781
2021-07-19;75.18000030517578;79.41000366210938;73.41000366210938;76.5;18616300;73.5324478149414
2021-07-20;76.94000244140625;84.44999694824219;75.91000366210938;83.37999725341797;13922700;80.14556121826172
2021-07-21;84.86000061035156;87.97000122070312;84.69000244140625;87.86000061035156;9289800;84.45178985595703
2021-07-22;87.06999969482422;87.16999816894531;82.52999877929688;83.58999633789062;10142400;80.347412109375
2021-07-23;85.12000274658203;85.22000122070312;81.76000213623047;84.70999908447266;7838500;81.42398834228516
2021-07-26;85.6500015258789;87.66999816894531;84.31999969482422;85.56999969482422;11270500;82.25060272216797
2021-07-27;84.13999938964844;84.2300033569336;79.94000244140625;82.56999969482422;13794100;79.36697387695312
2021-07-28;83.97000122070312;88.13999938964844;82.2699966430664;86.25;11058300;82.90425109863281
2021-07-29;88.3499984741211;90.3499984741211;87.66999816894531;88.19999694824219;12963200;84.7785873413086
2021-07-30;87.13999938964844;89.93000030517578;85.44999694824219;86.45999908447266;8127000;83.10609436035156
2021-08-02;87.97000122070312;90.47000122070312;84.73999786376953;85.08999633789062;10417500;81.78921508789062
2021-08-03;85.87000274658203;86.41000366210938;81.80000305175781;86.23999786376953;12281400;82.8946304321289
2021-08-04;84.05000305175781;86.5199966430664;82.66999816894531;82.95999908447266;10071800;79.74185180664062
2021-08-05;84.02999877929688;87.83000183105469;83.58000183105469;87.4800033569336;8885800;84.0865249633789
2021-08-06;89.27999877929688;91.06999969482422;87.48999786376953;89.04000091552734;8327900;85.58601379394531
2021-08-09;88.37000274658203;88.7300033569336;86.36000061035156;87.51000213623047;6034700;84.11534881591797
2021-08-10;88.02999877929688;88.75;86.37999725341797;88.05000305175781;8104500;84.6344223022461
2021-08-11;88.48999786376953;89.33000183105469;85.5;89.29000091552734;8532400;85.8263168334961
2021-08-12;89.37999725341797;89.38999938964844;86.94999694824219;88.5999984741211;8113100;85.16307830810547
2021-08-13;88.41999816894531;88.81999969482422;85.75;86.19000244140625;7620300;82.84657287597656
2021-08-16;84.68000030517578;85.20999908447266;82.19000244140625;83.83999633789062;9265300;80.58772277832031
2021-08-17;81.08999633789062;82.29000091552734;77.7300033569336;80.80999755859375;17795100;77.67526245117188
2021-08-18;80.4000015258789;82.58999633789062;78.5;78.66999816894531;12783400;75.61827850341797
2021-08-19;76.33999633789062;78.12000274658203;74.44999694824219;75.81999969482422;18899300;72.87883758544922
2021-08-20;75.95999908447266;80.16999816894531;75.25;79.62999725341797;13184200;76.54103088378906
2021-08-23;81.70999908447266;84.5;81.70999908447266;84.19000244140625;9682300;80.92414855957031
2021-08-24;84.94999694824219;86.80000305175781;84.29000091552734;86.66999816894531;9214000;83.30793762207031
2021-08-25;86.58999633789062;89.19999694824219;85.56999969482422;87.61000061035156;7558700;84.21145629882812
2021-08-26;87.08000183105469;88.25;84.2699966430664;84.87000274658203;8850700;81.57777404785156
2021-08-27;85.2699966430664;92.5999984741211;85.19000244140625;91.95999908447266;12625800;88.39273834228516
2021-08-30;93.01000213623047;93.02999877929688;90.19999694824219;90.80999755859375;6175500;87.28734588623047
2021-08-31;90.48999786376953;92.13999938964844;89.44000244140625;91.3499984741211;7610200;87.806396484375
2021-09-01;92.38999938964844;94.11000061035156;90.06999969482422;93.19000244140625;9798800;89.57502746582031
2021-09-02;94.25;96.08000183105469;93.33999633789062;95.06999969482422;7321500;91.38209533691406
2021-09-03;94.18000030517578;95.0199966430664;92.83000183105469;93.79000091552734;6732700;90.1517562866211
2021-09-07;93.4000015258789;95.0199966430664;91.62000274658203;91.83000183105469;7673900;88.26777648925781
2021-09-08;90.83999633789062;91.30000305175781;87.2699966430664;88.79000091552734;7447400;85.34571075439453
2021-09-09;88.3499984741211;91.58999633789062;87.68000030517578;88.7699966430664;9162200;85.32646942138672
2021-09-10;90.23999786376953;90.38999938964844;85.95999908447266;86.11000061035156;9495300;82.76966094970703
2021-09-13;87.91999816894531;88.11000061035156;84.48999786376953;87.58999633789062;11984700;84.19225311279297
2021-09-14;88.54000091552734;88.54000091552734;83.05999755859375;84.19000244140625;10413300;80.92414855957031
2021-09-15;84.08000183105469;87.2300033569336;83.5199966430664;86.91000366210938;7593700;83.53863525390625
2021-09-16;86.69999694824219;87.93000030517578;84.36000061035156;86.5999984741211;5901500;83.24065399169922
2021-09-17;85.91000366210938;87.55999755859375;84.79000091552734;86.76000213623047;8376800;83.39444732666016
2021-09-20;81.06999969482422;82.8499984741211;77.30000305175781;80.66999816894531;17003300;77.54068756103516
2021-09-21;82.38999938964844;83.06999969482422;79.23999786376953;81.19000244140625;9845400;78.04053497314453
2021-09-22;82.63999938964844;86.69000244140625;82.5999984741211;84.80999755859375;9491800;81.52008819580078
2021-09-23;86.36000061035156;90.29000091552734;85.66000366210938;89.37999725341797;8182700;85.9128189086914
2021-09-24;87.95999908447266;89.58999633789062;86.62999725341797;88.1500015258789;7249200;84.73052978515625
2021-09-27;88.66999816894531;93.5199966430664;88.66999816894531;91.95999908447266;8542900;88.39273834228516
2021-09-28;90.87999725341797;91.02999877929688;85.30000305175781;85.81999969482422;10460200;82.49092102050781
2021-09-29;86.95999908447266;87.36000061035156;84.54000091552734;85.33000183105469;11027300;82.01993560791016
2021-09-30;86.70999908447266;87.30999755859375;82.76000213623047;82.9000015258789;12838000;79.68418884277344
2021-10-01;84.33999633789062;88.25;81.73999786376953;86.86000061035156;11831600;83.49056243896484
2021-10-04;86.66999816894531;86.9000015258789;82.94999694824219;84.45999908447266;11062800;81.18366241455078
2021-10-05;85.25;87.68000030517578;84.04000091552734;85.37000274658203;8130100;82.05838012695312
2021-10-06;82.81999969482422;84.4000015258789;80.45999908447266;84.0199966430664;11280700;80.76073455810547
2021-10-07;85.94999694824219;89.80000305175781;85.75;88.0;7606700;84.58634185791016
2021-10-08;88.02999877929688;88.87000274658203;85.77999877929688;85.93000030517578;7574600;82.5966567993164
2021-10-11;86.19999694824219;88.16999816894531;84.37999725341797;84.44000244140625;6239800;81.16445922851562
2021-10-12;85.04000091552734;86.9000015258789;84.5;85.88999938964844;7069300;82.5582046508789
2021-10-13;86.22000122070312;87.16999816894531;83.86000061035156;87.01000213623047;7668400;83.63475799560547
2021-10-14;89.45999908447266;91.01000213623047;89.04000091552734;90.77999877929688;7009800;87.25850677490234
2021-10-15;93.12999725341797;93.9000015258789;89.87000274658203;89.94999694824219;7584800;86.46070098876953
2021-10-18;88.45999908447266;90.5999984741211;88.29000091552734;89.91999816894531;4511300;86.43187713623047
2021-10-19;90.97000122070312;92.05999755859375;89.36000061035156;90.88999938964844;5822000;87.36424255371094
2021-10-20;91.08999633789062;93.38999938964844;89.95999908447266;92.66999816894531;6716900;89.0751953125
2021-10-21;92.41000366210938;94.6500015258789;91.7300033569336;93.37000274658203;6836800;89.748046875
2021-10-22;93.2300033569336;93.9000015258789;90.61000061035156;92.69999694824219;6273600;89.1040267944336
2021-10-25;93.18000030517578;95.81999969482422;92.54000091552734;95.4000015258789;5478200;91.69929504394531
2021-10-26;95.91000366210938;96.7300033569336;93.1500015258789;93.2699966430664;7006500;89.65193176269531
2021-10-27;92.31999969482422;92.69000244140625;87.9000015258789;87.91999816894531;10203000;84.50945281982422
2021-10-28;89.43000030517578;93.44999694824219;89.37000274658203;93.19999694824219;6997900;89.5846176147461
2021-10-29;92.86000061035156;94.12999725341797;91.86000061035156;93.23999786376953;5106500;89.62309265136719
2021-11-01;94.54000091552734;100.66999816894531;94.19999694824219;100.41999816894531;7957500;96.52457427978516
2021-11-02;101.0;101.56999969482422;98.77999877929688;101.08000183105469;7784200;97.15894317626953
2021-11-03;100.66000366210938;107.97000122070312;100.37000274658203;106.44999694824219;9358800;102.3206558227539
2021-11-04;107.63999938964844;109.5;105.05000305175781;106.29000091552734;7911800;102.1668701171875
2021-11-05;109.87999725341797;112.83000183105469;108.55000305175781;110.80000305175781;8830400;106.50191497802734
2021-11-08;113.38999938964844;114.30999755859375;110.8499984741211;111.83999633789062;9406000;107.50155639648438
2021-11-09;110.97000122070312;111.66000366210938;107.54000091552734;109.80000305175781;6803700;105.54069519042969
2021-11-10;108.26000213623047;110.33000183105469;103.18000030517578;104.58999633789062;13065200;100.53279876708984
2021-11-11;105.7699966430664;108.55000305175781;105.01000213623047;107.1500015258789;4297000;102.99349212646484
2021-11-12;107.98999786376953;108.38999938964844;106.41999816894531;107.4000015258789;7593100;103.23381042480469
2021-11-15;108.9000015258789;109.08000183105469;104.80000305175781;106.1500015258789;7999400;102.03227233886719
2021-11-16;105.05999755859375;107.20999908447266;104.0199966430664;106.66999816894531;5446400;102.53211975097656
2021-11-17;105.41000366210938;105.56999969482422;101.58999633789062;102.56999969482422;8123400;98.5911636352539
2021-11-18;103.83999633789062;104.0999984741211;98.86000061035156;101.26000213623047;10170300;97.33197021484375
2021-11-19;99.05999755859375;100.62999725341797;98.05999755859375;98.5;8234700;94.67904663085938
2021-11-22;100.29000091552734;102.31999969482422;97.08999633789062;97.23999786376953;10601900;93.46791076660156
2021-11-23;96.80000305175781;98.80000305175781;93.30000305175781;96.7300033569336;14037800;92.97769927978516
2021-11-24;94.30000305175781;97.48999786376953;93.23999786376953;97.0199966430664;8637900;93.25642395019531
2021-11-26;88.68000030517578;90.18000030517578;82.11000061035156;86.43000030517578;15612700;83.0772705078125
2021-11-29;89.83999633789062;90.5;84.16999816894531;85.88999938964844;13376600;82.5582046508789
2021-11-30;83.55999755859375;84.87000274658203;78.0;80.79000091552734;24176300;77.65604400634766
2021-12-01;86.0;87.27999877929688;75.11000061035156;75.27999877929688;27168600;72.35978698730469
2021-12-02;76.3499984741211;82.22000122070312;75.76000213623047;81.45999908447266;23175600;78.30005645751953
2021-12-03;82.55999755859375;82.69000244140625;74.22000122070312;76.37000274658203;21636100;73.40748596191406
2021-12-06;78.29000091552734;82.7300033569336;75.30000305175781;80.98999786376953;19456600;77.84829711914062
2021-12-07;84.4800033569336;88.7300033569336;84.25;86.52999877929688;11876600;83.17337799072266
2021-12-08;87.19000244140625;89.4000015258789;85.41000366210938;88.47000122070312;11891200;85.03812408447266
2021-12-09;86.4000015258789;87.70999908447266;82.37000274658203;82.43000030517578;12205200;79.23242950439453
2021-12-10;84.16999816894531;84.97000122070312;79.91000366210938;81.70999908447266;11648600;78.54035186767578
2021-12-13;80.7300033569336;81.43000030517578;76.69999694824219;78.29000091552734;9223700;75.25302124023438
2021-12-14;76.5199966430664;79.69999694824219;75.16999816894531;76.19999694824219;11043600;73.24408721923828
2021-12-15;76.12000274658203;80.31999969482422;72.80999755859375;79.88999938964844;18528000;76.79094696044922
2021-12-16;81.68000030517578;82.20999908447266;73.83999633789062;74.91999816894531;16696800;72.01374816894531
2021-12-17;73.81999969482422;79.25;71.86000061035156;76.93000030517578;14619900;73.9457778930664
2021-12-20;73.62000274658203;74.51000213623047;70.08000183105469;73.6500015258789;19484400;70.79300689697266
2021-12-21;75.70999908447266;80.0999984741211;75.70999908447266;79.94999694824219;15091400;76.90083312988281
2021-12-22;79.52999877929688;82.2699966430664;78.75;82.2300033569336;13213800;79.09388732910156
2021-12-23;83.0999984741211;84.98999786376953;82.26000213623047;84.19999694824219;11153500;80.98873901367188
2021-12-27;84.5;86.6500015258789;82.58000183105469;86.5999984741211;12964700;83.29720306396484
2021-12-28;86.19999694824219;88.37999725341797;84.48999786376953;85.02999877929688;12299700;81.78707885742188
2021-12-29;84.88999938964844;85.80000305175781;83.2699966430664;85.26000213623047;8950900;82.00831604003906
2021-12-30;85.18000030517578;87.98999786376953;84.9000015258789;85.13999938964844;10534900;81.89289855957031
2021-12-31;84.55000305175781;86.51000213623047;84.5199966430664;84.75;10820500;81.51776885986328
2022-01-03;85.97000122070312;89.37999725341797;84.91999816894531;87.79000091552734;11854800;84.44182586669922
2022-01-04;88.69999694824219;89.95999908447266;85.62000274658203;87.47000122070312;13638700;84.134033203125
2022-01-05;87.33000183105469;88.52999877929688;78.66999816894531;78.68000030517578;15844900;75.67926025390625
2022-01-06;79.16999816894531;81.9000015258789;76.93000030517578;79.98999786376953;11601700;76.93929290771484
2022-01-07;79.9000015258789;81.8499984741211;77.01000213623047;77.1500015258789;15827400;74.2076187133789
2022-01-10;75.75;76.41999816894531;71.83999633789062;76.33999633789062;23754800;73.42852020263672
2022-01-11;76.5199966430664;78.98999786376953;73.8499984741211;78.73999786376953;21238300;75.73696899414062
2022-01-12;79.72000122070312;80.63999938964844;75.55000305175781;76.94000244140625;12433500;74.00563049316406
2022-01-13;77.87000274658203;79.33000183105469;74.23999786376953;74.95999908447266;15303200;72.10113525390625
2022-01-14;72.75;75.2699966430664;71.27999877929688;75.23999786376953;16540800;72.3704605102539
2022-01-18;73.0;73.20999908447266;68.05999755859375;68.33000183105469;15684700;65.72400665283203
2022-01-19;69.31999969482422;69.97000122070312;64.94999694824219;65.11000061035156;18277900;62.62681579589844
2022-01-20;65.9000015258789;69.33000183105469;61.09000015258789;61.4900016784668;17788200;59.14486312866211
2022-01-21;60.61000061035156;63.52000045776367;58.029998779296875;58.06999969482422;22289500;55.85530090332031
2022-01-24;55.459999084472656;62.77000045776367;52.900001525878906;62.209999084472656;31428300;59.83740234375
2022-01-25;59.25;62.150001525878906;55.58000183105469;59.56999969482422;21140800;57.29808807373047
2022-01-26;62.099998474121094;63.720001220703125;54.93000030517578;56.970001220703125;20630900;54.7972526550293
2022-01-27;58.47999954223633;60.09000015258789;52.25;53.040000915527344;18847100;51.01713562011719
2022-01-28;53.15999984741211;56.18000030517578;50.20000076293945;56.150001525878906;17548700;54.008522033691406
2022-01-31;55.349998474121094;61.220001220703125;54.93000030517578;61.189998626708984;15028200;58.856300354003906
2022-02-01;61.63999938964844;63.400001525878906;58.33000183105469;63.150001525878906;13503800;60.741554260253906
2022-02-02;63.41999816894531;63.720001220703125;59.45000076293945;61.310001373291016;12783200;58.97173309326172
2022-02-03;59.06999969482422;61.2400016784668;57.40999984741211;57.79999923706055;11549100;55.595603942871094
2022-02-04;57.41999816894531;60.09000015258789;55.54999923706055;58.720001220703125;12837000;56.48051071166992
2022-02-07;58.58000183105469;61.029998779296875;58.22999954223633;59.619998931884766;10898200;57.3461799621582
2022-02-08;59.5099983215332;62.810001373291016;59.459999084472656;62.5;14869300;60.11634826660156
2022-02-09;64.16999816894531;66.08999633789062;63.90999984741211;66.08999633789062;12023800;63.56942367553711
2022-02-10;62.5;68.37999725341797;61.7400016784668;63.119998931884766;19074300;60.71269226074219
2022-02-11;63.20000076293945;65.43000030517578;59.529998779296875;61.0;16527100;58.67355728149414
2022-02-14;61.31999969482422;63.02000045776367;59.150001525878906;60.459999084472656;10211700;58.15414810180664
2022-02-15;62.310001373291016;65.5;62.18000030517578;65.31999969482422;8866800;62.828800201416016
2022-02-16;64.58000183105469;66.44000244140625;63.41999816894531;65.62000274658203;9434300;63.11737060546875
2022-02-17;63.93000030517578;64.33000183105469;60.279998779296875;60.68000030517578;8718700;58.365753173828125
2022-02-18;60.439998626708984;62.02000045776367;58.45000076293945;59.08000183105469;11439000;56.826778411865234
2022-02-22;58.220001220703125;59.939998626708984;55.45000076293945;56.61000061035156;10540100;54.450984954833984
2022-02-23;57.849998474121094;58.5099983215332;53.040000915527344;53.400001525878906;10545400;51.363399505615234
2022-02-24;49.529998779296875;57.95000076293945;49.220001220703125;57.709999084472656;15343800;55.50902557373047
2022-02-25;58.20000076293945;61.56999969482422;56.65999984741211;61.56999969482422;11879300;59.22181701660156
2022-02-28;59.63999938964844;63.36000061035156;59.619998931884766;62.130001068115234;11060300;59.76047134399414
2022-03-01;61.650001525878906;62.630001068115234;57.16999816894531;58.650001525878906;9710300;56.41317367553711
2022-03-02;59.86000061035156;63.779998779296875;59.75;62.93000030517578;11007300;60.529945373535156
2022-03-03;63.68000030517578;63.68000030517578;59.2400016784668;60.59000015258789;11497000;58.27919387817383
2022-03-04;58.7599983215332;59.72999954223633;56.279998779296875;57.849998474121094;10294900;55.64369201660156
2022-03-07;58.09000015258789;58.54999923706055;53.470001220703125;53.540000915527344;12389700;51.49807357788086
2022-03-08;53.9900016784668;58.290000915527344;53.22999954223633;54.439998626708984;14514500;52.36374282836914
2022-03-09;57.20000076293945;59.52000045776367;56.720001220703125;58.93000030517578;8315500;56.6824951171875
2022-03-10;56.43000030517578;58.720001220703125;55.65999984741211;58.650001525878906;9357700;56.41317367553711
2022-03-11;59.38999938964844;60.220001220703125;55.560001373291016;55.79999923706055;6625200;53.67186737060547
2022-03-14;56.2400016784668;56.40999984741211;51.709999084472656;52.599998474121094;9871400;50.593910217285156
2022-03-15;53.0099983215332;54.90999984741211;52.540000915527344;54.84000015258789;7617900;52.74849319458008
2022-03-16;56.349998474121094;60.060001373291016;55.22999954223633;60.060001373291016;12034300;57.7694091796875
2022-03-17;59.06999969482422;62.9900016784668;58.63999938964844;62.959999084472656;8154500;60.55880355834961
2022-03-18;61.970001220703125;65.01000213623047;61.869998931884766;64.68000030517578;7894900;62.21320724487305
2022-03-21;64.79000091552734;65.69999694824219;61.75;63.13999938964844;7561200;60.731937408447266
2022-03-22;63.849998474121094;66.22000122070312;63.5;64.94999694824219;7752200;62.47290802001953
2022-03-23;63.72999954223633;64.7300033569336;61.529998779296875;61.650001525878906;6465900;59.29876708984375
2022-03-24;62.369998931884766;63.79999923706055;60.95000076293945;63.77000045776367;7535100;61.33790588378906
2022-03-25;63.97999954223633;64.4800033569336;62.459999084472656;64.05000305175781;5905400;61.60723876953125
2022-03-28;63.529998779296875;64.06999969482422;61.150001525878906;64.05000305175781;8032400;61.60723876953125
2022-03-29;65.72000122070312;69.69000244140625;65.62000274658203;69.16999816894531;9701500;66.53194427490234
2022-03-30;68.87000274658203;69.22000122070312;64.22000122070312;65.16999816894531;7741900;62.684505462646484
2022-03-31;64.73999786376953;66.41000366210938;62.88999938964844;62.9900016784668;8423800;60.587650299072266
2022-04-01;63.79999923706055;65.23999786376953;62.75;65.0;8254400;62.520999908447266
2022-04-04;65.38999938964844;65.86000061035156;63.5099983215332;65.55000305175781;8512200;63.05002975463867
2022-04-05;65.4000015258789;66.81999969482422;60.310001373291016;60.81999969482422;9644700;58.50041961669922
2022-04-06;59.25;59.650001525878906;56.880001068115234;58.209999084472656;13147800;55.989959716796875
2022-04-07;58.15999984741211;59.11000061035156;55.189998626708984;57.599998474121094;9890800;55.40322494506836
2022-04-08;57.380001068115234;58.310001373291016;55.88999938964844;56.290000915527344;6752900;54.143192291259766
2022-04-11;55.5099983215332;57.380001068115234;54.52000045776367;55.029998779296875;6530000;52.93123245239258
2022-04-12;56.81999969482422;59.36000061035156;54.970001220703125;55.58000183105469;8451600;53.460262298583984
2022-04-13;56.0099983215332;59.209999084472656;55.970001220703125;58.779998779296875;6575500;56.53822326660156
2022-04-14;58.900001525878906;60.02000045776367;56.970001220703125;56.9900016784668;6336000;54.81649398803711
2022-04-18;56.59000015258789;57.2400016784668;54.959999084472656;55.84000015258789;6441600;53.71034622192383
2022-04-19;56.04999923706055;59.77000045776367;55.95000076293945;59.27000045776367;6774400;57.009525299072266
2022-04-20;60.5;61.209999084472656;59.45000076293945;59.88999938964844;10315500;57.60588836669922
2022-04-21;61.560001373291016;62.040000915527344;55.189998626708984;55.83000183105469;10984300;53.70072937011719
2022-04-22;55.08000183105469;55.47999954223633;51.18000030517578;51.52000045776367;14433500;49.55509948730469
2022-04-25;50.16999816894531;52.650001525878906;48.7400016784668;52.4900016784668;12486500;50.48811340332031
2022-04-26;51.220001220703125;51.529998779296875;47.279998779296875;47.40999984741211;13033800;45.60185241699219
2022-04-27;47.380001068115234;48.9900016784668;46.349998474121094;46.86000061035156;16607500;45.07283020019531
2022-04-28;48.52000045776367;50.18000030517578;45.18000030517578;49.41999816894531;14007600;47.535194396972656
2022-04-29;48.75;50.45000076293945;44.849998474121094;45.2599983215332;12754300;43.53384780883789
2022-05-02;45.16999816894531;47.279998779296875;43.31999969482422;46.58000183105469;16755200;44.80351638793945
2022-05-03;46.59000015258789;48.54999923706055;45.709999084472656;47.81999969482422;9537000;45.996219635009766
2022-05-04;48.2400016784668;51.93000030517578;45.709999084472656;51.66999816894531;13404700;49.69939041137695
2022-05-05;50.060001373291016;50.06999969482422;43.540000915527344;45.439998626708984;10981100;43.70698928833008
2022-05-06;44.84000015258789;45.150001525878906;41.630001068115234;43.130001068115234;12321200;41.48508834838867
2022-05-09;41.119998931884766;41.68000030517578;37.06999969482422;37.689998626708984;15030000;36.25255584716797
2022-05-10;39.36000061035156;40.220001220703125;35.25;37.66999816894531;13109800;36.23332214355469
2022-05-11;37.7400016784668;39.75;34.650001525878906;34.88999938964844;20599300;33.559356689453125
2022-05-12;34.349998474121094;37.13999938964844;33.810001373291016;36.13999938964844;18096800;34.76167678833008
2022-05-13;37.59000015258789;40.34000015258789;37.58000183105469;39.470001220703125;14336500;37.96467971801758
2022-05-16;39.11000061035156;40.380001068115234;38.220001220703125;38.90999984741211;11194000;37.426025390625
2022-05-17;41.040000915527344;42.619998931884766;40.06999969482422;42.54999923706055;12411900;40.927207946777344
2022-05-18;40.9900016784668;41.61000061035156;37.22999954223633;38.029998779296875;11682200;36.5796012878418
2022-05-19;37.16999816894531;39.66999816894531;37.15999984741211;38.220001220703125;11593500;36.76234436035156
2022-05-20;39.52000045776367;39.7599983215332;35.119998931884766;37.95000076293945;13834800;36.50263977050781
2022-05-23;39.06999969482422;39.7400016784668;37.5099983215332;39.25;10916000;37.75305938720703
2022-05-24;38.189998626708984;38.380001068115234;35.369998931884766;37.45000076293945;13722300;36.02170944213867
2022-05-25;37.04999923706055;40.189998626708984;37.029998779296875;39.59000015258789;12991800;38.080101013183594
2022-05-26;40.2599983215332;42.880001068115234;40.16999816894531;42.119998931884766;12139800;40.51359939575195
2022-05-27;42.849998474121094;45.54999923706055;42.650001525878906;45.529998779296875;9626000;43.79355239868164
2022-05-31;44.9900016784668;45.29999923706055;42.97999954223633;43.790000915527344;12016700;42.11991882324219
2022-06-01;44.52000045776367;45.02000045776367;41.36000061035156;43.130001068115234;12005200;41.48508834838867
2022-06-02;43.279998779296875;46.2400016784668;43.02000045776367;46.20000076293945;8961900;44.43800354003906
2022-06-03;45.189998626708984;45.65999984741211;44.09000015258789;45.06999969482422;8402700;43.351097106933594
2022-06-06;46.560001373291016;46.61000061035156;44.84000015258789;45.599998474121094;7167200;43.86088562011719
2022-06-07;44.459999084472656;47.810001373291016;44.15999984741211;47.7599983215332;8687400;45.938507080078125
2022-06-08;47.09000015258789;47.63999938964844;44.90999984741211;45.619998931884766;7830000;43.88011932373047
2022-06-09;44.849998474121094;45.29999923706055;42.72999954223633;42.77000045776367;6994100;41.138816833496094
2022-06-10;40.63999938964844;41.33000183105469;38.61000061035156;39.2599983215332;11076000;37.76268005371094
2022-06-13;36.0;36.84000015258789;33.13999938964844;33.75;13627100;32.462825775146484
2022-06-14;33.9900016784668;34.33000183105469;32.25;33.31999969482422;12072200;32.049224853515625
2022-06-15;34.2599983215332;35.959999084472656;32.79999923706055;34.66999816894531;13236300;33.34773635864258
2022-06-16;32.33000183105469;32.58000183105469;29.200000762939453;29.850000381469727;15835600;28.711570739746094
2022-06-17;30.139999389648438;31.809999465942383;29.739999771118164;30.559999465942383;13110300;29.394487380981445
2022-06-21;32.119998931884766;33.25;31.43000030517578;32.130001068115234;11023400;30.90460968017578
2022-06-22;30.889999389648438;32.810001373291016;30.600000381469727;32.0;12557000;30.77956771850586
2022-06-23;32.209999084472656;33.34000015258789;31.270000457763672;33.150001525878906;12287000;31.885709762573242
2022-06-24;33.939998626708984;36.20000076293945;33.75;36.13999938964844;10342300;34.76167678833008
2022-06-27;36.560001373291016;37.38999938964844;35.650001525878906;36.650001525878906;8785900;35.252227783203125
2022-06-28;37.34000015258789;38.11000061035156;34.5;34.61000061035156;9743300;33.2900276184082
2022-06-29;34.599998474121094;34.709999084472656;32.470001220703125;33.4900016784668;9563600;32.212738037109375
2022-06-30;31.989999771118164;33.84000015258789;31.15999984741211;32.79999923706055;11745300;31.54906463623047
2022-07-01;32.5099983215332;34.099998474121094;31.700000762939453;33.88999938964844;12148900;32.59748840332031
2022-07-05;32.25;34.720001220703125;31.09000015258789;34.709999084472656;9506300;33.386207580566406
2022-07-06;34.5;35.25;32.869998931884766;33.93000030517578;10207700;32.63596725463867
2022-07-07;34.720001220703125;36.54999923706055;34.709999084472656;36.34000015258789;6856100;34.95404815673828
2022-07-08;35.9900016784668;37.16999816894531;35.09000015258789;36.33000183105469;8178700;34.944427490234375
2022-07-11;35.45000076293945;35.90999984741211;33.84000015258789;34.08000183105469;6626200;32.780250549316406
2022-07-12;33.81999969482422;34.880001068115234;33.220001220703125;33.779998779296875;7854500;32.491676330566406
2022-07-13;32.380001068115234;34.22999954223633;32.16999816894531;33.66999816894531;10081800;32.38587188720703
2022-07-14;32.15999984741211;32.880001068115234;31.1299991607666;32.650001525878906;10352900;31.404783248901367
2022-07-15;33.75;34.790000915527344;32.459999084472656;34.65999984741211;7948500;33.3381233215332
2022-07-18;35.84000015258789;36.54999923706055;34.02000045776367;34.33000183105469;7208700;33.02070999145508
2022-07-19;35.61000061035156;38.08000183105469;35.58000183105469;37.93000030517578;9259400;36.4834098815918
2022-07-20;37.97999954223633;39.939998626708984;37.779998779296875;39.7400016784668;9690300;38.22438049316406
2022-07-21;39.029998779296875;40.369998931884766;38.0;40.31999969482422;7448700;38.782257080078125
2022-07-22;40.61000061035156;40.849998474121094;37.439998626708984;38.369998931884766;8005300;36.90663146972656
2022-07-25;38.72999954223633;39.279998779296875;37.689998626708984;38.97999954223633;6319300;37.49336242675781
2022-07-26;38.56999969482422;38.81999969482422;37.7599983215332;38.2599983215332;5434700;36.80082321166992
2022-07-27;39.0099983215332;41.400001525878906;38.68000030517578;40.84000015258789;8926700;39.28242874145508
2022-07-28;41.470001220703125;42.689998626708984;39.7599983215332;42.54999923706055;9011600;40.927207946777344
2022-07-29;42.599998474121094;43.7599983215332;41.93000030517578;43.40999984741211;8161600;41.75440979003906
2022-08-01;42.470001220703125;44.16999816894531;41.33000183105469;43.369998931884766;7794300;41.71593475341797
2022-08-02;42.849998474121094;44.630001068115234;42.16999816894531;43.2599983215332;7079400;41.61013412475586
2022-08-03;44.15999984741211;45.400001525878906;43.70000076293945;45.11000061035156;6578700;43.38957595825195
2022-08-04;45.220001220703125;45.34000015258789;44.189998626708984;44.91999816894531;5938600;43.206817626953125
2022-08-05;43.529998779296875;46.02000045776367;43.279998779296875;45.88999938964844;7494100;44.13982391357422
2022-08-08;46.83000183105469;48.619998931884766;46.63999938964844;47.34000015258789;6854400;45.53452682495117
2022-08-09;46.7599983215332;46.84000015258789;44.61000061035156;45.36000061035156;6043200;43.63003921508789
2022-08-10;47.83000183105469;49.47999954223633;47.439998626708984;49.27000045776367;7796300;47.39091491699219
2022-08-11;50.58000183105469;52.16999816894531;49.529998779296875;49.77000045776367;7908300;47.871849060058594
2022-08-12;50.47999954223633;52.84000015258789;49.900001525878906;52.79999923706055;6364700;50.78628921508789
2022-08-15;51.560001373291016;53.400001525878906;51.08000183105469;53.34000015258789;6261000;51.30569076538086
2022-08-16;52.84000015258789;54.04999923706055;51.709999084472656;53.2400016784668;6606500;51.20951461791992
2022-08-17;51.470001220703125;51.939998626708984;49.59000015258789;50.560001373291016;9100000;48.63172149658203
2022-08-18;50.709999084472656;51.810001373291016;50.0;51.540000915527344;7309500;49.57434844970703
2022-08-19;49.959999084472656;50.130001068115234;47.779998779296875;48.220001220703125;7222800;46.38096618652344
2022-08-22;46.27000045776367;46.5099983215332;44.77000045776367;45.220001220703125;6982700;43.49538040161133
2022-08-23;45.439998626708984;46.86000061035156;45.060001373291016;45.45000076293945;6519600;43.71660614013672
2022-08-24;45.36000061035156;47.119998931884766;44.880001068115234;46.52000045776367;6249200;44.74580001831055
2022-08-25;47.189998626708984;48.650001525878906;46.88999938964844;48.619998931884766;6565600;46.76570510864258
2022-08-26;48.59000015258789;48.63999938964844;43.560001373291016;43.7599983215332;9896900;42.09104537963867
2022-08-29;42.5;43.810001373291016;42.150001525878906;42.61000061035156;5551000;40.98491668701172
2022-08-30;42.9900016784668;43.099998474121094;40.060001373291016;40.779998779296875;9915300;39.224708557128906
2022-08-31;40.97999954223633;41.529998779296875;39.84000015258789;40.04999923706055;8575000;38.52255630493164
2022-09-01;38.93000030517578;38.970001220703125;37.0099983215332;38.720001220703125;10856700;37.24327850341797
2022-09-02;40.0;40.27000045776367;37.189998626708984;37.79999923706055;13836200;36.358367919921875
2022-09-06;38.13999938964844;38.400001525878906;36.16999816894531;36.72999954223633;6933200;35.32917404174805
2022-09-07;36.45000076293945;39.22999954223633;36.41999816894531;39.060001373291016;7565900;37.57032012939453
2022-09-08;38.040000915527344;40.06999969482422;37.369998931884766;40.02000045776367;8783000;38.49370574951172
2022-09-09;41.040000915527344;42.54999923706055;40.900001525878906;42.38999938964844;6262000;40.77330780029297
2022-09-12;43.25;44.08000183105469;42.790000915527344;43.959999084472656;5775000;42.28343200683594
2022-09-13;40.59000015258789;41.29999923706055;38.290000915527344;38.79999923706055;8370900;37.320228576660156
2022-09-14;39.0099983215332;39.45000076293945;37.709999084472656;39.29999923706055;5139200;37.80115509033203
2022-09-15;38.52000045776367;40.33000183105469;37.86000061035156;38.369998931884766;7674700;36.90663146972656
2022-09-16;36.75;37.11000061035156;35.34000015258789;36.599998474121094;9839000;35.204132080078125
2022-09-19;35.470001220703125;37.7400016784668;35.439998626708984;37.61000061035156;6565000;36.17561721801758
2022-09-20;36.5;36.599998474121094;35.209999084472656;36.08000183105469;8078800;34.70396423339844
2022-09-21;36.849998474121094;37.88999938964844;34.400001525878906;34.43000030517578;12752900;33.11689758300781
2022-09-22;34.20000076293945;34.54999923706055;31.690000534057617;32.06999969482422;13757600;30.846899032592773
2022-09-23;30.68000030517578;30.81999969482422;28.469999313354492;29.719999313354492;14323200;28.586528778076172
2022-09-26;29.239999771118164;31.09000015258789;28.229999542236328;28.520000457763672;12420400;27.432294845581055
2022-09-27;29.579999923706055;30.329999923706055;28.06999969482422;28.829999923706055;15279200;27.730470657348633
2022-09-28;29.350000381469727;32.099998474121094;29.010000228881836;31.579999923706055;16511600;30.37558937072754
2022-09-29;30.34000015258789;30.43000030517578;28.139999389648438;29.420000076293945;16100100;28.29796600341797
2022-09-30;29.229999542236328;31.200000762939453;28.760000228881836;28.809999465942383;15160800;27.711231231689453
2022-10-03;30.010000228881836;31.559999465942383;28.93000030517578;31.06999969482422;16412300;29.885042190551758
2022-10-04;32.79999923706055;34.77000045776367;32.79999923706055;34.7599983215332;14039400;33.43431091308594
2022-10-05;33.18000030517578;34.33000183105469;32.0099983215332;33.97999954223633;15319600;32.68405532836914
2022-10-06;33.41999816894531;34.77000045776367;32.880001068115234;33.380001068115234;11053900;32.106937408447266
2022-10-07;32.31999969482422;32.61000061035156;30.0;30.399999618530273;12818800;29.240591049194336
2022-10-10;30.760000228881836;30.920000076293945;29.309999465942383;29.889999389648438;9620400;28.75004005432129
2022-10-11;29.5;31.18000030517578;28.350000381469727;29.90999984741211;12515000;28.769283294677734
2022-10-12;30.0;30.290000915527344;28.709999084472656;29.670000076293945;11237000;28.538429260253906
2022-10-13;27.90999984741211;32.27000045776367;27.1200008392334;31.809999465942383;20114700;30.596813201904297
2022-10-14;32.560001373291016;33.22999954223633;29.229999542236328;29.309999465942383;16766500;28.192163467407227
2022-10-17;31.040000915527344;32.310001373291016;31.0;32.06999969482422;13121200;30.846899032592773
2022-10-18;34.119998931884766;34.93000030517578;32.380001068115234;33.20000076293945;17927600;31.93379783630371
2022-10-19;32.2400016784668;32.75;30.450000762939453;31.530000686645508;14944100;30.327497482299805
2022-10-20;31.56999969482422;32.77000045776367;29.979999542236328;30.290000915527344;18735500;29.13478660583496
2022-10-21;30.479999542236328;32.5;29.81999969482422;32.25;18510400;31.020029067993164
2022-10-24;32.58000183105469;32.93000030517578;31.31999969482422;32.66999816894531;13566800;31.424015045166016
2022-10-25;32.7599983215332;35.70000076293945;32.72999954223633;35.279998779296875;14186400;33.934478759765625
2022-10-26;35.93000030517578;37.790000915527344;35.38999938964844;35.84000015258789;16174200;34.473121643066406
2022-10-27;36.77000045776367;37.58000183105469;35.709999084472656;35.83000183105469;16412700;34.4635009765625
2022-10-28;36.2599983215332;38.41999816894531;35.599998474121094;38.2599983215332;13410600;36.80082321166992
2022-10-31;37.720001220703125;38.95000076293945;37.25;38.369998931884766;12792900;36.90663146972656
2022-11-01;39.540000915527344;39.79999923706055;38.060001373291016;38.56999969482422;12553800;37.099002838134766
2022-11-02;38.029998779296875;39.400001525878906;34.650001525878906;34.68000030517578;18491900;33.35735321044922
2022-11-03;33.400001525878906;34.93000030517578;32.689998626708984;34.08000183105469;9808300;32.780250549316406
2022-11-04;35.439998626708984;36.06999969482422;33.47999954223633;35.349998474121094;15375800;34.001800537109375
2022-11-07;35.97999954223633;36.459999084472656;34.7400016784668;35.849998474121094;8915000;34.48273849487305
2022-11-08;36.22999954223633;37.2599983215332;34.529998779296875;35.83000183105469;10379200;34.4635009765625
2022-11-09;34.88999938964844;35.279998779296875;32.66999816894531;32.880001068115234;9959600;31.626001358032227
2022-11-10;36.97999954223633;38.97999954223633;36.529998779296875;38.93000030517578;13344200;37.44527816772461
2022-11-11;39.220001220703125;41.08000183105469;39.119998931884766;39.84000015258789;13000900;38.32056427001953
2022-11-14;39.130001068115234;40.41999816894531;38.41999816894531;38.61000061035156;10825000;37.13747024536133
2022-11-15;40.43000030517578;41.47999954223633;39.33000183105469;40.290000915527344;13431700;38.75340270996094
2022-11-16;39.61000061035156;39.63999938964844;37.7599983215332;38.09000015258789;10051800;36.637298583984375
2022-11-17;36.43000030517578;37.27000045776367;35.77000045776367;37.06999969482422;9520600;35.656211853027344
2022-11-18;38.209999084472656;38.65999984741211;37.0099983215332;37.68000030517578;10278300;36.24293899536133
2022-11-21;37.08000183105469;37.349998474121094;36.279998779296875;37.130001068115234;5685100;35.71392059326172
2022-11-22;37.689998626708984;38.43000030517578;36.84000015258789;38.33000183105469;6874700;36.8681526184082
2022-11-23;38.0;38.91999816894531;37.540000915527344;38.5099983215332;8048800;37.04128646850586
2022-11-25;38.439998626708984;39.25;38.209999084472656;38.849998474121094;3579000;37.36832046508789
2022-11-28;37.880001068115234;38.349998474121094;36.099998474121094;36.41999816894531;8567200;35.03099822998047
2022-11-29;36.5099983215332;37.4900016784668;36.5;36.75;7481800;35.348411560058594
2022-11-30;36.90999984741211;39.779998779296875;35.779998779296875;39.7400016784668;13001600;38.22438049316406
2022-12-01;40.2400016784668;40.90999984741211;38.95000076293945;39.47999954223633;9328500;37.97428512573242
2022-12-02;37.849998474121094;40.63999938964844;37.810001373291016;40.150001525878906;9246900;38.61874008178711
2022-12-05;39.400001525878906;39.5099983215332;36.38999938964844;36.810001373291016;9229900;35.40612030029297
2022-12-06;36.79999923706055;36.86000061035156;34.52000045776367;35.11000061035156;7020000;33.77095413208008
2022-12-07;34.91999816894531;35.93000030517578;34.54999923706055;34.81999969482422;9314800;33.49201583862305
2022-12-08;35.45000076293945;36.560001373291016;34.77000045776367;35.540000915527344;7661700;34.1845588684082
2022-12-09;34.900001525878906;35.4900016784668;34.15999984741211;34.189998626708984;7969700;32.88604736328125
2022-12-12;34.29999923706055;35.599998474121094;33.84000015258789;35.43000030517578;7345600;34.07875061035156
2022-12-13;38.83000183105469;39.34000015258789;35.540000915527344;36.279998779296875;15219000;34.89633560180664
2022-12-14;36.22999954223633;37.16999816894531;34.72999954223633;35.540000915527344;11317100;34.1845588684082
2022-12-15;34.33000183105469;34.59000015258789;32.47999954223633;32.90999984741211;9126000;31.654865264892578
2022-12-16;31.899999618530273;32.5099983215332;31.1299991607666;32.08000183105469;8476800;30.85651969909668
2022-12-19;32.209999084472656;32.470001220703125;30.5;30.809999465942383;6553100;29.634952545166016
2022-12-20;30.5;31.75;30.239999771118164;31.170000076293945;7441800;30.077871322631836
2022-12-21;31.969999313354492;33.25;31.850000381469727;32.72999954223633;7622300;31.583209991455078
2022-12-22;31.860000610351562;31.940000534057617;29.829999923706055;31.479999542236328;10395700;30.377010345458984
2022-12-23;31.399999618530273;31.899999618530273;30.760000228881836;31.860000610351562;7731300;30.743698120117188
2022-12-27;31.8700008392334;31.959999084472656;30.8799991607666;31.239999771118164;7144800;30.145418167114258
2022-12-28;31.260000228881836;31.700000762939453;29.670000076293945;29.760000228881836;8388500;28.717273712158203
2022-12-29;30.350000381469727;32.20000076293945;30.190000534057617;32.0099983215332;6701900;30.888439178466797
2022-12-30;31.110000610351562;31.899999618530273;30.739999771118164;31.700000762939453;7194700;30.58930206298828
2023-01-03;32.529998779296875;33.310001373291016;30.360000610351562;31.149999618530273;12305500;30.05857276916504
2023-01-04;31.799999237060547;32.91999816894531;31.6299991607666;32.349998474121094;11622400;31.216527938842773
2023-01-05;31.739999771118164;31.8700008392334;30.56999969482422;31.280000686645508;9539500;30.184019088745117
2023-01-06;32.11000061035156;33.599998474121094;31.350000381469727;33.369998931884766;10684400;32.20079040527344
2023-01-09;34.150001525878906;34.77000045776367;33.38999938964844;33.540000915527344;7936300;32.36482620239258
2023-01-10;33.38999938964844;35.040000915527344;33.18000030517578;35.02000045776367;7299100;33.79297637939453
2023-01-11;35.400001525878906;36.29999923706055;35.08000183105469;36.290000915527344;7183200;35.01847457885742
2023-01-12;36.77000045776367;38.13999938964844;35.779998779296875;38.119998931884766;12149700;36.784358978271484
2023-01-13;37.22999954223633;38.97999954223633;37.130001068115234;38.810001373291016;8332500;37.4501838684082
2023-01-17;38.790000915527344;39.27000045776367;38.27000045776367;38.650001525878906;6586200;37.29579544067383
2023-01-18;39.02000045776367;39.95000076293945;36.689998626708984;36.7599983215332;9995900;35.47200393676758
2023-01-19;36.060001373291016;36.310001373291016;34.93000030517578;35.68000030517578;10236800;34.42985916137695
2023-01-20;36.02000045776367;37.470001220703125;35.20000076293945;37.41999816894531;8607800;36.108882904052734
2023-01-23;37.619998931884766;39.2599983215332;37.119998931884766;38.83000183105469;8246800;37.469486236572266
2023-01-24;38.29999923706055;39.09000015258789;37.869998931884766;38.529998779296875;6764400;37.179996490478516
2023-01-25;37.59000015258789;38.90999984741211;36.63999938964844;38.849998474121094;8590800;37.4887809753418
2023-01-26;39.7599983215332;40.310001373291016;38.119998931884766;39.540000915527344;8858700;38.15460205078125
2023-01-27;39.15999984741211;40.56999969482422;39.0099983215332;40.099998474121094;7963700;38.694976806640625
2023-01-30;39.029998779296875;40.13999938964844;38.38999938964844;38.47999954223633;7963000;37.131744384765625
2023-01-31;38.72999954223633;41.290000915527344;38.720001220703125;41.27000045776367;7097900;39.82398223876953
2023-02-01;41.02000045776367;44.279998779296875;40.369998931884766;43.189998626708984;11696700;41.67670822143555
2023-02-02;44.18000030517578;46.33000183105469;43.06999969482422;45.75;11792100;44.147029876708984
2023-02-03;44.209999084472656;46.2400016784668;43.880001068115234;44.7599983215332;9736000;43.19170379638672
2023-02-06;43.849998474121094;44.33000183105469;42.310001373291016;42.81999969482422;7800100;41.31967544555664
2023-02-07;42.349998474121094;44.09000015258789;41.16999816894531;43.75;14811200;42.217098236083984
2023-02-08;42.90999984741211;43.59000015258789;41.4900016784668;41.810001373291016;9917800;40.345069885253906
2023-02-09;42.79999923706055;43.36000061035156;39.65999984741211;39.9900016784668;9092700;38.58883285522461
2023-02-10;39.54999923706055;40.380001068115234;39.06999969482422;40.189998626708984;8375000;38.781829833984375
2023-02-13;40.27000045776367;41.779998779296875;39.54999923706055;41.630001068115234;7006700;40.17137145996094
2023-02-14;40.77000045776367;42.470001220703125;39.97999954223633;41.56999969482422;15385800;40.11347579956055
2023-02-15;40.56999969482422;42.880001068115234;40.27000045776367;42.84000015258789;10062800;41.33897399902344
2023-02-16;40.9900016784668;43.04999923706055;40.66999816894531;41.560001373291016;12714700;40.10382843017578
2023-02-17;41.029998779296875;42.0099983215332;40.459999084472656;41.79999923706055;10279000;40.335418701171875
2023-02-21;40.29999923706055;40.689998626708984;38.02000045776367;38.130001068115234;9113600;36.794010162353516
2023-02-22;38.400001525878906;39.189998626708984;37.720001220703125;38.4900016784668;10851700;37.14139938354492
2023-02-23;39.33000183105469;39.880001068115234;37.66999816894531;39.25;11306600;37.87476348876953
2023-02-24;37.54999923706055;38.27000045776367;37.029998779296875;38.099998474121094;12201100;36.76506042480469
2023-02-27;39.060001373291016;39.72999954223633;38.150001525878906;38.529998779296875;7658300;37.179996490478516
2023-02-28;38.470001220703125;39.619998931884766;38.439998626708984;38.459999084472656;5780000;37.11244583129883
2023-03-01;38.5;39.279998779296875;37.880001068115234;38.650001525878906;12045200;37.29579544067383
2023-03-02;37.650001525878906;39.150001525878906;37.20000076293945;38.91999816894531;8603800;37.55632781982422
2023-03-03;39.34000015258789;40.75;38.59000015258789;40.4900016784668;9675100;39.07131576538086
2023-03-06;40.5099983215332;40.619998931884766;38.189998626708984;38.70000076293945;9570800;37.34403991699219
2023-03-07;38.70000076293945;38.90999984741211;37.16999816894531;37.380001068115234;10373900;36.07028579711914
2023-03-08;37.5;37.97999954223633;36.5;37.369998931884766;10533700;36.060638427734375
2023-03-09;37.41999816894531;37.77000045776367;34.16999816894531;34.27000045776367;15057500;33.06925582885742
2023-03-10;33.709999084472656;33.709999084472656;30.170000076293945;31.229999542236328;22815400;30.13576889038086
2023-03-13;29.399999618530273;31.3799991607666;28.56999969482422;29.719999313354492;18257300;28.678674697875977
2023-03-14;32.400001525878906;32.7599983215332;30.389999389648438;31.389999389648438;19294500;30.290159225463867
2023-03-15;28.940000534057617;29.940000534057617;28.100000381469727;29.889999389648438;22957500;28.842721939086914
2023-03-16;28.700000762939453;31.709999084472656;28.200000762939453;31.010000228881836;19153900;29.923479080200195
2023-03-17;29.959999084472656;30.329999923706055;28.270000457763672;28.530000686645508;17216600;27.530372619628906
2023-03-20;29.290000915527344;30.510000228881836;29.079999923706055;29.579999923706055;15704900;28.5435791015625
2023-03-21;31.09000015258789;31.920000076293945;30.799999237060547;31.219999313354492;12758400;30.16486930847168
2023-03-22;31.09000015258789;31.5;28.459999084472656;28.489999771118164;15891400;27.527135848999023
2023-03-23;29.09000015258789;30.170000076293945;27.350000381469727;28.09000015258789;16485000;27.140653610229492
2023-03-24;27.350000381469727;28.989999771118164;26.709999084472656;28.84000015258789;18719300;27.865304946899414
2023-03-27;29.8799991607666;30.299999237060547;29.1299991607666;29.81999969482422;16587300;28.81218719482422
2023-03-28;29.469999313354492;30.200000762939453;29.260000228881836;29.68000030517578;11052100;28.676916122436523
2023-03-29;30.600000381469727;30.719999313354492;29.920000076293945;30.68000030517578;12718500;29.64311981201172
2023-03-30;31.3700008392334;31.6200008392334;30.1299991607666;30.520000457763672;12979000;29.488529205322266
2023-03-31;31.1200008392334;32.29999923706055;31.110000610351562;32.209999084472656;11649100;31.12141227722168
2023-04-03;32.43000030517578;32.90999984741211;31.1200008392334;32.220001220703125;11807100;31.131078720092773
2023-04-04;32.41999816894531;32.529998779296875;29.950000762939453;30.469999313354492;13217900;29.440216064453125
2023-04-05;29.940000534057617;30.219999313354492;29.030000686645508;29.59000015258789;11413100;28.589963912963867
2023-04-06;29.600000381469727;29.959999084472656;29.06999969482422;29.709999084472656;9087000;28.705900192260742
2023-04-10;29.25;30.68000030517578;29.209999084472656;30.639999389648438;8567500;29.604475021362305
2023-04-11;31.0;31.770000457763672;30.809999465942383;31.31999969482422;8091600;30.26148796081543
2023-04-12;32.22999954223633;32.29999923706055;30.510000228881836;30.65999984741211;12271400;29.623798370361328
2023-04-13;31.020000457763672;32.11000061035156;30.670000076293945;31.829999923706055;9263000;30.754253387451172
2023-04-14;31.899999618530273;32.369998931884766;30.299999237060547;30.950000762939453;12067300;29.90399932861328
2023-04-17;31.149999618530273;32.150001525878906;31.059999465942383;32.09000015258789;7485500;31.005470275878906
2023-04-18;32.52000045776367;32.54999923706055;31.110000610351562;31.690000534057617;9276700;30.618988037109375
2023-04-19;31.18000030517578;32.099998474121094;30.920000076293945;31.8799991607666;6638700;30.80256462097168
2023-04-20;31.190000534057617;31.8799991607666;30.860000610351562;31.31999969482422;7727300;30.26148796081543
2023-04-21;31.520000457763672;31.600000381469727;30.5;31.450000762939453;7632800;30.387100219726562
2023-04-24;31.309999465942383;31.860000610351562;30.84000015258789;31.31999969482422;7420900;30.26148796081543
2023-04-25;30.40999984741211;30.530000686645508;29.0;29.030000686645508;12626300;28.048885345458984
2023-04-26;28.579999923706055;29.170000076293945;27.969999313354492;28.18000030517578;12510600;27.227615356445312
2023-04-27;28.459999084472656;29.360000610351562;27.93000030517578;29.25;11612300;28.261449813842773
2023-04-28;29.079999923706055;30.329999923706055;29.010000228881836;30.0;11188700;28.986103057861328
2023-05-01;29.889999389648438;31.100000381469727;29.790000915527344;30.100000381469727;9905500;29.082725524902344
2023-05-02;29.6200008392334;29.6200008392334;27.309999465942383;28.209999084472656;18515100;27.2565975189209
2023-05-03;28.479999542236328;30.15999984741211;28.43000030517578;28.540000915527344;14985200;27.575448989868164
2023-05-04;27.989999771118164;28.110000610351562;26.739999771118164;27.579999923706055;17831100;26.64788818359375
2023-05-05;28.889999389648438;29.770000457763672;28.809999465942383;29.469999313354492;11373500;28.474016189575195
2023-05-08;29.8700008392334;30.010000228881836;28.780000686645508;29.260000228881836;9588600;28.2711124420166
2023-05-09;28.690000534057617;29.350000381469727;28.290000915527344;28.989999771118164;8169100;28.01024055480957
2023-05-10;30.200000762939453;30.200000762939453;28.56999969482422;29.420000076293945;14294600;28.425704956054688
2023-05-11;28.809999465942383;29.09000015258789;28.239999771118164;28.709999084472656;12369800;27.73969841003418
2023-05-12;28.969999313354492;29.260000228881836;28.0;28.510000228881836;11692300;27.546459197998047
2023-05-15;28.799999237060547;29.989999771118164;28.56999969482422;29.549999237060547;10040400;28.551311492919922
2023-05-16;28.950000762939453;29.0;28.239999771118164;28.270000457763672;10759900;27.314571380615234
2023-05-17;28.809999465942383;30.31999969482422;28.200000762939453;30.18000030517578;13502000;29.160022735595703
2023-05-18;29.829999923706055;30.850000381469727;29.549999237060547;30.670000076293945;12668000;29.633459091186523
2023-05-19;31.31999969482422;31.3700008392334;29.649999618530273;30.049999237060547;12015600;29.034412384033203
2023-05-22;30.350000381469727;31.56999969482422;30.040000915527344;31.190000534057617;11215500;30.135883331298828
2023-05-23;30.969999313354492;32.36000061035156;30.719999313354492;30.770000457763672;13842300;29.730079650878906
2023-05-24;30.270000457763672;30.3700008392334;29.299999237060547;29.760000228881836;13979600;28.75421142578125
2023-05-25;29.6200008392334;29.719999313354492;28.299999237060547;29.040000915527344;16427900;28.058547973632812
2023-05-26;29.100000381469727;30.100000381469727;28.93000030517578;29.940000534057617;14127800;28.928133010864258
2023-05-30;30.270000457763672;30.690000534057617;29.270000457763672;29.649999618530273;14296100;28.647933959960938
2023-05-31;29.239999771118164;29.889999389648438;28.049999237060547;28.709999084472656;14167200;27.73969841003418
2023-06-01;28.81999969482422;29.969999313354492;28.34000015258789;29.65999984741211;12506400;28.657594680786133
2023-06-02;30.850000381469727;32.90999984741211;30.559999465942383;32.86000061035156;21665800;31.749446868896484
2023-06-05;32.5;32.5;30.950000762939453;31.520000457763672;19791900;30.454734802246094
2023-06-06;31.219999313354492;34.380001068115234;31.209999084472656;34.04999923706055;20177700;32.89922332763672
2023-06-07;34.66999816894531;36.2400016784668;34.66999816894531;35.939998626708984;22565900;34.72534942626953
2023-06-08;35.61000061035156;35.97999954223633;34.58000183105469;35.45000076293945;17342100;34.251914978027344
2023-06-09;35.38999938964844;35.529998779296875;34.310001373291016;34.61000061035156;15596700;33.44029998779297
2023-06-12;34.7400016784668;35.529998779296875;34.15999984741211;35.04999923706055;15516800;33.86543273925781
2023-06-13;35.439998626708984;36.83000183105469;35.310001373291016;36.25;18526400;35.02487564086914
2023-06-14;36.470001220703125;36.97999954223633;34.279998779296875;35.09000015258789;22490200;33.904075622558594
2023-06-15;34.54999923706055;35.95000076293945;34.47999954223633;35.880001068115234;14357000;34.66737365722656
2023-06-16;36.130001068115234;36.4900016784668;34.52000045776367;34.97999954223633;13646600;33.797794342041016
2023-06-20;34.54999923706055;34.77000045776367;33.779998779296875;34.540000915527344;10356700;33.37266159057617
2023-06-21;33.90999984741211;34.7400016784668;33.439998626708984;34.099998474121094;11513200;33.16646957397461
2023-06-22;33.79999923706055;33.79999923706055;32.81999969482422;33.290000915527344;10936600;32.37864303588867
2023-06-23;31.84000015258789;32.75;31.489999771118164;31.65999984741211;14358000;30.79326629638672
2023-06-26;31.729999542236328;32.90999984741211;31.6299991607666;31.8799991607666;13327000;31.007244110107422
2023-06-27;32.09000015258789;33.560001373291016;31.690000534057617;33.25;12816600;32.339744567871094
2023-06-28;33.0099983215332;33.79999923706055;32.560001373291016;33.7400016784668;13169800;32.816322326660156
2023-06-29;33.90999984741211;35.25;33.79999923706055;35.0;13960700;34.04182815551758
2023-06-30;35.869998931884766;35.97999954223633;35.130001068115234;35.290000915527344;13820700;34.323890686035156
2023-07-03;35.13999938964844;36.209999084472656;35.029998779296875;35.70000076293945;8486500;34.7226676940918
2023-07-05;35.22999954223633;35.279998779296875;34.27000045776367;34.470001220703125;12621100;33.52634048461914
2023-07-06;33.2400016784668;33.290000915527344;31.6299991607666;32.77000045776367;16671800;31.872882843017578
2023-07-07;32.86000061035156;34.72999954223633;32.849998474121094;33.900001525878906;14005400;32.971946716308594
2023-07-10;33.709999084472656;35.619998931884766;33.47999954223633;35.59000015258789;11659100;34.61568832397461
2023-07-11;35.880001068115234;36.77000045776367;35.41999816894531;36.560001373291016;14659800;35.55912399291992
2023-07-12;38.310001373291016;38.470001220703125;37.5;37.7599983215332;19370200;36.72627639770508
2023-07-13;38.18000030517578;38.84000015258789;37.7400016784668;38.68000030517578;12597600;37.621089935302734
2023-07-14;38.599998474121094;38.619998931884766;36.779998779296875;37.540000915527344;17829800;36.51229476928711
2023-07-17;37.41999816894531;39.18000030517578;37.279998779296875;38.709999084472656;10396100;37.650264739990234
2023-07-18;38.779998779296875;40.380001068115234;38.65999984741211;40.15999984741211;11640400;39.060569763183594
2023-07-19;40.540000915527344;41.150001525878906;40.11000061035156;40.619998931884766;13507000;39.507972717285156
2023-07-20;40.720001220703125;40.720001220703125;39.08000183105469;39.61000061035156;12584800;38.525630950927734
2023-07-21;40.34000015258789;40.459999084472656;38.93000030517578;39.130001068115234;9865500;38.05876541137695
2023-07-24;39.2400016784668;40.220001220703125;38.869998931884766;39.41999816894531;10015800;38.34082794189453
2023-07-25;39.20000076293945;40.189998626708984;39.11000061035156;39.459999084472656;10928600;38.379730224609375
2023-07-26;39.279998779296875;40.7599983215332;39.27000045776367;40.33000183105469;12485200;39.22591781616211
2023-07-27;41.029998779296875;41.20000076293945;38.29999923706055;38.77000045776367;17147100;37.70862579345703
2023-07-28;39.93000030517578;40.529998779296875;39.650001525878906;40.25;13715000;39.148109436035156
2023-07-31;40.54999923706055;41.650001525878906;40.5099983215332;41.61000061035156;11417800;40.47087097167969
2023-08-01;40.79999923706055;41.130001068115234;39.77000045776367;41.04999923706055;13697000;39.926204681396484
2023-08-02;39.65999984741211;39.959999084472656;38.72999954223633;39.36000061035156;13422300;38.282466888427734
2023-08-03;38.84000015258789;39.650001525878906;38.11000061035156;39.02000045776367;14726500;37.951778411865234
2023-08-04;39.11000061035156;40.0099983215332;38.470001220703125;38.77000045776367;12177100;37.70862579345703
2023-08-07;39.0099983215332;39.2400016784668;37.84000015258789;38.849998474121094;8608400;37.786434173583984
2023-08-08;37.5;38.18000030517578;36.529998779296875;38.11000061035156;11693800;37.066680908203125
2023-08-09;37.939998626708984;37.939998626708984;36.68000030517578;37.20000076293945;12675700;36.18159866333008
2023-08-10;37.54999923706055;38.619998931884766;36.15999984741211;36.650001525878906;17221100;35.64665985107422
2023-08-11;36.189998626708984;37.15999984741211;36.060001373291016;36.77000045776367;10804900;35.76337432861328
2023-08-14;36.150001525878906;36.58000183105469;35.38999938964844;36.560001373291016;8976400;35.55912399291992
2023-08-15;35.880001068115234;35.95000076293945;35.029998779296875;35.15999984741211;11576800;34.197452545166016
2023-08-16;35.0099983215332;35.599998474121094;33.79999923706055;33.810001373291016;10716300;32.884403228759766
2023-08-17;34.040000915527344;34.2599983215332;32.58000183105469;32.619998931884766;10995300;31.72698974609375
2023-08-18;31.790000915527344;33.40999984741211;31.649999618530273;33.11000061035156;12802100;32.20357131958008
2023-08-21;33.11000061035156;33.40999984741211;32.22999954223633;32.900001525878906;10723800;31.99932098388672
2023-08-22;33.279998779296875;33.54999923706055;32.29999923706055;32.650001525878906;9296000;31.75616455078125
2023-08-23;32.709999084472656;33.81999969482422;32.38999938964844;33.61000061035156;9688800;32.68988800048828
2023-08-24;33.380001068115234;33.93000030517578;32.22999954223633;32.279998779296875;11422500;31.396291732788086
2023-08-25;32.68000030517578;33.150001525878906;31.3700008392334;32.59000015258789;15620600;31.69780921936035
2023-08-28;33.06999969482422;34.06999969482422;33.04999923706055;33.470001220703125;7586500;32.5537223815918
2023-08-29;33.400001525878906;34.939998626708984;32.88999938964844;34.83000183105469;8548500;33.876487731933594
2023-08-30;34.599998474121094;35.63999938964844;34.369998931884766;35.279998779296875;8495500;34.31416702270508
2023-08-31;35.38999938964844;35.970001220703125;35.0;35.04999923706055;6239800;34.09046173095703
2023-09-01;35.84000015258789;36.81999969482422;35.709999084472656;36.209999084472656;9147300;35.21870422363281
2023-09-05;35.58000183105469;35.709999084472656;33.939998626708984;34.0;11088800;33.069210052490234
2023-09-06;34.08000183105469;34.63999938964844;33.0099983215332;33.599998474121094;8887100;32.68015670776367
2023-09-07;33.029998779296875;33.130001068115234;32.18000030517578;32.619998931884766;7626400;31.72698974609375
2023-09-08;32.66999816894531;32.810001373291016;32.08000183105469;32.400001525878906;6651100;31.513010025024414
2023-09-11;33.0099983215332;33.27000045776367;32.47999954223633;32.560001373291016;6831800;31.668638229370117
2023-09-12;32.369998931884766;33.06999969482422;32.220001220703125;32.5099983215332;6350200;31.619998931884766
2023-09-13;32.619998931884766;32.810001373291016;31.510000228881836;31.84000015258789;8592600;30.968338012695312
2023-09-14;32.59000015258789;33.380001068115234;32.439998626708984;33.099998474121094;9388000;32.19384765625
2023-09-15;32.68000030517578;32.83000183105469;31.610000610351562;32.04999923706055;8810700;31.172592163085938
2023-09-18;32.09000015258789;32.119998931884766;31.399999618530273;31.43000030517578;5179000;30.569564819335938
2023-09-19;31.43000030517578;31.850000381469727;30.700000762939453;31.040000915527344;6902600;30.206579208374023
2023-09-20;31.360000610351562;31.940000534057617;30.079999923706055;30.110000610351562;8576700;29.301551818847656
2023-09-21;29.3799991607666;29.510000228881836;28.65999984741211;28.700000762939453;9709100;27.929407119750977
2023-09-22;28.8700008392334;29.270000457763672;28.389999389648438;28.450000762939453;8381900;27.68612289428711
2023-09-25;27.959999084472656;28.989999771118164;27.8799991607666;28.809999465942383;7984800;28.036455154418945
2023-09-26;28.270000457763672;28.979999542236328;27.65999984741211;27.729999542236328;9582100;26.98545265197754
2023-09-27;28.209999084472656;28.90999984741211;27.729999542236328;28.489999771118164;12687000;27.725048065185547
2023-09-28;28.479999542236328;29.68000030517578;28.43000030517578;29.25;11185200;28.46463966369629
2023-09-29;29.860000610351562;29.950000762939453;28.479999542236328;28.739999771118164;14605000;27.968332290649414
2023-10-02;28.56999969482422;28.739999771118164;27.010000228881836;27.420000076293945;15886800;26.68377685546875
2023-10-03;26.90999984741211;27.18000030517578;25.700000762939453;26.06999969482422;17674400;25.370025634765625
2023-10-04;25.969999313354492;26.270000457763672;25.110000610351562;26.06999969482422;21278600;25.370025634765625
2023-10-05;25.860000610351562;26.3700008392334;25.479999542236328;26.149999618530273;14952700;25.4478759765625
2023-10-06;25.649999618530273;27.260000228881836;25.260000228881836;26.829999923706055;16792600;26.109619140625
2023-10-09;26.309999465942383;27.559999465942383;26.260000228881836;27.309999465942383;10315700;26.57672691345215
2023-10-10;27.450000762939453;28.729999542236328;27.440000534057617;28.209999084472656;14891700;27.452564239501953
2023-10-11;28.299999237060547;28.829999923706055;27.459999084472656;28.049999237060547;14354900;27.296859741210938
2023-10-12;28.15999984741211;28.15999984741211;25.729999542236328;26.170000076293945;20247200;25.46734046936035
2023-10-13;26.420000076293945;26.59000015258789;25.219999313354492;25.489999771118164;15459300;24.805599212646484
2023-10-16;26.110000610351562;26.8700008392334;25.809999465942383;26.670000076293945;10905800;25.95391273498535
2023-10-17;26.190000534057617;28.270000457763672;26.18000030517578;27.6299991607666;15406600;26.888134002685547
2023-10-18;26.959999084472656;26.979999542236328;25.739999771118164;25.889999389648438;16254800;25.194854736328125
2023-10-19;25.649999618530273;26.229999542236328;24.520000457763672;24.65999984741211;22839400;23.997879028320312
2023-10-20;24.600000381469727;24.739999771118164;23.639999389648438;23.690000534057617;18430800;23.05392837524414
2023-10-23;23.309999465942383;24.059999465942383;22.8799991607666;23.079999923706055;17462900;22.460304260253906
2023-10-24;23.6299991607666;24.1200008392334;23.190000534057617;23.600000381469727;16050300;22.96634292602539
2023-10-25;23.0;23.280000686645508;22.31999969482422;22.479999542236328;19161800;21.876413345336914
2023-10-26;22.6299991607666;23.280000686645508;22.229999542236328;22.649999618530273;24841500;22.041851043701172
2023-10-27;22.75;22.8799991607666;21.579999923706055;21.81999969482422;23743400;21.2341365814209
2023-10-30;22.40999984741211;22.829999923706055;21.68000030517578;22.170000076293945;18459900;21.574739456176758
2023-10-31;22.260000228881836;22.90999984741211;22.030000686645508;22.770000457763672;15889200;22.158632278442383
2023-11-01;22.690000534057617;23.15999984741211;22.110000610351562;23.079999923706055;22659800;22.460304260253906
2023-11-02;24.030000686645508;24.979999542236328;23.860000610351562;24.940000534057617;22600900;24.270362854003906
2023-11-03;26.200000762939453;27.440000534057617;26.190000534057617;26.920000076293945;22303200;26.197202682495117
2023-11-06;26.940000534057617;27.079999923706055;25.5;25.959999084472656;15276300;25.26297950744629
2023-11-07;25.56999969482422;26.010000228881836;25.1299991607666;25.709999084472656;14665600;25.01968765258789
2023-11-08;25.6200008392334;25.81999969482422;24.559999465942383;24.81999969482422;18440200;24.153583526611328
2023-11-09;25.299999237060547;25.309999465942383;23.530000686645508;23.670000076293945;23109700;23.03446388244629
2023-11-10;24.020000457763672;24.65999984741211;23.43000030517578;24.420000076293945;19905700;23.764328002929688
2023-11-13;24.020000457763672;24.690000534057617;23.709999084472656;24.43000030517578;15645900;23.77406120300293
2023-11-14;26.6200008392334;28.450000762939453;26.610000610351562;28.450000762939453;32982200;27.68612289428711
2023-11-15;28.43000030517578;30.020000457763672;28.270000457763672;28.600000381469727;33433800;27.832094192504883
2023-11-16;28.270000457763672;28.510000228881836;26.84000015258789;27.270000457763672;25068400;26.537805557250977
2023-11-17;27.920000076293945;28.450000762939453;27.729999542236328;28.309999465942383;18584900;27.549877166748047
2023-11-20;28.40999984741211;28.93000030517578;28.020000457763672;28.760000228881836;16567700;27.987802505493164
2023-11-21;28.209999084472656;28.360000610351562;27.600000381469727;27.639999389648438;14471700;26.897869110107422
2023-11-22;28.15999984741211;28.729999542236328;27.81999969482422;28.139999389648438;16218300;27.38444709777832
2023-11-24;28.100000381469727;28.8700008392334;27.959999084472656;28.690000534057617;6932100;27.919675827026367
2023-11-27;28.280000686645508;28.56999969482422;27.68000030517578;28.40999984741211;10547300;27.647197723388672
2023-11-28;28.309999465942383;28.600000381469727;27.649999618530273;28.040000915527344;14663600;27.28713035583496
2023-11-29;28.75;29.790000915527344;28.360000610351562;28.489999771118164;19984000;27.725048065185547
2023-11-30;28.979999542236328;29.260000228881836;28.3700008392334;28.760000228881836;17972100;27.987802505493164
2023-12-01;28.549999237060547;31.420000076293945;28.079999923706055;31.329999923706055;32475000;30.488794326782227
2023-12-04;30.940000534057617;32.34000015258789;30.84000015258789;32.290000915527344;25186800;31.423015594482422
2023-12-05;31.81999969482422;31.81999969482422;30.770000457763672;30.969999313354492;22320600;30.138460159301758
2023-12-06;31.6299991607666;32.7400016784668;30.670000076293945;30.729999542236328;24661100;29.90489959716797
2023-12-07;30.90999984741211;31.510000228881836;30.450000762939453;31.5;16642000;30.65422821044922
2023-12-08;31.34000015258789;32.619998931884766;31.15999984741211;32.13999938964844;23503300;31.277048110961914
2023-12-11;32.08000183105469;32.540000915527344;31.670000076293945;32.310001373291016;16156000;31.44248390197754
2023-12-12;32.22999954223633;32.560001373291016;31.389999389648438;32.2400016784668;16618900;31.374357223510742
2023-12-13;32.27000045776367;35.66999816894531;31.530000686645508;35.66999816894531;37003600;34.71226119995117
2023-12-14;37.41999816894531;39.150001525878906;37.189998626708984;38.41999816894531;40367700;37.388423919677734
2023-12-15;38.540000915527344;38.88999938964844;36.81999969482422;37.439998626708984;32531500;36.43473434448242
2023-12-18;37.939998626708984;38.41999816894531;37.22999954223633;37.470001220703125;18903100;36.463932037353516
2023-12-19;38.220001220703125;39.849998474121094;37.970001220703125;39.65999984741211;21232000;38.59513473510742
2023-12-20;39.41999816894531;40.779998779296875;37.25;37.29999923706055;35117000;36.298500061035156
2023-12-21;38.34000015258789;39.060001373291016;37.75;39.04999923706055;25061300;38.224918365478516
2023-12-22;39.630001068115234;40.77000045776367;39.2599983215332;40.0099983215332;25878800;39.164634704589844
2023-12-26;40.41999816894531;41.81999969482422;40.119998931884766;41.4900016784668;18079800;40.61336898803711
2023-12-27;41.7599983215332;42.380001068115234;41.130001068115234;41.90999984741211;27427600;41.02448654174805
2023-12-28;41.369998931884766;42.15999984741211;41.02000045776367;41.38999938964844;18792700;40.515480041503906
2023-12-29;41.09000015258789;41.41999816894531;39.40999984741211;39.45000076293945;24925300;38.61647033691406
2024-01-02;38.619998931884766;39.90999984741211;38.04999923706055;38.7400016784668;26443700;37.92147445678711
2024-01-03;37.43000030517578;37.599998474121094;35.36000061035156;35.540000915527344;35973600;34.789085388183594
2024-01-04;35.5;36.20000076293945;35.279998779296875;35.38999938964844;23818700;34.64224624633789
2024-01-05;34.709999084472656;36.20000076293945;34.47999954223633;35.0099983215332;29144900;34.2702751159668
2024-01-08;35.0;37.02000045776367;34.470001220703125;36.9900016784668;23375900;36.20844268798828
2024-01-09;35.529998779296875;36.33000183105469;34.959999084472656;35.86000061035156;24763100;35.102317810058594
2024-01-10;35.75;36.099998474121094;34.83000183105469;35.90999984741211;22593300;35.1512565612793
2024-01-11;35.59000015258789;35.72999954223633;33.81999969482422;35.08000183105469;30844000;34.338802337646484
2024-01-12;36.29999923706055;36.900001525878906;34.529998779296875;34.849998474121094;24888800;34.11365509033203
2024-01-16;34.0099983215332;34.33000183105469;33.150001525878906;33.560001373291016;19770500;32.850914001464844
2024-01-17;32.119998931884766;33.040000915527344;31.790000915527344;32.79999923706055;20018900;32.10697555541992
2024-01-18;33.40999984741211;33.65999984741211;32.130001068115234;33.38999938964844;25282600;32.684505462646484
2024-01-19;33.68000030517578;34.52000045776367;32.630001068115234;34.31999969482422;29809300;33.5948600769043
2024-01-22;35.209999084472656;36.630001068115234;35.16999816894531;36.529998779296875;28179600;35.7581672668457
2024-01-23;37.38999938964844;37.61000061035156;35.59000015258789;36.099998474121094;28797500;35.33724594116211
2024-01-24;37.45000076293945;37.5099983215332;35.11000061035156;35.22999954223633;31716500;34.48563003540039
2024-01-25;36.70000076293945;37.0;35.2599983215332;36.04999923706055;26534700;35.28830337524414
2024-01-26;36.599998474121094;37.11000061035156;35.75;36.08000183105469;23777200;35.31767272949219
2024-01-29;36.16999816894531;37.95000076293945;35.58000183105469;37.95000076293945;21167900;37.148162841796875
2024-01-30;37.369998931884766;37.66999816894531;36.630001068115234;36.9900016784668;20866100;36.20844268798828
2024-01-31;36.68000030517578;37.650001525878906;34.16999816894531;34.20000076293945;39264200;33.47739791870117
2024-02-01;35.02000045776367;35.75;33.52000045776367;35.65999984741211;34124200;34.90654373168945
2024-02-02;34.369998931884766;35.599998474121094;33.90999984741211;35.029998779296875;29052200;34.28985595703125
2024-02-05;33.9900016784668;34.290000915527344;32.65999984741211;33.63999938964844;26836200;32.92922592163086
2024-02-06;33.529998779296875;34.630001068115234;33.18000030517578;34.529998779296875;17261600;33.80042266845703
2024-02-07;34.7599983215332;34.810001373291016;33.689998626708984;34.310001373291016;20337500;33.58507537841797
2024-02-08;34.36000061035156;35.95000076293945;34.029998779296875;35.86000061035156;17680300;35.102317810058594
2024-02-09;36.2400016784668;37.66999816894531;35.9900016784668;37.58000183105469;24657700;36.78598403930664
2024-02-12;37.869998931884766;39.93000030517578;37.84000015258789;39.58000183105469;26707400;38.74372482299805
2024-02-13;35.68000030517578;36.38999938964844;33.810001373291016;34.7400016784668;43584500;34.00598907470703
2024-02-14;36.34000015258789;37.5;35.59000015258789;37.16999816894531;26877300;36.384639739990234
2024-02-15;38.11000061035156;40.220001220703125;38.0;40.0;27664200;39.154850006103516
2024-02-16;38.650001525878906;39.59000015258789;38.060001373291016;38.38999938964844;25977200;37.57886505126953
2024-02-20;36.9900016784668;37.27000045776367;36.290000915527344;36.790000915527344;18767100;36.01266860961914
2024-02-21;36.09000015258789;36.47999954223633;35.41999816894531;36.27000045776367;17478200;35.503662109375
2024-02-22;36.619998931884766;37.40999984741211;36.209999084472656;37.09000015258789;22465700;36.30633544921875
2024-02-23;37.11000061035156;37.959999084472656;36.54999923706055;37.310001373291016;20892800;36.52168655395508
2024-02-26;37.150001525878906;38.2400016784668;36.849998474121094;38.0099983215332;16798700;37.2068977355957
2024-02-27;39.040000915527344;39.689998626708984;38.7400016784668;39.52000045776367;17878100;38.68498992919922
2024-02-28;38.650001525878906;39.470001220703125;38.33000183105469;38.650001525878906;17600800;37.833370208740234
2024-02-29;40.189998626708984;40.689998626708984;38.66999816894531;39.29999923706055;25839300;38.46963119506836
2024-03-01;39.79999923706055;40.81999969482422;39.0;40.599998474121094;20256700;39.74216842651367
2024-03-04;41.25;41.689998626708984;40.33000183105469;40.45000076293945;20265700;39.595333099365234
2024-03-05;39.630001068115234;40.54999923706055;38.86000061035156;39.27000045776367;22096200;38.44027328491211
2024-03-06;40.58000183105469;40.63999938964844;39.4900016784668;40.119998931884766;19328600;39.27231216430664
2024-03-07;40.97999954223633;41.779998779296875;40.79999923706055;41.08000183105469;14601600;40.212032318115234
2024-03-08;42.16999816894531;43.150001525878906;40.40999984741211;40.959999084472656;28041500;40.09456253051758
2024-03-11;40.47999954223633;41.0099983215332;39.77000045776367;40.040000915527344;13588000;39.194000244140625
2024-03-12;39.970001220703125;40.43000030517578;38.9900016784668;39.869998931884766;17980500;39.027591705322266
2024-03-13;39.83000183105469;40.81999969482422;39.779998779296875;40.31999969482422;12340900;39.46809005737305
2024-03-14;39.900001525878906;40.029998779296875;37.040000915527344;38.04999923706055;22609100;37.24604415893555
2024-03-15;37.70000076293945;38.68000030517578;37.59000015258789;38.29999923706055;13997400;37.49076843261719
2024-03-18;38.59000015258789;38.72999954223633;37.45000076293945;37.58000183105469;10819000;36.78598403930664
2024-03-19;36.790000915527344;38.41999816894531;36.709999084472656;38.06999969482422;11161300;37.29142761230469
2024-03-20;37.75;40.81999969482422;37.5099983215332;40.31999969482422;23736300;39.49540710449219
2024-03-21;41.130001068115234;42.25;41.040000915527344;41.619998931884766;18236900;40.768821716308594
2024-03-22;41.619998931884766;41.84000015258789;39.970001220703125;40.0;15137800;39.18196105957031
2024-03-25;40.279998779296875;41.040000915527344;40.16999816894531;40.189998626708984;10734300;39.368072509765625
2024-03-26;41.06999969482422;41.400001525878906;39.880001068115234;39.97999954223633;13640600;39.16236114501953
2024-03-27;40.86000061035156;42.529998779296875;40.4900016784668;42.5;16507800;41.63083267211914
2024-03-28;42.72999954223633;43.84000015258789;42.61000061035156;42.91999816894531;16670700;42.04222869873047
2024-04-01;43.189998626708984;43.189998626708984;41.45000076293945;41.68000030517578;14662000;40.82760238647461
2024-04-02;40.119998931884766;40.18000030517578;38.720001220703125;39.380001068115234;19153700;38.57463455200195
2024-04-03;38.709999084472656;40.45000076293945;38.65999984741211;40.08000183105469;17176800;39.260318756103516
2024-04-04;41.369998931884766;41.65999984741211;38.560001373291016;38.81999969482422;19387500;38.026084899902344
2024-04-05;38.5;39.95000076293945;38.349998474121094;39.2599983215332;16504000;38.45709228515625
2024-04-08;40.09000015258789;40.349998474121094;39.29999923706055;39.86000061035156;9890500;39.04481506347656
2024-04-09;40.2400016784668;40.65999984741211;39.220001220703125;40.34000015258789;12367500;39.5150032043457
2024-04-10;37.310001373291016;38.29999923706055;36.34000015258789;37.119998931884766;32304500;36.36084747314453
2024-04-11;37.66999816894531;38.189998626708984;36.65999984741211;37.88999938964844;19072400;37.11510467529297
2024-04-12;37.220001220703125;37.61000061035156;35.2400016784668;35.79999923706055;20197600;35.06785202026367
2024-04-15;36.119998931884766;36.599998474121094;33.790000915527344;34.25;20919800;33.54955291748047
2024-04-16;33.5099983215332;34.43000030517578;32.939998626708984;33.81999969482422;22133500;33.12833786010742
2024-04-17;34.5099983215332;34.619998931884766;32.75;32.810001373291016;18349200;32.138999938964844
2024-04-18;33.060001373291016;34.04999923706055;32.29999923706055;32.61000061035156;20720300;31.943090438842773
2024-04-19;32.13999938964844;33.38999938964844;31.850000381469727;32.72999954223633;21376200;32.060630798339844
2024-04-22;33.290000915527344;34.33000183105469;32.619998931884766;33.810001373291016;16009100;33.11854934692383
2024-04-23;33.810001373291016;35.90999984741211;33.7400016784668;35.5;15786900;34.773983001708984
2024-04-24;35.310001373291016;35.709999084472656;34.400001525878906;35.06999969482422;16634000;34.352783203125
2024-04-25;33.810001373291016;34.54999923706055;32.939998626708984;34.380001068115234;16726400;33.6768913269043
2024-04-26;34.630001068115234;35.59000015258789;34.33000183105469;35.33000183105469;12992200;34.607460021972656
2024-04-29;35.790000915527344;36.40999984741211;35.59000015258789;36.13999938964844;13450900;35.40089416503906
2024-04-30;35.18000030517578;35.45000076293945;33.880001068115234;33.93000030517578;14675000;33.23609161376953
2024-05-01;33.93000030517578;36.2400016784668;33.5;34.15999984741211;24441200;33.46138381958008
2024-05-02;35.43000030517578;36.099998474121094;34.2599983215332;36.0099983215332;14816200;35.27355194091797
2024-05-03;37.880001068115234;38.27000045776367;36.65999984741211;37.029998779296875;19265400;36.272701263427734
2024-05-06;37.90999984741211;38.630001068115234;37.86000061035156;38.40999984741211;9182700;37.62447738647461
2024-05-07;38.630001068115234;39.38999938964844;38.470001220703125;38.66999816894531;9730800;37.879150390625
2024-05-08;37.45000076293945;38.150001525878906;37.349998474121094;38.099998474121094;8137100;37.320804595947266
2024-05-09;38.16999816894531;39.2400016784668;37.84000015258789;39.119998931884766;7935800;38.319950103759766
2024-05-10;39.43000030517578;39.59000015258789;37.91999816894531;38.279998779296875;10554700;37.49712371826172
2024-05-13;39.25;39.52000045776367;38.43000030517578;38.459999084472656;7650400;37.6734504699707
2024-05-14;39.79999923706055;40.189998626708984;39.15999984741211;39.66999816894531;11816800;38.858699798583984
2024-05-15;41.04999923706055;41.34000015258789;40.18000030517578;41.09000015258789;14158700;40.249664306640625
2024-05-16;40.79999923706055;41.06999969482422;40.25;40.290000915527344;10558500;39.466026306152344
2024-05-17;40.22999954223633;40.540000915527344;39.869998931884766;40.29999923706055;9729300;39.4758186340332
2024-05-20;40.2400016784668;41.09000015258789;40.11000061035156;40.599998474121094;7936500;39.769683837890625
2024-05-21;40.119998931884766;40.619998931884766;39.970001220703125;40.400001525878906;8030100;39.57377243041992
2024-05-22;40.0099983215332;40.349998474121094;38.939998626708984;39.459999084472656;13356800;38.65299606323242
2024-05-23;39.900001525878906;39.95000076293945;36.95000076293945;37.45000076293945;18876600;36.684104919433594
2024-05-24;38.25;38.7400016784668;37.79999923706055;38.61000061035156;10644100;37.82038116455078
2024-05-28;39.439998626708984;39.52000045776367;37.790000915527344;38.470001220703125;11529400;37.68324661254883
2024-05-29;36.959999084472656;37.220001220703125;36.560001373291016;36.79999923706055;11386300;36.047393798828125
2024-05-30;37.459999084472656;38.2400016784668;37.2400016784668;37.72999954223633;9501900;36.958377838134766
2024-05-31;38.25;38.970001220703125;37.189998626708984;38.63999938964844;13426000;37.84976577758789
2024-06-03;39.66999816894531;39.66999816894531;37.209999084472656;38.040000915527344;15886500;37.26204299926758
2024-06-04;37.22999954223633;37.47999954223633;36.380001068115234;36.529998779296875;16514500;35.78292465209961
2024-06-05;37.2400016784668;38.20000076293945;36.41999816894531;38.18000030517578;15246200;37.39917755126953
2024-06-06;37.68000030517578;38.040000915527344;37.04999923706055;37.36000061035156;12889900;36.595943450927734
2024-06-07;36.20000076293945;37.08000183105469;35.7400016784668;36.04999923706055;18135800;35.31273651123047
2024-06-10;35.09000015258789;36.4900016784668;34.83000183105469;36.40999984741211;12765500;35.66537094116211
2024-06-11;35.439998626708984;36.18000030517578;34.79999923706055;35.959999084472656;15076200;35.22457504272461
2024-06-12;38.72999954223633;39.5;37.279998779296875;37.630001068115234;31146300;36.86042404174805
2024-06-13;37.349998474121094;37.5099983215332;35.849998474121094;36.619998931884766;20339700;35.87107849121094
2024-06-14;35.29999923706055;35.54999923706055;34.41999816894531;34.86000061035156;20696700;34.14706802368164
2024-06-17;34.540000915527344;35.9900016784668;34.13999938964844;35.72999954223633;16287900;34.99928665161133
2024-06-18;35.709999084472656;36.369998931884766;35.4900016784668;35.88999938964844;13488000;35.156005859375
2024-06-20;35.599998474121094;36.439998626708984;35.040000915527344;35.369998931884766;13982200;34.646644592285156
2024-06-21;35.349998474121094;35.63999938964844;34.619998931884766;35.599998474121094;10500900;34.87193298339844
2024-06-24;35.77000045776367;36.83000183105469;35.689998626708984;36.060001373291016;13711400;35.32252883911133
2024-06-25;35.849998474121094;35.86000061035156;35.150001525878906;35.529998779296875;10684000;34.95166778564453
2024-06-26;34.90999984741211;35.52000045776367;34.599998474121094;35.279998779296875;10142200;34.70573806762695
2024-06-27;35.540000915527344;36.31999969482422;35.189998626708984;36.29999923706055;12296500;35.70914077758789
2024-06-28;37.2599983215332;37.619998931884766;35.849998474121094;36.66999816894531;24353700;36.07311248779297
2024-07-01;37.040000915527344;37.209999084472656;35.400001525878906;35.79999923706055;16161300;35.2172737121582
2024-07-02;35.95000076293945;36.33000183105469;35.61000061035156;36.09000015258789;11369700;35.50255584716797
2024-07-03;36.31999969482422;36.849998474121094;35.9900016784668;36.06999969482422;11022500;35.482872009277344
2024-07-05;35.709999084472656;35.939998626708984;35.0099983215332;35.560001373291016;14259600;34.98118591308594
2024-07-08;36.400001525878906;37.02000045776367;36.029998779296875;36.220001220703125;15474100;35.63043975830078
2024-07-09;36.060001373291016;36.369998931884766;35.33000183105469;35.790000915527344;14895900;35.207435607910156
2024-07-10;36.27000045776367;36.939998626708984;35.83000183105469;36.84000015258789;15407400;36.24034881591797
2024-07-11;39.27000045776367;41.06999969482422;38.7400016784668;40.849998474121094;39074100;40.1850700378418
2024-07-12;42.08000183105469;43.209999084472656;41.88999938964844;42.13999938964844;28445800;41.454078674316406
2024-07-15;43.13999938964844;45.18000030517578;42.84000015258789;44.540000915527344;30843000;43.815006256103516
2024-07-16;45.75;49.2599983215332;45.689998626708984;49.09000015258789;39267100;48.290950775146484
2024-07-17;47.630001068115234;50.439998626708984;47.150001525878906;47.630001068115234;40427900;46.85471725463867
2024-07-18;46.97999954223633;49.16999816894531;44.16999816894531;44.84000015258789;39001900;44.11012268066406
2024-07-19;44.54999923706055;45.16999816894531;43.459999084472656;44.04999923706055;20222600;43.33298873901367
2024-07-22;44.56999969482422;46.369998931884766;43.18000030517578;46.09000015258789;26755500;45.33978271484375
2024-07-23;45.47999954223633;48.310001373291016;45.349998474121094;47.599998474121094;26763400;46.82520294189453
2024-07-24;46.59000015258789;48.380001068115234;44.41999816894531;44.540000915527344;33137300;43.815006256103516
2024-07-25;44.91999816894531;48.290000915527344;44.70000076293945;46.150001525878906;30263500;45.398807525634766
2024-07-26;48.2400016784668;49.16999816894531;46.849998474121094;48.459999084472656;29307300;47.671207427978516
2024-07-29;48.7599983215332;49.189998626708984;46.189998626708984;46.810001373291016;25028100;46.048065185546875
2024-07-30;47.38999938964844;48.4900016784668;46.380001068115234;47.2599983215332;21297800;46.4907341003418
2024-07-31;48.04999923706055;51.13999938964844;46.91999816894531;48.20000076293945;40439600;47.41543197631836
2024-08-01;48.06999969482422;48.7599983215332;42.40999984741211;43.45000076293945;45464200;42.742759704589844
2024-08-02;38.709999084472656;40.119998931884766;37.599998474121094;38.77000045776367;32878300;38.13893508911133
2024-08-05;32.619998931884766;36.40999984741211;31.959999084472656;35.02000045776367;41490100;34.44997024536133
2024-08-06;35.41999816894531;37.599998474121094;34.459999084472656;36.13999938964844;25419400;35.55173873901367
2024-08-07;37.93000030517578;37.9900016784668;34.599998474121094;34.86000061035156;22148400;34.292572021484375
2024-08-08;36.029998779296875;37.380001068115234;35.41999816894531;37.310001373291016;16871900;36.702693939208984
2024-08-09;37.41999816894531;37.43000030517578;36.25;37.04999923706055;13712200;36.446929931640625
2024-08-12;37.150001525878906;37.349998474121094;35.65999984741211;36.11000061035156;13008600;35.52223205566406
2024-08-13;36.84000015258789;38.04999923706055;36.209999084472656;37.810001373291016;18693100;37.194557189941406
2024-08-14;38.209999084472656;38.2599983215332;36.619998931884766;37.119998931884766;19297000;36.51578140258789
2024-08-15;39.540000915527344;40.540000915527344;38.84000015258789;39.970001220703125;18161600;39.31939697265625
2024-08-16;39.61000061035156;41.040000915527344;39.540000915527344;40.2599983215332;13851900;39.604679107666016
2024-08-19;40.470001220703125;41.72999954223633;40.36000061035156;41.709999084472656;12129700;41.03107452392578
2024-08-20;41.540000915527344;41.56999969482422;39.869998931884766;40.279998779296875;12577100;39.62435531616211
2024-08-21;41.099998474121094;41.90999984741211;40.290000915527344;41.779998779296875;14239300;41.09992980957031
2024-08-22;41.86000061035156;42.31999969482422;40.40999984741211;40.68000030517578;13300900;40.017845153808594
2024-08-23;41.58000183105469;44.939998626708984;41.34000015258789;44.4900016784668;28399800;43.76582336425781
2024-08-26;45.4900016784668;45.810001373291016;44.34000015258789;44.58000183105469;18831200;43.85436248779297
2024-08-27;43.619998931884766;43.90999984741211;42.88999938964844;43.540000915527344;11765100;42.83129119873047
2024-08-28;43.0;43.72999954223633;42.029998779296875;42.66999816894531;12324100;41.97544860839844
2024-08-29;43.5099983215332;44.790000915527344;42.54999923706055;43.52000045776367;15916700;42.81161117553711
2024-08-30;43.9900016784668;44.470001220703125;42.630001068115234;44.209999084472656;15584200;43.490379333496094
2024-09-03;43.02000045776367;43.790000915527344;39.86000061035156;40.15999984741211;17630700;39.50630569458008
2024-09-04;39.79999923706055;41.27000045776367;39.209999084472656;39.91999816894531;13880400;39.27021026611328
2024-09-05;40.2400016784668;40.52000045776367;38.77000045776367;39.310001373291016;14824300;38.67013931274414
2024-09-06;39.290000915527344;40.0;36.619998931884766;37.04999923706055;21474400;36.446929931640625
2024-09-09;37.15999984741211;38.27000045776367;36.83000183105469;37.34000015258789;11826500;36.73220443725586
2024-09-10;37.439998626708984;37.529998779296875;35.900001525878906;37.2599983215332;14008300;36.653507232666016
2024-09-11;36.709999084472656;37.72999954223633;35.029998779296875;37.52000045776367;19590800;36.909278869628906
2024-09-12;38.04999923706055;39.58000183105469;37.25;38.959999084472656;14611600;38.32583999633789
2024-09-13;40.25;42.040000915527344;40.22999954223633;41.810001373291016;17966600;41.12945556640625
2024-09-16;42.25;42.650001525878906;41.400001525878906;42.290000915527344;13270300;41.60163497924805
2024-09-17;43.349998474121094;44.66999816894531;42.72999954223633;43.220001220703125;17276700;42.51649856567383
2024-09-18;43.15999984741211;46.529998779296875;42.59000015258789;43.2599983215332;35087100;42.55584716796875
2024-09-19;46.400001525878906;46.400001525878906;44.5099983215332;45.93000030517578;22934800;45.1823844909668
2024-09-20;45.5099983215332;45.529998779296875;44.2599983215332;44.5;14399600;43.775665283203125
2024-09-23;45.08000183105469;45.36000061035156;43.52000045776367;43.959999084472656;12979900;43.24445343017578
2024-09-24;44.34000015258789;44.59000015258789;43.15999984741211;44.099998474121094;11893100;43.414764404296875
2024-09-25;44.0;44.220001220703125;42.41999816894531;42.540000915527344;14746800;41.879005432128906
2024-09-26;44.099998474121094;44.47999954223633;42.869998931884766;43.119998931884766;14488800;42.449989318847656
2024-09-27;44.290000915527344;45.29999923706055;43.5099983215332;43.959999084472656;15578300;43.276939392089844
2024-09-30;43.40999984741211;44.709999084472656;42.93000030517578;44.34000015258789;12567100;43.651039123535156
2024-10-01;43.86000061035156;43.95000076293945;41.540000915527344;42.45000076293945;14760400;41.790401458740234
2024-10-02;41.939998626708984;42.959999084472656;41.47999954223633;42.279998779296875;8840200;41.6230354309082
2024-10-03;41.47999954223633;42.04999923706055;40.83000183105469;41.400001525878906;13549100;40.75672149658203
2024-10-04;43.16999816894531;43.59000015258789;42.06999969482422;43.130001068115234;14836200;42.459835052490234
2024-10-07;42.79999923706055;42.810001373291016;41.18000030517578;42.09000015258789;11991000;41.43599319458008
2024-10-08;42.16999816894531;42.599998474121094;41.65999984741211;42.16999816894531;9841300;41.51475143432617
2024-10-09;42.099998474121094;43.29999923706055;41.77000045776367;42.439998626708984;10270200;41.780555725097656
2024-10-10;41.13999938964844;41.720001220703125;40.40999984741211;41.68000030517578;12885700;41.03236389160156
2024-10-11;41.65999984741211;44.380001068115234;41.599998474121094;44.22999954223633;11793400;43.54273986816406
2024-10-14;44.31999969482422;45.29999923706055;43.70000076293945;45.220001220703125;11935200;44.517356872558594
2024-10-15;44.939998626708984;46.72999954223633;44.61000061035156;45.2400016784668;15703900;44.537052154541016
2024-10-16;46.36000061035156;47.7400016784668;46.06999969482422;47.45000076293945;10742900;46.71270751953125
2024-10-17;47.61000061035156;47.61000061035156;46.34000015258789;47.04999923706055;10320600;46.31892013549805
2024-10-18;47.38999938964844;47.599998474121094;46.58000183105469;46.72999954223633;8869200;46.00389099121094
2024-10-21;46.70000076293945;46.779998779296875;44.209999084472656;44.5099983215332;11610900;43.818389892578125
2024-10-22;44.119998931884766;44.36000061035156;43.439998626708984;43.9900016784668;7813200;43.30647659301758
2024-10-23;43.2599983215332;43.72999954223633;41.720001220703125;42.84000015258789;11963500;42.174339294433594
2024-10-24;43.43000030517578;43.84000015258789;42.36000061035156;43.08000183105469;9870400;42.410606384277344
2024-10-25;43.97999954223633;44.34000015258789;42.34000015258789;42.560001373291016;11399400;41.89869689941406
2024-10-28;43.650001525878906;44.880001068115234;43.439998626708984;44.619998931884766;8631400;43.92668151855469
2024-10-29;43.56999969482422;44.22999954223633;43.09000015258789;44.209999084472656;7818100;43.52305221557617
2024-10-30;43.7400016784668;45.77000045776367;43.65999984741211;44.0099983215332;9936800;43.32616424560547
2024-10-31;43.84000015258789;44.150001525878906;41.68000030517578;41.75;12330800;41.101280212402344
2024-11-01;42.709999084472656;43.560001373291016;42.04999923706055;42.41999816894531;9177000;41.7608642578125
2024-11-04;42.11000061035156;43.9900016784668;41.77000045776367;43.060001373291016;7628400;42.39092254638672
2024-11-05;42.61000061035156;45.5;42.45000076293945;45.5;9508300;44.793006896972656
2024-11-06;52.939998626708984;53.560001373291016;50.630001068115234;53.380001068115234;30062400;52.550567626953125
2024-11-07;53.15999984741211;54.220001220703125;52.16999816894531;52.7599983215332;18091600;51.94020462036133
2024-11-08;52.459999084472656;54.11000061035156;52.27000045776367;53.880001068115234;11475400;53.04280090332031
2024-11-11;55.4900016784668;56.77000045776367;55.060001373291016;56.279998779296875;12709200;55.4055061340332
2024-11-12;55.119998931884766;56.36000061035156;52.72999954223633;53.34000015258789;15188700;52.511192321777344
2024-11-13;54.33000183105469;54.91999816894531;51.58000183105469;51.7599983215332;13780200;50.95573806762695
2024-11-14;52.27000045776367;52.59000015258789;49.16999816894531;49.650001525878906;15648900;48.87852478027344
2024-11-15;49.7400016784668;49.810001373291016;46.970001220703125;47.38999938964844;14397200;46.65364456176758
2024-11-18;47.810001373291016;48.689998626708984;47.16999816894531;47.65999984741211;11206300;46.91944885253906
2024-11-19;46.130001068115234;48.779998779296875;46.060001373291016;48.70000076293945;12244100;47.94328689575195
2024-11-20;48.41999816894531;48.83000183105469;47.029998779296875;48.810001373291016;13259100;48.05158615112305
2024-11-21;49.61000061035156;51.7400016784668;48.97999954223633;51.099998474121094;12961400;50.30598831176758
2024-11-22;51.79999923706055;54.11000061035156;51.599998474121094;53.779998779296875;12169500;52.94435119628906
2024-11-25;55.61000061035156;58.0;55.58000183105469;56.25;17338300;55.3759765625
2024-11-26;55.38999938964844;55.709999084472656;54.20000076293945;55.0;12408100;54.14540100097656
2024-11-27;55.970001220703125;57.06999969482422;54.86000061035156;55.209999084472656;10235500;54.352134704589844
2024-11-29;56.13999938964844;56.900001525878906;55.56999969482422;55.88999938964844;7406300;55.021568298339844
2024-12-02;56.0;56.33000183105469;54.5;55.75;10894600;54.88374328613281
2024-12-03;55.5;55.95000076293945;54.06999969482422;54.58000183105469;8745800;53.7319221496582
2024-12-04;54.689998626708984;55.59000015258789;53.93000030517578;55.060001373291016;10203000;54.2044677734375
2024-12-05;54.779998779296875;55.0;52.86000061035156;53.060001373291016;10108900;52.23554229736328
2024-12-06;54.20000076293945;54.2599983215332;53.27000045776367;53.630001068115234;10513500;52.79668426513672
2024-12-09;54.72999954223633;55.2599983215332;52.77000045776367;52.83000183105469;11183000;52.00911331176758
2024-12-10;52.709999084472656;53.52000045776367;51.630001068115234;52.16999816894531;9587900;51.35936737060547
2024-12-11;53.43000030517578;53.790000915527344;52.189998626708984;52.849998474121094;12230700;52.028804779052734
2024-12-12;52.38999938964844;52.709999084472656;50.560001373291016;50.689998626708984;14514800;49.902366638183594
2024-12-13;50.47999954223633;50.810001373291016;48.88999938964844;49.66999816894531;13706700;48.89821243286133
2024-12-16;49.56999969482422;51.2599983215332;49.18000030517578;50.54999923706055;12484500;49.76454162597656
2024-12-17;49.83000183105469;50.290000915527344;48.470001220703125;48.75;14260200;47.99250793457031
2024-12-18;49.4900016784668;50.0;41.060001373291016;42.38999938964844;28071400;41.7313346862793
2024-12-19;43.630001068115234;44.29999923706055;41.369998931884766;41.66999816894531;18158800;41.022518157958984
2024-12-20;40.939998626708984;44.349998474121094;40.65999984741211;42.880001068115234;20054200;42.21372604370117
2024-12-23;42.52000045776367;42.880001068115234;41.18000030517578;42.33000183105469;13092800;41.84400939941406
2024-12-24;42.66999816894531;43.54999923706055;41.779998779296875;43.45000076293945;6856200;42.9511604309082
2024-12-26;42.86000061035156;45.0099983215332;42.290000915527344;44.79999923706055;10951100;44.2856559753418
2024-12-27;43.880001068115234;44.599998474121094;41.45000076293945;42.70000076293945;16865300;42.20976638793945
2024-12-30;41.70000076293945;42.380001068115234;40.150001525878906;41.72999954223633;12040300;41.25090408325195
2024-12-31;42.5;43.189998626708984;41.41999816894531;41.880001068115234;12629600;41.3991813659668
2025-01-02;42.93000030517578;43.790000915527344;41.099998474121094;41.90999984741211;16347000;41.428836822509766
2025-01-03;42.43000030517578;44.0;42.060001373291016;43.810001373291016;12439900;43.3070182800293
2025-01-06;44.56999969482422;45.369998931884766;43.619998931884766;43.84000015258789;13500000;43.3366813659668
2025-01-07;44.43000030517578;44.97999954223633;41.97999954223633;42.77000045776367;15186100;42.27896499633789
2025-01-08;41.65999984741211;42.52000045776367;40.619998931884766;42.16999816894531;17451800;41.68585205078125
2025-01-10;40.189998626708984;40.41999816894531;38.4900016784668;39.36000061035156;20510600;38.908111572265625
2025-01-13;38.04999923706055;39.66999816894531;37.77000045776367;39.54999923706055;14476000;39.09593200683594
2025-01-14;40.560001373291016;41.13999938964844;39.52000045776367;40.90999984741211;16190100;40.4403190612793
2025-01-15;44.060001373291016;44.11000061035156;42.66999816894531;43.290000915527344;16498500;42.792991638183594
2025-01-16;43.31999969482422;43.93000030517578;42.4900016784668;43.5099983215332;11323600;43.010467529296875
2025-01-17;44.88999938964844;44.88999938964844;43.58000183105469;44.0099983215332;11688200;43.504730224609375
2025-01-21;45.22999954223633;46.61000061035156;44.91999816894531;46.56999969482422;10687200;46.035335540771484
2025-01-22;46.36000061035156;46.56999969482422;45.36000061035156;45.61000061035156;9594300;45.08635711669922
2025-01-23;44.810001373291016;46.2400016784668;44.58000183105469;46.20000076293945;9324400;45.669586181640625
2025-01-24;45.880001068115234;46.72999954223633;45.43000030517578;45.790000915527344;8910400;45.2642936706543
2025-01-27;44.59000015258789;46.33000183105469;43.709999084472656;44.5;11671500;43.98910140991211
2025-01-28;44.630001068115234;45.06999969482422;43.709999084472656;44.61000061035156;8160900;44.097835540771484
2025-01-29;44.52000045776367;45.47999954223633;43.349998474121094;44.31999969482422;14153300;43.81116485595703
2025-01-30;45.63999938964844;46.54999923706055;44.72999954223633;45.619998931884766;11885000;45.09624099731445
2025-01-31;45.75;46.66999816894531;43.810001373291016;44.349998474121094;17625500;43.840824127197266
2025-02-03;41.40999984741211;43.77000045776367;40.95000076293945;42.81999969482422;18665900;42.32838821411133
2025-02-04;42.650001525878906;44.650001525878906;42.439998626708984;44.54999923706055;8527200;44.03852462768555
2025-02-05;45.20000076293945;46.029998779296875;44.5;45.9900016784668;7560000;45.46199417114258
2025-02-06;46.63999938964844;46.75;44.709999084472656;45.52000045776367;9787600;44.99739074707031
2025-02-07;45.599998474121094;45.84000015258789;43.65999984741211;43.869998931884766;12985200;43.3663330078125
2025-02-10;44.66999816894531;44.77000045776367;43.81999969482422;44.47999954223633;6880900;43.969329833984375
2025-02-11;43.29999923706055;44.11000061035156;43.18000030517578;43.70000076293945;6716700;43.19828796386719
2025-02-12;41.689998626708984;42.970001220703125;41.43000030517578;42.5;10884100;42.012062072753906
2025-02-13;43.27000045776367;43.9900016784668;42.540000915527344;43.849998474121094;10003000;43.34656524658203
2025-02-14;44.52000045776367;44.880001068115234;43.529998779296875;43.72999954223633;6617200;43.22793960571289
2025-02-18;43.810001373291016;44.70000076293945;43.470001220703125;44.439998626708984;6116500;43.929786682128906
2025-02-19;43.380001068115234;44.380001068115234;43.189998626708984;43.959999084472656;8048000;43.45530319213867
2025-02-20;43.70000076293945;43.810001373291016;41.9900016784668;42.72999954223633;8807800;42.239418029785156
2025-02-21;43.619998931884766;43.66999816894531;38.77000045776367;38.91999816894531;19264300;38.47315979003906
2025-02-24;39.47999954223633;39.47999954223633;37.529998779296875;38.09000015258789;12595600;37.65269470214844
2025-02-25;38.18000030517578;38.630001068115234;36.65999984741211;37.650001525878906;14077300;37.217742919921875
2025-02-26;37.970001220703125;39.189998626708984;37.34000015258789;37.790000915527344;12206000;37.35614013671875
2025-02-27;37.77000045776367;38.189998626708984;35.95000076293945;36.029998779296875;12863700;35.61634063720703
2025-02-28;35.619998931884766;37.15999984741211;35.279998779296875;37.13999938964844;12420500;36.71359634399414
2025-03-03;37.529998779296875;37.810001373291016;33.400001525878906;34.099998474121094;16594800;33.708499908447266
2025-03-04;32.689998626708984;34.560001373291016;31.350000381469727;32.93000030517578;18017100;32.551937103271484
2025-03-05;32.900001525878906;34.060001373291016;32.15999984741211;33.91999816894531;17682300;33.53057098388672
2025-03-06;32.56999969482422;33.70000076293945;31.65999984741211;32.29999923706055;19692400;31.929166793823242
2025-03-07;32.13999938964844;33.13999938964844;30.6200008392334;32.599998474121094;19808100;32.22572708129883
2025-03-10;31.389999389648438;32.02000045776367;29.18000030517578;30.110000610351562;19120000;29.764310836791992
2025-03-11;30.270000457763672;31.200000762939453;29.110000610351562;30.110000610351562;17547800;29.764310836791992
2025-03-12;31.1299991607666;31.450000762939453;29.56999969482422;30.239999771118164;21911800;29.892818450927734
2025-03-13;30.329999923706055;30.65999984741211;28.399999618530273;28.889999389648438;19203200;28.55831527709961
2025-03-14;29.790000915527344;31.010000228881836;29.389999389648438;30.940000534057617;13656400;30.58478355407715
2025-03-17;30.860000610351562;32.36000061035156;30.799999237060547;32.060001373291016;11447300;31.691925048828125
2025-03-18;31.56999969482422;31.59000015258789;30.860000610351562;31.290000915527344;9581100;30.930763244628906
2025-03-19;31.31999969482422;33.290000915527344;31.239999771118164;32.709999084472656;10610500;32.33445739746094
2025-03-20;31.729999542236328;33.130001068115234;31.68000030517578;32.09000015258789;11386400;31.721580505371094
2025-03-21;31.0;31.75;30.510000228881836;31.459999084472656;10929200;31.09881019592285
2025-03-24;32.90999984741211;33.95000076293945;32.790000915527344;33.810001373291016;9476200;33.42183303833008
2025-03-25;33.59000015258789;33.869998931884766;32.81999969482422;33.130001068115234;7861500;32.84971618652344
2025-03-26;33.2400016784668;33.63999938964844;31.670000076293945;32.060001373291016;10055200;31.788768768310547
2025-03-27;31.969999313354492;32.439998626708984;31.239999771118164;31.649999618530273;8743600;31.382232666015625
2025-03-28;31.540000915527344;31.59000015258789;29.18000030517578;29.700000762939453;13395500;29.44873046875
2025-03-31;28.329999923706055;29.719999313354492;27.459999084472656;29.260000228881836;13435400;29.012453079223633
2025-04-01;29.0;29.979999542236328;27.979999542236328;29.239999771118164;11736500;28.99262237548828
2025-04-02;28.030000686645508;30.899999618530273;27.93000030517578;30.6299991607666;15733200;30.37086296081543
2025-04-03;26.280000686645508;27.149999618530273;24.5;24.68000030517578;21376800;24.471200942993164
2025-04-04;21.90999984741211;22.469999313354492;19.600000381469727;21.31999969482422;41169600;21.139629364013672
2025-04-07;18.90999984741211;24.579999923706055;18.010000228881836;20.790000915527344;52709300;20.614112854003906
2025-04-08;22.8799991607666;22.969999313354492;18.25;19.1200008392334;32954900;18.958240509033203
2025-04-09;18.450000762939453;24.770000457763672;18.110000610351562;24.010000228881836;64126900;23.806869506835938
2025-04-10;22.010000228881836;22.389999389648438;19.149999618530273;20.969999313354492;37916000;20.792587280273438
2025-04-11;20.75;21.989999771118164;19.850000381469727;21.81999969482422;22797800;21.635398864746094
2025-04-14;23.010000228881836;23.100000381469727;21.350000381469727;22.6200008392334;22691900;22.428632736206055
2025-04-15;22.5;23.5;22.350000381469727;22.65999984741211;14248400;22.468292236328125
2025-04-16;22.270000457763672;22.65999984741211;21.139999389648438;22.010000228881836;16770800;21.823793411254883
2025-04-17;21.989999771118164;22.8700008392334;21.809999465942383;22.520000457763672;15564000;22.329477310180664
2025-04-21;22.0;22.079999923706055;20.450000762939453;21.149999618530273;14488800;20.971067428588867
2025-04-22;21.979999542236328;23.0;21.770000457763672;22.790000915527344;17961700;22.597190856933594
2025-04-23;24.770000457763672;25.700000762939453;23.65999984741211;23.780000686645508;19358900;23.57881736755371
2025-04-24;24.0;25.329999923706055;23.65999984741211;25.219999313354492;11578700;25.006633758544922
2025-04-25;24.68000030517578;25.280000686645508;24.219999313354492;25.219999313354492;13165300;25.006633758544922
2025-04-28;25.360000610351562;26.0;24.59000015258789;25.520000457763672;11542100;25.30409812927246
2025-04-29;25.31999969482422;26.270000457763672;24.780000686645508;25.959999084472656;10380900;25.740371704101562
2025-04-30;24.809999465942383;25.719999313354492;23.850000381469727;25.459999084472656;16656100;25.244604110717773
2025-05-01;25.770000457763672;26.559999465942383;25.020000457763672;25.920000076293945;17956900;25.70071029663086
2025-05-02;26.81999969482422;27.950000762939453;26.75;27.639999389648438;12314500;27.406158447265625
2025-05-05;26.8799991607666;27.670000076293945;26.670000076293945;27.059999465942383;9449900;26.831066131591797
2025-05-06;26.079999923706055;26.8700008392334;25.700000762939453;26.139999389648438;10774500;25.91884994506836
2025-05-07;26.670000076293945;26.860000610351562;25.860000610351562;26.360000610351562;18663100;26.13698959350586
2025-05-08;27.31999969482422;28.510000228881836;26.709999084472656;27.899999618530273;14125600;27.66396141052246
2025-05-09;28.0;28.31999969482422;27.360000610351562;27.700000762939453;10518500;27.465654373168945
2025-05-12;30.989999771118164;31.360000610351562;29.780000686645508;30.610000610351562;22020900;30.351036071777344
2025-05-13;31.100000381469727;31.3700008392334;30.649999618530273;30.950000762939453;12638800;30.68815803527832
2025-05-14;30.700000762939453;30.899999618530273;30.0;30.139999389648438;10677900;29.885011672973633
2025-05-15;30.0;30.709999084472656;29.5;30.700000762939453;8568900;30.44027328491211
2025-05-16;30.81999969482422;31.530000686645508;30.520000457763672;31.440000534057617;10596400;31.17401123046875
2025-05-19;30.059999465942383;31.049999237060547;29.809999465942383;31.010000228881836;8026900;30.747650146484375
2025-05-20;30.860000610351562;31.360000610351562;30.56999969482422;31.059999465942383;9041300;30.797225952148438
2025-05-21;29.950000762939453;30.389999389648438;28.280000686645508;28.440000534057617;18406900;28.199392318725586
2025-05-22;28.040000915527344;28.90999984741211;27.729999542236328;28.43000030517578;14321700;28.189476013183594
2025-05-23;26.950000762939453;28.40999984741211;26.920000076293945;28.110000610351562;14478500;27.87218475341797
2025-05-27;29.3799991607666;30.270000457763672;28.780000686645508;30.25;14105900;29.99407958984375
2025-05-28;30.25;30.389999389648438;29.15999984741211;29.299999237060547;12484500;29.052114486694336
2025-05-29;29.90999984741211;29.950000762939453;28.860000610351562;29.549999237060547;16738200;29.30000114440918
2025-05-30;29.100000381469727;29.56999969482422;28.40999984741211;29.06999969482422;18168700;28.824060440063477
2025-06-02;29.18000030517578;29.3799991607666;28.049999237060547;29.3700008392334;10708700;29.121522903442383
2025-06-03;29.639999389648438;30.989999771118164;29.270000457763672;30.770000457763672;19376900;30.509679794311523
2025-06-04;30.81999969482422;31.18000030517578;30.3700008392334;30.489999771118164;10880800;30.2320499420166
2025-06-05;30.59000015258789;31.059999465942383;29.809999465942383;30.489999771118164;24416900;30.2320499420166
2025-06-06;31.760000228881836;32.040000915527344;31.3799991607666;31.920000076293945;14272700;31.64995002746582
2025-06-09;32.81999969482422;33.0099983215332;32.2400016784668;32.560001373291016;14584700;32.284542083740234
2025-06-10;33.11000061035156;33.54999923706055;32.79999923706055;33.11000061035156;11098900;32.82988357543945
2025-06-11;33.619998931884766;33.77000045776367;32.54999923706055;32.70000076293945;19599300;32.4233512878418
2025-06-12;32.040000915527344;32.529998779296875;31.790000915527344;32.29999923706055;12748500;32.026737213134766
2025-06-13;30.959999084472656;31.65999984741211;30.219999313354492;30.530000686645508;21805100;30.271709442138672
2025-06-16;31.43000030517578;32.08000183105469;31.079999923706055;31.549999237060547;12201300;31.2830810546875
2025-06-17;30.809999465942383;31.420000076293945;30.5;30.540000915527344;12086500;30.281625747680664
2025-06-18;30.5;31.790000915527344;30.229999542236328;31.020000457763672;11717600;30.757566452026367
2025-06-20;31.65999984741211;31.709999084472656;30.489999771118164;30.81999969482422;12981700;30.55925750732422
2025-06-23;30.5;31.920000076293945;29.760000228881836;31.920000076293945;15861500;31.64995002746582
2025-06-24;32.45000076293945;33.189998626708984;32.04999923706055;32.93000030517578;12910300;32.80556869506836
2025-06-25;33.06999969482422;33.09000015258789;31.809999465942383;31.889999389648438;12293300;31.76949691772461
2025-06-26;32.220001220703125;33.43000030517578;32.15999984741211;33.36000061035156;12207300;33.23394775390625
2025-06-27;33.650001525878906;34.2599983215332;32.7599983215332;33.41999816894531;15712400;33.29370880126953
2025-06-30;33.93000030517578;33.93000030517578;33.34000015258789;33.540000915527344;11394300;33.41325759887695
2025-07-01;32.970001220703125;35.720001220703125;32.7599983215332;34.56999969482422;22513900;34.439369201660156
2025-07-02;34.7400016784668;36.02000045776367;34.279998779296875;36.0;15351900;35.86396408081055
2025-07-03;36.45000076293945;37.04999923706055;36.310001373291016;36.90999984741211;10747200;36.77052688598633
2025-07-07;36.16999816894531;36.779998779296875;34.619998931884766;35.29999923706055;19479600;35.16660690307617
2025-07-08;35.66999816894531;36.4900016784668;35.56999969482422;36.0099983215332;12798200;35.87392807006836
2025-07-09;36.63999938964844;37.150001525878906;35.91999816894531;37.119998931884766;15962200;36.97972869873047
2025-07-10;36.9900016784668;38.310001373291016;36.75;37.66999816894531;12862200;37.52765655517578
2025-07-11;36.869998931884766;37.040000915527344;36.060001373291016;36.099998474121094;14864500;35.963584899902344
2025-07-14;35.939998626708984;36.88999938964844;35.79999923706055;36.84000015258789;10902500;36.7007942199707
2025-07-15;37.2599983215332;37.34000015258789;34.689998626708984;34.720001220703125;19540200;34.58880615234375
2025-07-16;35.33000183105469;35.849998474121094;33.77000045776367;35.68000030517578;19584200;35.5451774597168
2025-07-17;35.72999954223633;37.209999084472656;35.54999923706055;37.029998779296875;12813500;36.89007568359375
2025-07-18;37.720001220703125;37.77000045776367;36.099998474121094;36.25;13825000;36.11302185058594
2025-07-21;36.86000061035156;37.279998779296875;35.7599983215332;35.83000183105469;12000900;35.694610595703125
2025-07-22;35.93000030517578;36.95000076293945;35.45000076293945;36.70000076293945;11713500;36.56132507324219
2025-07-23;37.45000076293945;38.380001068115234;37.09000015258789;38.369998931884766;10780300;38.22500991821289
2025-07-24;37.79999923706055;37.939998626708984;36.77000045776367;36.810001373291016;12196600;36.67090606689453
2025-07-25;37.189998626708984;37.25;36.2599983215332;37.150001525878906;10437000;37.009620666503906
2025-07-28;37.650001525878906;37.689998626708984;36.68000030517578;37.029998779296875;11596100;36.89007568359375
2025-07-29;37.72999954223633;37.790000915527344;35.9900016784668;36.31999969482422;12423500;36.18275833129883
2025-07-30;36.77000045776367;37.380001068115234;35.04999923706055;35.75;15240400;35.614906311035156
2025-07-31;35.220001220703125;35.959999084472656;34.45000076293945;34.70000076293945;17991800;34.568878173828125
2025-08-01;33.13999938964844;33.310001373291016;31.34000015258789;32.540000915527344;20912800;32.41704177856445
2025-08-04;33.2400016784668;34.66999816894531;33.060001373291016;34.66999816894531;12676000;34.53899383544922
2025-08-05;35.029998779296875;35.41999816894531;34.0;35.220001220703125;12530400;35.086917877197266
2025-08-06;35.27000045776367;35.290000915527344;34.52000045776367;35.09000015258789;10437000;34.957401275634766
2025-08-07;36.099998474121094;36.16999816894531;34.119998931884766;34.75;12670800;34.618690490722656
2025-08-08;35.279998779296875;35.52000045776367;34.65999984741211;34.91999816894531;9085100;34.78804016113281
2025-08-11;35.099998474121094;35.56999969482422;34.68000030517578;34.88999938964844;10041700;34.75815963745117
2025-08-12;35.630001068115234;38.04999923706055;35.29999923706055;37.95000076293945;17549400;37.80659484863281
2025-08-13;38.709999084472656;40.290000915527344;38.47999954223633;40.189998626708984;19199000;40.03813171386719
2025-08-14;38.72999954223633;38.90999984741211;37.54999923706055;38.599998474121094;19956900;38.454139709472656
2025-08-15;38.79999923706055;38.86000061035156;37.4900016784668;38.040000915527344;13566300;37.89625930786133
2025-08-18;38.060001373291016;38.689998626708984;37.939998626708984;38.45000076293945;7694200;38.30470657348633
2025-08-19;38.45000076293945;38.939998626708984;37.279998779296875;37.529998779296875;13827300;37.388179779052734
2025-08-20;37.380001068115234;37.599998474121094;36.27000045776367;37.119998931884766;16169000;36.97972869873047
2025-08-21;36.61000061035156;37.56999969482422;36.290000915527344;37.400001525878906;13258700;37.2586784362793
2025-08-22;38.040000915527344;42.040000915527344;37.95000076293945;41.75;28717300;41.59223937988281
2025-08-25;41.369998931884766;41.459999084472656;40.439998626708984;40.459999084472656;12488200;40.30710983276367
2025-08-26;40.66999816894531;41.720001220703125;40.54999923706055;41.41999816894531;10777100;41.26348876953125
2025-08-27;41.11000061035156;42.380001068115234;41.029998779296875;42.279998779296875;9900300;42.12023162841797
2025-08-28;42.869998931884766;42.869998931884766;41.970001220703125;42.43000030517578;9791700;42.26966857910156
2025-08-29;42.65999984741211;42.810001373291016;41.380001068115234;41.83000183105469;10667500;41.67193603515625
2025-09-02;40.099998474121094;41.369998931884766;39.81999969482422;41.119998931884766;11622900;40.96461868286133
2025-09-03;40.79999923706055;41.810001373291016;40.380001068115234;41.0;10347800;40.84507369995117
2025-09-04;41.27000045776367;42.529998779296875;40.939998626708984;42.4900016784668;10470800;42.32944107055664
2025-09-05;43.150001525878906;44.150001525878906;41.599998474121094;43.09000015258789;20135800;42.92717742919922
2025-09-08;43.5099983215332;43.540000915527344;42.36000061035156;43.380001068115234;9775300;43.2160758972168
2025-09-09;43.18000030517578;43.209999084472656;41.83000183105469;42.560001373291016;11993300;42.3991813659668
2025-09-10;42.849998474121094;43.34000015258789;41.849998474121094;42.34000015258789;12961700;42.18000793457031
2025-09-11;42.56999969482422;44.72999954223633;42.25;44.630001068115234;12745400;44.46135711669922
2025-09-12;44.31999969482422;44.380001068115234;43.220001220703125;43.29999923706055;10373300;43.136383056640625
2025-09-15;43.75;44.189998626708984;43.38999938964844;43.83000183105469;9551500;43.66437911987305
2025-09-16;43.709999084472656;43.95000076293945;42.77000045776367;43.560001373291016;10606900;43.39540100097656
2025-09-17;43.869998931884766;46.84000015258789;42.93000030517578;43.95000076293945;29462200;43.7839241027832
2025-09-18;44.95000076293945;47.310001373291016;44.58000183105469;47.119998931884766;16821500;46.94194412231445
2025-09-19;47.52000045776367;47.52000045776367;45.77000045776367;45.9900016784668;12776000;45.81621551513672
2025-09-22;45.619998931884766;47.04999923706055;44.9900016784668;46.84000015258789;9383800;46.66300582885742
2025-09-23;47.099998474121094;48.349998474121094;46.209999084472656;46.43000030517578;11989500;46.325767517089844
2025-09-24;46.5;46.86000061035156;45.130001068115234;45.150001525878906;9813500;45.04863739013672
2025-09-25;43.689998626708984;44.22999954223633;42.880001068115234;43.869998931884766;13775600;43.771507263183594
2025-09-26;44.029998779296875;45.09000015258789;43.83000183105469;44.939998626708984;11211600;44.839107513427734
2025-09-29;45.75;45.790000915527344;44.630001068115234;45.04999923706055;9202100;44.94886016845703
2025-09-30;44.7599983215332;45.33000183105469;43.81999969482422;45.2400016784668;10021200;45.13843536376953
2025-10-01;44.47999954223633;45.84000015258789;44.470001220703125;45.560001373291016;10136500;45.45772171020508
2025-10-02;45.79999923706055;46.40999984741211;44.959999084472656;46.349998474121094;9322000;46.245941162109375
2025-10-03;47.08000183105469;48.65999984741211;46.93000030517578;47.369998931884766;15752600;47.26365280151367
2025-10-06;48.41999816894531;48.88999938964844;47.5;47.939998626708984;10583900;47.83237075805664
2025-10-07;48.279998779296875;48.40999984741211;45.84000015258789;46.400001525878906;11309600;46.29582977294922
2025-10-08;47.0099983215332;47.95000076293945;46.16999816894531;47.790000915527344;9084800;47.68271255493164
2025-10-09;47.599998474121094;48.119998931884766;46.25;46.88999938964844;11210600;46.78472900390625
2025-10-10;47.220001220703125;47.849998474121094;42.529998779296875;42.650001525878906;28443300;42.55425262451172
2025-10-13;44.779998779296875;46.290000915527344;44.58000183105469;46.130001068115234;12835000;46.02643585205078
2025-10-14;44.380001068115234;49.11000061035156;43.88999938964844;48.119998931884766;17075500;48.01197052001953
2025-10-15;49.58000183105469;50.959999084472656;47.66999816894531;49.560001373291016;15734400;49.44873809814453
2025-10-16;49.970001220703125;50.09000015258789;45.81999969482422;46.459999084472656;20157200;46.35569381713867
2025-10-17;45.380001068115234;46.41999816894531;44.34000015258789;45.40999984741211;16993500;45.30805206298828
2025-10-20;47.189998626708984;48.16999816894531;46.95000076293945;48.040000915527344;8981100;47.93214797973633
2025-10-21;47.619998931884766;48.15999984741211;46.52000045776367;47.36000061035156;9825500;47.25367736816406
2025-10-22;46.810001373291016;47.279998779296875;43.810001373291016;45.2599983215332;18188200;45.158390045166016
2025-10-23;45.77000045776367;47.36000061035156;45.439998626708984;46.959999084472656;10165500;46.85457229614258
2025-10-24;48.86000061035156;49.61000061035156;48.400001525878906;48.63999938964844;10207600;48.530799865722656
2025-10-27;50.0;50.2599983215332;48.70000076293945;49.18000030517578;10386100;49.06958770751953
2025-10-28;48.720001220703125;49.4900016784668;47.869998931884766;48.34000015258789;10744100;48.231475830078125
2025-10-29;48.27000045776367;49.61000061035156;45.88999938964844;47.13999938964844;23376800;47.03417205810547
2025-10-30;46.209999084472656;47.83000183105469;45.81999969482422;45.95000076293945;15462500;45.846839904785156
2025-10-31;46.02000045776367;47.0099983215332;45.290000915527344;46.720001220703125;13074300;46.6151123046875
2025-11-03;46.63999938964844;46.79999923706055;44.56999969482422;46.220001220703125;12999500;46.116233825683594
2025-11-04;44.150001525878906;45.439998626708984;43.70000076293945;43.81999969482422;14149600;43.721622467041016
2025-11-05;44.22999954223633;46.27000045776367;44.060001373291016;45.709999084472656;13371400;45.60737991333008
2025-11-06;45.459999084472656;45.7400016784668;43.060001373291016;43.2599983215332;14540500;43.162879943847656
2025-11-07;42.18000030517578;43.93000030517578;41.029998779296875;43.880001068115234;18705200;43.78148651123047
2025-11-10;45.7400016784668;45.86000061035156;44.2400016784668;45.189998626708984;10821700;45.08854293823242
2025-11-11;44.849998474121094;45.58000183105469;44.349998474121094;45.29999923706055;8508500;45.198299407958984
2025-11-12;45.63999938964844;46.47999954223633;44.790000915527344;44.970001220703125;11360200;44.869041442871094
2025-11-13;43.959999084472656;44.41999816894531;40.65999984741211;41.20000076293945;17839300;41.10750198364258
2025-11-14;39.34000015258789;42.119998931884766;39.310001373291016;41.47999954223633;17165300;41.38687515258789
2025-11-17;40.93000030517578;41.650001525878906;38.5;39.0099983215332;13650200;38.92241668701172
2025-11-18;38.27000045776367;40.150001525878906;38.09000015258789;39.34000015258789;20186500;39.251678466796875
2025-11-19;39.5099983215332;40.790000915527344;38.81999969482422;39.36000061035156;11206200;39.271636962890625
2025-11-20;41.22999954223633;42.15999984741211;37.029998779296875;37.150001525878906;22297400;37.06659698486328
2025-11-21;37.5;40.95000076293945;37.33000183105469;40.25;23055700;40.15964126586914
2025-11-24;40.400001525878906;42.63999938964844;40.15999984741211;42.38999938964844;10853600;42.294830322265625
2025-11-25;42.849998474121094;45.38999938964844;42.470001220703125;45.18000030517578;13046800;45.07857131958008
2025-11-26;45.11000061035156;47.18000030517578;44.970001220703125;46.349998474121094;9120300;46.245941162109375
2025-11-28;46.779998779296875;47.15999984741211;46.20000076293945;47.08000183105469;4634700;46.97430419921875
2025-12-01;45.34000015258789;46.52000045776367;45.220001220703125;45.380001068115234;8036200;45.27812194824219
2025-12-02;46.33000183105469;46.349998474121094;45.09000015258789;45.130001068115234;8386700;45.02867889404297
2025-12-03;45.59000015258789;47.65999984741211;45.27000045776367;47.54999923706055;10651600;47.44324493408203
2025-12-04;47.189998626708984;49.2599983215332;46.91999816894531;48.77000045776367;10570700;48.6605110168457
2025-12-05;48.56999969482422;49.22999954223633;47.86000061035156;48.130001068115234;8653200;48.021949768066406
2025-12-08;49.2599983215332;49.27000045776367;47.779998779296875;48.20000076293945;8664900;48.09178924560547
2025-12-09;47.81999969482422;49.349998474121094;47.7400016784668;48.470001220703125;8267100;48.361183166503906
2025-12-10;48.16999816894531;51.439998626708984;47.9900016784668;50.439998626708984;17928600;50.32675552368164
2025-12-11;50.34000015258789;52.31999969482422;50.13999938964844;52.209999084472656;12903800;52.09278869628906
2025-12-12;52.279998779296875;52.41999816894531;49.54999923706055;49.79999923706055;15146700;49.68819808959961
2025-12-15;50.77000045776367;50.84000015258789;48.540000915527344;48.63999938964844;11810700;48.530799865722656
2025-12-16;48.20000076293945;49.209999084472656;47.09000015258789;47.900001525878906;12399900;47.79246520996094
2025-12-17;48.189998626708984;49.209999084472656;46.09000015258789;46.380001068115234;10563800;46.27587890625
2025-12-18;48.029998779296875;48.689998626708984;46.93000030517578;47.209999084472656;13617600;47.10401153564453
2025-12-19;47.470001220703125;48.68000030517578;47.380001068115234;48.33000183105469;8248000;48.221500396728516
2025-12-22;49.209999084472656;50.81999969482422;49.130001068115234;49.939998626708984;6411500;49.827884674072266
2025-12-23;49.22999954223633;49.66999816894531;48.650001525878906;48.97999954223633;6227800;48.8994140625
2025-12-24;48.88999938964844;49.41999816894531;48.41999816894531;49.33000183105469;4409100;49.248836517333984
2025-12-26;49.2400016784668;49.310001373291016;47.95000076293945;48.52000045776367;5867600;48.44017028808594
2025-12-29;47.86000061035156;48.59000015258789;47.34000015258789;47.63999938964844;6342900;47.561614990234375
2025-12-30;47.709999084472656;47.79999923706055;46.54999923706055;46.61000061035156;6389700;46.5333137512207
2025-12-31;46.619998931884766;46.709999084472656;45.439998626708984;45.540000915527344;6830300;45.46507263183594
2026-01-02;46.33000183105469;47.06999969482422;45.29999923706055;46.91999816894531;11105800;46.84280014038086
2026-01-05;47.470001220703125;49.58000183105469;47.34000015258789;49.150001525878906;10169100;49.06913375854492
2026-01-06;48.849998474121094;51.150001525878906;48.40999984741211;51.04999923706055;9772000;50.966007232666016
2026-01-07;51.2400016784668;51.4900016784668;49.79999923706055;50.68000030517578;8415600;50.596614837646484
2026-01-08;50.22999954223633;52.72999954223633;50.02000045776367;52.349998474121094;10761200;52.26386642456055
2026-01-09;53.09000015258789;54.279998779296875;52.20000076293945;53.4900016784668;11836400;53.40199279785156
2026-01-12;52.91999816894531;54.36000061035156;52.2599983215332;54.2599983215332;8376900;54.17072296142578
2026-01-13;54.79999923706055;55.099998474121094;53.61000061035156;54.15999984741211;8612500;54.070892333984375
2026-01-14;53.970001220703125;55.439998626708984;53.41999816894531;55.279998779296875;9336400;55.18904495239258
2026-01-15;55.790000915527344;57.65999984741211;55.59000015258789;56.70000076293945;9516800;56.606712341308594
2026-01-16;56.83000183105469;57.7400016784668;56.150001525878906;56.81999969482422;8175000;56.72651290893555
2026-01-20;53.84000015258789;56.36000061035156;53.790000915527344;54.77000045776367;11641900;54.67988586425781
2026-01-21;56.0099983215332;58.47999954223633;54.95000076293945;57.9900016784668;14173600;57.894588470458984
2026-01-22;59.29999923706055;60.439998626708984;59.02000045776367;59.27000045776367;10451900;59.172481536865234
2026-01-23;58.709999084472656;58.75;55.72999954223633;55.959999084472656;10115800;55.86792755126953
2026-01-26;56.060001373291016;57.09000015258789;55.099998474121094;55.38999938964844;8398300;55.298866271972656
2026-01-27;55.41999816894531;55.93000030517578;54.56999969482422;55.83000183105469;5821200;55.73814392089844
2026-01-28;56.599998474121094;57.06999969482422;54.5;54.97999954223633;9266100;54.88954162597656
2026-01-29;55.40999984741211;56.029998779296875;52.5;54.95000076293945;9651800;54.859588623046875
2026-01-30;53.5;54.70000076293945;51.540000915527344;52.61000061035156;13719500;52.523441314697266
2026-02-02;51.83000183105469;55.06999969482422;51.790000915527344;54.099998474121094;8606100;54.010986328125
2026-02-03;54.63999938964844;55.86000061035156;51.869998931884766;54.47999954223633;11559800;54.39036178588867
2026-02-04;55.310001373291016;55.61000061035156;50.95000076293945;53.040000915527344;14076100;52.95273208618164
2026-02-05;51.790000915527344;53.689998626708984;49.720001220703125;50.209999084472656;13244200;50.12738800048828
2026-02-06;52.380001068115234;55.93000030517578;52.34000015258789;55.52000045776367;10706900;55.428653717041016
2026-02-09;55.41999816894531;57.18000030517578;54.470001220703125;56.68000030517578;7038700;56.58674240112305
2026-02-10;56.939998626708984;57.720001220703125;56.029998779296875;56.209999084472656;6804400;56.117515563964844
2026-02-11;57.66999816894531;57.9900016784668;53.63999938964844;55.40999984741211;11315400;55.31883239746094
2026-02-12;56.709999084472656;56.9900016784668;51.31999969482422;52.06999969482422;11968800;51.98432922363281
2026-02-13;52.630001068115234;55.310001373291016;51.33000183105469;53.970001220703125;13158200;53.881202697753906
2026-02-17;53.619998931884766;54.849998474121094;51.599998474121094;54.060001373291016;10787100;53.97105407714844
2026-02-18;54.0099983215332;56.40999984741211;53.310001373291016;54.630001068115234;9321400;54.54011917114258
2026-02-19;53.7400016784668;55.0;52.81999969482422;55.0;8332600;54.909507751464844
2026-02-20;53.84000015258789;56.61000061035156;53.43000030517578;54.97999954223633;12720600;54.88954162597656
2026-02-23;54.20000076293945;54.790000915527344;50.91999816894531;52.38999938964844;13206200;52.303802490234375
2026-02-24;52.27000045776367;54.529998779296875;51.97999954223633;54.04999923706055;8225200;53.9610710144043
2026-02-25;55.22999954223633;55.2599983215332;53.52000045776367;54.79999923706055;8393000;54.709835052490234
2026-02-26;55.08000183105469;55.81999969482422;53.279998779296875;55.65999984741211;9880000;55.56842041015625
2026-02-27;53.2400016784668;53.63999938964844;51.779998779296875;52.79999923706055;10589000;52.7131233215332
2026-03-02;50.56999969482422;54.4900016784668;50.560001373291016;54.22999954223633;13687900;54.14077377319336
2026-03-03;49.88999938964844;52.529998779296875;47.72999954223633;51.369998931884766;16841100;51.28548049926758
2026-03-04;52.4900016784668;53.560001373291016;51.119998931884766;52.81999969482422;8049400;52.73309326171875
2026-03-05;51.18000030517578;52.220001220703125;48.27000045776367;49.81999969482422;16518000;49.73802947998047
2026-03-06;46.77000045776367;47.77000045776367;45.81999969482422;46.369998931884766;21140900;46.293704986572266
2026-03-09;44.52000045776367;48.41999816894531;42.77000045776367;47.849998474121094;20734500;47.77126693725586
2026-03-10;47.459999084472656;50.11000061035156;47.16999816894531;47.75;16783400;47.67143630981445
2026-03-11;47.119998931884766;48.27000045776367;46.150001525878906;47.40999984741211;14426100;47.331993103027344
2026-03-12;45.209999084472656;45.68000030517578;43.88999938964844;44.349998474121094;18474600;44.27702713012695
2026-03-13;45.27000045776367;45.9900016784668;43.290000915527344;43.83000183105469;16312100;43.75788879394531
2026-03-16;45.5;46.41999816894531;44.779998779296875;45.08000183105469;9379600;45.005828857421875
2026-03-17;45.779998779296875;46.810001373291016;45.34000015258789;45.90999984741211;8366600;45.83446502685547
2026-03-18;45.0099983215332;45.439998626708984;43.630001068115234;43.709999084472656;11817600;43.63808059692383
2026-03-19;42.09000015258789;45.810001373291016;41.849998474121094;44.54999923706055;15883500;44.47669982910156
2026-03-20;44.15999984741211;44.439998626708984;40.599998474121094;41.59000015258789;16210600;41.52157211303711
2026-03-23;44.09000015258789;46.2599983215332;43.56999969482422;44.25;14762500;44.17719268798828
2026-03-24;43.18000030517578;45.70000076293945;42.72999954223633;44.95000076293945;14905600;44.89633560180664
2026-03-25;46.529998779296875;47.25;45.349998474121094;46.58000183105469;11591600;46.524391174316406
2026-03-26;44.970001220703125;46.599998474121094;44.0099983215332;44.15999984741211;11892000;44.107276916503906
2026-03-27;43.36000061035156;43.72999954223633;41.439998626708984;41.79999923706055;11035700;41.75009536743164
2026-03-30;42.93000030517578;42.939998626708984;39.5;39.970001220703125;17416300;39.92228317260742
2026-03-31;41.68000030517578;44.630001068115234;41.290000915527344;44.130001068115234;17435400;44.07731628417969
2026-04-01;45.209999084472656;46.52000045776367;44.7599983215332;44.97999954223633;10101800;44.926300048828125
2026-04-02;42.45000076293945;46.45000076293945;42.41999816894531;45.849998474121094;10446300;45.795257568359375
2026-04-06;45.70000076293945;46.81999969482422;45.31999969482422;46.470001220703125;9610400;46.414520263671875
2026-04-07;45.83000183105469;47.04999923706055;44.88999938964844;46.75;14525200;46.69418716430664
2026-04-08;51.459999084472656;51.869998931884766;49.779998779296875;50.880001068115234;11788200;50.81925582885742
2026-04-09;49.939998626708984;52.31999969482422;49.939998626708984;51.779998779296875;7491800;51.718177795410156
2026-04-10;52.040000915527344;52.209999084472656;50.79999923706055;51.36000061035156;5980700;51.298683166503906
2026-04-13;50.75;53.7400016784668;50.630001068115234;53.56999969482422;7195200;53.50604248046875
2026-04-14;54.81999969482422;56.20000076293945;54.29999923706055;55.77000045776367;7951600;55.70341873168945
2026-04-15;55.810001373291016;56.310001373291016;55.06999969482422;56.20000076293945;6506900;56.132904052734375
2026-04-16;56.209999084472656;56.77000045776367;55.34000015258789;56.540000915527344;7501500;56.47249984741211
2026-04-17;58.869998931884766;61.290000915527344;58.47999954223633;60.09000015258789;9744000;60.01826095581055
2026-04-20;59.41999816894531;61.36000061035156;59.31999969482422;61.150001525878906;6534500;61.076995849609375
2026-04-21;61.720001220703125;62.75;58.79999923706055;59.290000915527344;9860200;59.219215393066406
2026-04-22;61.22999954223633;61.5099983215332;59.529998779296875;60.540000915527344;6796000;60.46772384643555
2026-04-23;60.689998626708984;61.41999816894531;57.54999923706055;59.88999938964844;10862000;59.81849670410156
2026-04-24;60.56999969482422;61.540000915527344;59.0;60.56999969482422;7461800;60.497684478759766
2026-04-27;60.70000076293945;61.619998931884766;60.29999923706055;60.880001068115234;4258900;60.807315826416016
2026-04-28;60.130001068115234;60.7599983215332;58.09000015258789;58.7599983215332;6267100;58.68984603881836
2026-04-29;58.720001220703125;59.0099983215332;56.470001220703125;57.560001373291016;6676000;57.49128341674805
2026-04-30;58.189998626708984;61.41999816894531;57.790000915527344;61.2599983215332;7685000;61.18686294555664
2026-05-01;61.70000076293945;62.43000030517578;60.310001373291016;62.099998474121094;7681600;62.02585983276367
2026-05-04;61.68000030517578;63.09000015258789;59.970001220703125;61.150001525878906;8215500;61.076995849609375
2026-05-05;62.61000061035156;64.44000244140625;62.5099983215332;64.22000122070312;5772800;64.1433334350586
2026-05-06;66.08999633789062;67.2300033569336;64.75;67.05999755859375;6816300;66.97993469238281
2026-05-07;67.58999633789062;67.61000061035156;63.11000061035156;63.86000061035156;8344100;63.78376007080078
2026-05-08;65.0199966430664;65.6500015258789;64.05999755859375;65.12000274658203;5605900;65.0422592163086
2026-05-11;65.6500015258789;67.06999969482422;65.38999938964844;65.93000030517578;5378000;65.85128784179688
2026-05-12;64.9800033569336;65.0;61.02000045776367;63.97999954223633;9052800;63.90361404418945
2026-05-13;64.25;64.5999984741211;62.16999816894531;64.05000305175781;5716800;63.973533630371094
2026-05-14;64.80999755859375;66.0199966430664;63.540000915527344;65.19000244140625;7575500;65.11217498779297
2026-05-15;62.349998474121094;62.349998474121094;60.2400016784668;60.47999954223633;9584200;60.40779495239258
2026-05-18;61.25;61.40999984741211;58.06999969482422;59.38999938964844;8370700;59.319095611572266
2026-05-19;58.02000045776367;58.790000915527344;55.959999084472656;57.4900016784668;8558800;57.421363830566406
2026-05-20;58.63999938964844;61.88999938964844;57.689998626708984;61.77000045776367;8610600;61.69625473022461
2026-05-21;60.959999084472656;64.25;59.959999084472656;63.5;7658000;63.42418670654297
2026-05-22;64.55000305175781;66.16999816894531;64.2300033569336;65.16999816894531;6198200;65.09219360351562
2026-05-26;67.4800033569336;68.9000015258789;67.0;68.88999938964844;4594400;68.80775451660156
2026-05-27;69.3499984741211;69.73999786376953;68.04000091552734;68.76000213623047;4464900;68.67790985107422
2026-05-28;68.26000213623047;70.41999816894531;67.06999969482422;69.91000366210938;4704200;69.8265380859375
2026-05-29;69.41000366210938;69.45999908447266;67.2300033569336;68.69000244140625;6470300;68.60799407958984
2026-06-01;67.26000213623047;68.83999633789062;65.80999755859375;67.73999786376953;4787100;67.65912628173828
2026-06-02;67.33999633789062;69.72000122070312;67.33999633789062;69.55999755859375;4561800;69.4769515991211
2026-06-03;68.41000366210938;68.41000366210938;66.11000061035156;66.69999694824219;6611400;66.620361328125
2026-06-04;66.62000274658203;70.31999969482422;66.01000213623047;69.70999908447266;5307600;69.62677001953125
2026-06-05;67.6500015258789;67.80000305175781;61.209999084472656;62.290000915527344;12094600;62.215633392333984
2026-06-08;64.83999633789062;65.66999816894531;63.540000915527344;63.900001525878906;5009300;63.82371139526367
2026-06-09;65.9000015258789;68.38999938964844;59.5;64.45999908447266;15281000;64.38304138183594
2026-06-10;64.18000030517578;67.16000366210938;62.25;62.43000030517578;11841200;62.355464935302734
2026-06-11;64.06999969482422;68.41000366210938;63.7599983215332;67.98999786376953;12159500;67.90882873535156
2026-06-12;68.79000091552734;71.62999725341797;67.87000274658203;69.70999908447266;7811400;69.62677001953125
2026-06-15;72.7699966430664;73.69000244140625;70.88999938964844;71.4000015258789;6049700;71.31475830078125
2026-06-16;72.01000213623047;72.9000015258789;69.16000366210938;69.52999877929688;4577400;69.44699096679688
2026-06-17;69.76000213623047;72.11000061035156;67.23999786376953;67.83000183105469;9083300;67.7490234375
2026-06-18;71.02999877929688;72.02999877929688;68.88999938964844;71.7699966430664;6149800;71.68431091308594
2026-06-22;72.87999725341797;74.61000061035156;72.20999908447266;73.70999908447266;4006900;73.62200164794922
2026-06-23;69.94999694824219;73.25;69.30999755859375;71.41999816894531;6409500;71.41999816894531
2026-06-24;71.87000274658203;74.58999633789062;70.9800033569336;72.47000122070312;7393400;72.47000122070312
2026-06-25;74.47000122070312;75.91999816894531;72.44000244140625;73.93000030517578;8075600;73.93000030517578
2026-06-26;72.29000091552734;74.79000091552734;71.63999938964844;73.25;7297100;73.25
2026-06-29;73.4800033569336;74.18000030517578;70.91999816894531;74.06999969482422;5342500;74.06999969482422
2026-06-30;73.83999633789062;75.51000213623047;72.91999816894531;75.11000061035156;3864200;75.11000061035156
2026-07-01;74.70999908447266;76.83999633789062;74.0;74.33000183105469;3590900;74.33000183105469
2026-07-02;75.12999725341797;76.4000015258789;71.0;72.86000061035156;5198600;72.86000061035156
2026-07-06;73.02999877929688;74.9800033569336;73.0199966430664;73.8499984741211;3149300;73.8499984741211
2026-07-07;74.08000183105469;74.61000061035156;71.12999725341797;71.91000366210938;4839300;71.91000366210938
2026-07-08;70.2699966430664;71.05999755859375;67.83999633789062;69.86000061035156;5377900;69.86000061035156
2026-07-09;71.05999755859375;72.9800033569336;70.87000274658203;72.52999877929688;4155700;72.52999877929688
2026-07-10;72.79000091552734;73.16999816894531;69.83999633789062;71.51000213623047;3682000;71.51000213623047
2026-07-13;70.87000274658203;71.38999938964844;69.13999938964844;69.70999908447266;4928000;69.70999908447266
2026-07-14;71.16000366210938;71.52999877929688;69.9000015258789;70.44000244140625;4755500;70.44000244140625
2026-07-15;70.91999816894531;72.30000305175781;70.18000030517578;71.33000183105469;3619200;71.33000183105469
2026-07-16;70.48999786376953;72.7699966430664;70.2699966430664;71.23999786376953;3858300;71.23999786376953
2026-07-17;68.55999755859375;71.51000213623047;68.27999877929688;70.0199966430664;4886600;70.0199966430664
2026-07-20;70.6500015258789;71.37000274658203;68.6500015258789;68.76000213623047;3948400;68.76000213623047
2026-07-21;69.5;71.83999633789062;68.98999786376953;71.69000244140625;2872100;71.69000244140625
2026-07-22;71.06999969482422;71.5999984741211;69.43000030517578;69.69000244140625;3558800;69.69000244140625
2026-07-23;67.61000061035156;69.12000274658203;67.12999725341797;68.47000122070312;4190900;68.47000122070312
2026-07-24;69.36000061035156;69.70999908447266;67.30000305175781;67.80000305175781;2999900;67.80000305175781
2026-07-27;69.73999786376953;70.7699966430664;67.70999908447266;68.9800033569336;3845000;68.9800033569336
2026-07-28;69.12000274658203;69.54000091552734;67.16000366210938;69.2699966430664;3649000;69.2699966430664
2026-07-29;68.5999984741211;69.47000122070312;65.66000366210938;65.87999725341797;7095600;65.87999725341797
2026-07-30;67.5999984741211;68.76000213623047;66.13999938964844;68.54000091552734;4193600;68.54000091552734
2026-07-31;69.23999786376953;69.51000213623047;65.2300033569336;67.5999984741211;5376800;67.5999984741211
2026-08-03;68.69000244140625;71.30000305175781;68.38999938964844;71.01000213623047;4509800;71.01000213623047
2026-08-04;72.01000213623047;75.41000366210938;71.7300033569336;74.97000122070312;4810000;74.97000122070312
2026-08-05;75.4800033569336;75.93000030517578;73.5;73.5;3734200;73.5
2026-08-06;73.33999633789062;74.66000366210938;72.1500015258789;72.33000183105469;2859600;72.33000183105469
2026-08-07;73.87999725341797;75.02999877929688;73.43000030517578;74.68000030517578;2877500;74.68000030517578
2026-08-10;73.94000244140625;74.55999755859375;72.8499984741211;73.51000213623047;3330300;73.51000213623047
2026-08-11;74.22000122070312;74.94999694824219;73.94000244140625;74.23999786376953;2668300;74.23999786376953
2026-08-12;75.69999694824219;75.98999786376953;74.19000244140625;75.51000213623047;3991400;75.51000213623047
2026-08-13;76.48999786376953;77.19999694824219;75.5;76.04000091552734;3190800;76.04000091552734
2026-08-14;75.87000274658203;77.23999786376953;75.45999908447266;77.13999938964844;2619600;77.13999938964844
2026-08-17;76.36000061035156;76.58499908447266;75.7699966430664;76.4000015258789;3246668;76.4000015258789
