datetime;open;high;low;close;volume
2010-02-11;0.20343800;0.21744800;0.20278600;0.21627600;6912000
2010-02-12;0.21039100;0.21903600;0.20916700;0.21716100;17203200
2010-02-16;0.22226600;0.22609399;0.21877600;0.22557300;19238400
2010-02-17;0.22859401;0.22945300;0.22515599;0.22940101;38361600
2010-02-18;0.22916700;0.23513000;0.22778600;0.23375000;77721600
2010-02-19;0.23216100;0.23679700;0.23039100;0.23375000;92966400
2010-02-22;0.23650999;0.23650999;0.22947900;0.23210900;50995200
2010-02-23;0.23083299;0.23208299;0.21997400;0.22304700;82252800
2010-02-24;0.22697900;0.23242199;0.22575501;0.22979200;70617600
2010-02-25;0.22244801;0.23122400;0.21799500;0.22966100;91238400
2010-02-26;0.22898400;0.23349001;0.22671901;0.23252600;57600000
2010-03-01;0.23546900;0.24349000;0.23546900;0.24250001;28454400
2010-03-02;0.24463500;0.24921900;0.24330699;0.24395800;48422400
2010-03-03;0.24669300;0.24882799;0.24294300;0.24531300;47961600
2010-03-04;0.24617200;0.24835899;0.24234401;0.24802101;29452800
2010-03-05;0.25330701;0.26012999;0.25195301;0.25898400;26880000
2010-03-08;0.25921899;0.26223999;0.25921899;0.26036501;25344000
2010-03-09;0.25893199;0.26903600;0.25872400;0.26497400;46425600
2010-03-10;0.26533899;0.27307299;0.26515600;0.27145800;40089600
2010-03-11;0.26981801;0.27434900;0.26802099;0.27395800;53913600
2010-03-12;0.27697900;0.27697900;0.27143201;0.27458301;36134400
2010-03-15;0.27276000;0.27460900;0.26692700;0.27273399;42393600
2010-03-16;0.27541700;0.27867201;0.27255201;0.27789101;46579200
2010-03-17;0.27867201;0.28377599;0.27750000;0.27981800;39820800
2010-03-18;0.28078100;0.28354201;0.27893201;0.28265601;52185600
2010-03-19;0.27765599;0.28575501;0.27468801;0.27765599;40051200
2010-03-22;0.27440101;0.28849000;0.27335900;0.28515601;58790400
2010-03-23;0.28710899;0.29174501;0.28265601;0.29111999;55334400
2010-03-24;0.28906301;0.28968799;0.28515601;0.28697899;89241600
2010-03-25;0.29398400;0.29705700;0.28494799;0.28518200;93926400
2010-03-26;0.28924501;0.29216099;0.28216100;0.28666699;84288000
2010-03-29;0.29099000;0.29356799;0.28846401;0.29059899;38054400
2010-03-30;0.29299501;0.29617199;0.28768200;0.29364601;39897600
2010-03-31;0.29036501;0.29427099;0.28768200;0.28968799;59558400
2010-04-01;0.29291701;0.29851601;0.28263000;0.28911501;116620800
2010-04-05;0.29122400;0.29921901;0.28906301;0.29747400;67584000
2010-04-06;0.29520801;0.30244800;0.29333299;0.29973999;58713600
2010-04-07;0.29872400;0.30197901;0.29283899;0.29804701;106252800
2010-04-08;0.29502600;0.30085900;0.29052100;0.29911500;69657600
2010-04-09;0.30010399;0.30523399;0.29778600;0.30450499;58099200
2010-04-12;0.30554700;0.30807301;0.30354199;0.30572900;48806400
2010-04-13;0.30474001;0.31083301;0.30197901;0.31033900;67238400
2010-04-14;0.31476599;0.32153600;0.31411499;0.32127601;61094400
2010-04-15;0.32093799;0.32677099;0.32065099;0.32557300;45772800
2010-04-16;0.32213500;0.32528600;0.30794299;0.31398401;129484800
2010-04-19;0.31104201;0.31635401;0.30208299;0.31349000;112742400
2010-04-20;0.31835899;0.32031301;0.31239599;0.31812501;56102400
2010-04-21;0.32458299;0.32648399;0.31770799;0.32372400;83980800
2010-04-22;0.31427100;0.32960901;0.30890599;0.32851601;122841600
2010-04-23;0.32882801;0.33390599;0.32494801;0.33286500;82368000
2010-04-26;0.33309901;0.33559901;0.32877600;0.33039099;80524800
2010-04-27;0.32718799;0.33067700;0.30729201;0.31000000;133747200
2010-04-28;0.31476599;0.31507799;0.30320299;0.31072900;125068800
2010-04-29;0.31505200;0.32815099;0.31502599;0.32658899;84748800
2010-04-30;0.32609400;0.32763001;0.30653599;0.30734399;88512000
2010-05-03;0.31093800;0.32453099;0.31085899;0.31989601;52608000
2010-05-04;0.30778599;0.30781299;0.28466100;0.29161501;137241600
2010-05-05;0.28247401;0.29195300;0.27708301;0.28682300;138508800
2010-05-06;0.28091100;0.28900999;0.17708300;0.25872400;217804800
2010-05-07;0.25187501;0.26127601;0.22320300;0.23989600;248256000
2010-05-10;0.27018201;0.27648401;0.26869801;0.27567700;189273600
2010-05-11;0.26789099;0.28645799;0.26632801;0.27549499;147033600
2010-05-12;0.27927101;0.29093799;0.27822900;0.29033899;108556800
2010-05-13;0.28755200;0.29359400;0.27546901;0.27721399;105561600
2010-05-14;0.27041700;0.27078101;0.25130200;0.26015601;154176000
2010-05-17;0.26268199;0.26658899;0.24687500;0.26367199;136857600
2010-05-18;0.27010399;0.27161500;0.24895801;0.25359401;190617600
2010-05-19;0.24921900;0.25520799;0.23809899;0.24690101;237772800
2010-05-20;0.23195300;0.23362000;0.21731800;0.22192700;272985600
2010-05-21;0.20841099;0.23054700;0.20619801;0.22364600;234316800
2010-05-24;0.22487000;0.23320299;0.22289100;0.22549500;155020800
2010-05-25;0.20874999;0.22460900;0.20208301;0.22390600;172646400
2010-05-26;0.22736999;0.23671900;0.21531300;0.21697900;208320000
2010-05-27;0.23143201;0.24106801;0.22955699;0.24046899;173222400
2010-05-28;0.24205700;0.24273400;0.23046900;0.23710901;166694400
2010-06-01;0.23460899;0.24671900;0.22916700;0.23054700;202713600
2010-06-02;0.234375;0.24677099;0.22937500;0.24677099;113433600
2010-06-03;0.24859400;0.25458300;0.24390601;0.25317699;114854400
2010-06-04;0.23729201;0.24674501;0.22484399;0.22817700;245952000
2010-06-07;0.23039100;0.23291700;0.21458299;0.21494800;168729600
2010-06-08;0.21648400;0.21791700;0.20523401;0.21375000;265920000
2010-06-09;0.21807300;0.22419301;0.20664100;0.20903599;229440000
2010-06-10;0.21632800;0.22682300;0.21455701;0.22638001;155520000
2010-06-11;0.21934900;0.23320299;0.21934900;0.23229200;125337600
2010-06-14;0.23919301;0.24377599;0.23148400;0.23242199;227404800
2010-06-15;0.23627600;0.25210899;0.23557299;0.24940100;200102400
2010-06-16;0.24919300;0.25781301;0.24796900;0.25442699;158361600
2010-06-17;0.25841099;0.25880200;0.25036499;0.25697899;163046400
2010-06-18;0.25830701;0.26286501;0.25510401;0.25768200;139584000
2010-06-21;0.26708299;0.26822901;0.24666700;0.25091100;219916800
2010-06-22;0.25380200;0.25932300;0.24369800;0.24497400;179596800
2010-06-23;0.24588500;0.24841100;0.23619799;0.24169300;224716800
2010-06-24;0.23880200;0.24088500;0.22864600;0.22997400;239424000
2010-06-25;0.23296900;0.23557299;0.22492200;0.22981800;177561600
2010-06-28;0.23000000;0.23343800;0.22281300;0.22776000;164160000
2010-06-29;0.21705700;0.21744800;0.19635400;0.20234400;438220800
2010-06-30;0.19932300;0.20502600;0.19075499;0.19234399;183667200
2010-07-01;0.19341099;0.19502600;0.17932300;0.19046900;252326400
2010-07-02;0.19096400;0.19317700;0.18359400;0.18942700;147379200
2010-07-06;0.19666700;0.20028600;0.18562500;0.19041701;156556800
2010-07-07;0.19205700;0.20898400;0.19158900;0.20841099;160780800
2010-07-08;0.21341100;0.21424501;0.20458300;0.21192700;207360000
2010-07-09;0.21138000;0.21875;0.21026000;0.21786501;142656000
2010-07-12;0.21705700;0.22362000;0.21572900;0.22033900;98918400
2010-07-13;0.22549500;0.23078100;0.22062500;0.22786500;174144000
2010-07-14;0.22981800;0.23539101;0.22684900;0.23151000;109516800
2010-07-15;0.23054700;0.23434900;0.22304700;0.23231800;114201600
2010-07-16;0.23028600;0.23057300;0.21260400;0.21362001;181363200
2010-07-19;0.21484400;0.21979199;0.20966101;0.21843800;124224000
2010-07-20;0.20760401;0.22624999;0.20593800;0.22533900;127948800
2010-07-21;0.23385400;0.23385400;0.21599001;0.21744800;172492800
2010-07-22;0.22593801;0.23658900;0.22593801;0.23210900;126451200
2010-07-23;0.22885400;0.23843800;0.22757800;0.23815100;138854400
2010-07-26;0.23919301;0.24406300;0.23585901;0.24338500;100761600
2010-07-27;0.24697900;0.24807300;0.24028599;0.24333300;119692800
2010-07-28;0.24283899;0.24588500;0.23515600;0.23835900;77568000
2010-07-29;0.24166700;0.24322900;0.22531299;0.23268200;152755200
2010-07-30;0.22677100;0.23812500;0.22268200;0.23427100;129830400
2010-08-02;0.24294300;0.24869800;0.24026000;0.24687500;90163200
2010-08-03;0.24640600;0.24718800;0.24046899;0.24432300;64012800
2010-08-04;0.24752600;0.25208300;0.24432300;0.25138000;80908800
2010-08-05;0.24760400;0.25078100;0.24463500;0.24989600;66470400
2010-08-06;0.24091101;0.24979199;0.23731799;0.24872400;152755200
2010-08-09;0.25213501;0.25520799;0.24890600;0.25307301;85632000
2010-08-10;0.24739601;0.25117201;0.24093799;0.24770799;158016000
2010-08-11;0.23455700;0.23471400;0.22372399;0.22731800;154905600
2010-08-12;0.21369800;0.22403599;0.21242200;0.22091100;145920000
2010-08-13;0.21908900;0.22158900;0.21651000;0.21651000;57945600
2010-08-16;0.21328101;0.22210900;0.21054700;0.21773399;95424000
2010-08-17;0.22260401;0.23184900;0.22130200;0.22601600;120076800
2010-08-18;0.22487000;0.23263000;0.22229201;0.22804700;71155200
2010-08-19;0.22481801;0.22713500;0.21380199;0.21966100;102412800
2010-08-20;0.21744800;0.22057299;0.21356800;0.21890600;88588800
2010-08-23;0.22380200;0.22513001;0.21255200;0.21286500;108211200
2010-08-24;0.20591100;0.20744801;0.19817699;0.20065100;144806400
2010-08-25;0.19674499;0.20914100;0.19578101;0.20666701;144153600
2010-08-26;0.20932300;0.20966101;0.19856800;0.19992200;132979200
2010-08-27;0.20341100;0.20742200;0.19114600;0.20653600;192460800
2010-08-30;0.20335899;0.20880200;0.19979200;0.19984400;105139200
2010-08-31;0.19687501;0.20304701;0.19403601;0.19885400;156441600
2010-09-01;0.20651001;0.21752600;0.20622399;0.21552099;129638400
2010-09-02;0.21684900;0.22291701;0.21520799;0.22291701;54297600
2010-09-03;0.22968800;0.23427100;0.22731800;0.23427100;135283200
2010-09-07;0.23112001;0.23390600;0.22807300;0.22856800;97382400
2010-09-08;0.23112001;0.24044301;0.23112001;0.23664100;113894400
2010-09-09;0.24401000;0.24440099;0.23864600;0.23963501;90355200
2010-09-10;0.24138001;0.24351600;0.23744801;0.24221399;63936000
2010-09-13;0.24854200;0.25471401;0.24830700;0.25289100;83712000
2010-09-14;0.25182301;0.25999999;0.25036499;0.25609401;84748800
2010-09-15;0.25406301;0.26171899;0.25200501;0.26044300;67660800
2010-09-16;0.26028600;0.26455700;0.25752601;0.26411501;93772800
2010-09-17;0.26950499;0.26950499;0.26289099;0.26692700;114816000
2010-09-20;0.26992199;0.28226599;0.26898399;0.28083301;105561600
2010-09-21;0.28106800;0.28645799;0.27697900;0.27994800;173875200
2010-09-22;0.27682301;0.28408900;0.27395800;0.27862000;96576000
2010-09-23;0.27291700;0.28619799;0.27208301;0.27778599;137088000
2010-09-24;0.28770801;0.29531300;0.28632799;0.29351601;126528000
2010-09-27;0.29486999;0.29640600;0.28934899;0.29015601;97113600
2010-09-28;0.29289100;0.29289100;0.27625000;0.29088500;146227200
2010-09-29;0.28859401;0.29252601;0.28528601;0.28854200;63859200
2010-09-30;0.29291701;0.29807299;0.27898401;0.28463501;177484800
2010-10-01;0.29130200;0.29247400;0.27955699;0.28375000;117043200
2010-10-04;0.28091100;0.28380200;0.26947901;0.27390599;123840000
2010-10-05;0.28362000;0.29570299;0.28315100;0.29429701;109785600
2010-10-06;0.29307300;0.29492199;0.28101599;0.28679699;88512000
2010-10-07;0.29166701;0.29187500;0.28265601;0.28960899;78950400
2010-10-08;0.29012999;0.29755199;0.28421900;0.29544300;68544000
2010-10-11;0.29627600;0.30015600;0.29335901;0.29604200;38131200
2010-10-12;0.29408899;0.30377600;0.28716099;0.30218801;97728000
2010-10-13;0.30776000;0.31330699;0.30515599;0.30953100;96844800
2010-10-14;0.30989599;0.31169301;0.30309901;0.30781299;79756800
2010-10-15;0.31882799;0.32744801;0.31171900;0.32744801;119577600
2010-10-18;0.32796901;0.33080700;0.32393199;0.32744801;86976000
2010-10-19;0.31447899;0.32197899;0.30684900;0.31442699;127296000
2010-10-20;0.31750000;0.32804701;0.31552100;0.32096401;93465600
2010-10-21;0.32744801;0.33098999;0.31382799;0.32320300;109708800
2010-10-22;0.32359400;0.33023399;0.32190099;0.32950500;58713600
2010-10-25;0.33346400;0.34018201;0.33346400;0.33450499;77184000
2010-10-26;0.32924500;0.33885401;0.32539099;0.33651000;74841600
2010-10-27;0.33221400;0.34083301;0.33039099;0.33997399;112857600
2010-10-28;0.34468800;0.34487000;0.33382800;0.34192699;107788800
2010-10-29;0.34184900;0.34580699;0.33984399;0.34028599;80755200
2010-11-01;0.34375;0.35070300;0.33619800;0.34106800;85209600
2010-11-02;0.34927100;0.35424501;0.34765601;0.35140601;68121600
2010-11-03;0.35317701;0.35658899;0.34351599;0.35648400;115161600
2010-11-04;0.36890599;0.37349001;0.36632800;0.36911500;111859200
2010-11-05;0.37000000;0.37177101;0.36640599;0.36955699;113971200
2010-11-08;0.36768201;0.37239599;0.36502600;0.37049499;103449600
2010-11-09;0.37575501;0.37705699;0.35997400;0.36450499;121881600
2010-11-10;0.36643201;0.37138000;0.35783899;0.37007800;91968000
2010-11-11;0.35286501;0.36513001;0.34859401;0.36385399;121843200
2010-11-12;0.35783899;0.36208299;0.33742201;0.34533900;218265600
2010-11-15;0.35124999;0.35270801;0.34122401;0.34164101;119193600
2010-11-16;0.33432299;0.34018201;0.32075500;0.32468799;181632000
2010-11-17;0.32526001;0.33263001;0.32291701;0.32776001;111168000
2010-11-18;0.33830699;0.34979200;0.33804700;0.34299499;138739200
2010-11-19;0.34187499;0.34635401;0.33796901;0.34380201;93427200
2010-11-22;0.33971399;0.35286501;0.33830699;0.35286501;147456000
2010-11-23;0.34242201;0.34341100;0.33020800;0.33619800;185856000
2010-11-24;0.34575501;0.35856801;0.34533900;0.35583299;129484800
2010-11-26;0.34963500;0.35630199;0.34757799;0.35359401;59673600
2010-11-29;0.34765601;0.35156301;0.33572900;0.34867200;176524800
2010-11-30;0.33760399;0.34197900;0.33164099;0.33541700;200716800
2010-12-01;0.35080701;0.36208299;0.35025999;0.35674500;206860800
2010-12-02;0.35833299;0.36914101;0.35742199;0.36757800;132134400
2010-12-03;0.36315101;0.37184900;0.36302099;0.37065101;175449600
2010-12-06;0.37072900;0.37216100;0.36700499;0.37000000;99072000
2010-12-07;0.38367200;0.38369799;0.36968800;0.37033901;164428800
2010-12-08;0.37401000;0.37640601;0.36674500;0.37546900;93427200
2010-12-09;0.38174501;0.38182300;0.37239599;0.37585899;99878400
2010-12-10;0.37843800;0.38445300;0.37533900;0.38374999;88204800
2010-12-13;0.38856801;0.38856801;0.37890601;0.37924501;80755200
2010-12-14;0.38224000;0.38601601;0.37804699;0.38083300;76876800
2010-12-15;0.38052100;0.38760400;0.37369800;0.37695301;95577600
2010-12-16;0.37734401;0.38682300;0.375;0.38481799;86131200
2010-12-17;0.38604200;0.38932300;0.38393199;0.38598999;61209600
2010-12-20;0.38802099;0.39114600;0.37864599;0.38703099;126144000
2010-12-21;0.39151001;0.39359400;0.38851601;0.39341101;33600000
2010-12-22;0.39346400;0.39544299;0.39182299;0.39382800;43200000
2010-12-23;0.39177099;0.39335901;0.38828099;0.39083299;36864000
2010-12-27;0.38768199;0.39322901;0.37942699;0.39098999;64166400
2010-12-28;0.39390600;0.39424500;0.38664100;0.38929701;63475200
2010-12-29;0.39273399;0.39380199;0.390625;0.39161500;45465600
2010-12-30;0.39177099;0.39187500;0.38671899;0.38867199;28761600
2010-12-31;0.38781300;0.38781300;0.37940100;0.38510400;48729600
2011-01-03;0.39533901;0.41044301;0.39528599;0.40250000;133516800
2011-01-04;0.40755200;0.40765601;0.39419299;0.40187499;131520000
2011-01-05;0.39789101;0.41203099;0.39737001;0.41184899;122880000
2011-01-06;0.41330701;0.41653600;0.41075501;0.41557300;104524800
2011-01-07;0.41768199;0.41838500;0.40257800;0.41460899;152409600
2011-01-10;0.41145799;0.42138001;0.40872401;0.41927099;86054400
2011-01-11;0.42437500;0.42528600;0.41690099;0.42119801;109939200
2011-01-12;0.42703101;0.43000001;0.42210901;0.42974001;134092800
2011-01-13;0.43127599;0.43372399;0.42695299;0.43109399;131443200
2011-01-14;0.43088499;0.44057301;0.42807299;0.44044301;61286400
2011-01-18;0.42919299;0.44531301;0.42846400;0.44395801;138124800
2011-01-19;0.44622400;0.44622400;0.42463499;0.42908901;149952000
2011-01-20;0.42395800;0.42502600;0.40989599;0.41945300;189465600
2011-01-21;0.42557299;0.42812499;0.40958300;0.40987000;104832000
2011-01-24;0.41216099;0.42716101;0.40997401;0.42679700;86438400
2011-01-25;0.42104200;0.42885399;0.41796899;0.42828101;95846400
2011-01-26;0.43104199;0.43895799;0.42705700;0.43492201;99379200
2011-01-27;0.44002599;0.44700500;0.43763000;0.44330701;111360000
2011-01-28;0.44346401;0.44429699;0.40398401;0.40987000;254553600
2011-01-31;0.41148400;0.41906300;0.40234399;0.41593799;159974400
2011-02-01;0.42552099;0.44192699;0.42390600;0.43903601;203443200
2011-02-02;0.43671900;0.44156301;0.43429700;0.43705699;92121600
2011-02-03;0.43463501;0.44112000;0.42414099;0.43875000;131558400
2011-02-04;0.43987000;0.44739601;0.43588501;0.44666699;135936000
2011-02-07;0.44945300;0.46013001;0.44724000;0.45315099;103795200
2011-02-08;0.45330700;0.46281299;0.45104200;0.46281299;133977600
2011-02-09;0.45974001;0.46380201;0.45549500;0.46000001;130406400
2011-02-10;0.45234400;0.46317700;0.44921899;0.46224001;142080000
2011-02-11;0.45796901;0.47200501;0.45572901;0.47171900;94540800
2011-02-14;0.47161499;0.47687501;0.47036499;0.47468799;59635200
2011-02-15;0.47205701;0.47450501;0.46671900;0.47346401;93235200
2011-02-16;0.47718799;0.48601601;0.47648400;0.48221400;141120000
2011-02-17;0.47510400;0.484375;0.47421899;0.48179701;86745600
2011-02-18;0.48208299;0.48401001;0.47335899;0.47906300;128179200
2011-02-22;0.45994800;0.46354201;0.43489599;0.43687499;241843200
2011-02-23;0.43674499;0.44143200;0.41630200;0.42609400;194265600
2011-02-24;0.42908901;0.43645799;0.41666701;0.43216100;320524800
2011-02-25;0.44020799;0.45255199;0.43895799;0.45067701;108345600
2011-02-28;0.45583299;0.46031299;0.44578099;0.45395800;104313600
2011-03-01;0.46005201;0.46005201;0.42838499;0.43213499;122899200
2011-03-02;0.43130201;0.44713500;0.43093801;0.43822899;114105600
2011-03-03;0.45098999;0.46677101;0.45093799;0.46437499;132825600
2011-03-04;0.46458301;0.46458301;0.44843799;0.45750001;109420800
2011-03-07;0.46322900;0.46401000;0.42697901;0.43927100;137568000
2011-03-08;0.43677101;0.45020801;0.42968801;0.44385400;128774400
2011-03-09;0.44020799;0.44078100;0.42817700;0.43489599;97056000
2011-03-10;0.41947901;0.42317700;0.40974000;0.41499999;174892800
2011-03-11;0.40807301;0.42546901;0.40744799;0.42192701;102547200
2011-03-14;0.41505200;0.42447901;0.40838501;0.41781300;78912000
2011-03-15;0.38062501;0.40760401;0.37682301;0.40072900;187852800
2011-03-16;0.39072901;0.39682299;0.36328101;0.37130201;216768000
2011-03-17;0.38828099;0.39322901;0.38062501;0.38099000;116486400
2011-03-18;0.39432299;0.39447901;0.37812501;0.37890601;118713600
2011-03-21;0.39552099;0.40625;0.39385399;0.40005201;95251200
2011-03-22;0.40192699;0.40312499;0.39583299;0.39895800;64358400
2011-03-23;0.39406300;0.40854201;0.38604200;0.40500000;104544000
2011-03-24;0.41447899;0.42958301;0.40739599;0.42703101;130656000
2011-03-25;0.43130201;0.43854201;0.42838499;0.43015599;148300800
2011-03-28;0.43599001;0.43604201;0.42234400;0.42286500;88838400
2011-03-29;0.42031300;0.43510401;0.41593799;0.43500000;67296000
2011-03-30;0.44166699;0.44307300;0.43572900;0.44140601;67545600
2011-03-31;0.43958300;0.44437501;0.43697900;0.44328099;56428800
2011-04-01;0.44963500;0.45395800;0.44010401;0.44395801;75552000
2011-04-04;0.44775999;0.44885400;0.43380201;0.43994799;62419200
2011-04-05;0.43666700;0.44374999;0.43333301;0.43494800;53932800
2011-04-06;0.44536501;0.44968799;0.43135399;0.43822899;66393600
2011-04-07;0.43854201;0.44650999;0.42911500;0.43812501;71942400
2011-04-08;0.44416699;0.44572899;0.42505199;0.43156299;50457600
2011-04-11;0.43656299;0.43953100;0.42338499;0.42765599;56083200
2011-04-12;0.42161500;0.42479199;0.41380200;0.41921899;66566400
2011-04-13;0.42828101;0.43276000;0.41927099;0.42921901;70848000
2011-04-14;0.42026001;0.42885399;0.41510400;0.42687500;67872000
2011-04-15;0.421875;0.42968801;0.41656300;0.42411500;149683200
2011-04-18;0.41182300;0.41614601;0.39500001;0.41593799;125760000
2011-04-19;0.41854200;0.42343801;0.41239601;0.42343801;107328000
2011-04-20;0.44578099;0.45333299;0.44427100;0.45161501;131155200
2011-04-21;0.46572900;0.46588501;0.45890599;0.46307299;64972800
2011-04-25;0.46474001;0.46718800;0.46156299;0.46651000;45350400
2011-04-26;0.47031301;0.47916701;0.46744800;0.47453099;44793600
2011-04-27;0.47656301;0.48557299;0.47062501;0.484375;62668800
2011-04-28;0.47963500;0.48385400;0.47578099;0.48364601;66028800
2011-04-29;0.47989601;0.48484400;0.47786501;0.48130199;52416000
2011-05-02;0.48338500;0.48645800;0.47442701;0.47869799;53875200
2011-05-03;0.47718799;0.47854200;0.46255201;0.47150999;52204800
2011-05-04;0.47145799;0.47546899;0.45760399;0.46875;81945600
2011-05-05;0.46187499;0.47807300;0.45661500;0.46171901;95750400
2011-05-06;0.47578099;0.48328099;0.46203101;0.46572900;76838400
2011-05-09;0.46791700;0.47650999;0.46296901;0.47078100;41875200
2011-05-10;0.47541699;0.48489600;0.47286499;0.48286501;55353600
2011-05-11;0.48140600;0.48598999;0.46270800;0.47244799;64704000
2011-05-12;0.46750000;0.48276001;0.45994800;0.48078099;60288000
2011-05-13;0.47755200;0.47973999;0.46328101;0.46375000;74054400
2011-05-16;0.45765600;0.46130201;0.43656299;0.43963501;79718400
2011-05-17;0.43302101;0.44349000;0.43036500;0.44322899;89740800
2011-05-18;0.44161499;0.45661500;0.43979201;0.45401001;42566400
2011-05-19;0.45927101;0.46099001;0.45010400;0.45791700;52627200
2011-05-20;0.45635399;0.45812500;0.44614601;0.44781300;43660800
2011-05-23;0.42942700;0.43307301;0.42203099;0.42838499;77433600
2011-05-24;0.43166700;0.43166700;0.42020801;0.42031300;67929600
2011-05-25;0.41828099;0.43088499;0.41802099;0.42500001;53913600
2011-05-26;0.42083299;0.43651000;0.42083299;0.43296900;47136000
2011-05-27;0.43510401;0.44072899;0.43416700;0.43942699;35059200
2011-05-31;0.45208299;0.46057299;0.44494799;0.46057299;55315200
2011-06-01;0.45755199;0.46046901;0.42989600;0.43114600;92352000
2011-06-02;0.43307301;0.43776000;0.42651001;0.43364599;46790400
2011-06-03;0.41843799;0.42796901;0.41249999;0.41395801;81388800
2011-06-06;0.41203099;0.41729200;0.40349001;0.40395799;53472000
2011-06-07;0.40708300;0.41177100;0.40088499;0.40161499;55852800
2011-06-08;0.39885399;0.40093800;0.38958299;0.39296901;93523200
2011-06-09;0.39312500;0.40031299;0.38947901;0.39468801;44064000
2011-06-10;0.38932300;0.39197901;0.37599000;0.37656301;55699200
2011-06-13;0.37817699;0.38260400;0.37302101;0.37682301;58982400
2011-06-14;0.38531300;0.39411500;0.38520801;0.39083299;58521600
2011-06-15;0.38025999;0.38703099;0.36692700;0.36947900;89337600
2011-06-16;0.36968800;0.37317699;0.35526001;0.36432299;85171200
2011-06-17;0.37463501;0.37604201;0.35843799;0.36161500;89971200
2011-06-20;0.35807300;0.37010401;0.35807300;0.36640599;47212800
2011-06-21;0.37114599;0.39156300;0.36619800;0.39083299;74284800
2011-06-22;0.38562500;0.39239600;0.38177100;0.38203099;62208000
2011-06-23;0.36947900;0.39312500;0.36604199;0.39260399;115852800
2011-06-24;0.38677099;0.38796899;0.37010401;0.37192699;94041600
2011-06-27;0.37369800;0.39510399;0.37156299;0.38999999;74361600
2011-06-28;0.39281300;0.40770799;0.39135399;0.40750000;57676800
2011-06-29;0.41109401;0.41458300;0.40364599;0.41260400;68409600
2011-06-30;0.41692701;0.42953101;0.41619799;0.42828101;90432000
2011-07-01;0.42968801;0.44979200;0.42598999;0.44812500;76723200
2011-07-05;0.44963500;0.45604199;0.44677100;0.45458299;73286400
2011-07-06;0.45343801;0.46135399;0.44895801;0.45942700;79833600
2011-07-07;0.46953100;0.48203099;0.46786499;0.47802100;107097600
2011-07-08;0.46588501;0.47421899;0.45828101;0.47406301;146035200
2011-07-11;0.45958301;0.46630201;0.44364601;0.44864601;135417600
2011-07-12;0.44802099;0.45093799;0.43708301;0.43770799;100646400
2011-07-13;0.44744799;0.45687500;0.43890601;0.44354200;114796800
2011-07-14;0.44744799;0.45317701;0.42322901;0.42828101;123436800
2011-07-15;0.44302100;0.44531301;0.43385401;0.44531301;96403200
2011-07-18;0.43864599;0.44364601;0.42552099;0.43796900;84691200
2011-07-19;0.45114601;0.46953100;0.45104200;0.46885401;144864000
2011-07-20;0.47630200;0.47656301;0.46041700;0.46229199;107078400
2011-07-21;0.46369800;0.47916701;0.45625001;0.47166699;131212800
2011-07-22;0.47125000;0.48817700;0.46989599;0.48630199;91468800
2011-07-25;0.47427100;0.49114600;0.47192699;0.48343799;80102400
2011-07-26;0.48182300;0.49197900;0.47953099;0.48609400;103353600
2011-07-27;0.47724000;0.47812501;0.44583300;0.44921899;144057600
2011-07-28;0.45005199;0.46843800;0.44474000;0.45161501;123398400
2011-07-29;0.44052100;0.46114600;0.43421900;0.44724000;149740800
2011-08-01;0.46343800;0.46583301;0.42500001;0.44119799;197337600
2011-08-02;0.43447900;0.44041699;0.40599000;0.40770799;177004800
2011-08-03;0.40875000;0.42036501;0.38781300;0.41828099;175584000
2011-08-04;0.40104201;0.40302101;0.36125001;0.36135399;292108800
2011-08-05;0.37333301;0.37796900;0.32380199;0.35338500;317836800
2011-08-08;0.32224000;0.33974001;0.29062501;0.29130200;385459200
2011-08-09;0.30281299;0.33223999;0.27911499;0.33119801;425856000
2011-08-10;0.30901000;0.32343799;0.29041699;0.29213500;323577600
2011-08-11;0.30349001;0.33963501;0.29979199;0.32963499;286348800
2011-08-12;0.33713499;0.34401000;0.32536501;0.33802101;250291200
2011-08-15;0.34224001;0.35270801;0.33755201;0.35260400;151488000
2011-08-16;0.34302101;0.35270801;0.33010399;0.34354201;150643200
2011-08-17;0.34562501;0.35385400;0.32749999;0.33796901;212236800
2011-08-18;0.31041700;0.31052101;0.27963501;0.28895801;328723200
2011-08-19;0.27911499;0.30010399;0.27187499;0.27276000;287328000
2011-08-22;0.29192701;0.29255199;0.27296901;0.27520800;216460800
2011-08-23;0.28109401;0.30947900;0.27786499;0.30927101;286137600
2011-08-24;0.30765599;0.31833300;0.29937500;0.31656301;197164800
2011-08-25;0.31588501;0.32036501;0.29802099;0.30135399;152582400
2011-08-26;0.29864600;0.32682300;0.28942701;0.32312500;222412800
2011-08-29;0.33333299;0.35182300;0.33333299;0.35062501;226464000
2011-08-30;0.34687501;0.36401001;0.34114599;0.35776001;228940800
2011-08-31;0.36437500;0.37286499;0.35046899;0.35984400;256454400
2011-09-01;0.36218801;0.37057301;0.34765601;0.34968799;197836800
2011-09-02;0.33000001;0.33515599;0.31963500;0.32520801;154137600
2011-09-06;0.30224001;0.32661501;0.30000001;0.32515600;170054400
2011-09-07;0.33927101;0.34999999;0.33651000;0.34974000;160089600
2011-09-08;0.34416699;0.35958299;0.34182301;0.34489599;199046400
2011-09-09;0.33854201;0.34224001;0.31572899;0.32218799;207648000
2011-09-12;0.31156299;0.33500001;0.31088501;0.33427101;239712000
2011-09-13;0.33812499;0.34979200;0.33343801;0.34724000;280243200
2011-09-14;0.35328099;0.37447900;0.34250000;0.36223999;233625600
2011-09-15;0.37479201;0.38046899;0.36343801;0.37869799;235372800
2011-09-16;0.38166699;0.39020801;0.37906301;0.38859400;246220800
2011-09-19;0.37484401;0.39557299;0.36500001;0.38958299;247449600
2011-09-20;0.39520800;0.40463501;0.38161501;0.38406301;239155200
2011-09-21;0.39005199;0.39593801;0.36421901;0.36453101;234451200
2011-09-22;0.33682299;0.34599000;0.31302100;0.32906300;335462400
2011-09-23;0.32067701;0.34349000;0.31999999;0.33932301;261504000
2011-09-26;0.34458300;0.35270801;0.32187501;0.35083300;246988800
2011-09-27;0.36927101;0.37812501;0.35468799;0.36156300;259027200
2011-09-28;0.36666700;0.37375000;0.34349000;0.34453100;269184000
2011-09-29;0.36192700;0.36281300;0.31645799;0.33432299;336556800
2011-09-30;0.32109401;0.32843801;0.30729201;0.30833301;287462400
2011-10-03;0.29958299;0.31416699;0.28375000;0.28416699;410649600
2011-10-04;0.27531299;0.30328101;0.26692700;0.30145800;689280000
2011-10-05;0.29937500;0.32734400;0.29244801;0.32437500;520569600
2011-10-06;0.32395801;0.34104201;0.31921899;0.34104201;456460800
2011-10-07;0.34005201;0.34505200;0.32760400;0.33401000;288364800
2011-10-10;0.35104200;0.36828101;0.34958300;0.36828101;216960000
2011-10-11;0.36572900;0.37875000;0.36395800;0.37614599;200947200
2011-10-12;0.38734400;0.39453101;0.38093799;0.38218799;258950400
2011-10-13;0.37989599;0.39390600;0.37859401;0.39244801;187161600
2011-10-14;0.40734401;0.41406301;0.40062499;0.41406301;191481600
2011-10-17;0.40817699;0.41203099;0.38833299;0.39489600;1094342400
2011-10-18;0.39348999;0.41588500;0.38213500;0.40921900;285792000
2011-10-19;0.40395799;0.40661499;0.38203099;0.38562500;242246400
2011-10-20;0.38474000;0.38666701;0.36380199;0.38072899;203174400
2011-10-21;0.39223999;0.40166700;0.38390601;0.39427099;188428800
2011-10-24;0.39890599;0.42208299;0.39760399;0.41890600;197356800
2011-10-25;0.41442701;0.41520801;0.39161500;0.39515600;200755200
2011-10-26;0.40104201;0.40343800;0.37114599;0.39359400;383692800
2011-10-27;0.42104200;0.43229201;0.40875000;0.42531300;330528000
2011-10-28;0.41749999;0.42838499;0.41749999;0.42671901;127161600
2011-10-31;0.41531301;0.42041701;0.40474001;0.40557301;157977600
2011-11-01;0.37630200;0.38489601;0.36755201;0.37416700;392870400
2011-11-02;0.38494799;0.38807300;0.37286499;0.38338500;243648000
2011-11-03;0.39276001;0.40859401;0.37916699;0.40671900;285561600
2011-11-04;0.40072900;0.40578100;0.38859400;0.40041700;158323200
2011-11-07;0.40046901;0.41010401;0.38802099;0.40932301;223084800
2011-11-08;0.41802099;0.42541701;0.40421900;0.42296901;205900800
2011-11-09;0.39838499;0.40046901;0.37614599;0.37921900;222144000
2011-11-10;0.39031300;0.39114600;0.36718801;0.37765601;177945600
2011-11-11;0.38838500;0.40276000;0.38661501;0.39885399;171532800
2011-11-14;0.39651000;0.40291700;0.38755199;0.39208299;113126400
2011-11-15;0.38911501;0.40968800;0.38749999;0.40468800;220108800
2011-11-16;0.39604199;0.40526000;0.38281301;0.38474000;242092800
2011-11-17;0.38197899;0.38229200;0.35104200;0.35828099;445920000
2011-11-18;0.35822901;0.359375;0.34781301;0.34968799;236198400
2011-11-21;0.33614600;0.33682299;0.31911501;0.32937500;272352000
2011-11-22;0.32651001;0.33588499;0.32124999;0.33223999;320659200
2011-11-23;0.32541701;0.32635400;0.30989599;0.31015599;310272000
2011-11-25;0.30677101;0.31713501;0.30312499;0.30312499;123552000
2011-11-28;0.32531300;0.33593801;0.32510400;0.33442700;262752000
2011-11-29;0.33338499;0.34171900;0.32583299;0.32838500;234432000
2011-11-30;0.35526001;0.36567700;0.35224000;0.36442700;242457600
2011-12-01;0.36484399;0.37515599;0.36390600;0.37224001;183475200
2011-12-02;0.38322899;0.38349000;0.36833301;0.36869800;129081600
2011-12-05;0.38640600;0.38885400;0.375;0.38078099;189158400
2011-12-06;0.38260400;0.38541701;0.37447900;0.37786499;140025600
2011-12-07;0.375;0.38333300;0.36343801;0.37843800;154080000
2011-12-08;0.37083301;0.37937501;0.35692701;0.35916701;259795200
2011-12-09;0.36234400;0.37953100;0.36140600;0.37619799;196243200
2011-12-12;0.36458299;0.36494800;0.35416701;0.36385399;214579200
2011-12-13;0.37078100;0.37515599;0.34703100;0.35156301;231590400
2011-12-14;0.34734401;0.34843799;0.32927099;0.33520800;409939200
2011-12-15;0.34468800;0.34479201;0.33093801;0.33260399;306950400
2011-12-16;0.33807299;0.35104200;0.33583301;0.33677101;280934400
2011-12-19;0.34135401;0.34354201;0.32489601;0.32744801;199296000
2011-12-20;0.34296900;0.35760400;0.34296900;0.35651001;267705600
2011-12-21;0.35041699;0.35041699;0.32916701;0.34166700;343718400
2011-12-22;0.34302101;0.35052100;0.34208301;0.34999999;200947200
2011-12-23;0.35197899;0.35911500;0.34994799;0.35906300;110918400
2011-12-27;0.35770801;0.36562499;0.35624999;0.36182299;139776000
2011-12-28;0.36093801;0.36223999;0.34677100;0.35020801;200294400
2011-12-29;0.35119799;0.35786501;0.34822899;0.35703099;135436800
2011-12-30;0.35494801;0.35958299;0.35390601;0.35411501;115622400
2012-01-03;0.37406299;0.37989599;0.37177101;0.37427101;202732800
2012-01-04;0.37250000;0.38057300;0.36770800;0.37875000;119692800
2012-01-05;0.37682301;0.38932300;0.37239599;0.38807300;138796800
2012-01-06;0.38911501;0.39494801;0.38432300;0.39208299;207494400
2012-01-09;0.39531299;0.39593801;0.38489601;0.38880199;153945600
2012-01-10;0.40135401;0.40447900;0.39406300;0.39677101;157305600
2012-01-11;0.39677101;0.40208301;0.39250001;0.39953101;137241600
2012-01-12;0.40270799;0.40572900;0.39359400;0.40427101;154329600
2012-01-13;0.39802101;0.40015599;0.38953099;0.39963499;155155200
2012-01-17;0.41083300;0.41578099;0.40625;0.41036499;129024000
2012-01-18;0.41333300;0.42708299;0.41099000;0.42666700;213830400
2012-01-19;0.43270800;0.43734401;0.43078101;0.43520799;226790400
2012-01-20;0.42937499;0.43364599;0.42859399;0.43328100;80179200
2012-01-23;0.43317699;0.44260401;0.42604199;0.43322900;137664000
2012-01-24;0.42770800;0.43453100;0.42536500;0.43083301;95596800
2012-01-25;0.44442701;0.45052099;0.43453100;0.44729200;202521600
2012-01-26;0.45302099;0.45546901;0.43630201;0.44255200;187084800
2012-01-27;0.44000000;0.44885400;0.43927100;0.44692701;168844800
2012-01-30;0.43552101;0.44947901;0.43041700;0.44765601;168672000
2012-01-31;0.45406300;0.45671901;0.44088501;0.44921899;198201600
2012-02-01;0.45692700;0.46526000;0.45260400;0.46026000;175737600
2012-02-02;0.46479201;0.46916699;0.45927101;0.46500000;145190400
2012-02-03;0.47786501;0.48515600;0.47536501;0.48348999;155040000
2012-02-06;0.47802100;0.48307300;0.47468799;0.48302099;130828800
2012-02-07;0.48177099;0.48843801;0.47520801;0.48510399;130176000
2012-02-08;0.48583299;0.49317700;0.48057300;0.49317700;154886400
2012-02-09;0.49854201;0.50572902;0.49015599;0.50411499;152544000
2012-02-10;0.49343801;0.49750000;0.48822901;0.49333301;194803200
2012-02-13;0.50437498;0.50890601;0.49796900;0.50661498;159206400
2012-02-14;0.50375003;0.51104200;0.49864599;0.51104200;173875200
2012-02-15;0.51838499;0.52671897;0.49796900;0.49963501;383865600
2012-02-16;0.50114602;0.52260399;0.49703100;0.52052099;252268800
2012-02-17;0.52099001;0.52223998;0.50937498;0.51609403;161932800
2012-02-21;0.51807302;0.52708298;0.51062500;0.52046901;164371200
2012-02-22;0.51729202;0.52182299;0.51109397;0.51359397;125376000
2012-02-23;0.51536500;0.52494800;0.50781298;0.52333301;210144000
2012-02-24;0.52770799;0.53151000;0.52489603;0.52843797;134572800
2012-02-27;0.51937503;0.53604198;0.51328099;0.53099000;184819200
2012-02-28;0.53208297;0.546875;0.53046900;0.546875;191980800
2012-02-29;0.54854202;0.55364603;0.53468800;0.53968799;266092800
2012-03-01;0.54598999;0.55411500;0.54119802;0.55281299;234643200
2012-03-02;0.55093801;0.55666697;0.54614598;0.55114597;166252800
2012-03-05;0.55057299;0.55234402;0.52885401;0.53395802;244454400
2012-03-06;0.51895797;0.52187502;0.51010400;0.51864600;215558400
2012-03-07;0.52583301;0.53385401;0.52354199;0.53041703;187238400
2012-03-08;0.53942698;0.55208302;0.53645802;0.54724002;124761600
2012-03-09;0.55046898;0.55724001;0.54916698;0.55385399;154944000
2012-03-12;0.55317700;0.55671901;0.54671901;0.55474001;151507200
2012-03-13;0.56447899;0.58609402;0.56078100;0.58599001;191462400
2012-03-14;0.58770800;0.59869802;0.58145797;0.59255201;243052800
2012-03-15;0.59744799;0.60078102;0.58869803;0.59708297;196819200
2012-03-16;0.60000002;0.60010397;0.59182298;0.59578103;138297600
2012-03-19;0.59875000;0.61276001;0.59453100;0.60874999;191961600
2012-03-20;0.59942698;0.61400998;0.59447902;0.61208302;184396800
2012-03-21;0.61265600;0.62218797;0.60963500;0.61187500;156576000
2012-03-22;0.60099000;0.61244798;0.60062498;0.60817701;213216000
2012-03-23;0.61057299;0.61098999;0.59687501;0.60734397;157497600
2012-03-26;0.61864603;0.63906300;0.61796898;0.63906300;158553600
2012-03-27;0.63973999;0.64958298;0.63947898;0.64151001;179251200
2012-03-28;0.64270800;0.65005201;0.62270802;0.63401002;190368000
2012-03-29;0.62505198;0.63380200;0.61338502;0.62750000;172300800
2012-03-30;0.63541698;0.63614601;0.61567700;0.62312502;126451200
2012-04-02;0.62140602;0.64499998;0.61822897;0.64213502;125452800
2012-04-03;0.64494801;0.65088499;0.63119799;0.64218801;167500800
2012-04-04;0.62713498;0.62854201;0.60494798;0.61598998;205152000
2012-04-05;0.61260402;0.62880200;0.61104202;0.62724000;154656000
2012-04-09;0.60338497;0.62062502;0.60057300;0.61281300;143904000
2012-04-10;0.61166698;0.61916697;0.57760400;0.58322901;293433600
2012-04-11;0.59937501;0.60338497;0.58734399;0.59166700;168806400
2012-04-12;0.59515601;0.61395800;0.59296900;0.61150998;178291200
2012-04-13;0.60536498;0.60588503;0.58338499;0.58385402;183321600
2012-04-16;0.59359401;0.59390599;0.55937499;0.56546903;200486400
2012-04-17;0.57249999;0.60421902;0.56937498;0.59880197;189254400
2012-04-18;0.59343803;0.60474002;0.58895802;0.59442699;128294400
2012-04-19;0.58817703;0.609375;0.56796902;0.57520801;199200000
2012-04-20;0.58354199;0.59135401;0.56703103;0.56901002;171033600
2012-04-23;0.55437499;0.55650997;0.53880203;0.55468798;140140800
2012-04-24;0.55119801;0.55765599;0.53807300;0.54489601;129696000
2012-04-25;0.57875001;0.58927101;0.57614601;0.58817703;152409600
2012-04-26;0.58734399;0.60276002;0.58593798;0.59869802;142483200
2012-04-27;0.60604203;0.61526000;0.59671903;0.60895801;104928000
2012-04-30;0.60354197;0.60744798;0.59500003;0.59630197;96172800
2012-05-01;0.59302098;0.61921901;0.59223998;0.59968799;104678400
2012-05-02;0.58999997;0.60583299;0.58661503;0.60364598;77184000
2012-05-03;0.60572898;0.60692698;0.58072901;0.58489603;100550400
2012-05-04;0.56890601;0.57161498;0.54166698;0.54197901;182169600
2012-05-07;0.53166699;0.55067700;0.53109401;0.54276001;211046400
2012-05-08;0.53234398;0.54229200;0.51067698;0.53677100;276480000
2012-05-09;0.51849002;0.54057300;0.51151001;0.53380197;269529600
2012-05-10;0.53911501;0.53958303;0.52249998;0.52833301;406137600
2012-05-11;0.52197897;0.54510403;0.52177101;0.52781302;96172800
2012-05-14;0.51510400;0.52572900;0.51114601;0.51322901;164400000
2012-05-15;0.51906300;0.53020799;0.50583303;0.50875002;151276800
2012-05-16;0.51416701;0.51833302;0.49510401;0.49770799;148598400
2012-05-17;0.49854201;0.50072902;0.46687499;0.46708301;260640000
2012-05-18;0.47145799;0.47458300;0.44718799;0.44833300;281923200
2012-05-21;0.45093799;0.48718801;0.44947901;0.48604199;206409600
2012-05-22;0.48968801;0.49614599;0.47354200;0.48427099;193238400
2012-05-23;0.47229201;0.49072900;0.45968801;0.48697901;161952000
2012-05-24;0.48958299;0.49072900;0.46666700;0.47822899;154800000
2012-05-25;0.47906300;0.48135400;0.47135401;0.47552100;62496000
2012-05-29;0.48906299;0.50041699;0.48072901;0.49322900;141360000
2012-05-30;0.48020801;0.48645800;0.47218800;0.48124999;124617600
2012-05-31;0.47958300;0.48312500;0.46406299;0.47437501;166080000
2012-06-01;0.44979200;0.45791700;0.43666700;0.43708301;224342400
2012-06-04;0.44093800;0.44895801;0.42906299;0.44645801;228345600
2012-06-05;0.44239599;0.45500001;0.44177100;0.45260400;196483200
2012-06-06;0.46312499;0.48458299;0.46145800;0.48354200;171724800
2012-06-07;0.49802101;0.49854201;0.47645801;0.47812501;171408000
2012-06-08;0.47510400;0.49354199;0.47062501;0.49218801;126384000
2012-06-11;0.50239599;0.50375003;0.46593800;0.46864599;181795200
2012-06-12;0.47250000;0.48427099;0.46406299;0.48343799;134995200
2012-06-13;0.47968799;0.49052101;0.46864599;0.47395799;96998400
2012-06-14;0.47343799;0.484375;0.46593800;0.47927099;131414400
2012-06-15;0.48260400;0.49864599;0.48229200;0.49697900;168758400
2012-06-18;0.49145800;0.51427102;0.48843801;0.50979197;176668800
2012-06-19;0.51833302;0.53291702;0.51760399;0.52656299;162518400
2012-06-20;0.52947903;0.53447902;0.51572901;0.52843797;194428800
2012-06-21;0.52635401;0.52843797;0.48677099;0.48885399;155788800
2012-06-22;0.49281299;0.50572902;0.48947901;0.50406301;140044800
2012-06-25;0.49114600;0.49166700;0.47031301;0.47416699;134160000
2012-06-26;0.47895801;0.48739600;0.47270799;0.48333299;136684800
2012-06-27;0.48885399;0.49854201;0.48739600;0.49218801;116985600
2012-06-28;0.48083299;0.48208299;0.46041700;0.47447899;209184000
2012-06-29;0.50312501;0.52083302;0.49843800;0.52083302;246595200
2012-07-02;0.52239603;0.52604198;0.51354200;0.52499998;125107200
2012-07-03;0.52593797;0.53833300;0.52354199;0.53750002;92947200
2012-07-05;0.53708303;0.54729199;0.52833301;0.53937501;118560000
2012-07-06;0.53218800;0.53312498;0.50802100;0.51812500;145248000
2012-07-09;0.51749998;0.52281302;0.50885397;0.51635402;96124800
2012-07-10;0.52489603;0.52864599;0.49531299;0.50052100;172665600
2012-07-11;0.49958301;0.50333297;0.48062500;0.49364600;221088000
2012-07-12;0.48156300;0.48489600;0.46572900;0.47937500;215356800
2012-07-13;0.48302099;0.50395799;0.48208299;0.50020802;141120000
2012-07-16;0.49750000;0.50385398;0.49062499;0.49645799;108739200
2012-07-17;0.50552100;0.50916702;0.48291701;0.50406301;173606400
2012-07-18;0.50093800;0.52916700;0.50083297;0.52458298;187440000
2012-07-19;0.53583300;0.546875;0.53281301;0.54166698;216249600
2012-07-20;0.54208302;0.54208302;0.51979202;0.52083302;164726400
2012-07-23;0.49020800;0.50708300;0.47874999;0.50156301;221788800
2012-07-24;0.50437498;0.50635397;0.48031300;0.49010399;252192000
2012-07-25;0.47885400;0.48937500;0.47104201;0.47916701;196675200
2012-07-26;0.50072902;0.50729197;0.48989600;0.49791700;231024000
2012-07-27;0.50958300;0.53677100;0.50520802;0.53562498;271305600
2012-07-30;0.53843802;0.54520798;0.52760398;0.53239602;183235200
2012-07-31;0.53562498;0.54166698;0.53104198;0.53270799;132748800
2012-08-01;0.54374999;0.54406297;0.52187502;0.52749997;150921600
2012-08-02;0.51510400;0.53781301;0.51052099;0.52197897;165830400
2012-08-03;0.54750001;0.56291699;0.54177099;0.55166698;195081600
2012-08-06;0.56072903;0.57156301;0.55708301;0.56406301;127612800
2012-08-07;0.57249999;0.58520800;0.56916702;0.57802099;140601600
2012-08-08;0.57375002;0.58135402;0.57114601;0.57708299;85929600
2012-08-09;0.57729203;0.58489603;0.57427102;0.58197898;77500800
2012-08-10;0.57718801;0.58437502;0.57218802;0.58437502;93350400
2012-08-13;0.58395803;0.58791697;0.57447898;0.58791697;71904000
2012-08-14;0.59458297;0.59812498;0.58385402;0.58875000;110160000
2012-08-15;0.58729202;0.59562498;0.58687502;0.59291703;71654400
2012-08-16;0.60010397;0.61854202;0.59760398;0.61416698;139017600
2012-08-17;0.61822897;0.62260401;0.61427099;0.62260401;113606400
2012-08-20;0.62145799;0.62541699;0.61395800;0.625;91910400
2012-08-21;0.63104200;0.63781297;0.61041701;0.61781299;218227200
2012-08-22;0.61312503;0.62906301;0.60854203;0.62447900;113750400
2012-08-23;0.61750001;0.62270802;0.60520798;0.61062503;109641600
2012-08-24;0.60541701;0.62583297;0.60281301;0.62145799;104236800
2012-08-27;0.62958300;0.63177103;0.62020802;0.62447900;75379200
2012-08-28;0.62250000;0.62937498;0.61645800;0.62437499;87657600
2012-08-29;0.62510401;0.62916702;0.61656302;0.62458301;73737600
2012-08-30;0.61624998;0.61687499;0.60250002;0.60552102;124272000
2012-08-31;0.61874998;0.62520802;0.59927100;0.61843801;168816000
2012-09-04;0.61468798;0.62239599;0.59739602;0.61583298;149625600
2012-09-05;0.61447901;0.62250000;0.60864598;0.61302102;100828800
2012-09-06;0.62489599;0.65479201;0.62458301;0.65354198;154656000
2012-09-07;0.65020800;0.65489602;0.64614600;0.65072900;109670400
2012-09-10;0.64677101;0.65052098;0.62531298;0.62677097;150604800
2012-09-11;0.62645799;0.63395798;0.62062502;0.62406301;140352000
2012-09-12;0.63010401;0.63406301;0.61760402;0.62947899;153888000
2012-09-13;0.63114601;0.66281301;0.62854201;0.65458298;233616000
2012-09-14;0.66250002;0.67916697;0.66104198;0.67135400;286377600
2012-09-17;0.67354202;0.67354202;0.66562498;0.67260402;152323200
2012-09-18;0.66750002;0.67531300;0.66750002;0.67385399;100742400
2012-09-19;0.67458302;0.68343800;0.66854203;0.67833298;137520000
2012-09-20;0.66843802;0.67802101;0.66322899;0.67677099;144921600
2012-09-21;0.68666703;0.68802100;0.67500001;0.67677099;145056000
2012-09-24;0.65979201;0.66833299;0.65572900;0.66427100;139872000
2012-09-25;0.67031300;0.67447901;0.63593799;0.63760400;153148800
2012-09-26;0.63395798;0.63531297;0.61166698;0.62083298;244800000
2012-09-27;0.62552100;0.65125000;0.62270802;0.64718801;183244800
2012-09-28;0.64020801;0.64635402;0.62916702;0.63166702;157977600
2012-10-01;0.640625;0.65177101;0.62208301;0.62895799;156499200
2012-10-02;0.63666701;0.64208299;0.61895800;0.63302100;165043200
2012-10-03;0.63875002;0.64864600;0.63104200;0.64499998;159820800
2012-10-04;0.64947897;0.65760398;0.64260399;0.65249997;152342400
2012-10-05;0.66208303;0.66458303;0.63687497;0.64125001;116534400
2012-10-08;0.63072902;0.63447899;0.61968797;0.62427098;104841600
2012-10-09;0.61864603;0.61927098;0.58999997;0.59218800;182188800
2012-10-10;0.59416699;0.59875000;0.58229202;0.58499998;155808000
2012-10-11;0.59916699;0.59947902;0.57875001;0.57979202;142396800
2012-10-12;0.58041698;0.58885401;0.57583302;0.57968801;109180800
2012-10-15;0.58572900;0.59385401;0.57520801;0.59125000;116332800
2012-10-16;0.59447902;0.61874998;0.59385401;0.61697900;142742400
2012-10-17;0.60729200;0.62135398;0.60479200;0.61510402;133401600
2012-10-18;0.60968798;0.61552101;0.58749998;0.59406298;173520000
2012-10-19;0.59208298;0.59302098;0.54947901;0.55114597;285312000
2012-10-22;0.55000001;0.56427097;0.54708302;0.55979198;211132800
2012-10-23;0.54666698;0.55833298;0.53885400;0.54322898;282038400
2012-10-24;0.55322897;0.55593801;0.53583300;0.53781301;207052800
2012-10-25;0.54958302;0.55187500;0.53322899;0.53781301;233625600
2012-10-26;0.53854197;0.54937500;0.52562499;0.54343802;192192000
2012-10-31;0.54114598;0.54354203;0.52708298;0.53291702;148204800
2012-11-01;0.54260403;0.55864602;0.53843802;0.55552101;183724800
2012-11-02;0.56302100;0.56385398;0.53520799;0.53520799;183427200
2012-11-05;0.53822899;0.55124998;0.53437501;0.54833299;150355200
2012-11-06;0.55072898;0.56239599;0.54500002;0.55166698;182582400
2012-11-07;0.53395802;0.53541702;0.50531298;0.51208299;383731200
2012-11-08;0.515625;0.51989597;0.48812500;0.48812500;310473600
2012-11-09;0.48885399;0.50989598;0.48791701;0.49343801;436598400
2012-11-12;0.50281298;0.50427097;0.48968801;0.49416700;164419200
2012-11-13;0.48260400;0.49760401;0.47895801;0.48343799;345734400
2012-11-14;0.49031299;0.49208301;0.46416700;0.46614599;294950400
2012-11-15;0.46718800;0.47218800;0.45656300;0.46197900;310396800
2012-11-16;0.46250001;0.47145799;0.44562501;0.46718800;372614400
2012-11-19;0.48281300;0.50208300;0.48249999;0.50083297;345580800
2012-11-20;0.50072902;0.50343800;0.48697901;0.50093800;218467200
2012-11-21;0.50229198;0.50666702;0.49677101;0.50447899;160761600
2012-11-23;0.51364601;0.52760398;0.51229203;0.52760398;129321600
2012-11-26;0.52395803;0.53489602;0.51875001;0.53437501;196944000
2012-11-27;0.53333300;0.53958303;0.52625000;0.52833301;359788800
2012-11-28;0.52104199;0.54354203;0.51135403;0.54250002;281001600
2012-11-29;0.55104202;0.55770802;0.54406297;0.55187500;249177600
2012-11-30;0.55208302;0.55354202;0.54447901;0.54989600;228470400
2012-12-03;0.56239599;0.56364602;0.54552102;0.54718798;336825600
2012-12-04;0.54739600;0.54843801;0.53437501;0.54364598;336748800
2012-12-05;0.54291701;0.54302102;0.51812500;0.52687502;436617600
2012-12-06;0.52208298;0.54124999;0.51770800;0.53656298;306249600
2012-12-07;0.54541701;0.54677099;0.52218801;0.52739602;240748800
2012-12-10;0.52343798;0.54020798;0.52312499;0.53208297;210441600
2012-12-11;0.54406297;0.56187499;0.54187500;0.55260402;344976000
2012-12-12;0.56124997;0.56145799;0.54479200;0.54885399;301238400
2012-12-13;0.54624999;0.55760401;0.52927101;0.53645802;338515200
2012-12-14;0.52625000;0.53052098;0.515625;0.52125001;274128000
2012-12-17;0.52208298;0.54208302;0.52020800;0.54156297;193219200
2012-12-18;0.54989600;0.56906301;0.54552102;0.56666702;456326400
2012-12-19;0.57125002;0.57187498;0.55812502;0.55854201;361286400
2012-12-20;0.56208301;0.56291699;0.55072898;0.55895799;291580800
2012-12-21;0.53322899;0.54343802;0.52604198;0.54156297;336624000
2012-12-24;0.53874999;0.53968799;0.53447902;0.53697902;52425600
2012-12-26;0.53864598;0.54072899;0.51895797;0.52427101;158563200
2012-12-27;0.52510399;0.52729201;0.50197899;0.52135402;308150400
2012-12-28;0.51062500;0.52187502;0.50625002;0.50625002;164284800
2012-12-31;0.50385398;0.54187500;0.50166702;0.53927100;423052800
2013-01-02;0.578125;0.59041703;0.57208300;0.58958298;354720000
2013-01-03;0.58947903;0.59343803;0.57531297;0.58104199;310732800
2013-01-04;0.58145797;0.58145797;0.57104200;0.57531297;152208000
2013-01-07;0.57031298;0.578125;0.56520802;0.57593799;182822400
2013-01-08;0.57520801;0.57958299;0.56312501;0.57260400;175036800
2013-01-09;0.57447898;0.58302099;0.57322901;0.57843798;153993600
2013-01-10;0.58989602;0.59166700;0.57291698;0.58864599;235555200
2013-01-11;0.58802098;0.59197903;0.58468801;0.59083301;106060800
2013-01-14;0.58145797;0.58812499;0.57583302;0.58322901;147369600
2013-01-15;0.57520801;0.57718801;0.56708300;0.57458299;216844800
2013-01-16;0.57791698;0.58749998;0.57427102;0.58104199;152217600
2013-01-17;0.58885401;0.59666699;0.58583301;0.58999997;230620800
2013-01-18;0.58427101;0.58770800;0.57802099;0.58666700;206044800
2013-01-22;0.58822900;0.58979201;0.57718801;0.58906299;252566400
2013-01-23;0.59854198;0.60468799;0.59604198;0.59864599;225081600
2013-01-24;0.57520801;0.59125000;0.57218802;0.57479203;246124800
2013-01-25;0.58072901;0.58854198;0.57708299;0.58333302;170409600
2013-01-28;0.58406299;0.59333301;0.58166701;0.58749998;249590400
2013-01-29;0.58510399;0.59145802;0.57354200;0.58749998;213888000
2013-01-30;0.59135401;0.59583300;0.57989597;0.58427101;159158400
2013-01-31;0.58333302;0.59239602;0.57843798;0.58052099;203433600
2013-02-01;0.59229201;0.60354197;0.58520800;0.59958303;286070400
2013-02-04;0.58947903;0.59510398;0.56875002;0.56906301;274224000
2013-02-05;0.57614601;0.59937501;0.57260400;0.59406298;280089600
2013-02-06;0.58802098;0.59635401;0.58322901;0.58854198;250972800
2013-02-07;0.59031302;0.59197903;0.57072902;0.58999997;218572800
2013-02-08;0.59947902;0.61177099;0.59812498;0.60791701;203913600
2013-02-11;0.60927099;0.61000001;0.60260397;0.60770798;111062400
2013-02-12;0.60666698;0.60979199;0.59937501;0.60062498;129542400
2013-02-13;0.60604203;0.61416698;0.60187501;0.60760403;186806400
2013-02-14;0.59927100;0.60958302;0.59802097;0.60635400;137001600
2013-02-15;0.60718799;0.61114597;0.59645802;0.60114598;118598400
2013-02-19;0.60541701;0.61489600;0.60447901;0.61427099;127296000
2013-02-20;0.61416698;0.61458302;0.58625001;0.58625001;163958400
2013-02-21;0.57989597;0.58125001;0.56093800;0.56718802;265286400
2013-02-22;0.57697898;0.58427101;0.57083303;0.58385402;132364800
2013-02-25;0.59572899;0.60156298;0.56114602;0.56208301;240604800
2013-02-26;0.56552100;0.57218802;0.55374998;0.56885397;168460800
2013-02-27;0.56958300;0.59677100;0.56687498;0.58614600;171072000
2013-02-28;0.58614600;0.59927100;0.58354199;0.58395803;163516800
2013-03-01;0.57677102;0.59270799;0.56812501;0.58999997;123216000
2013-03-04;0.58416700;0.59791702;0.58197898;0.59760398;150969600
2013-03-05;0.60916698;0.62656301;0.60854203;0.62385398;228086400
2013-03-06;0.63020802;0.63072902;0.61729199;0.61989599;207619200
2013-03-07;0.62166703;0.62750000;0.61843801;0.62531298;110284800
2013-03-08;0.63104200;0.63354200;0.61947900;0.62604201;169718400
2013-03-11;0.62489599;0.63270801;0.61874998;0.63249999;123878400
2013-03-12;0.62687498;0.63093799;0.61645800;0.62479198;178108800
2013-03-13;0.62708300;0.63010401;0.61645800;0.62281299;160838400
2013-03-14;0.62947899;0.63302100;0.625;0.62916702;154339200
2013-03-15;0.63020802;0.63166702;0.61906302;0.62322903;159888000
2013-03-18;0.60697901;0.62697899;0.60260397;0.61895800;214742400
2013-03-19;0.62489599;0.62864602;0.59947902;0.61645800;287500800
2013-03-20;0.62906301;0.63281298;0.62041700;0.62822902;153484800
2013-03-21;0.61250001;0.61645800;0.60333300;0.60812497;214742400
2013-03-22;0.61500001;0.62645799;0.61312503;0.62489599;142761600
2013-03-25;0.63104200;0.63499999;0.60947901;0.61854202;228931200
2013-03-26;0.62583297;0.62885398;0.62135398;0.62802100;123830400
2013-03-27;0.61614603;0.63218802;0.61302102;0.63135397;191798400
2013-03-28;0.63093799;0.63749999;0.62656301;0.63499999;266697600
2013-04-01;0.63697898;0.63854200;0.61750001;0.62270802;249628800
2013-04-02;0.63093799;0.64312500;0.62989599;0.63677102;337776000
2013-04-03;0.63812500;0.640625;0.61510402;0.61989599;177206400
2013-04-04;0.61927098;0.62468803;0.61020797;0.62020802;189936000
2013-04-05;0.59093797;0.60739601;0.58656299;0.60500002;338284800
2013-04-08;0.60552102;0.61468798;0.60010397;0.61427099;223603200
2013-04-09;0.61937499;0.63395798;0.61062503;0.62635398;332620800
2013-04-10;0.63291699;0.66583300;0.63218802;0.66302103;182448000
2013-04-11;0.65854198;0.66697901;0.65625;0.66187501;167558400
2013-04-12;0.65760398;0.66239601;0.64593798;0.66114599;218592000
2013-04-15;0.65291703;0.65677100;0.61979198;0.62093800;203846400
2013-04-16;0.63322902;0.64854199;0.62875003;0.64687502;193718400
2013-04-17;0.62947899;0.62989599;0.59760398;0.60906303;315619200
2013-04-18;0.61416698;0.61416698;0.57562500;0.58270800;253670400
2013-04-19;0.58739603;0.61104202;0.58406299;0.60687500;183014400
2013-04-22;0.61354202;0.63229197;0.60697901;0.62552100;161088000
2013-04-23;0.63697898;0.65031302;0.62687498;0.64395797;272966400
2013-04-24;0.63895798;0.64979202;0.63468802;0.64239597;224179200
2013-04-25;0.64864600;0.66041702;0.64749998;0.65281302;192508800
2013-04-26;0.64875001;0.65270799;0.63885403;0.64729202;91881600
2013-04-29;0.65281302;0.67218798;0.65281302;0.66447902;137097600
2013-04-30;0.66750002;0.67968798;0.65989602;0.67906302;123897600
2013-05-01;0.67906302;0.68291700;0.66583300;0.67041701;128688000
2013-05-02;0.67302102;0.69937497;0.67145801;0.69468802;97516800
2013-05-03;0.71520799;0.72593802;0.71406299;0.71895802;133996800
2013-05-06;0.72312498;0.73135400;0.72156298;0.72822899;97008000
2013-05-07;0.73166698;0.73322898;0.71895802;0.72645801;104275200
2013-05-08;0.72468799;0.73895800;0.72229201;0.73781300;85305600
2013-05-09;0.73239601;0.74895799;0.72989601;0.73520797;110918400
2013-05-10;0.73843801;0.74843800;0.73510402;0.74770802;127027200
2013-05-13;0.74406302;0.75562501;0.74166697;0.75062501;133286400
2013-05-14;0.75052100;0.76864600;0.75031298;0.76166701;133920000
2013-05-15;0.75822902;0.76864600;0.75197899;0.76729202;131366400
2013-05-16;0.76885402;0.77989602;0.76270801;0.76447898;155404800
2013-05-17;0.77541697;0.78687501;0.76843798;0.78604198;150000000
2013-05-20;0.77989602;0.79010397;0.77312499;0.78250003;151363200
2013-05-21;0.78197902;0.79354203;0.77322900;0.78541702;160915200
2013-05-22;0.78791702;0.80645800;0.75239599;0.76625001;316982400
2013-05-23;0.74427098;0.76625001;0.73958302;0.75791699;145737600
2013-05-24;0.74374998;0.75802100;0.73750001;0.75749999;67747200
2013-05-28;0.78395802;0.79270798;0.765625;0.77312499;161817600
2013-05-29;0.76354200;0.76979202;0.74843800;0.76145798;159638400
2013-05-30;0.76166701;0.78395802;0.76166701;0.77385402;86121600
2013-05-31;0.76427102;0.78218800;0.75020802;0.75177097;123331200
2013-06-03;0.75343800;0.75656301;0.72708303;0.75614601;222633600
2013-06-04;0.76041698;0.76979202;0.73520797;0.74479198;138556800
2013-06-05;0.73697901;0.74541700;0.71375000;0.71625000;190560000
2013-06-06;0.71822900;0.72562498;0.69791698;0.72500002;190944000
2013-06-07;0.73552102;0.75760400;0.72916698;0.75531298;233088000
2013-06-10;0.76010400;0.76645797;0.75156301;0.75562501;135331200
2013-06-11;0.73322898;0.75385398;0.72614598;0.73374999;222105600
2013-06-12;0.74718797;0.74729198;0.70489597;0.70833302;223488000
2013-06-13;0.70520800;0.73927099;0.69947898;0.73374999;151699200
2013-06-14;0.73479199;0.73729199;0.71708298;0.72083300;124339200
2013-06-17;0.73750001;0.75364602;0.72989601;0.74083298;158851200
2013-06-18;0.74416697;0.76364601;0.74385399;0.75833303;101404800
2013-06-19;0.75947899;0.76218802;0.73145801;0.73447901;175708800
2013-06-20;0.70864600;0.71614599;0.67458302;0.68031299;241257600
2013-06-21;0.68083298;0.68677098;0.65385401;0.67072898;236985600
2013-06-24;0.65447903;0.66614598;0.63395798;0.64999998;221136000
2013-06-25;0.66916698;0.67270797;0.65343797;0.66385400;132422400
2013-06-26;0.68166697;0.68604201;0.67479199;0.68197900;119865600
2013-06-27;0.69260401;0.70375001;0.68958300;0.68958300;113683200
2013-06-28;0.68416703;0.70614600;0.67979199;0.69145799;156076800
2013-07-01;0.70822901;0.72343802;0.70447898;0.70625001;103891200
2013-07-02;0.70583302;0.72020799;0.69625002;0.70656300;124377600
2013-07-03;0.69979203;0.72572899;0.69802099;0.71614599;53769600
2013-07-05;0.72791702;0.73281300;0.71104199;0.73197901;114441600
2013-07-08;0.74354202;0.74437499;0.72656298;0.734375;88281600
2013-07-09;0.74447900;0.75250000;0.73468798;0.74781299;84316800
2013-07-10;0.74510401;0.76395798;0.74510401;0.76041698;100867200
2013-07-11;0.78468800;0.80781299;0.78354198;0.80781299;153024000
2013-07-12;0.80802101;0.81802100;0.80135399;0.81625003;83510400
2013-07-15;0.81885397;0.82354200;0.81218803;0.82260400;91622400
2013-07-16;0.82406300;0.82604200;0.81270802;0.81937498;85219200
2013-07-17;0.82635403;0.83052099;0.81822902;0.82520801;79104000
2013-07-18;0.82479203;0.83083302;0.81510401;0.81916702;101136000
2013-07-19;0.79791701;0.79822898;0.78614599;0.79427099;108595200
2013-07-22;0.80270803;0.80572897;0.79302102;0.80000001;85852800
2013-07-23;0.80468798;0.80468798;0.78093803;0.78218800;86428800
2013-07-24;0.80541700;0.80635399;0.78479201;0.78958303;105744000
2013-07-25;0.80124998;0.80760401;0.78874999;0.80385399;81110400
2013-07-26;0.79520798;0.81781298;0.79166698;0.81718802;77654400
2013-07-29;0.81302100;0.82312500;0.80645800;0.81343800;72345600
2013-07-30;0.82239598;0.83625001;0.81708300;0.82552099;120960000
2013-07-31;0.83072901;0.84447902;0.82583302;0.83072901;110179200
2013-08-01;0.84760398;0.859375;0.84489602;0.85604203;77596800
2013-08-02;0.85666698;0.87062502;0.85062498;0.87031299;97104000
2013-08-05;0.86729199;0.87385398;0.86395800;0.87218797;79440000
2013-08-06;0.86833298;0.87083298;0.84583300;0.85666698;93820800
2013-08-07;0.84864599;0.85604203;0.83302099;0.85177100;120585600
2013-08-08;0.86593801;0.86989599;0.84750003;0.86312503;130598400
2013-08-09;0.86052102;0.86885399;0.84635401;0.85385400;98534400
2013-08-12;0.84364599;0.86395800;0.84354198;0.85916698;68822400
2013-08-13;0.86270797;0.87979198;0.84447902;0.87343800;154483200
2013-08-14;0.87291700;0.87666702;0.86041701;0.86374998;94368000
2013-08-15;0.83531302;0.83552098;0.81322902;0.82041699;132883200
2013-08-16;0.82062501;0.83145797;0.81479198;0.81750000;70176000
2013-08-19;0.82041699;0.83979201;0.81416702;0.81427097;90115200
2013-08-20;0.81989598;0.83666700;0.81729198;0.82541698;88752000
2013-08-21;0.81822902;0.83864599;0.80822903;0.81718802;159686400
2013-08-22;0.82677102;0.84229201;0.82604200;0.84052098;71260800
2013-08-23;0.85906303;0.86062503;0.84937501;0.85822898;76512000
2013-08-26;0.859375;0.87812501;0.85354197;0.85895801;74918400
2013-08-27;0.82864600;0.84072900;0.80052102;0.80489600;200131200
2013-08-28;0.80437499;0.82562500;0.80343801;0.81531298;102038400
2013-08-29;0.81500000;0.84458297;0.81156301;0.83218801;129465600
2013-08-30;0.83458298;0.83510399;0.80781299;0.81666702;121996800
2013-09-03;0.83645803;0.84760398;0.81968802;0.83010399;85699200
2013-09-04;0.83802098;0.86052102;0.83177102;0.85718799;83078400
2013-09-05;0.85843801;0.86822897;0.85739601;0.86093801;48451200
2013-09-06;0.86937499;0.87750000;0.83510399;0.86406302;122121600
2013-09-09;0.87427098;0.89864600;0.87427098;0.89447898;94281600
2013-09-10;0.91020799;0.91125000;0.89802098;0.90802097;151929600
2013-09-11;0.89010400;0.90385401;0.88604200;0.90343797;106118400
2013-09-12;0.90302098;0.90885401;0.89510399;0.89937502;66921600
2013-09-13;0.90375000;0.90531301;0.88781297;0.90229201;80860800
2013-09-16;0.92447901;0.92479199;0.88875002;0.89468801;132374400
2013-09-17;0.89979202;0.91583300;0.89979202;0.91260397;66940800
2013-09-18;0.91645801;0.95072901;0.91114599;0.94614601;127507200
2013-09-19;0.95364600;0.95885402;0.94739598;0.95197898;71404800
2013-09-20;0.95927101;0.96166700;0.94052100;0.94156301;108153600
2013-09-23;0.95479202;0.95708299;0.92291701;0.93624997;134889600
2013-09-24;0.94270802;0.95135403;0.92708302;0.93645799;82003200
2013-09-25;0.93781298;0.94218802;0.92114598;0.92760402;108662400
2013-09-26;0.93854201;0.95468801;0.93687499;0.94885403;89020800
2013-09-27;0.93312502;0.94958299;0.92781299;0.94437498;73200000
2013-09-30;0.91541702;0.94479197;0.90614599;0.93843800;123292800
2013-10-01;0.93802100;0.96781301;0.93708301;0.96656299;87888000
2013-10-02;0.94593799;0.96916699;0.94406301;0.96479201;86313600
2013-10-03;0.96135402;0.96729201;0.91593802;0.93124998;161577600
2013-10-04;0.93072897;0.95906299;0.92916697;0.95520800;92112000
2013-10-07;0.93093801;0.95354199;0.92927098;0.93156302;99340800
2013-10-08;0.93124998;0.93354201;0.87677097;0.87885398;234777600
2013-10-09;0.88364601;0.88489598;0.84781301;0.86916697;218448000
2013-10-10;0.89697897;0.93010402;0.89645803;0.92437500;144720000
2013-10-11;0.91739601;0.94791698;0.91697901;0.94520801;130147200
2013-10-14;0.92843801;0.96562499;0.92604202;0.96479201;140956800
2013-10-15;0.96291697;0.97760397;0.95104200;0.95447898;162076800
2013-10-16;0.96729201;0.98854202;0.96572900;0.98708302;129302400
2013-10-17;0.97302097;1.0048960;0.97135401;1.0030210;166368000
2013-10-18;1.030938;1.053750;1.022813;1.052604;135110400
2013-10-21;1.058646;1.067396;1.049583;1.058646;99369600
2013-10-22;1.070313;1.081458;1.044271;1.062292;157660800
2013-10-23;1.048542;1.054479;1.029583;1.045208;161184000
2013-10-24;1.045938;1.065000;1.041875;1.058229;108547200
2013-10-25;1.088542;1.095313;1.065938;1.079375;140467200
2013-10-28;1.080938;1.086354;1.067396;1.081563;83251200
2013-10-29;1.091979;1.095208;1.072917;1.086771;84105600
2013-10-30;1.098542;1.10333;1.068854;1.083333;198662400
2013-10-31;1.076042;1.096250;1.064583;1.076354;141782400
2013-11-01;1.085729;1.090625;1.061250;1.075833;163132800
2013-11-04;1.087500;1.087500;1.070208;1.081042;91641600
2013-11-05;1.068854;1.092708;1.059896;1.085625;132124800
2013-11-06;1.098229;1.099583;1.073958;1.083750;163910400
2013-11-07;1.084375;1.089063;1.020521;1.023646;232934400
2013-11-08;1.034375;1.065104;1.025729;1.064063;118080000
2013-11-11;1.057396;1.068125;1.048750;1.058958;63494400
2013-11-12;1.049688;1.068854;1.047917;1.064167;108777600
2013-11-13;1.043958;1.10260;1.043229;1.10229;126470400
2013-11-14;1.093438;1.11521;1.087396;1.11083;118819200
2013-11-15;1.11458;1.11958;1.10583;1.11854;89203200
2013-11-18;1.11792;1.12531;1.080521;1.087604;143846400
2013-11-19;1.084688;1.10000;1.071875;1.076875;102192000
2013-11-20;1.086250;1.097813;1.059896;1.069375;125865600
2013-11-21;1.081979;1.10448;1.080000;1.10208;86592000
2013-11-22;1.10792;1.12052;1.10490;1.11948;87014400
2013-11-25;1.13063;1.13521;1.11917;1.12688;92582400
2013-11-26;1.12896;1.15344;1.12083;1.14552;106713600
2013-11-27;1.15219;1.16990;1.14927;1.16844;137894400
2013-11-29;1.18250;1.19458;1.17958;1.18760;91622400
2013-12-02;1.19438;1.19948;1.17458;1.18021;165936000
2013-12-03;1.17698;1.18604;1.16313;1.17677;134544000
2013-12-04;1.16198;1.19146;1.15052;1.17979;133996800
2013-12-05;1.18365;1.18656;1.16625;1.17615;126480000
2013-12-06;1.20448;1.20823;1.18375;1.20042;142588800
2013-12-09;1.21458;1.22292;1.20906;1.21479;112608000
2013-12-10;1.20865;1.21948;1.20583;1.21260;93004800
2013-12-11;1.21187;1.21760;1.16104;1.16729;148464000
2013-12-12;1.16771;1.17583;1.15417;1.15781;107347200
2013-12-13;1.17313;1.17490;1.14625;1.15229;81206400
2013-12-16;1.16896;1.19125;1.16698;1.17208;74966400
2013-12-17;1.17208;1.17958;1.15781;1.16469;72960000
2013-12-18;1.16771;1.20781;1.11719;1.20490;161596800
2013-12-19;1.19823;1.19906;1.17875;1.19406;117177600
2013-12-20;1.20000;1.23854;1.19896;1.23000;113750400
2013-12-23;1.26052;1.26979;1.25021;1.26979;112502400
2013-12-24;1.26990;1.27365;1.26375;1.27156;38006400
2013-12-26;1.27760;1.28688;1.27094;1.28396;55814400
2013-12-27;1.28833;1.29062;1.26958;1.27458;73939200
2013-12-30;1.26792;1.27344;1.25781;1.26792;53078400
2013-12-31;1.27531;1.29281;1.27396;1.29281;64176000
2014-01-02;1.27510;1.27604;1.25146;1.26260;98976000
2014-01-03;1.26240;1.26594;1.23438;1.23510;97545600
2014-01-06;1.23615;1.24000;1.20771;1.22198;125923200
2014-01-07;1.23781;1.26042;1.23156;1.25365;92313600
2014-01-08;1.25552;1.27365;1.24750;1.26302;93264000
2014-01-09;1.27635;1.27771;1.23771;1.25;105561600
2014-01-10;1.26021;1.26677;1.23208;1.26250;119942400
2014-01-13;1.25740;1.27042;1.19219;1.20635;173107200
2014-01-14;1.21906;1.27792;1.21875;1.27542;138076800
2014-01-15;1.29052;1.31417;1.28750;1.30521;120528000
2014-01-16;1.30344;1.31281;1.29698;1.30792;70512000
2014-01-17;1.29552;1.30625;1.27552;1.28469;84460800
2014-01-21;1.30917;1.31562;1.28146;1.31344;88022400
2014-01-22;1.32365;1.33333;1.3125;1.32562;78432000
2014-01-23;1.31187;1.3125;1.28333;1.30969;129052800
2014-01-24;1.29021;1.29708;1.23187;1.23208;141648000
2014-01-27;1.23354;1.23937;1.17083;1.19625;177729600
2014-01-28;1.17771;1.19896;1.17292;1.19583;109497600
2014-01-29;1.16417;1.19021;1.14958;1.15813;136497600
2014-01-30;1.19979;1.23271;1.19562;1.21917;116438400
2014-01-31;1.17958;1.22812;1.17625;1.21063;84532800
2014-02-03;1.20396;1.22125;1.11812;1.13042;183926400
2014-02-04;1.14437;1.16521;1.13437;1.15250;90672000
2014-02-05;1.14062;1.15521;1.10417;1.14188;108513600
2014-02-06;1.15354;1.19062;1.15167;1.18562;73977600
2014-02-07;1.20646;1.25229;1.19625;1.24854;111456000
2014-02-10;1.24917;1.27313;1.24646;1.27146;83284800
2014-02-11;1.27875;1.32229;1.27562;1.31500;117504000
2014-02-12;1.32292;1.33125;1.31083;1.32125;108451200
2014-02-13;1.29292;1.35521;1.29250;1.35521;106507200
2014-02-14;1.35333;1.36917;1.33896;1.35917;94876800
2014-02-18;1.36604;1.38771;1.35667;1.38042;69292800
2014-02-19;1.37229;1.38146;1.34292;1.35021;136531200
2014-02-20;1.35333;1.37792;1.33708;1.36979;102643200
2014-02-21;1.38271;1.38896;1.36000;1.36271;83976000
2014-02-24;1.37104;1.40500;1.36667;1.38667;99422400
2014-02-25;1.39229;1.40042;1.36854;1.38167;92985600
2014-02-26;1.39375;1.40521;1.36167;1.37708;82929600
2014-02-27;1.37854;1.40854;1.37208;1.40417;87964800
2014-02-28;1.40437;1.42875;1.36312;1.39708;136718400
2014-03-03;1.35917;1.37917;1.33187;1.36646;158558400
2014-03-04;1.41271;1.42833;1.40958;1.42146;108993600
2014-03-05;1.42813;1.43979;1.41875;1.43313;77064000
2014-03-06;1.44167;1.44542;1.41313;1.42771;92803200
2014-03-07;1.44313;1.44604;1.38625;1.40729;132518400
2014-03-10;1.40500;1.41313;1.38375;1.41021;75580800
2014-03-11;1.42146;1.43167;1.38042;1.39271;119774400
2014-03-12;1.37437;1.41042;1.35833;1.40833;109612800
2014-03-13;1.42396;1.42562;1.32958;1.34854;188414400
2014-03-14;1.33396;1.35271;1.31917;1.32083;107318400
2014-03-17;1.34542;1.37583;1.34396;1.35604;116942400
2014-03-18;1.36021;1.40896;1.35938;1.40479;113006400
2014-03-19;1.40604;1.41000;1.35417;1.38167;136444800
2014-03-20;1.36875;1.40521;1.36000;1.39250;87638400
2014-03-21;1.41542;1.41875;1.33521;1.34146;198307200
2014-03-24;1.35812;1.36063;1.27104;1.30771;266145600
2014-03-25;1.32875;1.35271;1.28771;1.31979;172516800
2014-03-26;1.34021;1.34812;1.26854;1.26958;201331200
2014-03-27;1.26458;1.28083;1.22667;1.24708;201993600
2014-03-28;1.25937;1.29583;1.24479;1.25521;166440000
2014-03-31;1.28375;1.30646;1.27958;1.28021;162441600
2014-04-01;1.30083;1.35125;1.29938;1.34958;178041600
2014-04-02;1.36688;1.37021;1.34125;1.36021;163224000
2014-04-03;1.36437;1.37000;1.30417;1.32812;159619200
2014-04-04;1.35167;1.35750;1.21083;1.22271;371011200
2014-04-07;1.19833;1.23104;1.16104;1.18604;312662400
2014-04-08;1.19042;1.22333;1.17729;1.21917;243240000
2014-04-09;1.23208;1.28333;1.22271;1.28167;221961600
2014-04-10;1.28417;1.28437;1.15250;1.16333;322276800
2014-04-11;1.13146;1.17562;1.11458;1.12271;211876800
2014-04-14;1.15042;1.16562;1.11646;1.14792;281275200
2014-04-15;1.15917;1.17854;1.087083;1.15937;562051200
2014-04-16;1.18917;1.20500;1.16083;1.20438;251414400
2014-04-17;1.19250;1.22354;1.18229;1.20500;176625600
2014-04-21;1.21458;1.23250;1.19729;1.23229;144249600
2014-04-22;1.24396;1.27083;1.23917;1.26250;150321600
2014-04-23;1.26167;1.26271;1.22646;1.22812;131366400
2014-04-24;1.28979;1.29000;1.22375;1.26437;250776000
2014-04-25;1.24104;1.24542;1.19458;1.20333;244747200
2014-04-28;1.21938;1.24104;1.15813;1.21625;482083200
2014-04-29;1.22583;1.25021;1.20812;1.24312;243633600
2014-04-30;1.22771;1.25708;1.21667;1.25417;184075200
2014-05-01;1.25979;1.28583;1.25;1.26542;143750400
2014-05-02;1.27646;1.28437;1.24896;1.25917;151905600
2014-05-05;1.23542;1.27792;1.22625;1.27708;115790400
2014-05-06;1.27146;1.27333;1.22646;1.22771;161644800
2014-05-07;1.23708;1.23896;1.17375;1.21667;261907200
2014-05-08;1.20458;1.25708;1.19583;1.21250;219216000
2014-05-09;1.21125;1.22917;1.18729;1.22667;156475200
2014-05-12;1.24896;1.28813;1.24542;1.28646;127684800
2014-05-13;1.29104;1.30438;1.28208;1.28917;117729600
2014-05-14;1.27854;1.29292;1.26083;1.27000;98640000
2014-05-15;1.26854;1.27542;1.21583;1.24063;201480000
2014-05-16;1.24333;1.26625;1.21917;1.26375;142910400
2014-05-19;1.25250;1.29604;1.24646;1.29083;120528000
2014-05-20;1.28917;1.30250;1.26042;1.27667;162331200
2014-05-21;1.28250;1.31438;1.28083;1.31271;123619200
2014-05-22;1.31625;1.34083;1.31104;1.32896;126480000
2014-05-23;1.33458;1.35938;1.32562;1.35875;95136000
2014-05-27;1.37771;1.41021;1.37354;1.40979;118387200
2014-05-28;1.40854;1.41458;1.39333;1.39646;118435200
2014-05-29;1.41208;1.42479;1.40333;1.42479;87302400
2014-05-30;1.42479;1.43083;1.40167;1.42354;113347200
2014-06-02;1.42917;1.43000;1.39250;1.42000;101270400
2014-06-03;1.40542;1.42458;1.40042;1.41792;95102400
2014-06-04;1.40667;1.44000;1.40021;1.43292;105355200
2014-06-05;1.4375;1.47771;1.42271;1.47021;176107200
2014-06-06;1.48750;1.49542;1.47729;1.49396;79219200
2014-06-09;1.49708;1.50250;1.47938;1.49125;124171200
2014-06-10;1.48688;1.50104;1.48229;1.49979;72796800
2014-06-11;1.48292;1.50437;1.47979;1.49750;96979200
2014-06-12;1.48854;1.49333;1.44167;1.45833;120974400
2014-06-13;1.47708;1.48104;1.45146;1.46833;72019200
2014-06-16;1.46375;1.48646;1.45292;1.47375;89956800
2014-06-17;1.47146;1.48812;1.46333;1.47583;95640000
2014-06-18;1.48187;1.50708;1.45458;1.50271;114801600
2014-06-19;1.50812;1.51083;1.47812;1.49688;105950400
2014-06-20;1.50021;1.50792;1.49167;1.50229;56592000
2014-06-23;1.50188;1.50542;1.49125;1.50396;69408000
2014-06-24;1.50396;1.54146;1.48688;1.49979;160248000
2014-06-25;1.48875;1.53521;1.48854;1.52708;84523200
2014-06-26;1.53125;1.53125;1.49479;1.53125;87580800
2014-06-27;1.52521;1.55083;1.52437;1.54646;73857600
2014-06-30;1.54917;1.57000;1.54542;1.55792;54451200
2014-07-01;1.57354;1.62188;1.57250;1.61021;66057600
2014-07-02;1.61229;1.62479;1.60792;1.61646;81801600
2014-07-03;1.63271;1.64750;1.62000;1.64750;64636800
2014-07-07;1.64146;1.64833;1.62396;1.63167;87950400
2014-07-08;1.62396;1.62688;1.55396;1.57479;151752000
2014-07-09;1.58646;1.61354;1.57292;1.61042;136963200
2014-07-10;1.54833;1.61292;1.54146;1.59521;123244800
2014-07-11;1.60458;1.62375;1.59104;1.62292;121689600
2014-07-14;1.64479;1.66396;1.63729;1.65396;107059200
2014-07-15;1.66083;1.66792;1.60063;1.63667;148536000
2014-07-16;1.67167;1.67646;1.65021;1.65521;106608000
2014-07-17;1.64125;1.65937;1.57354;1.58917;160924800
2014-07-18;1.61625;1.66688;1.60833;1.66437;116976000
2014-07-21;1.65271;1.66625;1.63563;1.65833;94900800
2014-07-22;1.68250;1.69750;1.67625;1.69125;107457600
2014-07-23;1.70667;1.72812;1.69875;1.72292;102460800
2014-07-24;1.73146;1.73729;1.70938;1.71687;87460800
2014-07-25;1.69208;1.70333;1.66979;1.69583;92856000
2014-07-28;1.70042;1.71042;1.65875;1.69792;91963200
2014-07-29;1.70854;1.71979;1.68479;1.68938;79252800
2014-07-30;1.71667;1.72646;1.68917;1.70958;107611200
2014-07-31;1.66667;1.67458;1.59750;1.60542;138916800
2014-08-01;1.59542;1.62125;1.55521;1.58687;172324800
2014-08-04;1.59750;1.63812;1.57958;1.61937;144182400
2014-08-05;1.60104;1.61354;1.56000;1.58146;167539200
2014-08-06;1.55208;1.60708;1.54813;1.57875;119299200
2014-08-07;1.59917;1.60917;1.54667;1.56354;153604800
2014-08-08;1.57167;1.60208;1.55042;1.59687;124464000
2014-08-11;1.61458;1.64021;1.61229;1.62583;74352000
2014-08-12;1.62021;1.63583;1.59833;1.62208;90931200
2014-08-13;1.64396;1.67604;1.64042;1.67479;81278400
2014-08-14;1.68042;1.70125;1.67479;1.70062;103089600
2014-08-15;1.72750;1.73708;1.67646;1.72375;155956800
2014-08-18;1.75042;1.76979;1.74479;1.76542;79348800
2014-08-19;1.77771;1.79750;1.77458;1.79583;78628800
2014-08-20;1.78979;1.80521;1.78562;1.79583;70651200
2014-08-21;1.79854;1.80729;1.78896;1.80604;67900800
2014-08-22;1.80667;1.82708;1.79562;1.81313;76814400
2014-08-25;1.84000;1.84812;1.82000;1.83333;67977600
2014-08-26;1.84083;1.84438;1.82604;1.83958;41716800
2014-08-27;1.84083;1.84563;1.82750;1.83979;36715200
2014-08-28;1.82146;1.83917;1.81417;1.83229;64838400
2014-08-29;1.84604;1.85375;1.82542;1.85375;52272000
2014-09-02;1.86792;1.87063;1.84667;1.86917;64300800
2014-09-03;1.88271;1.88396;1.82625;1.83708;82636800
2014-09-04;1.84938;1.87708;1.81729;1.83125;82084800
2014-09-05;1.84000;1.86125;1.81104;1.85958;83227200
2014-09-08;1.85917;1.88292;1.84312;1.86896;70872000
2014-09-09;1.86875;1.89021;1.81187;1.82354;129393600
2014-09-10;1.83000;1.86917;1.81417;1.86583;72417600
2014-09-11;1.84292;1.86542;1.82167;1.86437;119318400
2014-09-12;1.85833;1.85938;1.81687;1.83500;113740800
2014-09-15;1.84000;1.84104;1.76437;1.77979;128486400
2014-09-16;1.76104;1.83708;1.75521;1.82792;126892800
2014-09-17;1.82604;1.86042;1.80375;1.83687;113553600
2014-09-18;1.85250;1.87708;1.84667;1.87646;79512000
2014-09-19;1.90188;1.90188;1.85083;1.87229;110217600
2014-09-22;1.85958;1.85958;1.79708;1.82146;108177600
2014-09-23;1.79875;1.83042;1.79417;1.80562;100800000
2014-09-24;1.80979;1.86563;1.79313;1.86417;116582400
2014-09-25;1.84479;1.85229;1.74417;1.74583;212798400
2014-09-26;1.76375;1.81042;1.75479;1.80167;148252800
2014-09-29;1.74750;1.80896;1.74458;1.79562;114537600
2014-09-30;1.81042;1.83000;1.77708;1.80229;154094400
2014-10-01;1.78813;1.79167;1.69917;1.71604;213480000
2014-10-02;1.71417;1.73104;1.65000;1.71521;217972800
2014-10-03;1.74500;1.78708;1.72750;1.76688;153676800
2014-10-06;1.78042;1.79500;1.73854;1.75479;147307200
2014-10-07;1.72938;1.74437;1.67917;1.68062;163651200
2014-10-08;1.68396;1.79313;1.65250;1.77771;213129600
2014-10-09;1.77083;1.78333;1.68208;1.68917;223022400
2014-10-10;1.65958;1.68938;1.56271;1.56271;296428800
2014-10-13;1.55625;1.59125;1.48667;1.48958;273302400
2014-10-14;1.52021;1.54771;1.47792;1.49229;370809600
2014-10-15;1.42292;1.48021;1.35938;1.46042;485097600
2014-10-16;1.36917;1.47146;1.36771;1.43771;335961600
2014-10-17;1.49146;1.53188;1.46604;1.49396;264350400
2014-10-20;1.48854;1.56104;1.48167;1.55833;154464000
2014-10-21;1.61437;1.68021;1.60417;1.68021;211699200
2014-10-22;1.69604;1.70229;1.65083;1.65417;187920000
2014-10-23;1.70417;1.75604;1.69521;1.72979;169886400
2014-10-24;1.73708;1.77375;1.71875;1.76958;170563200
2014-10-27;1.76021;1.78375;1.73833;1.77625;138244800
2014-10-28;1.79792;1.85563;1.79500;1.85563;159686400
2014-10-29;1.83646;1.85063;1.79479;1.83333;179404800
2014-10-30;1.80896;1.85771;1.79688;1.84479;161985600
2014-10-31;1.93771;1.94042;1.90271;1.92083;176371200
2014-11-03;1.93062;1.95396;1.92333;1.94062;140961600
2014-11-04;1.91896;1.93417;1.87958;1.92000;138648000
2014-11-05;1.95542;1.95750;1.89958;1.91979;138744000
2014-11-06;1.91688;1.93875;1.89437;1.93625;97272000
2014-11-07;1.94792;1.95000;1.90250;1.93146;110812800
2014-11-10;1.93417;1.96000;1.91917;1.95125;103372800
2014-11-11;1.95417;1.97000;1.93792;1.96979;105619200
2014-11-12;1.94667;1.98688;1.94667;1.98063;96201600
2014-11-13;1.99146;2.028542;1.97875;2.0060420;182164800
2014-11-14;2.0050001;2.024583;1.98500;2.024583;114816000
2014-11-17;2.010208;2.024167;1.97812;2.0056250;141355200
2014-11-18;2.011875;2.059375;2.011667;2.050625;111820800
2014-11-19;2.044792;2.044792;1.99583;2.024583;148809600
2014-11-20;1.99771;2.055625;1.99271;2.051458;99556800
2014-11-21;2.10583;2.11083;2.043333;2.066250;152947200
2014-11-24;2.080000;2.11375;2.074167;2.11292;126206400
2014-11-25;2.12042;2.13937;2.10437;2.11979;151536000
2014-11-26;2.12667;2.16542;2.11979;2.16313;105633600
2014-11-28;2.18062;2.20667;2.17521;2.19542;72571200
2014-12-01;2.17521;2.18583;2.092500;2.11438;156187200
2014-12-02;2.12479;2.15313;2.10979;2.13708;129892800
2014-12-03;2.15229;2.16229;2.11396;2.15646;131942400
2014-12-04;2.14687;2.17583;2.12396;2.15000;154036800
2014-12-05;2.16271;2.17104;2.13729;2.15146;113630400
2014-12-08;2.13375;2.16229;2.071250;2.10500;169281600
2014-12-09;2.030208;2.12854;2.0087500;2.12542;170688000
2014-12-10;2.11292;2.12833;2.013125;2.022500;134529600
2014-12-11;2.041667;2.125;2.040208;2.054167;136032000
2014-12-12;1.99396;2.063750;1.98563;1.98625;153787200
2014-12-15;2.015833;2.037917;1.90688;1.92667;235948800
2014-12-16;1.88833;1.97271;1.83021;1.83104;212856000
2014-12-17;1.83458;1.94667;1.82812;1.92938;182726400
2014-12-18;2.014167;2.070833;1.99792;2.070833;186744000
2014-12-19;2.077083;2.12250;2.0625;2.093958;154828800
2014-12-22;2.087292;2.11458;2.083542;2.11292;110457600
2014-12-23;2.13625;2.13646;2.082500;2.092708;115920000
2014-12-24;2.099375;2.11896;2.093333;2.097083;43982400
2014-12-26;2.11250;2.15250;2.11229;2.13958;86088000
2014-12-29;2.13375;2.15167;2.12917;2.14000;62328000
2014-12-30;2.11896;2.13417;2.086250;2.095833;123859200
2014-12-31;2.10437;2.13021;2.021042;2.030208;117091200
2015-01-02;2.059375;2.086042;1.98250;2.013542;122227200
2015-01-05;1.98438;1.99167;1.90625;1.92292;127017600
2015-01-06;1.92979;1.94104;1.82021;1.84667;168643200
2015-01-07;1.88188;1.93000;1.86917;1.91771;137467200
2015-01-08;1.96708;2.038542;1.96042;2.027083;144936000
2015-01-09;2.046042;2.048333;1.95229;1.98604;181420800
2015-01-12;1.99937;2.0045829;1.90917;1.92500;165254400
2015-01-13;1.97938;2.041250;1.87708;1.92333;199708800
2015-01-14;1.86229;1.91937;1.84042;1.89375;216148800
2015-01-15;1.91542;1.92604;1.81062;1.81854;196012800
2015-01-16;1.80958;1.88792;1.80062;1.88333;141796800
2015-01-20;1.91500;1.93896;1.85083;1.92500;141892800
2015-01-21;1.90750;1.98083;1.88833;1.95458;133531200
2015-01-22;1.97917;2.068750;1.92667;2.063333;162657600
2015-01-23;2.063333;2.095625;2.044583;2.077083;142358400
2015-01-26;2.070833;2.081250;2.037917;2.072500;100804800
2015-01-27;1.97396;1.97521;1.88833;1.91208;223987200
2015-01-28;1.99979;2.0062499;1.87792;1.87917;188928000
2015-01-29;1.87271;1.94292;1.82500;1.93354;176558400
2015-01-30;1.92687;1.97187;1.88042;1.88917;218222400
2015-02-02;1.89937;1.94167;1.81208;1.93875;198844800
2015-02-03;1.95500;1.99646;1.92042;1.99167;182332800
2015-02-04;1.96667;2.026667;1.95458;1.98646;124632000
2015-02-05;2.00062490;2.041875;1.98833;2.039167;100324800
2015-02-06;2.047917;2.061458;1.97979;2.0020831;123528000
2015-02-09;1.97812;2.0095830;1.96771;1.98000;95793600
2015-02-10;2.016458;2.082292;2.0054171;2.074792;119256000
2015-02-11;2.082292;2.11083;2.069583;2.098125;121852800
2015-02-12;2.13583;2.17229;2.12854;2.17146;153100800
2015-02-13;2.18875;2.22667;2.17708;2.22625;120897600
2015-02-17;2.22583;2.23604;2.20979;2.23229;82728000
2015-02-18;2.22479;2.24458;2.21458;2.24187;70478400
2015-02-19;2.23646;2.27896;2.23542;2.27562;75590400
2015-02-20;2.27021;2.32396;2.24875;2.31938;90772800
2015-02-23;2.31792;2.32875;2.30146;2.32854;78974400
2015-02-24;2.31833;2.34021;2.29729;2.33333;104601600
2015-02-25;2.32104;2.34854;2.29938;2.31458;112550400
2015-02-26;2.32125;2.35271;2.30208;2.34979;116337600
2015-02-27;2.34708;2.35125;2.30750;2.31875;88790400
2015-03-02;2.33125;2.38313;2.33021;2.38125;89044800
2015-03-03;2.36042;2.36687;2.30292;2.34708;128390400
2015-03-04;2.32479;2.33437;2.28187;2.32104;116640000
2015-03-05;2.33875;2.35313;2.30417;2.33125;92347200
2015-03-06;2.32458;2.33729;2.23521;2.25104;149726400
2015-03-09;2.26708;2.28875;2.23854;2.27271;113270400
2015-03-10;2.22271;2.22396;2.14583;2.14687;191966400
2015-03-11;2.15271;2.16271;2.10625;2.10917;223152000
2015-03-12;2.10313;2.15729;2.099375;2.14958;122390400
2015-03-13;2.14396;2.16937;2.081667;2.12188;198115200
2015-03-16;2.14542;2.20417;2.13833;2.20312;114960000
2015-03-17;2.18417;2.22396;2.16979;2.21542;97363200
2015-03-18;2.19646;2.30875;2.16146;2.27917;167822400
2015-03-19;2.28708;2.30729;2.27604;2.29021;111384000
2015-03-20;2.34479;2.36729;2.33271;2.33771;104812800
2015-03-23;2.33042;2.34896;2.31792;2.31813;99235200
2015-03-24;2.31771;2.35083;2.29333;2.29458;92980800
2015-03-25;2.30646;2.31021;2.13438;2.13438;175886400
2015-03-26;2.084167;2.15062;2.062708;2.11687;196560000
2015-03-27;2.11271;2.15458;2.10396;2.13729;98544000
2015-03-30;2.18042;2.21833;2.17896;2.21417;151214400
2015-03-31;2.19396;2.20813;2.14146;2.14563;124507200
2015-04-01;2.14271;2.14271;2.067708;2.10938;175876800
2015-04-02;2.11354;2.13333;2.092708;2.11292;110577600
2015-04-06;2.074792;2.18208;2.066042;2.16375;150945600
2015-04-07;2.16104;2.20833;2.15354;2.15375;114691200
2015-04-08;2.15542;2.21354;2.15458;2.20500;169142400
2015-04-09;2.20292;2.24771;2.17896;2.24604;110928000
2015-04-10;2.24563;2.27375;2.22896;2.27292;113385600
2015-04-13;2.27896;2.31292;2.24813;2.25604;115200000
2015-04-14;2.25104;2.26792;2.19854;2.23667;168974400
2015-04-15;2.25583;2.29250;2.24583;2.27625;95356800
2015-04-16;2.26083;2.28042;2.25021;2.26833;90888000
2015-04-17;2.20375;2.22229;2.13375;2.16229;186427200
2015-04-20;2.19563;2.27063;2.19208;2.25896;142195200
2015-04-21;2.29917;2.31000;2.28042;2.28792;127387200
2015-04-22;2.30562;2.33646;2.26187;2.32500;121915200
2015-04-23;2.30292;2.38292;2.30063;2.35292;131001600
2015-04-24;2.42542;2.45688;2.41500;2.44500;142416000
2015-04-27;2.47500;2.48813;2.41313;2.42937;161160000
2015-04-28;2.43417;2.44792;2.35313;2.41354;171753600
2015-04-29;2.37313;2.41542;2.32938;2.36750;193953600
2015-04-30;2.32812;2.35729;2.22104;2.25625;308169600
2015-05-01;2.28208;2.34958;2.28125;2.34750;190012800
2015-05-04;2.36687;2.40062;2.35313;2.35583;131971200
2015-05-05;2.32938;2.34229;2.23854;2.24417;280694400
2015-05-06;2.25354;2.27292;2.15021;2.19625;213398400
2015-05-07;2.19396;2.25250;2.18833;2.23396;168619200
2015-05-08;2.30333;2.33229;2.29292;2.31583;178377600
2015-05-11;2.32229;2.33667;2.28583;2.29042;139027200
2015-05-12;2.24938;2.29396;2.19812;2.26083;190334400
2015-05-13;2.29021;2.32417;2.26312;2.27250;132499200
2015-05-14;2.32938;2.37792;2.30333;2.37313;176832000
2015-05-15;2.39188;2.40042;2.35500;2.37292;146505600
2015-05-18;2.36125;2.41687;2.35542;2.40208;110587200
2015-05-19;2.41146;2.42167;2.38396;2.39521;98577600
2015-05-20;2.40062;2.44229;2.36188;2.39917;111264000
2015-05-21;2.38750;2.44604;2.37667;2.43688;92222400
2015-05-22;2.42854;2.45563;2.42375;2.43021;79819200
2015-05-26;2.41292;2.42292;2.31708;2.34604;140457600
2015-05-27;2.36646;2.46625;2.35188;2.45896;134289600
2015-05-28;2.44396;2.46125;2.41937;2.44083;90643200
2015-05-29;2.43667;2.44729;2.38167;2.39958;106060800
2015-06-01;2.43729;2.44146;2.36333;2.42062;137160000
2015-06-02;2.39521;2.43438;2.35979;2.39854;131462400
2015-06-03;2.43271;2.44750;2.40292;2.41958;117067200
2015-06-04;2.38000;2.42542;2.34292;2.36687;185702400
2015-06-05;2.35646;2.37313;2.30562;2.34896;138590400
2015-06-08;2.34437;2.35000;2.26271;2.27708;144422400
2015-06-09;2.26042;2.28958;2.21396;2.26583;153000000
2015-06-10;2.28792;2.37750;2.28083;2.35562;154766400
2015-06-11;2.38083;2.40062;2.35562;2.36854;117081600
2015-06-12;2.32979;2.34479;2.30063;2.30833;120897600
2015-06-15;2.25792;2.28604;2.21833;2.27646;200884800
2015-06-16;2.26625;2.32312;2.26458;2.31125;101265600
2015-06-17;2.32396;2.35354;2.28646;2.33063;168388800
2015-06-18;2.35021;2.44417;2.34875;2.42917;162628800
2015-06-19;2.43604;2.44250;2.39208;2.39208;84628800
2015-06-22;2.44979;2.47146;2.43354;2.44979;131716800
2015-06-23;2.45833;2.46250;2.42479;2.45583;114907200
2015-06-24;2.44646;2.47750;2.41583;2.41812;84902400
2015-06-25;2.44521;2.45271;2.39104;2.40229;85204800
2015-06-26;2.40021;2.41771;2.32833;2.35771;131904000
2015-06-29;2.27458;2.31667;2.18646;2.19104;273744000
2015-06-30;2.23667;2.25104;2.19146;2.21604;176793600
2015-07-01;2.27604;2.29042;2.23333;2.26146;141624000
2015-07-02;2.28187;2.28917;2.24521;2.27000;105523200
2015-07-06;2.22312;2.28854;2.20833;2.25083;131808000
2015-07-07;2.25729;2.27292;2.13354;2.26229;250329600
2015-07-08;2.21729;2.22583;2.13583;2.14896;184881600
2015-07-09;2.23563;2.23792;2.14271;2.14271;125260800
2015-07-10;2.22500;2.26667;2.20583;2.24229;123259200
2015-07-13;2.29896;2.36583;2.29854;2.35687;104860800
2015-07-14;2.37021;2.42521;2.36646;2.40417;102201600
2015-07-15;2.41792;2.44167;2.39333;2.41563;119140800
2015-07-16;2.47396;2.51667;2.45917;2.51000;139680000
2015-07-17;2.57604;2.625;2.56437;2.62479;143328000
2015-07-20;2.64667;2.68292;2.61958;2.65417;95889600
2015-07-21;2.65833;2.66896;2.62583;2.64687;87408000
2015-07-22;2.52792;2.59687;2.52750;2.56000;108388800
2015-07-23;2.56750;2.59125;2.51042;2.52938;96782400
2015-07-24;2.56896;2.57479;2.44542;2.45750;106473600
2015-07-27;2.41375;2.44563;2.37917;2.39438;120624000
2015-07-28;2.42854;2.47104;2.36937;2.45750;155596800
2015-07-29;2.47187;2.50062;2.44417;2.48500;121737600
2015-07-30;2.46729;2.53167;2.42292;2.51958;137044800
2015-07-31;2.54271;2.54688;2.49458;2.51187;109036800
2015-08-03;2.51333;2.53250;2.4375;2.48875;147734400
2015-08-04;2.48167;2.49625;2.44125;2.47271;141350400
2015-08-05;2.51375;2.57875;2.50563;2.53063;127411200
2015-08-06;2.53562;2.54667;2.37438;2.40917;175296000
2015-08-07;2.39062;2.41604;2.33917;2.39958;160176000
2015-08-10;2.44479;2.49667;2.44479;2.48062;133804800
2015-08-11;2.44062;2.47021;2.34542;2.38604;173289600
2015-08-12;2.33792;2.42438;2.26021;2.40708;224347200
2015-08-13;2.41667;2.45104;2.38250;2.39625;140659200
2015-08-14;2.38021;2.41875;2.36708;2.40917;145982400
2015-08-17;2.39062;2.47021;2.37292;2.46833;125356800
2015-08-18;2.45438;2.46458;2.42125;2.42896;108998400
2015-08-19;2.40625;2.44667;2.34083;2.38333;235516800
2015-08-20;2.31667;2.33896;2.18354;2.18708;300019200
2015-08-21;2.09375;2.14687;1.91500;1.91500;380289600
2015-08-24;1.56354;1.90583;1.36042;1.68813;392716800
2015-08-25;1.86458;1.89854;1.65833;1.66583;289665600
2015-08-26;1.80813;1.92021;1.70146;1.90625;285019200
2015-08-27;1.99583;2.059375;1.92354;2.055208;485952000
2015-08-28;2.022500;2.075000;2.0091670;2.053542;214094400
2015-08-31;2.019792;2.053125;1.96250;1.97729;206870400
2015-09-01;1.82875;1.91937;1.76729;1.79792;313862400
2015-09-02;1.88917;1.94417;1.82687;1.94417;180278400
2015-09-03;1.96792;2.0058329;1.89833;1.91208;223224000
2015-09-04;1.83542;1.88417;1.81438;1.84812;279643200
2015-09-08;1.95292;2.0093751;1.92979;2.0050001;225350400
2015-09-09;2.073750;2.074792;1.91917;1.93521;281284800
2015-09-10;1.92729;2.036042;1.92042;1.99708;247161600
2015-09-11;1.97042;2.029375;1.95312;2.029375;189720000
2015-09-14;2.052083;2.052708;1.98917;2.011250;176664000
2015-09-15;2.026250;2.10188;2.0041671;2.081458;152654400
2015-09-16;2.085625;2.12396;2.0625;2.11625;140414400
2015-09-17;2.11396;2.21563;2.09375;2.12208;242361600
2015-09-18;2.024792;2.10458;2.020208;2.032292;272342400
2015-09-21;2.063333;2.099167;1.99479;2.049583;200313600
2015-09-22;1.95479;1.97708;1.90167;1.95917;283795200
2015-09-23;1.97292;1.98833;1.93125;1.96229;223761600
2015-09-24;1.90437;1.96208;1.85417;1.93958;293836800
2015-09-25;2.0054171;2.0081251;1.85479;1.89250;283824000
2015-09-28;1.86625;1.86958;1.71271;1.72938;360057600
2015-09-29;1.74188;1.79479;1.66500;1.70375;365750400
2015-09-30;1.77458;1.82500;1.75417;1.81646;333864000
2015-10-01;1.82792;1.84312;1.75583;1.84187;219264000
2015-10-02;1.76792;1.93979;1.75;1.9375;317404800
2015-10-05;1.98271;2.038333;1.97000;2.025833;208152000
2015-10-06;2.011042;2.028750;1.94646;1.99688;230121600
2015-10-07;2.032500;2.043125;1.95333;2.028958;253108800
2015-10-08;2.0072920;2.064583;1.94813;2.053750;291873600
2015-10-09;2.056458;2.09375;2.040208;2.078750;175224000
2015-10-12;2.094583;2.10854;2.071458;2.096250;152539200
2015-10-13;2.060417;2.12438;2.050000;2.055208;212966400
2015-10-14;2.055833;2.086875;2.020000;2.046458;183331200
2015-10-15;2.068542;2.14687;2.060625;2.14646;214569600
2015-10-16;2.16062;2.17708;2.12917;2.17313;132643200
2015-10-19;2.16313;2.21563;2.15104;2.21208;163622400
2015-10-20;2.19875;2.21354;2.15458;2.17542;145252800
2015-10-21;2.20958;2.21583;2.13417;2.14042;176496000
2015-10-22;2.19396;2.27271;2.17563;2.26729;259752000
2015-10-23;2.45021;2.48563;2.41354;2.45583;204057600
2015-10-26;2.45271;2.47667;2.42500;2.46312;119889600
2015-10-27;2.44313;2.48792;2.44104;2.47917;104462400
2015-10-28;2.49042;2.53833;2.42896;2.53667;208958400
2015-10-29;2.50375;2.53958;2.49646;2.52729;99825600
2015-10-30;2.53063;2.54375;2.49250;2.49271;120072000
2015-11-02;2.51125;2.58604;2.49729;2.57771;110601600
2015-11-03;2.56188;2.63208;2.55000;2.60229;123624000
2015-11-04;2.62812;2.63542;2.57229;2.60333;145833600
2015-11-05;2.61125;2.63042;2.54292;2.58042;142252800
2015-11-06;2.56958;2.59729;2.51854;2.58896;136248000
2015-11-09;2.55896;2.56938;2.45792;2.50563;151315200
2015-11-10;2.46563;2.49312;2.44375;2.48792;98721600
2015-11-11;2.50688;2.54271;2.46458;2.47688;100828800
2015-11-12;2.44500;2.48229;2.39958;2.40500;137928000
2015-11-13;2.37479;2.38188;2.25958;2.26354;197697600
2015-11-16;2.25604;2.36146;2.24021;2.35792;185544000
2015-11-17;2.37229;2.41583;2.34687;2.36604;221414400
2015-11-18;2.39271;2.50833;2.38646;2.50167;196276800
2015-11-19;2.50583;2.54042;2.49250;2.50542;103958400
2015-11-20;2.54042;2.5625;2.53417;2.55521;101995200
2015-11-23;2.55833;2.58750;2.50229;2.53458;112876800
2015-11-24;2.48542;2.54562;2.44646;2.52667;132494400
2015-11-25;2.53646;2.54833;2.51875;2.53229;55977600
2015-11-27;2.55042;2.56000;2.51875;2.54146;27206400
2015-11-30;2.56687;2.56729;2.50042;2.52542;93273600
2015-12-01;2.55375;2.60042;2.54562;2.60042;117043200
2015-12-02;2.60542;2.64042;2.53979;2.55312;122092800
2015-12-03;2.57333;2.58479;2.37833;2.42292;225912000
2015-12-04;2.44354;2.60417;2.42917;2.58938;173289600
2015-12-07;2.59708;2.60188;2.51979;2.55771;138451200
2015-12-08;2.47667;2.58146;2.47354;2.55792;162600000
2015-12-09;2.52167;2.56500;2.39521;2.43875;289732800
2015-12-10;2.45646;2.52167;2.43500;2.47333;162926400
2015-12-11;2.38771;2.40687;2.29833;2.30375;294873600
2015-12-14;2.31375;2.35750;2.21417;2.35542;232344000
2015-12-15;2.41583;2.45813;2.38875;2.39542;191558400
2015-12-16;2.44604;2.51604;2.37292;2.50125;196512000
2015-12-17;2.53458;2.53667;2.39396;2.39708;189513600
2015-12-18;2.37125;2.38812;2.26042;2.26542;204955200
2015-12-21;2.32146;2.33292;2.27063;2.33271;128059200
2015-12-22;2.36917;2.38729;2.33188;2.37687;134044800
2015-12-23;2.41417;2.43500;2.40104;2.43125;109896000
2015-12-24;2.42917;2.44875;2.42500;2.42625;48480000
2015-12-28;2.40917;2.42563;2.35812;2.42563;102672000
2015-12-29;2.46771;2.55458;2.46271;2.53625;145305600
2015-12-30;2.53167;2.53479;2.46958;2.47146;89592000
2015-12-31;2.44458;2.45771;2.37708;2.37979;175905600
2016-01-04;2.22125;2.23438;2.14042;2.23438;265867200
2016-01-05;2.26042;2.26938;2.18417;2.21438;132326400
2016-01-06;2.10375;2.18854;2.10083;2.15500;243787200
2016-01-07;2.014583;2.09375;1.94708;1.95000;340348800
2016-01-08;1.99229;2.028542;1.89521;1.90396;331819200
2016-01-11;1.94354;1.95896;1.83125;1.92062;336177600
2016-01-12;1.97229;2.015208;1.90417;1.98542;317520000
2016-01-13;2.0093751;2.023333;1.77083;1.77771;413400000
2016-01-14;1.80021;1.94062;1.71458;1.89271;363417600
2016-01-15;1.70375;1.77708;1.64437;1.71875;564715200
2016-01-19;1.78604;1.79417;1.66688;1.72604;259228800
2016-01-20;1.64500;1.76625;1.53208;1.71042;554697600
2016-01-21;1.73187;1.79188;1.66375;1.71667;338112000
2016-01-22;1.81771;1.86750;1.80229;1.86458;286881600
2016-01-25;1.84792;1.87688;1.77708;1.78062;277084800
2016-01-26;1.80417;1.85312;1.75792;1.83146;243038400
2016-01-27;1.79813;1.82104;1.67083;1.69521;358315200
2016-01-28;1.77479;1.77917;1.67729;1.76208;315571200
2016-01-29;1.76604;1.87688;1.76146;1.87688;257716800
2016-02-01;1.84625;1.91125;1.82604;1.88750;228240000
2016-02-02;1.86521;1.86521;1.75042;1.76771;256867200
2016-02-03;1.80104;1.80146;1.64875;1.74271;471302400
2016-02-04;1.72542;1.78229;1.68021;1.73958;284035200
2016-02-05;1.72292;1.72458;1.54125;1.56062;429777600
2016-02-08;1.47354;1.50792;1.40292;1.48937;514963200
2016-02-09;1.42792;1.54146;1.42125;1.47208;459494400
2016-02-10;1.52604;1.58167;1.48729;1.48958;375528000
2016-02-11;1.43333;1.51896;1.42042;1.48604;477076800
2016-02-12;1.53250;1.55583;1.49208;1.54938;316430400
2016-02-16;1.62125;1.65250;1.59104;1.65250;299313600
2016-02-17;1.69438;1.77562;1.67917;1.76667;365232000
2016-02-18;1.78542;1.78604;1.70104;1.70667;257899200
2016-02-19;1.68729;1.73875;1.67125;1.72438;238934400
2016-02-22;1.77125;1.81187;1.76625;1.80583;248265600
2016-02-23;1.77396;1.78937;1.71417;1.71583;267825600
2016-02-24;1.65771;1.77292;1.62583;1.76688;350558400
2016-02-25;1.77854;1.81771;1.73021;1.81562;259598400
2016-02-26;1.85708;1.86146;1.79917;1.81146;248577600
2016-02-29;1.80729;1.84771;1.76354;1.76354;229968000
2016-03-01;1.81187;1.93271;1.79750;1.93229;311136000
2016-03-02;1.92500;1.93646;1.88979;1.93438;193972800
2016-03-03;1.92938;1.93104;1.88271;1.92354;206596800
2016-03-04;1.93083;1.96375;1.88812;1.92687;237844800
2016-03-07;1.89688;1.93062;1.84938;1.89104;189124800
2016-03-08;1.85083;1.90104;1.83375;1.84104;212563200
2016-03-09;1.86583;1.87958;1.83333;1.87625;208344000
2016-03-10;1.90625;1.93458;1.79729;1.86917;343454400
2016-03-11;1.92958;1.96812;1.91313;1.96604;169660800
2016-03-14;1.94625;1.99208;1.94396;1.97750;157166400
2016-03-15;1.95750;1.98167;1.93771;1.97625;193118400
2016-03-16;1.95875;2.043542;1.95875;2.026667;176457600
2016-03-17;2.011250;2.038958;1.98771;2.020833;127507200
2016-03-18;2.037500;2.049583;2.0022919;2.032500;147537600
2016-03-21;2.023750;2.063542;2.019792;2.056667;136008000
2016-03-22;2.023333;2.090625;2.021458;2.075000;127214400
2016-03-23;2.063958;2.068542;2.011458;2.025625;154454400
2016-03-24;1.99271;2.028750;1.98542;2.025000;127022400
2016-03-28;2.045417;2.045833;2.0079169;2.017708;129384000
2016-03-29;2.0066669;2.11875;1.99688;2.11417;179793600
2016-03-30;2.15271;2.18563;2.13208;2.14583;209884800
2016-03-31;2.14104;2.16500;2.12646;2.13333;118521600
2016-04-01;2.10083;2.20688;2.088958;2.20438;163022400
2016-04-04;2.20104;2.20833;2.16396;2.17708;136632000
2016-04-05;2.12729;2.15250;2.10750;2.11854;146841600
2016-04-06;2.125;2.22167;2.12292;2.22000;182088000
2016-04-07;2.18229;2.19313;2.096458;2.12417;252225600
2016-04-08;2.16271;2.17771;2.097083;2.11917;166243200
2016-04-11;2.14667;2.17812;2.094792;2.096458;137059200
2016-04-12;2.10042;2.16000;2.061250;2.14542;182424000
2016-04-13;2.19771;2.23979;2.18896;2.22917;162182400
2016-04-14;2.22979;2.25521;2.21312;2.23062;111240000
2016-04-15;2.22333;2.23917;2.19667;2.21354;83092800
2016-04-18;2.19521;2.25083;2.19083;2.24625;101462400
2016-04-19;2.26875;2.27083;2.17188;2.20750;158582400
2016-04-20;2.20458;2.24271;2.18417;2.21292;107769600
2016-04-21;2.21167;2.23667;2.18354;2.21354;133473600
2016-04-22;2.12854;2.15729;2.062083;2.11333;201321600
2016-04-25;2.090208;2.11292;2.081875;2.11167;96950400
2016-04-26;2.12396;2.13687;2.062917;2.082708;109315200
2016-04-27;2.019583;2.045625;1.98042;2.032708;183004800
2016-04-28;2.039375;2.074375;1.94667;1.96063;160771200
2016-04-29;1.95396;1.97000;1.88125;1.92938;191260800
2016-05-02;1.94146;1.98937;1.91771;1.98042;118017600
2016-05-03;1.93896;1.96500;1.91000;1.92771;145963200
2016-05-04;1.89229;1.91188;1.87458;1.88958;155145600
2016-05-05;1.90750;1.92167;1.87521;1.88854;143976000
2016-05-06;1.85833;1.91750;1.85312;1.91583;156849600
2016-05-09;1.91771;1.95896;1.91500;1.93271;118540800
2016-05-10;1.95333;2.015000;1.94333;2.013750;116481600
2016-05-11;2.0039580;2.021667;1.95583;1.95875;127065600
2016-05-12;1.97417;1.97771;1.89083;1.93125;184742400
2016-05-13;1.93000;1.96167;1.89896;1.90792;155966400
2016-05-16;1.91562;2.0025001;1.91354;1.98146;117292800
2016-05-17;1.97917;1.99312;1.89146;1.90542;187228800
2016-05-18;1.89479;1.95812;1.88167;1.92708;237969600
2016-05-19;1.90354;1.91958;1.85521;1.89667;254097600
2016-05-20;1.91979;1.98250;1.91646;1.96000;125352000
2016-05-23;1.96500;1.98708;1.94646;1.95042;86928000
2016-05-24;1.98396;2.076042;1.98250;2.069792;150004800
2016-05-25;2.093542;2.13229;2.081875;2.11438;140846400
2016-05-26;2.12146;2.13979;2.10458;2.13208;95270400
2016-05-27;2.13562;2.16583;2.13542;2.16417;107140800
2016-05-31;2.17604;2.18729;2.14479;2.17708;112948800
2016-06-01;2.15729;2.19187;2.15146;2.17792;100536000
2016-06-02;2.16313;2.19146;2.12917;2.19021;104659200
2016-06-03;2.17771;2.18167;2.11792;2.16021;155529600
2016-06-06;2.17000;2.20062;2.16083;2.18333;85996800
2016-06-07;2.19042;2.19375;2.16375;2.16792;77107200
2016-06-08;2.17979;2.19125;2.15417;2.17750;82262400
2016-06-09;2.15146;2.17438;2.13896;2.16792;99729600
2016-06-10;2.10958;2.12042;2.071458;2.095000;161760000
2016-06-13;2.059792;2.092708;2.033333;2.041250;119049600
2016-06-14;2.024583;2.062292;1.99583;2.042292;141729600
2016-06-15;2.055625;2.062292;2.012708;2.023958;106377600
2016-06-16;1.99417;2.046458;1.95375;2.038542;164361600
2016-06-17;2.030208;2.030208;1.95521;1.96875;167020800
2016-06-20;2.039375;2.065208;2.0012500;2.0041671;139243200
2016-06-21;2.016458;2.036875;2.0022919;2.024167;86414400
2016-06-22;2.030000;2.063542;2.0052080;2.011042;103296000
2016-06-23;2.057708;2.096667;2.032292;2.095833;128558400
2016-06-24;1.875;1.96563;1.82500;1.83917;325502400
2016-06-27;1.79729;1.79979;1.70417;1.73208;235963200
2016-06-28;1.78479;1.84312;1.78313;1.84063;199468800
2016-06-29;1.88563;1.94979;1.88208;1.93625;208464000
2016-06-30;1.94792;2.0089581;1.92917;2.0066669;165811200
2016-07-01;2.0031250;2.058542;2.00083303;2.034167;131424000
2016-07-05;2.0079169;2.011667;1.96583;1.99812;130939200
2016-07-06;1.97083;2.049583;1.95146;2.045208;173476800
2016-07-07;2.054375;2.079167;2.036458;2.064583;126230400
2016-07-08;2.095208;2.16500;2.089583;2.16000;150043200
2016-07-11;2.18458;2.22208;2.18250;2.19688;142646400
2016-07-12;2.23771;2.24917;2.22271;2.23146;115790400
2016-07-13;2.24958;2.25083;2.21438;2.21583;126412800
2016-07-14;2.25979;2.27292;2.24396;2.26083;109905600
2016-07-15;2.27542;2.27938;2.23438;2.24813;85416000
2016-07-18;2.25417;2.30583;2.25229;2.29292;83860800
2016-07-19;2.27083;2.29000;2.25708;2.26917;78667200
2016-07-20;2.30396;2.36083;2.29729;2.34687;90724800
2016-07-21;2.35396;2.36625;2.31292;2.33292;112804800
2016-07-22;2.33833;2.36875;2.31542;2.36000;86803200
2016-07-25;2.35479;2.36229;2.33750;2.36208;76243200
2016-07-26;2.35979;2.39500;2.33333;2.37000;136353600
2016-07-27;2.42812;2.43688;2.38771;2.41625;130564800
2016-07-28;2.42958;2.45167;2.40667;2.44250;87120000
2016-07-29;2.46000;2.47875;2.43625;2.45854;102633600
2016-08-01;2.46458;2.51604;2.45542;2.49708;105316800
2016-08-02;2.48646;2.49354;2.39313;2.44083;161107200
2016-08-03;2.43542;2.46521;2.43062;2.46396;85334400
2016-08-04;2.46333;2.49312;2.44521;2.48604;84028800
2016-08-05;2.52625;2.57396;2.51562;2.55792;123480000
2016-08-08;2.56229;2.56375;2.52437;2.54979;75902400
2016-08-09;2.55417;2.59021;2.55000;2.56667;79819200
2016-08-10;2.56854;2.57250;2.52604;2.54688;87720000
2016-08-11;2.57083;2.59583;2.55687;2.57979;68649600
2016-08-12;2.56458;2.58458;2.55708;2.58458;68275200
2016-08-15;2.59375;2.63438;2.59125;2.61708;57254400
2016-08-16;2.60188;2.60417;2.57229;2.57583;62596800
2016-08-17;2.57583;2.58979;2.53292;2.58792;89836800
2016-08-18;2.57979;2.60042;2.56667;2.59042;56755200
2016-08-19;2.57625;2.60354;2.55458;2.58687;73617600
2016-08-22;2.57458;2.60604;2.56125;2.58938;73243200
2016-08-23;2.62083;2.63583;2.60292;2.60479;62654400
2016-08-24;2.60104;2.61229;2.53021;2.55458;71198400
2016-08-25;2.53437;2.56583;2.52562;2.54250;58444800
2016-08-26;2.54583;2.60333;2.50833;2.55479;107313600
2016-08-29;2.55625;2.58479;2.55479;2.56188;49833600
2016-08-30;2.55250;2.57396;2.51292;2.53875;65750400
2016-08-31;2.52771;2.53917;2.49896;2.53208;71616000
2016-09-01;2.53375;2.55875;2.49625;2.54333;85953600
2016-09-02;2.58854;2.60396;2.54604;2.57312;90739200
2016-09-06;2.58854;2.62292;2.57083;2.62083;65985600
2016-09-07;2.62896;2.64042;2.59771;2.62562;58075200
2016-09-08;2.60417;2.60562;2.56063;2.58063;70065600
2016-09-09;2.51771;2.53333;2.38500;2.38500;160915200
2016-09-12;2.34917;2.52375;2.34479;2.50729;130651200
2016-09-13;2.47375;2.49750;2.41021;2.44812;125308800
2016-09-14;2.45438;2.52083;2.45187;2.47958;111528000
2016-09-15;2.48333;2.60687;2.48125;2.59458;131860800
2016-09-16;2.58812;2.60042;2.55417;2.59167;81523200
2016-09-19;2.61146;2.63604;2.54396;2.55771;91670400
2016-09-20;2.58333;2.60417;2.56000;2.57188;75782400
2016-09-21;2.60417;2.65854;2.56021;2.64667;138600000
2016-09-22;2.69625;2.72000;2.68667;2.70854;78100800
2016-09-23;2.70000;2.70146;2.64750;2.65979;73065600
2016-09-26;2.61396;2.62333;2.58083;2.59375;81883200
2016-09-27;2.59083;2.67208;2.58083;2.66729;82900800
2016-09-28;2.67688;2.68667;2.64125;2.68187;75696000
2016-09-29;2.67042;2.68354;2.58979;2.625;114830400
2016-09-30;2.64917;2.70563;2.63604;2.67896;79987200
2016-10-03;2.66979;2.68083;2.63854;2.67292;81758400
2016-10-04;2.69187;2.71146;2.62854;2.65771;112204800
2016-10-05;2.68187;2.71146;2.67812;2.68542;68856000
2016-10-06;2.67542;2.69854;2.64313;2.68125;74529600
2016-10-07;2.68979;2.69979;2.62542;2.66375;90561600
2016-10-10;2.70312;2.73271;2.70167;2.71146;59889600
2016-10-11;2.70583;2.70917;2.56354;2.59938;129643200
2016-10-12;2.60208;2.61812;2.56750;2.59396;82056000
2016-10-13;2.53979;2.58458;2.49312;2.56354;104428800
2016-10-14;2.59812;2.63167;2.56708;2.56938;81811200
2016-10-17;2.56875;2.58208;2.54146;2.55167;55862400
2016-10-18;2.64062;2.65479;2.61458;2.61708;76968000
2016-10-19;2.61229;2.62854;2.60396;2.61812;47054400
2016-10-20;2.60604;2.62542;2.56292;2.60708;69950400
2016-10-21;2.61271;2.64146;2.58812;2.63542;58632000
2016-10-24;2.68875;2.73688;2.68667;2.73146;68649600
2016-10-25;2.73396;2.73792;2.69354;2.70417;59712000
2016-10-26;2.65208;2.69500;2.62708;2.65229;95308800
2016-10-27;2.68479;2.69125;2.60333;2.61521;103041600
2016-10-28;2.59042;2.63208;2.54167;2.57000;142958400
2016-10-31;2.59500;2.59500;2.55417;2.55542;56904000
2016-11-01;2.57188;2.57188;2.43375;2.50292;101923200
2016-11-02;2.49458;2.51146;2.42104;2.43771;81763200
2016-11-03;2.42771;2.45062;2.35854;2.36750;87014400
2016-11-04;2.34562;2.39729;2.32875;2.34063;84921600
2016-11-07;2.45396;2.51625;2.44438;2.50833;100963200
2016-11-08;2.5;2.59125;2.48333;2.55750;110587200
2016-11-09;2.46688;2.60479;2.45979;2.59333;183292800
2016-11-10;2.62479;2.63958;2.36396;2.47000;247968000
2016-11-11;2.43187;2.48583;2.40833;2.46792;113563200
2016-11-14;2.47250;2.47792;2.35750;2.38458;177552000
2016-11-15;2.44500;2.51771;2.43812;2.49500;105571200
2016-11-16;2.45729;2.54354;2.45729;2.53562;86337600
2016-11-17;2.53396;2.59437;2.51813;2.59437;75537600
2016-11-18;2.59917;2.61604;2.55729;2.56521;63057600
2016-11-21;2.58146;2.65042;2.58042;2.64229;83625600
2016-11-22;2.67438;2.6875;2.64750;2.66604;76680000
2016-11-23;2.64042;2.64937;2.60000;2.63396;73824000
2016-11-25;2.64646;2.66333;2.63562;2.65937;38280000
2016-11-28;2.64729;2.67917;2.63375;2.64458;71467200
2016-11-29;2.64687;2.70667;2.62750;2.67000;74582400
2016-11-30;2.67542;2.68187;2.56938;2.58354;151296000
2016-12-01;2.57042;2.57063;2.42646;2.44167;186384000
2016-12-02;2.44396;2.48250;2.42229;2.45146;102984000
2016-12-05;2.49104;2.53917;2.45667;2.50813;89942400
2016-12-06;2.52750;2.54063;2.49667;2.52625;69254400
2016-12-07;2.51146;2.63250;2.48958;2.62000;148867200
2016-12-08;2.62667;2.65729;2.61146;2.63604;113016000
2016-12-09;2.66583;2.70229;2.66583;2.69771;102672000
2016-12-12;2.66083;2.67792;2.62958;2.66021;95150400
2016-12-13;2.68917;2.80687;2.68542;2.76417;169195200
2016-12-14;2.76958;2.79958;2.72042;2.74396;142377600
2016-12-15;2.75146;2.80625;2.73667;2.76062;106425600
2016-12-16;2.77354;2.79146;2.71187;2.72708;114753600
2016-12-19;2.73854;2.81042;2.72625;2.76042;83572800
2016-12-20;2.78208;2.80729;2.77708;2.79375;62784000
2016-12-21;2.79479;2.80042;2.76646;2.78396;48288000
2016-12-22;2.78521;2.78896;2.73000;2.75979;65520000
2016-12-23;2.74854;2.76958;2.73958;2.76833;32251200
2016-12-27;2.78333;2.85687;2.78042;2.80875;75643200
2016-12-28;2.82583;2.83479;2.73771;2.74375;91339200
2016-12-29;2.74229;2.75958;2.70583;2.73042;85728000
2016-12-30;2.74604;2.74771;2.625;2.65062;105384000
2017-01-03;2.70021;2.74771;2.67438;2.71479;97646400
2017-01-04;2.72729;2.77625;2.72375;2.76104;66513600
2017-01-05;2.75875;2.81354;2.75625;2.81000;61372800
2017-01-06;2.81521;2.90333;2.79375;2.88125;95798400
2017-01-09;2.88833;2.92500;2.88250;2.91042;66172800
2017-01-10;2.90917;2.95458;2.89396;2.92708;66336000
2017-01-11;2.92917;2.95167;2.88625;2.94958;94104000
2017-01-12;2.92042;2.94333;2.85542;2.93458;80517600
2017-01-13;2.94417;2.98250;2.94333;2.96833;58612800
2017-01-17;2.94167;2.95833;2.91500;2.94042;55531200
2017-01-18;2.95417;2.96625;2.93042;2.96042;49329600
2017-01-19;2.96875;3.0016670;2.93583;2.95250;59731200
2017-01-20;2.99167;3.014583;2.95000;2.97167;56846400
2017-01-23;2.96250;2.99167;2.92375;2.97833;55250400
2017-01-24;2.99458;3.053333;2.98208;3.040417;51691200
2017-01-25;3.095417;3.13375;3.088750;3.12917;56148000
2017-01-26;3.14333;3.16083;3.12542;3.14208;50856000
2017-01-27;3.15833;3.16750;3.12833;3.15708;33249600
2017-01-30;3.12375;3.12542;3.032500;3.085417;75043200
2017-01-31;3.053750;3.068333;3.012083;3.068333;59616000
2017-02-01;3.12833;3.14667;3.086667;3.12667;72511200
2017-02-02;3.11083;3.14792;3.085000;3.11875;57895200
2017-02-03;3.13125;3.15625;3.12167;3.14583;48192000
2017-02-06;3.13042;3.15917;3.12208;3.15750;41707200
2017-02-07;3.17417;3.21208;3.16917;3.19000;46634400
2017-02-08;3.17875;3.22042;3.16125;3.20792;36967200
2017-02-09;3.21667;3.26375;3.21167;3.24125;51525600
2017-02-10;3.26375;3.28750;3.24708;3.27333;47872800
2017-02-13;3.30417;3.34292;3.29917;3.33083;42988800
2017-02-14;3.33292;3.36333;3.30167;3.36208;62664000
2017-02-15;3.35792;3.42667;3.35000;3.42000;73564800
2017-02-16;3.42833;3.44875;3.39250;3.41708;63950400
2017-02-17;3.40292;3.46250;3.40083;3.46000;51607200
2017-02-21;3.48417;3.52000;3.47625;3.51500;66729600
2017-02-22;3.50417;3.52417;3.48583;3.51542;43056000
2017-02-23;3.53083;3.53125;3.43417;3.47750;62676000
2017-02-24;3.42750;3.49625;3.42500;3.49625;50731200
2017-02-27;3.47792;3.50875;3.45875;3.50667;52437600
2017-02-28;3.50708;3.51042;3.44750;3.47917;41904000
2017-03-01;3.54000;3.60833;3.52333;3.59167;63254400
2017-03-02;3.59000;3.59000;3.52333;3.53500;42919200
2017-03-03;3.52667;3.55833;3.49958;3.55333;34646400
2017-03-06;3.51500;3.54833;3.48792;3.52875;38774400
2017-03-07;3.50625;3.55833;3.49458;3.51125;35428800
2017-03-08;3.52000;3.56333;3.50792;3.52917;38652000
2017-03-09;3.52833;3.55292;3.48208;3.54000;44172000
2017-03-10;3.58542;3.59833;3.53792;3.57875;51456000
2017-03-13;3.57542;3.60292;3.57208;3.59958;33883200
2017-03-14;3.57500;3.58042;3.53000;3.57292;53020800
2017-03-15;3.59750;3.66333;3.56042;3.63542;63813600
2017-03-16;3.66042;3.66042;3.60708;3.63333;38875200
2017-03-17;3.64167;3.65625;3.62250;3.62458;35320800
2017-03-20;3.62458;3.66125;3.60833;3.63542;36696000
2017-03-21;3.67583;3.6875;3.46500;3.47333;93568800
2017-03-22;3.47542;3.55125;3.45917;3.54167;71373600
2017-03-23;3.52875;3.55667;3.49667;3.51333;59064000
2017-03-24;3.54667;3.58792;3.49500;3.53250;51686400
2017-03-27;3.46042;3.56958;3.43458;3.55125;75259200
2017-03-28;3.55083;3.64875;3.52875;3.61792;84000000
2017-03-29;3.62125;3.67083;3.61292;3.66583;48170400
2017-03-30;3.66458;3.69625;3.65250;3.68417;52927200
2017-03-31;3.66792;3.70500;3.65583;3.67542;54146400
2017-04-03;3.68625;3.71167;3.60917;3.66750;64521600
2017-04-04;3.63542;3.68708;3.63292;3.68417;32424000
2017-04-05;3.70208;3.76583;3.62042;3.64208;73360800
2017-04-06;3.65458;3.67542;3.61875;3.64500;61651200
2017-04-07;3.64250;3.67375;3.60125;3.64083;41575200
2017-04-10;3.65333;3.68875;3.61375;3.64500;48376800
2017-04-11;3.63083;3.64917;3.51792;3.59917;85346400
2017-04-12;3.59500;3.60250;3.54083;3.55167;68095200
2017-04-13;3.53750;3.59875;3.50750;3.50958;61370400
2017-04-17;3.53917;3.59750;3.53500;3.59292;36333600
2017-04-18;3.55958;3.61167;3.55292;3.58250;50755200
2017-04-19;3.62375;3.65917;3.58000;3.59500;57568800
2017-04-20;3.63875;3.70833;3.62208;3.68208;82492800
2017-04-21;3.69417;3.69875;3.65500;3.68042;54026400
2017-04-24;3.80208;3.82500;3.78583;3.81417;60072000
2017-04-25;3.85208;3.91792;3.84333;3.89875;64113600
2017-04-26;3.90250;3.93042;3.87333;3.88167;87660000
2017-04-27;3.91083;3.95000;3.90125;3.94958;57676800
2017-04-28;3.99750;4.0020828;3.95208;3.97208;68500800
2017-05-01;4.0087500;4.092500;4.0037498;4.072083;64634400
2017-05-02;4.092083;4.10208;4.060833;4.096250;60412800
2017-05-03;4.071250;4.071667;4.022917;4.055833;73586400
2017-05-04;4.057917;4.076667;4.018333;4.060000;72607200
2017-05-05;4.089167;4.10417;4.045417;4.10417;54506400
2017-05-08;4.11042;4.13042;4.085417;4.12875;61267200
2017-05-09;4.14833;4.20125;4.13917;4.17417;75717600
2017-05-10;4.17875;4.18458;4.13667;4.18083;56193600
2017-05-11;4.14708;4.17292;4.088750;4.17083;62433600
2017-05-12;4.17625;4.20042;4.16542;4.19792;58538400
2017-05-15;4.20208;4.24417;4.19125;4.23708;69340800
2017-05-16;4.26708;4.29083;4.23292;4.29042;77066400
2017-05-17;4.18958;4.21167;3.96042;3.96583;140236800
2017-05-18;3.96000;4.10542;3.94292;4.066250;120384000
2017-05-19;4.10583;4.16833;4.10250;4.11542;72844800
2017-05-22;4.14417;4.22708;4.13958;4.22208;65354400
2017-05-23;4.25667;4.25833;4.20083;4.23250;68858400
2017-05-24;4.26792;4.29583;4.23458;4.29083;64941600
2017-05-25;4.33792;4.43167;4.31083;4.40375;87504000
2017-05-26;4.40042;4.42708;4.38375;4.42250;54856800
2017-05-30;4.41167;4.44792;4.40708;4.43167;55192800
2017-05-31;4.47208;4.48167;4.35875;4.42625;96902400
2017-06-01;4.45250;4.48292;4.39792;4.47917;74092800
2017-06-02;4.52333;4.63542;4.50375;4.63208;83244000
2017-06-05;4.62833;4.65250;4.60875;4.62833;51477600
2017-06-06;4.61167;4.65667;4.55250;4.57583;77733600
2017-06-07;4.60833;4.63750;4.54833;4.62583;81410400
2017-06-08;4.65458;4.66167;4.56542;4.63833;92563200
2017-06-09;4.65500;4.67208;4.11083;4.30292;233138400
2017-06-12;4.18333;4.24417;4.059583;4.22500;166449600
2017-06-13;4.29083;4.34083;4.22667;4.32375;126492000
2017-06-14;4.37458;4.37458;4.16375;4.26583;139012800
2017-06-15;4.13542;4.22250;4.057500;4.20833;141158400
2017-06-16;4.20000;4.20292;4.10708;4.15792;93856800
2017-06-19;4.27375;4.37333;4.25458;4.35917;110944800
2017-06-20;4.34875;4.36417;4.25458;4.26042;85939200
2017-06-21;4.28667;4.38833;4.27792;4.38417;83589600
2017-06-22;4.40375;4.42750;4.34583;4.37917;68445600
2017-06-23;4.36375;4.44583;4.32833;4.42833;68786400
2017-06-26;4.50125;4.52792;4.33875;4.36958;105681600
2017-06-27;4.31875;4.33292;4.12917;4.12917;144088800
2017-06-28;4.17250;4.31583;4.10167;4.30250;120861600
2017-06-29;4.24958;4.25250;3.95833;4.083333;231564000
2017-06-30;4.11875;4.15042;4.045417;4.069167;98616000
2017-07-03;4.14167;4.15458;3.94833;3.95833;81684000
2017-07-05;3.98875;4.10375;3.95208;4.071250;114033600
2017-07-06;3.97708;4.028750;3.91792;3.96375;106324800
2017-07-07;4.0029168;4.12083;4;4.082500;89623200
2017-07-10;4.097917;4.19792;4.065000;4.16792;92114400
2017-07-11;4.14958;4.21792;4.10292;4.20208;108571200
2017-07-12;4.30750;4.36500;4.28417;4.35167;105307200
2017-07-13;4.36875;4.41125;4.34208;4.38042;91476000
2017-07-14;4.43208;4.49917;4.39708;4.48333;84636000
2017-07-17;4.49792;4.53667;4.46375;4.48583;100663200
2017-07-18;4.47667;4.57958;4.4375;4.57500;84182400
2017-07-19;4.61458;4.67708;4.61125;4.65875;104234400
2017-07-20;4.69292;4.70250;4.61208;4.67625;108460800
2017-07-21;4.61833;4.66958;4.59708;4.66917;86916000
2017-07-24;4.66792;4.74208;4.65042;4.73000;88732800
2017-07-25;4.68625;4.72958;4.65792;4.69833;94180800
2017-07-26;4.72833;4.74917;4.70833;4.74042;60607200
2017-07-27;4.83583;4.84792;4.48583;4.65583;188956800
2017-07-28;4.57375;4.66208;4.54458;4.64083;70022400
2017-07-31;4.67875;4.69667;4.54958;4.58042;88716000
2017-08-01;4.62625;4.63000;4.56875;4.61042;61156800
2017-08-02;4.69750;4.70208;4.51833;4.64417;110366400
2017-08-03;4.66167;4.66333;4.56708;4.59583;72640800
2017-08-04;4.62292;4.64875;4.56083;4.61375;71488800
2017-08-07;4.64083;4.70292;4.62083;4.69542;54837600
2017-08-08;4.67458;4.79167;4.63792;4.67792;103886400
2017-08-09;4.56333;4.66542;4.53083;4.65958;99081600
2017-08-10;4.58125;4.58958;4.34625;4.35708;163382400
2017-08-11;4.37833;4.48625;4.34750;4.45667;105271200
2017-08-14;4.56042;4.65000;4.55917;4.63000;95488800
2017-08-15;4.65583;4.66542;4.60042;4.63833;72297600
2017-08-16;4.67083;4.72708;4.61625;4.66250;99052800
2017-08-17;4.60583;4.62833;4.375;4.37583;158582400
2017-08-18;4.38250;4.45458;4.3125;4.36042;129852000
2017-08-21;4.36792;4.39333;4.26667;4.35250;86481600
2017-08-22;4.41667;4.55958;4.41458;4.54625;94264800
2017-08-23;4.47167;4.52667;4.46583;4.49542;84076800
2017-08-24;4.52833;4.54583;4.37917;4.45792;97180800
2017-08-25;4.50333;4.54125;4.41125;4.42792;92620800
2017-08-28;4.46667;4.49917;4.42542;4.46667;66242400
2017-08-29;4.35042;4.54167;4.34000;4.52167;85123200
2017-08-30;4.52958;4.70000;4.52167;4.67833;106248000
2017-08-31;4.71625;4.82833;4.70875;4.81125;106176000
2017-09-01;4.84792;4.86625;4.77083;4.80792;71001600
2017-09-05;4.76208;4.79500;4.56958;4.67917;129235200
2017-09-06;4.71708;4.75125;4.61875;4.71958;85557600
2017-09-07;4.74708;4.78750;4.70000;4.74875;73970400
2017-09-08;4.73083;4.73917;4.61458;4.63167;82646400
2017-09-11;4.73625;4.80958;4.73458;4.77917;85279200
2017-09-12;4.82500;4.84042;4.75292;4.81958;73418400
2017-09-13;4.79167;4.84083;4.77250;4.83958;51604800
2017-09-14;4.78625;4.82542;4.74583;4.75792;73576800
2017-09-15;4.75292;4.85458;4.72833;4.79625;79264800
2017-09-18;4.81708;4.86333;4.73958;4.78458;91509600
2017-09-19;4.80708;4.82750;4.75792;4.80500;56942400
2017-09-20;4.80250;4.81667;4.65250;4.76500;107306400
2017-09-21;4.75083;4.75250;4.625;4.67333;84890400
2017-09-22;4.62708;4.68042;4.61500;4.66167;62167200
2017-09-25;4.60458;4.61167;4.44375;4.51542;135520800
2017-09-26;4.58083;4.60583;4.49875;4.54625;95090400
2017-09-27;4.61875;4.71917;4.58333;4.66958;111348000
2017-09-28;4.63583;4.67500;4.60167;4.66167;64536000
2017-09-29;4.69000;4.77042;4.65250;4.76042;88248000
2017-10-02;4.78500;4.83208;4.71000;4.77375;92205600
2017-10-03;4.79167;4.82000;4.76042;4.80375;62738400
2017-10-04;4.77583;4.84625;4.76292;4.81625;90153600
2017-10-05;4.87250;4.96292;4.85208;4.95500;94291200
2017-10-06;4.90833;4.97500;4.90625;4.97292;85960800
2017-10-09;4.99583;5.010833;4.94042;4.96042;68851200
2017-10-10;5.0075002;5.023750;4.90458;4.97083;71757600
2017-10-11;4.96458;5.016667;4.94375;5.014167;59788800
2017-10-12;4.99292;5.045000;4.96917;4.98708;66180000
2017-10-13;5.044583;5.060000;5.027083;5.042917;48873600
2017-10-16;5.080833;5.097500;5.047083;5.095000;57079200
2017-10-17;5.088750;5.11458;5.065000;5.11292;60189600
2017-10-18;5.12708;5.12792;5.072083;5.093333;57900000
2017-10-19;5.0058331;5.037500;4.93000;5.037083;80680800
2017-10-20;5.097500;5.10958;5.058750;5.073750;66554400
2017-10-23;5.10583;5.10708;4.95542;4.97917;61456800
2017-10-24;5.0029168;5.032083;4.94625;5.0045829;58872000
2017-10-25;4.97083;5.020000;4.83208;4.94375;89191200
2017-10-26;4.93667;4.96958;4.89083;4.89792;72768000
2017-10-27;5.13083;5.34958;5.11792;5.32000;147818400
2017-10-30;5.30667;5.42000;5.29500;5.35792;96556800
2017-10-31;5.40583;5.43958;5.36292;5.41458;60196800
2017-11-01;5.48250;5.49000;5.34792;5.40750;83064000
2017-11-02;5.39125;5.39875;5.26875;5.38000;91780800
2017-11-03;5.43708;5.53625;5.38208;5.53000;86700000
2017-11-06;5.52042;5.59500;5.51375;5.58625;76096800
2017-11-07;5.57375;5.62042;5.54000;5.59542;93321600
2017-11-08;5.59000;5.66875;5.56917;5.66542;68863200
2017-11-09;5.52750;5.58333;5.40208;5.57458;163195200
2017-11-10;5.53708;5.58583;5.50583;5.57292;66436800
2017-11-13;5.51417;5.61417;5.50958;5.58958;75144000
2017-11-14;5.53333;5.55167;5.45167;5.53333;91000800
2017-11-15;5.46250;5.49792;5.36500;5.45208;80668800
2017-11-16;5.53792;5.69625;5.53500;5.65625;80853600
2017-11-17;5.66208;5.67333;5.57792;5.59292;69352800
2017-11-20;5.60167;5.62083;5.55667;5.57917;50059200
2017-11-21;5.65708;5.76667;5.65125;5.75500;70742400
2017-11-22;5.77542;5.79625;5.74292;5.77792;60117600
2017-11-24;5.80000;5.84750;5.78917;5.84292;39952800
2017-11-27;5.83542;5.87583;5.79500;5.83333;66837600
2017-11-28;5.87292;5.88958;5.77958;5.87625;70305600
2017-11-29;5.86167;5.86167;5.49000;5.57417;208288800
2017-11-30;5.64417;5.74333;5.60208;5.71250;118780800
2017-12-01;5.60208;5.71792;5.38708;5.63625;170294400
2017-12-04;5.74667;5.75958;5.42458;5.44167;165444000
2017-12-05;5.43208;5.63708;5.37292;5.44958;115480800
2017-12-06;5.38917;5.54792;5.36917;5.52167;94759200
2017-12-07;5.52500;5.625;5.50375;5.57625;76156800
2017-12-08;5.70000;5.74083;5.625;5.65000;88401600
2017-12-11;5.65875;5.78667;5.65625;5.77958;71568000
2017-12-12;5.77125;5.80917;5.72167;5.75792;73377600
2017-12-13;5.82333;5.84500;5.76583;5.78667;83342400
2017-12-14;5.82042;5.86208;5.75625;5.77833;71246400
2017-12-15;5.84583;5.99208;5.81417;5.96625;111669600
2017-12-18;6.083750;6.13708;6.058333;6.11958;81081600
2017-12-19;6.086667;6.10625;5.96375;6.020000;98868000
2017-12-20;6.077500;6.080000;5.92042;5.99500;71150400
2017-12-21;6.016250;6.071250;5.97167;5.99208;66518400
2017-12-22;5.96667;5.97875;5.92167;5.97208;42492000
2017-12-26;5.87667;5.89667;5.80792;5.87542;48866400
2017-12-27;5.87583;5.92250;5.85833;5.87542;45196800
2017-12-28;5.92750;5.93292;5.87417;5.89125;46730400
2017-12-29;5.91333;5.91333;5.77583;5.78000;68558400
2018-01-02;5.87083;6.089167;5.82875;6.076667;91735200
2018-01-03;6.10125;6.27750;6.10042;6.25458;85224000
2018-01-04;6.32792;6.35042;6.26917;6.29125;70024800
2018-01-05;6.37917;6.49500;6.34625;6.48125;82380000
2018-01-08;6.48042;6.56667;6.47417;6.55333;72252000
2018-01-09;6.59333;6.61542;6.5;6.55833;104169600
2018-01-10;6.46708;6.51417;6.38375;6.51167;95853600
2018-01-11;6.54458;6.64208;6.51417;6.64208;74839200
2018-01-12;6.61958;6.80875;6.60083;6.78292;89560800
2018-01-16;6.92000;7.027917;6.67000;6.73042;165021600
2018-01-17;6.82000;6.97708;6.72792;6.94250;82624800
2018-01-18;6.91208;6.99542;6.86292;6.94917;94394400
2018-01-19;7.0087500;7.045833;6.91042;7.015833;84948000
2018-01-22;6.99917;7.23500;6.98125;7.23500;103862400
2018-01-23;7.30458;7.43625;7.29333;7.41833;129343200
2018-01-24;7.45875;7.51083;7.14375;7.26792;209073600
2018-01-25;7.41958;7.42500;7.19042;7.25875;133300800
2018-01-26;7.375;7.58292;7.33667;7.58292;106437600
2018-01-29;7.53792;7.58917;7.43375;7.48250;132348000
2018-01-30;7.27417;7.38958;7.17833;7.29125;132506400
2018-01-31;7.41875;7.46083;7.25;7.38125;110997600
2018-02-01;7.21792;7.42500;7.12000;7.19667;127968000
2018-02-02;7.11625;7.15958;6.74625;6.75708;190185600
2018-02-05;6.57292;6.90167;5.94208;5.97708;230628000
2018-02-06;5.70083;6.45833;5.62625;6.43792;239383200
2018-02-07;6.37750;6.58292;6.18333;6.18333;176112000
2018-02-08;6.24708;6.25583;5.41667;5.41708;216405600
2018-02-09;5.63333;5.79792;5.050000;5.67208;320344800
2018-02-12;5.86583;6.099583;5.71792;5.98958;175056000
2018-02-13;5.88458;6.10833;5.84875;6.0625;108055200
2018-02-14;5.97167;6.44250;5.96542;6.41750;168115200
2018-02-15;6.58333;6.76167;6.38250;6.75292;190375200
2018-02-16;6.70375;6.89458;6.63958;6.67750;170553600
2018-02-20;6.60083;6.88500;6.59458;6.71083;145869600
2018-02-21;6.80708;7.0087500;6.64583;6.65042;177477600
2018-02-22;6.74708;6.84792;6.60083;6.65167;166603200
2018-02-23;6.80250;7.052500;6.73083;7.047917;142768800
2018-02-26;7.15875;7.33417;7.14333;7.33083;133951200
2018-02-27;7.34375;7.38292;7.059167;7.068333;173308800
2018-02-28;7.18625;7.25625;6.91917;6.92625;153014400
2018-03-01;6.94167;7.034167;6.40333;6.59292;251916000
2018-03-02;6.36167;6.80583;6.28250;6.77417;193399200
2018-03-05;6.67875;7.046667;6.59833;6.98667;148881600
2018-03-06;7.090833;7.15375;6.95000;7.075000;142060800
2018-03-07;6.92042;7.14583;6.88417;7.12792;133764000
2018-03-08;7.20750;7.25917;7.12958;7.23417;115168800
2018-03-09;7.39833;7.65542;7.36583;7.65542;147348000
2018-03-12;7.72917;7.84042;7.68083;7.77000;132679200
2018-03-13;7.72917;7.84042;7.41083;7.48792;182292000
2018-03-14;7.58250;7.60542;7.36667;7.46250;133622400
2018-03-15;7.48500;7.57542;7.36000;7.42917;110896800
2018-03-16;7.47167;7.52833;7.36667;7.38000;78268800
2018-03-19;7.18708;7.18708;6.71125;6.91667;194232000
2018-03-20;6.91833;7.016667;6.84042;6.96750;92193600
2018-03-21;6.91667;7.10833;6.78083;6.86667;132496800
2018-03-22;6.60000;6.73333;6.34167;6.36500;205879200
2018-03-23;6.34167;6.39583;5.85083;5.85083;217598400
2018-03-26;6.20833;6.53500;5.93250;6.50917;183504000
2018-03-27;6.66208;6.66208;5.71542;5.88500;273614400
2018-03-28;5.78208;5.95083;5.54167;5.68208;242289600
2018-03-29;5.76833;6.15417;5.60542;5.99667;197073600
2018-04-02;5.85500;5.9375;5.28208;5.46417;244953600
2018-04-03;5.61458;5.71667;5.34958;5.64750;221805600
2018-04-04;5.31792;5.96583;5.30000;5.91458;216729600
2018-04-05;6.090833;6.11458;5.88167;6.0075002;183355200
2018-04-06;5.82042;5.99250;5.47583;5.55917;232291200
2018-04-09;5.70583;6.010833;5.64792;5.67042;175891200
2018-04-10;5.93542;6.10625;5.81833;6.045000;194875200
2018-04-11;5.94167;6.14042;5.92542;5.94333;143440800
2018-04-12;6.0625;6.21875;6.041250;6.15167;142766400
2018-04-13;6.25042;6.27667;5.98583;6.060417;142485600
2018-04-16;6.18417;6.26625;6.074167;6.19417;118298400
2018-04-17;6.38000;6.63833;6.34792;6.59042;124147200
2018-04-18;6.60000;6.70625;6.50417;6.63625;118089600
2018-04-19;6.54042;6.58250;6.38542;6.45583;129019200
2018-04-20;6.40625;6.41667;6.079167;6.14625;140812800
2018-04-23;6.23167;6.30500;6;6.097917;123333600
2018-04-24;6.17833;6.21208;5.59000;5.70917;213019200
2018-04-25;5.73667;5.80000;5.49500;5.73167;210816000
2018-04-26;5.94958;6.14583;5.89250;6.087083;141993600
2018-04-27;6.35333;6.36042;5.99667;6.10125;164858400
2018-04-30;6.14208;6.25417;5.92208;5.97125;161124000
2018-05-01;5.91917;6.17333;5.88042;6.16542;116978400
2018-05-02;6.20625;6.26042;6.041667;6.057917;143652000
2018-05-03;5.97708;6.12458;5.76875;6.058333;196072800
2018-05-04;5.98167;6.44375;5.96583;6.39917;185932800
2018-05-07;6.49417;6.62208;6.47417;6.55125;139063200
2018-05-08;6.51625;6.58083;6.39625;6.52958;126715200
2018-05-09;6.57500;6.76458;6.50417;6.74833;114996000
2018-05-10;6.8125;6.97250;6.79750;6.95833;119006400
2018-05-11;6.92292;6.98417;6.84583;6.9375;119697600
2018-05-14;6.98125;7.10375;6.9375;6.96833;109183200
2018-05-15;6.80250;6.81417;6.63083;6.74292;174520800
2018-05-16;6.75833;6.91667;6.75667;6.86708;89712000
2018-05-17;6.79708;6.94542;6.68875;6.78958;103219200
2018-05-18;6.71208;6.77917;6.65333;6.68083;85466400
2018-05-21;6.83417;6.92625;6.70833;6.79750;116892000
2018-05-22;6.88458;6.92083;6.73250;6.76208;96943200
2018-05-23;6.61250;6.93625;6.60583;6.93208;123045600
2018-05-24;6.93000;6.96375;6.71750;6.92625;71110400
2018-05-25;6.92875;7.020000;6.88375;6.94375;63081600
2018-05-29;6.84875;6.97250;6.72875;6.85500;94451200
2018-05-30;6.92500;7.035000;6.88125;7.0012498;70806400
2018-05-31;6.99125;7.12250;6.93000;6.98625;81056800
2018-06-01;7.081250;7.32250;7.081250;7.31125;77171200
2018-06-04;7.36250;7.51250;7.35250;7.49875;64049600
2018-06-05;7.55875;7.61375;7.47625;7.57625;55900000
2018-06-06;7.60000;7.70750;7.48500;7.70125;57628000
2018-06-07;7.71125;7.71500;7.40375;7.52250;78452000
2018-06-08;7.40375;7.55000;7.35375;7.51750;49320800
2018-06-11;7.49875;7.63250;7.49500;7.57625;40836000
2018-06-12;7.60750;7.71625;7.58375;7.69625;47848000
2018-06-13;7.72500;7.86625;7.64250;7.6875;72247200
2018-06-14;7.79750;7.95750;7.77625;7.92125;90452800
2018-06-15;7.83000;7.88625;7.72500;7.84250;77689600
2018-06-18;7.6875;7.84375;7.61500;7.82500;68726400
2018-06-19;7.52375;7.75750;7.45250;7.75500;107633600
2018-06-20;7.85750;8.016250;7.84125;7.91750;79644800
2018-06-21;7.97250;7.99875;7.66625;7.71250;102280800
2018-06-22;7.79000;7.79750;7.57625;7.63500;62227200
2018-06-25;7.45250;7.48375;6.93625;7.14750;171306400
2018-06-26;7.21625;7.34750;7.13750;7.22625;94165600
2018-06-27;7.31750;7.41500;6.91500;6.93625;131838400
2018-06-28;6.90250;7.17625;6.85875;7.10625;111300000
2018-06-29;7.20875;7.32000;7.13250;7.13875;78536000
2018-07-02;6.95750;7.30750;6.91000;7.29875;83296800
2018-07-03;7.37750;7.38500;7.028750;7.047500;56425600
2018-07-05;7.18625;7.32375;7.073750;7.30625;65622400
2018-07-06;7.35125;7.66125;7.31500;7.63500;75012000
2018-07-09;7.76000;7.85625;7.67375;7.84750;72377600
2018-07-10;7.88125;7.91875;7.78500;7.86625;66784000
2018-07-11;7.6875;7.83250;7.66125;7.75125;79829600
2018-07-12;7.84625;8.14000;7.83000;8.13375;81352000
2018-07-13;8.13500;8.20375;8.073750;8.15750;67876000
2018-07-16;8.16375;8.20750;8.060000;8.10250;55560000
2018-07-17;7.85000;8.30000;7.84750;8.25250;75593600
2018-07-18;8.25;8.27375;8.125;8.20000;46537600
2018-07-19;8.12000;8.19500;8.047500;8.078750;76874400
2018-07-20;8.14500;8.22875;8.041250;8.067500;57396000
2018-07-23;7.99625;8.15375;7.90000;8.13750;63027200
2018-07-24;8.39375;8.48125;8.14375;8.24125;95066400
2018-07-25;8.25250;8.60125;8.24625;8.58500;77241600
2018-07-26;8.24000;8.31750;8.16375;8.21000;111888000
2018-07-27;8.35500;8.36250;7.72250;7.86750;118098400
2018-07-30;7.86875;7.87625;7.41500;7.52875;100805600
2018-07-31;7.60875;7.78625;7.48875;7.67875;95712000
2018-08-01;7.75;7.85375;7.65500;7.78375;69301600
2018-08-02;7.61250;8.125;7.60500;8.09375;92242400
2018-08-03;8.13625;8.17375;8.037500;8.16625;72133600
2018-08-06;8.15625;8.32125;8.12375;8.31625;68068000
2018-08-07;8.38125;8.45000;8.33125;8.39750;71970400
2018-08-08;8.37000;8.48125;8.30000;8.42000;63434400
2018-08-09;8.41250;8.51250;8.37750;8.41250;54530400
2018-08-10;8.24500;8.31875;8.12750;8.21625;85626400
2018-08-13;8.26125;8.42125;8.18125;8.19250;92674400
2018-08-14;8.28250;8.37375;8.15375;8.34375;60727200
2018-08-15;8.15500;8.22500;7.88500;8.040000;115857600
2018-08-16;8.21750;8.26875;8.066250;8.11375;65142400
2018-08-17;8.048750;8.17750;7.90125;8.11250;70262400
2018-08-20;8.17125;8.17875;8;8.096250;67461600
2018-08-21;8.16750;8.32750;8.15125;8.18000;67069600
2018-08-22;8.125;8.30250;8.098750;8.27500;63313600
2018-08-23;8.23375;8.40750;8.19625;8.23375;71133600
2018-08-24;8.32125;8.48375;8.3125;8.46250;63956800
2018-08-27;8.59875;8.71875;8.55250;8.71750;72851200
2018-08-28;8.79000;8.82125;8.70500;8.75625;65224800
2018-08-29;8.80125;9.075000;8.79375;9.0625;65735200
2018-08-30;9.0074997;9.17000;8.91875;9.011250;87863200
2018-08-31;8.97750;9.11875;8.94625;9.037500;63180000
2018-09-04;8.95875;9.0037498;8.77875;8.93000;80209600
2018-09-05;8.875;8.87875;8.49000;8.57500;107729600
2018-09-06;8.59000;8.61625;8.17250;8.34125;115504800
2018-09-07;8.17000;8.46125;8.15250;8.25875;77009600
2018-09-10;8.38625;8.40250;8.19125;8.33125;55448800
2018-09-11;8.22125;8.56000;8.16250;8.51625;70522400
2018-09-12;8.48125;8.49875;8.22375;8.44250;88261600
2018-09-13;8.58750;8.75250;8.58375;8.69250;74676000
2018-09-14;8.72375;8.76750;8.52625;8.62625;76688000
2018-09-17;8.57750;8.60375;8.23250;8.26250;72823200
2018-09-18;8.28000;8.58125;8.26750;8.45875;72758400
2018-09-19;8.46250;8.52250;8.27375;8.44000;58962400
2018-09-20;8.60250;8.74750;8.54500;8.70500;62683200
2018-09-21;8.78250;8.82250;8.53875;8.56625;60281600
2018-09-24;8.38875;8.64875;8.28000;8.64000;52875200
2018-09-25;8.62375;8.69125;8.53875;8.67500;43259200
2018-09-26;8.68250;8.93375;8.63875;8.66625;70920000
2018-09-27;8.79500;8.99750;8.77875;8.90625;58525600
2018-09-28;8.83000;8.96875;8.78500;8.89250;61857600
2018-10-01;9.0625;9.14625;8.88500;8.94375;68232000
2018-10-02;8.92000;9.095000;8.83000;8.89250;64787200
2018-10-03;9.0012503;9.0625;8.87875;8.91875;66569600
2018-10-04;8.8125;8.82250;8.21250;8.41000;150889600
2018-10-05;8.40000;8.47875;7.85250;8.09375;132924000
2018-10-08;7.98000;8.15625;7.65500;7.94875;119353600
2018-10-09;7.95875;8.20000;7.89875;8.010000;104289600
2018-10-10;7.87375;7.88250;6.93000;6.97125;242856000
2018-10-11;6.87625;7.15625;6.47875;6.68875;222432000
2018-10-12;7.22250;7.31500;6.85000;7.25375;168488000
2018-10-15;7.18250;7.21375;6.90625;6.98000;159735200
2018-10-16;7.20500;7.64625;7.16875;7.58125;124466400
2018-10-17;7.71000;7.72250;7.36875;7.60625;130120800
2018-10-18;7.50750;7.51625;6.97625;7.078750;156348800
2018-10-19;7.22375;7.42375;6.97375;7.050000;134836800
2018-10-22;7.17625;7.32250;6.99625;7.15625;114926400
2018-10-23;6.77375;7.18500;6.52875;7.077500;176781600
2018-10-24;7.051250;7.087500;6.085000;6.11500;204842400
2018-10-25;6.38625;6.84625;6.30375;6.74250;152073600
2018-10-26;6.050000;6.60375;5.93500;6.21875;244761600
2018-10-29;6.49750;6.57500;5.48000;5.88625;217961600
2018-10-30;5.78000;6.13125;5.69625;6.11375;184865600
2018-10-31;6.40625;6.70750;6.40625;6.52625;180157600
2018-11-01;6.58375;6.82750;6.43000;6.81125;126066400
2018-11-02;6.74375;6.86625;6.35000;6.50625;174357600
2018-11-05;6.51000;6.51750;6.22000;6.44250;102600800
2018-11-06;6.42625;6.69125;6.40875;6.57875;111461600
2018-11-07;6.81375;7.19500;6.77125;7.18375;138552000
2018-11-08;7.098750;7.16500;6.95750;7.061250;117524800
2018-11-09;6.86500;6.91000;6.53625;6.70250;136739200
2018-11-12;6.5625;6.59875;6.073750;6.11375;154367200
2018-11-13;6.18375;6.4375;6.055000;6.11125;154454400
2018-11-14;6.28500;6.35250;5.86000;5.95625;156124000
2018-11-15;5.92375;6.32625;5.77625;6.27500;169816800
2018-11-16;6.095000;6.30000;6.015000;6.20625;134324800
2018-11-19;6.11500;6.14375;5.55000;5.61125;186492000
2018-11-20;5.21500;5.53000;5.087500;5.30000;202991200
2018-11-21;5.50375;5.57750;5.39000;5.41875;115115200
2018-11-23;5.28500;5.46500;5.28125;5.29875;56880000
2018-11-26;5.52250;5.67250;5.45250;5.66250;119964800
2018-11-27;5.57750;5.76500;5.48625;5.72125;120163200
2018-11-28;5.85000;6.27000;5.75;6.26375;195064800
2018-11-29;6.19000;6.33375;6.060000;6.20625;129044800
2018-11-30;6.23000;6.35500;6.14125;6.33625;116635200
2018-12-03;6.76000;6.78750;6.53125;6.66125;149343200
2018-12-04;6.56875;6.62375;5.88375;5.92875;210096000
2018-12-06;5.55125;6.027500;5.47875;6.015000;196156000
2018-12-07;5.95000;6.052500;5.375;5.42625;222987200
2018-12-10;5.39500;5.67000;5.22750;5.59625;176468800
2018-12-11;5.86625;5.875;5.51125;5.65625;172163200
2018-12-12;5.90250;6.066250;5.79625;5.79875;169451200
2018-12-13;5.91250;5.98625;5.69000;5.80000;164724800
2018-12-14;5.61125;5.66625;5.33875;5.36250;156177600
2018-12-17;5.30875;5.43625;4.88625;5.016250;200592800
2018-12-18;5.13500;5.25125;4.97125;5.100000;157893600
2018-12-19;5.088750;5.32375;4.61000;4.73125;307862400
2018-12-20;4.68375;4.84750;4.34125;4.54125;320818400
2018-12-21;4.58125;4.67625;4.026250;4.10250;369034400
2018-12-24;4;4.16125;3.79000;3.79875;175600800
2018-12-26;3.91250;4.49250;3.83000;4.48250;378235200
2018-12-27;4.32500;4.55000;4.015000;4.54625;341834400
2018-12-28;4.625;4.76375;4.42125;4.52750;304842400
2018-12-31;4.67000;4.71000;4.50625;4.63000;216966400
2019-01-02;4.34750;4.77875;4.34125;4.69625;271665600
2019-01-03;4.49750;4.55125;4.20375;4.24125;330510400
2019-01-04;4.44375;4.84500;4.39625;4.78375;272964000
2019-01-07;4.80875;5.018750;4.76625;4.93625;213106400
2019-01-08;5.086250;5.13875;4.86250;5.078750;211622400
2019-01-09;5.14000;5.27125;5.075000;5.19875;178098400
2019-01-10;5.080000;5.25375;4.99500;5.24875;175131200
2019-01-11;5.15500;5.20375;5.10125;5.18625;120804800
2019-01-14;5.053750;5.11750;4.98250;5.051250;111383200
2019-01-15;5.11750;5.36500;5.10750;5.33125;145125600
2019-01-16;5.37125;5.48250;5.33500;5.33875;135892800
2019-01-17;5.28750;5.53375;5.25750;5.46375;142040000
2019-01-18;5.59000;5.70125;5.48125;5.61375;166908800
2019-01-22;5.50125;5.51000;5.16500;5.30375;181734400
2019-01-23;5.36875;5.4375;5.12750;5.30875;166093600
2019-01-24;5.35250;5.42750;5.29250;5.40250;128115200
2019-01-25;5.53250;5.64625;5.47750;5.59500;139513600
2019-01-28;5.37625;5.38875;5.25125;5.38875;140359200
2019-01-29;5.39875;5.40125;5.17875;5.23625;122530400
2019-01-30;5.41250;5.69000;5.36125;5.62875;175824000
2019-01-31;5.72750;5.96500;5.71000;5.87625;160575200
2019-02-01;5.79250;5.92750;5.75750;5.80125;141561600
2019-02-04;5.80875;6.020000;5.79250;6.013750;110976800
2019-02-05;6.046250;6.20000;6.037500;6.17250;128916800
2019-02-06;6.18500;6.21625;6.040000;6.12375;145420000
2019-02-07;5.95875;6.0037498;5.73625;5.87375;209793600
2019-02-08;5.71375;5.90625;5.70000;5.90375;144722400
2019-02-11;5.97125;6.013750;5.84500;5.89000;121196800
2019-02-12;6.016250;6.17375;5.98625;6.14500;128226400
2019-02-13;6.23250;6.28500;6.14000;6.15750;127609600
2019-02-14;6.087500;6.24375;6.027500;6.18000;153369600
2019-02-15;6.31375;6.31500;6.17000;6.25375;142496000
2019-02-19;6.19500;6.34875;6.19500;6.29125;103572800
2019-02-20;6.30625;6.37875;6.18625;6.28625;171065600
2019-02-21;6.23375;6.28625;6.11625;6.21500;128493600
2019-02-22;6.25750;6.36500;6.24625;6.35000;119637600
2019-02-25;6.50125;6.54750;6.40750;6.42000;124102400
2019-02-26;6.37000;6.5;6.34000;6.44000;105356800
2019-02-27;6.35375;6.44750;6.22375;6.42000;115844000
2019-02-28;6.36375;6.44750;6.32500;6.38000;92063200
2019-03-01;6.51500;6.53625;6.37750;6.50750;140156800
2019-03-04;6.62125;6.66625;6.29375;6.50875;213088000
2019-03-05;6.52250;6.58500;6.42750;6.52500;100348800
2019-03-06;6.54125;6.54750;6.38250;6.41250;123468800
2019-03-07;6.36000;6.36750;6.10375;6.17875;169306400
2019-03-08;5.96750;6.15250;5.94500;6.14375;174936800
2019-03-11;6.21625;6.53875;6.21625;6.52750;128468000
2019-03-12;6.57875;6.68375;6.53125;6.63375;151606400
2019-03-13;6.73375;6.88625;6.70750;6.77750;145129600
2019-03-14;6.79000;6.81500;6.73750;6.74750;95443200
2019-03-15;6.82625;6.99250;6.80750;6.91500;138845600
2019-03-18;6.92125;7.042500;6.88000;6.97750;148994400
2019-03-19;7.067500;7.16000;6.96125;7.047500;164380800
2019-03-20;7.043750;7.25625;6.94875;7.12625;183522400
2019-03-21;7.060000;7.48750;7.056250;7.45625;151957600
2019-03-22;7.35875;7.41875;6.94250;6.96875;267601600
2019-03-25;6.88250;6.99625;6.77250;6.92500;210369600
2019-03-26;7.086250;7.21000;6.91375;7.020000;175872000
2019-03-27;7.048750;7.097500;6.73125;6.88250;176810400
2019-03-28;6.93375;7.0037498;6.80375;6.92625;128437600
2019-03-29;7.078750;7.10250;6.96000;7.082500;126980000
2019-04-01;7.28750;7.38750;7.21250;7.36125;122364800
2019-04-02;7.38625;7.46500;7.32875;7.44250;106728800
2019-04-03;7.56750;7.71125;7.50125;7.57125;151384000
2019-04-04;7.57250;7.66000;7.42875;7.56000;143620800
2019-04-05;7.63250;7.6875;7.59750;7.67375;104654400
2019-04-08;7.63500;7.74875;7.54500;7.73375;103460000
2019-04-09;7.65500;7.72875;7.60000;7.64875;104121600
2019-04-10;7.68250;7.77750;7.65375;7.77250;99244000
2019-04-11;7.80125;7.80375;7.67000;7.71375;111770400
2019-04-12;7.8125;7.82500;7.71625;7.80875;95228000
2019-04-15;7.80875;7.84000;7.65750;7.81500;83369600
2019-04-16;7.89375;7.94375;7.82375;7.89125;94287200
2019-04-17;8.045000;8.070000;7.90125;7.97000;114422400
2019-04-18;8.010000;8.013750;7.85875;7.99500;91903200
2019-04-22;7.89375;8.073750;7.875;8.0625;75756800
2019-04-23;8.12625;8.40000;8.091250;8.36875;104954400
2019-04-24;8.38750;8.42250;8.28375;8.28750;95075200
2019-04-25;8.47125;8.48125;8.25375;8.38000;119690400
2019-04-26;8.35125;8.41250;8.13750;8.41000;110516800
2019-04-29;8.40750;8.49625;8.36750;8.45500;83797600
2019-04-30;8.25;8.30125;8.083750;8.26125;127595200
2019-05-01;8.41500;8.48875;8.15750;8.16625;125916000
2019-05-02;8.16875;8.29125;7.90625;8.066250;141288800
2019-05-03;8.26750;8.46875;8.22375;8.44625;108889600
2019-05-06;7.91375;8.32750;7.87000;8.29500;161715200
2019-05-07;8.026250;8.12750;7.58000;7.8125;237529600
2019-05-08;7.73375;7.92375;7.64875;7.74375;161237600
2019-05-09;7.49500;7.69875;7.28375;7.62125;220417600
2019-05-10;7.53000;7.75375;7.15500;7.64250;227858400
2019-05-13;7.060000;7.17875;6.78375;6.85250;234920800
2019-05-14;6.95250;7.19750;6.87875;7.067500;140192000
2019-05-15;6.93250;7.42375;6.92375;7.36125;176160000
2019-05-16;7.375;7.72750;7.35125;7.59125;174026400
2019-05-17;7.36125;7.66750;7.33375;7.35500;182510400
2019-05-20;7.047500;7.12875;6.90625;6.98625;184368800
2019-05-21;7.15875;7.25500;7.091250;7.19625;114487200
2019-05-22;7.072500;7.22250;7.070000;7.10250;128912800
2019-05-23;6.85750;6.86000;6.63875;6.76750;207680800
2019-05-24;6.88375;6.95000;6.73500;6.75750;137225600
2019-05-28;6.81750;6.92625;6.67875;6.68500;116903200
2019-05-29;6.56125;6.625;6.40750;6.51750;177921600
2019-05-30;6.56625;6.64750;6.48000;6.59500;136428000
2019-05-31;6.35875;6.42625;6.26750;6.27750;140600800
2019-06-03;6.22750;6.27500;5.76625;5.87625;241812800
2019-06-04;6.050000;6.36000;5.98875;6.35250;163869600
2019-06-05;6.53625;6.54000;6.29625;6.49250;152316800
2019-06-06;6.52500;6.69375;6.43875;6.64250;100302400
2019-06-07;6.75;7.11500;6.72750;7.021250;151548000
2019-06-10;7.17000;7.47750;7.17000;7.27750;183272000
2019-06-11;7.50750;7.54625;7.23125;7.30500;137447200
2019-06-12;7.24125;7.28750;7.13750;7.18125;110176000
2019-06-13;7.26625;7.35375;7.22250;7.29875;98559200
2019-06-14;7.18375;7.26250;7.12375;7.20375;77144800
2019-06-17;7.24875;7.39625;7.23000;7.33500;75050400
2019-06-18;7.59375;7.81125;7.53875;7.65250;141829600
2019-06-19;7.69125;7.79500;7.55000;7.74250;136979200
2019-06-20;8.061250;8.066250;7.77875;7.95500;119355200
2019-06-21;7.91375;8.067500;7.86875;7.91875;104646400
2019-06-24;7.96125;7.98625;7.90125;7.91625;68938400
2019-06-25;7.89750;7.91000;7.47250;7.51125;139623200
2019-06-26;7.65250;7.79750;7.57500;7.60625;94115200
2019-06-27;7.68875;7.74875;7.63125;7.68875;75270400
2019-06-28;7.74750;7.77375;7.63875;7.72125;98932800
2019-07-01;8.16250;8.19375;7.92375;8.028750;144820800
2019-07-02;8.020000;8.12625;7.95500;8.12625;81248800
2019-07-03;8.17750;8.30625;8.15750;8.30625;67127200
2019-07-05;8.13625;8.29875;8.038750;8.25250;116844800
2019-07-08;8.098750;8.10000;7.97750;8.078750;105787200
2019-07-09;7.95875;8.22750;7.94125;8.20000;88595200
2019-07-10;8.35000;8.51125;8.30000;8.44250;154109600
2019-07-11;8.48375;8.53750;8.33875;8.42000;127849600
2019-07-12;8.44375;8.56375;8.42250;8.56125;89192800
2019-07-15;8.62000;8.64875;8.55125;8.63375;73394400
2019-07-16;8.60625;8.63500;8.43000;8.51125;111992000
2019-07-17;8.51500;8.55375;8.38000;8.38500;92508000
2019-07-18;8.26125;8.45750;8.17875;8.42125;135568000
2019-07-19;8.58750;8.58750;8.19625;8.21750;140779200
2019-07-22;8.28000;8.46625;8.27750;8.41125;95506400
2019-07-23;8.55125;8.57750;8.38000;8.57375;116049600
2019-07-24;8.48000;8.75625;8.47500;8.75625;109244800
2019-07-25;8.66750;8.66875;8.45500;8.50625;150075200
2019-07-26;8.66250;8.79875;8.65250;8.75875;111478400
2019-07-29;8.74500;8.74500;8.50875;8.67750;113275200
2019-07-30;8.47750;8.66000;8.45750;8.56125;111504000
2019-07-31;8.62875;8.64375;7.96250;8.20000;196340800
2019-08-01;8.24500;8.70000;7.95500;8.085000;298384800
2019-08-02;7.90000;7.92875;7.57500;7.71500;246920000
2019-08-05;7.24250;7.24250;6.71000;6.90500;302484800
2019-08-06;7.090000;7.24750;6.9375;7.18875;213540800
2019-08-07;6.95125;7.32875;6.78750;7.29375;307908800
2019-08-08;7.40500;7.77875;7.33625;7.77625;219056000
2019-08-09;7.65750;7.74000;7.37125;7.54625;221366400
2019-08-12;7.41000;7.47875;7.19000;7.29375;213311200
2019-08-13;7.28000;7.92375;7.25;7.77250;239259200
2019-08-14;7.39375;7.46750;7.032500;7.076250;304930400
2019-08-15;7.11250;7.16500;6.88375;7.046250;208939200
2019-08-16;7.22250;7.43625;7.22250;7.37125;164405600
2019-08-19;7.68375;7.78000;7.62125;7.71625;120044000
2019-08-20;7.67625;7.75625;7.55125;7.55750;125264000
2019-08-21;7.75375;7.82375;7.67125;7.75;101481600
2019-08-22;7.79500;7.84875;7.49125;7.67500;152629600
2019-08-23;7.51625;7.72500;6.88500;6.97250;302350400
2019-08-26;7.18625;7.25750;7.057500;7.25500;146585600
2019-08-27;7.40625;7.44500;7.125;7.21125;154579200
2019-08-28;7.13875;7.32125;7.03125;7.28375;127824800
2019-08-29;7.55250;7.67875;7.46750;7.61500;141523200
2019-08-30;7.74000;7.74125;7.43250;7.56125;136103200
2019-09-03;7.41125;7.52250;7.26375;7.34125;128785600
2019-09-04;7.54750;7.67125;7.49000;7.65000;100464800
2019-09-05;7.90250;8.13875;7.89000;8.072500;126744000
2019-09-06;8.10625;8.12000;7.99500;8.050000;115038400
2019-09-09;8.12125;8.13375;7.87125;7.99875;112312800
2019-09-10;7.86750;7.93500;7.71000;7.93250;136765600
2019-09-11;7.96875;8.16125;7.91625;8.14625;111400800
2019-09-12;8.29750;8.43500;8.21125;8.24750;139931200
2019-09-13;8.21250;8.26750;8.125;8.16000;107610400
2019-09-16;7.99875;8.097500;7.97500;8.047500;97124000
2019-09-17;8.045000;8.16125;7.99750;8.15375;90796000
2019-09-18;8.10750;8.15875;7.84375;8.14875;142063200
2019-09-19;8.19125;8.33625;8.13750;8.18500;132770400
2019-09-20;8.22000;8.24375;7.84250;7.92750;123512800
2019-09-23;7.91000;8.0050001;7.83750;7.93500;89409600
2019-09-24;8.043750;8.092500;7.51750;7.62125;203765600
2019-09-25;7.59500;7.93000;7.40375;7.86500;152304000
2019-09-26;7.84125;7.85750;7.60750;7.78625;136214400
2019-09-27;7.81875;7.83125;7.33250;7.50375;188492000
2019-09-30;7.57500;7.74000;7.53500;7.70375;117103200
2019-10-01;7.79000;7.91875;7.47750;7.51750;158454400
2019-10-02;7.36625;7.36625;7.0025001;7.13250;270824000
2019-10-03;7.12750;7.37125;6.86375;7.36750;240521600
2019-10-04;7.46375;7.71000;7.44875;7.67750;168977600
2019-10-07;7.60750;7.79125;7.56750;7.60625;162530400
2019-10-08;7.45500;7.56000;7.25;7.26000;235405600
2019-10-09;7.45000;7.57625;7.38250;7.48000;152269600
2019-10-10;7.48125;7.73375;7.46000;7.64375;176239200
2019-10-11;7.90250;8.125;7.89250;7.93000;222509600
2019-10-14;7.90625;8.013750;7.88250;7.93875;91493600
2019-10-15;8.010000;8.29375;7.99625;8.24000;140721600
2019-10-16;8.15250;8.23875;8.098750;8.17875;117193600
2019-10-17;8.32000;8.35750;8.14250;8.23500;121839200
2019-10-18;8.20250;8.25375;7.87375;7.99875;154444000
2019-10-21;8.12875;8.22750;8.053750;8.21000;94176000
2019-10-22;8.29500;8.34125;8.010000;8.020000;125023200
2019-10-23;7.96375;8.063750;7.92500;8.057500;96905600
2019-10-24;8.23375;8.30500;8.12125;8.28875;122484800
2019-10-25;8.16125;8.49875;8.15625;8.47750;129177600
2019-10-28;8.60750;8.77125;8.60750;8.73625;111596000
2019-10-29;8.69375;8.73125;8.52875;8.53500;107028000
2019-10-30;8.58000;8.69750;8.43375;8.65500;118984800
2019-10-31;8.72125;8.74000;8.51375;8.66125;123296000
2019-11-01;8.77625;8.89875;8.73625;8.89625;115052800
2019-11-04;9.076250;9.12125;9.015000;9.055000;99926400
2019-11-05;9.096250;9.12250;8.98625;9.066250;103229600
2019-11-06;9.043750;9.047500;8.88125;9.0087500;115329600
2019-11-07;9.15125;9.27500;9.021250;9.10000;125719200
2019-11-08;9.046250;9.21125;8.97875;9.20750;81607200
2019-11-11;9.071250;9.18250;9.03125;9.16875;76092800
2019-11-12;9.19000;9.34000;9.15000;9.24375;128692000
2019-11-13;9.15375;9.27875;9.13250;9.23000;111758400
2019-11-14;9.14875;9.24625;9.063750;9.22750;106651200
2019-11-15;9.38875;9.41750;9.30750;9.40125;90586400
2019-11-18;9.38875;9.49750;9.27250;9.45000;96696000
2019-11-19;9.55875;9.55875;9.38625;9.48875;112120000
2019-11-20;9.41875;9.50375;9.10250;9.32250;150380000
2019-11-21;9.29000;9.30625;9.16875;9.25;90659200
2019-11-22;9.32000;9.33875;9.12125;9.27500;83668000
2019-11-25;9.39000;9.60250;9.38750;9.59625;80078400
2019-11-26;9.61375;9.68875;9.57500;9.65375;83690400
2019-11-27;9.72250;9.85250;9.69000;9.84875;81556800
2019-11-29;9.77625;9.82125;9.70000;9.71750;53796000
2019-12-02;9.71750;9.72375;9.25375;9.40500;151815200
2019-12-03;9.037500;9.20375;8.88875;9.19375;156052000
2019-12-04;9.33625;9.39625;9.29250;9.33000;87659200
2019-12-05;9.42750;9.42875;9.24625;9.37875;89080800
2019-12-06;9.58500;9.70250;9.56750;9.66875;92941600
2019-12-09;9.63625;9.76625;9.54000;9.55000;77928800
2019-12-10;9.55625;9.66000;9.46000;9.52875;112048000
2019-12-11;9.58500;9.70375;9.54500;9.67250;90596000
2019-12-12;9.64125;10;9.60250;9.89375;183164000
2019-12-13;9.87000;10.090000;9.80750;9.98250;160996000
2019-12-16;10.17750;10.32125;10.17000;10.26875;99388000
2019-12-17;10.32125;10.34875;10.25;10.28250;84548800
2019-12-18;10.33125;10.41000;10.29250;10.30625;71408000
2019-12-19;10.33250;10.52250;10.33250;10.51625;83384800
2019-12-20;10.65375;10.69000;10.57500;10.64125;99548000
2019-12-23;10.75250;10.77250;10.69625;10.72000;72427200
2019-12-24;10.74375;10.75875;10.65625;10.73000;39898400
2019-12-26;10.77875;11.013750;10.77875;11.0087500;64258400
2019-12-27;11.12625;11.13250;10.89375;10.97625;99750400
2019-12-30;10.96625;10.98250;10.60000;10.75750;112905600
2019-12-31;10.66250;10.84500;10.60750;10.81875;84380000
2020-01-02;11.088750;11.35500;11.027500;11.35500;131072000
2020-01-03;10.91125;11.25;10.90500;11.046250;145180000
2020-01-06;10.78375;11.26000;10.74375;11.25625;128095200
2020-01-07;11.26750;11.34750;11.14500;11.24250;107699200
2020-01-08;11.24500;11.66000;11.19125;11.50125;159164800
2020-01-09;11.77875;11.85750;11.59000;11.79125;145423200
2020-01-10;11.92375;11.93375;11.64125;11.69500;137604000
2020-01-13;11.84125;12.11000;11.78875;12.10375;116558400
2020-01-14;12.072500;12.14375;11.90250;11.96250;145737600
2020-01-15;11.97250;12.14125;11.85250;11.97000;133003200
2020-01-16;12.13875;12.31125;12.066250;12.30375;121100800
2020-01-17;12.46375;12.51750;12.28250;12.48750;144402400
2020-01-21;12.37875;12.56375;12.37000;12.48125;138882400
2020-01-22;12.65375;12.78625;12.52250;12.56625;136148800
2020-01-23;12.54125;12.69875;12.37125;12.68250;143588800
2020-01-24;12.86250;12.90125;12.18875;12.35375;239374400
2020-01-27;11.53125;11.79375;11.27250;11.59000;198626400
2020-01-28;11.83125;12.20875;11.74750;12.12875;171862400
2020-01-29;12.32875;12.37000;12.022500;12.17250;137877600
2020-01-30;11.95000;12.32500;11.83125;12.31000;200249600
2020-01-31;12.46000;12.46875;11.59375;11.70500;220384000
2020-02-03;11.88875;12.33250;11.86625;12.24250;173688000
2020-02-04;12.75;13.15625;12.62750;13.078750;140248800
2020-02-05;13.57000;13.57250;12.98625;13.23000;174612000
2020-02-06;13.31375;13.56750;13.17625;13.55250;113132800
2020-02-07;13.37250;13.60125;13.26500;13.37750;154052000
2020-02-10;13.24750;13.86375;13.23750;13.86000;123248800
2020-02-11;14.087500;14.23375;13.76000;13.87000;193770400
2020-02-12;14.11125;14.29375;14.012500;14.27625;121608000
2020-02-13;13.97375;14.38750;13.92250;14.22125;155282400
2020-02-14;14.27750;14.37375;14.13500;14.31750;113969600
2020-02-18;14.11500;14.42875;14.073750;14.34250;130167200
2020-02-19;14.60125;14.85000;14.55000;14.75750;105627200
2020-02-20;14.66250;14.74750;13.79875;14.33750;227657600
2020-02-21;14.13250;14.19750;13.34125;13.51750;207107200
2020-02-24;12.035000;12.44750;11.70375;11.96000;269674400
2020-02-25;12.24125;12.36375;10.86750;10.99250;300793600
2020-02-26;11.16000;11.71625;10.89375;11.14375;335736000
2020-02-27;10.28750;10.80125;9.44750;9.47750;425116000
2020-02-28;8.55125;9.67875;8.4375;9.625;494222400
2020-03-02;9.90875;10.96750;9.49625;10.93875;363518400
2020-03-03;11.046250;11.4375;9.61000;9.90875;548126400
2020-03-04;10.44250;11.14375;10.16250;11.11125;315827200
2020-03-05;10.28000;10.84500;9.88625;10.13625;386972000
2020-03-06;9.091250;9.76000;8.875;9.60500;393519200
2020-03-09;7.69125;8.64375;7.625;7.65375;406964800
2020-03-10;8.49750;8.86625;7.625;8.84500;456252800
2020-03-11;8.22250;8.40375;7.375;7.70750;430928000
2020-03-12;6.1875;7.1875;5.55000;5.59500;618225600
2020-03-13;6.53000;7.16375;5.63250;7.10500;556290400
2020-03-16;5.057500;6.075000;4.62375;4.65625;658290400
2020-03-17;4.92250;5.64250;4.46875;5.41500;762020800
2020-03-18;4.53750;5.1875;4.091250;4.91375;848999200
2020-03-19;4.85625;5.51000;4.5;5.027500;804808800
2020-03-20;5.37375;5.47500;4.38750;4.43875;782255200
2020-03-23;4.49125;4.75;4.033750;4.45250;820073600
2020-03-24;5.15375;5.46750;5.016250;5.44500;829824000
2020-03-25;5.52500;5.98000;5.13500;5.31875;834874400
2020-03-26;5.47875;6.25;5.45875;6.18500;649240000
2020-03-27;5.70375;6.041250;5.47375;5.54250;557143200
2020-03-30;5.69750;6.17250;5.625;6.125;416621600
2020-03-31;6.076250;6.44125;5.85750;5.95500;731904000
2020-04-01;5.45000;5.71500;5.077500;5.21625;535589600
2020-04-02;5.15000;5.54250;5.096250;5.52500;467531200
2020-04-03;5.48250;5.62250;5.10750;5.30250;554484000
2020-04-06;5.88875;6.52375;5.79500;6.41250;518616800
2020-04-07;6.98750;7.036250;6.375;6.40000;658009600
2020-04-08;6.58625;6.875;6.41000;6.80875;518180000
2020-04-09;6.99125;7.090000;6.65875;6.83375;553297600
2020-04-13;6.75;7.11000;6.63375;7.071250;426961600
2020-04-14;7.50625;8.050000;7.42375;7.98875;490049600
2020-04-15;7.61375;7.92375;7.45750;7.72375;431688000
2020-04-16;7.97625;8.25875;7.74375;8.13750;562920000
2020-04-17;8.45875;8.51250;8.0037498;8.34125;463564800
2020-04-20;8.14875;8.43875;8.057500;8.071250;386998400
2020-04-21;7.83250;7.89125;7.038750;7.17875;519489600
2020-04-22;7.62875;7.95750;7.53875;7.81375;274185600
2020-04-23;7.90375;8.19875;7.71500;7.76250;424868000
2020-04-24;7.81750;8.17500;7.65125;8.13750;317981600
2020-04-27;8.39750;8.44875;8.20500;8.29625;304741600
2020-04-28;8.52750;8.52875;7.82625;7.84750;386247200
2020-04-29;8.38125;8.79625;8.26125;8.66375;346104000
2020-04-30;8.80125;8.80875;8.49375;8.72125;380544800
2020-05-01;8.16500;8.41375;7.8125;7.93875;346245600
2020-05-04;7.81750;8.24125;7.75875;8.21875;200756000
2020-05-05;8.46625;8.77750;8.40125;8.48125;288714400
2020-05-06;8.69250;8.89125;8.54875;8.64875;311880800
2020-05-07;8.97875;9.09375;8.82125;8.98625;289489600
2020-05-08;9.19375;9.36875;9.065000;9.34875;262202400
2020-05-11;9.18375;9.73750;9.15625;9.58125;269384000
2020-05-12;9.68375;9.76625;9.0037498;9.011250;339363200
2020-05-13;9.073750;9.30625;8.34500;8.67000;491119200
2020-05-14;8.50500;8.96125;8.26375;8.95750;402999200
2020-05-15;8.58875;9.13750;8.53625;9.11125;357806400
2020-05-18;9.5;9.77500;9.40250;9.63875;296474400
2020-05-19;9.67250;9.94625;9.55000;9.56500;261430400
2020-05-20;9.90125;10.18875;9.90125;10.125;285416000
2020-05-21;10.15500;10.24000;9.74125;9.81375;322693600
2020-05-22;9.76125;9.93625;9.63125;9.90250;209664800
2020-05-26;10.38125;10.41500;9.79750;9.86125;245202400
2020-05-27;9.76375;10.0050001;9.17250;10;347291200
2020-05-28;9.82500;10.40125;9.81875;9.93625;303992800
2020-05-29;10.0050001;10.41500;9.79000;10.34625;358492800
2020-06-01;10.25750;10.53000;10.20375;10.47375;209881600
2020-06-02;10.53000;10.69375;10.20500;10.68250;250714400
2020-06-03;10.76875;10.93625;10.65125;10.82750;215033600
2020-06-04;10.77875;10.98500;10.42000;10.60750;266408800
2020-06-05;10.73750;11.31625;10.6875;11.23625;281394400
2020-06-08;11.19875;11.51000;10.98750;11.48625;218544800
2020-06-09;11.36125;11.87250;11.34250;11.74250;213179200
2020-06-10;11.99500;12.40250;11.92250;12.16625;302911200
2020-06-11;11.57250;11.77625;10.35250;10.375;383332000
2020-06-12;11.036250;11.20625;10.053750;10.60000;411876800
2020-06-15;10.13500;11.085000;10.0074997;10.97375;398184800
2020-06-16;11.67375;11.76500;11.038750;11.55375;383217600
2020-06-17;11.77125;11.93250;11.55000;11.66625;258858400
2020-06-18;11.61750;11.79500;11.50500;11.75625;212785600
2020-06-19;12.12125;12.15375;11.49500;11.74000;289950400
2020-06-22;11.73875;12.19375;11.68875;12.15750;220133600
2020-06-23;12.42125;12.82750;12.33250;12.47500;234898400
2020-06-24;12.36250;12.55875;11.48125;11.74000;392821600
2020-06-25;11.73875;12.090000;11.34250;12.051250;301703200
2020-06-26;12.0024996;12.037500;11.11250;11.18500;375940800
2020-06-29;11.15125;11.55375;10.78500;11.54250;259609600
2020-06-30;11.54000;12.31000;11.51625;12.20625;251388800
2020-07-01;12.23250;12.80875;12.15500;12.64250;252137600
2020-07-02;13.036250;13.23375;12.84250;12.91125;228152000
2020-07-06;13.41250;13.94750;13.41125;13.86000;211984000
2020-07-07;13.81875;14.27000;13.53000;13.58750;246099200
2020-07-08;13.80375;14.11750;13.56125;14.11000;239931200
2020-07-09;14.42625;14.58375;13.73250;14.46250;317596000
2020-07-10;14.42750;14.80625;13.98625;14.76875;242789600
2020-07-13;15.25625;15.74375;13.71125;13.85625;374584800
2020-07-14;13.44875;14.21500;12.92375;14.15000;459751200
2020-07-15;14.35750;14.52750;13.67375;14.22000;367544000
2020-07-16;13.75500;14.045000;13.37375;13.91500;299972000
2020-07-17;14.020000;14.13000;13.625;13.98000;231003200
2020-07-20;14.10000;15.27875;13.88625;15.17000;251621600
2020-07-21;15.44875;15.45875;14.55000;14.68500;294313600
2020-07-22;14.77125;15.016250;14.45625;14.85500;227788800
2020-07-23;14.78875;14.90500;13.44625;13.69125;336648800
2020-07-24;13.063750;13.52000;12.62625;13.28625;357218400
2020-07-27;13.57375;14.068750;13.43500;14;267624000
2020-07-28;13.88500;13.96375;13.42125;13.47375;238702400
2020-07-29;13.71125;14.076250;13.64375;13.93250;194280800
2020-07-30;13.61250;14.24625;13.42000;14.15875;302200000
2020-07-31;14.91500;14.9375;14.11000;14.92250;359815200
2020-08-03;15.28125;15.64125;15.25750;15.47875;217868000
2020-08-04;15.41500;15.70250;15.29250;15.68000;211008000
2020-08-05;15.76875;15.88375;15.61375;15.80500;162381600
2020-08-06;15.76375;16.49125;15.65250;16.41000;192064000
2020-08-07;16.32750;16.47750;15.46125;15.87375;296708000
2020-08-10;15.90875;15.95125;15.021250;15.66000;254311200
2020-08-11;15.44500;15.68125;14.67375;14.77125;310273600
2020-08-12;15.13750;16.045000;15.13750;15.87625;221247200
2020-08-13;16.010000;16.39750;15.81625;15.98750;234281600
2020-08-14;16.082500;16.14875;15.67625;15.94125;199737600
2020-08-17;16.23375;16.54500;16.20750;16.46750;126664800
2020-08-18;16.67875;17.049999;16.41125;16.95125;149313600
2020-08-19;16.94875;17.15125;16.53625;16.62000;205847200
2020-08-20;16.46875;17.39875;16.39625;17.30375;152774400
2020-08-21;17.33250;17.75125;17.22375;17.66500;164280000
2020-08-24;18.27625;18.44500;17.55500;17.99250;251384000
2020-08-25;17.85375;18.43125;17.75875;18.41250;172556800
2020-08-26;18.65875;19.63125;18.63500;19.59125;219663200
2020-08-27;19.82250;19.98375;18.94750;19.41375;302602400
2020-08-28;19.66125;19.84125;19.39375;19.71375;198145600
2020-08-31;19.81750;20.56750;19.72750;20.17000;180398400
2020-09-01;20.74000;21.24625;20.36875;21.21750;193147200
2020-09-02;21.93500;21.95875;20.58375;21.81625;289369600
2020-09-03;20.84125;20.92500;17.85250;18.46625;443024800
2020-09-04;18.17250;18.78750;15.48250;17.70500;561480800
2020-09-08;15.61875;16.74625;15.13250;15.20250;426824800
2020-09-09;16.12875;16.90000;15.70875;16.50875;290352000
2020-09-10;17.065001;17.29875;15.21750;15.55375;465936800
2020-09-11;15.875;16.023750;14.60125;15.21375;385797600
2020-09-14;15.875;16.35125;15.63500;15.99750;269032800
2020-09-15;16.66625;16.92750;16.37000;16.67750;300889600
2020-09-16;16.81625;16.91500;15.82375;15.87625;306141600
2020-09-17;14.65125;15.49500;14.50625;15.14500;446844800
2020-09-18;15.35750;15.43125;13.84500;14.56000;463042400
2020-09-21;13.90375;14.74375;13.51250;14.73250;375314400
2020-09-22;15.15000;15.64125;14.55750;15.53750;315066400
2020-09-23;15.48125;15.51875;13.96375;14.098750;405507200
2020-09-24;13.71125;14.83875;13.64625;14.30500;375036000
2020-09-25;14.38375;15.44500;14.13125;15.30750;324478400
2020-09-28;16.16125;16.25;15.69625;16.21500;273331200
2020-09-29;16.18500;16.35500;15.94125;16.045000;221805600
2020-09-30;16.073750;16.94000;16.03125;16.36250;338768000
2020-10-01;17.071251;17.25875;16.72250;17.12875;278676000
2020-10-02;16.014999;16.70375;15.54125;15.71625;399553600
2020-10-05;16.058750;16.76250;16.03125;16.70750;210790400
2020-10-06;16.54875;16.89000;15.64375;15.81000;345648800
2020-10-07;16.27125;16.76375;16.17250;16.64125;225088800
2020-10-08;17.056250;17.076250;16.69250;16.88625;197893600
2020-10-09;17.19250;17.67375;17.12000;17.63750;195271200
2020-10-12;18.55000;19.84125;18.35750;19.28250;294116800
2020-10-13;19.65000;19.79125;19.018749;19.28500;283861600
2020-10-14;19.45750;19.65000;18.45625;18.80875;296589600
2020-10-15;17.87750;18.54875;17.74250;18.42000;249076800
2020-10-16;18.75875;19.033751;18.0625;18.13750;228096800
2020-10-19;18.50500;18.68875;17.045000;17.23625;277555200
2020-10-20;17.37250;17.92500;17.073750;17.34750;274710400
2020-10-21;17.38625;17.87625;17.21500;17.30250;242572800
2020-10-22;17.46250;17.625;16.68375;17.31125;239163200
2020-10-23;17.42625;17.42875;16.86125;17.41250;191088000
2020-10-26;16.97125;17.49750;15.93625;16.61875;317113600
2020-10-27;16.78375;17.15000;16.56500;17.011250;223860000
2020-10-28;16.17750;16.28000;14.97500;15.015000;369440000
2020-10-29;15.24250;16.30750;15.15500;15.77875;276374400
2020-10-30;15.44375;15.59125;14.19375;14.68125;461622400
2020-11-02;14.97375;15.26125;14.20125;14.68625;302272000
2020-11-03;14.99750;15.80125;14.82500;15.42500;269938400
2020-11-04;16.94875;17.83000;16.66500;17.51000;338375200
2020-11-05;18.70750;19.068750;18.44875;18.86125;300264800
2020-11-06;18.73375;19.071251;18.0074997;18.92500;270302400
2020-11-09;19.46000;19.79750;17.68500;17.77000;331731200
2020-11-10;17.14250;17.40625;16.29375;16.81125;337333600
2020-11-11;17.25875;18.023750;17.18500;17.94125;253661600
2020-11-12;18.10625;18.36500;17.46500;17.67875;286687200
2020-11-13;17.97250;18.26000;17.58250;18.14250;209495200
2020-11-16;18.09375;18.62625;17.96750;18.56000;213748800
2020-11-17;18.60000;18.67000;18.26625;18.38875;182704000
2020-11-18;18.28250;18.59375;17.96250;17.96250;154341600
2020-11-19;17.86375;18.46125;17.74500;18.40750;159341600
2020-11-20;18.38125;18.53375;18.014999;18.033751;129993600
2020-11-23;18.22750;18.46750;17.59500;18.037500;179060800
2020-11-24;18.22750;18.87875;17.88375;18.77500;156015200
2020-11-25;18.96500;19.25125;18.80625;19.12875;128677600
2020-11-27;19.50500;19.88375;19.44125;19.65125;92927200
2020-11-30;19.71500;19.84750;18.82250;19.75250;184622400
2020-12-01;20.22375;20.86875;20.012501;20.52875;169989600
2020-12-02;20.27625;20.68000;19.89750;20.61125;146129600
2020-12-03;20.66125;21.023750;20.54375;20.69500;157461600
2020-12-04;20.70000;20.98000;20.56375;20.94875;127088000
2020-12-07;20.98750;21.37750;20.95000;21.30375;124028000
2020-12-08;21.20625;21.58500;20.82625;21.49875;133925600
2020-12-09;21.48000;21.53250;19.82750;20.058750;244878400
2020-12-10;19.63000;20.53375;19.40750;20.30500;173346400
2020-12-11;19.95625;20.19125;19.48750;20.16250;169819200
2020-12-14;20.40375;21.0062504;20.39625;20.59250;146684800
2020-12-15;21.072500;21.25125;20.61500;21.23250;157417600
2020-12-16;21.34625;21.78125;21.12250;21.58875;137590400
2020-12-17;21.95625;22.084999;21.69875;22.03125;139275200
2020-12-18;22.19500;22.23875;21.31625;21.79125;168756000
2020-12-21;21.19625;21.82750;20.58500;21.71000;203596800
2020-12-22;21.91250;22.088751;21.27250;21.88125;160330400
2020-12-23;21.88000;21.97000;21.52250;21.55125;119434400
2020-12-24;21.61375;21.93000;21.59000;21.83125;77065600
2020-12-28;22.39500;22.59500;22.0037498;22.48625;117052800
2020-12-29;22.79375;22.92500;22.35125;22.55250;121142400
2020-12-30;22.80625;22.875;22.40875;22.54875;104807200
2020-12-31;22.53375;22.81000;22.29125;22.72500;106708000
2021-01-04;23.010000;23.048750;20.85375;21.73125;197472000
2021-01-05;21.53500;22.32000;21.53500;22.27625;118712800
2021-01-06;21.23750;22.29250;21.027500;21.35500;210730400
2021-01-07;21.92125;23.081249;21.91875;22.89750;123695200
2021-01-08;23.41375;23.86000;22.92500;23.78500;152815200
2021-01-11;23.10125;23.36750;22.60125;22.73375;140325600
2021-01-12;22.76500;23.0012493;22.049999;22.63500;146031200
2021-01-13;22.69625;23.27375;22.5625;23.075001;108750400
2021-01-14;23.1875;23.41750;22.62000;22.72375;118236000
2021-01-15;22.67625;22.89125;21.88500;22.17125;141692000
2021-01-19;22.68125;23.25875;22.45000;23.13250;120967200
2021-01-20;23.96375;24.97125;23.88250;24.74500;121736000
2021-01-21;25.0625;25.53500;24.75;25.36000;92168400
2021-01-22;25.10250;25.38000;24.97000;25.13000;81878800
2021-01-25;25.94000;26.26750;24.20000;25.82750;153170400
2021-01-26;25.93000;26.14500;25.54500;25.85500;90968800
2021-01-27;25.31500;25.32500;23.25;23.77000;188900800
2021-01-28;23.97250;25.25;23.83750;24.12000;90021600
2021-01-29;23.72500;23.98000;22.1875;22.61750;184278400
2021-02-01;23.38750;24.50750;22.93500;24.28000;105659600
2021-02-02;24.97250;25.74000;24.94000;25.45500;92746400
2021-02-03;25.98250;26.057501;25.16250;25.16250;95172000
2021-02-04;25.51000;26.075001;25.1875;26.052500;72808800
2021-02-05;26.30000;26.57250;25.89250;26.32500;86615200
2021-02-08;26.74000;26.88750;26.33750;26.84000;76994800
2021-02-09;26.62000;27.14250;26.62000;26.82750;65768800
2021-02-10;27.19500;27.30000;25.86500;26.63750;123548000
2021-02-11;27.040001;27.18500;26.49000;27.067499;98860000
2021-02-12;26.89500;27.57500;26.61000;27.52750;77471600
2021-02-16;27.74000;27.96500;27.020000;27.29750;88663600
2021-02-17;26.55750;26.98500;26.0025005;26.91750;105986800
2021-02-18;26.014999;26.74000;25.57000;26.55500;110202000
2021-02-19;26.91000;26.92000;25.96500;26.20500;93377200
2021-02-22;25.13500;25.45000;24.125;24.17500;132734800
2021-02-23;22.94500;24.34000;21.60500;23.96000;199274800
2021-02-24;23.31000;24.61750;22.72500;24.53750;123042000
2021-02-25;23.90500;24.51750;21.61250;21.97500;237792000
2021-02-26;22.59750;23.29000;21.5625;22.30500;209318400
2021-03-01;23.34000;24.32750;23.047501;24.25;133707200
2021-03-02;24.38500;24.42250;23.025000;23.087500;151693200
2021-03-03;22.84250;23.049999;21.0625;21.084999;231542400
2021-03-04;20.99250;21.66000;19.22000;20.042500;432037200
2021-03-05;20.57250;21.11750;18.75750;20.94000;336656400
2021-03-08;20.82000;21.21250;19.067499;19.15000;235731600
2021-03-09;20.61750;21.78750;20.48250;21.40500;173429200
2021-03-10;22.31500;22.375;21.077499;21.22250;203371200
2021-03-11;22.25500;23.065001;22.035000;22.69500;158935600
2021-03-12;21.79250;22.16750;21.26750;22.13000;166590000
2021-03-15;22.20250;22.87750;21.84500;22.83750;126701600
2021-03-16;23.33500;23.99750;22.90000;23.21250;168770400
2021-03-17;22.53000;23.93250;22.15250;23.50500;196370800
2021-03-18;22.40250;22.625;21.23750;21.34750;228253600
2021-03-19;21.3125;21.88750;20.85000;21.62000;193286400
2021-03-22;22.072500;23.21750;22.072500;22.77250;141101200
2021-03-23;23.012501;23.30750;22.29250;22.47500;187780800
2021-03-24;22.77250;22.78000;21.3125;21.34000;190483600
2021-03-25;20.95500;21.54500;20.41250;21.22500;239874400
2021-03-26;21.18000;22.24250;20.88250;22.16250;215060400
2021-03-29;22.059999;22.38500;21.43000;22.15000;190589200
2021-03-30;21.73750;21.94750;21.24000;21.83500;148349600
2021-03-31;22.19750;23.15000;22.12750;22.81500;161968800
2021-04-01;23.66000;24.0074997;23.60500;23.97500;145087200
2021-04-05;24.55250;25.59500;24.49250;25.41500;130539600
2021-04-06;25.34000;25.82000;25.17750;25.35500;120606800
2021-04-07;25.25750;25.74500;25.025000;25.54250;98987200
2021-04-08;26.23000;26.38500;26.025000;26.34000;113619200
2021-04-09;26.0049992;26.86500;25.83000;26.81750;129438400
2021-04-12;26.57500;26.81000;26.24500;26.71250;109632000
2021-04-13;27.094999;27.75;27.030001;27.62750;115022000
2021-04-14;27.69750;27.73250;26.44000;26.65750;161227600
2021-04-15;27.34250;27.94250;27.31000;27.83500;120798000
2021-04-16;27.97750;27.99750;27.47500;27.95250;117488000
2021-04-19;27.53750;27.84250;26.6875;27.19000;159168000
2021-04-20;27.012501;27.33000;26.097500;26.59500;158283600
2021-04-21;26.25;27.30750;26.0049992;27.26750;111057200
2021-04-22;27.16750;27.40750;25.98500;26.27500;174848400
2021-04-23;26.43000;27.58000;26.43000;27.26500;107686000
2021-04-26;27.32750;27.86750;27.13750;27.80500;99976800
2021-04-27;27.86750;27.91750;27.19250;27.44000;119312800
2021-04-28;27.34750;27.60000;26.99250;27.15750;118950000
2021-04-29;27.96500;28.057501;26.64500;27.43000;148124400
2021-04-30;26.82250;27.45000;26.67250;26.91500;118440400
2021-05-03;27.19000;27.37250;26.35750;26.47500;134222000
2021-05-04;25.86250;25.92250;24.11250;25.080000;211234000
2021-05-05;25.51000;25.71250;24.60000;24.78750;136429200
2021-05-06;24.71750;25.37000;24.19750;25.33000;169663200
2021-05-07;25.99250;26.52000;25.69250;25.95000;158706800
2021-05-10;25.62250;25.66500;23.94000;24;184214800
2021-05-11;22.64750;24.059999;22.5;23.88000;228806800
2021-05-12;22.75500;23.28750;21.83000;22.0625;236158000
2021-05-13;22.65000;23.16750;22.017500;22.52750;208602000
2021-05-14;23.22000;24.22250;23.10500;23.99250;144263200
2021-05-17;23.62750;23.79000;22.93250;23.58750;138542400
2021-05-18;23.80250;24.070000;23.047501;23.092501;131684000
2021-05-19;21.91250;23.24750;21.83250;23.17750;191889600
2021-05-20;23.51750;24.71500;23.45750;24.51750;139226400
2021-05-21;24.88500;24.98250;24.027500;24.11250;128133200
2021-05-24;24.63750;25.58500;24.55500;25.32000;92181600
2021-05-25;25.6875;25.86000;25.15750;25.44250;106728800
2021-05-26;25.59000;25.81000;25.43000;25.70000;78034800
2021-05-27;25.59250;25.79000;25.36000;25.40000;83216800
2021-05-28;25.69500;26.025000;25.57500;25.64750;81857200
2021-06-01;25.96250;26.075001;25.072500;25.39750;103863600
2021-06-02;25.48750;25.74250;25.13250;25.53000;83178800
2021-06-03;24.87250;25.16750;24.34500;24.72750;121032000
2021-06-04;25.15750;26.097500;25.13250;25.99500;91175200
2021-06-07;25.85750;26.24250;25.70250;26.22500;62193200
2021-06-08;26.64500;26.85500;25.85750;26.25500;92944400
2021-06-09;26.59000;26.78000;26.23250;26.28500;77803600
2021-06-10;26.35750;27.125;26.25;27.090000;117206800
2021-06-11;27.10500;27.31000;26.94000;27.30500;68338800
2021-06-14;27.41000;28.092501;27.125;28.070000;90823200
2021-06-15;28.0049992;28.084999;27.36500;27.55000;90108000
2021-06-16;27.65500;27.91750;26.38000;27.25500;157778000
2021-06-17;26.99000;28.52000;26.98250;28.27250;144323600
2021-06-18;27.85250;28.14500;27.42000;27.59750;142894400
2021-06-21;27.65750;28.20000;27.097500;28.10250;107708400
2021-06-22;28.077499;29.012501;27.99250;28.88750;103578800
2021-06-23;28.89250;29.24000;28.73250;28.9375;93996800
2021-06-24;29.43500;29.87250;29.29750;29.47000;93672400
2021-06-25;29.62250;29.6875;29.21250;29.37750;86993200
2021-06-28;29.69250;30.47000;29.68500;30.41750;88787600
2021-06-29;30.39000;30.77000;30.16750;30.76000;74560000
2021-06-30;30.72250;30.82500;30.46250;30.625;80546800
2021-07-01;30.52000;30.78500;30.16250;30.64000;83834800
2021-07-02;31.16000;31.78750;31.094999;31.68000;93502000
2021-07-06;31.86250;32.19000;31.125;32.10500;109599600
2021-07-07;32.72500;32.80500;31.77500;32.31000;115275600
2021-07-08;30.92250;31.96500;30.56000;31.75;152524400
2021-07-09;31.57000;32.45000;31.40750;32.28750;92875600
2021-07-12;32.70000;32.82250;32.26500;32.69250;87126000
2021-07-13;32.59500;33.51750;32.45250;32.67500;119450000
2021-07-14;33.34000;33.52000;32.63750;32.85250;136042800
2021-07-15;32.85250;32.89500;31.61500;32.17250;137192800
2021-07-16;32.41500;32.67750;31.29250;31.38250;127402800
2021-07-19;30.45250;30.75;29.91750;30.63000;202286400
2021-07-20;30.86000;32.075001;30.38750;31.64000;121544800
2021-07-21;31.57750;32.39750;31.5;32.36250;81763200
2021-07-22;32.46250;33.049999;32.46000;33.042500;94957600
2021-07-23;33.42500;34.27750;33.072498;34.14000;103898400
2021-07-26;34.0050011;34.39250;33.76000;34.28250;85977600
2021-07-27;34.20750;34.20750;31.95750;33.16250;178782000
2021-07-28;33.46500;33.96500;32.81750;33.52500;143940400
2021-07-29;33.37000;34.029999;33.36750;33.69000;88638400
2021-07-30;32.58750;33.33750;32.56750;33.18500;113118800
2021-08-02;33.63500;33.79750;33.0050011;33.17500;109120000
2021-08-03;33.36000;33.80000;32.46250;33.75250;126835600
2021-08-04;33.77250;34.19000;33.45000;33.92000;96856800
2021-08-05;34.14000;34.62000;33.95000;34.55750;77340400
2021-08-06;34.19750;34.48250;33.79000;34.10750;86306000
2021-08-09;34.22750;34.44500;33.92000;34.29000;68421600
2021-08-10;34.44250;34.52750;33.43000;33.77750;106162400
2021-08-11;34.125;34.26250;33.21000;33.59500;93188000
2021-08-12;33.45250;34.049999;33.060001;33.94500;79490800
2021-08-13;34.044998;34.40250;33.90750;34.28500;73289600
2021-08-16;33.98500;34.35750;32.875;34.34500;122458400
2021-08-17;33.55250;33.83750;32.74250;33.44250;166395200
2021-08-18;33.27500;33.68000;32.37750;32.47000;130084800
2021-08-19;31.93500;33.40000;31.86250;32.93250;163247600
2021-08-20;33.23750;34.067501;33.14500;33.95000;125082400
2021-08-23;34.25750;35.67500;34.25;35.46250;96532400
2021-08-24;35.65250;35.98500;35.51750;35.8125;72686800
2021-08-25;35.87250;36.099998;35.65750;35.85250;76127200
2021-08-26;35.66750;35.87750;35.11000;35.24500;107004800
2021-08-27;35.42250;36.40000;35.28500;36.27500;92320000
2021-08-30;36.5;37.63000;36.48750;37.47750;91270400
2021-08-31;37.55500;37.57500;36.92250;37.37250;91796000
2021-09-01;37.70750;38.20500;37.51750;37.57750;95568000
2021-09-02;37.98750;38.084999;37.15000;37.52500;95038400
2021-09-03;37.17500;37.98500;37.16500;37.86250;93201200
2021-09-07;37.88750;38.22000;37.54000;38.017502;90370800
2021-09-08;37.95250;37.96250;36.92750;37.62750;126846000
2021-09-09;37.68250;38.025002;37.14750;37.22500;110573600
2021-09-10;37.75;37.96250;36.27750;36.38750;138435600
2021-09-13;37.072498;37.19500;35.69000;36.30500;155549200
2021-09-14;36.73750;36.96500;35.70500;35.99250;119258400
2021-09-15;36.12250;36.89000;35.44000;36.79000;111785200
2021-09-16;36.38750;37.032501;35.81000;36.86250;105230800
2021-09-17;36.72500;36.73250;35.24000;35.56000;154650400
2021-09-20;33.85500;34.36500;32;33.37250;243827200
2021-09-21;33.84500;34.1875;33.14750;33.41500;143401200
2021-09-22;33.71500;34.80750;33.40250;34.39250;175338800
2021-09-23;34.72750;35.64250;34.54250;35.34750;138739200
2021-09-24;34.68000;35.5625;34.57500;35.44750;109550400
2021-09-27;34.55250;34.85000;33.85000;34.59250;156710800
2021-09-28;33.28500;33.47250;31.51750;31.70750;297646000
2021-09-29;31.99000;32.57250;31.32500;31.49750;195061200
2021-09-30;31.94500;32.38500;31.020000;31.14250;234624000
2021-10-01;31.3125;32.0024986;30.21000;31.71000;208708000
2021-10-04;31.27500;31.37250;29.11750;29.76000;257236000
2021-10-05;29.99250;31.5;29.93000;30.90500;162612800
2021-10-06;30.065001;31.58000;29.81500;31.51500;234990800
2021-10-07;32.33000;33.084999;32.18250;32.36750;150815200
2021-10-08;32.66750;32.73000;31.74250;31.87000;157132000
2021-10-11;31.46500;32.42250;31.13500;31.16250;136215200
2021-10-12;31.54250;31.65500;30.65250;30.84500;174403600
2021-10-13;31.44500;31.73750;30.90000;31.56750;140921200
2021-10-14;32.52750;33.36250;32.35000;33.31000;121750000
2021-10-15;33.65000;33.96250;33.35500;33.92750;102858000
2021-10-18;33.5625;35.0050011;33.39500;34.94500;100876400
2021-10-19;35.26000;35.75750;35.070000;35.71250;106450800
2021-10-20;35.87250;36.055000;35.17000;35.60000;118709600
2021-10-21;35.36000;36.30250;35.28250;36.23750;92100400
2021-10-22;35.86750;36.16500;34.84000;35.32000;140248400
2021-10-25;35.74750;36.68250;35.18000;36.38000;118951600
2021-10-26;37.080002;37.80000;36.41250;36.72000;167975600
2021-10-27;36.89000;37.93000;36.81500;37.0099983;145068000
2021-10-28;37.57750;38.3125;37.35000;38.22500;130737600
2021-10-29;37.29750;38.85000;37.19500;38.79000;134514400
2021-11-01;38.95000;39.23250;38.29500;39.17250;130045600
2021-11-02;39.0074997;39.84250;38.99000;39.69500;120171200
2021-11-03;39.83500;41.080002;39.51750;40.95500;145210400
2021-11-04;41.35750;42.83750;41.18250;42.48250;160879600
2021-11-05;43.11500;43.41500;42.18250;42.64000;170505600
2021-11-08;42.625;42.97500;42.26500;42.46500;112919600
2021-11-09;42.8125;42.94750;41.14250;41.59000;176237600
2021-11-10;40.68000;41.60000;39.125;39.76750;193953600
2021-11-11;40.6875;40.74750;39.97500;40.090000;115438000
2021-11-12;40.45250;41.51750;39.9375;41.36250;127640800
2021-11-15;41.72750;41.82750;40.52250;41.35000;139458400
2021-11-16;41.072498;42.35250;41.014999;42.20500;103181600
2021-11-17;42.30250;42.92250;41.94750;42.25500;115936000
2021-11-18;42.92000;43.72500;42.19250;43.54750;173683200
2021-11-19;44.10750;44.71750;43.83000;44.28500;129214400
2021-11-22;44.82250;45.84000;42.71500;42.75;179044800
2021-11-23;42.36250;43.042500;40.69750;42.16750;226025600
2021-11-24;41.32750;42.64000;40.58250;42.55750;198241600
2021-11-26;41.69500;42.16000;39.68000;40.21000;177682400
2021-11-29;41.55000;43.040001;41.33250;42.70750;158932000
2021-11-30;42.42000;43.19750;40.17750;40.87250;302586000
2021-12-01;42.21500;42.90500;38.61750;38.77500;302551200
2021-12-02;38.35500;40.13000;37.91250;39.50500;396432800
2021-12-03;40;40.32000;36.23250;37.52000;480573600
2021-12-06;37.64750;38.82000;36.38250;38.39750;304828000
2021-12-07;40.44250;42.070000;40.43500;41.86000;270578400
2021-12-08;41.97250;42.5;41.36750;42.44250;205243600
2021-12-09;42.037498;42.62750;40.5;40.61000;212802000
2021-12-10;41.44250;41.95750;40.44500;41.86750;203075200
2021-12-13;41.86750;41.97250;39.94500;40.067501;179145200
2021-12-14;38.53000;39.39000;37.45750;38.875;230933600
2021-12-15;38.74000;41.56750;37.50750;41.44750;269061200
2021-12-16;41.75250;41.90500;37.73750;38.28500;296220000
2021-12-17;37.20750;38.94750;36.75;37.70000;300020800
2021-12-20;36.25500;36.8125;35.625;36.57250;241866000
2021-12-21;37.54000;39.11250;36.42750;39.017502;219124800
2021-12-22;38.89500;40.5;38.70500;40.41000;177222800
2021-12-23;40.54250;41.82250;40.49250;41.37000;131308400
2021-12-27;41.77250;43.38250;41.75;43.34750;125963200
2021-12-28;43.69000;43.74500;42.50750;42.83750;144825200
2021-12-29;42.82750;43.24750;41.98750;42.77000;115494800
2021-12-30;42.69250;43.41500;42.19250;42.37000;113271600
2021-12-31;42.15750;42.60000;41.42750;41.58250;120497200
2022-01-03;41.95750;42.86000;41.28000;42.78250;153010400
2022-01-04;42.95750;42.97250;40.097500;41.12000;213296400
2022-01-05;40.59500;40.93000;37.25;37.33750;266490400
2022-01-06;36.75750;38.20250;36.10500;37.23500;308453200
2022-01-07;37.22500;37.73500;35.5;36.017502;285426800
2022-01-10;34.58750;36.23500;33.025002;36.15000;358434800
2022-01-11;35.85750;37.75750;35.26000;37.74000;308653600
2022-01-12;38.49250;38.98250;37.47000;38.17000;276742400
2022-01-13;38.56500;38.77500;35.0099983;35.40000;173531800
2022-01-14;34.54500;36.035000;34.5;35.93500;178451600
2022-01-18;34.24500;34.86000;33.029999;33.34500;155320000
2022-01-19;33.68000;34.35500;32.080002;32.18500;183284400
2022-01-20;33.0099983;34.090000;30.75;30.94000;172197000
2022-01-21;30.31000;31.014999;28.25;28.33500;342054600
2022-01-24;26.92500;28.875;24.084999;28.74500;510169200
2022-01-25;27.075001;28.15500;25.875;26.625;347498000
2022-01-26;28.49500;29.42500;25.68500;26.57500;415676200
2022-01-27;27.70000;28.12000;25.52000;25.78000;323528200
2022-01-28;26.20000;28.23000;25.049999;28.18500;334032400
2022-01-31;28.52500;31.030001;28.11000;30.91500;227502200
2022-02-01;31.21000;31.67500;29.86500;31.50500;203691600
2022-02-02;32.61000;32.68500;31.17500;32.25;201630400
2022-02-03;29.66000;30.53500;28.059999;28.37000;211150000
2022-02-04;28.43500;30.20500;27.94500;29.35000;193068800
2022-02-07;29.53500;30.13500;28.36000;28.68500;153912200
2022-02-08;28.40000;29.91500;28.11500;29.66000;158593200
2022-02-09;30.78000;31.54000;30.38000;31.5;151075400
2022-02-10;29.65500;31.45500;28.90000;29.41000;254286600
2022-02-11;29.39000;29.77500;26.28000;26.64000;268511200
2022-02-14;26.45000;27.48500;25.85000;26.71500;190125000
2022-02-15;27.91500;28.72000;27.67500;28.65000;163444600
2022-02-16;28.13500;28.90000;27.35000;28.64500;186181000
2022-02-17;27.82000;28.025000;25.98500;26.10500;157671200
2022-02-18;26.29500;26.39500;24.65500;25.22000;226165400
2022-02-22;24.52000;25.75;23.60500;24.44000;262876200
2022-02-23;25.12000;25.31500;22.48500;22.57000;260920400
2022-02-24;20.38000;24.92500;20.30500;24.78000;389734800
2022-02-25;25;26.0049992;24.125;25.95500;238372200
2022-02-28;25.23000;26.59500;24.96000;26.23000;243401000
2022-03-01;25.96000;26.48500;24.42500;25.020000;248145000
2022-03-02;25.33500;26.52500;24.71000;26.21500;219495800
2022-03-03;26.875;26.89000;24.68500;25.12000;223888600
2022-03-04;24.58500;24.90000;23.5;24.045000;231391000
2022-03-07;24.025000;24.27000;21.31500;21.36000;249752600
2022-03-08;21.19500;23;20.38500;21.065001;355936000
2022-03-09;22.70000;23.60000;22.17500;23.32000;219074200
2022-03-10;22.45000;22.81000;21.59500;22.57000;225574800
2022-03-11;23.17000;23.23500;21.045000;21.17000;197814800
2022-03-14;20.90500;21.56500;19.78000;19.93000;246265200
2022-03-15;20.43500;21.94500;20.12000;21.77500;211407200
2022-03-16;22.58000;24.24000;21.84500;24.22000;326175000
2022-03-17;23.79500;25.094999;23.52000;25.030001;192061600
2022-03-18;24.73000;26.70500;24.46500;26.58500;201569600
2022-03-21;26.43000;26.96500;25.38500;26.39500;221094600
2022-03-22;26.53500;28.17000;26.43500;27.95500;186689200
2022-03-23;27.28000;28.13500;26.75;26.77500;205499400
2022-03-24;27.21500;28.54500;26.70500;28.51000;171150600
2022-03-25;28.52000;28.78000;27.42500;28.46500;198789400
2022-03-28;28.46000;29.80500;28.16500;29.76000;183407400
2022-03-29;30.76000;31.48000;30.070000;31.28500;204013400
2022-03-30;30.84000;31.27000;29.90000;30.34500;167818800
2022-03-31;30.32000;30.41500;28.95000;29.090000;168098800
2022-04-01;29.21500;29.41000;28.20000;28.96500;176162600
2022-04-04;29.19000;30.77500;29.11500;30.77500;137515000
2022-04-05;30.41000;30.58000;28.43000;28.74000;172097600
2022-04-06;27.41000;27.68500;26.20000;26.85000;296859800
2022-04-07;26.61500;27.54500;25.79000;27.025000;229654000
2022-04-08;26.61000;26.79500;25.75;25.92000;204182400
2022-04-11;24.91500;25.13500;23.97500;24.080000;185914600
2022-04-12;25.080000;25.49000;23.44500;23.77000;247928200
2022-04-13;23.83000;25.42000;23.66500;25.19500;190084600
2022-04-14;25.21000;25.32500;23.41500;23.5;167843600
2022-04-18;23.23500;24.0049992;22.91000;23.56500;175525400
2022-04-19;23.36500;25.21000;23.15500;25.080000;172372600
2022-04-20;25.28500;25.37000;23.72000;23.95000;215629400
2022-04-21;24.82000;25.38500;22.29500;22.54500;268626400
2022-04-22;22.52500;22.78500;20.64000;20.75500;248824800
2022-04-25;20.40500;21.58000;20.15500;21.52500;332878800
2022-04-26;21.11000;21.14500;19.049999;19.10500;332263200
2022-04-27;19.084999;20.11000;18.68500;19.020000;316698600
2022-04-28;19.91500;21.36500;19.14000;21.030001;344698400
2022-04-29;20.19500;20.88500;18.10000;18.26500;320116800
2022-05-02;18.125;19.14000;17.56500;19.125;311905600
2022-05-03;19.094999;19.58500;18.65000;19.17000;285565600
2022-05-04;19.24500;21.22500;18.26500;21.070000;438806800
2022-05-05;20.25;20.25500;17.26000;17.93000;455552600
2022-05-06;17.54500;18.26500;16.55000;17.30500;466794400
2022-05-09;16.28000;16.71000;15.0050001;15.26000;420419800
2022-05-10;16.36000;16.54000;15.14000;15.78500;463579600
2022-05-11;15.42500;16.30000;14.23500;14.38000;529531800
2022-05-12;13.71500;14.94500;13.34500;14.26500;590993000
2022-05-13;14.92500;16;14.69000;15.81500;395948000
2022-05-16;15.56500;15.89000;15.090000;15.32500;318388000
2022-05-17;16.21500;16.54000;15.62000;16.48000;307981400
2022-05-18;15.73000;15.84500;13.84500;14.075000;328105200
2022-05-19;13.77000;14.51000;13.52000;13.79000;392015600
2022-05-20;14.32500;14.42000;12.46500;13.67000;458111200
2022-05-23;13.82500;14.41500;13.48000;14.34500;341040600
2022-05-24;13.57500;13.68000;12.71500;13.45000;366488600
2022-05-25;13.22000;14.30000;13.19500;13.99000;361283800
2022-05-26;13.88000;15.39000;13.84000;15.16000;337131600
2022-05-27;15.65000;16.67000;15.63500;16.64500;315035800
2022-05-31;16.65000;17;15.86500;16.52500;369158600
2022-06-01;16.85500;17.21500;15.77500;16.14000;398894200
2022-06-02;15.96000;17.49000;15.72500;17.45000;336861400
2022-06-03;16.57000;16.81500;15.88000;16.070000;324723800
2022-06-06;16.81000;17.065001;16;16.27000;300958600
2022-06-07;15.71000;16.80000;15.52500;16.66500;274886600
2022-06-08;16.54000;16.97000;16.16500;16.32500;225706000
2022-06-09;16.035000;16.53000;14.96500;14.99500;275959400
2022-06-10;14.13000;14.31000;13.33500;13.39500;343352200
2022-06-13;12.13500;12.49000;11.41000;11.54000;426731400
2022-06-14;11.82000;11.93500;11.26000;11.61500;393201000
2022-06-15;12.030000;12.96000;11.67000;12.45000;549823000
2022-06-16;11.49500;11.56000;10.66000;10.93000;424284400
2022-06-17;11.035000;11.64000;10.82500;11.33500;441181000
2022-06-21;11.91000;12.49000;11.89000;12.19000;318408200
2022-06-22;11.85500;12.72500;11.77500;12.14500;388973600
2022-06-23;12.47000;12.78500;12.085000;12.66500;365372800
2022-06-24;13.055000;14.020000;13.025000;13.99000;303635000
2022-06-27;14.17500;14.25;13.5;13.66000;338262000
2022-06-28;13.73000;14.10500;12.38000;12.41500;373741600
2022-06-29;12.39000;12.64500;12.050000;12.44000;380182200
2022-06-30;12.030000;12.44500;11.375;12;512407800
2022-07-01;11.80000;12.25;11.55000;12.19500;417200800
2022-07-05;11.70500;12.84000;11.5;12.82500;441108000
2022-07-06;12.88500;13.36000;12.64000;13.070000;412245800
2022-07-07;13.19000;14;13.18500;13.88000;275732600
2022-07-08;13.49500;14.15500;13.35500;13.94500;319458400
2022-07-11;13.60000;13.63500;12.93000;13.055000;258448200
2022-07-12;13.22000;13.49000;12.45500;12.67500;319233000
2022-07-13;11.92000;12.91500;11.84500;12.59500;361151000
2022-07-14;12.23500;12.84000;11.81000;12.72500;351647000
2022-07-15;13.13500;13.42500;12.90500;13.39500;308760400
2022-07-18;13.80500;14;12.91000;13.085000;319900400
2022-07-19;13.57500;14.31000;13.34500;14.23000;298643400
2022-07-20;14.33000;15.125;14.22000;14.94500;377126200
2022-07-21;15.0050001;15.59000;14.61000;15.58000;319381800
2022-07-22;15.44000;15.76500;14.47500;14.76500;298800800
2022-07-25;14.76500;14.83500;14.20500;14.54500;220897600
2022-07-26;14.24500;14.28500;13.52500;13.66500;231755600
2022-07-27;14.30000;15.625;14.21500;15.37000;341919000
2022-07-28;15.34000;15.91000;14.76000;15.81000;324071800
2022-07-29;16.065001;16.82500;15.83500;16.68000;292146400
2022-08-01;16.39000;17.21000;16.22000;16.65500;285283000
2022-08-02;16.27000;17.17500;16.10500;16.5;325375000
2022-08-03;16.77500;17.97500;16.65500;17.82000;294213800
2022-08-04;17.84500;18.13500;17.48000;18.075001;253567200
2022-08-05;17.21500;17.99000;17.075001;17.64500;283898600
2022-08-08;17.80000;18.41500;17.22000;17.46500;267787800
2022-08-09;17.14000;17.18500;16.59500;16.86500;218406000
2022-08-10;18.070000;18.32000;17.65500;18.25;271554400
2022-08-11;18.66500;19.010000;17.83500;17.97500;273361000
2022-08-12;18.30000;19.025000;18.12000;18.99000;211187000
2022-08-15;18.82500;19.54000;18.82000;19.44500;196308400
2022-08-16;19.28000;19.69000;18.76500;19.32000;220755800
2022-08-17;18.75500;19.16500;18.27500;18.65000;262838400
2022-08-18;18.63000;18.98000;18.34500;18.77500;192140800
2022-08-19;18.24000;18.35000;17.53500;17.67500;224256600
2022-08-22;16.94500;16.98500;16.13000;16.28500;224975400
2022-08-23;16.21500;16.67500;16.10000;16.23000;219509800
2022-08-24;16.15000;16.65000;16.049999;16.35500;187005600
2022-08-25;16.64000;17.22000;16.47000;17.21500;222052600
2022-08-26;17.17500;17.37000;15.10000;15.12000;366276600
2022-08-29;14.67500;15.060000;14.48000;14.65500;248441000
2022-08-30;14.89500;14.97500;13.78000;14.16500;327014800
2022-08-31;14.58000;14.70000;13.88500;13.90500;341030600
2022-09-01;13.54000;13.96500;13.010000;13.92000;397320400
2022-09-02;14.32000;14.52000;13.085000;13.34000;454463000
2022-09-06;13.38000;13.51000;12.73000;13.035000;361083400
2022-09-07;13.090000;13.95000;13.055000;13.80500;331569600
2022-09-08;13.51500;14.21000;13.32000;14.030000;410799800
2022-09-09;14.34000;15.010000;14.33000;14.92000;298735800
2022-09-12;15.15000;15.51500;15.095000;15.46500;273141200
2022-09-13;14.12000;14.30500;12.78000;12.92000;391296600
2022-09-14;13.065000;13.33500;12.82000;13.21000;309291800
2022-09-15;12.94000;13.27500;12.32500;12.54500;393730600
2022-09-16;12.10500;12.36500;11.83500;12.30000;392143600
2022-09-19;11.97000;12.61500;11.96000;12.59500;302692600
2022-09-20;12.26500;12.59500;11.99000;12.29500;322118600
2022-09-21;12.40500;12.96000;11.61500;11.62000;591115200
2022-09-22;11.42500;11.55500;11.035000;11.19000;431084000
2022-09-23;10.90000;10.93000;10.22500;10.65500;561304000
2022-09-26;10.58000;11.10500;10.41500;10.51000;490607800
2022-09-27;10.91000;11.17500;10.25;10.52000;543921200
2022-09-28;10.51500;11.29500;10.34000;11.13500;512039000
2022-09-29;10.65500;10.69500;9.81000;10.19500;540195600
2022-09-30;10.080000;10.54500;9.64000;9.66000;513197600
2022-10-03;9.85000;10.50500;9.68000;10.33000;447222600
2022-10-04;10.95000;11.38500;10.94500;11.29000;463323600
2022-10-05;10.83500;11.5;10.50500;11.29000;458399000
2022-10-06;11.15000;11.53000;10.96000;11.0050001;475087200
2022-10-07;10.44000;10.45500;9.58000;9.75;501945200
2022-10-10;9.76000;9.80500;9.15000;9.44500;412999600
2022-10-11;9.26000;9.57000;8.87000;9.070000;529747000
2022-10-12;9.11500;9.32000;8.96500;9.050000;401483800
2022-10-13;8.26000;9.81000;8.16000;9.65500;829507200
2022-10-14;9.92500;9.99000;8.73000;8.78500;670132600
2022-10-17;9.40500;9.75;9.40000;9.65000;460050800
2022-10-18;10.43500;10.5;9.58500;9.89000;692553800
2022-10-19;9.70500;10.12000;9.50500;9.77000;519702200
2022-10-20;9.66500;10.23500;9.48000;9.60500;529703000
2022-10-21;9.49000;10.34500;9.36500;10.28500;627458000
2022-10-24;10.31500;10.73500;9.90000;10.63500;549244000
2022-10-25;10.74000;11.32000;10.73500;11.27500;476799600
2022-10-26;10.59000;11.25;10.46500;10.53000;558931800
2022-10-27;10.39500;10.56000;9.88500;9.95000;513258800
2022-10-28;9.875;10.90500;9.85500;10.85000;510777200
2022-10-31;10.59000;10.68500;10.24500;10.47500;419122200
2022-11-01;10.87000;10.93500;10.10500;10.15000;430464800
2022-11-02;10.14000;10.49000;9.090000;9.10000;662952600
2022-11-03;8.82500;8.97500;8.52000;8.57500;424463600
2022-11-04;9.065000;9.17500;8.42500;8.97500;764740400
2022-11-07;9.080000;9.32000;8.85500;9.26000;401886800
2022-11-08;9.42500;9.81000;9.045000;9.46000;592112600
2022-11-09;9.26500;9.35000;8.76500;8.80000;431138200
2022-11-10;10.075000;10.77000;9.85000;10.72500;656884800
2022-11-11;10.71500;11.41500;10.56000;11.33500;614268400
2022-11-14;11.085000;11.48000;10.91000;11.035000;428451800
2022-11-15;11.82500;11.97500;11.090000;11.48000;636531400
2022-11-16;11.25;11.29000;10.91000;11.015000;383358800
2022-11-17;10.47500;11.10500;10.45500;10.93000;426924400
2022-11-18;11.28000;11.29000;10.64000;10.92000;389577000
2022-11-21;10.76000;10.90000;10.48500;10.59000;288222600
2022-11-22;10.66500;11.050000;10.41500;11.035000;292477200
2022-11-23;11.025000;11.43500;11.0050001;11.36500;357567000
2022-11-25;11.17000;11.25;11.075000;11.13000;134753000
2022-11-28;10.90000;11.13500;10.53000;10.64000;262765200
2022-11-29;10.66000;10.71000;10.23500;10.38500;275805400
2022-11-30;10.42500;11.82500;10.32500;11.78000;545469800
2022-12-01;11.85000;12.085000;11.50500;11.84500;411007200
2022-12-02;11.22500;11.81500;11.19500;11.70500;363310000
2022-12-05;11.44000;11.60000;10.93000;11.11500;301980000
2022-12-06;11.090000;11.10500;10.25;10.41000;339801000
2022-12-07;10.28000;10.51500;10.090000;10.28500;347335800
2022-12-08;10.43500;10.75;10.19500;10.65000;377840200
2022-12-09;10.52500;10.84500;10.38500;10.44500;354007800
2022-12-12;10.45500;10.83000;10.33500;10.82500;225655000
2022-12-13;12.090000;12.11500;10.86000;11.16500;695385600
2022-12-14;11.10500;11.49500;10.54000;10.90000;578911000
2022-12-15;10.43000;10.51500;9.67500;9.82000;428053200
2022-12-16;9.74000;9.90500;9.35500;9.53000;351284200
2022-12-19;9.55000;9.56500;8.99000;9.13500;310533000
2022-12-20;9;9.28000;8.83500;9.095000;345762400
2022-12-21;9.20500;9.625;9.11500;9.49000;326374600
2022-12-22;9.11500;9.125;8.29000;8.77000;460900400
2022-12-23;8.60500;8.86000;8.41500;8.79500;330134600
2022-12-27;8.73000;8.74000;8.36000;8.42000;263200600
2022-12-28;8.375;8.60000;8.050000;8.080000;364869200
2022-12-29;8.33500;8.75;8.26500;8.65000;306109800
2022-12-30;8.38000;8.65000;8.25;8.65000;301941200
2023-01-03;8.87000;9.020000;8.23500;8.45500;359851800
2023-01-04;8.66500;8.74500;8.27000;8.58500;435272800
2023-01-05;8.40500;8.42500;8.14000;8.18000;362504000
2023-01-06;8.32500;8.95000;8.050000;8.82000;466895200
2023-01-09;9.040000;9.48000;8.94500;9.0050001;372042800
2023-01-10;8.91000;9.24500;8.85000;9.24500;328723000
2023-01-11;9.34000;9.71500;9.26000;9.70500;302550000
2023-01-12;9.76000;9.96000;9.29500;9.85500;561852600
2023-01-13;9.58500;10.085000;9.55000;10.050000;319566000
2023-01-17;10.030000;10.25500;9.90500;10.10500;279515800
2023-01-18;10.29000;10.45500;9.69500;9.73000;373300200
2023-01-19;9.53500;9.65500;9.29000;9.42500;332741400
2023-01-20;9.59000;10.22500;9.48000;10.19500;322650400
2023-01-23;10.27500;11;10.19000;10.86500;388084200
2023-01-24;10.68000;10.93500;10.62000;10.80000;290013000
2023-01-25;10.28000;10.79500;9.99000;10.72000;436167200
2023-01-26;11.11000;11.36000;10.80000;11.34000;406837800
2023-01-27;11.18000;11.91000;11.16500;11.66500;376822200
2023-01-30;11.27500;11.45000;10.92500;10.96500;347816000
2023-01-31;10.97000;11.46000;10.95000;11.45500;316513800
2023-02-01;11.43000;12.47500;11.18000;12.19500;543277600
2023-02-02;12.98000;13.72500;12.875;13.45500;535770200
2023-02-03;12.60500;13.57000;12.55500;12.76000;534808400
2023-02-06;12.42500;12.72500;12.26000;12.43500;323632400
2023-02-07;12.41500;13.34500;12.27000;13.20500;519789200
2023-02-08;13.025000;13.15000;12.40500;12.49500;362514400
2023-02-09;13.025000;13.045000;11.96500;12.16000;395196800
2023-02-10;11.88000;12.13000;11.61000;11.91000;367863400
2023-02-13;12.070000;12.55000;11.92500;12.47500;279739800
2023-02-14;12.27000;12.87000;12.025000;12.74500;511474400
2023-02-15;12.51000;13.050000;12.42500;13.030000;275527400
2023-02-16;12.41500;12.93500;12.26500;12.28500;388993000
2023-02-17;12.015000;12.11500;11.65000;12.020000;389804800
2023-02-21;11.55000;11.72500;11.14500;11.17500;300937600
2023-02-22;11.22500;11.42500;10.99000;11.18500;334677400
2023-02-23;11.59500;11.61500;10.97500;11.46500;359540000
2023-02-24;10.875;11.015000;10.67500;10.88500;345563600
2023-02-27;11.24000;11.40000;11.050000;11.12000;277508800
2023-02-28;11.040000;11.36000;11;11.065000;254631600
2023-03-01;11.030000;11.10500;10.68500;10.79500;308773800
2023-03-02;10.50500;11.15000;10.47500;11.055000;315874600
2023-03-03;11.25;11.76500;11.19000;11.73000;303353200
2023-03-06;11.88000;12.24000;11.75;11.78000;303699800
2023-03-07;11.78000;11.89000;11.26000;11.34000;352663000
2023-03-08;11.375;11.57000;11.16500;11.49500;290985600
2023-03-09;11.55500;11.85500;10.79500;10.89000;393667400
2023-03-10;10.91000;11.080000;10.31000;10.44000;629715200
2023-03-13;10.23500;11.075000;10.065000;10.66500;659081400
2023-03-14;11.060000;11.45500;10.96000;11.39000;434325800
2023-03-15;11.085000;11.61000;10.91500;11.55500;549118800
2023-03-16;11.44000;12.51500;11.36000;12.47000;456714200
2023-03-17;12.46500;12.75500;12.050000;12.28500;403540600
2023-03-20;12.21500;12.46000;11.94500;12.41500;328356000
2023-03-21;12.65500;13;12.46500;12.94000;270290200
2023-03-22;12.85500;13.48000;12.32500;12.34000;475836200
2023-03-23;12.80000;13.30500;12.44000;12.78000;392994400
2023-03-24;12.72000;12.92000;12.42000;12.91000;338830200
2023-03-27;12.99500;13.13000;12.53000;12.64500;273591200
2023-03-28;12.57000;12.57000;12.14500;12.43500;236041400
2023-03-29;12.88000;13.18500;12.78500;13.11500;238730600
2023-03-30;13.41000;13.54500;13.24500;13.47000;260300000
2023-03-31;13.5;14.16000;13.45500;14.13000;254044200
2023-04-03;13.84000;14.060000;13.66500;14.030000;250232600
2023-04-04;14.080000;14.21500;13.71000;13.89000;232180800
2023-04-05;13.73500;13.76000;13.20500;13.44500;258274000
2023-04-06;13.23000;13.78000;13.055000;13.71500;241920600
2023-04-10;13.32000;13.69000;13.085000;13.68500;237057600
2023-04-11;13.68000;13.68500;13.35000;13.42000;208521600
2023-04-12;13.67000;13.74500;13;13.065000;348038600
2023-04-13;13.26500;13.87000;13.24500;13.81500;247523000
2023-04-14;13.60500;13.96500;13.35000;13.73500;285332200
2023-04-17;13.67500;13.81000;13.40500;13.75;228617800
2023-04-18;14.035000;14.090000;13.60000;13.76000;212829800
2023-04-19;13.43500;13.87000;13.42000;13.73000;191850600
2023-04-20;13.33500;13.79000;13.23500;13.41000;273695200
2023-04-21;13.35000;13.54500;13.125;13.43500;228888000
2023-04-24;13.40500;13.58500;13.070000;13.35500;215290800
2023-04-25;13.14000;13.22500;12.58500;12.60000;276576000
2023-04-26;13.010000;13.19500;12.75500;12.81000;249724600
2023-04-27;13.28000;13.91500;13.19500;13.84500;255631200
2023-04-28;13.82000;14.14000;13.66500;14.125;261072200
2023-05-01;14.070000;14.26500;13.93500;14.085000;178002600
2023-05-02;14.070000;14.11000;13.48000;13.71000;249312000
2023-05-03;13.75;14.10000;13.41500;13.44000;340267600
2023-05-04;13.39000;13.54000;13.14000;13.29000;242621600
2023-05-05;13.56000;14.23000;13.51500;14.10500;195603200
2023-05-08;14.050000;14.27000;13.91000;14.22000;151477000
2023-05-09;13.99500;14.11000;13.90500;13.94500;129681400
2023-05-10;14.26000;14.51000;13.93500;14.39500;303102000
2023-05-11;14.45500;14.59500;14.24500;14.51500;194683000
2023-05-12;14.59000;14.65000;14.085000;14.36500;210763400
2023-05-15;14.42500;14.625;14.21500;14.58500;172935200
2023-05-16;14.49000;14.87000;14.48000;14.64000;159327000
2023-05-17;14.77500;15.24000;14.61500;15.16500;202209200
2023-05-18;15.20000;16.020000;15.20000;15.98000;271867600
2023-05-19;16.014999;16.12000;15.72500;15.87000;198058400
2023-05-22;15.84000;16.18000;15.83500;16.035000;166624800
2023-05-23;15.78000;15.95000;15.36500;15.41500;212630000
2023-05-24;15.13500;15.35000;14.88500;15.16500;235945000
2023-05-25;16.18000;16.43500;15.84000;16.26000;261747000
2023-05-26;16.40500;17.625;16.39500;17.49000;252784400
2023-05-30;18.15500;18.33500;17.52000;17.73500;270612800
2023-05-31;17.48500;17.79500;17.20000;17.375;210289000
2023-06-01;17.37000;18.21500;17.20500;18.0049992;216759200
2023-06-02;18.28000;18.59500;18.0049992;18.41000;216505600
2023-06-05;18.38000;18.85000;18.28000;18.45000;206261800
2023-06-06;18.34500;18.58000;18.13000;18.43000;159509000
2023-06-07;18.47000;18.78000;17.38500;17.49000;228485400
2023-06-08;17.51000;18.19000;17.47500;18.090000;188153800
2023-06-09;18.34000;18.81000;18.10000;18.31000;207944000
2023-06-12;18.57500;19.25500;18.42000;19.24500;154857400
2023-06-13;19.68500;19.81500;19.16000;19.67500;266534200
2023-06-14;19.67500;20.15000;19.21000;20.094999;305313000
2023-06-15;19.87000;21.045000;19.75500;20.80000;255874000
2023-06-16;21.20500;21.22000;20.32500;20.40000;224810400
2023-06-20;20.14500;20.54000;19.80000;20.30000;168249800
2023-06-21;20.040001;20.11000;19.25;19.42500;199266600
2023-06-22;19.18500;20.094999;19.12000;20.070000;210199200
2023-06-23;19.41500;19.85500;19.19000;19.47500;225152400
2023-06-26;19.38000;19.83500;18.67000;18.70500;216900000
2023-06-27;18.92500;19.75;18.80000;19.63000;195354000
2023-06-28;19.33500;20.070000;19.31500;19.75;217352600
2023-06-29;19.68000;19.78000;19.33500;19.61500;198266400
2023-06-30;20.20000;20.67500;20.14500;20.5;184308800
2023-07-03;20.60000;20.74500;20.42000;20.64000;79868000
2023-07-05;20.36000;20.92000;20.35500;20.625;139007400
2023-07-06;19.98500;20.21000;19.64500;20.14000;170473400
2023-07-07;20.094999;20.63000;19.89000;19.93500;168624800
2023-07-10;19.88000;20.055000;19.46500;19.95000;172013600
2023-07-11;20.010000;20.31000;19.65000;20.23500;162478600
2023-07-12;20.91500;21.22000;20.57500;20.98500;230335400
2023-07-13;21.51000;22.18000;21.41500;22.030001;164773200
2023-07-14;22.11000;22.68000;21.86000;22.010000;186056400
2023-07-17;22.14000;22.78500;22.055000;22.62000;145525200
2023-07-18;22.51000;23.42000;22.15500;23.16000;196113200
2023-07-19;23.36500;23.57000;22.91000;23.16000;200573800
2023-07-20;22.58000;22.85000;21.34500;21.53500;233862800
2023-07-21;21.94000;22.090000;21.25500;21.34500;205108600
2023-07-24;21.49000;21.65500;21.10000;21.43000;126429200
2023-07-25;21.54000;22.14000;21.54000;21.86000;138199200
2023-07-26;21.66000;21.92500;21.22000;21.63500;205764600
2023-07-27;22.55500;22.84500;21.22500;21.45000;261103200
2023-07-28;22.15000;22.79500;22.065001;22.61000;204487600
2023-07-31;22.66500;22.85500;22.41000;22.65500;159009200
2023-08-01;22.39500;22.61500;22.10500;22.48000;153056600
2023-08-02;21.84500;21.85000;20.76500;21.010000;258044000
2023-08-03;20.55500;21.23000;20.52500;20.86000;201340200
2023-08-04;21.19500;21.58500;20.48500;20.57000;247452800
2023-08-07;20.86500;21.10000;20.47000;21.080000;149792200
2023-08-08;20.64500;20.64500;20;20.54000;188780000
2023-08-09;20.58000;20.60500;19.72500;19.85500;199430600
2023-08-10;20.33000;20.875;19.68500;19.94500;260554200
2023-08-11;19.51500;19.83500;19.30000;19.54500;201573800
2023-08-14;19.41500;20.22000;19.30000;20.19500;142553600
2023-08-15;20.035000;20.17000;19.44000;19.57500;162553600
2023-08-16;19.46000;19.71000;18.91000;18.92500;190222000
2023-08-17;19.125;19.18000;18.21500;18.28500;210232800
2023-08-18;17.76500;18.40500;17.68500;18.20000;247002000
2023-08-21;18.43500;19.19000;18.35500;19.080000;191487200
2023-08-22;19.48500;19.49000;18.88500;18.99500;180368000
2023-08-23;19.17500;20.059999;19.14000;19.89000;175454000
2023-08-24;20.44000;20.45500;18.55000;18.58000;232397200
2023-08-25;18.71500;19.28000;18.17500;19.020000;278289400
2023-08-28;19.47500;19.58500;19.040001;19.44500;182641000
2023-08-29;19.40000;20.76000;19.34500;20.68500;187495600
2023-08-30;20.71500;21.14000;20.54000;21.030001;185958200
2023-08-31;21.020000;21.49000;21.010000;21.22000;162242800
2023-09-01;21.60500;21.68000;20.875;21.14500;165058400
2023-09-05;20.98500;21.41000;20.83000;21.20000;123778600
2023-09-06;21.070000;21.12000;20.29000;20.64000;148058200
2023-09-07;19.87000;20.30000;19.69000;20.19000;168623000
2023-09-08;20.15500;20.62000;20.084999;20.25;149541600
2023-09-11;20.74500;21.045000;20.42000;20.94000;141712800
2023-09-12;20.67000;20.90500;20.20000;20.27000;155524200
2023-09-13;20.29000;20.74500;20.094999;20.47000;170849400
2023-09-14;20.75;21.12000;20.40000;20.95000;152379800
2023-09-15;20.72500;20.79500;19.71500;19.875;179839600
2023-09-18;19.71500;20.11000;19.66500;19.92000;124798200
2023-09-19;19.70500;19.91500;19.30000;19.80000;148741400
2023-09-20;19.88500;19.95000;18.85000;18.875;196038400
2023-09-21;18.27500;18.39000;17.78500;17.80000;216821200
2023-09-22;18.065001;18.39000;17.76000;17.81500;188181200
2023-09-25;17.65500;18.070000;17.50500;18.049999;162538400
2023-09-26;17.65500;17.74000;17.084999;17.24500;210679400
2023-09-27;17.40500;17.63500;16.81500;17.35000;256871600
2023-09-28;17.19500;18.084999;17.065001;17.77000;268145800
2023-09-29;18.29000;18.5;17.61500;17.81000;286858200
2023-10-02;17.83500;18.45000;17.74000;18.23500;236463200
2023-10-03;17.85500;18.19500;17.020000;17.27000;266539000
2023-10-04;17.39000;18.094999;17.32000;17.97000;252759200
2023-10-05;17.94500;18;17.25;17.78000;218006200
2023-10-06;17.32500;18.84500;17.20500;18.67500;294897400
2023-10-09;18.30500;19.045000;18.070000;18.95000;210966000
2023-10-10;19.0049992;19.68500;18.92500;19.26000;216109600
2023-10-11;19.47000;19.70500;19.20000;19.67000;191710800
2023-10-12;19.73500;20.025000;19.059999;19.44000;236509200
2023-10-13;19.54500;19.64000;18.48500;18.70500;259511000
2023-10-16;18.91000;19.5;18.88500;19.33500;173152200
2023-10-17;18.76000;19.41000;18.42500;19.15000;210387000
2023-10-18;18.73500;19.090000;18.16500;18.34000;263165200
2023-10-19;18.57500;18.75500;17.72000;17.85000;370050400
2023-10-20;17.76000;17.85000;17.010000;17.045000;277722800
2023-10-23;16.83500;17.70500;16.53000;17.19500;263599000
2023-10-24;17.45000;17.79500;17.20000;17.68000;245074600
2023-10-25;17.31500;17.34000;16.29000;16.38500;328363200
2023-10-26;16.19000;16.32000;15.23500;15.43000;374047400
2023-10-27;15.79000;16.11500;15.47500;15.65000;294702200
2023-10-30;15.97500;16.34500;15.79000;16.15500;264305600
2023-10-31;16.16000;16.44500;15.80000;16.39000;222923600
2023-11-01;16.5;17.31500;16.48500;17.23500;332635600
2023-11-02;17.88000;18.19000;17.70000;18.15000;234134000
2023-11-03;18.35000;18.99000;18.31500;18.79000;228661200
2023-11-06;18.90500;19.10500;18.66000;19.0049992;183599600
2023-11-07;19.17500;19.68500;18.98500;19.54000;204502200
2023-11-08;19.60000;19.71500;19.21500;19.57500;187960200
2023-11-09;19.67000;19.85500;19.030001;19.11000;258365200
2023-11-10;19.375;20.41500;19.29000;20.38500;248927600
2023-11-13;20.125;20.36500;19.875;20.20000;180430400
2023-11-14;21.23500;21.64000;21.14500;21.47000;233552400
2023-11-15;21.81000;21.89000;21.30000;21.53000;218432600
2023-11-16;21.38000;21.60500;21.16500;21.56500;178045000
2023-11-17;21.44000;21.75;21.28500;21.58000;157517000
2023-11-20;21.57500;22.47500;21.57000;22.35000;165655600
2023-11-21;22.045000;22.080000;21.64500;21.94500;148275200
2023-11-22;22.28500;22.71000;22.025000;22.20000;171446400
2023-11-24;22.125;22.22500;21.92500;22.090000;63975400
2023-11-27;22.0049992;22.37000;21.88500;22.025000;121856400
2023-11-28;21.90000;22.30000;21.83500;22.20000;158349000
2023-11-29;22.62000;22.86500;22.065001;22.12000;177523200
2023-11-30;22.15000;22.23000;21.42000;21.93500;186394600
2023-12-01;21.74500;22.22000;21.46000;22.12000;172937600
2023-12-04;21.45500;21.53500;20.86500;21.49000;181143600
2023-12-05;21.15500;21.85000;21.13000;21.64500;167540400
2023-12-06;22.14000;22.16000;21.20500;21.26000;163000600
2023-12-07;21.74000;22.27000;21.55500;22.15000;162755400
2023-12-08;21.82500;22.5;21.79500;22.41500;181789000
2023-12-11;22.33500;23.040001;22.30000;22.98500;151540000
2023-12-12;22.99000;23.55000;22.78500;23.54000;142899400
2023-12-13;23.69000;24.53500;23.55000;24.37000;230081400
2023-12-14;24.625;24.86500;23.77500;24.33000;202697800
2023-12-15;24.47000;24.89500;24.35000;24.62000;156731000
2023-12-18;24.74500;25.30000;24.68500;25.13500;116436000
2023-12-19;25.21000;25.53000;25.18000;25.51000;120349600
2023-12-20;25.24000;25.63500;24.23000;24.27000;176165000
2023-12-21;24.94500;25.13500;24.47000;25.075001;149089400
2023-12-22;25.30000;25.47000;24.82000;25.17500;132420000
2023-12-26;25.32000;25.75500;25.31000;25.63500;87371200
2023-12-27;25.67500;25.83000;25.51000;25.77000;111495600
2023-12-28;25.96000;26.0049992;25.63500;25.70500;85768200
2023-12-29;25.69000;25.76000;25;25.35000;134245400
2024-01-02;24.67500;24.71500;23.63500;24.065001;176270600
2024-01-03;23.58500;23.77000;23.21500;23.29500;167812200
2024-01-04;22.93500;23.48500;22.86500;22.90500;143735400
2024-01-05;22.93000;23.46000;22.73500;22.99000;170481600
2024-01-08;23.19500;24.45000;23.16500;24.375;135374200
2024-01-09;23.83000;24.70500;23.80500;24.53500;148431600
2024-01-10;24.58500;25.20500;24.42000;25.020000;147621000
2024-01-11;25.22500;25.48500;24.20000;25.14000;190228400
2024-01-12;25.33500;25.49000;24.92000;25.17000;128214000
2024-01-16;24.94000;25.45500;24.66500;25.15500;145874000
2024-01-17;24.53500;24.79500;23.93500;24.72000;166554600
2024-01-18;25.29500;25.86000;25.055000;25.78000;182140800
2024-01-19;26.16000;27.31000;26.049999;27.27000;186359400
2024-01-22;27.70500;27.96000;27.25500;27.38000;149656600
2024-01-23;27.50500;27.74000;27.14000;27.70500;112172000
2024-01-24;28.47500;28.95000;28.059999;28.16000;179718600
2024-01-25;28.63000;28.76500;27.76000;28.24000;151395200
2024-01-26;27.84000;28.19500;27.59000;27.72000;128382600
2024-01-29;27.80500;28.60000;27.67000;28.53500;115977200
2024-01-30;28.34500;28.46000;27.80000;27.96500;119554400
2024-01-31;27.094999;27.49000;26.29000;26.32000;203451600
2024-02-01;26.64500;27.32000;26.45500;27.25;162261400
2024-02-02;27.59000;28.84000;27.39500;28.62000;198505000
2024-02-05;28.59500;28.71000;27.78500;28.47500;139947800
2024-02-06;28.69000;28.82000;27.82000;28.31000;140124200
2024-02-07;28.84500;29.33000;28.58500;29.15500;131823400
2024-02-08;29.15500;29.44500;29.010000;29.27500;98922200
2024-02-09;29.51500;30.30500;29.35500;30.13500;110222000
2024-02-12;30.10500;30.57000;29.64000;29.78000;116255000
2024-02-13;28.12000;28.93500;27.72000;28.37000;188933000
2024-02-14;28.90000;29.375;28.43000;29.27000;156151400
2024-02-15;29.40500;29.60500;28.86500;29.51500;130057200
2024-02-16;29.58000;29.60500;28.55500;28.70500;151933000
2024-02-20;28.29000;28.59000;27.27500;28.040001;163321000
2024-02-21;27.48500;27.71000;26.91000;27.69000;152898600
2024-02-22;29.39000;30.30000;29.24500;30.084999;179279200
2024-02-23;30.41500;30.61000;29.61000;29.81000;140390800
2024-02-26;29.97000;30.18500;29.71500;29.77000;109875400
2024-02-27;29.98000;30.045000;29.43500;29.95500;109399800
2024-02-28;29.51500;29.76500;29.27500;29.47000;123503400
2024-02-29;30.040001;30.42500;29.39000;30.18000;136959800
2024-03-01;30.375;31.75500;30.36500;31.56500;140959600
2024-03-04;31.54500;31.64000;31.15500;31.19000;120418600
2024-03-05;30.55000;30.55000;29.010000;29.52000;193207000
2024-03-06;30.37000;30.71500;29.67500;30.065001;181677400
2024-03-07;30.77500;31.66000;30.45500;31.40500;142370800
2024-03-08;31.46000;32.064999;29.88500;30.030001;296451200
2024-03-11;29.70500;29.94000;29.28000;29.68000;146770000
2024-03-12;30.14500;31.020000;29.48000;30.94000;170560000
2024-03-13;30.72000;30.73000;29.98500;30.22000;143779800
2024-03-14;30.43500;30.55000;29.39500;29.97500;162480400
2024-03-15;29.34500;29.46000;28.64500;28.88000;140883800
2024-03-18;29.94000;30.40000;29.64500;29.69500;129193800
2024-03-19;29.27000;29.99000;28.84000;29.90000;118810000
2024-03-20;30.035000;30.91500;29.68000;30.85000;156556000
2024-03-21;31.875;31.97500;31.21000;31.25;126541800
2024-03-22;31.13500;31.58500;30.95000;31.31500;91574800
2024-03-25;30.74000;31.31500;30.53000;30.99500;86669400
2024-03-26;31.30500;31.50500;30.64000;30.70500;93986000
2024-03-27;31.28500;31.31500;30.35500;30.97500;111388600
2024-03-28;30.94500;31.11500;30.70000;30.78000;87023400
2024-04-01;30.96000;31.49500;30.56000;30.97000;112290600
2024-04-02;29.93500;30.21000;29.5;30.14000;109672800
2024-04-03;29.70000;30.73000;29.69000;30.34000;111683800
2024-04-04;31.17500;31.30500;28.87000;28.91000;167520400
2024-04-05;29.20000;30.46500;29.030001;29.93000;154897200
2024-04-08;30.10500;30.33000;29.65500;29.95000;89725400
2024-04-09;30.40500;30.47000;29.29000;30.26000;119965000
2024-04-10;29.18000;29.64000;29.030001;29.46500;202080600
2024-04-11;29.80500;31.030001;29.34000;30.85000;146931200
2024-04-12;29.94000;30.17500;29.059999;29.36000;172589800
2024-04-15;30.10000;30.11500;27.72000;27.88500;203656200
2024-04-16;27.84500;28.40500;27.62000;27.89000;163766200
2024-04-17;28.27000;28.27500;26.67500;26.85500;171026400
2024-04-18;26.94500;27.28000;26.25500;26.375;172781600
2024-04-19;26.14000;26.23500;24.42500;24.74000;250807600
2024-04-22;25.19000;25.88500;24.58500;25.46000;142604800
2024-04-23;25.81000;26.81000;25.74500;26.59500;151835000
2024-04-24;27.16000;27.45500;26.41500;26.85500;144316800
2024-04-25;25.45000;26.59500;25.24000;26.42500;172827200
2024-04-26;27.014999;27.93500;26.88500;27.64000;135994600
2024-04-29;28.040001;28.16500;27.44000;27.97000;102355000
2024-04-30;27.65000;27.92500;26.36500;26.37000;125248600
2024-05-01;26.075001;27.40000;25.63500;25.80000;208076800
2024-05-02;26.46000;26.92500;25.60000;26.75500;124829800
2024-05-03;28.16500;28.55500;27.86500;28.35000;150878000
2024-05-06;28.71000;29.30000;28.56000;29.28000;82530800
2024-05-07;29.36000;29.61500;29.14000;29.28000;93320400
2024-05-08;28.75;29.51000;28.72500;29.22500;78027200
2024-05-09;29.25;29.5;28.875;29.38500;81439200
2024-05-10;29.68000;30.035000;29.27000;29.58500;92669600
2024-05-13;29.96000;29.98500;29.49000;29.78000;67722000
2024-05-14;29.68000;30.45000;29.64000;30.33500;92952800
2024-05-15;30.84500;31.81000;30.53000;31.73500;130481400
2024-05-16;31.68000;32.099998;31.49500;31.54000;87715200
2024-05-17;31.54500;31.68000;31.010000;31.47000;70099600
2024-05-20;31.51000;32.26500;31.47500;32.12000;74539000
2024-05-21;31.72000;32.33500;31.67500;32.28500;62314000
2024-05-22;32.34500;32.5;31.71000;32.26500;80039400
2024-05-23;33.25;33.25500;31.40000;31.78500;130877800
2024-05-24;32.125;32.94500;31.97000;32.67500;82558000
2024-05-28;32.93000;33.049999;32.40000;33.029999;83186400
2024-05-29;32.12000;32.72000;32.099998;32.34000;79282200
2024-05-30;32.125;32.15000;30.99500;31.30000;84703600
2024-05-31;31.30000;31.44500;29.48000;31.26500;143746400
2024-06-03;31.86500;32.075001;30.48000;31.57000;111435000
2024-06-04;31.5;32.064999;31.13500;31.80500;88491800
2024-06-05;32.56000;33.74000;32.32500;33.72500;104871400
2024-06-06;33.87000;33.94000;33.42500;33.68500;73031200
2024-06-07;33.56000;34.16500;33.31000;33.56000;89943400
2024-06-10;33.29500;34.029999;33.24000;33.91500;72041800
2024-06-11;33.66000;34.66000;33.33000;34.61500;71386800
2024-06-12;35.50500;36.51000;35.36000;35.98000;124402600
2024-06-13;36.78500;36.94500;36.035000;36.55500;87285000
2024-06-14;36.47500;37.10500;36.36500;37.084999;71555000
2024-06-17;37.14000;38.86000;36.83500;38.43000;93354600
2024-06-18;38.41500;38.61500;38.029999;38.45000;66433200
2024-06-20;38.73000;38.83000;37.11000;37.54500;105455000
2024-06-21;37.45000;37.76500;36.86000;37.20000;77341800
2024-06-24;36.91000;37.31500;35.90000;35.94000;93754600
2024-06-25;36.39500;37.21500;36.18500;37.14000;77675000
2024-06-26;36.80000;37.35000;36.70500;37.23000;72549600
2024-06-27;37.16000;37.85000;36.96000;37.5;74115400
2024-06-28;37.64500;38.76500;36.72500;36.91000;107803000
2024-07-01;37.080002;37.64500;36.21000;37.51500;86557400
2024-07-02;37.14500;38.69000;37.12000;38.66500;74950200
2024-07-03;38.47500;39.65500;38.47500;39.61500;56150400
2024-07-05;39.78500;40.92500;39.71500;40.81500;79624600
2024-07-08;40.90500;41.23500;40.64000;41.084999;73365600
2024-07-09;41.46000;41.74500;40.81000;41.17500;72033600
2024-07-10;41.66000;42.60000;41.33500;42.46500;77554800
2024-07-11;42.48500;42.53000;39.35000;39.67500;149329000
2024-07-12;39.75500;41.47000;39.65000;40.32000;101019800
2024-07-15;40.73500;41.81000;40.11500;40.62000;109900400
2024-07-16;40.97000;41.17500;39.87000;40.65000;83637600
2024-07-17;38.66500;38.78500;37.044998;37.075001;142840000
2024-07-18;37.90500;37.96000;35.77500;36.52000;131678400
2024-07-19;36.40000;36.98500;35.22000;35.53000;118249600
2024-07-22;36.82500;37.31500;36.060001;37.080002;112808600
2024-07-23;36.86500;37.56500;36.57000;36.68000;87127000
2024-07-24;35.11500;35.19000;32.52500;32.72500;159575200
2024-07-25;32.78000;33.67000;31.065001;31.63500;188128000
2024-07-26;32.5;33.17000;31.89000;32.54000;137407000
2024-07-29;33.13500;33.59500;32.26000;32.73000;115640800
2024-07-30;33.14000;33.29500;30.67000;31.39500;143063600
2024-07-31;33.49000;34.5;33.19000;34.14000;173408400
2024-08-01;34.29000;35.11000;30.85000;31.68000;210693200
2024-08-02;29.82500;30.36000;28.5;29.37000;209844000
2024-08-05;24.66500;28.094999;24.40000;26.81000;287924400
2024-08-06;27.065001;28.875;26.57000;27.48000;192909400
2024-08-07;28.78500;29.25500;26.5;26.59500;182751600
2024-08-08;27.72500;29.17500;27.0049992;29.030001;152879200
2024-08-09;28.72000;29.76500;28.5;29.42500;125592400
2024-08-12;29.61500;30.20000;29.055000;29.625;108972600
2024-08-13;30.48000;31.85500;30.45000;31.78000;108962800
2024-08-14;31.99500;32.32000;30.93500;31.83500;124710600
2024-08-15;33.064999;34.31500;32.99500;34.23000;106424800
2024-08-16;33.81000;34.63000;33.59500;34.32000;89675200
2024-08-19;34.34000;35.67500;33.94500;35.65000;91599800
2024-08-20;35.45000;36.029999;35.044998;35.43000;97859000
2024-08-21;35.59000;36.33000;35.21000;35.91500;103000800
2024-08-22;36.43000;36.58000;33.96000;34.19000;127496400
2024-08-23;35.099998;35.86000;34.25;35.26500;128753200
2024-08-26;35.13500;35.33500;33.76500;34.23000;84981400
2024-08-27;33.86500;34.75;33.42500;34.52000;71532600
2024-08-28;34.40000;34.56000;32.58000;33.35000;118625800
2024-08-29;33.72500;34.71500;32.89500;33.17500;120033600
2024-08-30;34.060001;34.43500;33.090000;34.30500;92946800
2024-09-03;33.63000;33.66000;30.64500;31.17500;147572600
2024-09-04;30.52000;31.68500;30.32500;30.91000;96798400
2024-09-05;30.57000;31.86000;30.36000;31.010000;110171600
2024-09-06;30.80500;30.98500;28.36000;28.49500;169904600
2024-09-09;29.28500;29.74500;28.67000;29.55500;110835000
2024-09-10;29.89000;30.46000;29.10000;30.35000;91582400
2024-09-11;30.59000;32.47500;28.88500;32.28500;163475200
2024-09-12;32.31500;33.44500;31.94500;33.24000;109802600
2024-09-13;33.075001;33.93500;33.025002;33.67500;87966600
2024-09-16;33.21000;33.35500;32.51500;33.22500;82331000
2024-09-17;33.85000;34.13000;32.73500;33.24500;103114400
2024-09-18;33.51000;34.38000;32.69500;32.81000;166396200
2024-09-19;35.15000;35.90000;34.70500;35.29000;114801400
2024-09-20;35.075001;35.34000;34.15500;35.064999;96759600
2024-09-23;35.31000;35.57500;35.020000;35.32500;69837000
2024-09-24;35.64000;36.044998;34.69000;35.82500;81259600
2024-09-25;35.57000;36.24500;35.53000;35.83500;64724800
2024-09-26;37.46000;37.53500;35.79000;36.59500;107003200
2024-09-27;36.81000;36.83000;35.69500;35.96500;82930600
2024-09-30;35.73000;36.31000;35.090000;36.24500;85862800
2024-10-01;36.14000;36.21500;33.85000;34.71000;134760200
2024-10-02;34.50500;35.27000;33.93500;34.84000;79119400
2024-10-03;34.36500;35.40500;34.19500;34.76000;97749400
2024-10-04;36;36.080002;34.89000;35.98500;110700400
2024-10-07;35.52500;35.79000;34.53000;34.80000;82403400
2024-10-08;35.33000;36.49000;35.15500;36.31000;77914000
2024-10-09;36.26000;37.31500;36.029999;37.18500;78696200
2024-10-10;36.66000;37.47500;36.36000;37.055000;86060600
2024-10-11;36.58500;37.40000;36.45000;37.15000;70735200
2024-10-14;37.72000;38.41000;37.60500;38.099998;67691200
2024-10-15;38.17500;38.32500;36.070000;36.58000;106307600
2024-10-16;36.62000;36.74500;35.83500;36.56000;70784200
2024-10-17;37.79000;37.80000;36.625;36.67000;97697800
2024-10-18;37.23000;37.57500;37.064999;37.32000;64151600
2024-10-21;37.029999;37.71000;36.59000;37.52500;74995800
2024-10-22;36.90500;37.97500;36.73000;37.63500;76308000
2024-10-23;37.084999;37.23500;35.14000;35.89500;118172200
2024-10-24;36.71000;36.90000;36.12000;36.75;78612800
2024-10-25;37.35000;38.5;37.19500;37.37000;114826000
2024-10-28;38.095001;38.095001;37.33000;37.40500;69162200
2024-10-29;37.46500;38.73000;37.035000;38.44000;78545200
2024-10-30;38.27500;38.49000;37.47000;37.58500;80473200
2024-10-31;36.65500;36.66500;34.71500;34.72500;138905200
2024-11-01;35.040001;36.18000;34.98500;35.46500;96678800
2024-11-04;35.32000;35.88000;34.75500;35.13500;82214400
2024-11-05;35.47500;36.62000;35.46000;36.47000;79352600
2024-11-06;38.33000;39.61000;38.095001;39.43000;118794200
2024-11-07;40.080002;41.46500;40.049999;41.27500;99545200
2024-11-08;41.11000;41.55500;40.95500;41.375;70060000
2024-11-11;41.66500;41.71500;40.59000;41.30000;70806000
2024-11-12;41.27000;41.48500;40.32500;41.075001;68286000
2024-11-13;40.93000;41.54500;40.34000;40.89500;74989000
2024-11-14;40.79500;41.014999;39.81000;40.029999;77651400
2024-11-15;38.63500;38.72500;36.64500;37.13500;120601600
2024-11-18;37.46500;38.37000;37.15500;37.88500;77551200
2024-11-19;37.27500;38.77500;37.21000;38.64500;80088200
2024-11-20;38.57500;38.64500;37.055000;38.60000;101260600
2024-11-21;39.27500;39.44000;37.28000;38.98000;109865600
2024-11-22;38.82000;39.30500;38.44000;39.125;79934800
2024-11-25;40.080002;40.43500;38.77000;39.30500;91515800
2024-11-26;39.64500;40.125;39.44500;39.91500;69747200
2024-11-27;39.64500;39.65500;38.16500;38.95000;78463600
2024-11-29;39.064999;40.084999;38.92500;39.94500;40865800
2024-12-02;40.24000;41.47500;40.14500;41.24000;73638200
2024-12-03;40.90000;41.66500;40.76500;41.60500;84810800
2024-12-04;42.43500;43.18500;42.25500;43.125;69992600
2024-12-05;43.125;43.32000;42.67000;42.77000;54020400
2024-12-06;42.89000;43.93500;42.86000;43.87000;62740600
2024-12-09;43.625;43.83000;42.54000;42.84500;69577600
2024-12-10;43.125;43.56000;42.025002;42.38000;71541600
2024-12-11;43.44000;44.81000;43.34000;44.64500;74897800
2024-12-12;44.064999;44.38500;43.64000;43.76000;66348400
2024-12-13;44.71000;45.38500;43.92500;44.70000;79663600
2024-12-16;45.36000;46.89500;45.33500;46.64500;69967600
2024-12-17;46.16500;46.45500;45.58500;46.020000;69168200
2024-12-18;45.82500;46.28500;40.64500;41.044998;134849200
2024-12-19;42.13500;42.26500;40.375;40.46500;113317600
2024-12-20;39.53000;42.93000;39.25;41.51500;145241000
2024-12-23;41.72500;42.62000;40.91500;42.53000;83645800
2024-12-24;42.97500;44.24000;42.82000;44.22000;48139600
2024-12-26;43.81000;44.54000;43.29500;44.125;59062000
2024-12-27;43.18500;43.29500;41.14000;42.33000;102139000
2024-12-30;40.60000;41.53000;39.70500;40.63000;102844000
2024-12-31;40.90000;41.080002;39.34000;39.56500;105177600
2025-01-02;40.27000;40.80500;38.26500;39.31500;141370600
2025-01-03;39.99500;41.45500;39.81000;41.20000;92431600
2025-01-06;42.48500;43.42500;42.014999;42.60500;92050000
2025-01-07;42.86000;42.94500;39.85500;40.31000;111021000
2025-01-08;40.28000;40.70500;39.22000;40.34000;96021200
2025-01-10;39.40000;39.41000;37.61500;38.41500;145651600
2025-01-13;37.025002;38.099998;36.67000;38.014999;113382000
2025-01-14;38.74000;39.029999;37.095001;37.88000;125271000
2025-01-15;39.65500;40.73500;39.30000;40.44000;106919200
2025-01-16;41.0050011;41.025002;39.60000;39.61500;93055400
2025-01-17;41.84500;41.97000;40.92000;41.57000;87352200
2025-01-21;42.22500;42.57500;41.16500;42.26000;83451800
2025-01-22;43.42000;44.45500;43.35500;43.90000;86265400
2025-01-23;43.27000;44.19000;43.13500;44.17000;60481000
2025-01-24;44.21500;44.41500;43.0050011;43.375;72479200
2025-01-27;38.79000;40.51500;38.59000;39.57000;161821600
2025-01-28;39.79000;41.58500;39;41.32500;101033400
2025-01-29;41.45500;41.49000;40.13000;41.070000;118481200
2025-01-30;41.73500;42.29500;40.43000;41.58500;115171000
2025-01-31;42.46000;43.54500;41.090000;41.36000;118146600
2025-02-03;39.26500;40.99500;38.67000;40.36000;153257000
2025-02-04;40.45500;41.97000;40.36500;41.82500;84634600
2025-02-05;41.17500;42.41000;40.88000;42.37000;79694800
2025-02-06;42.48000;43.064999;42.095001;43.0050011;76431000
2025-02-07;43.13000;43.59500;41.17500;41.36500;110870400
2025-02-10;42.36500;43.099998;42.25;42.82000;65594200
2025-02-11;42.035000;42.99500;42.0050011;42.51500;62602800
2025-02-12;41.14000;42.80500;41.049999;42.60000;96986600
2025-02-13;42.99000;44.48000;42.79000;44.39500;92920200
2025-02-14;44.40500;45.090000;44.30000;44.91500;76057400
2025-02-18;45.31500;45.375;44.375;45.19500;68825200
2025-02-19;45;45.56000;44.46000;45.20000;68515800
2025-02-20;45.025002;45.11500;43.44500;44.65000;80266000
2025-02-21;44.88500;44.89500;41.73500;41.85500;118627200
2025-02-24;42.25;42.52500;40.25;40.35000;106467400
2025-02-25;40.16500;40.19000;37.89000;38.81000;151194400
2025-02-26;39.29000;40.22500;38.34500;39.060001;126351400
2025-02-27;39.86000;40.084999;35.74000;35.82000;206751000
2025-02-28;35.73000;37.58500;35.040001;37.46000;186358000
2025-03-03;38.18500;38.52500;34.22000;35.040001;183891600
2025-03-04;34.38000;36.38500;33.0050011;34.65500;261673800
2025-03-05;34.77500;36.34500;33.74500;36.0050011;201266600
2025-03-06;34.19500;35.25;32.58500;33.020000;245645400
2025-03-07;32.78000;34.0050011;31.44500;33.70500;270354600
2025-03-10;32;32.095001;28.94000;29.90500;312271600
2025-03-11;29.70000;30.92500;28.68500;29.55500;278978600
2025-03-12;30.97000;31.33000;29.58000;30.56500;283837200
2025-03-13;30.40000;30.42500;28.52000;28.89500;242454600
2025-03-14;29.85500;31.11500;29.75;30.94500;198217000
2025-03-17;30.94000;32.14000;30.57500;31.54500;180300800
2025-03-18;30.88500;30.89000;29.50500;29.95500;175652400
2025-03-19;30.34000;31.95500;29.97000;31.12000;185186400
2025-03-20;30.33000;31.81500;30.18500;30.80000;176818200
2025-03-21;29.76500;31.21000;29.53500;31.090000;160982000
2025-03-24;32.53000;33.26500;32.41000;33.064999;126823000
2025-03-25;33.24000;33.68500;33.044998;33.65500;111139400
2025-03-26;33.32000;33.49500;31.38000;31.69000;157006400
2025-03-27;31.30000;32.11500;30.875;31.15000;144736000
2025-03-28;30.77000;30.90500;28.48500;28.67000;207264200
2025-03-31;27.36000;28.81500;26.52000;28.65000;213709000
2025-04-01;28.34000;29.49500;27.81000;29.31000;194196400
2025-04-02;28.094999;30.60000;28.045000;29.96500;246174800
2025-04-03;26.21500;26.91500;25.055000;25.15000;280231400
2025-04-04;22.99500;23.39000;20.51500;20.54500;516053400
2025-04-07;18.375;23.41500;17.5;20.625;791455200
2025-04-08;22.69500;23.40500;18.55000;19.45000;502295400
2025-04-09;19.38000;26.70500;19.36500;26.30500;713864000
2025-04-10;24.34000;24.67000;20.78500;23.070000;563385400
2025-04-11;22.83500;24.53500;22.31000;24.29000;358585800
2025-04-14;25.95000;26.025000;24.035000;24.80000;294861400
2025-04-15;24.98000;25.60500;24.59500;24.89500;209340200
2025-04-16;23.41500;24.0049992;21.58000;22.64500;269148800
2025-04-17;23.045000;23.14500;22.17500;22.58000;202191600
2025-04-21;21.68500;21.82000;20.12000;20.93000;229539400
2025-04-22;21.73000;22.99000;21.55000;22.53000;260222800
2025-04-23;24.62000;25.41500;23.81500;24.025000;303995400
2025-04-24;24.37000;26.14000;24.27000;26.070000;240615400
2025-04-25;26.020000;27.035000;25.74000;26.93000;226103200
2025-04-28;27.010000;27.32000;25.82000;26.91000;191356800
2025-04-29;26.52000;27.58500;26.41500;27.43500;169808000
2025-04-30;25.98000;27.71000;25.16000;27.44000;268446600
2025-05-01;28.78000;29.44500;28.31500;28.38500;205481600
2025-05-02;29.32000;30.094999;29.014999;29.71500;195097800
2025-05-05;28.95000;29.75;28.85000;29.20000;138579000
2025-05-06;28.030001;29.020000;27.78500;28.37000;165885800
2025-05-07;28.48000;29.13000;27.54500;28.70000;207867200
2025-05-08;29.60000;30.35500;28.83000;29.55500;197621600
2025-05-09;29.90000;30.13500;29.16500;29.48500;146818800
2025-05-12;32.92500;33.080002;31.92500;33.055000;202490000
2025-05-13;33.33500;34.93000;33.18000;34.57000;170595400
2025-05-14;34.80500;35.30500;34.60500;35.18000;161184800
2025-05-15;34.74000;35.84500;34.46500;35.29000;161694800
2025-05-16;35.55500;35.76000;34.82500;35.72500;127627200
2025-05-19;34.23500;35.93000;34.21500;35.82000;143794200
2025-05-20;35.29000;35.58500;34.70000;35.44500;134069400
2025-05-21;34.62000;35.99500;33.59000;33.97000;219255200
2025-05-22;34.080002;34.875;33.81000;34.14500;173542000
2025-05-23;32.54500;33.67000;32.43000;33.16000;214220800
2025-05-27;34.49500;35.57500;34.19500;35.47000;130539600
2025-05-28;35.67000;35.97000;34.89000;35.014999;132542600
2025-05-29;36.5;36.53000;34.66500;35.18500;193248800
2025-05-30;35.064999;35.30000;33.52000;35;187118200
2025-06-02;34.60000;35.86000;34.34500;35.80500;137925400
2025-06-03;35.88000;36.94000;35.70000;36.64000;128728400
2025-06-04;36.79000;37.16000;36.35500;36.93500;128889000
2025-06-05;37.22500;37.82500;35.65000;36.075001;198008800
2025-06-06;37.13500;37.50500;36.77000;37.10500;131215400
2025-06-09;37.15500;37.62000;36.92000;37.27000;100363800
2025-06-10;37.35500;38.14500;36.88000;37.99000;122693000
2025-06-11;38.29500;38.54000;37.11000;37.60000;181652000
2025-06-12;37.30000;38.064999;37.26000;37.84500;126110000
2025-06-13;36.55000;37.44500;36.13500;36.41500;210666200
2025-06-16;37.11000;38.125;37.11000;37.90000;116668600
2025-06-17;37.34000;37.69000;36.54000;36.78000;135418200
2025-06-18;36.96000;37.48000;36.42000;36.73000;142661400
2025-06-20;37.38000;37.66500;35.86000;36.22500;163355000
2025-06-23;36.36500;37.46500;35.71000;37.35000;167572800
2025-06-24;38.45500;39.25500;38.33000;39.049999;113191600
2025-06-25;39.44000;39.71000;38.86000;39.24000;101438200
2025-06-26;39.71000;40.42500;39.31000;40.31500;100144200
2025-06-27;40.51500;41.125;39.92500;40.71000;146023600
2025-06-30;41.40000;41.74500;40.91500;41.5;113721400
2025-07-01;41.060001;41.27000;39.90500;40.44500;140390000
2025-07-02;40.23000;41.29500;40.21500;41.25;100285000
2025-07-03;41.74500;42.64500;41.74500;42.40500;83484600
2025-07-07;41.80000;41.98500;40.90000;41.46000;139674800
2025-07-08;41.74000;41.89000;41.23500;41.51500;115515400
2025-07-09;41.98500;42.69500;41.67500;42.375;117976200
2025-07-10;42.51500;42.61000;41.57000;42.18000;110317800
2025-07-11;41.66000;42.22500;41.375;41.86000;106937600
2025-07-14;41.81500;42.47000;41.27500;42.30500;97311400
2025-07-15;43.21500;43.33500;42.40000;42.41500;123257600
2025-07-16;42.53000;42.67500;41.22000;42.53500;166357600
2025-07-17;42.68500;43.66000;42.5;43.52500;97330800
2025-07-18;43.82000;43.87000;43.095001;43.375;98496200
2025-07-21;43.57500;44.49000;43.56000;44.035000;87720400
2025-07-22;44.064999;44.080002;42.73500;43.35000;108345200
2025-07-23;43.59000;43.94000;42.95000;43.92000;118025200
2025-07-24;44.22500;44.48000;43.80000;44.21000;90378200
2025-07-25;44.15500;44.79000;43.99000;44.46000;79003200
2025-07-28;44.79500;45.095001;44.59000;44.89500;95592000
2025-07-29;45.49500;45.81500;44.49000;44.69000;116251200
2025-07-30;44.87000;45.44000;44.13000;44.84500;145527600
2025-07-31;46.35500;46.375;43.83000;44.10500;178874600
2025-08-01;42.625;42.66000;40.93000;41.46000;219781200
2025-08-04;42.61000;43.78500;42.58000;43.73000;108586000
2025-08-05;44.025002;44.30500;42.71000;42.82000;152088400
2025-08-06;43.014999;44.53500;42.90500;44.42000;128995200
2025-08-07;45.44500;45.83500;43.91000;44.87000;169239200
2025-08-08;45.12000;46.14000;45.049999;46.080002;104522600
2025-08-11;46.11500;46.62000;45.36000;45.67500;94617000
2025-08-12;46.21000;47.44500;45.56500;47.36000;119469600
2025-08-13;48.025002;48.16000;47.090000;47.43000;96058600
2025-08-14;46.92000;47.79500;46.82000;47.30000;106385800
2025-08-15;47.23500;47.25500;46.21000;46.63000;96167400
2025-08-18;46.40000;46.73000;46.11500;46.57000;73371400
2025-08-19;46.38500;46.43000;44.41000;44.67000;111118600
2025-08-20;44.41500;44.44500;42.19000;43.85500;164404200
2025-08-21;43.47500;43.97500;42.69500;43.24500;119920000
2025-08-22;43.51000;45.66000;43.18500;45.19000;132726400
2025-08-25;44.81000;45.49000;44.51500;44.79500;80452600
2025-08-26;44.65500;45.38500;44.42000;45.31500;84374600
2025-08-27;45.070000;45.72000;44.77000;45.52000;90055200
2025-08-28;45.64000;46.55500;45.25500;46.35000;90658000
2025-08-29;45.71000;45.79500;44.24500;44.68000;121887000
2025-09-02;42.55500;43.62000;42.125;43.54000;166668000
2025-09-03;44.36500;44.94000;43.79500;44.55500;119929800
2025-09-04;44.70000;45.83000;44.31000;45.76000;101759600
2025-09-05;46.97000;47.12000;44.84500;45.91000;172625800
2025-09-08;46.45500;47.049999;46.32000;46.56500;101696800
2025-09-09;46.75;47.055000;46.12000;46.94500;94620800
2025-09-10;47.72500;47.73000;46.47000;46.99500;120818800
2025-09-11;47.59500;47.99000;47.20500;47.78500;91247200
2025-09-12;47.98000;48.68500;47.76500;48.38000;92235200
2025-09-15;48.82000;49.63500;48.78500;49.61500;78114400
2025-09-16;49.83500;49.90500;49.30500;49.48000;77137200
2025-09-17;49.44500;49.60000;47.75500;49.16500;147697200
2025-09-18;50.38000;51.18500;49.89500;50.49000;123401600
2025-09-19;50.94000;51.64500;50.57500;51.49000;84365400
2025-09-22;51.21000;52.54000;51.21000;52.36000;81054600
2025-09-23;52.39500;52.45000;50.99000;51.30500;99930600
2025-09-24;51.60500;51.68000;49.99500;50.70500;101055600
2025-09-25;49.70000;50.43500;48.75;50.025002;122820600
2025-09-26;50.20000;50.69000;49.37000;50.625;124097400
2025-09-29;51.39500;52.14000;50.97000;51.30000;92393200
2025-09-30;51.20500;51.78500;50.61000;51.70000;92323800
2025-10-01;50.86500;52.57000;50.65000;52.43000;93996400
2025-10-02;53.40500;53.42000;52.33000;53.070000;89158600
2025-10-03;53.22000;53.43500;51.88000;52.35000;103096400
2025-10-06;53.70000;53.94000;53.064999;53.52000;82476800
2025-10-07;53.85000;54.029999;52.26000;52.65500;100185800
2025-10-08;52.86000;54.52500;52.83000;54.44000;86931000
2025-10-09;54.44000;54.48000;53.38000;54.22500;87956200
2025-10-10;54.36500;54.83000;48.41500;48.53500;238009400
2025-10-13;51.029999;51.84000;50.42500;51.61500;114511200
2025-10-14;49.86500;51.76500;48.53500;50.56500;147230000
2025-10-15;52.070000;52.75500;50.020000;51.60000;127069400
2025-10-16;52.34000;53.16500;49.875;51.025002;159344000
2025-10-17;50.46000;52.38500;50.060001;51.99500;142274000
2025-10-20;52.80500;54.26000;52.77500;53.94500;79928800
2025-10-21;53.95000;54.24000;53.33500;53.88500;79811400
2025-10-22;53.72500;53.87000;50.79000;52.30000;134380800
2025-10-23;52.13500;53.81500;52.040001;53.61000;91245000
2025-10-24;54.99500;55.63000;54.76500;55.28000;84387600
2025-10-27;57.26000;58.34500;57.13500;58.21500;77489400
2025-10-28;58.82500;60.040001;58.53000;59.54500;92239400
2025-10-29;60.28500;60.68500;58.77000;60.30500;133060800
2025-10-30;59.29500;59.67000;57.51500;57.54500;127234200
2025-10-31;59.74500;59.74500;57.69000;58.36000;122666800
2025-11-03;60;60.21000;58.54000;59.16000;83598000
2025-11-04;56.68000;57.70500;55.32000;55.54000;124762800
2025-11-05;55.34000;57.5;54.97000;56.62000;109730000
2025-11-06;56.18500;56.25;53.060001;53.44500;156461400
2025-11-07;52.51000;52.92000;49.98000;52.89000;183589400
2025-11-10;55.21500;56.625;54.70500;56.35500;119878800
2025-11-11;55.63500;56.21000;54.80000;55.89000;102665600
2025-11-12;56.76500;56.77000;54.86500;55.77500;125708400
2025-11-13;54.78500;54.94000;51.70000;52.33000;201264400
2025-11-14;49.99000;53.54500;49.38500;52.37000;222397600
2025-11-17;51.70500;53.31500;50.055000;51.025002;186327000
2025-11-18;49.98500;50.67000;47.90000;49.18000;267348000
2025-11-19;49.32500;51.57500;48.71500;50.025002;184263600
2025-11-20;52.95000;53.54000;46.23000;46.45000;178246300
2025-11-21;46.85000;49.099998;45.24000;47.48000;179618600
2025-11-24;48.70000;51.45000;48.67000;51.080002;93894200
2025-11-25;50.64000;52.36000;49.080002;52.0099983;101851900
2025-11-26;52.91000;53.86000;52.37000;53.37000;75598100
2025-11-28;53.82000;54.61000;53.63000;54.54000;34381600
2025-12-01;53.11000;54.65000;52.82000;54.049999;66359600
2025-12-02;54.63000;55.76000;54.14000;55.30000;79504400
2025-12-03;54.66000;55.88000;54.23000;55.69000;69844900
2025-12-04;56.040001;56.049999;54.61000;55.51000;63958000
2025-12-05;55.86000;57.080002;55.68000;56.15000;73206000
2025-12-08;56.57000;57.040001;55.12000;55.80000;69700000
2025-12-09;55.45000;56.22000;55.090000;56.0099983;48736000
2025-12-10;55.65000;57.090000;54.89000;56.65000;100261100
2025-12-11;55.63000;56.16000;53.98000;56.11000;99683900
2025-12-12;55.11000;55.52000;52.23000;52.82000;138448500
2025-12-15;54.060001;54.060001;51.72000;52.020000;98696300
2025-12-16;51.43000;52.77000;51.099998;52.33000;105953700
2025-12-17;52.65000;52.80000;49.37000;49.40000;125606200
2025-12-18;51.67000;52.46000;50.98000;51.51000;109222100
2025-12-19;52.20000;53.64000;52.19000;53.52000;72957800
2025-12-22;54.81000;54.89000;53.88000;54.25;64783100
2025-12-23;53.97000;55.070000;53.86000;55.0099983;48197100
2025-12-24;54.87000;55.45000;54.78000;55.36000;25855000
2025-12-26;55.52000;55.75;55.11000;55.31000;37244200
2025-12-29;54.29000;54.99000;53.92000;54.49000;50635300
2025-12-30;54.20000;54.82000;54.040001;54.099998;38976800
2025-12-31;54.13000;54.20000;52.64000;52.72000;57199400
2026-01-02;54.17000;54.88000;51.61000;52.35000;107226600
2026-01-05;53.95000;54.33000;53.29000;53.60000;77968000
2026-01-06;53.92000;55.17000;53.74000;55.0099983;68915800
2026-01-07;54.89000;56.19000;54.77000;55.17000;65588300
2026-01-08;54.87000;54.98000;53.5;54.19000;83760300
2026-01-09;54.39000;56.099998;53.79000;55.76000;78706300
2026-01-12;54.60000;56.34000;54.58000;55.89000;59673900
2026-01-13;55.91000;56.5;54.96000;55.60000;88611000
2026-01-14;54.55000;54.88000;52.5;53.83000;117421500
2026-01-15;55.65000;55.83000;54.13000;54.38000;90483000
2026-01-16;55.32000;55.46000;53.58000;54.14000;75855900
2026-01-20;51.39000;52.56000;50.48000;50.73000;129209100
2026-01-21;51.070000;53.80000;50.67000;52.73000;150230100
2026-01-22;54.32000;54.33000;53.15000;53.90000;90992300
2026-01-23;53.59000;55.070000;53.32000;54.38000;78066100
2026-01-26;54.47000;55.63000;54.21000;55.080002;58084300
2026-01-27;55.98000;56.80000;55.56000;56.54000;51981200
2026-01-28;57.70000;58.0099983;56.73000;57.060001;76172100
2026-01-29;56.95000;57.21000;53.060001;56.040001;122642300
2026-01-30;55.020000;55.71000;53.32000;54;110170700
2026-02-02;53.16000;55.71000;53.15000;55.099998;74665800
2026-02-03;55.64000;55.76000;51.080002;52.52000;129992200
2026-02-04;52.14000;52.15000;48.43000;49.76000;142536200
2026-02-05;48.39000;49.53000;47.060001;47.64000;158712900
2026-02-06;48.34000;51.0099983;48;50.59000;117934600
2026-02-09;50.060001;52.27000;49.44000;51.74000;71272700
2026-02-10;51.97000;52.40000;50.89000;51.020000;70660900
2026-02-11;52.21000;52.5;50.040001;51.40000;92393800
2026-02-12;51.80000;52.070000;47.99000;48.26000;131150000
2026-02-13;48.15000;49.59000;47.18000;48.47000;123216600
2026-02-17;47.64000;48.98000;46.42000;48.35000;117089700
2026-02-18;48.53000;50.36000;48.20000;49.39000;81370800
2026-02-19;48.67000;49.40000;48.16000;48.83000;83447500
2026-02-20;47.96000;50.45000;47.76000;50.060001;118813800
2026-02-23;49.53000;49.88000;47.66000;48.24000;91951800
2026-02-24;48.45000;50.040001;47.82000;49.78000;71023300
2026-02-25;50.55000;51.96000;50.53000;51.87000;54217200
2026-02-26;51.63000;51.64000;48.71000;50.049999;105583800
2026-02-27;48.45000;49.77000;48.26000;49.52000;93802200
2026-03-02;47.46000;50.15000;47.23000;49.70000;108545900
2026-03-03;46.81000;48.67000;45.72000;48.099998;163365500
2026-03-04;48.69000;50.79000;48.52000;50.26000;99738400
2026-03-05;49.44000;50.76000;48.17000;49.80000;129713200
2026-03-06;47.66000;49.049999;47.18000;47.54000;141012200
2026-03-09;46.19000;49.77000;45.5;49.39000;159005500
2026-03-10;49.41000;50.74000;48.83000;49.40000;115057200
2026-03-11;49.68000;50.52000;48.73000;49.35000;91104300
2026-03-12;48.15000;48.49000;46.75;46.83000;130823900
2026-03-13;47.35000;48.25;45.67000;45.93000;141952500
2026-03-16;47.37000;48.27000;47.18000;47.46000;81421500
2026-03-17;48.12000;48.76000;47.81000;48.16000;74570100
2026-03-18;47.72000;48.11000;46.049999;46.099998;105059300
2026-03-19;44.87000;46.32000;44.30000;45.69000;138384900
2026-03-20;45.18000;45.21000;42.30000;43.080002;137952500
2026-03-23;45.11000;46.15000;44.13000;44.57000;139354300
2026-03-24;43.84000;44.55000;43.19000;43.62000;105505200
2026-03-25;44.70000;45.22000;43.95000;44.39000;79294400
2026-03-26;43.23000;43.68000;41.15000;41.23000;117558900
2026-03-27;40.56000;40.59000;38.56000;38.78000;124795700
2026-03-30;39.75;39.91000;37.32000;37.89000;111446500
2026-03-31;39.090000;42;39.070000;41.68000;149516200
2026-04-01;42.63000;43.98000;42.41000;43.23000;116135500
2026-04-02;40.88000;43.55000;40.44000;43.33000;111377300
2026-04-06;43.60000;44.59000;43.27000;44.099998;69245100
2026-04-07;43.45000;44.21000;41.84000;44.15000;131796200
2026-04-08;48.64000;48.92000;47.15000;48;102015100
2026-04-09;48.020000;49.090000;47.31000;48.96000;78953600
2026-04-10;49.36000;49.81000;48.82000;49.17000;65481600
2026-04-13;48.78000;50.74000;48.46000;50.66000;67169100
2026-04-14;51.39000;53.43000;51.38000;53.41000;72362300
2026-04-15;53.57000;55.74000;53.33000;55.65000;83244000
2026-04-16;56.13000;56.92000;55.099998;56.43000;86398100
2026-04-17;57.78000;58.94000;57.37000;58.59000;103604000
2026-04-20;58.40000;58.58000;56.91000;58.080002;67652800
2026-04-21;58.48000;58.97000;56.82000;57.40000;91775200
2026-04-22;58.93000;60.30000;58.49000;60.21000;73399800
2026-04-23;59.80000;60.73000;57.59000;59.22000;92856900
2026-04-24;61.080002;62.74000;60.56000;62.56000;80250700
2026-04-27;62.41000;62.70000;61.64000;62.64000;56615000
2026-04-28;60.72000;61.33000;59.68000;60.74000;80631600
2026-04-29;61;61.87000;60.45000;61.86000;77081400
2026-04-30;62.89000;63.80000;60.70000;63.54000;81042700
2026-05-01;63.89000;65.84000;63.81000;65.30000;67762900
2026-05-04;65.44000;66.050003;63.78000;64.91000;60813800
2026-05-05;66.37000;67.77000;66.25;67.39000;54098800
2026-05-06;69.26000;71.66000;68.88000;71.57000;70169000
2026-05-07;71.87000;73.30000;70.38000;71.34000;93509100
2026-05-08;72.82000;76.31000;72.70000;76.28000;68713700
2026-05-11;76;77.36000;75.55000;76.96000;60475000
2026-05-12;75.30000;75.93000;71.55000;74.96000;90651600
2026-05-13;75.81000;77.94000;74.19000;77.24000;64416400
2026-05-14;77.29000;79.68000;77.16000;78.95000;58472800
2026-05-15;75.73000;77.37000;74.23000;75.34000;81260600
2026-05-18;76.13000;76.27000;72.099998;74.32000;87710100
2026-05-19;72.41000;74.5;70.96000;72.93000;85973700
2026-05-20;74.089996;76.53000;73.62000;76.51000;70647500
2026-05-21;75.18000;77.79000;74.47000;76.95000;74958100
2026-05-22;78.040001;79.33000;77.33000;77.84000;58330500
2026-05-26;80.59000;82.27000;79.98000;81.95000;62579600
2026-05-27;82.87000;82.91000;80.33000;81.67000;66221000
2026-05-28;81.74000;84.050003;80.66000;83.68000;55265900
2026-05-29;84.41000;85.70000;83.53000;84.56000;67644100
2026-06-01;84.15000;87.059998;83.75;86.040001;57216000
2026-06-02;85.94000;87.32000;84.83000;87.22000;48355000
2026-06-03;87.68000;88.089996;85.41000;86.56000;62154500
2026-06-04;83.47000;86.25;82.48000;85.22000;59614600
2026-06-05;81.57000;82.080002;72.68000;73.050003;118961300
2026-06-08;76.86000;78.47000;75.38000;76.27000;77319000
2026-06-09;78.48000;79.34000;66.79000;73.72000;132485700
2026-06-10;71.68000;74.70000;69;69.27000;91465200
2026-06-11;70.89000;76.60000;69.59000;76.010002;116288800
2026-06-12;76.34000;78.36000;74.29000;77.52000;94070700
2026-06-15;82.88000;85.029999;82.64000;84.59000;59758000
2026-06-16;84.19000;84.83000;79.86000;79.93000;67086700
2026-06-17;81.67000;81.81000;76.94000;77.54000;78089600
2026-06-18;82.099998;83.60000;80.63000;82.87000;61063000
2026-06-22;83.95000;85.11000;81.39000;82.58000;61888900
2026-06-23;75.12000;77.74000;73.91000;74.44000;82341800
2026-06-24;74.79000;76.18000;71.35000;73.30000;72009700
2026-06-25;77.96000;78.24000;71.60000;74.95000;105261200
2026-06-26;72.089996;74.69000;70.72000;71.83000;70427700
2026-06-29;74.12000;77.38000;71.45000;77.19000;79128400
2026-06-30;77.24000;81.54000;77.15000;81;58466200
2026-07-01;78.72000;79.64000;77.23000;77.46000;63348200
2026-07-02;77.45000;79.14000;71.72000;73.35000;87308500
2026-07-06;75.54000;77.45000;75.11000;76.42000;54545100
2026-07-07;73.70000;74.39000;70.76000;72.23000;70992900
2026-07-08;70.80000;73.019997;69.57000;72.72000;70748500
2026-07-09;74.85000;76.69000;73.89000;76.34000;51726600
2026-07-10;75.53000;77.32000;74.33000;77.029999;46034400
2026-07-13;74.54000;74.85000;72.089996;72.64000;63317500
2026-07-14;75.20000;75.85000;73.41000;75.019997;58097300
2026-07-15;76.29000;76.47000;72.059998;74.44000;68547800
2026-07-16;72.61000;73.12000;69.69000;70.74000;66953300
2026-07-17;66.38000;69.56000;64.91000;67.53000;75465200
2026-07-20;69.47000;70.51000;67.5;67.65000;50076700
2026-07-21;70.71000;71.72000;69.61000;71.37000;37772500
2026-07-22;69.77000;71.59000;69.77000;70.28000;36062100
2026-07-23;67.11000;68.27000;65.019997;66.30000;80277500
2026-07-24;65.78000;66.40000;63.49000;64;69267700
2026-07-27;66.059998;66.23000;61.64000;63.40000;70531600
2026-07-28;61.77000;62.61000;59.40000;61.56000;73235900
2026-07-29;61.51000;62.74000;57.59000;57.75;103582900
2026-07-30;61.13000;63.84000;60.74000;63.30000;75877800
2026-07-31;65.74000;66.77000;62.39000;64.62000;86709900
2026-08-03;64.71000;68.41000;63.99000;67.96000;62223600
2026-08-04;70.31000;75.41000;70.14000;74.82000;73728500
2026-08-05;75.61000;76.33000;72.74000;72.84000;70885800
2026-08-06;70.85000;73.45000;70.16000;72.029999;60887200
2026-08-07;73.66000;74.67000;72.52000;74.47000;59409800
2026-08-10;74.27000;74.98000;73.64000;73.80000;44224500
2026-08-11;74.54000;74.54000;72.24000;73.059998;43674100
2026-08-12;75.62000;75.69000;74.38000;74.60000;46867300
2026-08-13;75.050003;77.76620;74.71000;77.15000;49184692
