datetime;open;high;low;close;volume;adjclose
1998-12-21;19.052091598510742;19.34402847290039;18.8490047454834;19.34402847290039;178495;11.363080978393555
1998-12-28;19.331335067749023;19.331335067749023;18.887083053588867;19.039398193359375;372747;11.184135437011719
1999-01-04;18.81092643737793;20.359464645385742;18.81092643737793;20.257919311523438;691946;11.899923324584961
1999-01-11;20.283306121826172;20.283306121826172;18.455524444580078;19.191713333129883;696254;11.27360725402832
1999-01-18;19.4963436126709;19.534423828125;18.658611297607422;18.760154724121094;679758;11.02009391784668
1999-01-25;18.861698150634766;19.394800186157227;18.633224487304688;19.369415283203125;464825;11.377995491027832
1999-02-01;19.445573806762695;19.445573806762695;18.252437591552734;18.379365921020508;388382;10.796417236328125
1999-02-08;18.506296157836914;18.98862648010254;17.922420501708984;18.683996200561523;621656;10.975363731384277
1999-02-15;18.874391555786133;19.64866065979004;18.83631134033203;19.293258666992188;1109992;11.333253860473633
1999-02-22;19.445573806762695;20.207149505615234;18.9124698638916;19.67404556274414;753496;11.556938171386719
1999-03-01;19.597888946533203;20.816408157348633;19.509037017822266;20.562551498413086;909094;12.07886028289795
1999-03-08;20.562551498413086;21.29874038696289;20.308692932128906;21.108346939086914;725059;12.3994779586792
1999-03-15;21.12104034423828;21.37489891052246;20.486392974853516;20.714866638183594;876841;12.200636863708496
1999-03-22;20.664094924926758;20.841794967651367;19.902517318725586;20.283306121826172;1002773;11.946464538574219
1999-03-29;20.587936401367188;20.816408157348633;20.10560417175293;20.308692932128906;382718;11.961411476135254
1999-04-05;20.587936401367188;21.577985763549805;20.43562126159668;21.4510555267334;905771;12.634242057800293
1999-04-12;21.324127197265625;22.441104888916016;21.04488182067871;21.222583770751953;813568;12.499671936035156
1999-04-19;21.616064071655273;22.238018035888672;21.222583770751953;21.984159469604492;535362;12.948230743408203
1999-04-26;22.009544372558594;22.238018035888672;21.29874038696289;21.679529190063477;969043;12.768805503845215
1999-05-03;21.603370666503906;21.933387756347656;20.917953491210938;21.425670623779297;1893402;12.61928939819336
1999-05-10;21.577985763549805;22.1618595123291;21.171812057495117;21.425670623779297;433805;12.61928939819336
1999-05-17;21.12104034423828;21.349512100219727;20.727558135986328;20.892566680908203;763836;12.305302619934082
1999-05-24;20.587936401367188;20.68947982788086;19.800975799560547;20.372156143188477;977416;11.99879264831543
1999-05-31;20.257919311523438;20.384849548339844;19.623273849487305;20.308692932128906;561090;11.961411476135254
1999-06-07;20.43562126159668;20.714866638183594;19.750202178955078;19.92790412902832;558628;11.737133026123047
1999-06-14;20.00406265258789;20.917953491210938;19.750202178955078;20.816408157348633;676312;12.294469833374023
1999-06-21;20.892566680908203;20.968725204467773;19.940597534179688;20.232534408569336;459286;11.949623107910156
1999-06-28;20.372156143188477;21.62875747680664;20.372156143188477;21.425670623779297;663140;12.654305458068848
1999-07-05;21.400283813476562;21.80645751953125;21.29874038696289;21.476442337036133;416079;12.684300422668457
1999-07-12;21.476442337036133;21.552600860595703;20.994110107421875;21.425670623779297;896907;12.654305458068848
1999-07-19;21.52721405029297;21.552600860595703;20.359464645385742;20.562551498413086;447469;12.144540786743164
1999-07-26;20.359464645385742;20.994110107421875;19.877132415771484;19.902517318725586;769129;11.754714012145996
1999-08-02;20.00406265258789;20.232534408569336;18.709383010864258;18.861698150634766;1344498;11.13999080657959
1999-08-09;18.823619842529297;19.699430465698242;18.404752731323242;19.64866065979004;1156033;11.604777336120605
1999-08-16;19.623273849487305;20.283306121826172;19.470958709716797;20.080219268798828;571185;11.859663963317871
1999-08-23;20.308692932128906;20.956031799316406;19.699430465698242;19.699430465698242;1256236;11.634766578674316
1999-08-30;19.737510681152344;19.775588989257812;18.658611297607422;19.699430465698242;1724385;11.634766578674316
1999-09-06;19.610580444335938;19.610580444335938;18.58245277404785;18.95054817199707;947993;11.192466735839844
1999-09-13;18.9124698638916;18.925161361694336;18.074735641479492;18.607839584350586;1617288;11.026813507080078
1999-09-20;18.506296157836914;18.506296157836914;17.782798767089844;18.074735641479492;1206873;10.710904121398926
1999-09-27;18.150894165039062;18.22705078125;17.414703369140625;17.668561935424805;2090485;10.470206260681152
1999-10-04;17.884342193603516;18.963241577148438;17.87164878845215;18.887083053588867;1968123;11.192290306091309
1999-10-11;18.823619842529297;18.887083053588867;16.9577579498291;16.9577579498291;1714783;10.04899787902832
1999-10-18;17.084686279296875;19.191713333129883;17.059301376342773;19.039398193359375;2157574;11.282550811767578
1999-10-25;18.887083053588867;21.247968673706055;18.58245277404785;20.76563835144043;6316139;12.305503845214844
1999-11-01;20.714866638183594;21.425670623779297;20.334077835083008;21.146425247192383;2137509;12.53115463256836
1999-11-08;21.095653533935547;21.12104034423828;20.016754150390625;21.070268630981445;1821634;12.4860258102417
1999-11-15;21.01949691772461;21.755685806274414;20.76563835144043;20.79102325439453;1673053;12.32054328918457
1999-11-22;20.714866638183594;20.714866638183594;20.00406265258789;20.00406265258789;647260;11.854201316833496
1999-11-29;19.724817276000977;20.638708114624023;19.521730422973633;20.257919311523438;3327269;12.00462818145752
1999-12-06;20.1563777923584;20.1563777923584;19.17902183532715;19.82636070251465;3170072;11.748887062072754
1999-12-13;19.57250213623047;19.724817276000977;18.531681060791016;18.73476791381836;3364447;11.142777442932129
1999-12-20;18.81092643737793;19.293258666992188;18.455524444580078;19.24248504638672;4706114;11.444750785827637
1999-12-27;19.42018699645996;19.4963436126709;18.963241577148438;19.305950164794922;4645301;11.48249626159668
2000-01-03;19.267871856689453;19.267871856689453;17.440088272094727;18.709383010864258;3672566;11.127679824829102
2000-01-10;18.861698150634766;19.5598087310791;18.074735641479492;19.432880401611328;2916238;11.557989120483398
2000-01-17;19.369415283203125;19.369415283203125;18.04935073852539;18.150894165039062;1892171;10.795512199401855
2000-01-24;18.328594207763672;19.001319885253906;17.668561935424805;18.22705078125;1642523;10.840804100036621
2000-01-31;18.023963928222656;18.874391555786133;18.023963928222656;18.34128761291504;1840346;10.9087553024292
2000-02-07;18.2016658782959;18.48090934753418;17.262388229370117;17.46547508239746;2153757;10.387845993041992
2000-02-14;17.490861892700195;17.706640243530273;16.297725677490234;16.450040817260742;3258087;9.783905029296875
2000-02-21;16.627742767333984;16.74197769165039;15.967708587646484;16.09463882446289;2000868;9.572524070739746
2000-02-28;16.500812530517578;17.21161651611328;16.2469539642334;17.008529663085938;4257906;10.116072654724121
2000-03-06;16.919679641723633;17.097379684448242;15.840780258178711;16.285032272338867;4349369;9.685762405395508
2000-03-13;15.815394401550293;19.24248504638672;15.815394401550293;18.823619842529297;5121945;11.236706733703613
2000-03-20;18.874391555786133;20.46100616455078;18.252437591552734;20.207149505615234;3570023;12.062602996826172
2000-03-27;20.194456100463867;20.194456100463867;19.293258666992188;19.71212387084961;2970773;11.767096519470215
2000-04-03;20.130990982055664;20.816408157348633;19.077478408813477;19.4963436126709;3580856;11.638284683227539
2000-04-10;19.547115325927734;20.956031799316406;17.97319221496582;18.252437591552734;3270767;10.895736694335938
2000-04-17;18.683996200561523;19.293258666992188;18.074735641479492;19.24248504638672;1801569;11.48674488067627
2000-04-24;19.140941619873047;20.384849548339844;18.937854766845703;19.902517318725586;1994343;11.880754470825195
2000-05-01;18.98862648010254;19.724817276000977;18.404752731323242;18.760154724121094;977169;11.198819160461426
2000-05-08;18.55706787109375;19.57250213623047;18.55706787109375;19.34402847290039;2004069;11.547361373901367
2000-05-15;19.445573806762695;20.39754295349121;19.445573806762695;19.64866065979004;1294890;11.729211807250977
2000-05-22;19.737510681152344;20.46100616455078;19.394800186157227;19.699430465698242;1893648;11.75951862335205
2000-05-29;20.06752586364746;22.06031608581543;19.851747512817383;21.88261604309082;2410791;13.062766075134277
2000-06-05;21.831844329833984;21.831844329833984;20.410236358642578;20.51177978515625;1207857;12.244438171386719
2000-06-12;20.562551498413086;21.247968673706055;19.34402847290039;19.4963436126709;3611139;11.678500175476074
2000-06-19;19.394800186157227;20.10560417175293;19.191713333129883;19.445573806762695;3114799;11.648093223571777
2000-06-26;19.64866065979004;20.10560417175293;19.014013290405273;19.293258666992188;1744450;11.556851387023926
2000-07-03;19.293258666992188;20.486392974853516;19.140941619873047;20.359464645385742;2026842;12.195517539978027
2000-07-10;20.46100616455078;21.070268630981445;20.359464645385742;20.94333839416504;1614457;12.545256614685059
2000-07-17;20.917953491210938;21.29874038696289;20.283306121826172;20.968725204467773;662278;12.560471534729004
2000-07-24;21.070268630981445;21.400283813476562;20.638708114624023;20.638708114624023;1185822;12.362784385681152
2000-07-31;20.94333839416504;22.504568099975586;20.68947982788086;22.504568099975586;882135;13.480454444885254
2000-08-07;22.39033317565918;22.669578552246094;21.984159469604492;22.631498336791992;1638832;13.556478500366211
2000-08-14;22.555341720581055;22.936128616333008;22.06031608581543;22.364946365356445;912049;13.39682388305664
2000-08-21;22.27609634399414;22.92343521118164;22.149166107177734;22.149166107177734;1054721;13.267562866210938
2000-08-28;22.326868057250977;23.25345230102539;22.136474609375;22.74573516845703;1879984;13.624920845031738
2000-09-04;22.872665405273438;23.558082580566406;22.733041763305664;23.532697677612305;5803057;14.096315383911133
2000-09-11;23.73578453063965;24.065799713134766;23.177295684814453;23.266145706176758;4136653;13.978765487670898
2000-09-18;22.99959373474121;23.037673950195312;22.034931182861328;22.8218936920166;1284672;13.711856842041016
2000-09-25;22.948822021484375;23.888099670410156;22.7584285736084;23.558082580566406;1156648;14.154172897338867
2000-10-02;23.532697677612305;24.065799713134766;22.542648315429688;22.796506881713867;3369001;13.696596145629883
2000-10-09;22.593420028686523;22.733041763305664;20.47369956970215;21.62875747680664;10800671;12.994996070861816
2000-10-16;21.59067726135254;22.238018035888672;20.207149505615234;22.06031608581543;3381803;13.25428581237793
2000-10-23;21.984159469604492;22.733041763305664;21.286048889160156;22.35225486755371;3393867;13.429692268371582
2000-10-30;22.555341720581055;23.634239196777344;22.555341720581055;23.304224014282227;2296062;14.001651763916016
2000-11-06;23.532697677612305;23.73578453063965;22.847278594970703;23.037673950195312;2051340;13.84150218963623
2000-11-13;22.872665405273438;23.15190887451172;21.984159469604492;22.187246322631836;11675543;13.330537796020508
2000-11-20;21.78107261657715;21.908002853393555;20.917953491210938;21.209890365600586;1416142;12.743327140808105
2000-11-27;21.324127197265625;22.504568099975586;21.324127197265625;22.034931182861328;5854144;13.239033699035645
2000-12-04;21.933387756347656;23.634239196777344;21.704914093017578;23.456539154052734;9114078;14.093161582946777
2000-12-11;23.50731086730957;23.837326049804688;22.199939727783203;22.52995491027832;2769627;13.586508750915527
2000-12-18;22.872665405273438;23.608854293823242;22.46649169921875;23.443845748901367;10072657;14.137633323669434
2000-12-25;23.608854293823242;24.421201705932617;23.4692325592041;23.964256286621094;3604861;14.451459884643555
2001-01-01;24.040414810180664;24.903533935546875;22.948822021484375;23.608854293823242;15103016;14.237137794494629
2001-01-08;23.4057674407959;23.862712860107422;22.796506881713867;22.961515426635742;2490560;13.846762657165527
2001-01-15;23.050365447998047;24.065799713134766;22.74573516845703;22.89805030822754;2558264;13.808491706848145
2001-01-22;22.948822021484375;24.01502799987793;22.948822021484375;23.97694969177246;7420098;14.459111213684082
2001-01-29;24.248577117919922;24.289196014404297;23.76116943359375;24.004873275756836;1576419;14.475947380065918
2001-02-05;24.167343139648438;24.20796012878418;23.36311912536621;23.671812057495117;4398240;14.275096893310547
2001-02-12;23.7692928314209;24.15109634399414;23.306255340576172;23.59869956970215;4886085;14.231012344360352
2001-02-19;23.639318466186523;23.639318466186523;21.267261505126953;22.103981018066406;2323144;13.329630851745605
2001-02-26;22.30706787109375;23.04630470275879;21.86840057373047;22.35580825805664;3244424;13.481494903564453
2001-03-05;22.542648315429688;23.103168487548828;21.941511154174805;22.339561462402344;2929534;13.471700668334961
2001-03-12;21.819658279418945;21.96588134765625;20.552396774291992;21.080421447753906;6499681;12.7544527053833
2001-03-19;21.080421447753906;21.51909065246582;18.99268913269043;20.43866729736328;6520238;12.366161346435547
2001-03-26;20.77985382080078;21.559707641601562;20.487409591674805;21.559707641601562;1902757;13.04443645477295
2001-04-02;21.332250595092773;22.006498336791992;20.186840057373047;20.69049644470215;15239164;12.518535614013672
2001-04-09;20.714866638183594;21.722177505493164;20.601137161254883;21.62469482421875;8312697;13.083746910095215
2001-04-16;21.811534881591797;23.549959182739258;21.275386810302734;22.29081916809082;8672518;13.486783981323242
2001-04-23;22.14459800720215;22.737611770629883;21.754671096801758;22.70511817932129;3133018;13.737452507019043
2001-04-30;22.75385856628418;23.054426193237305;22.225833892822266;22.989439010620117;2196719;13.90947151184082
2001-05-07;22.940698623657227;22.940698623657227;22.274574279785156;22.380178451538086;1343391;13.540853500366211
2001-05-14;22.40454864501953;23.4281063079834;22.2989444732666;23.062551498413086;1564723;13.953713417053223
2001-05-21;23.127538681030273;23.82615852355957;22.965068817138672;23.298131942749023;2391464;14.096244812011719
2001-05-28;23.509342193603516;23.509342193603516;22.997562408447266;23.281885147094727;1774979;14.086413383483887
2001-06-04;23.346872329711914;23.696182250976562;22.940698623657227;23.103168487548828;3112091;13.978288650512695
2001-06-11;23.038179397583008;23.168155670166016;22.047115325927734;22.40454864501953;5780900;13.605491638183594
2001-06-18;22.46141242980957;23.70430564880371;22.168968200683594;23.395612716674805;4116587;14.20732593536377
2001-06-25;23.43623161315918;23.525588989257812;22.74573516845703;23.070674896240234;2935319;14.010004997253418
2001-07-02;23.19252586364746;23.4281063079834;22.69699478149414;22.721364974975586;1318032;13.797892570495605
2001-07-09;22.786352157592773;22.867586135864258;21.86840057373047;22.859464645385742;12383737;13.881752014160156
2001-07-16;22.891958236694336;23.070674896240234;22.493907928466797;22.607635498046875;2375954;13.728825569152832
2001-07-23;22.558895111083984;22.737611770629883;22.071487426757812;22.672624588012695;839542;13.768290519714355
2001-07-30;22.58326530456543;23.135662078857422;22.542648315429688;23.013809204101562;706594;13.975475311279297
2001-08-06;22.867586135864258;22.98131561279297;22.339561462402344;22.58326530456543;3297972;13.714017868041992
2001-08-13;22.664499282836914;22.778228759765625;21.990251541137695;22.07961082458496;1415774;13.408169746398926
2001-08-20;22.095857620239258;22.607635498046875;21.9740047454834;22.18521499633789;5797395;13.472295761108398
2001-08-27;22.217708587646484;22.217708587646484;21.194150924682617;21.340373992919922;5025435;12.95926284790039
2001-09-03;21.210397720336914;21.649066925048828;20.073110580444336;20.22745704650879;6745634;12.28342342376709
2001-09-10;19.959383010864258;20.471162796020508;19.853776931762695;20.268075942993164;835357;12.308088302612305
2001-09-17;18.074735641479492;19.455726623535156;17.181154251098633;17.790414810180664;8425211;10.851563453674316
2001-09-24;18.64337921142578;20.154346466064453;18.399675369262695;20.04874038696289;2656623;12.229063034057617
2001-10-01;19.975629806518555;20.796100616455078;19.6588134765625;19.870023727416992;10498952;12.120052337646484
2001-10-08;19.642566680908203;20.308692932128906;19.33387565612793;19.89439582824707;13121106;12.134915351867676
2001-10-15;19.72380256652832;20.714866638183594;19.512590408325195;19.756296157836914;5126500;12.050679206848145
2001-10-22;19.740049362182617;20.755483627319336;19.740049362182617;20.714866638183594;2084452;12.635376930236816
2001-10-29;20.38992691040039;20.454914093017578;19.415109634399414;20.194963455200195;3482623;12.318254470825195
2001-11-05;20.593013763427734;21.340373992919922;20.38992691040039;20.89358139038086;2397496;12.744385719299316
2001-11-12;20.633630752563477;21.56783103942871;20.308692932128906;21.080421447753906;1827912;12.858357429504395
2001-11-19;21.28350830078125;21.551584243774414;21.01543426513672;21.52721405029297;1449626;13.130881309509277
2001-11-26;21.470348358154297;21.80341148376465;20.95857048034668;21.047929763793945;3082547;12.838539123535156
2001-12-03;20.83671760559082;21.649066925048828;20.641754150390625;21.46222686767578;3902024;13.091242790222168
2001-12-10;21.52721405029297;21.52721405029297;20.641754150390625;20.714866638183594;5578153;12.635376930236816
2001-12-17;20.714866638183594;21.608448028564453;20.714866638183594;21.275386810302734;2497330;13.033857345581055
2001-12-24;21.28350830078125;21.665313720703125;21.153533935546875;21.56783103942871;2548785;13.213022232055664
2001-12-31;21.608448028564453;21.852153778076172;21.039804458618164;21.770917892456055;3813762;13.337440490722656
2002-01-07;21.852153778076172;21.925264358520508;21.29163360595703;21.324127197265625;5625547;13.06371784210205
2002-01-14;21.202274322509766;21.68968391418457;21.161657333374023;21.478473663330078;8912441;13.158275604248047
2002-01-21;21.608448028564453;21.730300903320312;21.28350830078125;21.665313720703125;4430123;13.272738456726074
2002-01-28;21.68968391418457;21.68968391418457;19.94313621520996;20.8610897064209;46783417;12.78005599975586
2002-02-04;20.67424964904785;20.67424964904785;19.626319885253906;20.536148071289062;34210475;12.580977439880371
2002-02-11;20.544273376464844;21.080421447753906;20.316816329956055;20.528026580810547;10802025;12.576009750366211
2002-02-18;20.268075942993164;20.38992691040039;19.577579498291016;19.983753204345703;27544980;12.24256706237793
2002-02-25;19.94313621520996;21.072298049926758;19.94313621520996;21.039804458618164;25559868;12.889533996582031
2002-03-04;21.364744186401367;22.2989444732666;21.242891311645508;22.03899383544922;20849324;13.501667976379395
2002-03-11;22.055240631103516;22.48578453063965;21.86840057373047;22.420795440673828;14791080;13.78130054473877
2002-03-18;22.542648315429688;22.591388702392578;21.730300903320312;22.01462173461914;13531891;13.531639099121094
2002-03-25;22.01462173461914;22.35580825805664;21.665313720703125;22.055240631103516;14158223;13.556614875793457
2002-04-01;21.852153778076172;22.282697677612305;21.730300903320312;22.071487426757812;12064662;13.566590309143066
2002-04-08;21.925264358520508;22.46141242980957;21.73842430114746;22.07961082458496;4701436;13.57158374786377
2002-04-15;22.25832748413086;22.420795440673828;21.67343521118164;22.25832748413086;5534575;13.681432723999023
2002-04-22;22.14459800720215;22.209585189819336;21.332250595092773;21.429731369018555;14189369;13.17213249206543
2002-04-29;21.413484573364258;21.852153778076172;21.202274322509766;21.74654769897461;9792113;13.366864204406738
2002-05-06;21.68968391418457;21.852153778076172;20.49553108215332;21.23476791381836;7407543;13.052287101745605
2002-05-13;21.299755096435547;22.25832748413086;21.202274322509766;22.201461791992188;3431658;13.646482467651367
2002-05-20;22.160844802856445;22.160844802856445;21.46222686767578;21.74654769897461;4271078;13.366864204406738
2002-05-27;21.811534881591797;21.811534881591797;21.218521118164062;21.429731369018555;11526592;13.17213249206543
2002-06-03;21.46222686767578;21.600324630737305;20.406173706054688;20.682371139526367;7181900;12.712753295898438
2002-06-10;20.593013763427734;21.00731086730957;19.634443283081055;20.251827239990234;10260016;12.448112487792969
2002-06-17;20.552396774291992;21.28350830078125;20.22745704650879;20.259950637817383;12357024;12.508413314819336
2002-06-24;20.22745704650879;20.649877548217773;19.43135643005371;20.422420501708984;21111404;12.608719825744629
2002-07-01;20.292444229125977;20.49553108215332;19.236392974853516;20.251827239990234;11724290;12.503396987915039
2002-07-08;20.146223068237305;20.406173706054688;18.074735641479492;18.968318939208984;12422391;11.710957527160645
2002-07-15;18.659626007080078;19.057676315307617;17.376117706298828;17.449228286743164;28774994;10.773083686828613
2002-07-22;17.181154251098633;17.506092071533203;15.10966682434082;17.24614143371582;27530946;10.647697448730469
2002-07-29;17.87164878845215;18.724613189697266;17.562957763671875;17.798538208007812;18353840;10.988744735717773
2002-08-05;17.70918083190918;19.1389102935791;17.067424774169922;18.98456573486328;12963047;11.720990180969238
2002-08-12;18.683996200561523;19.33387565612793;18.123477935791016;19.1551570892334;19732930;11.826313972473145
2002-08-19;19.171405792236328;19.788789749145508;19.090171813964844;19.228269577026367;8230590;11.871452331542969
2002-08-26;19.317628860473633;19.699430465698242;18.64337921142578;19.073923110961914;11526961;11.776165962219238
2002-09-02;18.683996200561523;18.76523208618164;17.92038917541504;18.48090934753418;6074493;11.410035133361816
2002-09-09;18.407798767089844;18.99268913269043;17.93663787841797;18.172218322753906;8776291;11.219447135925293
2002-09-16;18.074735641479492;18.497156143188477;16.693744659423828;16.815597534179688;10711424;10.43779182434082
2002-09-23;16.774980545043945;17.392364501953125;16.34443473815918;16.774980545043945;12380167;10.412576675415039
2002-09-30;16.612510681152344;17.53858757019043;15.532088279724121;15.686433792114258;21608851;9.736892700195312
2002-10-07;15.540210723876953;17.043054580688477;15.044678688049316;16.74248504638672;31086813;10.39240550994873
2002-10-14;16.5881404876709;18.53777313232422;16.5881404876709;18.26157569885254;17746096;11.335336685180664
2002-10-21;18.19658851623535;18.627132415771484;17.81478500366211;18.521526336669922;11977261;11.496692657470703
2002-10-28;18.846466064453125;18.846466064453125;17.928512573242188;18.586515426635742;14656162;11.53703498840332
2002-11-04;18.903331756591797;19.179529190063477;18.009748458862305;18.066612243652344;17409664;11.21432113647461
2002-11-11;17.969131469726562;18.692119598388672;17.69293212890625;18.683996200561523;13836933;11.597540855407715
2002-11-18;18.830219268798828;19.33387565612793;18.172218322753906;19.147035598754883;10250536;11.884958267211914
2002-11-25;19.171405792236328;19.301380157470703;18.505279541015625;19.008935928344727;7906959;11.799236297607422
2002-12-02;19.252639770507812;19.39073944091797;17.98537826538086;18.55402183532715;6978908;11.516865730285645
2002-12-09;18.359058380126953;18.635255813598633;18.13159942626953;18.19658851623535;4098245;11.295001029968262
2002-12-16;18.277822494506836;18.830219268798828;18.03411865234375;18.399675369262695;7572865;11.489582061767578
2002-12-23;18.342811584472656;18.521526336669922;17.757919311523438;17.80666160583496;2901221;11.119281768798828
2002-12-30;17.831031799316406;18.60276222229004;17.676685333251953;18.505279541015625;4034233;11.555524826049805
2003-01-06;18.60276222229004;19.236392974853516;18.578392028808594;19.090171813964844;4064271;11.920766830444336
2003-01-13;19.252639770507812;19.4963436126709;18.65150260925293;18.76523208618164;9730563;11.717851638793945
2003-01-20;18.76523208618164;18.895206451416016;17.668561935424805;17.733549118041992;9698680;11.073628425598145
2003-01-27;17.506092071533203;17.822908401489258;17.238018035888672;17.64419174194336;11929621;11.017827033996582
2003-02-03;17.587326049804688;17.81478500366211;16.693744659423828;16.783103942871094;7984390;10.480124473571777
2003-02-10;16.823720932006836;17.07554817199707;16.328187942504883;16.945573806762695;9482640;10.58157730102539
2003-02-17;17.173030853271484;17.327375411987305;16.823720932006836;17.262388229370117;4159795;10.779412269592285
2003-02-24;17.140535354614258;17.262388229370117;16.51502799987793;17.099918365478516;8322545;10.677953720092773
2003-03-03;17.30300521850586;17.30300521850586;16.425670623779297;16.815597534179688;3416395;10.50041675567627
2003-03-10;16.709991455078125;16.888708114624023;15.556458473205566;16.718114852905273;17510484;10.439544677734375
2003-03-17;16.531274795532227;18.017871856689453;16.531274795532227;17.969131469726562;8316390;11.271185874938965
2003-03-24;17.46547508239746;17.59545135498047;17.116165161132812;17.270511627197266;5692144;10.832972526550293
2003-03-31;16.896831512451172;17.952884674072266;16.864337921142578;17.863525390625;6515928;11.204943656921387
2003-04-07;18.440292358398438;18.456539154052734;17.627944946289062;17.81478500366211;11412233;11.1743745803833
2003-04-14;17.839155197143555;18.740861892700195;17.839155197143555;18.55402183532715;6136166;11.638060569763184
2003-04-21;18.521526336669922;19.252639770507812;18.342811584472656;18.59463882446289;12438763;11.663534164428711
2003-04-28;18.635255813598633;19.471973419189453;18.627132415771484;19.27701187133789;21392688;12.091561317443848
2003-05-05;19.43947982788086;19.4800968170166;18.846466064453125;19.122665405273438;17487587;11.994745254516602
2003-05-12;19.025182723999023;19.61007308959961;18.99268913269043;19.520715713500977;10373884;12.244418144226074
2003-05-19;19.4963436126709;19.4963436126709;18.81397247314453;19.179529190063477;17599853;12.030413627624512
2003-05-26;18.968318939208984;19.983753204345703;18.968318939208984;19.95125961303711;20659627;12.514480590820312
2003-06-02;20.146223068237305;21.088546752929688;20.04874038696289;20.649877548217773;20689418;12.952685356140137
2003-06-09;20.308692932128906;20.89358139038086;20.146223068237305;20.584890365600586;15665584;12.911925315856934
2003-06-16;20.67424964904785;21.324127197265625;20.292444229125977;20.34930992126465;17275854;12.823444366455078
2003-06-23;20.308692932128906;20.357433319091797;19.902517318725586;20.016246795654297;11595775;12.613563537597656
2003-06-30;20.024370193481445;20.479284286499023;19.731924057006836;20.33306312561035;5101264;12.813206672668457
2003-07-07;20.593013763427734;20.95857048034668;20.373680114746094;20.771730422973633;6051843;13.089640617370605
2003-07-14;21.161657333374023;21.34849739074707;20.34930992126465;20.8448429107666;13080730;13.135720252990723
2003-07-21;20.828594207763672;21.137287139892578;20.5036563873291;21.137287139892578;5759603;13.320002555847168
2003-07-28;21.242891311645508;21.242891311645508;20.38992691040039;20.406173706054688;21619684;12.859275817871094
2003-08-04;20.34930992126465;20.633630752563477;20.0;20.56864356994629;22036007;12.961662292480469
2003-08-11;20.633630752563477;20.89358139038086;20.414297103881836;20.796100616455078;8862585;13.105001449584961
2003-08-18;20.755483627319336;20.974817276000977;20.34930992126465;20.34930992126465;17288163;12.823444366455078
2003-08-25;20.308692932128906;20.60926055908203;20.194963455200195;20.56864356994629;15887901;12.961662292480469
2003-09-01;20.625507354736328;21.039804458618164;20.56864356994629;20.78797721862793;20739150;13.099876403808594
2003-09-08;20.90170669555664;21.05605125427246;20.51177978515625;20.66612434387207;23247805;13.023088455200195
2003-09-15;20.67424964904785;21.478473663330078;20.528026580810547;21.299755096435547;30606230;13.493426322937012
2003-09-22;21.039804458618164;21.242891311645508;20.373680114746094;20.56052017211914;20847970;13.025121688842773
2003-09-29;20.69049644470215;21.6165714263916;20.487409591674805;21.364744186401367;10488982;13.534602165222168
2003-10-06;21.389114379882812;21.827781677246094;21.275386810302734;21.6165714263916;9135374;13.694135665893555
2003-10-13;21.811534881591797;22.282697677612305;21.73842430114746;21.860275268554688;19065852;13.848515510559082
2003-10-20;21.860275268554688;21.9740047454834;21.40536117553711;21.67343521118164;19468634;13.730157852172852
2003-10-27;21.68968391418457;22.217708587646484;21.57595443725586;22.071487426757812;13448551;13.982328414916992
2003-11-03;22.136474609375;22.372055053710938;21.949634552001953;22.01462173461914;12746759;13.946300506591797
2003-11-10;22.07961082458496;22.14459800720215;21.730300903320312;21.779041290283203;9603647;13.797059059143066
2003-11-17;21.559707641601562;21.819658279418945;21.372867584228516;21.56783103942871;14194907;13.663257598876953
2003-11-24;21.770917892456055;22.095857620239258;21.68968391418457;21.990251541137695;7833591;13.930861473083496
2003-12-01;22.112104415893555;22.331438064575195;21.982128143310547;22.01462173461914;9640330;13.946300506591797
2003-12-08;21.949634552001953;22.282697677612305;21.827781677246094;22.217708587646484;14549927;14.074957847595215
2003-12-15;22.664499282836914;22.664499282836914;22.095857620239258;22.40454864501953;13412606;14.277973175048828
2003-12-22;22.25832748413086;22.63200569152832;22.25832748413086;22.550771713256836;4660936;14.371161460876465
2003-12-29;22.542648315429688;23.09504508972168;22.542648315429688;22.818845748901367;12107746;14.541996002197266
2004-01-05;22.908205032348633;23.225019454956055;22.74573516845703;23.013809204101562;16931544;14.666243553161621
2004-01-12;23.111291885375977;23.639318466186523;22.826969146728516;23.444353103637695;18809188;14.940620422363281
2004-01-19;23.793664932250977;23.9317626953125;23.354995727539062;23.647441864013672;16885504;15.070047378540039
2004-01-26;23.66368865966797;23.99675178527832;23.290008544921875;23.59869956970215;24451845;15.038982391357422
2004-02-02;23.614946365356445;23.964256286621094;23.476848602294922;23.956132888793945;16514235;15.266758918762207
2004-02-09;23.88302230834961;24.394800186157227;23.809911727905273;24.20796012878418;20933894;15.427251815795898
2004-02-16;24.370431900024414;24.50040626525879;24.061737060546875;24.183591842651367;10421155;15.411711692810059
2004-02-23;24.370431900024414;24.370431900024414;23.92363929748535;24.27294921875;10851388;15.468674659729004
2004-03-01;24.297319412231445;24.865962982177734;24.289196014404297;24.744110107421875;10849666;15.768926620483398
2004-03-08;24.817222595214844;24.817222595214844;23.647441864013672;24.021120071411133;21043084;15.308181762695312
2004-03-15;23.964256286621094;24.240455627441406;23.590576171875;23.801786422729492;21412999;15.237020492553711
2004-03-22;23.476848602294922;23.720552444458008;23.225019454956055;23.53371238708496;27813953;15.065401077270508
2004-03-29;23.720552444458008;24.573516845703125;23.65556526184082;24.045490264892578;25829335;15.393030166625977
2004-04-05;23.98862648010254;24.32981300354004;23.915515899658203;23.98862648010254;10105648;15.356616020202637
2004-04-12;24.077985763549805;24.20796012878418;22.989439010620117;23.452478408813477;45991392;15.01340389251709
2004-04-19;23.549959182739258;23.549959182739258;22.87571144104004;23.249391555786133;34650188;14.883392333984375
2004-04-26;23.273761749267578;23.48497200012207;22.75385856628418;22.843217849731445;32594172;14.623373031616211
2004-05-03;22.867586135864258;23.281885147094727;22.30706787109375;22.30706787109375;35998133;14.280150413513184
2004-05-10;22.055240631103516;22.786352157592773;21.78716468811035;22.542648315429688;45316926;14.430962562561035
2004-05-17;22.23395538330078;22.835092544555664;22.095857620239258;22.664499282836914;25185028;14.508967399597168
2004-05-24;22.74573516845703;23.354995727539062;22.502031326293945;23.233144760131836;21829078;14.872990608215332
2004-05-31;23.111291885375977;23.43623161315918;22.97319221496582;23.26563835144043;13169731;14.89378833770752
2004-06-07;23.476848602294922;23.631193161010742;23.32250213623047;23.43623161315918;14152684;15.002998352050781
2004-06-14;23.249391555786133;23.43623161315918;23.09504508972168;23.168155670166016;15450651;14.907404899597168
2004-06-21;23.31437873840332;23.43623161315918;22.997562408447266;23.233144760131836;16167954;14.94922161102295
2004-06-28;23.468725204467773;23.468725204467773;22.932575225830078;23.119415283203125;25954650;14.876042366027832
2004-07-05;22.908205032348633;23.054426193237305;22.672624588012695;22.737611770629883;7416528;14.63038444519043
2004-07-12;22.664499282836914;22.932575225830078;22.510154724121094;22.558895111083984;20172767;14.515388488769531
2004-07-19;22.502031326293945;22.908205032348633;22.18521499633789;22.388301849365234;21234011;14.405606269836426
2004-07-26;22.502031326293945;22.818845748901367;22.29081916809082;22.721364974975586;11258727;14.619918823242188
2004-08-02;22.721364974975586;22.883834838867188;22.14459800720215;22.209585189819336;16934745;14.29062271118164
2004-08-09;22.136474609375;22.567018508911133;22.136474609375;22.347684860229492;16943853;14.379478454589844
2004-08-16;22.2989444732666;23.249391555786133;22.2989444732666;23.233144760131836;22044255;14.94922161102295
2004-08-23;23.273761749267578;23.517465591430664;23.119415283203125;23.476848602294922;12773841;15.106035232543945
2004-08-30;23.476848602294922;24.54914665222168;23.281885147094727;23.623071670532227;12189362;15.200117111206055
2004-09-06;23.83428192138672;23.964256286621094;23.590576171875;23.81803321838379;11709888;15.325566291809082
2004-09-13;23.92363929748535;23.92363929748535;23.66368865966797;23.744922637939453;9712837;15.361303329467773
2004-09-20;23.53371238708496;23.71242904663086;22.956945419311523;23.119415283203125;21577829;14.956639289855957
2004-09-27;23.119415283203125;23.517465591430664;22.932575225830078;23.509342193603516;18834054;15.208902359008789
2004-10-04;23.679935455322266;23.7692928314209;23.346872329711914;23.43623161315918;12743065;15.161599159240723
2004-10-11;23.43623161315918;23.639318466186523;22.550771713256836;22.794475555419922;29950599;14.746429443359375
2004-10-18;22.664499282836914;22.948822021484375;21.933387756347656;22.25832748413086;41301775;14.399581909179688
2004-10-25;22.2989444732666;23.32250213623047;22.112104415893555;23.24126625061035;18485066;15.035478591918945
2004-11-01;23.31437873840332;24.167343139648438;23.273761749267578;23.899269104003906;29258161;15.461146354675293
2004-11-08;23.866775512695312;24.28107261657715;23.82615852355957;24.232330322265625;15784991;15.67662239074707
2004-11-15;24.28107261657715;24.370431900024414;23.736799240112305;23.793664932250977;27192790;15.392833709716797
2004-11-22;23.679935455322266;24.167343139648438;23.679935455322266;24.10235595703125;6634966;15.592536926269531
2004-11-29;24.086109161376953;24.516653060913086;23.850528717041016;24.386676788330078;29413761;15.776474952697754
2004-12-06;24.20796012878418;24.630382537841797;24.0942325592041;24.402923583984375;14154161;15.786977767944336
2004-12-13;24.4516658782959;24.784727096557617;24.32981300354004;24.37855339050293;15449296;15.869190216064453
2004-12-20;24.37855339050293;24.914703369140625;24.086109161376953;24.84159278869629;10584876;16.170602798461914
2004-12-27;24.898456573486328;24.94719696044922;24.67099952697754;24.800975799560547;6660695;16.144166946411133
2005-01-03;24.979690551757812;25.012184143066406;24.427295684814453;24.427295684814453;20113309;15.900918960571289
2005-01-10;24.370431900024414;24.565393447875977;24.045490264892578;24.15921974182129;30811684;15.726417541503906
2005-01-17;24.061737060546875;24.573516845703125;23.972379684448242;23.99675178527832;21660060;15.620656967163086
2005-01-24;24.15109634399414;24.427295684814453;23.866775512695312;23.98050308227539;17102776;15.610079765319824
2005-01-31;24.004873275756836;24.752233505249023;24.004873275756836;24.703493118286133;30466144;16.080703735351562
2005-02-07;24.84159278869629;24.874086380004883;24.54914665222168;24.83346939086914;22759837;16.165313720703125
2005-02-14;24.857839584350586;24.898456573486328;24.199838638305664;24.199838638305664;30190521;15.75285816192627
2005-02-21;24.045490264892578;24.370431900024414;23.82615852355957;24.337936401367188;51903146;15.842751502990723
2005-02-28;24.289196014404297;24.589763641357422;24.05361557006836;24.532899856567383;39546367;15.96965217590332
2005-03-07;24.532899856567383;24.687246322631836;24.021120071411133;24.118602752685547;53949067;15.699978828430176
2005-03-14;24.045490264892578;24.370431900024414;23.419984817504883;23.53371238708496;55680593;15.400799751281738
2005-03-21;23.476848602294922;24.191713333129883;22.794475555419922;22.826969146728516;57392790;14.938294410705566
2005-03-28;22.91632843017578;23.36311912536621;22.68074607849121;22.74573516845703;41999627;14.885135650634766
2005-04-04;22.74573516845703;23.330625534057617;22.510154724121094;23.005685806274414;53791868;15.055246353149414
2005-04-11;23.15190887451172;23.43623161315918;22.46953773498535;22.52640151977539;45169698;14.741599082946777
2005-04-18;22.623882293701172;22.948822021484375;22.250202178955078;22.53452491760254;62533077;14.746912956237793
2005-04-25;22.737611770629883;23.127538681030273;22.502031326293945;23.103168487548828;46841150;15.11904239654541
2005-05-02;23.306255340576172;23.720552444458008;22.989439010620117;23.354995727539062;69478747;15.283841133117676
2005-05-09;23.460601806640625;23.58245277404785;22.778228759765625;22.932575225830078;59623116;15.007404327392578
2005-05-16;22.989439010620117;23.81803321838379;22.948822021484375;23.76116943359375;54347665;15.549650192260742
2005-05-23;23.639318466186523;23.866775512695312;23.549959182739258;23.82615852355957;33546229;15.592182159423828
2005-05-30;23.87489891052246;24.134849548339844;23.71242904663086;23.785539627075195;31145286;15.565593719482422
2005-06-06;23.736799240112305;24.045490264892578;23.671812057495117;23.842405319213867;28338481;15.602818489074707
2005-06-13;23.801786422729492;24.10235595703125;23.76116943359375;24.069862365722656;30331964;15.845185279846191
2005-06-20;24.045490264892578;24.22420883178711;23.7692928314209;23.809911727905273;19215049;15.67405891418457
2005-06-27;23.842405319213867;24.248577117919922;23.720552444458008;23.964256286621094;20702589;15.775667190551758
2005-07-04;24.004873275756836;24.289196014404297;23.696182250976562;24.27294921875;19287802;15.978877067565918
2005-07-11;24.370431900024414;24.695369720458984;24.216083526611328;24.67099952697754;28087604;16.240903854370117
2005-07-18;24.581640243530273;24.638505935668945;24.313566207885742;24.49228286743164;34158404;16.123260498046875
2005-07-25;24.4516658782959;24.581640243530273;24.305442810058594;24.313566207885742;27822200;16.005613327026367
2005-08-01;24.467912673950195;24.532899856567383;24.05361557006836;24.077985763549805;25236116;15.85052490234375
2005-08-08;24.077985763549805;24.386676788330078;23.948009490966797;24.134849548339844;27455362;15.887959480285645
2005-08-15;24.1104793548584;24.354183197021484;24.012998580932617;24.167343139648438;52214097;15.909348487854004
2005-08-22;24.167343139648438;24.337936401367188;23.671812057495117;23.671812057495117;52224684;15.58314323425293
2005-08-29;23.671812057495117;24.086109161376953;23.31437873840332;23.956132888793945;73394313;15.770306587219238
2005-09-05;24.045490264892578;24.305442810058594;24.029245376586914;24.26482582092285;36822410;15.973519325256348
2005-09-12;24.32981300354004;24.337936401367188;24.029245376586914;24.32981300354004;40567604;16.109603881835938
2005-09-19;24.370431900024414;24.370431900024414;23.395612716674805;23.842405319213867;67924611;15.786870956420898
2005-09-26;23.88302230834961;24.240455627441406;23.590576171875;23.98050308227539;38168140;15.87830638885498
2005-10-03;24.086109161376953;24.386676788330078;23.468725204467773;23.671812057495117;46820346;15.673913955688477
2005-10-10;23.76116943359375;23.76116943359375;23.09504508972168;23.614946365356445;60797981;15.636262893676758
2005-10-17;23.639318466186523;24.086109161376953;23.379365921020508;23.850528717041016;60472014;15.792247772216797
2005-10-24;23.964256286621094;24.622257232666016;23.907392501831055;24.622257232666016;75585002;16.303239822387695
2005-10-31;24.630382537841797;25.06092643737793;24.532899856567383;24.88220977783203;53768480;16.47536277770996
2005-11-07;25.020309448242188;25.73517417907715;24.89033317565918;25.67831039428711;56246360;17.00248908996582
2005-11-14;25.702680587768555;26.482534408569336;25.255889892578125;25.751422882080078;66020869;17.0508975982666
2005-11-21;25.79203987121582;26.441917419433594;25.710803985595703;26.360681533813477;36950804;17.454309463500977
2005-11-28;26.441917419433594;26.441917419433594;25.824533462524414;26.084484100341797;84208772;17.271421432495117
2005-12-05;25.995126724243164;26.222583770751953;25.629568099975586;25.913890838623047;52458326;17.158475875854492
2005-12-12;25.922014236450195;26.279447555541992;25.710803985595703;25.978879928588867;55792367;17.31365966796875
2005-12-19;25.930137634277344;26.18196678161621;25.73517417907715;26.149471282958984;31344214;17.427349090576172
2005-12-26;26.28757095336914;26.28757095336914;25.653940200805664;25.72705078125;23757931;17.14582633972168
2006-01-02;25.72705078125;26.40130043029785;25.645816802978516;26.376928329467773;52743303;17.578935623168945
2006-01-09;26.385053634643555;26.75873374938965;26.28757095336914;26.41754722595215;40491776;17.605998992919922
2006-01-16;26.263200759887695;26.279447555541992;25.426483154296875;25.442729949951172;52889054;16.95633316040039
2006-01-23;25.345247268676758;26.368806838989258;25.312753677368164;26.133224487304688;66457505;17.41653060913086
2006-01-30;26.108854293823242;26.133224487304688;25.491470336914062;25.653940200805664;69918708;17.09710121154785
2006-02-06;25.629568099975586;25.970754623413086;25.523963928222656;25.930137634277344;43944115;17.281177520751953
2006-02-13;25.873273849487305;26.498781204223633;25.71892738342285;26.34443473815918;72491375;17.55727767944336
2006-02-20;26.29569435119629;26.839967727661133;26.2307071685791;26.718114852905273;55413465;17.806320190429688
2006-02-27;26.726238250732422;26.839967727661133;26.33631134033203;26.41754722595215;65664741;17.605998992919922
2006-03-06;26.41754722595215;26.56376838684082;26.2307071685791;26.51502799987793;71637306;17.670976638793945
2006-03-13;26.5881404876709;27.067424774169922;26.450040817260742;26.888708114624023;76986248;18.01613426208496
2006-03-20;26.85621452331543;26.945573806762695;26.5881404876709;26.709991455078125;50693687;17.89636993408203
2006-03-27;26.693744659423828;26.774980545043945;26.385053634643555;26.441917419433594;47789267;17.71675682067871
2006-04-03;26.441917419433594;27.010560989379883;26.41754722595215;26.46628761291504;62334764;17.733089447021484
2006-04-10;26.531274795532227;26.653127670288086;26.23883056640625;26.385053634643555;36064853;17.678659439086914
2006-04-17;26.433794021606445;27.099918365478516;26.28757095336914;26.90495491027832;46494132;18.02701187133789
2006-04-24;27.164907455444336;27.69293212890625;26.596263885498047;27.587326049804688;60479892;18.484210968017578
2006-05-01;27.611698150634766;27.782291412353516;27.091794967651367;27.749797821044922;52620450;18.59308624267578
2006-05-08;27.790414810180664;27.798538208007812;26.80747413635254;26.969942092895508;54474089;18.0705509185791
2006-05-15;26.921201705932617;27.25426483154297;26.320064544677734;26.482534408569336;50320818;17.74397850036621
2006-05-22;26.425670623779297;26.766855239868164;26.07636070251465;26.75873374938965;47231255;17.929033279418945
2006-05-29;26.791227340698242;27.067424774169922;26.29569435119629;27.010560989379883;33058382;18.097766876220703
2006-06-05;26.880584716796875;26.961820602416992;26.2469539642334;26.555646896362305;82670145;17.79296112060547
2006-06-12;26.56376838684082;26.620634078979492;25.32900047302246;25.84890365600586;78772182;17.420568466186523
2006-06-19;25.84890365600586;26.051990509033203;25.613323211669922;25.686433792114258;53205051;17.31106948852539
2006-06-26;25.72705078125;26.46628761291504;25.629568099975586;26.271324157714844;35082392;17.705244064331055
2006-07-03;26.303817749023438;26.5881404876709;26.222583770751953;26.279447555541992;17956967;17.710729598999023
2006-07-10;26.33631134033203;26.547521591186523;25.580829620361328;25.686433792114258;36951049;17.31106948852539
2006-07-17;25.613323211669922;26.56376838684082;25.540210723876953;26.222583770751953;86762112;17.67240333557129
2006-07-24;26.33631134033203;27.010560989379883;26.263200759887695;26.91307830810547;49713443;18.137752532958984
2006-07-31;26.969942092895508;27.457351684570312;26.63688087463379;27.010560989379883;51297371;18.203453063964844
2006-08-07;27.010560989379883;27.099918365478516;26.328187942504883;26.490657806396484;43593527;17.853073120117188
2006-08-14;26.62875747680664;27.30300521850586;26.474411010742188;27.24614143371582;37433603;18.362213134765625
2006-08-21;27.213647842407227;27.213647842407227;26.969942092895508;26.994314193725586;25084457;18.1924991607666
2006-08-28;26.969942092895508;27.286758422851562;26.921201705932617;27.229894638061523;40944292;18.351255416870117
2006-09-04;27.25426483154297;27.53858757019043;26.896831512451172;27.181154251098633;32356219;18.31842803955078
2006-09-11;27.132413864135742;28.43216896057129;27.099918365478516;27.74167251586914;32005016;18.80271339416504
2006-09-18;27.676685333251953;28.066612243652344;27.603574752807617;27.798538208007812;41140512;18.84124755859375
2006-09-25;27.952884674072266;28.391551971435547;27.822908401489258;28.123477935791016;31104662;19.061481475830078
2006-10-02;28.08285903930664;28.952070236206055;27.952884674072266;28.562145233154297;44505452;19.358806610107422
2006-10-09;28.55402183532715;28.830219268798828;28.237205505371094;28.830219268798828;30124910;19.540498733520508
2006-10-16;28.732738494873047;28.911453247070312;28.415922164916992;28.53777313232422;36973824;19.342283248901367
2006-10-23;28.448415756225586;29.04955291748047;28.43216896057129;28.82209587097168;31537727;19.534992218017578
2006-10-30;28.781478881835938;28.98456573486328;28.3834285736084;28.521526336669922;40219357;19.331270217895508
2006-11-06;28.59463882446289;29.090171813964844;28.53777313232422;29.082046508789062;29454999;19.711191177368164
2006-11-13;28.952070236206055;29.463851928710938;28.87083625793457;29.244516372680664;39947919;19.821306228637695
2006-11-20;29.32575035095215;29.48822021484375;29.203899383544922;29.26888656616211;22537517;19.83782196044922
2006-11-27;29.27701187133789;29.27701187133789;28.619009017944336;28.81397247314453;38565876;19.52948570251465
2006-12-04;28.919578552246094;29.577579498291016;28.903331756591797;29.415109634399414;33420911;19.936927795410156
2006-12-11;29.4800968170166;29.88627052307129;29.447603225708008;29.731924057006836;38983924;20.3067626953125
2006-12-18;29.8212833404541;30.00812339782715;29.593826293945312;29.675060272216797;35409592;20.26791763305664
2006-12-25;29.731924057006836;30.17059326171875;29.71567726135254;29.845653533935547;23035581;20.384437561035156
2007-01-01;30.024370193481445;30.211210250854492;29.60194969177246;29.6588134765625;23988743;20.2568302154541
2007-01-08;29.66693687438965;30.089357376098633;29.471973419189453;30.05686378479004;26691035;20.528690338134766
2007-01-15;30.05686378479004;30.186840057373047;29.910642623901367;30.024370193481445;19475404;20.506494522094727
2007-01-22;30.05686378479004;30.316816329956055;29.691307067871094;29.910642623901367;43746417;20.428821563720703
2007-01-29;29.89439582824707;30.414297103881836;29.72380256652832;30.373680114746094;62728806;20.74507713317871
2007-02-05;30.39805030822754;30.66612434387207;30.016246795654297;30.194963455200195;49729938;20.623018264770508
2007-02-12;30.243703842163086;30.73111343383789;30.040616989135742;30.67424964904785;55857979;20.950363159179688
2007-02-19;30.625507354736328;30.8610897064209;29.95125961303711;30.300569534301758;43617039;20.69513702392578
2007-02-26;30.43866729736328;30.479284286499023;28.3671817779541;28.838342666625977;133057928;19.696449279785156
2007-03-05;28.570268630981445;29.39073944091797;28.050365447998047;29.1389102935791;95435614;19.901742935180664
2007-03-12;29.04142951965332;29.244516372680664;27.76604461669922;28.448415756225586;185913744;19.511930465698242
2007-03-19;28.635255813598633;29.71567726135254;28.464662551879883;29.406986236572266;113747970;20.16939926147461
2007-03-26;29.366369247436523;29.48822021484375;28.610885620117188;28.94394874572754;81564336;19.851806640625
2007-04-02;28.919578552246094;29.1389102935791;28.529651641845703;29.04955291748047;52222837;19.924236297607422
2007-04-09;29.122665405273438;29.179529190063477;28.700244903564453;29.000812530517578;64690036;19.89080238342285
2007-04-16;29.26076316833496;30.251827239990234;29.26076316833496;30.154346466064453;125238124;20.681978225708008
2007-04-23;30.154346466064453;30.406173706054688;29.78066635131836;30.300569534301758;67697614;20.782276153564453
2007-04-30;30.292444229125977;30.66612434387207;29.870023727416992;30.641754150390625;67117937;21.01628875732422
2007-05-07;30.66612434387207;30.812347412109375;30.3411865234375;30.66612434387207;60582433;21.033002853393555
2007-05-14;30.69049644470215;30.796100616455078;30.357433319091797;30.72298812866211;96966855;21.071990966796875
2007-05-21;30.73923683166504;30.95044708251953;30.373680114746094;30.536148071289062;87804154;20.943845748901367
2007-05-28;30.601137161254883;30.991064071655273;30.479284286499023;30.885459899902344;49169465;21.183429718017578
2007-06-04;30.78797721862793;30.8448429107666;29.805036544799805;30.235580444335938;103374210;20.737693786621094
2007-06-11;30.21933364868164;30.641754150390625;29.89439582824707;30.422420501708984;100258794;20.979917526245117
2007-06-18;30.51177978515625;30.60926055908203;29.48822021484375;29.675060272216797;140201790;20.46453094482422
2007-06-25;29.520715713500977;29.813159942626953;29.082046508789062;29.39073944091797;183730074;20.268449783325195
2007-07-02;29.805036544799805;29.926889419555664;29.398862838745117;29.796913146972656;77369581;20.548561096191406
2007-07-09;29.77254295349121;29.89439582824707;28.87083625793457;29.796913146972656;193909089;20.548561096191406
2007-07-16;29.72380256652832;30.04874038696289;28.659626007080078;28.797725677490234;254213441;19.8594913482666
2007-07-23;28.757108688354492;29.065799713134766;27.08367156982422;27.091794967651367;432507788;18.683046340942383
2007-07-30;27.384239196777344;28.001625061035156;26.01137351989746;26.043867111206055;594999542;17.96037483215332
2007-08-06;26.149471282958984;28.586515426635742;25.962631225585938;27.091794967651367;618128801;18.683046340942383
2007-08-13;27.725425720214844;28.748985290527344;25.597076416015625;28.0259952545166;678534710;19.32729721069336
2007-08-20;28.107229232788086;28.269699096679688;27.278635025024414;28.058488845825195;360439262;19.349706649780273
2007-08-27;27.993501663208008;28.017871856689453;26.693744659423828;27.41673469543457;289342981;18.907140731811523
2007-09-03;27.489845275878906;27.944759368896484;26.653127670288086;26.815597534179688;232630688;18.492576599121094
2007-09-10;26.880584716796875;27.603574752807617;26.441917419433594;27.603574752807617;280608912;19.035980224609375
2007-09-17;27.376117706298828;28.976442337036133;27.108041763305664;28.107229232788086;459725813;19.5267276763916
2007-09-24;28.147846221923828;28.147846221923828;27.35987091064453;27.879772186279297;252246303;19.368703842163086
2007-10-01;27.725425720214844;29.22014617919922;27.7010555267334;29.1551570892334;236262630;20.254743576049805
2007-10-08;29.114540100097656;29.16328239440918;28.578392028808594;28.87083625793457;224358121;20.057222366333008
2007-10-15;28.757108688354492;28.76523208618164;26.441917419433594;26.482534408569336;469163028;18.398019790649414
2007-10-22;26.214460372924805;27.376117706298828;26.07636070251465;27.376117706298828;464404475;19.018814086914062
2007-10-29;27.384239196777344;27.53046226501465;25.17465591430664;25.865150451660156;495557146;17.969100952148438
2007-11-05;25.150283813476562;25.832656860351562;23.793664932250977;24.484159469604492;662844875;17.00969696044922
2007-11-12;24.66287612915039;26.39317512512207;24.459789276123047;24.784727096557617;649729433;17.2185115814209
2007-11-19;24.459789276123047;24.532899856567383;22.948822021484375;23.777416229248047;571350431;16.518712997436523
2007-11-26;23.88302230834961;25.73517417907715;22.826969146728516;25.182777404785156;707924589;17.495040893554688
2007-12-03;25.05280303955078;25.79203987121582;24.411048889160156;25.345247268676758;477510809;17.607913970947266
2007-12-10;25.62144660949707;26.108854293823242;23.696182250976562;23.842405319213867;696057255;16.563852310180664
2007-12-17;23.720552444458008;24.118602752685547;23.208772659301758;23.793664932250977;522783543;16.680593490600586
2007-12-24;23.899269104003906;24.26482582092285;23.338748931884766;23.509342193603516;167305456;16.48126792907715
2007-12-31;23.43623161315918;23.82615852355957;22.201461791992188;22.242080688476562;290112109;15.59286117553711
2008-01-07;22.40454864501953;22.835092544555664;21.047929763793945;22.339561462402344;924623426;15.661188125610352
2008-01-14;22.615760803222656;22.664499282836914;20.28432273864746;20.714866638183594;855084114;14.522193908691406
2008-01-21;19.66693687438965;23.078798294067383;19.585702896118164;22.07961082458496;979778012;15.478954315185547
2008-01-28;22.201461791992188;24.313566207885742;21.876522064208984;24.1104793548584;888148773;16.9027099609375
2008-02-04;23.850528717041016;23.956132888793945;21.722177505493164;22.030868530273438;664484199;15.444783210754395
2008-02-11;21.990251541137695;22.177091598510742;21.259138107299805;21.7952880859375;683798465;15.279631614685059
2008-02-18;22.06336212158203;22.152721405029297;21.194150924682617;22.095857620239258;493686396;15.490347862243652
2008-02-25;21.84402847290039;22.672624588012695;20.804224014282227;20.982940673828125;715278336;14.710131645202637
2008-03-03;20.852964401245117;20.885459899902344;19.33387565612793;19.756296157836914;979477280;13.850190162658691
2008-03-10;19.805036544799805;21.047929763793945;19.04142951965332;19.4963436126709;1272015319;13.667950630187988
2008-03-17;18.107229232788086;21.551584243774414;18.107229232788086;21.380990982055664;1146058908;15.11007022857666
2008-03-24;21.6165714263916;22.23395538330078;19.94313621520996;20.024370193481445;757475539;14.15134048461914
2008-03-31;19.959383010864258;22.071487426757812;19.82940673828125;21.413484573364258;703027424;15.133028030395508
2008-04-07;21.73842430114746;21.91714096069336;20.357433319091797;20.414297103881836;602183782;14.426898002624512
2008-04-14;20.28432273864746;21.84402847290039;19.796913146972656;21.502843856811523;686472567;15.196175575256348
2008-04-21;21.275386810302734;21.949634552001953;20.593013763427734;21.892770767211914;539217147;15.471746444702148
2008-04-28;21.90901756286621;22.883834838867188;21.46222686767578;22.510154724121094;526935335;15.908053398132324
2008-05-05;22.339561462402344;22.396425247192383;20.934200286865234;21.112916946411133;630954591;14.92061710357666
2008-05-12;21.137287139892578;21.608448028564453;21.031681060791016;21.437854766845703;410873948;15.150249481201172
2008-05-19;21.316003799438477;21.56783103942871;19.926889419555664;20.024370193481445;487085527;14.15134048461914
2008-05-26;19.926889419555664;20.51177978515625;19.731924057006836;20.11372947692871;398418812;14.214481353759766
2008-06-02;20.064987182617188;20.064987182617188;18.94394874572754;18.952070236206055;755852096;13.393526077270508
2008-06-09;19.057676315307617;19.171405792236328;18.139724731445312;18.99268913269043;1044648020;13.422239303588867
2008-06-16;18.81397247314453;19.374492645263672;17.757919311523438;18.017871856689453;916580935;12.846165657043457
2008-06-23;17.92038917541504;18.245328903198242;16.531274795532227;16.709991455078125;1028331852;11.913689613342285
2008-06-30;16.726238250732422;16.839967727661133;15.89764404296875;16.198213577270508;755580538;11.548809051513672
2008-07-07;16.360681533813477;16.75873374938965;14.85783863067627;15.174654960632324;1489284234;10.819046020507812
2008-07-14;15.597076416015625;17.132413864135742;13.62307071685791;16.791227340698242;2283247230;11.971609115600586
2008-07-21;17.213647842407227;18.757108688354492;16.16571807861328;16.95369529724121;1684226257;12.08743953704834
2008-07-28;16.872461318969727;17.969131469726562;16.043867111206055;17.57107925415039;1292927178;12.527618408203125
2008-08-04;17.408611297607422;18.31031608581543;17.067424774169922;17.822908401489258;1021320569;12.707160949707031
2008-08-11;17.76604461669922;18.489032745361328;16.441917419433594;17.351747512817383;1040679646;12.371241569519043
2008-08-18;17.286758422851562;17.286758422851562;15.930137634277344;16.84809112548828;967885567;12.01214599609375
2008-08-25;16.620634078979492;17.497968673706055;16.092607498168945;17.400487899780273;720677870;12.405989646911621
2008-09-01;17.839155197143555;17.969131469726562;16.75873374938965;17.660438537597656;898842348;12.591331481933594
2008-09-08;19.065799713134766;19.090171813964844;16.385053634643555;17.181154251098633;1961681838;12.24960708618164
2008-09-15;16.035743713378906;19.902517318725586;13.939886093139648;18.180341720581055;3345270813;13.086258888244629
2008-09-22;18.066612243652344;18.08285903930664;15.800162315368652;17.376117706298828;1063294223;12.507373809814453
2008-09-29;16.693744659423828;16.815597534179688;14.93907356262207;15.255889892578125;1407216172;10.981229782104492
2008-10-06;14.638504981994629;15.036556243896484;10.38992691040039;12.266449928283691;2477312286;8.829425811767578
2008-10-13;12.981315612792969;14.516653060913086;11.852152824401855;12.469536781311035;1616797494;8.975606918334961
2008-10-20;12.794475555419922;13.176279067993164;10.69861888885498;11.00731086730957;1053510728;7.923094749450684
2008-10-27;11.186027526855469;12.640130043029785;10.56052017211914;12.61575984954834;1011254929;9.080857276916504
2008-11-03;12.583266258239746;13.428107261657715;11.26726245880127;11.551584243774414;711037418;8.314857482910156
2008-11-10;11.835906028747559;11.941511154174805;9.504467964172363;10.341185569763184;1146474125;7.443611145019531
2008-11-17;10.162469863891602;10.25182819366455;7.043054103851318;7.863525867462158;1683868405;5.6601881980896
2008-11-24;8.29407024383545;10.373680114746094;8.188465118408203;10.284321784973145;902127025;7.402681350708008
2008-12-01;9.886271476745605;10.471161842346191;8.480910301208496;10.406173706054688;1198266849;7.490390300750732
2008-12-08;10.83671760559082;11.226645469665527;9.203899383544922;9.853776931762695;1033094346;7.092774868011475
2008-12-15;9.82940673828125;10.706742286682129;9.309503555297852;9.935011863708496;941614796;7.258017063140869
2008-12-22;9.959383010864258;10.008123397827148;9.333874702453613;9.569456100463867;280982891;6.990961074829102
2008-12-29;9.593826293945312;10.406173706054688;9.309503555297852;10.284321784973145;346938639;7.513204574584961
2009-01-05;10.235581398010254;10.414297103881836;9.374491691589355;9.390739440917969;670258819;6.860398769378662
2009-01-12;9.358244895935059;9.38261604309082;7.5060930252075195;7.863525867462158;1211486557;5.74469518661499
2009-01-19;7.424858093261719;7.546710014343262;6.555645942687988;7.303006172180176;1263615715;5.335207939147949
2009-01-26;7.449227809906006;8.537774085998535;7.067424774169922;7.5060930252075195;1286493233;5.483572959899902
2009-02-02;7.311129093170166;8.03411865234375;6.937448978424072;7.952884197235107;1437448671;5.809974670410156
2009-02-09;8.025995254516602;8.196587562561035;7.026806831359863;7.189277172088623;1324879138;5.252125263214111
2009-02-16;6.7343621253967285;6.823720932006836;5.564581871032715;6.043867111206055;1304210771;4.415343284606934
2009-02-23;6.2632012367248535;6.953695774078369;5.832655906677246;6.173841953277588;1688101445;4.510297775268555
2009-03-02;5.938261985778809;6.043867111206055;4.776604175567627;5.020308971405029;1362194318;3.6675846576690674
2009-03-09;4.914702892303467;6.823720932006836;4.8497161865234375;6.653128147125244;2065542417;4.860439300537109
2009-03-16;6.815597057342529;7.879773139953613;6.393176078796387;6.6125102043151855;2022099935;4.879218101501465
2009-03-23;7.189277172088623;7.855401992797852;7.034931182861328;7.424858093261719;1818250274;5.478634357452393
2009-03-30;7.010560989379883;7.896018981933594;6.718114852905273;7.871648788452148;1305993752;5.808310508728027
2009-04-06;7.611698150634766;8.675872802734375;7.319252967834473;8.635255813598633;974551064;6.371758460998535
2009-04-13;8.464662551879883;9.203899383544922;8.172218322753906;9.025182723999023;1486791706;6.6594743728637695
2009-04-20;8.602762222290039;9.057677268981934;7.644192218780518;8.887084007263184;1477746441;6.557575225830078
2009-04-27;8.635255813598633;9.057677268981934;8.37530517578125;8.65150260925293;868494628;6.383746147155762
2009-05-04;8.76523208618164;10.625508308410645;8.757107734680176;10.576766967773438;1510421367;7.804358005523682
2009-05-11;10.243703842163086;10.365555763244629;9.16328239440918;9.366369247436523;1148412333;6.911229610443115
2009-05-18;9.634444236755371;10.146223068237305;9.358244895935059;9.47197437286377;1087337870;6.9891533851623535
2009-05-25;9.358244895935059;10.032493591308594;9.350122451782227;9.935011863708496;857125974;7.330818176269531
2009-06-01;10.064988136291504;10.292445182800293;9.650690078735352;10.008123397827148;1035125742;7.384766101837158
2009-06-08;9.91064167022705;10.227457046508789;9.878148078918457;10.146223068237305;716125510;7.486666202545166
2009-06-15;10.048741340637207;10.073110580444336;9.350122451782227;9.78066635131836;880763759;7.254147052764893
2009-06-22;9.650690078735352;9.723801612854004;9.179529190063477;9.683183670043945;716390913;7.181848526000977
2009-06-29;9.707554817199707;9.837530136108398;9.293257713317871;9.317627906799316;458718855;6.9107184410095215
2009-07-06;9.228269577026367;9.358244895935059;8.797724723815918;9.017059326171875;753910069;6.6877923011779785
2009-07-13;9.220146179199219;10.073110580444336;9.16328239440918;9.86190128326416;1017380630;7.314398288726807
2009-07-20;9.935011863708496;10.203086853027344;9.658814430236816;10.08935832977295;661524629;7.483099937438965
2009-07-27;10.121851921081543;10.584890365600586;10.0812349319458;10.568642616271973;635398624;7.838576793670654
2009-08-03;10.763607025146484;11.860276222229004;10.690496444702148;11.65718936920166;993905584;8.645930290222168
2009-08-10;11.640941619873047;11.738424301147461;11.137287139892578;11.567831039428711;703010191;8.579654693603516
2009-08-17;11.226645469665527;11.8765230178833;11.06417465209961;11.819659233093262;583047146;8.766430854797363
2009-08-24;11.990251541137695;12.103981018066406;11.697807312011719;11.982128143310547;582498615;8.886932373046875
2009-08-31;11.76279354095459;11.982128143310547;11.161657333374023;11.551584243774414;652899257;8.567605018615723
2009-09-07;11.722176551818848;11.925264358520508;11.535337448120117;11.803412437438965;405398706;8.75438404083252
2009-09-14;11.649065971374512;12.534524917602539;11.640941619873047;12.298944473266602;621972475;9.150186538696289
2009-09-21;12.18521499633789;12.542648315429688;11.76279354095459;11.852152824401855;650525520;8.817777633666992
2009-09-28;11.91714096069336;12.388301849365234;11.34849739074707;11.608448028564453;720262531;8.636466979980469
2009-10-05;11.754671096801758;12.420796394348145;11.722176551818848;12.380179405212402;585933473;9.210617065429688
2009-10-12;12.437043190002441;12.802599906921387;12.250203132629395;12.363931655883789;589454625;9.198533058166504
2009-10-19;12.412672996520996;12.510153770446777;12.079609870910645;12.266449928283691;608727532;9.126008987426758
2009-10-26;12.258326530456543;12.298944473266602;11.34849739074707;11.413484573364258;736088022;8.491416931152344
2009-11-02;11.502842903137207;11.74654769897461;11.194150924682617;11.62469482421875;721212741;8.648552894592285
2009-11-09;11.787164688110352;12.290820121765137;11.714054107666016;11.909016609191895;538354337;8.86008358001709
2009-11-16;12.0552396774292;12.201461791992188;11.811534881591797;11.860276222229004;472116936;8.823820114135742
2009-11-23;11.990251541137695;12.112104415893555;11.535337448120117;11.600324630737305;314085096;8.630424499511719
2009-11-30;11.65718936920166;12.136473655700684;11.640941619873047;11.884647369384766;753800142;8.841959953308105
2009-12-07;11.835906028747559;11.909016609191895;11.519089698791504;11.689682960510254;491752740;8.696904182434082
2009-12-14;11.722176551818848;11.76279354095459;11.380990982055664;11.551584243774414;520060324;8.626067161560059
2009-12-21;11.608448028564453;11.803412437438965;11.600324630737305;11.803412437438965;173753312;8.814114570617676
2009-12-28;11.819659233093262;11.852152824401855;11.616572380065918;11.697807312011719;145178600;8.735257148742676
2010-01-04;11.7952880859375;12.510153770446777;11.770917892456055;12.363931655883789;494940415;9.232680320739746
2010-01-11;12.485783576965332;12.49390697479248;12.095856666564941;12.136473655700684;500104336;9.062824249267578
2010-01-18;12.08773422241211;12.339561462402344;11.4541015625;11.519089698791504;770736978;8.601801872253418
2010-01-25;11.681559562683105;11.835906028747559;11.364744186401367;11.519089698791504;1084162627;8.601801872253418
2010-02-01;11.592201232910156;11.860276222229004;10.974817276000977;11.324127197265625;1003838768;8.456212043762207
2010-02-08;11.34849739074707;11.421607971191406;11.031682014465332;11.332249641418457;695195309;8.4622802734375
2010-02-15;11.413484573364258;11.787164688110352;11.340373992919922;11.74654769897461;362119577;8.771653175354004
2010-02-22;11.787164688110352;11.96588134765625;11.640941619873047;11.925264358520508;578192576;8.905106544494629
2010-03-01;11.96588134765625;12.388301849365234;11.884647369384766;12.363931655883789;371056146;9.232680320739746
2010-03-08;12.388301849365234;12.778228759765625;12.282696723937988;12.623883247375488;501073503;9.426795959472656
2010-03-15;12.550771713256836;12.973193168640137;12.485783576965332;12.745735168457031;495094537;9.539481163024902
2010-03-22;12.61575984954834;13.257513999938965;12.607636451721191;12.997563362121582;615125038;9.727962493896484
2010-03-29;13.070673942565918;13.111291885375977;12.843216896057129;13.06255054473877;267216247;9.776603698730469
2010-04-05;13.135662078857422;13.468725204467773;13.103167533874512;13.436230659484863;361624223;10.056280136108398
2010-04-12;13.476847648620605;13.907391548156738;13.054427146911621;13.290007591247559;867528784;9.9468412399292
2010-04-19;13.135662078857422;13.728675842285156;13.119415283203125;13.631194114685059;913796905;10.202200889587402
2010-04-26;13.62307071685791;13.62307071685791;12.932575225830078;13.127538681030273;973034840;9.825242042541504
2010-05-03;13.241267204284668;13.411860466003418;11.827781677246094;12.258326530456543;1352355181;9.174681663513184
2010-05-10;12.891958236694336;13.103167533874512;12.339561462402344;12.469536781311035;781266707;9.332762718200684
2010-05-17;12.469536781311035;12.63200569152832;11.332249641418457;11.982128143310547;1264406141;8.967962265014648
2010-05-24;12.038992881774902;12.201461791992188;11.242892265319824;11.925264358520508;796550309;8.925407409667969
2010-05-31;11.7952880859375;12.112104415893555;11.437854766845703;11.494720458984375;472363998;8.603165626525879
2010-06-07;11.543460845947266;11.827781677246094;11.129162788391113;11.787164688110352;667708434;8.822047233581543
2010-06-14;11.884647369384766;12.08773422241211;11.722176551818848;12.04711627960205;483930228;9.035554885864258
2010-06-21;12.18521499633789;12.22583293914795;11.527214050292969;11.892769813537598;710120200;8.919795989990234
2010-06-28;11.900894165039062;11.93338680267334;10.844841957092285;10.982940673828125;687635370;8.237405776977539
2010-07-05;11.226645469665527;11.811534881591797;10.92607593536377;11.787164688110352;466114210;8.84058952331543
2010-07-12;11.770917892456055;12.160844802856445;11.445979118347168;11.478472709655762;558788199;8.609064102172852
2010-07-19;11.494720458984375;11.860276222229004;11.242892265319824;11.827781677246094;517028372;8.871048927307129
2010-07-26;11.844029426574707;12.201461791992188;11.779041290283203;11.949633598327637;432186990;8.962443351745605
2010-08-02;12.120226860046387;12.258326530456543;11.844029426574707;12.006499290466309;436393193;9.00509262084961
2010-08-09;12.063363075256348;12.103981018066406;11.380990982055664;11.429732322692871;401037272;8.572504997253418
2010-08-16;11.397237777709961;11.616572380065918;11.129162788391113;11.23476791381836;422095498;8.426280975341797
2010-08-23;11.291632652282715;11.307880401611328;10.796100616455078;11.153533935546875;468957329;8.365352630615234
2010-08-30;11.104792594909668;11.7952880859375;10.828595161437988;11.7952880859375;563938950;8.846681594848633
2010-09-06;11.681559562683105;11.884647369384766;11.510967254638672;11.803412437438965;282247496;8.85277271270752
2010-09-13;11.982128143310547;12.08773422241211;11.819659233093262;11.868399620056152;413401437;8.921513557434082
2010-09-20;11.884647369384766;12.160844802856445;11.535337448120117;11.868399620056152;504772535;8.921513557434082
2010-09-27;11.868399620056152;11.884647369384766;11.616572380065918;11.779041290283203;555317642;8.85434341430664
2010-10-04;11.76279354095459;12.0552396774292;11.640941619873047;11.941511154174805;513962074;8.97647476196289
2010-10-11;11.949633598327637;12.18521499633789;11.575955390930176;11.65718936920166;642398951;8.762749671936035
2010-10-18;11.616572380065918;12.006499290466309;11.616572380065918;11.860276222229004;537330146;8.91540813446045
2010-10-25;11.96588134765625;11.982128143310547;11.74654769897461;11.827781677246094;312184432;8.89098072052002
2010-11-01;11.852152824401855;12.737611770629883;11.714054107666016;12.656376838684082;690100939;9.513838768005371
2010-11-08;12.640130043029785;12.648253440856934;12.103981018066406;12.136473655700684;593967472;9.123026847839355
2010-11-15;12.217708587646484;12.347684860229492;11.8765230178833;12.071487426757812;524746987;9.074176788330078
2010-11-22;11.990251541137695;11.998374938964844;11.697807312011719;11.714054107666016;335489969;8.80549430847168
2010-11-29;11.689682960510254;12.35580825805664;11.665312767028809;12.331438064575195;549495381;9.269580841064453
2010-12-06;12.298944473266602;12.810723304748535;12.250203132629395;12.802599906921387;481982170;9.623757362365723
2010-12-13;12.859463691711426;12.883833885192871;12.502031326293945;12.61575984954834;433981418;9.517693519592285
2010-12-20;12.640130043029785;13.013810157775879;12.583266258239746;12.891958236694336;233264284;9.726069450378418
2010-12-27;12.826970100402832;13.046303749084473;12.818845748901367;12.95694637298584;175247869;9.775096893310547
2011-01-03;13.135662078857422;13.411860466003418;13.013810157775879;13.176279067993164;600646631;9.940568923950195
2011-01-10;13.103167533874512;13.614947319030762;13.021932601928711;13.582452774047852;457508660;10.24699592590332
2011-01-17;13.549959182739258;13.566205978393555;13.151908874511719;13.37124252319336;428841009;10.087653160095215
2011-01-24;13.395612716674805;13.54183578491211;13.168155670166016;13.200650215148926;435515490;9.958956718444824
2011-01-31;13.225020408630371;13.639318466186523;13.225020408630371;13.493095397949219;354126326;10.179583549499512
2011-02-07;13.54183578491211;13.915515899658203;13.533712387084961;13.874897956848145;335043116;10.467626571655273
2011-02-14;13.866774559020996;13.972379684448242;13.818034172058105;13.956132888793945;231184631;10.528908729553223
2011-02-21;13.736799240112305;13.809910774230957;13.273760795593262;13.62307071685791;428273763;10.277642250061035
2011-02-28;13.71242904663086;13.761170387268066;13.26563835144043;13.419983863830566;513814845;10.124424934387207
2011-03-07;13.452478408813477;13.688057899475098;13.26563835144043;13.436230659484863;492527531;10.13668441772461
2011-03-14;13.330625534057617;13.37124252319336;12.826970100402832;13.216897010803223;754935739;9.997302055358887
2011-03-21;13.363119125366211;13.37124252319336;13.013810157775879;13.273760795593262;364975866;10.040318489074707
2011-03-28;13.281885147094727;13.48497200012207;13.127538681030273;13.428107261657715;303474984;10.157068252563477
2011-04-04;13.428107261657715;13.606823921203613;13.338748931884766;13.37124252319336;310332145;10.114053726196289
2011-04-11;13.387490272521973;13.468725204467773;13.038180351257324;13.111291885375977;359712480;9.917426109313965
2011-04-18;12.965068817138672;13.103167533874512;12.851340293884277;13.078798294067383;307684635;9.892847061157227
2011-04-25;13.054427146911621;13.354995727539062;13.046303749084473;13.306255340576172;252869558;10.064897537231445
2011-05-02;13.354995727539062;13.37124252319336;12.981315612792969;13.086920738220215;454136089;9.898993492126465
2011-05-09;13.046303749084473;13.200650215148926;12.794475555419922;12.810723304748535;375167071;9.69007396697998
2011-05-16;12.75385856628418;13.005685806274414;12.729488372802734;12.770106315612793;402118953;9.65935230255127
2011-05-23;12.61575984954834;12.794475555419922;12.502031326293945;12.737611770629883;405439575;9.634775161743164
2011-05-30;12.875711441040039;12.908205032348633;12.290820121765137;12.363931655883789;514582990;9.352121353149414
2011-06-06;12.307066917419434;12.331438064575195;11.8765230178833;12.04711627960205;600325094;9.112478256225586
2011-06-13;12.095856666564941;12.339561462402344;11.884647369384766;12.095856666564941;677661561;9.182205200195312
2011-06-20;12.038992881774902;12.339561462402344;11.91714096069336;11.990251541137695;486552381;9.102043151855469
2011-06-27;11.974004745483398;12.721364974975586;11.974004745483398;12.696993827819824;401962863;9.63853931427002
2011-07-04;12.66450023651123;12.75385856628418;12.420796394348145;12.558895111083984;299725480;9.533708572387695
2011-07-11;12.388301849365234;12.3964262008667;11.96588134765625;12.063363075256348;576581935;9.157541275024414
2011-07-18;11.998374938964844;12.518278121948242;11.76279354095459;12.44516658782959;639806341;9.44737434387207
2011-07-25;12.32331371307373;12.404548645019531;11.884647369384766;12.022746086120605;521668132;9.126708030700684
2011-08-01;12.209586143493652;12.209586143493652;10.69861888885498;10.909829139709473;833733896;8.281872749328613
2011-08-08;10.552395820617676;10.820470809936523;9.78066635131836;10.381802558898926;1366236061;7.881033420562744
2011-08-15;10.511778831481934;10.722989082336426;9.82940673828125;9.853776931762695;750429295;7.480197906494141
2011-08-22;10.113728523254395;10.828595161437988;9.593826293945312;10.373680114746094;815730768;7.874870777130127
2011-08-29;10.56052017211914;10.950447082519531;10.162469863891602;10.186840057373047;589012204;7.733036041259766
2011-09-05;9.82940673828125;10.503656387329102;9.821284294128418;9.935011863708496;543175180;7.541868209838867
2011-09-12;9.764418601989746;10.593013763427734;9.74817180633545;10.487408638000488;616966860;7.992130279541016
2011-09-19;10.268074989318848;10.341185569763184;9.21202278137207;9.488221168518066;741657681;7.230682373046875
2011-09-26;9.618197441101074;10.235581398010254;9.536961555480957;9.593826293945312;681541304;7.311160087585449
2011-10-03;9.52071475982666;10.024370193481445;8.895207405090332;9.61007308959961;982944021;7.323538303375244
2011-10-10;9.845653533935547;10.52802562713623;9.837530136108398;10.235581398010254;688786970;7.800222396850586
2011-10-17;10.154346466064453;10.682372093200684;9.894394874572754;10.666125297546387;860617458;8.128326416015625
2011-10-24;10.69861888885498;11.510967254638672;10.503656387329102;11.413484573364258;916464237;8.69786548614502
2011-10-31;11.137287139892578;11.210397720336914;10.4224214553833;10.796100616455078;793414337;8.227376937866211
2011-11-07;10.763607025146484;11.088545799255371;10.4224214553833;10.75548267364502;675190082;8.196420669555664
2011-11-14;10.666125297546387;10.682372093200684;10.048741340637207;10.154346466064453;584130796;7.738315582275391
2011-11-21;9.959383010864258;9.983753204345703;9.528838157653809;9.569456100463867;342578068;7.2925848960876465
2011-11-28;9.943136215209961;10.682372093200684;9.74817180633545;10.487408638000488;573496679;7.992130279541016
2011-12-05;10.682372093200684;10.86921215057373;10.381802558898926;10.641755104064941;577681096;8.109755516052246
2011-12-12;10.487408638000488;10.519903182983398;10.113728523254395;10.186840057373047;585704876;7.812802314758301
2011-12-19;10.211210250854492;10.69861888885498;9.9187650680542;10.682372093200684;424302804;8.192848205566406
2011-12-26;10.641755104064941;10.73111343383789;10.44679069519043;10.56052017211914;166652164;8.099396705627441
2012-01-02;10.78797721862793;11.00731086730957;10.658001899719238;10.885458946228027;347009791;8.34860610961914
2012-01-09;10.92607593536377;11.372867584228516;10.86921215057373;11.226645469665527;425279725;8.610278129577637
2012-01-16;11.23476791381836;11.502842903137207;11.06417465209961;11.48659610748291;453698099;8.809649467468262
2012-01-23;11.494720458984375;11.649065971374512;11.356620788574219;11.478472709655762;491495830;8.803418159484863
2012-01-30;11.34849739074707;11.974004745483398;11.275385856628418;11.974004745483398;414702111;9.183466911315918
2012-02-06;11.900894165039062;12.071487426757812;11.770917892456055;11.835906028747559;353033689;9.07755184173584
2012-02-13;11.96588134765625;12.030868530273438;11.689682960510254;12.01462173461914;422383183;9.214620590209961
2012-02-20;12.022746086120605;12.079609870910645;11.811534881591797;11.91714096069336;297432866;9.139856338500977
2012-02-27;11.811534881591797;12.160844802856445;11.76279354095459;12.079609870910645;396640018;9.26446533203125
2012-03-05;12.04711627960205;12.160844802856445;11.697807312011719;12.095856666564941;437285052;9.276924133300781
2012-03-12;12.095856666564941;12.802599906921387;11.974004745483398;12.770106315612793;721455371;9.825309753417969
2012-03-19;12.770106315612793;12.973193168640137;12.56701946258545;12.778228759765625;562643198;9.831557273864746
2012-03-26;12.900080680847168;13.005685806274414;12.648253440856934;12.835092544555664;529548503;9.875308990478516
2012-04-02;12.778228759765625;12.989439010620117;12.56701946258545;12.623883247375488;415113264;9.712804794311523
2012-04-09;12.380179405212402;12.599513053894043;12.144598007202148;12.290820121765137;567858945;9.456546783447266
2012-04-16;12.404548645019531;12.591388702392578;12.274574279785156;12.339561462402344;485506400;9.494047164916992
2012-04-23;12.144598007202148;12.66450023651123;12.120226860046387;12.607636451721191;376760846;9.70030403137207
2012-04-30;12.558895111083984;12.761981964111328;12.217708587646484;12.266449928283691;443857854;9.437795639038086
2012-05-07;12.18521499633789;12.380179405212402;11.892769813537598;12.030868530273438;521898084;9.256540298461914
2012-05-14;11.860276222229004;11.91714096069336;11.14540958404541;11.186027526855469;719640508;8.606520652770996
2012-05-21;11.23476791381836;11.567831039428711;11.129162788391113;11.389115333557129;516272906;8.762778282165527
2012-05-28;11.502842903137207;11.559707641601562;10.950447082519531;10.958569526672363;429543047;8.431511878967285
2012-06-04;11.00731086730957;11.567831039428711;10.804224014282227;11.48659610748291;529832864;8.837775230407715
2012-06-11;11.632819175720215;11.65718936920166;11.202275276184082;11.649065971374512;582586506;9.005877494812012
2012-06-18;11.575955390930176;11.884647369384766;11.519089698791504;11.649065971374512;415793886;9.005877494812012
2012-06-25;11.478472709655762;11.900894165039062;11.34849739074707;11.892769813537598;360251289;9.194286346435547
2012-07-02;11.949633598327637;12.063363075256348;11.689682960510254;11.754671096801758;224529107;9.0875244140625
2012-07-09;11.722176551818848;11.96588134765625;11.575955390930176;11.949633598327637;385864090;9.23824691772461
2012-07-16;11.957757949829102;12.006499290466309;11.665312767028809;11.681559562683105;337671056;9.03099536895752
2012-07-23;11.462225914001465;12.063363075256348;11.445979118347168;11.990251541137695;338438585;9.269649505615234
2012-07-30;11.96588134765625;12.103981018066406;11.649065971374512;12.038992881774902;379298059;9.307326316833496
2012-08-06;12.112104415893555;12.233956336975098;12.0552396774292;12.136473655700684;181439429;9.382692337036133
2012-08-13;12.112104415893555;12.298944473266602;12.063363075256348;12.290820121765137;142984959;9.502015113830566
2012-08-20;12.282696723937988;12.49390697479248;12.160844802856445;12.290820121765137;224477528;9.502015113830566
2012-08-27;12.331438064575195;12.347684860229492;12.160844802856445;12.315191268920898;169680302;9.520859718322754
2012-09-03;12.290820121765137;12.761981964111328;12.242079734802246;12.737611770629883;191292477;9.847428321838379
2012-09-10;12.721364974975586;13.354995727539062;12.607636451721191;13.225020408630371;508891092;10.22424602508545
2012-09-17;13.176279067993164;13.225020408630371;12.843216896057129;12.859463691711426;346070538;9.98294448852539
2012-09-24;12.770106315612793;12.940698623657227;12.550771713256836;12.66450023651123;313771682;9.831592559814453
2012-10-01;12.75385856628418;13.184403419494629;12.688871383666992;13.046303749084473;360107630;10.127992630004883
2012-10-08;12.981315612792969;13.103167533874512;12.802599906921387;12.843216896057129;370064697;9.970329284667969
2012-10-15;12.891958236694336;13.31437873840332;12.835092544555664;13.086920738220215;372740399;10.15952205657959
2012-10-22;13.070673942565918;13.119415283203125;12.745735168457031;12.835092544555664;408311252;9.964025497436523
2012-10-29;12.883833885192871;13.160032272338867;12.826970100402832;12.997563362121582;191163467;10.090153694152832
2012-11-05;12.95694637298584;13.160032272338867;12.502031326293945;12.591388702392578;456935629;9.774833679199219
2012-11-12;12.648253440856934;12.696993827819824;12.233956336975098;12.412672996520996;353531136;9.636096000671387
2012-11-19;12.591388702392578;12.875711441040039;12.575141906738281;12.867587089538574;171702219;9.98924732208252
2012-11-26;12.802599906921387;12.867587089538574;12.534524917602539;12.802599906921387;242557348;9.938799858093262
2012-12-03;12.843216896057129;13.021932601928711;12.656376838684082;13.021932601928711;255695073;10.109071731567383
2012-12-10;12.981315612792969;13.225020408630371;12.940698623657227;12.997563362121582;280433371;10.090153694152832
2012-12-17;13.078798294067383;13.566205978393555;13.070673942565918;13.322502136230469;410904969;10.407215118408203
2012-12-24;13.257513999938965;13.346872329711914;13.070673942565918;13.143786430358887;160327410;10.267608642578125
2012-12-31;13.127538681030273;13.874897956848145;13.09504508972168;13.8505277633667;273550850;10.819696426391602
2013-01-07;13.826157569885254;13.948010444641113;13.71242904663086;13.899269104003906;283734175;10.85777759552002
2013-01-14;13.88302230834961;13.96425724029541;13.769292831420898;13.9317626953125;310361568;10.883159637451172
2013-01-21;13.907391548156738;14.207961082458496;13.907391548156738;14.1917142868042;237131347;11.086227416992188
2013-01-28;14.207961082458496;14.346059799194336;14.053614616394043;14.305442810058594;239238203;11.175068855285645
2013-02-04;14.207961082458496;14.3541841506958;14.110479354858398;14.297319412231445;273774646;11.168721199035645
2013-02-11;14.297319412231445;14.532899856567383;14.27294921875;14.427294731140137;270072292;11.270254135131836
2013-02-18;14.476036071777344;14.573516845703125;14.175466537475586;14.41104793548584;240536908;11.257563591003418
2013-02-25;14.500406265258789;14.500406265258789;13.939886093139648;14.329813003540039;397033446;11.194107055664062
2013-03-04;14.289196014404297;14.882209777832031;14.27294921875;14.817221641540527;342142048;11.57485580444336
2013-03-11;14.825345039367676;15.012185096740723;14.784728050231934;14.987814903259277;275286438;11.747596740722656
2013-03-18;14.792851448059082;14.922826766967773;14.670998573303223;14.768481254577637;333187876;11.575682640075684
2013-03-25;14.825345039367676;14.865962982177734;14.646629333496094;14.792851448059082;191736991;11.594779968261719
2013-04-01;14.784728050231934;14.841591835021973;14.435418128967285;14.646629333496094;327403530;11.480172157287598
2013-04-08;14.63038158416748;15.150283813476562;14.573516845703125;15.004061698913574;313420602;11.760334014892578
2013-04-15;14.979690551757812;15.052803039550781;14.419171333312988;14.687246322631836;384019437;11.512008666992188
2013-04-22;14.71973991394043;15.239643096923828;14.557271003723145;15.085296630859375;266296076;11.824007034301758
2013-04-29;15.150283813476562;15.385865211486816;15.012185096740723;15.312753677368164;241797206;12.002288818359375
2013-05-06;15.353370666503906;15.702680587768555;15.345248222351074;15.637693405151367;268073516;12.256980895996094
2013-05-13;15.613323211669922;16.214460372924805;15.572705268859863;16.206335067749023;244096714;12.702682495117188
2013-05-20;16.190088272094727;16.531274795532227;15.832655906677246;16.027620315551758;338964713;12.562606811523438
2013-05-27;16.2469539642334;16.441917419433594;16.0682373046875;16.11697769165039;260531056;12.632644653320312
2013-06-03;16.18196678161621;16.2469539642334;15.613323211669922;16.222583770751953;462454571;12.715422630310059
2013-06-10;16.303817749023438;16.320064544677734;15.743297576904297;15.881397247314453;387781742;12.447996139526367
2013-06-17;16.00324821472168;16.18196678161621;15.345248222351074;15.532088279724121;406488387;12.223275184631348
2013-06-24;15.33712387084961;15.922015190124512;15.093420028686523;15.800162315368652;375671164;12.43424129486084
2013-07-01;15.913890838623047;16.2469539642334;15.710803985595703;16.100730895996094;225194462;12.670777320861816
2013-07-08;16.206335067749023;16.539398193359375;16.16571807861328;16.531274795532227;350333859;13.00960922241211
2013-07-15;16.63688087463379;16.839967727661133;16.46628761291504;16.839967727661133;221571631;13.252530097961426
2013-07-22;16.84809112548828;17.002437591552734;16.596263885498047;16.766855239868164;199252123;13.194998741149902
2013-07-29;16.73436164855957;16.929325103759766;16.580015182495117;16.90495491027832;202127492;13.30368423461914
2013-08-05;16.888708114624023;16.929325103759766;16.523151397705078;16.5881404876709;183324705;13.054352760314941
2013-08-12;16.51502799987793;16.661251068115234;16.2307071685791;16.263200759887695;224861600;12.798635482788086
2013-08-19;16.2307071685791;16.328187942504883;16.01949691772461;16.29569435119629;227992279;12.824209213256836
2013-08-26;16.320064544677734;16.360681533813477;15.718928337097168;15.792038917541504;255603855;12.427844047546387
2013-09-02;15.97887897491455;16.18196678161621;15.832655906677246;16.084484100341797;176576487;12.657991409301758
2013-09-09;16.149471282958984;16.490657806396484;16.108854293823242;16.409423828125;204081951;12.91370964050293
2013-09-16;16.604387283325195;16.91307830810547;16.555646896362305;16.596263885498047;257822363;13.112255096435547
2013-09-23;16.498781204223633;16.51502799987793;16.198213577270508;16.28757095336914;256134908;12.868367195129395
2013-09-30;16.092607498168945;16.320064544677734;16.027620315551758;16.28757095336914;240442490;12.868367195129395
2013-10-07;16.149471282958984;16.51502799987793;15.824533462524414;16.498781204223633;365212588;13.035239219665527
2013-10-14;16.39317512512207;17.02680778503418;16.368806838989258;16.986190795898438;312731118;13.420328140258789
2013-10-21;16.994314193725586;17.091794967651367;16.791227340698242;16.945573806762695;187703742;13.388237953186035
2013-10-28;16.937448501586914;17.002437591552734;16.661251068115234;16.750608444213867;198390299;13.234198570251465
2013-11-04;16.774980545043945;16.945573806762695;16.555646896362305;16.945573806762695;224015534;13.388237953186035
2013-11-11;16.945573806762695;17.181154251098633;16.693744659423828;17.164907455444336;205441959;13.561528205871582
2013-11-18;17.229894638061523;17.46547508239746;17.07554817199707;17.457351684570312;207496252;13.79257869720459
2013-11-25;17.51421546936035;17.579204559326172;17.441104888916016;17.449228286743164;102834909;13.78615665435791
2013-12-02;17.47359848022461;17.57107925415039;17.12428855895996;17.376117706298828;208438705;13.728400230407715
2013-12-09;17.432981491088867;17.489845275878906;17.108041763305664;17.164907455444336;282364441;13.561528205871582
2013-12-16;17.238018035888672;17.603574752807617;17.059301376342773;17.554832458496094;376745458;13.934809684753418
2013-12-23;17.63606834411621;17.725425720214844;17.611698150634766;17.7010555267334;78590610;14.05087947845459
2013-12-30;17.7010555267334;17.839155197143555;17.611698150634766;17.782291412353516;116788417;14.115365028381348
2014-01-06;17.87164878845215;17.952884674072266;17.749797821044922;17.896018981933594;226244012;14.205638885498047
2014-01-13;17.87164878845215;18.001625061035156;17.59545135498047;17.81478500366211;295540696;14.141157150268555
2014-01-20;17.91226577758789;17.928512573242188;17.14866065979004;17.14866065979004;224852737;13.612401008605957
2014-01-27;17.173030853271484;17.3436222076416;16.945573806762695;17.108041763305664;324805012;13.580159187316895
2014-02-03;17.091794967651367;17.311128616333008;16.653127670288086;17.29488182067871;367742416;13.72846794128418
2014-02-10;17.30300521850586;17.59545135498047;17.213647842407227;17.579204559326172;224456478;13.9541654586792
2014-02-17;17.59545135498047;17.660438537597656;17.286758422851562;17.449228286743164;197342471;13.850988388061523
2014-02-24;17.457351684570312;17.725425720214844;17.35987091064453;17.627944946289062;270502525;13.99284839630127
2014-03-03;17.46547508239746;18.269699096679688;17.376117706298828;18.172218322753906;316292525;14.424887657165527
2014-03-10;18.13159942626953;18.277822494506836;17.69293212890625;17.70918083190918;248518958;14.057339668273926
2014-03-17;17.85540199279785;18.399675369262695;17.839155197143555;18.19658851623535;355384530;14.497763633728027
2014-03-24;18.25345230102539;18.30219268798828;17.790414810180664;17.96100616455078;303030470;14.310070037841797
2014-03-31;18.09098243713379;18.32656478881836;17.993501663208008;18.009748458862305;244094744;14.348896980285645
2014-04-07;17.993501663208008;18.001625061035156;17.213647842407227;17.286758422851562;366604479;13.772871971130371
2014-04-14;17.489845275878906;17.798538208007812;17.24614143371582;17.757919311523438;281421864;14.148259162902832
2014-04-21;17.76604461669922;17.98537826538086;17.7010555267334;17.749797821044922;175038598;14.141788482666016
2014-04-28;17.749797821044922;18.0259952545166;17.47359848022461;17.863525390625;203241178;14.23239517211914
2014-05-05;17.7010555267334;17.92038917541504;17.53858757019043;17.81478500366211;212755208;14.193564414978027
2014-05-12;17.904142379760742;18.050365447998047;17.51421546936035;17.668561935424805;176279569;14.077070236206055
2014-05-19;17.619821548461914;17.91226577758789;17.587326049804688;17.904142379760742;130669789;14.264763832092285
2014-05-26;17.944759368896484;18.13159942626953;17.944759368896484;18.107229232788086;120775995;14.426563262939453
2014-06-02;18.123477935791016;18.5458984375;18.03411865234375;18.521526336669922;143328286;14.756651878356934
2014-06-09;18.529651641845703;18.627132415771484;18.31031608581543;18.3671817779541;163033271;14.633671760559082
2014-06-16;18.334686279296875;18.60276222229004;18.229082107543945;18.5458984375;169072679;14.83454704284668
2014-06-23;18.5458984375;18.627132415771484;18.277822494506836;18.489032745361328;138262351;14.789063453674316
2014-06-30;18.448415756225586;18.740861892700195;18.42404556274414;18.71649169921875;129849204;14.97099781036377
2014-07-07;18.692119598388672;18.692119598388672;18.245328903198242;18.43216896057129;154461080;14.74357795715332
2014-07-14;18.610885620117188;18.71649169921875;18.3834285736084;18.610885620117188;163281318;14.886531829833984
2014-07-21;18.513404846191406;18.732738494873047;18.48090934753418;18.59463882446289;121715001;14.873533248901367
2014-07-28;18.578392028808594;18.675872802734375;17.969131469726562;18.050365447998047;258764570;14.438179969787598
2014-08-04;18.115352630615234;18.220958709716797;17.93663787841797;18.180341720581055;238980186;14.542141914367676
2014-08-11;18.21283531188965;18.513404846191406;18.139724731445312;18.342811584472656;158932072;14.672099113464355
2014-08-18;18.43216896057129;18.895206451416016;18.42404556274414;18.781478881835938;164837917;15.022982597351074
2014-08-25;18.87083625793457;19.04142951965332;18.81397247314453;18.976442337036133;126547292;15.178932189941406
2014-09-01;19.033306121826172;19.1551570892334;18.895206451416016;19.057676315307617;121658254;15.243907928466797
2014-09-08;19.04142951965332;19.1389102935791;18.838342666625977;19.000812530517578;183373083;15.198420524597168
2014-09-15;19.000812530517578;19.398862838745117;18.93582534790039;19.21202278137207;245780352;15.430876731872559
2014-09-22;19.171405792236328;19.22014617919922;18.740861892700195;18.919578552246094;239820589;15.195991516113281
2014-09-29;18.732738494873047;18.94394874572754;18.47278594970703;18.911453247070312;282775595;15.189462661743164
2014-10-06;19.04142951965332;19.04142951965332;18.334686279296875;18.342811584472656;362731753;14.732739448547363
2014-10-13;18.350933074951172;18.464662551879883;17.506092071533203;18.13159942626953;450278135;14.56309700012207
2014-10-20;18.09098243713379;18.77335548400879;18.09098243713379;18.76523208618164;313146828;15.072025299072266
2014-10-27;18.700244903564453;19.39073944091797;18.667749404907227;19.366369247436523;216360929;15.554851531982422
2014-11-03;19.415109634399414;19.66693687438965;19.293258666992188;19.618196487426758;196551555;15.75710678100586
2014-11-10;19.618196487426758;19.748172760009766;19.520715713500977;19.545085906982422;158687965;15.698391914367676
2014-11-17;19.48822021484375;19.788789749145508;19.43947982788086;19.66693687438965;107611312;15.796266555786133
2014-11-24;19.731924057006836;19.910642623901367;19.71567726135254;19.8212833404541;72293429;15.920228958129883
2014-12-01;19.71567726135254;20.235580444335938;19.634443283081055;20.1624698638916;136371658;16.19426918029785
2014-12-08;20.138099670410156;20.365556716918945;19.585702896118164;19.61007308959961;292281623;15.750588417053223
2014-12-15;19.72380256652832;20.154346466064453;19.236392974853516;20.04874038696289;240597719;16.185192108154297
2014-12-22;20.10560417175293;20.373680114746094;20.05686378479004;20.268075942993164;70325922;16.362253189086914
2014-12-29;20.251827239990234;20.422420501708984;19.935012817382812;20.089357376098633;112806377;16.217981338500977
2015-01-05;19.959383010864258;20.0;19.27701187133789;19.593826293945312;218808527;15.817941665649414
2015-01-12;19.593826293945312;19.691307067871094;18.732738494873047;19.082046508789062;303035886;15.404784202575684
2015-01-19;19.1389102935791;19.545085906982422;18.87083625793457;19.30950355529785;219997302;15.588408470153809
2015-01-26;19.27701187133789;19.415109634399414;18.683996200561523;18.692119598388672;263121572;15.09000015258789
2015-02-02;18.740861892700195;19.805036544799805;18.59463882446289;19.61007308959961;280166369;15.831052780151367
2015-02-09;19.520715713500977;19.926889419555664;19.463851928710938;19.845653533935547;177082428;16.021240234375
2015-02-16;19.813159942626953;19.959383010864258;19.55320930480957;19.853776931762695;116013502;16.02779769897461
2015-02-23;19.82940673828125;19.983753204345703;19.699430465698242;19.78066635131836;152653356;15.968774795532227
2015-03-02;19.788789749145508;20.032493591308594;19.65069007873535;19.683183670043945;206011912;15.890077590942383
2015-03-09;19.699430465698242;19.910642623901367;19.350122451782227;19.756296157836914;204185601;15.949100494384766
2015-03-16;19.8375301361084;20.129976272583008;19.788789749145508;20.073110580444336;210776622;16.265352249145508
2015-03-23;20.032493591308594;20.129976272583008;19.317628860473633;19.43947982788086;159996395;15.751916885375977
2015-03-30;19.585702896118164;19.77254295349121;19.43135643005371;19.66693687438965;128849386;15.936223983764648
2015-04-06;19.50446891784668;19.756296157836914;19.463851928710938;19.691307067871094;108317660;15.955967903137207
2015-04-13;19.6588134765625;19.935012817382812;19.528837203979492;19.60194969177246;193277588;15.883563995361328
2015-04-20;19.675060272216797;19.805036544799805;19.536962509155273;19.72380256652832;121652467;15.982303619384766
2015-04-27;19.748172760009766;19.845653533935547;19.528837203979492;19.77254295349121;176532787;16.021800994873047
2015-05-04;19.853776931762695;20.11372947692871;19.55320930480957;20.11372947692871;181716896;16.298267364501953
2015-05-11;20.11372947692871;20.17059326171875;19.805036544799805;20.064987182617188;171486056;16.25876808166504
2015-05-18;20.073110580444336;20.357433319091797;20.04874038696289;20.194963455200195;129109126;16.36408233642578
2015-05-25;20.1624698638916;20.211210250854492;19.935012817382812;19.983753204345703;140027604;16.192941665649414
2015-06-01;20.089357376098633;20.268075942993164;19.902517318725586;20.138099670410156;180261732;16.318010330200195
2015-06-08;20.17059326171875;20.471162796020508;19.95125961303711;20.3411865234375;215643995;16.48257064819336
2015-06-15;20.211210250854492;20.56052017211914;20.097482681274414;20.097482681274414;249563091;16.35630226135254
2015-06-22;20.38992691040039;20.51177978515625;20.138099670410156;20.21933364868164;175210692;16.455467224121094
2015-06-29;20.0;20.154346466064453;19.72380256652832;20.016246795654297;206752236;16.29018211364746
2015-07-06;19.788789749145508;20.064987182617188;19.593826293945312;20.016246795654297;220448096;16.29018211364746
2015-07-13;20.186840057373047;20.69049644470215;20.146223068237305;20.625507354736328;193112264;16.786026000976562
2015-07-20;20.682371139526367;20.812347412109375;20.373680114746094;20.406173706054688;154914703;16.607524871826172
2015-07-27;20.268075942993164;20.56864356994629;20.186840057373047;20.479284286499023;142309140;16.667024612426758
2015-08-03;20.479284286499023;20.625507354736328;20.300569534301758;20.471162796020508;152070970;16.66042137145996
2015-08-10;20.60926055908203;20.67424964904785;19.983753204345703;20.51177978515625;234274196;16.693471908569336
2015-08-17;20.422420501708984;20.584890365600586;19.203899383544922;19.203899383544922;301846248;15.629055976867676
2015-08-24;18.0259952545166;19.32575035095215;15.044678688049316;19.195775985717773;511213004;15.62244701385498
2015-08-31;19.073923110961914;19.1551570892334;18.277822494506836;18.399675369262695;312156857;14.974538803100586
2015-09-07;18.757108688354492;19.122665405273438;18.53777313232422;18.781478881835938;163931409;15.285265922546387
2015-09-14;18.740861892700195;19.244516372680664;18.37530517578125;18.407798767089844;261406298;15.05441665649414
2015-09-21;18.529651641845703;18.692119598388672;18.099105834960938;18.529651641845703;254011681;15.154069900512695
2015-09-28;18.399675369262695;18.489032745361328;17.85540199279785;18.440292358398438;279632975;15.080986976623535
2015-10-05;18.570268630981445;19.057676315307617;18.562145233154297;18.87895965576172;218833639;15.439740180969238
2015-10-12;18.87083625793457;19.16328239440918;18.570268630981445;19.130788803100586;204722809;15.645695686340332
2015-10-19;19.008935928344727;19.618196487426758;19.000812530517578;19.61007308959961;192954819;16.037668228149414
2015-10-26;19.61007308959961;19.94313621520996;19.350122451782227;19.56133270263672;276555474;15.997807502746582
2015-11-02;19.61007308959961;20.28432273864746;19.60194969177246;20.089357376098633;286904123;16.429637908935547
2015-11-09;20.11372947692871;20.1624698638916;19.374492645263672;19.43135643005371;248340340;15.891507148742676
2015-11-16;19.374492645263672;20.12185287475586;19.33387565612793;20.040616989135742;262948986;16.389774322509766
2015-11-23;20.032493591308594;20.097482681274414;19.731924057006836;19.967506408691406;115162881;16.32998275756836
2015-11-30;20.032493591308594;20.21933364868164;19.545085906982422;20.129976272583008;224332147;16.46286392211914
2015-12-07;20.10560417175293;20.12185287475586;18.94394874572754;19.04955291748047;281407092;15.579263687133789
2015-12-14;19.065799713134766;19.926889419555664;18.87895965576172;18.927701950073242;451999319;15.576594352722168
2015-12-21;19.082046508789062;19.61007308959961;18.94394874572754;19.50446891784668;162288516;16.05124282836914
2015-12-28;19.423233032226562;19.71567726135254;19.317628860473633;19.358245849609375;133281108;15.930914878845215
2016-01-04;18.960195541381836;19.114540100097656;17.91226577758789;17.952884674072266;397767738;14.77436637878418
2016-01-11;18.050365447998047;18.269699096679688;17.164907455444336;17.400487899780273;466771935;14.319765090942383
2016-01-18;17.587326049804688;17.652315139770508;16.67749786376953;17.286758422851562;342290629;14.226178169250488
2016-01-25;17.213647842407227;17.652315139770508;16.896831512451172;17.64419174194336;400587834;14.5203275680542
2016-02-01;17.562957763671875;17.660438537597656;16.612510681152344;17.01868438720703;501167059;14.005563735961914
2016-02-08;16.774980545043945;16.880584716796875;15.865150451660156;16.645004272460938;657151501;13.698041915893555
2016-02-15;16.929325103759766;17.221771240234375;16.75873374938965;17.043054580688477;348316374;14.025616645812988
2016-02-22;17.24614143371582;17.47359848022461;16.612510681152344;17.31925392150879;400794766;14.252917289733887
2016-02-29;17.30300521850586;18.188465118408203;17.12428855895996;18.099105834960938;408285525;14.894695281982422
2016-03-07;17.97725486755371;18.294069290161133;17.59545135498047;18.269699096679688;376873851;15.035091400146484
2016-03-14;18.21283531188965;18.53777313232422;18.0259952545166;18.464662551879883;334317689;15.262979507446289
2016-03-21;18.407798767089844;18.55402183532715;17.952884674072266;18.123477935791016;195379766;14.98095703125
2016-03-28;18.147846221923828;18.464662551879883;18.001625061035156;18.440292358398438;203894962;15.242833137512207
2016-04-04;18.42404556274414;18.464662551879883;17.749797821044922;17.91226577758789;245590656;14.806368827819824
2016-04-11;17.993501663208008;18.76523208618164;17.969131469726562;18.60276222229004;269255399;15.377134323120117
2016-04-18;18.513404846191406;19.195775985717773;18.497156143188477;19.130788803100586;294511457;15.81360149383545
2016-04-25;19.04955291748047;19.30950355529785;18.76523208618164;18.93582534790039;271939594;15.652444839477539
2016-05-02;18.952070236206055;19.130788803100586;18.570268630981445;18.789602279663086;220180599;15.531577110290527
2016-05-09;18.757108688354492;19.017059326171875;18.55402183532715;18.586515426635742;182293373;15.3637056350708
2016-05-16;18.586515426635742;18.960195541381836;18.497156143188477;18.854589462280273;278121676;15.585296630859375
2016-05-23;18.81397247314453;19.423233032226562;18.757108688354492;19.341997146606445;210691066;15.988192558288574
2016-05-30;19.43947982788086;19.43947982788086;18.895206451416016;19.09829330444336;193647503;15.786742210388184
2016-06-06;19.10641860961914;19.301380157470703;18.757108688354492;18.81397247314453;190820141;15.551722526550293
2016-06-13;18.70836639404297;18.927701950073242;18.180341720581055;18.3671817779541;298997590;15.263585090637207
2016-06-20;18.659626007080078;18.952070236206055;17.87164878845215;17.93663787841797;404540329;14.905795097351074
2016-06-27;17.668561935424805;18.60276222229004;17.31925392150879;18.47278594970703;468175766;15.351344108581543
2016-07-04;18.294069290161133;18.64337921142578;18.001625061035156;18.619009017944336;239177022;15.472865104675293
2016-07-11;18.71649169921875;19.33387565612793;18.659626007080078;19.10641860961914;284744456;15.877909660339355
2016-07-18;19.114540100097656;19.252639770507812;19.057676315307617;19.236392974853516;161557672;15.985917091369629
2016-07-25;19.203899383544922;19.301380157470703;19.090171813964844;19.21202278137207;209732364;15.965672492980957
2016-08-01;19.228269577026367;19.512590408325195;18.952070236206055;19.512590408325195;195536348;16.21544075012207
2016-08-08;19.569456100463867;19.593826293945312;19.301380157470703;19.38261604309082;164806157;16.107439041137695
2016-08-15;19.455726623535156;19.55320930480957;19.38261604309082;19.50446891784668;137695104;16.208698272705078
2016-08-22;19.471973419189453;19.731924057006836;19.423233032226562;19.585702896118164;178875133;16.276199340820312
2016-08-29;19.634443283081055;20.016246795654297;19.61007308959961;19.959383010864258;266075603;16.586742401123047
2016-09-05;19.95125961303711;19.983753204345703;19.528837203979492;19.528837203979492;237513818;16.228952407836914
2016-09-12;19.43947982788086;19.8212833404541;19.130788803100586;19.187652587890625;397123063;16.021648406982422
2016-09-19;19.18000030517578;19.559999465942383;19.18000030517578;19.3799991607666;251694200;16.182252883911133
2016-09-26;19.260000228881836;19.399999618530273;18.940000534057617;19.299999237060547;254663100;16.11545181274414
2016-10-03;19.239999771118164;19.65999984741211;19.15999984741211;19.6200008392334;269164100;16.382652282714844
2016-10-10;19.719999313354492;19.809999465942383;19.110000610351562;19.420000076293945;317304900;16.215656280517578
2016-10-17;19.43000030517578;19.780000686645508;19.280000686645508;19.649999618530273;232812000;16.4077091217041
2016-10-24;19.739999771118164;19.950000762939453;19.579999923706055;19.770000457763672;211701400;16.50790786743164
2016-10-31;19.8700008392334;19.8700008392334;19.399999618530273;19.489999771118164;286221400;16.274099349975586
2016-11-07;19.81999969482422;21.700000762939453;19.790000915527344;21.670000076293945;767818800;18.094402313232422
2016-11-14;21.8799991607666;22.329999923706055;21.790000915527344;22.15999984741211;693253800;18.503551483154297
2016-11-21;22.280000686645508;22.450000762939453;22.09000015258789;22.40999984741211;305293600;18.712297439575195
2016-11-28;22.25;22.950000762939453;22.09000015258789;22.649999618530273;475477400;18.91269302368164
2016-12-05;22.850000381469727;23.84000015258789;22.790000915527344;23.75;506994600;19.831199645996094
2016-12-12;23.68000030517578;23.8700008392334;23.309999465942383;23.360000610351562;535082200;19.5941162109375
2016-12-19;23.389999389648438;23.670000076293945;23.18000030517578;23.579999923706055;228322000;19.778654098510742
2016-12-26;23.6299991607666;23.670000076293945;23.100000381469727;23.25;153088500;19.501859664916992
2017-01-02;23.610000610351562;23.729999542236328;23.239999771118164;23.540000915527344;216614000;19.74510383605957
2017-01-09;23.479999542236328;23.790000915527344;23.18000030517578;23.510000228881836;258133500;19.719942092895508
2017-01-16;23.34000015258789;23.350000381469727;22.850000381469727;23.149999618530273;296481800;19.417972564697266
2017-01-23;23.049999237060547;23.799999237060547;22.920000076293945;23.649999618530273;299379700;19.83737564086914
2017-01-30;23.5;23.739999771118164;23.100000381469727;23.719999313354492;300521400;19.896089553833008
2017-02-06;23.579999923706055;23.860000610351562;23.280000686645508;23.780000686645508;272024100;19.94641876220703
2017-02-13;23.93000030517578;24.56999969482422;23.889999389648438;24.469999313354492;347715500;20.525184631347656
2017-02-20;24.600000381469727;24.68000030517578;24.309999465942383;24.420000076293945;220851200;20.48324203491211
2017-02-27;24.450000762939453;25.299999237060547;24.3799991607666;24.969999313354492;307817000;20.94456672668457
2017-03-06;24.81999969482422;25.059999465942383;24.6299991607666;24.790000915527344;330297400;20.793596267700195
2017-03-13;24.81999969482422;24.969999313354492;24.450000762939453;24.450000762939453;357675100;20.581493377685547
2017-03-20;24.399999618530273;24.469999313354492;23.229999542236328;23.540000915527344;586955200;19.81546974182129
2017-03-27;23.040000915527344;23.989999771118164;22.979999542236328;23.729999542236328;425894200;19.975406646728516
2017-04-03;23.770000457763672;23.959999084472656;23.329999923706055;23.520000457763672;446264000;19.79863739013672
2017-04-10;23.520000457763672;23.670000076293945;22.899999618530273;22.899999618530273;338412500;19.276737213134766
2017-04-17;22.959999084472656;23.450000762939453;22.889999389648438;23.15999984741211;397551100;19.4955997467041
2017-04-24;23.690000534057617;24.09000015258789;23.530000686645508;23.530000686645508;374451600;19.807064056396484
2017-05-01;23.649999618530273;24.06999969482422;23.520000457763672;23.84000015258789;335077800;20.068008422851562
2017-05-08;23.8700008392334;23.959999084472656;23.43000030517578;23.559999465942383;295877500;19.832305908203125
2017-05-15;23.610000610351562;23.829999923706055;22.969999313354492;23.350000381469727;416347000;19.655540466308594
2017-05-22;23.479999542236328;23.729999542236328;23.25;23.610000610351562;296165000;19.874401092529297
2017-05-29;23.540000915527344;23.56999969482422;23.100000381469727;23.450000762939453;327354200;19.739721298217773
2017-06-05;23.459999084472656;24.329999923706055;23.260000228881836;24.290000915527344;398705400;20.44681739807129
2017-06-12;24.34000015258789;24.549999237060547;24.1299991607666;24.290000915527344;412595300;20.52501106262207
2017-06-19;24.450000762939453;24.59000015258789;23.809999465942383;23.889999389648438;299401900;20.187007904052734
2017-06-26;23.940000534057617;25.020000457763672;23.860000610351562;24.670000076293945;418274900;20.846107482910156
2017-07-03;24.809999465942383;25.190000534057617;24.780000686645508;25.049999237060547;296635100;21.167205810546875
2017-07-10;25.010000228881836;25.079999923706055;24.59000015258789;24.920000076293945;263316500;21.05735969543457
2017-07-17;24.850000381469727;24.940000534057617;24.639999389648438;24.799999237060547;233999000;20.955957412719727
2017-07-24;24.790000915527344;25.31999969482422;24.770000457763672;24.90999984741211;269800100;21.04891014099121
2017-07-31;25.0;25.489999771118164;24.969999313354492;25.389999389648438;238978000;21.45450782775879
2017-08-07;25.389999389648438;25.59000015258789;24.670000076293945;24.729999542236328;260398400;20.896808624267578
2017-08-14;24.93000030517578;25.309999465942383;24.479999542236328;24.6200008392334;281431000;20.803857803344727
2017-08-21;24.600000381469727;24.920000076293945;24.450000762939453;24.809999465942383;192548400;20.96441078186035
2017-08-28;24.829999923706055;24.90999984741211;24.350000381469727;24.770000457763672;200835000;20.930612564086914
2017-09-04;24.579999923706055;24.6200008392334;23.790000915527344;24.100000381469727;330480400;20.364463806152344
2017-09-11;24.3799991607666;24.920000076293945;24.329999923706055;24.770000457763672;297119100;21.01789665222168
2017-09-18;24.860000610351562;25.520000457763672;24.84000015258789;25.43000030517578;266405900;21.57792854309082
2017-09-25;25.399999618530273;25.860000610351562;25.229999542236328;25.860000610351562;232964400;21.94279670715332
2017-10-02;25.809999465942383;26.459999084472656;25.809999465942383;26.350000381469727;267458900;22.358562469482422
2017-10-09;26.420000076293945;26.420000076293945;25.889999389648438;26.1299991607666;224307500;22.171890258789062
2017-10-16;26.149999618530273;26.65999984741211;26.079999923706055;26.639999389648438;222801800;22.60463523864746
2017-10-23;26.649999618530273;26.920000076293945;26.5;26.780000686645508;271994900;22.72342872619629
2017-10-30;26.75;26.93000030517578;26.540000915527344;26.780000686645508;222455500;22.72342872619629
2017-11-06;26.709999084472656;26.850000381469727;25.889999389648438;26.079999923706055;307599100;22.129465103149414
2017-11-13;25.920000076293945;26.360000610351562;25.860000610351562;26.15999984741211;265220100;22.197341918945312
2017-11-20;26.209999084472656;26.43000030517578;26.1299991607666;26.219999313354492;114336700;22.248258590698242
2017-11-27;26.200000762939453;27.8799991607666;26.18000030517578;27.579999923706055;547555300;23.402244567871094
2017-12-04;28.040000915527344;28.200000762939453;27.579999923706055;28.010000228881836;352452800;23.767107009887695
2017-12-11;28.010000228881836;28.329999923706055;27.6299991607666;27.809999465942383;398926900;23.70699691772461
2017-12-18;28.040000915527344;28.25;27.8700008392334;28.049999237060547;277465900;23.911582946777344
2017-12-25;28.049999237060547;28.200000762939453;27.860000610351562;27.90999984741211;146430600;23.792240142822266
2018-01-01;28.09000015258789;28.540000915527344;27.790000915527344;28.40999984741211;212578800;24.218477249145508
2018-01-08;28.3799991607666;29.25;28.270000457763672;29.229999542236328;247240900;24.91749382019043
2018-01-15;29.479999542236328;29.549999237060547;28.989999771118164;29.540000915527344;231851000;25.181760787963867
2018-01-22;29.549999237060547;30.18000030517578;29.510000228881836;30.170000076293945;253397500;25.71881103515625
2018-01-29;30.190000534057617;30.329999923706055;29.34000015258789;29.360000610351562;291769300;25.0283203125
2018-02-05;28.729999542236328;29.209999084472656;26.760000228881836;27.68000030517578;694352700;23.596176147460938
2018-02-12;27.959999084472656;29.229999542236328;27.709999084472656;28.979999542236328;298801200;24.704376220703125
2018-02-19;28.920000076293945;29.399999618530273;28.6200008392334;29.1200008392334;191604900;24.823726654052734
2018-02-26;29.329999923706055;29.770000457763672;27.889999389648438;28.440000534057617;354590100;24.244043350219727
2018-03-05;28.219999313354492;29.719999313354492;28.209999084472656;29.700000762939453;255627100;25.318153381347656
2018-03-12;29.700000762939453;29.809999465942383;28.850000381469727;28.8700008392334;264842600;24.70018768310547
2018-03-19;28.829999923706055;29.100000381469727;26.770000457763672;26.81999969482422;317032700;22.946279525756836
2018-03-26;27.360000610351562;27.899999618530273;26.850000381469727;27.56999969482422;305506900;23.587953567504883
2018-04-02;27.56999969482422;28.040000915527344;26.549999237060547;27.170000076293945;353750600;23.245729446411133
2018-04-09;27.31999969482422;28.239999771118164;27.270000457763672;27.459999084472656;308308500;23.49384307861328
2018-04-16;27.6200008392334;28.040000915527344;27.389999389648438;27.8799991607666;288121600;23.853179931640625
2018-04-23;27.959999084472656;28.170000076293945;27.3700008392334;27.700000762939453;247742500;23.699186325073242
2018-04-30;27.770000457763672;27.920000076293945;26.459999084472656;27.270000457763672;243057600;23.33128547668457
2018-05-07;27.3700008392334;28.450000762939453;27.260000228881836;28.260000228881836;195748600;24.178295135498047
2018-05-14;28.34000015258789;28.389999389648438;27.940000534057617;27.950000762939453;196270100;23.91307258605957
2018-05-21;28.110000610351562;28.5;27.65999984741211;27.850000381469727;210015500;23.827516555786133
2018-05-28;27.459999084472656;27.6299991607666;26.719999313354492;27.479999542236328;321934600;23.510955810546875
2018-06-04;27.610000610351562;28.18000030517578;27.309999465942383;28.079999923706055;264033200;24.0242977142334
2018-06-11;28.170000076293945;28.270000457763672;27.110000610351562;27.469999313354492;297955700;23.604211807250977
2018-06-18;27.229999542236328;27.600000381469727;27.010000228881836;27.06999969482422;279453200;23.260496139526367
2018-06-25;26.950000762939453;27.06999969482422;26.309999465942383;26.59000015258789;370927800;22.848047256469727
2018-07-02;26.3700008392334;26.8700008392334;26.350000381469727;26.670000076293945;178874100;22.916791915893555
2018-07-09;26.809999465942383;27.389999389648438;26.700000762939453;26.979999542236328;299755400;23.183168411254883
2018-07-16;27.059999465942383;27.979999542236328;27.040000915527344;27.559999465942383;283750800;23.68153953552246
2018-07-23;27.559999465942383;28.270000457763672;27.549999237060547;28.1299991607666;292053300;24.17132568359375
2018-07-30;28.149999618530273;28.360000610351562;27.68000030517578;28.1200008392334;278246100;24.16273307800293
2018-08-06;28.15999984741211;28.559999465942383;27.829999923706055;27.969999313354492;243019900;24.033843994140625
2018-08-13;27.969999313354492;28.209999084472656;27.610000610351562;28.170000076293945;266480900;24.205699920654297
2018-08-20;28.170000076293945;28.510000228881836;28.100000381469727;28.239999771118164;159149300;24.265844345092773
2018-08-27;28.350000381469727;28.719999313354492;28.170000076293945;28.329999923706055;192538500;24.343181610107422
2018-09-03;28.270000457763672;28.639999389648438;28.200000762939453;28.329999923706055;157846500;24.343181610107422
2018-09-10;28.399999618530273;28.440000534057617;27.969999313354492;28.229999542236328;189083900;24.25725555419922
2018-09-17;28.229999542236328;29.06999969482422;28.059999465942383;28.739999771118164;282130800;24.8050479888916
2018-09-24;28.709999084472656;28.75;27.540000915527344;27.579999923706055;265184700;23.803865432739258
2018-10-01;27.739999771118164;28.350000381469727;27.469999313354492;28.0;329925400;24.166358947753906
2018-10-08;27.920000076293945;28.280000686645508;26.030000686645508;26.43000030517578;522724000;22.811323165893555
2018-10-15;26.440000534057617;27.190000534057617;26.309999465942383;26.670000076293945;392126100;23.018461227416992
2018-10-22;26.700000762939453;26.760000228881836;25.020000457763672;25.260000228881836;438143000;21.801511764526367
2018-10-29;25.56999969482422;26.809999465942383;25.209999084472656;26.3799991607666;409827100;22.768159866333008
2018-11-05;26.489999771118164;27.520000457763672;26.489999771118164;27.1200008392334;263488800;23.4068546295166
2018-11-12;27.059999465942383;27.18000030517578;26.030000686645508;26.790000915527344;395746600;23.122039794921875
2018-11-19;26.770000457763672;26.899999618530273;25.93000030517578;26.0;242139900;22.44019317626953
2018-11-26;26.270000457763672;27.079999923706055;26.260000228881836;26.969999313354492;247817700;23.277379989624023
2018-12-03;27.360000610351562;27.469999313354492;24.93000030517578;25.110000610351562;397678400;21.672042846679688
2018-12-10;25.010000228881836;25.219999313354492;24.190000534057617;24.239999771118164;414228800;20.921167373657227
2018-12-17;24.100000381469727;24.469999313354492;22.739999771118164;22.790000915527344;546875300;19.792335510253906
2018-12-24;22.489999771118164;23.899999618530273;22.049999237060547;23.59000015258789;354239600;20.487112045288086
2018-12-31;23.719999313354492;24.309999465942383;23.399999618530273;24.260000228881836;249748500;21.068984985351562
2019-01-07;24.209999084472656;24.549999237060547;24.030000686645508;24.5;292910900;21.27741050720215
2019-01-14;24.260000228881836;26.030000686645508;24.229999542236328;26.0;296921000;22.580110549926758
2019-01-21;25.780000686645508;26.170000076293945;25.440000534057617;26.0;212360600;22.580110549926758
2019-01-28;25.75;26.170000076293945;25.709999084472656;26.049999237060547;265355600;22.623533248901367
2019-02-04;26.059999465942383;26.229999542236328;25.34000015258789;25.670000076293945;256307000;22.293519973754883
2019-02-11;25.75;26.43000030517578;25.6200008392334;26.43000030517578;228267500;22.953556060791016
2019-02-18;26.299999237060547;26.68000030517578;26.219999313354492;26.459999084472656;124341000;22.97960662841797
2019-02-25;26.579999923706055;26.940000534057617;26.360000610351562;26.690000534057617;234531200;23.179349899291992
2019-03-04;26.760000228881836;26.940000534057617;25.68000030517578;25.969999313354492;278087400;22.554061889648438
2019-03-11;26.100000381469727;26.709999084472656;25.979999542236328;26.6299991607666;246368200;23.24530792236328
2019-03-18;26.68000030517578;27.100000381469727;25.229999542236328;25.34000015258789;381640300;22.119272232055664
2019-03-25;25.309999465942383;25.8799991607666;25.079999923706055;25.709999084472656;299478900;22.44224739074707
2019-04-01;25.920000076293945;26.700000762939453;25.90999984741211;26.600000381469727;246986300;23.21912384033203
2019-04-08;26.530000686645508;27.329999923706055;26.280000686645508;27.139999389648438;296018100;23.69049072265625
2019-04-15;27.149999618530273;27.459999084472656;26.90999984741211;27.34000015258789;207453500;23.865066528320312
2019-04-22;27.260000228881836;27.719999313354492;27.139999389648438;27.700000762939453;219139800;24.179306030273438
2019-04-29;27.799999237060547;28.139999389648438;27.6200008392334;28.06999969482422;253984800;24.502277374267578
2019-05-06;27.579999923706055;27.979999542236328;26.899999618530273;27.479999542236328;266783900;23.987274169921875
2019-05-13;26.93000030517578;27.209999084472656;26.520000457763672;26.8799991607666;264006700;23.463529586791992
2019-05-20;26.780000686645508;27.190000534057617;26.420000076293945;26.860000610351562;189491200;23.446077346801758
2019-05-27;26.780000686645508;26.860000610351562;25.989999771118164;26.010000228881836;164778700;22.70411491394043
2019-06-03;25.969999313354492;27.270000457763672;25.920000076293945;27.1200008392334;225735800;23.673030853271484
2019-06-10;27.280000686645508;27.610000610351562;27.0;27.239999771118164;168964900;23.777780532836914
2019-06-17;27.229999542236328;27.59000015258789;26.93000030517578;27.219999313354492;261243600;23.88138198852539
2019-06-24;27.170000076293945;27.700000762939453;26.889999389648438;27.600000381469727;263762200;24.214773178100586
2019-07-01;27.920000076293945;28.270000457763672;27.709999084472656;28.15999984741211;169987800;24.70608139038086
2019-07-08;28.010000228881836;28.31999969482422;27.809999465942383;28.31999969482422;160766600;24.84646224975586
2019-07-15;28.329999923706055;28.350000381469727;27.780000686645508;27.940000534057617;186404700;24.51307487487793
2019-07-22;27.8799991607666;28.709999084472656;27.829999923706055;28.690000534057617;176188300;25.171085357666016
2019-07-29;28.639999389648438;28.719999313354492;27.229999542236328;27.600000381469727;305179300;24.214773178100586
2019-08-05;26.989999771118164;27.309999465942383;26.239999771118164;27.170000076293945;341763400;23.837514877319336
2019-08-12;26.850000381469727;27.170000076293945;25.920000076293945;26.56999969482422;329117100;23.31110382080078
2019-08-19;26.979999542236328;27.030000686645508;25.920000076293945;26.100000381469727;253932500;22.89875602722168
2019-08-26;26.270000457763672;27.059999465942383;26.030000686645508;26.920000076293945;230666000;23.61817741394043
2019-09-02;26.700000762939453;27.68000030517578;26.40999984741211;27.440000534057617;208242900;24.07439613342285
2019-09-09;27.6299991607666;28.600000381469727;27.56999969482422;28.489999771118164;327744600;24.995615005493164
2019-09-16;28.25;28.670000076293945;28.059999465942383;28.079999923706055;260087400;24.76150131225586
2019-09-23;27.940000534057617;28.290000915527344;27.780000686645508;28.06999969482422;277525800;24.75267791748047
2019-09-30;28.139999389648438;28.170000076293945;26.450000762939453;27.459999084472656;285361800;24.214767456054688
2019-10-07;27.350000381469727;27.989999771118164;26.760000228881836;27.649999618530273;275070700;24.382312774658203
2019-10-14;27.559999465942383;28.260000228881836;27.530000686645508;28.110000610351562;218083700;24.787948608398438
2019-10-21;28.350000381469727;28.729999542236328;28.229999542236328;28.639999389648438;186983600;25.25531768798828
2019-10-28;28.75;29.149999618530273;28.469999313354492;29.1200008392334;248767200;25.678592681884766
2019-11-04;29.3700008392334;30.030000686645508;29.290000915527344;29.84000015258789;232562500;26.313501358032227
2019-11-11;29.65999984741211;29.889999389648438;29.450000762939453;29.75;184093800;26.234134674072266
2019-11-18;29.75;29.969999313354492;29.520000457763672;29.920000076293945;175318600;26.384042739868164
2019-11-25;29.959999084472656;30.239999771118164;29.93000030517578;30.149999618530273;134066800;26.586864471435547
2019-12-02;30.200000762939453;30.459999084472656;29.350000381469727;30.360000610351562;246878500;26.77204132080078
2019-12-09;30.299999237060547;30.969999313354492;30.1299991607666;30.709999084472656;200043000;27.080684661865234
2019-12-16;30.959999084472656;31.040000915527344;30.639999389648438;30.68000030517578;250269400;27.191953659057617
2019-12-23;30.760000228881836;30.90999984741211;30.56999969482422;30.770000457763672;85917700;27.271718978881836
2019-12-30;30.90999984741211;31.079999923706055;30.59000015258789;30.75;114814300;27.253997802734375
2020-01-06;30.469999313354492;30.979999542236328;30.459999084472656;30.690000534057617;176713700;27.200820922851562
2020-01-13;30.760000228881836;31.100000381469727;30.56999969482422;31.030000686645508;179838800;27.50216293334961
2020-01-20;30.8799991607666;31.020000457763672;30.200000762939453;30.389999389648438;170664700;26.93492317199707
2020-01-27;29.790000915527344;30.6200008392334;29.75;29.959999084472656;235883500;26.55381202697754
2020-02-03;30.170000076293945;31.270000457763672;30.149999618530273;30.920000076293945;235555300;27.404664993286133
2020-02-10;30.81999969482422;31.3799991607666;30.809999465942383;31.170000076293945;117524200;27.626243591308594
2020-02-17;31.079999923706055;31.280000686645508;30.600000381469727;30.770000457763672;164884700;27.271718978881836
2020-02-24;29.799999237060547;30.059999465942383;25.969999313354492;26.59000015258789;612897700;23.566951751708984
2020-03-02;26.639999389648438;28.25;25.030000686645508;25.549999237060547;798920800;22.645185470581055
2020-03-09;23.0;24.170000076293945;20.299999237060547;23.049999237060547;752746600;20.429418563842773
2020-03-16;19.350000381469727;21.34000015258789;18.110000610351562;18.90999984741211;641506800;16.760099411010742
2020-03-23;18.440000534057617;21.81999969482422;17.489999771118164;21.010000228881836;705108100;18.779247283935547
2020-03-30;21.040000915527344;21.530000686645508;19.360000610351562;19.639999389648438;367118500;17.554706573486328
2020-04-06;20.6200008392334;23.65999984741211;20.469999313354492;23.3799991607666;367814900;20.897611618041992
2020-04-13;23.309999465942383;23.329999923706055;21.059999465942383;22.389999389648438;383493500;20.01272964477539
2020-04-20;21.950000762939453;22.360000610351562;21.209999084472656;21.739999771118164;284094300;19.431737899780273
2020-04-27;21.959999084472656;23.65999984741211;21.90999984741211;22.059999465942383;320231800;19.717761993408203
2020-05-04;21.770000457763672;22.31999969482422;21.299999237060547;22.290000915527344;282595900;19.923341751098633
2020-05-11;21.979999542236328;22.049999237060547;20.09000015258789;21.049999237060547;378094000;18.815000534057617
2020-05-18;21.829999923706055;22.299999237060547;21.579999923706055;21.920000076293945;274148700;19.592626571655273
2020-05-25;22.75;24.34000015258789;22.729999542236328;23.40999984741211;418429500;20.924428939819336
2020-06-01;23.5;26.829999923706055;23.34000015258789;26.239999771118164;416249300;23.453950881958008
2020-06-08;26.670000076293945;26.799999237060547;23.09000015258789;23.829999923706055;644599900;21.299835205078125
2020-06-15;23.010000228881836;25.1200008392334;22.959999084472656;23.979999542236328;418022100;21.43390655517578
2020-06-22;23.68000030517578;24.219999313354492;22.520000457763672;22.579999923706055;419533900;20.311298370361328
2020-06-29;22.81999969482422;23.530000686645508;22.6299991607666;22.969999313354492;241102400;20.662107467651367
2020-07-06;23.479999542236328;23.65999984741211;22.489999771118164;23.459999084472656;322733000;21.102882385253906
2020-07-13;23.760000228881836;24.399999618530273;23.25;23.950000762939453;417228900;21.543649673461914
2020-07-20;23.81999969482422;24.479999542236328;23.75;24.270000457763672;222218000;21.831493377685547
2020-07-27;24.15999984741211;24.489999771118164;23.709999084472656;24.030000686645508;219032800;21.615610122680664
2020-08-03;24.1299991607666;24.860000610351562;23.8700008392334;24.84000015258789;205015400;22.34423065185547
2020-08-10;24.979999542236328;25.770000457763672;24.8700008392334;25.18000030517578;241487700;22.650070190429688
2020-08-17;25.09000015258789;25.110000610351562;24.229999542236328;24.309999465942383;229682000;21.867481231689453
2020-08-24;24.450000762939453;25.450000762939453;24.389999389648438;25.360000610351562;252528900;22.811979293823242
2020-08-31;25.34000015258789;26.010000228881836;24.850000381469727;25.290000915527344;352238600;22.74901580810547
2020-09-07;25.040000915527344;25.139999389648438;24.489999771118164;24.709999084472656;261809800;22.2272891998291
2020-09-14;24.93000030517578;25.270000457763672;24.579999923706055;24.68000030517578;270642200;22.200300216674805
2020-09-21;24.030000686645508;24.170000076293945;22.940000534057617;23.489999771118164;313690200;21.246082305908203
2020-09-28;23.81999969482422;24.440000534057617;23.6200008392334;24.299999237060547;311920700;21.97870445251465
2020-10-05;24.530000686645508;25.3700008392334;24.360000610351562;25.229999542236328;310809700;22.819866180419922
2020-10-12;25.209999084472656;25.59000015258789;24.510000228881836;24.989999771118164;237032200;22.602794647216797
2020-10-19;25.079999923706055;25.40999984741211;24.56999969482422;25.25;239194600;22.83795738220215
2020-10-26;24.889999389648438;24.93000030517578;23.25;23.860000610351562;316516700;21.580738067626953
2020-11-02;24.260000228881836;25.34000015258789;23.959999084472656;24.959999084472656;359093400;22.575658798217773
2020-11-09;26.979999542236328;27.440000534057617;26.350000381469727;27.030000686645508;421646000;24.44792366027832
2020-11-16;27.709999084472656;27.940000534057617;27.020000457763672;27.18000030517578;289983700;24.583587646484375
2020-11-23;27.530000686645508;28.690000534057617;27.389999389648438;28.469999313354492;185039500;25.7503604888916
2020-11-30;28.299999237060547;29.030000686645508;27.829999923706055;28.979999542236328;286247200;26.211639404296875
2020-12-07;28.809999465942383;28.950000762939453;28.229999542236328;28.459999084472656;203364300;25.741315841674805
2020-12-14;28.84000015258789;28.84000015258789;28.110000610351562;28.489999771118164;227100900;25.768455505371094
2020-12-21;28.670000076293945;29.06999969482422;28.229999542236328;28.950000762939453;188758400;26.3249568939209
2020-12-28;29.149999618530273;29.520000457763672;28.959999084472656;29.479999542236328;99287800;26.80689811706543
2021-01-04;29.59000015258789;31.260000228881836;28.829999923706055;30.920000076293945;303215700;28.116329193115234
2021-01-11;30.6200008392334;31.6200008392334;30.489999771118164;30.940000534057617;291093200;28.13451385498047
2021-01-18;31.100000381469727;31.18000030517578;30.200000762939453;30.34000015258789;235212100;27.588924407958984
2021-01-25;30.040000915527344;30.280000686645508;28.81999969482422;28.950000762939453;349131900;26.3249568939209
2021-02-01;29.270000457763672;31.1299991607666;29.020000457763672;30.889999389648438;243929300;28.08905029296875
2021-02-08;30.989999771118164;31.549999237060547;30.989999771118164;31.520000457763672;191409200;28.661922454833984
2021-02-15;31.84000015258789;32.52000045776367;31.700000762939453;32.40999984741211;231341500;29.471221923828125
2021-02-22;32.29999923706055;33.84000015258789;32.189998626708984;32.310001373291016;421557300;29.38028907775879
2021-03-01;32.86000061035156;33.959999084472656;32.599998474121094;33.709999084472656;400731000;30.653343200683594
2021-03-08;33.959999084472656;34.95000076293945;33.52000045776367;34.77000045776367;400062900;31.617231369018555
2021-03-15;34.900001525878906;35.290000915527344;33.86000061035156;34.220001220703125;384462100;31.117095947265625
2021-03-22;33.81999969482422;34.43000030517578;33.0;34.369998931884766;316282100;31.39202308654785
2021-03-29;33.88999938964844;34.470001220703125;33.720001220703125;34.470001220703125;229617600;31.483360290527344
2021-04-05;34.84000015258789;35.16999816894531;34.470001220703125;35.150001525878906;211849400;32.10444259643555
2021-04-12;35.220001220703125;35.529998779296875;34.779998779296875;35.400001525878906;223050900;32.33277893066406
2021-04-19;35.38999938964844;35.529998779296875;34.41999816894531;35.380001068115234;215128900;32.31451416015625
2021-04-26;35.5099983215332;36.61000061035156;35.47999954223633;36.2599983215332;222887700;33.118255615234375
2021-05-03;36.56999969482422;37.790000915527344;36.040000915527344;37.779998779296875;247160800;34.50656509399414
2021-05-10;37.97999954223633;38.2599983215332;36.540000915527344;37.880001068115234;348709500;34.597900390625
2021-05-17;37.7599983215332;38.04999923706055;36.59000015258789;37.58000183105469;248416200;34.32389450073242
2021-05-24;37.7400016784668;38.099998474121094;37.220001220703125;37.9900016784668;185571900;34.6983642578125
2021-05-31;38.369998931884766;38.599998474121094;38.040000915527344;38.470001220703125;155376600;35.13677978515625
2021-06-07;38.529998779296875;38.529998779296875;37.290000915527344;37.560001373291016;220117900;34.30562973022461
2021-06-14;37.4900016784668;37.54999923706055;35.18000030517578;35.22999954223633;465509500;32.17750549316406
2021-06-21;35.439998626708984;37.029998779296875;35.380001068115234;36.93000030517578;280290500;33.86382293701172
2021-06-28;36.86000061035156;37.04999923706055;36.40999984741211;36.939998626708984;237350000;33.872989654541016
2021-07-05;36.849998474121094;36.869998931884766;35.5099983215332;36.709999084472656;238603100;33.66209411621094
2021-07-12;36.4900016784668;37.13999938964844;36.040000915527344;36.119998931884766;287200600;33.12107467651367
2021-07-19;35.41999816894531;36.779998779296875;34.900001525878906;36.2599983215332;292642200;33.249446868896484
2021-07-26;36.189998626708984;36.97999954223633;36.02000045776367;36.52000045776367;201112100;33.48786544799805
2021-08-02;36.77000045776367;37.93000030517578;36.119998931884766;37.86000061035156;237355100;34.71660614013672
2021-08-09;37.810001373291016;38.95000076293945;37.599998474121094;38.58000183105469;224938700;35.3768310546875
2021-08-16;38.33000183105469;38.52000045776367;37.220001220703125;37.689998626708984;222836900;34.56072235107422
2021-08-23;37.880001068115234;39.0099983215332;37.880001068115234;39.0;191384900;35.76195526123047
2021-08-30;39.02000045776367;39.040000915527344;37.97999954223633;38.06999969482422;188407900;34.90917205810547
2021-09-06;38.20000076293945;38.220001220703125;37.54999923706055;37.58000183105469;144510300;34.45985794067383
2021-09-13;37.849998474121094;38.279998779296875;37.380001068115234;37.58000183105469;248016600;34.45985794067383
2021-09-20;36.59000015258789;38.349998474121094;36.029998779296875;38.220001220703125;319065300;35.19844436645508
2021-09-27;38.560001373291016;38.91999816894531;37.4900016784668;38.150001525878906;348593000;35.13399124145508
2021-10-04;38.09000015258789;39.2400016784668;37.7599983215332;39.02000045776367;281140100;35.935211181640625
2021-10-11;39.11000061035156;39.709999084472656;37.7400016784668;39.5099983215332;291685700;36.38646697998047
2021-10-18;39.43000030517578;40.689998626708984;39.31999969482422;40.619998931884766;210591300;37.408714294433594
2021-10-25;40.720001220703125;40.86000061035156;39.91999816894531;40.2599983215332;223816000;37.07716751098633
2021-11-01;40.540000915527344;40.68000030517578;39.689998626708984;40.02000045776367;218033400;36.856143951416016
2021-11-08;40.27000045776367;40.529998779296875;39.7599983215332;40.150001525878906;212637800;36.97587203979492
2021-11-15;40.2599983215332;40.36000061035156;38.720001220703125;39.02000045776367;231086000;35.935211181640625
2021-11-22;39.540000915527344;40.2599983215332;38.33000183105469;38.77000045776367;260439500;35.70497131347656
2021-11-29;39.220001220703125;39.36000061035156;37.540000915527344;38.029998779296875;497781300;35.02347183227539
2021-12-06;38.630001068115234;39.47999954223633;38.33000183105469;39.04999923706055;322647300;35.96282196044922
2021-12-13;38.959999084472656;39.7400016784668;38.349998474121094;38.59000015258789;335313300;35.53919982910156
2021-12-20;37.810001373291016;39.16999816894531;37.209999084472656;38.81999969482422;231670200;35.92229461669922
2021-12-27;38.939998626708984;39.529998779296875;38.7400016784668;39.04999923706055;155912900;36.13511657714844
2022-01-03;39.34000015258789;41.27000045776367;39.31999969482422;41.16999816894531;320293700;38.09687805175781
2022-01-10;41.43000030517578;41.70000076293945;40.34000015258789;40.83000183105469;318682000;37.782264709472656
2022-01-17;40.560001373291016;40.599998474121094;38.040000915527344;38.20000076293945;366730100;35.348567962646484
2022-01-24;37.540000915527344;39.34000015258789;36.81999969482422;38.720001220703125;544452700;35.82976150512695
2022-01-31;38.45000076293945;40.439998626708984;38.220001220703125;40.099998474121094;298461200;37.106754302978516
2022-02-07;40.150001525878906;41.38999938964844;39.869998931884766;40.11000061035156;322360500;37.11600875854492
2022-02-14;40.09000015258789;40.40999984741211;39.02000045776367;39.220001220703125;275054300;36.29243469238281
2022-02-21;39.040000915527344;39.43000030517578;36.79999923706055;39.099998474121094;367092300;36.18138885498047
2022-02-28;38.16999816894531;38.77000045776367;36.79999923706055;37.22999954223633;503282500;34.45096969604492
2022-03-07;36.88999938964844;37.279998779296875;35.4900016784668;36.400001525878906;468013100;33.68292999267578
2022-03-14;36.95000076293945;39.099998474121094;36.689998626708984;39.0;350414900;36.08885955810547
2022-03-21;39.02000045776367;39.689998626708984;38.61000061035156;39.52000045776367;229058900;36.713130950927734
2022-03-28;39.400001525878906;40.0099983215332;37.95000076293945;38.220001220703125;295177000;35.50545883178711
2022-04-04;38.130001068115234;38.36000061035156;36.97999954223633;37.88999938964844;344332400;35.19889450073242
2022-04-11;37.790000915527344;38.15999984741211;36.880001068115234;36.88999938964844;247640700;34.26991653442383
2022-04-18;36.65999984741211;38.31999969482422;36.130001068115234;36.16999816894531;277072300;33.601051330566406
2022-04-25;35.869998931884766;36.310001373291016;34.43000030517578;34.5099983215332;391765000;32.058963775634766
2022-05-02;34.66999816894531;36.099998474121094;33.84000015258789;34.7400016784668;466475800;32.27262878417969
2022-05-09;34.27000045776367;34.47999954223633;32.40999984741211;33.529998779296875;482056500;31.148561477661133
2022-05-16;33.400001525878906;34.2400016784668;32.22999954223633;32.91999816894531;342310800;30.58188819885254
2022-05-23;33.54999923706055;35.63999938964844;33.220001220703125;35.56999969482422;322918800;33.043678283691406
2022-05-30;35.279998779296875;35.7400016784668;34.56999969482422;34.869998931884766;195455400;32.39338684082031
2022-06-06;35.15999984741211;35.52000045776367;32.5;32.529998779296875;227018800;30.219589233398438
2022-06-13;31.709999084472656;32.099998474121094;30.579999923706055;30.93000030517578;485292300;28.733224868774414
2022-06-20;31.469999313354492;32.369998931884766;30.68000030517578;32.34000015258789;240939800;30.203231811523438
2022-06-27;32.59000015258789;32.869998931884766;30.850000381469727;31.8799991607666;306814900;29.773622512817383
2022-07-04;31.3799991607666;32.34000015258789;31.020000457763672;32.08000183105469;161720800;29.960411071777344
2022-07-11;31.899999618530273;32.20000076293945;30.3700008392334;31.780000686645508;237649400;29.68023109436035
2022-07-18;32.22999954223633;33.15999984741211;31.520000457763672;32.75;184050300;30.586137771606445
2022-07-25;32.95000076293945;33.81999969482422;32.41999816894531;33.709999084472656;175572900;31.482711791992188
2022-08-01;33.38999938964844;33.849998474121094;33.02000045776367;33.689998626708984;158125000;31.464033126831055
2022-08-08;33.939998626708984;35.56999969482422;33.63999938964844;35.560001373291016;179516000;33.210487365722656
2022-08-15;35.20000076293945;35.970001220703125;34.84000015258789;34.959999084472656;149378400;32.650115966796875
2022-08-22;34.45000076293945;34.91999816894531;33.689998626708984;33.720001220703125;145369500;31.49205780029297
2022-08-29;33.470001220703125;33.810001373291016;32.5099983215332;32.88999938964844;200324400;30.716894149780273
2022-09-05;33.060001373291016;34.45000076293945;32.47999954223633;34.36000061035156;172988100;32.08976745605469
2022-09-12;34.5;34.81999969482422;32.709999084472656;33.060001373291016;243520700;30.875659942626953
2022-09-19;32.5;33.279998779296875;30.600000381469727;31.049999237060547;237430100;29.1510066986084
2022-09-26;30.81999969482422;31.209999084472656;30.1200008392334;30.360000610351562;236533100;28.503206253051758
2022-10-03;30.65999984741211;32.369998931884766;30.299999237060547;30.889999389648438;213393300;29.000795364379883
2022-10-10;31.059999465942383;32.189998626708984;29.59000015258789;31.010000228881836;273682300;29.113452911376953
2022-10-17;31.670000076293945;32.65999984741211;31.1200008392334;32.189998626708984;228190300;30.221288681030273
2022-10-24;32.380001068115234;34.22999954223633;32.279998779296875;34.189998626708984;189733100;32.09896469116211
2022-10-31;33.970001220703125;34.599998474121094;33.08000183105469;33.90999984741211;219723400;31.836090087890625
2022-11-07;34.15999984741211;36.029998779296875;33.79999923706055;35.869998931884766;220779900;33.67621612548828
2022-11-14;35.77000045776367;35.880001068115234;34.7599983215332;35.369998931884766;203819500;33.2067985534668
2022-11-21;35.31999969482422;36.15999984741211;35.279998779296875;36.11000061035156;93396600;33.90154266357422
2022-11-28;35.90999984741211;36.4900016784668;35.13999938964844;35.93000030517578;222934100;33.732547760009766
2022-12-05;35.65999984741211;35.720001220703125;34.45000076293945;34.529998779296875;223766600;32.41817855834961
2022-12-12;34.54999923706055;35.900001525878906;33.38999938964844;33.70000076293945;312864400;31.638933181762695
2022-12-19;33.400001525878906;34.15999984741211;33.189998626708984;33.95000076293945;156942600;32.073516845703125
2022-12-26;34.02000045776367;34.349998474121094;33.779998779296875;34.20000076293945;101356100;32.309688568115234
2023-01-02;34.45000076293945;35.4900016784668;34.06999969482422;35.380001068115234;168881200;33.42447280883789
2023-01-09;35.5;36.16999816894531;35.06999969482422;36.119998931884766;237968300;34.123573303222656
2023-01-16;36.029998779296875;36.04999923706055;34.560001373291016;35.349998474121094;222537800;33.3961296081543
2023-01-23;35.380001068115234;36.459999084472656;35.27000045776367;36.25;178521100;34.24638748168945
2023-01-30;36.060001373291016;36.900001525878906;35.970001220703125;36.59000015258789;198558100;34.56759262084961
2023-02-06;36.380001068115234;37.11000061035156;36.06999969482422;36.4900016784668;172268100;34.473121643066406
2023-02-13;36.470001220703125;37.08000183105469;36.09000015258789;36.38999938964844;164513200;34.3786506652832
2023-02-20;36.08000183105469;36.130001068115234;35.2599983215332;35.65999984741211;158580600;33.68899917602539
2023-02-27;35.9900016784668;36.04999923706055;35.0099983215332;35.9900016784668;168479800;34.000755310058594
2023-03-06;36.0099983215332;36.2400016784668;32.529998779296875;32.93000030517578;408453700;31.109893798828125
2023-03-13;31.760000228881836;32.849998474121094;30.899999618530273;30.979999542236328;696969600;29.267669677734375
2023-03-20;31.06999969482422;32.04999923706055;30.389999389648438;30.989999771118164;418143200;29.42242431640625
2023-03-27;31.520000457763672;32.15999984741211;31.219999313354492;32.150001525878906;250616700;30.52374839782715
2023-04-03;32.119998931884766;32.34000015258789;31.65999984741211;31.989999771118164;191880400;30.371837615966797
2023-04-10;31.8700008392334;33.150001525878906;31.799999237060547;32.880001068115234;269285600;31.216821670532227
2023-04-17;32.86000061035156;33.529998779296875;32.720001220703125;33.220001220703125;239493800;31.539623260498047
2023-04-24;33.20000076293945;33.31999969482422;32.119998931884766;33.16999816894531;246600200;31.49215316772461
2023-05-01;33.2599983215332;33.43000030517578;31.260000228881836;32.33000183105469;304785700;30.694644927978516
2023-05-08;32.5099983215332;32.619998931884766;31.690000534057617;31.899999618530273;176712100;30.286392211914062
2023-05-15;31.959999084472656;32.91999816894531;31.84000015258789;32.599998474121094;193634100;30.95098304748535
2023-05-22;32.709999084472656;32.779998779296875;31.65999984741211;32.11000061035156;209956000;30.48577117919922
2023-05-29;32.15999984741211;32.91999816894531;31.489999771118164;32.79999923706055;239964700;31.140869140625
2023-06-05;32.84000015258789;33.290000915527344;32.47999954223633;33.150001525878906;218577200;31.473167419433594
2023-06-12;33.18000030517578;33.83000183105469;32.88999938964844;33.58000183105469;239007900;31.88141632080078
2023-06-19;33.209999084472656;33.29999923706055;32.52000045776367;32.7400016784668;160870300;31.223379135131836
2023-06-26;32.689998626708984;33.849998474121094;32.58000183105469;33.709999084472656;188972900;32.1484375
2023-07-03;33.709999084472656;34.0;33.25;33.59000015258789;138256700;32.03400421142578
2023-07-10;33.599998474121094;34.7400016784668;33.56999969482422;34.25;195551400;32.663429260253906
2023-07-17;34.209999084472656;35.459999084472656;34.209999084472656;35.2599983215332;207536700;33.62664031982422
2023-07-24;35.279998779296875;35.709999084472656;35.0099983215332;35.20000076293945;180652600;33.56942367553711
2023-07-31;35.27000045776367;35.439998626708984;34.720001220703125;34.90999984741211;172088400;33.29285430908203
2023-08-07;35.130001068115234;35.459999084472656;34.65999984741211;34.91999816894531;174294500;33.302391052246094
2023-08-14;34.81999969482422;34.91999816894531;33.720001220703125;33.97999954223633;193877800;32.40593338012695
2023-08-21;34.029998779296875;34.310001373291016;33.56999969482422;33.9900016784668;181813900;32.41547393798828
2023-08-28;34.099998474121094;34.79999923706055;34.06999969482422;34.689998626708984;181174900;33.083045959472656
2023-09-04;34.650001525878906;34.790000915527344;34.06999969482422;34.29999923706055;161638500;32.71111297607422
2023-09-11;34.459999084472656;35.060001373291016;34.369998931884766;34.83000183105469;227060900;33.216556549072266
2023-09-18;34.630001068115234;34.959999084472656;33.65999984741211;33.65999984741211;189981200;32.2442512512207
2023-09-25;33.59000015258789;33.7599983215332;32.95000076293945;33.16999816894531;252166600;31.774860382080078
2023-10-02;33.060001373291016;33.22999954223633;32.209999084472656;33.040000915527344;237874000;31.650331497192383
2023-10-09;32.7400016784668;33.65999984741211;32.709999084472656;33.209999084472656;237091400;31.813182830810547
2023-10-16;33.459999084472656;33.939998626708984;32.16999816894531;32.20000076293945;261034100;30.845664978027344
2023-10-23;32.130001068115234;32.369998931884766;31.360000610351562;31.450000762939453;280082200;30.12720489501953
2023-10-30;31.670000076293945;33.939998626708984;31.59000015258789;33.779998779296875;248010600;32.35919952392578
2023-11-06;33.869998931884766;33.939998626708984;33.459999084472656;33.90999984741211;167690200;32.48373794555664
2023-11-13;33.790000915527344;35.02000045776367;33.7400016784668;35.0099983215332;182182400;33.537471771240234
2023-11-20;34.959999084472656;35.439998626708984;34.88999938964844;35.380001068115234;110458800;33.89190673828125
2023-11-27;35.25;36.209999084472656;35.15999984741211;36.16999816894531;199599700;34.648681640625
2023-12-04;35.959999084472656;36.279998779296875;35.720001220703125;36.130001068115234;175757600;34.61035919189453
2023-12-11;36.13999938964844;37.709999084472656;36.13999938964844;37.349998474121094;261512300;35.77904510498047
2023-12-18;37.349998474121094;37.58000183105469;36.900001525878906;37.34000015258789;186782300;35.946556091308594
2023-12-25;37.369998931884766;37.79999923706055;37.310001373291016;37.599998474121094;106004700;36.19685363769531
2024-01-01;37.5;37.95000076293945;37.380001068115234;37.75;160017400;36.34125900268555
2024-01-08;37.7599983215332;38.0099983215332;37.369998931884766;37.599998474121094;202909300;36.19685363769531
2024-01-15;37.279998779296875;37.97999954223633;36.95000076293945;37.93000030517578;184240600;36.5145378112793
2024-01-22;38.09000015258789;38.720001220703125;38.0099983215332;38.650001525878906;231373800;37.207672119140625
2024-01-29;38.529998779296875;39.45000076293945;38.25;38.97999954223633;278409800;37.52535629272461
2024-02-05;38.7599983215332;39.16999816894531;38.58000183105469;39.08000183105469;215437600;37.62163162231445
2024-02-12;39.08000183105469;39.849998474121094;38.41999816894531;39.630001068115234;257631400;38.151100158691406
2024-02-19;39.349998474121094;40.470001220703125;39.31999969482422;40.29999923706055;177573300;38.79609680175781
2024-02-26;40.2599983215332;40.54999923706055;39.939998626708984;40.290000915527344;199434900;38.786476135253906
2024-03-04;40.220001220703125;40.84000015258789;40.209999084472656;40.619998931884766;245414600;39.104156494140625
2024-03-11;40.470001220703125;41.25;40.400001525878906;40.790000915527344;266035200;39.26780700683594
2024-03-18;40.779998779296875;42.040000915527344;40.58000183105469;41.41999816894531;209386400;40.0244255065918
2024-03-25;41.38999938964844;42.220001220703125;41.2599983215332;42.119998931884766;140080000;40.70084762573242
2024-04-01;42.15999984741211;42.20000076293945;41.130001068115234;41.56999969482422;213811200;40.169376373291016
2024-04-08;41.58000183105469;41.880001068115234;39.90999984741211;40.060001373291016;284717700;38.71024703979492
2024-04-15;40.58000183105469;40.7400016784668;39.529998779296875;40.380001068115234;284520800;39.019474029541016
2024-04-22;40.599998474121094;41.22999954223633;40.43000030517578;40.81999969482422;207309900;39.444644927978516
2024-04-29;40.810001373291016;40.9900016784668;40.16999816894531;40.54999923706055;207893000;39.18374252319336
2024-05-06;40.86000061035156;41.90999984741211;40.77000045776367;41.83000183105469;179229300;40.42061233520508
2024-05-13;41.95000076293945;42.4900016784668;41.65999984741211;42.4900016784668;162192600;41.058380126953125
2024-05-20;42.400001525878906;42.459999084472656;41.20000076293945;41.61000061035156;183039900;40.208030700683594
2024-05-27;41.52000045776367;41.68000030517578;40.70000076293945;41.63999938964844;143058400;40.23701477050781
2024-06-03;41.630001068115234;41.709999084472656;41.0;41.47999954223633;170572200;40.0824089050293
2024-06-10;41.29999923706055;41.369998931884766;40.369998931884766;40.650001525878906;201180800;39.28036880493164
2024-06-17;40.54999923706055;41.599998474121094;40.47999954223633;41.33000183105469;160376900;39.93745803833008
2024-06-24;41.34000015258789;41.849998474121094;40.720001220703125;41.11000061035156;185587100;39.88216781616211
2024-07-01;41.279998779296875;41.7599983215332;41.029998779296875;41.540000915527344;105698500;40.2993278503418
2024-07-08;41.599998474121094;42.560001373291016;41.380001068115234;42.380001068115234;174242500;41.11423110961914
2024-07-15;42.529998779296875;44.11000061035156;42.5;42.849998474121094;259528900;41.570194244384766
2024-07-22;42.95000076293945;43.540000915527344;42.58000183105469;43.40999984741211;178156700;42.11347579956055
2024-07-29;43.5099983215332;44.11000061035156;41.79999923706055;42.060001373291016;230969900;40.803794860839844
2024-08-05;41.13999938964844;42.5099983215332;40.65999984741211;42.400001525878906;274594400;41.133636474609375
2024-08-12;42.47999954223633;43.77000045776367;42.09000015258789;43.77000045776367;134772200;42.46271896362305
2024-08-19;43.779998779296875;44.540000915527344;43.56999969482422;44.43000030517578;121494300;43.10300064086914
2024-08-26;44.58000183105469;45.779998779296875;44.470001220703125;45.7400016784668;132720300;44.37388229370117
2024-09-02;45.310001373291016;45.880001068115234;44.189998626708984;44.290000915527344;162754800;42.96718215942383
2024-09-09;44.709999084472656;45.20000076293945;43.380001068115234;44.5099983215332;230168400;43.18061447143555
2024-09-16;44.70000076293945;45.810001373291016;44.70000076293945;45.65999984741211;201897800;44.296268463134766
2024-09-23;45.4900016784668;45.66999816894531;44.650001525878906;45.150001525878906;159174900;43.960357666015625
2024-09-30;45.040000915527344;45.689998626708984;44.66999816894531;45.650001525878906;157983500;44.44718933105469
2024-10-07;45.650001525878906;46.599998474121094;44.900001525878906;46.5099983215332;170674300;45.284523010253906
2024-10-14;46.59000015258789;47.810001373291016;46.459999084472656;47.619998931884766;203284300;46.36528015136719
2024-10-21;47.540000915527344;47.650001525878906;46.52000045776367;46.630001068115234;122067300;45.40135955810547
2024-10-28;46.869998931884766;47.43000030517578;46.47999954223633;46.63999938964844;181608100;45.41109848022461
2024-11-04;46.61000061035156;49.68000030517578;46.029998779296875;49.189998626708984;361388700;47.89391326904297
2024-11-11;49.68000030517578;50.13999938964844;49.54999923706055;49.869998931884766;233042100;48.555999755859375
2024-11-18;49.90999984741211;50.779998779296875;49.29999923706055;50.72999954223633;181021400;49.393333435058594
2024-11-25;51.0099983215332;51.619998931884766;50.7599983215332;51.34000015258789;122893000;49.98726272583008
2024-12-02;51.41999816894531;51.4900016784668;50.09000015258789;50.400001525878906;200464000;49.07202911376953
2024-12-09;50.439998626708984;50.4900016784668;49.38999938964844;49.540000915527344;178163700;48.23469161987305
2024-12-16;49.56999969482422;49.630001068115234;47.59000015258789;48.5099983215332;273452700;47.23182678222656
2024-12-23;48.060001373291016;49.16999816894531;47.869998931884766;48.75;116041800;47.66792297363281
2024-12-30;48.25;48.77000045776367;47.86000061035156;48.59000015258789;121067500;47.51148223876953
2025-01-06;48.79999923706055;49.02000045776367;47.150001525878906;47.31999969482422;201523300;46.26966857910156
2025-01-13;47.08000183105469;50.31999969482422;47.040000915527344;50.22999954223633;214056500;49.11507797241211
2025-01-20;50.400001525878906;50.900001525878906;50.209999084472656;50.849998474121094;141631400;49.7213134765625
2025-01-27;50.7599983215332;52.040000915527344;50.619998931884766;51.470001220703125;249879600;50.327552795410156
2025-02-03;50.75;52.2599983215332;50.40999984741211;51.81999969482422;228874800;50.66978454589844
2025-02-10;51.90999984741211;52.02000045776367;50.91999816894531;51.79999923706055;194504000;50.650230407714844
2025-02-17;51.880001068115234;52.25;50.650001525878906;50.75;164114100;49.62353515625
2025-02-24;50.9900016784668;52.2599983215332;50.310001373291016;52.18000030517578;245972900;51.021793365478516
2025-03-03;52.31999969482422;52.63999938964844;48.25;49.119998931884766;393833300;48.02971267700195
2025-03-10;48.290000915527344;48.61000061035156;47.220001220703125;48.52000045776367;311415700;47.44303512573242
2025-03-17;48.33000183105469;49.97999954223633;48.31999969482422;49.459999084472656;220284200;48.3621711730957
2025-03-24;49.790000915527344;50.90999984741211;49.02000045776367;49.209999084472656;185426300;48.2924919128418
2025-03-31;48.720001220703125;50.33000183105469;44.09000015258789;44.20000076293945;347089400;43.37590026855469
2025-04-07;42.84000015258789;47.61000061035156;42.209999084472656;46.66999816894531;613005900;45.79984664916992
2025-04-14;47.349998474121094;47.900001525878906;46.18000030517578;46.650001525878906;203649900;45.78022384643555
2025-04-21;46.40999984741211;48.72999954223633;45.13999938964844;48.02000045776367;186458900;47.12467956542969
2025-04-28;48.220001220703125;49.939998626708984;47.5;49.7599983215332;179610300;48.83222961425781
2025-05-05;49.34000015258789;50.369998931884766;48.970001220703125;49.86000061035156;136528300;48.93037414550781
2025-05-12;51.11000061035156;51.66999816894531;50.54999923706055;51.59000015258789;205167900;50.62812042236328
2025-05-19;51.31999969482422;51.77000045776367;49.56999969482422;50.04999923706055;160581800;49.11682891845703
2025-05-26;50.439998626708984;51.04999923706055;50.2599983215332;50.959999084472656;142418200;50.00986099243164
2025-06-02;50.61000061035156;51.439998626708984;50.290000915527344;51.279998779296875;165445400;50.323890686035156
2025-06-09;51.34000015258789;51.36000061035156;49.810001373291016;49.959999084472656;175841900;49.02850341796875
2025-06-16;50.31999969482422;50.880001068115234;50.09000015258789;50.36000061035156;156947400;49.421043395996094
2025-06-23;50.20000076293945;52.22999954223633;49.84000015258789;51.939998626708984;194191700;51.146270751953125
2025-06-30;52.18000030517578;53.27000045776367;52.13999938964844;53.189998626708984;143013600;52.377174377441406
2025-07-07;53.130001068115234;53.25;52.08000183105469;52.15999984741211;182681400;51.362911224365234
2025-07-14;52.150001525878906;52.650001525878906;51.33000183105469;52.540000915527344;200072800;51.73711013793945
2025-07-21;52.56999969482422;53.4900016784668;52.369998931884766;53.439998626708984;162608400;52.62335205078125
2025-07-28;53.380001068115234;53.439998626708984;51.04999923706055;51.400001525878906;213502800;50.614532470703125
2025-08-04;51.599998474121094;52.25;51.220001220703125;51.849998474121094;190406600;51.057655334472656
2025-08-11;51.959999084472656;53.15999984741211;51.720001220703125;52.459999084472656;189966100;51.658329010009766
2025-08-18;52.38999938964844;53.68000030517578;52.290000915527344;53.56999969482422;165701500;52.751365661621094
2025-08-25;53.470001220703125;54.13999938964844;53.099998474121094;53.9900016784668;157093300;53.164947509765625
2025-09-01;53.70000076293945;54.25;52.869998931884766;53.06999969482422;166260300;52.259002685546875
2025-09-08;53.09000015258789;54.06999969482422;52.84000015258789;53.79999923706055;183632600;52.977848052978516
2025-09-15;53.88999938964844;54.5;53.27000045776367;54.25;191721100;53.42097473144531
2025-09-22;53.70000076293945;54.4900016784668;53.2400016784668;53.86000061035156;140428900;53.21152877807617
2025-09-29;54.040000915527344;54.2400016784668;53.060001373291016;53.720001220703125;150921100;53.073219299316406
2025-10-06;53.93000030517578;54.06999969482422;52.15999984741211;52.15999984741211;197619100;51.53199768066406
2025-10-13;52.54999923706055;53.7599983215332;51.540000915527344;52.18000030517578;279476200;51.551753997802734
2025-10-20;52.36000061035156;53.279998779296875;52.119998931884766;53.11000061035156;185852200;52.470558166503906
2025-10-27;53.369998931884766;53.43000030517578;51.869998931884766;52.369998931884766;211642900;51.739463806152344
2025-11-03;52.33000183105469;52.81999969482422;51.650001525878906;52.779998779296875;210249100;52.14453125
2025-11-10;52.93000030517578;53.88999938964844;52.27000045776367;52.45000076293945;214669000;51.818504333496094
2025-11-17;52.470001220703125;52.4900016784668;51.08000183105469;51.66999816894531;321135300;51.04789733886719
2025-11-24;51.7400016784668;53.54999923706055;51.33000183105469;53.33000183105469;146183500;52.68791198730469
2025-12-01;53.06999969482422;53.93000030517578;52.63999938964844;53.68000030517578;153296800;53.033695220947266
2025-12-08;53.70000076293945;55.209999084472656;53.209999084472656;54.95000076293945;239152500;54.28840637207031
2025-12-15;55.18000030517578;55.310001373291016;54.36000061035156;54.84000015258789;195428400;54.17972946166992
2025-12-22;54.75;55.88999938964844;54.7400016784668;55.619998931884766;98816600;55.142391204833984
2025-12-29;55.59000015258789;55.68000030517578;54.34000015258789;54.93000030517578;109468000;54.458316802978516
2026-01-05;54.81999969482422;56.52000045776367;54.81999969482422;55.72999954223633;206619000;55.25144958496094
2026-01-12;55.029998779296875;55.36000061035156;53.689998626708984;54.439998626708984;271675300;53.9725227355957
2026-01-19;53.61000061035156;54.11000061035156;52.880001068115234;53.06999969482422;200367900;52.614288330078125
2026-01-26;53.099998474121094;53.65999984741211;52.7599983215332;53.439998626708984;209899600;52.981109619140625
2026-02-02;53.45000076293945;54.349998474121094;53.15999984741211;54.2599983215332;291973800;53.794071197509766
2026-02-09;54.08000183105469;54.38999938964844;51.25;51.650001525878906;301055000;51.206485748291016
2026-02-16;51.81999969482422;52.779998779296875;51.720001220703125;52.4900016784668;199567200;52.03927230834961
2026-02-23;52.189998626708984;52.65999984741211;50.2400016784668;51.43000030517578;349250300;50.988372802734375
2026-03-02;50.61000061035156;51.81999969482422;49.75;50.56999969482422;350381700;50.13575744628906
2026-03-09;49.91999816894531;50.689998626708984;48.790000915527344;48.88999938964844;320781000;48.470184326171875
2026-03-16;49.25;50.189998626708984;48.52000045776367;49.08000183105469;283221200;48.65855407714844
2026-03-23;49.70000076293945;49.95000076293945;47.66999816894531;47.810001373291016;274639600;47.64310836791992
2026-03-30;48.22999954223633;49.849998474121094;48.09000015258789;49.529998779296875;244568900;49.35710144042969
2026-04-06;49.5099983215332;51.540000915527344;49.45000076293945;50.77000045776367;173029200;50.5927734375
2026-04-13;50.5;52.97999954223633;50.41999816894531;52.43000030517578;174554400;52.246978759765625
2026-04-20;52.34000015258789;53.189998626708984;51.29999923706055;51.41999816894531;164022300;51.24050521850586
2026-04-27;51.310001373291016;52.61000061035156;51.20000076293945;51.91999816894531;143279500;51.7387580871582
2026-05-04;51.779998779296875;52.2400016784668;51.13999938964844;51.2400016784668;177571300;51.061134338378906
2026-05-11;51.2599983215332;51.70000076293945;50.810001373291016;51.099998474121094;175242600;50.92162322998047
2026-05-18;51.0099983215332;52.16999816894531;50.779998779296875;51.939998626708984;167731500;51.758689880371094
2026-05-25;52.0;52.22999954223633;51.02000045776367;51.58000183105469;144574200;51.39994812011719
2026-06-01;51.22999954223633;52.47999954223633;50.52000045776367;52.29999923706055;209872900;52.117431640625
2026-06-08;52.2400016784668;53.54999923706055;51.959999084472656;53.34000015258789;204245100;53.153804779052734
2026-06-15;53.7599983215332;54.88999938964844;53.459999084472656;53.56999969482422;162359400;53.382999420166016
2026-06-22;53.619998931884766;54.68000030517578;53.20000076293945;53.56999969482422;150425500;53.56999969482422
2026-06-29;53.70000076293945;55.63999938964844;53.400001525878906;55.619998931884766;153409200;55.619998931884766
2026-07-06;55.849998474121094;56.59000015258789;54.95000076293945;55.709999084472656;151396600;55.709999084472656
2026-07-13;55.97999954223633;56.939998626708984;55.59000015258789;56.2599983215332;196498200;56.2599983215332
2026-07-20;56.29999923706055;56.380001068115234;55.45000076293945;56.310001373291016;146516400;56.310001373291016
2026-07-27;56.7599983215332;57.599998474121094;56.18000030517578;56.939998626708984;178776800;56.939998626708984
2026-08-03;57.290000915527344;58.40999984741211;57.0;57.599998474121094;145282000;57.599998474121094
2026-08-10;57.540000915527344;58.310001373291016;57.459999084472656;58.15999984741211;115723100;58.15999984741211
2026-08-17;57.959999084472656;58.27000045776367;56.90999984741211;57.47999954223633;164651700;57.47999954223633
2026-08-24;57.70000076293945;58.40999984741211;57.63999938964844;58.099998474121094;126426700;58.099998474121094
2026-08-31;57.86000061035156;58.22999954223633;57.130001068115234;57.65999984741211;88933700;57.65999984741211
2026-09-02;57.380001068115234;58.22610092163086;57.31999969482422;57.65999984741211;31253512;57.65999984741211
