ticker;datetime;close
FAS;2008-11-17;9.228623390197754
FAS;2008-11-24;17.718957901000977
FAS;2008-12-01;15.440643310546875
FAS;2008-12-08;13.070038795471191
FAS;2008-12-15;13.636788368225098
FAS;2008-12-22;12.365561485290527
FAS;2008-12-29;14.96002197265625
FAS;2009-01-05;11.828181266784668
FAS;2009-01-12;7.402000427246094
FAS;2009-01-19;5.206246852874756
FAS;2009-01-26;5.298701286315918
FAS;2009-02-02;6.188559532165527
FAS;2009-02-09;4.5821919441223145
FAS;2009-02-16;2.831366539001465
FAS;2009-02-23;2.831366539001465
FAS;2009-03-02;1.5254709720611572
FAS;2009-03-09;2.9758241176605225
FAS;2009-03-16;2.8949289321899414
FAS;2009-03-23;3.671740770339966
FAS;2009-03-30;4.169798851013184
FAS;2009-04-06;5.0442986488342285
FAS;2009-04-13;5.443905830383301
FAS;2009-04-20;4.870556354522705
FAS;2009-04-27;4.528865814208984
FAS;2009-05-04;7.2681884765625
FAS;2009-05-11;5.061671733856201
FAS;2009-05-18;5.084838390350342
FAS;2009-05-25;5.791388034820557
FAS;2009-06-01;5.959338188171387
FAS;2009-06-08;6.109912395477295
FAS;2009-06-15;5.519192218780518
FAS;2009-06-22;5.306389808654785
FAS;2009-06-29;4.836644649505615
FAS;2009-07-06;4.344859600067139
FAS;2009-07-13;5.512845993041992
FAS;2009-07-20;5.972152233123779
FAS;2009-07-27;6.677351474761963
FAS;2009-08-03;8.825422286987305
FAS;2009-08-10;8.537775993347168
FAS;2009-08-17;8.980846405029297
FAS;2009-08-24;9.302129745483398
FAS;2009-08-31;8.298844337463379
FAS;2009-09-07;8.893855094909668
FAS;2009-09-14;10.089678764343262
FAS;2009-09-21;9.02868938446045
FAS;2009-09-28;8.38602066040039
FAS;2009-10-05;10.043238639831543
FAS;2009-10-12;9.980484008789062
FAS;2009-10-19;9.706215858459473
FAS;2009-10-26;7.854921340942383
FAS;2009-11-02;8.268645286560059
FAS;2009-11-09;8.85319995880127
FAS;2009-11-16;8.719557762145996
FAS;2009-11-23;8.14661979675293
FAS;2009-11-30;8.734662055969238
FAS;2009-12-07;8.40345573425293
FAS;2009-12-14;8.312808990478516
FAS;2009-12-21;8.836932182312012
FAS;2009-12-28;8.614961624145508
FAS;2010-01-04;9.877050399780273
FAS;2010-01-11;9.42846393585205
FAS;2010-01-18;8.168702125549316
FAS;2010-01-25;8.065272331237793
FAS;2010-02-01;7.613195896148682
FAS;2010-02-08;7.602735996246338
FAS;2010-02-15;8.440642356872559
FAS;2010-02-22;8.711421966552734
FAS;2010-03-01;9.679487228393555
FAS;2010-03-08;10.366312026977539
FAS;2010-03-15;10.731225967407227
FAS;2010-03-22;11.358040809631348
FAS;2010-03-29;11.521245002746582
FAS;2010-04-05;12.576260566711426
FAS;2010-04-12;12.169414520263672
FAS;2010-04-19;13.2815523147583
FAS;2010-04-26;11.76722240447998
FAS;2010-05-03;9.463669776916504
FAS;2010-05-10;9.7924165725708
FAS;2010-05-17;8.550878524780273
FAS;2010-05-24;8.442463874816895
FAS;2010-05-31;7.435244083404541
FAS;2010-06-07;7.980823040008545
FAS;2010-06-14;8.45995044708252
FAS;2010-06-21;7.973824977874756
FAS;2010-06-28;6.358076572418213
FAS;2010-07-05;7.71152925491333
FAS;2010-07-12;7.043545722961426
FAS;2010-07-19;7.687047958374023
FAS;2010-07-26;7.907376289367676
FAS;2010-08-02;8.02978229522705
FAS;2010-08-09;6.956114292144775
FAS;2010-08-16;6.641357898712158
FAS;2010-08-23;6.518951892852783
FAS;2010-08-30;7.5611443519592285
FAS;2010-09-06;7.498193264007568
FAS;2010-09-13;7.74300479888916
FAS;2010-09-20;7.753498077392578
FAS;2010-09-27;7.631092071533203
FAS;2010-10-04;7.896885871887207
FAS;2010-10-11;7.52267599105835
FAS;2010-10-18;7.889889717102051
FAS;2010-10-25;7.756992816925049
FAS;2010-11-01;9.260828018188477
FAS;2010-11-08;8.229129791259766
FAS;2010-11-15;8.04726791381836
FAS;2010-11-22;7.508686065673828
FAS;2010-11-29;8.547382354736328
FAS;2010-12-06;9.376237869262695
FAS;2010-12-13;8.963560104370117
FAS;2010-12-20;9.572088241577148
FAS;2010-12-27;9.736462593078613
FAS;2011-01-03;10.142146110534668
FAS;2011-01-10;11.002479553222656
FAS;2011-01-17;10.526848793029785
FAS;2011-01-24;10.21908950805664
FAS;2011-01-31;10.883573532104492
FAS;2011-02-07;11.775382995605469
FAS;2011-02-14;11.981721878051758
FAS;2011-02-21;11.19832992553711
FAS;2011-02-28;10.743682861328125
FAS;2011-03-07;10.656249046325684
FAS;2011-03-14;10.131654739379883
FAS;2011-03-21;10.379964828491211
FAS;2011-03-28;10.827610969543457
FAS;2011-04-04;10.708709716796875
FAS;2011-04-11;10.240072250366211
FAS;2011-04-18;10.21558952331543
FAS;2011-04-25;10.729692459106445
FAS;2011-05-02;10.19460678100586
FAS;2011-05-09;9.690993309020996
FAS;2011-05-16;9.624547958374023
FAS;2011-05-23;9.58957576751709
FAS;2011-05-30;8.781702041625977
FAS;2011-06-06;8.061258316040039
FAS;2011-06-13;8.21863842010498
FAS;2011-06-20;7.970329284667969
FAS;2011-06-27;9.439192771911621
FAS;2011-07-04;9.229355812072754
FAS;2011-07-11;8.246614456176758
FAS;2011-07-18;8.921592712402344
FAS;2011-07-25;8.022789001464844
FAS;2011-08-01;6.022336959838867
FAS;2011-08-08;4.92069149017334
FAS;2011-08-15;4.200246810913086
FAS;2011-08-22;4.80527925491333
FAS;2011-08-29;4.577955722808838
FAS;2011-09-05;4.228224277496338
FAS;2011-09-12;4.927684307098389
FAS;2011-09-19;3.6826484203338623
FAS;2011-09-26;3.7141246795654297
FAS;2011-10-03;3.6406805515289307
FAS;2011-10-10;4.347134590148926
FAS;2011-10-17;4.780798435211182
FAS;2011-10-24;5.711080551147461
FAS;2011-10-31;4.885716438293457
FAS;2011-11-07;4.801082611083984
FAS;2011-11-14;4.091132164001465
FAS;2011-11-21;3.453925609588623
FAS;2011-11-28;4.393999099731445
FAS;2011-12-05;4.554874897003174
FAS;2011-12-12;4.125405311584473
FAS;2011-12-19;4.695464611053467
FAS;2011-12-26;4.537386894226074
FAS;2012-01-02;4.860535144805908
FAS;2012-01-09;5.263423919677734
FAS;2012-01-16;5.623644828796387
FAS;2012-01-23;5.640432357788086
FAS;2012-01-30;6.351083278656006
FAS;2012-02-06;6.161528587341309
FAS;2012-02-13;6.425225257873535
FAS;2012-02-20;6.332197189331055
FAS;2012-02-27;6.506361961364746
FAS;2012-03-05;6.5497283935546875
FAS;2012-03-12;7.568140983581543
FAS;2012-03-19;7.554152011871338
FAS;2012-03-26;7.634587287902832
FAS;2012-04-02;7.331026077270508
FAS;2012-04-09;6.796638488769531
FAS;2012-04-16;6.912045955657959
FAS;2012-04-23;7.363199234008789
FAS;2012-04-30;6.7847466468811035
FAS;2012-05-07;6.469991207122803
FAS;2012-05-14;5.236846923828125
FAS;2012-05-21;5.5718865394592285
FAS;2012-05-28;4.934679985046387
FAS;2012-06-04;5.5984649658203125
FAS;2012-06-11;5.852367877960205
FAS;2012-06-18;5.881046772003174
FAS;2012-06-25;6.239168643951416
FAS;2012-07-02;6.139147758483887
FAS;2012-07-09;6.314011096954346
FAS;2012-07-16;5.947495937347412
FAS;2012-07-23;6.37136697769165
FAS;2012-07-30;6.395847320556641
FAS;2012-08-06;6.521049976348877
FAS;2012-08-13;6.73858118057251
FAS;2012-08-20;6.718997955322266
FAS;2012-08-27;6.760265350341797
FAS;2012-09-03;7.42265510559082
FAS;2012-09-10;8.217937469482422
FAS;2012-09-17;7.691246509552002
FAS;2012-09-24;7.340114593505859
FAS;2012-10-01;7.966833114624023
FAS;2012-10-08;7.589125156402588
FAS;2012-10-15;7.961236000061035
FAS;2012-10-22;7.512882709503174
FAS;2012-10-29;7.794766426086426
FAS;2012-11-05;7.1274800300598145
FAS;2012-11-12;6.838604927062988
FAS;2012-11-19;7.557647705078125
FAS;2012-11-26;7.500993251800537
FAS;2012-12-03;7.809454441070557
FAS;2012-12-10;7.764687538146973
FAS;2012-12-17;8.411687850952148
FAS;2012-12-24;8.083640098571777
FAS;2012-12-31;9.369246482849121
FAS;2013-01-07;9.51333236694336
FAS;2013-01-14;9.603565216064453
FAS;2013-01-21;10.074299812316895
FAS;2013-01-28;10.317012786865234
FAS;2013-02-04;10.375066757202148
FAS;2013-02-11;10.642960548400879
FAS;2013-02-18;10.572314262390137
FAS;2013-02-25;10.397448539733887
FAS;2013-03-04;11.380189895629883
FAS;2013-03-11;11.783073425292969
FAS;2013-03-18;11.400474548339844
FAS;2013-03-25;11.555752754211426
FAS;2013-04-01;11.207423210144043
FAS;2013-04-08;11.988018989562988
FAS;2013-04-15;11.209518432617188
FAS;2013-04-22;12.027888298034668
FAS;2013-04-29;12.588153839111328
FAS;2013-05-06;13.3099946975708
FAS;2013-05-13;14.69912338256836
FAS;2013-05-20;14.086392402648926
FAS;2013-05-27;14.088493347167969
FAS;2013-06-03;14.226981163024902
FAS;2013-06-10;13.490457534790039
FAS;2013-06-17;12.672086715698242
FAS;2013-06-24;13.356160163879395
FAS;2013-07-01;14.126267433166504
FAS;2013-07-08;15.18384838104248
FAS;2013-07-15;15.949750900268555
FAS;2013-07-22;15.760895729064941
FAS;2013-07-29;16.07775115966797
FAS;2013-08-05;15.332829475402832
FAS;2013-08-12;14.287837982177734
FAS;2013-08-19;14.422135353088379
FAS;2013-08-26;13.146321296691895
FAS;2013-09-02;13.840883255004883
FAS;2013-09-09;14.755775451660156
FAS;2013-09-16;15.406270027160645
FAS;2013-09-23;14.726398468017578
FAS;2013-09-30;14.71380615234375
FAS;2013-10-07;15.204825401306152
FAS;2013-10-14;16.59604835510254
FAS;2013-10-21;16.600244522094727
FAS;2013-10-28;16.058866500854492
FAS;2013-11-04;16.33165740966797
FAS;2013-11-11;17.01992416381836
FAS;2013-11-18;17.678810119628906
FAS;2013-11-25;17.657825469970703
FAS;2013-12-02;17.489959716796875
FAS;2013-12-09;16.92759132385254
FAS;2013-12-16;18.2999267578125
FAS;2013-12-23;18.748981475830078
FAS;2013-12-30;18.927339553833008
FAS;2014-01-06;19.328136444091797
FAS;2014-01-13;19.12039566040039
FAS;2014-01-20;17.23185920715332
FAS;2014-01-27;16.92549705505371
FAS;2014-02-03;17.37874412536621
FAS;2014-02-10;18.2558650970459
FAS;2014-02-17;17.915929794311523
FAS;2014-02-24;18.57482147216797
FAS;2014-03-03;19.97023582458496
FAS;2014-03-10;18.700725555419922
FAS;2014-03-17;20.098237991333008
FAS;2014-03-24;19.216920852661133
FAS;2014-03-31;19.37010383605957
FAS;2014-04-07;17.20667839050293
FAS;2014-04-14;18.58740997314453
FAS;2014-04-21;18.40694808959961
FAS;2014-04-28;18.942033767700195
FAS;2014-05-05;18.822429656982422
FAS;2014-05-12;18.360782623291016
FAS;2014-05-19;19.03016471862793
FAS;2014-05-26;19.638690948486328
FAS;2014-06-02;20.962772369384766
FAS;2014-06-09;20.373123168945312
FAS;2014-06-16;21.076082229614258
FAS;2014-06-23;20.895626068115234
FAS;2014-06-30;21.74966049194336
FAS;2014-07-07;20.895626068115234
FAS;2014-07-14;21.384546279907227
FAS;2014-07-21;21.3488712310791
FAS;2014-07-28;19.60931968688965
FAS;2014-08-04;19.938758850097656
FAS;2014-08-11;20.55988311767578
FAS;2014-08-18;21.87346649169922
FAS;2014-08-25;22.395959854125977
FAS;2014-09-01;22.696029663085938
FAS;2014-09-08;22.22808837890625
FAS;2014-09-15;23.03176498413086
FAS;2014-09-22;21.913333892822266
FAS;2014-09-29;21.82309913635254
FAS;2014-10-06;19.987028121948242
FAS;2014-10-13;19.46872329711914
FAS;2014-10-20;21.552417755126953
FAS;2014-10-27;23.871116638183594
FAS;2014-11-03;24.81328773498535
FAS;2014-11-10;24.55518913269043
FAS;2014-11-17;25.067190170288086
FAS;2014-11-24;25.702999114990234
FAS;2014-12-01;26.87808609008789
FAS;2014-12-08;24.655914306640625
FAS;2014-12-15;26.657758712768555
FAS;2014-12-22;27.486614227294922
FAS;2014-12-29;26.762683868408203
FAS;2015-01-05;25.251850128173828
FAS;2015-01-12;23.594133377075195
FAS;2015-01-19;24.397809982299805
FAS;2015-01-26;22.402254104614258
FAS;2015-02-02;25.325292587280273
FAS;2015-02-09;26.34090232849121
FAS;2015-02-16;26.584318161010742
FAS;2015-02-23;26.093294143676758
FAS;2015-03-02;25.629554748535156
FAS;2015-03-09;25.82680320739746
FAS;2015-03-16;27.396392822265625
FAS;2015-03-23;25.11964988708496
FAS;2015-03-30;25.93172264099121
FAS;2015-04-06;25.99467658996582
FAS;2015-04-13;25.488962173461914
FAS;2015-04-20;26.107986450195312
FAS;2015-04-27;26.049232482910156
FAS;2015-05-04;27.356515884399414
FAS;2015-05-11;27.304054260253906
FAS;2015-05-18;27.690155029296875
FAS;2015-05-25;26.85920524597168
FAS;2015-06-01;27.245304107666016
FAS;2015-06-08;28.08465003967285
FAS;2015-06-15;28.118227005004883
FAS;2015-06-22;27.941965103149414
FAS;2015-06-29;27.043869018554688
FAS;2015-07-06;27.194942474365234
FAS;2015-07-13;29.284934997558594
FAS;2015-07-20;28.579862594604492
FAS;2015-07-27;28.982759475708008
FAS;2015-08-03;28.848461151123047
FAS;2015-08-10;29.167423248291016
FAS;2015-08-17;24.584571838378906
FAS;2015-08-24;23.86272430419922
FAS;2015-08-31;20.992145538330078
FAS;2015-09-07;22.14205551147461
FAS;2015-09-14;21.495759963989258
FAS;2015-09-21;21.781137466430664
FAS;2015-09-28;21.40342903137207
FAS;2015-10-05;23.140884399414062
FAS;2015-10-12;23.929874420166016
FAS;2015-10-19;25.583389282226562
FAS;2015-10-26;25.39873695373535
FAS;2015-11-02;27.085826873779297
FAS;2015-11-09;24.559385299682617
FAS;2015-11-16;26.808841705322266
FAS;2015-11-23;26.699729919433594
FAS;2015-11-30;26.97671127319336
FAS;2015-12-07;23.09052085876465
FAS;2015-12-14;23.00658416748047
FAS;2015-12-21;25.03781509399414
FAS;2015-12-28;24.3999080657959
FAS;2016-01-04;19.523283004760742
FAS;2016-01-11;17.785831451416016
FAS;2016-01-18;17.53402328491211
FAS;2016-01-25;18.457311630249023
FAS;2016-02-01;16.627527236938477
FAS;2016-02-08;15.40207576751709
FAS;2016-02-15;16.6862850189209
FAS;2016-02-22;17.466873168945312
FAS;2016-02-29;19.64919090270996
FAS;2016-03-07;20.052078247070312
FAS;2016-03-14;20.975357055664062
FAS;2016-03-21;19.97653579711914
FAS;2016-03-28;21.302705764770508
FAS;2016-04-04;19.68276596069336
FAS;2016-04-11;21.789527893066406
FAS;2016-04-18;23.199634552001953
FAS;2016-04-25;22.427438735961914
FAS;2016-05-02;22.2008113861084
FAS;2016-05-09;21.646841049194336
FAS;2016-05-16;22.276351928710938
FAS;2016-05-23;23.95505142211914
FAS;2016-05-30;23.359113693237305
FAS;2016-06-06;22.427438735961914
FAS;2016-06-13;21.109655380249023
FAS;2016-06-20;19.674367904663086
FAS;2016-06-27;21.13483238220215
FAS;2016-07-04;21.638444900512695
FAS;2016-07-11;23.224821090698242
FAS;2016-07-18;23.86272430419922
FAS;2016-07-25;23.812366485595703
FAS;2016-08-01;24.710472106933594
FAS;2016-08-08;24.29079246520996
FAS;2016-08-15;24.458662033081055
FAS;2016-08-22;24.744043350219727
FAS;2016-08-29;26.170940399169922
FAS;2016-09-05;24.51741600036621
FAS;2016-09-12;23.753604888916016
FAS;2016-09-19;24.92869758605957
FAS;2016-09-26;24.467058181762695
FAS;2016-10-03;24.374723434448242
FAS;2016-10-10;23.980236053466797
FAS;2016-10-17;24.702070236206055
FAS;2016-10-24;24.408300399780273
FAS;2016-10-31;23.2164306640625
FAS;2016-11-07;28.579862594604492
FAS;2016-11-14;30.208213806152344
FAS;2016-11-21;31.20703887939453
FAS;2016-11-28;31.198640823364258
FAS;2016-12-05;35.605228424072266
FAS;2016-12-12;34.4889030456543
FAS;2016-12-19;35.110015869140625
FAS;2016-12-26;34.32942199707031
FAS;2017-01-02;36.10884094238281
FAS;2017-01-09;35.622032165527344
FAS;2017-01-16;34.49729537963867
FAS;2017-01-23;35.882232666015625
FAS;2017-01-30;36.32707214355469
FAS;2017-02-06;36.9314079284668
FAS;2017-02-13;39.44945526123047
FAS;2017-02-20;40.011817932128906
FAS;2017-02-27;41.39674758911133
FAS;2017-03-06;39.936283111572266
FAS;2017-03-13;39.71805191040039
FAS;2017-03-20;36.469764709472656
FAS;2017-03-27;37.26714324951172
FAS;2017-04-03;36.63762664794922
FAS;2017-04-10;34.79106140136719
FAS;2017-04-17;36.150814056396484
FAS;2017-04-24;37.01533508300781
FAS;2017-05-01;37.87147521972656
FAS;2017-05-08;36.587284088134766
FAS;2017-05-15;35.99132537841797
FAS;2017-05-22;37.518951416015625
FAS;2017-05-29;37.359474182128906
FAS;2017-06-05;39.87751770019531
FAS;2017-06-12;40.49863815307617
FAS;2017-06-19;39.172462463378906
FAS;2017-06-26;41.455509185791016
FAS;2017-07-03;42.28645706176758
FAS;2017-07-10;42.605411529541016
FAS;2017-07-17;42.781673431396484
FAS;2017-07-24;43.243316650390625
FAS;2017-07-31;44.81289291381836
FAS;2017-08-07;41.698909759521484
FAS;2017-08-14;41.455509185791016
FAS;2017-08-21;42.74808883666992
FAS;2017-08-28;42.89918899536133
FAS;2017-09-04;40.540611267089844
FAS;2017-09-11;43.360816955566406
FAS;2017-09-18;45.383663177490234
FAS;2017-09-25;46.97842788696289
FAS;2017-10-02;49.227882385253906
FAS;2017-10-09;49.06001663208008
FAS;2017-10-16;50.78068161010742
FAS;2017-10-23;51.217140197753906
FAS;2017-10-30;51.60325241088867
FAS;2017-11-06;49.723106384277344
FAS;2017-11-13;49.88258361816406
FAS;2017-11-20;50.57924270629883
FAS;2017-11-27;55.52300262451172
FAS;2017-12-04;57.025455474853516
FAS;2017-12-11;57.37799072265625
FAS;2017-12-18;57.458152770996094
FAS;2017-12-25;57.458152770996094
FAS;2018-01-01;59.6092529296875
FAS;2018-01-08;62.60906982421875
FAS;2018-01-15;64.6089096069336
FAS;2018-01-22;68.65904235839844
FAS;2018-01-29;62.8695182800293
FAS;2018-02-05;52.937469482421875
FAS;2018-02-12;60.04621124267578
FAS;2018-02-19;60.49995040893555
FAS;2018-02-26;56.84474182128906
FAS;2018-03-05;64.01232147216797
FAS;2018-03-12;61.48307800292969
FAS;2018-03-19;50.237274169921875
FAS;2018-03-26;54.10946273803711
FAS;2018-04-02;51.56727981567383
FAS;2018-04-09;52.72894287109375
FAS;2018-04-16;54.58085632324219
FAS;2018-04-23;54.353572845458984
FAS;2018-04-30;53.49496078491211
FAS;2018-05-07;58.44459533691406
FAS;2018-05-14;56.21388626098633
FAS;2018-05-21;56.34857177734375
FAS;2018-05-28;55.388946533203125
FAS;2018-06-04;58.94968795776367
FAS;2018-06-11;56.69371032714844
FAS;2018-06-18;55.75082778930664
FAS;2018-06-25;53.16030502319336
FAS;2018-07-02;54.45134735107422
FAS;2018-07-09;55.93646240234375
FAS;2018-07-16;58.096614837646484
FAS;2018-07-23;59.615501403808594
FAS;2018-07-30;60.332733154296875
FAS;2018-08-06;59.55643081665039
FAS;2018-08-13;61.37905502319336
FAS;2018-08-20;61.97818374633789
FAS;2018-08-27;63.0498161315918
FAS;2018-09-03;62.02035140991211
FAS;2018-09-10;62.38320541381836
FAS;2018-09-17;64.8808822631836
FAS;2018-09-24;59.50572204589844
FAS;2018-10-01;59.302696228027344
FAS;2018-10-08;50.40306091308594
FAS;2018-10-15;51.832759857177734
FAS;2018-10-22;45.504886627197266
FAS;2018-10-29;49.93777084350586
FAS;2018-11-05;54.006900787353516
FAS;2018-11-12;52.001956939697266
FAS;2018-11-19;47.4675407409668
FAS;2018-11-26;53.160926818847656
FAS;2018-12-03;45.234169006347656
FAS;2018-12-10;41.58802795410156
FAS;2018-12-17;34.295745849609375
FAS;2018-12-24;37.08274841308594
FAS;2018-12-31;39.307552337646484
FAS;2019-01-07;41.812557220458984
FAS;2019-01-14;47.96046447753906
FAS;2019-01-21;48.49544143676758
FAS;2019-01-28;49.78615188598633
FAS;2019-02-04;49.14079284667969
FAS;2019-02-11;52.826148986816406
FAS;2019-02-18;53.165809631347656
FAS;2019-02-25;54.1848030090332
FAS;2019-03-04;50.728729248046875
FAS;2019-03-11;55.33116912841797
FAS;2019-03-18;50.30364227294922
FAS;2019-03-25;52.6528434753418
FAS;2019-04-01;56.67033004760742
FAS;2019-04-08;59.1812629699707
FAS;2019-04-15;58.78972244262695
FAS;2019-04-22;61.29214096069336
FAS;2019-04-29;63.24128341674805
FAS;2019-05-06;60.109031677246094
FAS;2019-05-13;58.40670394897461
FAS;2019-05-20;58.02367401123047
FAS;2019-05-27;54.19344711303711
FAS;2019-06-03;60.73887634277344
FAS;2019-06-10;61.43682861328125
FAS;2019-06-17;62.53483200073242
FAS;2019-06-24;63.11677551269531
FAS;2019-07-01;67.35697174072266
FAS;2019-07-08;68.61109161376953
FAS;2019-07-15;65.87247467041016
FAS;2019-07-22;70.14678955078125
FAS;2019-07-29;64.0978775024414
FAS;2019-08-05;62.79256820678711
FAS;2019-08-12;60.05390930175781
FAS;2019-08-19;57.31526565551758
FAS;2019-08-26;61.879669189453125
FAS;2019-09-02;65.54828643798828
FAS;2019-09-09;67.5190658569336
FAS;2019-09-16;66.83653259277344
FAS;2019-09-23;66.16162872314453
FAS;2019-09-30;63.7767448425293
FAS;2019-10-07;64.3665542602539
FAS;2019-10-14;66.55481719970703
FAS;2019-10-21;68.73460388183594
FAS;2019-10-28;71.33316802978516
FAS;2019-11-04;72.88037109375
FAS;2019-11-11;73.77790069580078
FAS;2019-11-18;74.12837219238281
FAS;2019-11-25;77.01760864257812
FAS;2019-12-02;77.23985290527344
FAS;2019-12-09;78.20578002929688
FAS;2019-12-16;80.33422088623047
FAS;2019-12-23;81.03253936767578
FAS;2019-12-30;80.88705444335938
FAS;2020-01-06;81.76850891113281
FAS;2020-01-13;86.62068939208984
FAS;2020-01-20;83.89080047607422
FAS;2020-01-27;79.65473937988281
FAS;2020-02-03;86.42385864257812
FAS;2020-02-10;91.60124969482422
FAS;2020-02-17;89.05105590820312
FAS;2020-02-24;57.644432067871094
FAS;2020-03-02;53.81916809082031
FAS;2020-03-09;34.86392593383789
FAS;2020-03-16;15.292550086975098
FAS;2020-03-23;20.898029327392578
FAS;2020-03-30;16.540678024291992
FAS;2020-04-06;27.0587215423584
FAS;2020-04-13;23.978376388549805
FAS;2020-04-20;21.86441993713379
FAS;2020-04-27;22.95159339904785
FAS;2020-05-04;24.73767852783203
FAS;2020-05-11;20.906652450561523
FAS;2020-05-18;23.995630264282227
FAS;2020-05-25;27.852535247802734
FAS;2020-06-01;36.55861282348633
FAS;2020-06-08;28.473785400390625
FAS;2020-06-15;28.732637405395508
FAS;2020-06-22;25.06657600402832
FAS;2020-06-29;27.260543823242188
FAS;2020-07-06;27.597421646118164
FAS;2020-07-13;28.953533172607422
FAS;2020-07-20;29.5408935546875
FAS;2020-07-27;30.206005096435547
FAS;2020-08-03;32.89231872558594
FAS;2020-08-10;33.03915786743164
FAS;2020-08-17;31.423925399780273
FAS;2020-08-24;35.362701416015625
FAS;2020-08-31;33.67835235595703
FAS;2020-09-07;31.112953186035156
FAS;2020-09-14;31.25116729736328
FAS;2020-09-21;27.523435592651367
FAS;2020-09-28;30.308656692504883
FAS;2020-10-05;33.915584564208984
FAS;2020-10-12;33.06790542602539
FAS;2020-10-19;34.425926208496094
FAS;2020-10-26;29.071735382080078
FAS;2020-11-02;33.05926513671875
FAS;2020-11-09;40.80076217651367
FAS;2020-11-16;41.5359992980957
FAS;2020-11-23;46.87287521362305
FAS;2020-11-30;49.41590118408203
FAS;2020-12-07;47.115081787109375
FAS;2020-12-14;47.48700714111328
FAS;2020-12-21;49.95270538330078
FAS;2020-12-28;52.66385269165039
FAS;2021-01-04;60.01774978637695
FAS;2021-01-11;60.043731689453125
FAS;2021-01-18;56.89081954956055
FAS;2021-01-25;49.38103103637695
FAS;2021-02-01;59.506690979003906
FAS;2021-02-08;63.38719940185547
FAS;2021-02-15;68.5236587524414
FAS;2021-02-22;67.4062728881836
FAS;2021-03-01;75.35781860351562
FAS;2021-03-08;83.04950714111328
FAS;2021-03-15;79.60211944580078
FAS;2021-03-22;81.05443572998047
FAS;2021-03-29;81.53150177001953
FAS;2021-04-05;86.04224395751953
FAS;2021-04-12;88.17617797851562
FAS;2021-04-19;88.410400390625
FAS;2021-04-26;93.83193969726562
FAS;2021-05-03;105.33432006835938
FAS;2021-05-10;105.51647186279297
FAS;2021-05-17;102.53244018554688
FAS;2021-05-24;105.61190032958984
FAS;2021-05-31;108.68266296386719
FAS;2021-06-07;101.48284149169922
FAS;2021-06-14;83.786865234375
FAS;2021-06-21;97.17411041259766
FAS;2021-06-28;96.7484359741211
FAS;2021-07-05;94.24681091308594
FAS;2021-07-12;89.64302825927734
FAS;2021-07-19;90.54643249511719
FAS;2021-07-26;92.92649841308594
FAS;2021-08-02;102.92445373535156
FAS;2021-08-09;108.57926177978516
FAS;2021-08-16;101.49990844726562
FAS;2021-08-23;112.14067077636719
FAS;2021-08-30;106.10366821289062
FAS;2021-09-06;101.4477767944336
FAS;2021-09-13;101.2566909790039
FAS;2021-09-20;105.94918060302734
FAS;2021-09-27;104.94883728027344
FAS;2021-10-04;112.84716796875
FAS;2021-10-11;117.62271881103516
FAS;2021-10-18;128.1219482421875
FAS;2021-10-25;125.87772369384766
FAS;2021-11-01;124.68598175048828
FAS;2021-11-08;124.95563507080078
FAS;2021-11-15;115.52635955810547
FAS;2021-11-22;113.16901397705078
FAS;2021-11-29;105.73169708251953
FAS;2021-12-06;112.89937591552734
FAS;2021-12-13;108.13250732421875
FAS;2021-12-20;112.37330627441406
FAS;2021-12-27;114.06602478027344
FAS;2022-01-03;130.58302307128906
FAS;2022-01-10;128.0614471435547
FAS;2022-01-17;104.2936782836914
FAS;2022-01-24;108.2462387084961
FAS;2022-01-31;119.80728149414062
FAS;2022-02-07;118.00117492675781
FAS;2022-02-14;109.99129486083984
FAS;2022-02-21;108.86573791503906
FAS;2022-02-28;94.44277954101562
FAS;2022-03-07;87.4800033569336
FAS;2022-03-14;106.14344024658203
FAS;2022-03-21;111.01216888427734
FAS;2022-03-28;101.71098327636719
FAS;2022-04-04;97.21744537353516
FAS;2022-04-11;90.3855209350586
FAS;2022-04-18;84.26036071777344
FAS;2022-04-25;72.60331726074219
FAS;2022-05-02;74.13899230957031
FAS;2022-05-09;67.14128112792969
FAS;2022-05-16;63.76459884643555
FAS;2022-05-23;79.64466094970703
FAS;2022-05-30;75.0376968383789
FAS;2022-06-06;60.68456268310547
FAS;2022-06-13;51.39209747314453
FAS;2022-06-20;60.20881271362305
FAS;2022-06-27;57.28013229370117
FAS;2022-07-04;58.31172180175781
FAS;2022-07-11;56.02995300292969
FAS;2022-07-18;61.10054016113281
FAS;2022-07-25;66.91422271728516
FAS;2022-08-01;66.65194702148438
FAS;2022-08-08;77.94712829589844
FAS;2022-08-15;73.90814971923828
FAS;2022-08-22;65.79520416259766
FAS;2022-08-29;60.94318771362305
FAS;2022-09-05;69.22222137451172
FAS;2022-09-12;61.319095611572266
FAS;2022-09-19;51.388797760009766
FAS;2022-09-26;47.539031982421875
FAS;2022-10-03;49.80154037475586
FAS;2022-10-10;49.82784652709961
FAS;2022-10-17;55.28242874145508
FAS;2022-10-24;65.97234344482422
FAS;2022-10-31;64.2623291015625
FAS;2022-11-07;75.28548431396484
FAS;2022-11-14;71.85664367675781
FAS;2022-11-21;76.4693603515625
FAS;2022-11-28;74.94347381591797
FAS;2022-12-05;66.26173400878906
FAS;2022-12-12;61.157920837402344
FAS;2022-12-19;63.55270767211914
FAS;2022-12-26;64.8038558959961
FAS;2023-01-02;71.42961120605469
FAS;2023-01-09;75.70287322998047
FAS;2023-01-16;70.6806869506836
FAS;2023-01-23;76.00244903564453
FAS;2023-01-30;78.10824584960938
FAS;2023-02-06;77.17427062988281
FAS;2023-02-13;76.22273254394531
FAS;2023-02-20;71.54414367675781
FAS;2023-02-27;73.2270278930664
FAS;2023-03-06;55.45552444458008
FAS;2023-03-13;45.40234375
FAS;2023-03-20;45.82701873779297
FAS;2023-03-27;50.97096252441406
FAS;2023-04-03;50.016414642333984
FAS;2023-04-10;54.267677307128906
FAS;2023-04-17;55.761356353759766
FAS;2023-04-24;55.26640701293945
FAS;2023-05-01;50.7057991027832
FAS;2023-05-08;48.655296325683594
FAS;2023-05-15;51.78409194946289
FAS;2023-05-22;49.18560791015625
FAS;2023-05-29;52.23484420776367
FAS;2023-06-05;53.86109924316406
FAS;2023-06-12;55.71717071533203
FAS;2023-06-19;52.23906707763672
FAS;2023-06-26;56.76568603515625
FAS;2023-07-03;56.00678253173828
FAS;2023-07-10;59.238800048828125
FAS;2023-07-17;64.4350357055664
FAS;2023-07-24;63.85470199584961
FAS;2023-07-31;62.2119026184082
FAS;2023-08-07;62.01547622680664
FAS;2023-08-14;56.79246139526367
FAS;2023-08-21;56.69425582885742
FAS;2023-08-28;60.10484313964844
FAS;2023-09-04;58.042423248291016
FAS;2023-09-11;60.461971282958984
FAS;2023-09-18;55.342063903808594
FAS;2023-09-25;52.69690704345703
FAS;2023-10-02;51.78230667114258
FAS;2023-10-09;52.3830680847168
FAS;2023-10-16;47.63972473144531
FAS;2023-10-23;44.142738342285156
FAS;2023-10-30;54.427467346191406
FAS;2023-11-06;54.81303024291992
FAS;2023-11-13;60.1123161315918
FAS;2023-11-20;61.762168884277344
FAS;2023-11-27;65.74336242675781
FAS;2023-12-04;65.43850708007812
FAS;2023-12-11;72.15451049804688
FAS;2023-12-18;72.81349182128906
FAS;2023-12-25;74.4714126586914
FAS;2024-01-01;74.8588638305664
FAS;2024-01-08;73.71453094482422
FAS;2024-01-15;75.6607894897461
FAS;2024-01-22;79.7335205078125
FAS;2024-01-29;81.54463195800781
FAS;2024-02-05;81.8509750366211
FAS;2024-02-12;85.18485260009766
FAS;2024-02-19;89.04132080078125
FAS;2024-02-26;88.89716339111328
FAS;2024-03-04;90.906494140625
FAS;2024-03-11;92.05982208251953
FAS;2024-03-18;96.8155517578125
FAS;2024-03-25;101.45421600341797
FAS;2024-04-01;97.1953125
FAS;2024-04-08;87.00468444824219
FAS;2024-04-15;88.55091857910156
FAS;2024-04-22;90.99231719970703
FAS;2024-04-29;89.3647232055664
FAS;2024-05-06;97.60222625732422
FAS;2024-05-13;101.5627212524414
FAS;2024-05-20;95.2693099975586
FAS;2024-05-27;95.25122833251953
FAS;2024-06-03;93.73213195800781
FAS;2024-06-10;88.13495635986328
FAS;2024-06-17;92.39386749267578
FAS;2024-06-24;91.55326843261719
FAS;2024-07-01;93.91938018798828
FAS;2024-07-08;99.63069915771484
FAS;2024-07-15;102.84896850585938
FAS;2024-07-22;106.40267944335938
FAS;2024-07-29;96.25829315185547
FAS;2024-08-05;97.73597717285156
FAS;2024-08-12;107.10979461669922
FAS;2024-08-19;111.6788330078125
FAS;2024-08-26;121.53314208984375
FAS;2024-09-02;110.13768768310547
FAS;2024-09-09;111.5337905883789
FAS;2024-09-16;119.00383758544922
FAS;2024-09-23;116.70915222167969
FAS;2024-09-30;120.36228942871094
FAS;2024-10-07;126.4053955078125
FAS;2024-10-14;135.78355407714844
FAS;2024-10-21;127.1051025390625
FAS;2024-10-28;126.13276672363281
FAS;2024-11-04;146.5884552001953
FAS;2024-11-11;152.3589324951172
FAS;2024-11-18;159.5924530029297
FAS;2024-11-25;165.39022827148438
FAS;2024-12-02;156.0483856201172
FAS;2024-12-09;146.83380126953125
FAS;2024-12-16;137.46470642089844
FAS;2024-12-23;140.87770080566406
FAS;2024-12-30;139.4127960205078
FAS;2025-01-06;128.15750122070312
FAS;2025-01-13;152.32408142089844
FAS;2025-01-20;157.43765258789062
FAS;2025-01-27;163.3336944580078
FAS;2025-02-03;165.7266845703125
FAS;2025-02-10;164.98971557617188
FAS;2025-02-17;154.8899688720703
FAS;2025-02-24;167.93771362304688
FAS;2025-03-03;138.80316162109375
FAS;2025-03-10;133.11636352539062
FAS;2025-03-17;140.04969787597656
FAS;2025-03-24;139.00244140625
FAS;2025-03-31;98.04261016845703
FAS;2025-04-07;112.48668670654297
FAS;2025-04-14;112.32243347167969
FAS;2025-04-21;121.67504119873047
FAS;2025-04-28;134.73219299316406
FAS;2025-05-05;135.05154418945312
FAS;2025-05-12;149.44996643066406
FAS;2025-05-19;135.58987426757812
FAS;2025-05-26;142.36024475097656
FAS;2025-06-02;145.2344512939453
FAS;2025-06-09;133.75584411621094
FAS;2025-06-16;136.52056884765625
FAS;2025-06-23;150.58724975585938
FAS;2025-06-30;161.690673828125
FAS;2025-07-07;151.89622497558594
FAS;2025-07-14;154.58743286132812
FAS;2025-07-21;162.3955078125
FAS;2025-07-28;143.93252563476562
FAS;2025-08-04;147.28274536132812
FAS;2025-08-11;152.1067657470703
FAS;2025-08-18;161.39776611328125
FAS;2025-08-25;164.7754364013672
FAS;2025-09-01;156.0611572265625
FAS;2025-09-08;162.07513427734375
FAS;2025-09-15;165.43453979492188
FAS;2025-09-22;163.41720581054688
FAS;2025-09-29;161.82101440429688
FAS;2025-10-06;147.68460083007812
FAS;2025-10-13;146.9507293701172
FAS;2025-10-20;154.42713928222656
FAS;2025-10-27;147.32684326171875
FAS;2025-11-03;150.65682983398438
FAS;2025-11-10;147.50112915039062
FAS;2025-11-17;140.56593322753906
FAS;2025-11-24;153.84922790527344
FAS;2025-12-01;156.6012725830078
FAS;2025-12-08;167.64370727539062
FAS;2025-12-15;166.654541015625
FAS;2025-12-22;174.89659118652344
FAS;2025-12-29;168.18504333496094
FAS;2026-01-05;174.95606994628906
FAS;2026-01-12;162.4747772216797
FAS;2026-01-19;149.92410278320312
FAS;2026-01-26;152.7098388671875
FAS;2026-02-02;158.9554443359375
FAS;2026-02-09;136.81825256347656
FAS;2026-02-16;142.98455810546875
FAS;2026-02-23;133.62606811523438
FAS;2026-03-02;126.5576400756836
FAS;2026-03-09;113.84833526611328
FAS;2026-03-16;115.01815032958984
FAS;2026-03-23;107.52442932128906
FAS;2026-03-30;119.2324447631836
FAS;2026-04-06;127.8714599609375
FAS;2026-04-13;140.32679748535156
FAS;2026-04-20;132.20591735839844
FAS;2026-04-27;135.52401733398438
FAS;2026-05-04;129.94403076171875
FAS;2026-05-11;128.57891845703125
FAS;2026-05-18;134.42794799804688
FAS;2026-05-25;131.40878295898438
FAS;2026-06-01;136.3311309814453
FAS;2026-06-08;144.36233520507812
FAS;2026-06-15;145.8470001220703
FAS;2026-06-22;147.00999450683594
FAS;2026-06-29;163.85000610351562
FAS;2026-07-06;163.97000122070312
FAS;2026-07-13;168.4199981689453
FAS;2026-07-20;168.74000549316406
FAS;2026-07-27;174.02000427246094
FAS;2026-08-03;179.57000732421875
FAS;2026-08-10;184.5500030517578
FAS;2026-08-17;177.52000427246094
FAS;2026-08-24;182.72999572753906
FAS;2026-08-31;182.1300048828125
FAS;2026-09-07;173.91000366210938
FAS;2026-09-14;161.85000610351562
FAS;2026-09-16;161.85000610351562
SOXL;2010-03-08;0.5860058069229126
SOXL;2010-03-15;0.5920699238777161
SOXL;2010-03-22;0.6251230835914612
SOXL;2010-03-29;0.6461977362632751
SOXL;2010-04-05;0.6903186440467834
SOXL;2010-04-12;0.7906906604766846
SOXL;2010-04-19;0.8234401941299438
SOXL;2010-04-26;0.6797057390213013
SOXL;2010-05-03;0.5265706777572632
SOXL;2010-05-10;0.549465537071228
SOXL;2010-05-17;0.5223259925842285
SOXL;2010-05-24;0.5484036803245544
SOXL;2010-05-31;0.5109544992446899
SOXL;2010-06-07;0.5092861652374268
SOXL;2010-06-14;0.6057155132293701
SOXL;2010-06-21;0.5159579515457153
SOXL;2010-06-28;0.42544177174568176
SOXL;2010-07-05;0.5045866370201111
SOXL;2010-07-12;0.4933663010597229
SOXL;2010-07-19;0.556136429309845
SOXL;2010-07-26;0.4868473708629608
SOXL;2010-08-02;0.5000380873680115
SOXL;2010-08-09;0.3842008709907532
SOXL;2010-08-16;0.4001208245754242
SOXL;2010-08-23;0.3772270679473877
SOXL;2010-08-30;0.39845332503318787
SOXL;2010-09-06;0.35766837000846863
SOXL;2010-09-13;0.4181639850139618
SOXL;2010-09-20;0.45953628420829773
SOXL;2010-09-27;0.4677260220050812
SOXL;2010-10-04;0.4754607081413269
SOXL;2010-10-11;0.5038217902183533
SOXL;2010-10-18;0.5003331303596497
SOXL;2010-10-25;0.5688849687576294
SOXL;2010-11-01;0.660943329334259
SOXL;2010-11-08;0.613624632358551
SOXL;2010-11-15;0.6342511177062988
SOXL;2010-11-22;0.6799015998840332
SOXL;2010-11-29;0.7634671926498413
SOXL;2010-12-06;0.7865195274353027
SOXL;2010-12-13;0.7567943334579468
SOXL;2010-12-20;0.7583104372024536
SOXL;2010-12-27;0.7581594586372375
SOXL;2011-01-03;0.8342930674552917
SOXL;2011-01-10;0.9936899542808533
SOXL;2011-01-17;0.8652322292327881
SOXL;2011-01-24;0.905271053314209
SOXL;2011-01-31;1.0587533712387085
SOXL;2011-02-07;1.0579956769943237
SOXL;2011-02-14;1.1191143989562988
SOXL;2011-02-21;1.052990198135376
SOXL;2011-02-28;1.0258426666259766
SOXL;2011-03-07;0.8176107406616211
SOXL;2011-03-14;0.768471896648407
SOXL;2011-03-21;0.8631089329719543
SOXL;2011-03-28;0.8406628966331482
SOXL;2011-04-04;0.8796406388282776
SOXL;2011-04-11;0.8280752301216125
SOXL;2011-04-18;0.8923802375793457
SOXL;2011-04-25;0.9327221512794495
SOXL;2011-05-02;0.8963233232498169
SOXL;2011-05-09;0.8800957798957825
SOXL;2011-05-16;0.8289851546287537
SOXL;2011-05-23;0.8309570550918579
SOXL;2011-05-30;0.7478457689285278
SOXL;2011-06-06;0.664432168006897
SOXL;2011-06-13;0.5923922657966614
SOXL;2011-06-20;0.6108948588371277
SOXL;2011-06-27;0.7399598360061646
SOXL;2011-07-04;0.7112957835197449
SOXL;2011-07-11;0.5923922657966614
SOXL;2011-07-18;0.6745929718017578
SOXL;2011-07-25;0.5737378597259521
SOXL;2011-08-01;0.4170704483985901
SOXL;2011-08-08;0.4267772138118744
SOXL;2011-08-15;0.3248603343963623
SOXL;2011-08-22;0.3820365369319916
SOXL;2011-08-29;0.3676289916038513
SOXL;2011-09-05;0.38764840364456177
SOXL;2011-09-12;0.5057929754257202
SOXL;2011-09-19;0.4205594062805176
SOXL;2011-09-26;0.3489746153354645
SOXL;2011-10-03;0.40160101652145386
SOXL;2011-10-10;0.4865325391292572
SOXL;2011-10-17;0.44861653447151184
SOXL;2011-10-24;0.5397657752037048
SOXL;2011-10-31;0.5162577033042908
SOXL;2011-11-07;0.5106467008590698
SOXL;2011-11-14;0.4340570569038391
SOXL;2011-11-21;0.3424527645111084
SOXL;2011-11-28;0.43663492798805237
SOXL;2011-12-05;0.4390619099140167
SOXL;2011-12-12;0.364292174577713
SOXL;2011-12-19;0.40842583775520325
SOXL;2011-12-26;0.39371511340141296
SOXL;2012-01-02;0.4292041063308716
SOXL;2012-01-09;0.4568063020706177
SOXL;2012-01-16;0.5716149210929871
SOXL;2012-01-23;0.5684298276901245
SOXL;2012-01-30;0.623786449432373
SOXL;2012-02-06;0.5937572121620178
SOXL;2012-02-13;0.6469907760620117
SOXL;2012-02-20;0.6107436418533325
SOXL;2012-02-27;0.5943642258644104
SOXL;2012-03-05;0.6014919877052307
SOXL;2012-03-12;0.6536635160446167
SOXL;2012-03-19;0.6563935279846191
SOXL;2012-03-26;0.6676170825958252
SOXL;2012-04-02;0.598459005355835
SOXL;2012-04-09;0.5679749250411987
SOXL;2012-04-16;0.5224764943122864
SOXL;2012-04-23;0.5597851872444153
SOXL;2012-04-30;0.4906271696090698
SOXL;2012-05-07;0.47894853353500366
SOXL;2012-05-14;0.3762738108634949
SOXL;2012-05-21;0.39978107810020447
SOXL;2012-05-28;0.34169474244117737
SOXL;2012-06-04;0.3967481255531311
SOXL;2012-06-11;0.4020560383796692
SOXL;2012-06-18;0.40857774019241333
SOXL;2012-06-25;0.4276871383190155
SOXL;2012-07-02;0.40160101652145386
SOXL;2012-07-09;0.34199774265289307
SOXL;2012-07-16;0.362927109003067
SOXL;2012-07-23;0.4204075336456299
SOXL;2012-07-30;0.439819872379303
SOXL;2012-08-06;0.4960871636867523
SOXL;2012-08-13;0.4960871636867523
SOXL;2012-08-20;0.47197285294532776
SOXL;2012-08-27;0.46165913343429565
SOXL;2012-09-03;0.47894853353500366
SOXL;2012-09-10;0.4957832098007202
SOXL;2012-09-17;0.45468345284461975
SOXL;2012-09-24;0.4088808000087738
SOXL;2012-10-01;0.41358262300491333
SOXL;2012-10-08;0.36125919222831726
SOXL;2012-10-15;0.35519248247146606
SOXL;2012-10-22;0.3601972460746765
SOXL;2012-10-29;0.37430185079574585
SOXL;2012-11-05;0.36656710505485535
SOXL;2012-11-12;0.3278931677341461
SOXL;2012-11-19;0.36368614435195923
SOXL;2012-11-26;0.379761666059494
SOXL;2012-12-03;0.39477619528770447
SOXL;2012-12-10;0.4009949564933777
SOXL;2012-12-17;0.41358262300491333
SOXL;2012-12-24;0.3874964118003845
SOXL;2012-12-31;0.44998157024383545
SOXL;2013-01-07;0.4693940579891205
SOXL;2013-01-14;0.49532803893089294
SOXL;2013-01-21;0.511859655380249
SOXL;2013-01-28;0.530666172504425
SOXL;2013-02-04;0.5479556918144226
SOXL;2013-02-11;0.5631210803985596
SOXL;2013-02-18;0.5467416048049927
SOXL;2013-02-25;0.5461354851722717
SOXL;2013-03-04;0.5861746668815613
SOXL;2013-03-11;0.5816246867179871
SOXL;2013-03-18;0.5632733106613159
SOXL;2013-03-25;0.5887524485588074
SOXL;2013-04-01;0.5189876556396484
SOXL;2013-04-08;0.5738899111747742
SOXL;2013-04-15;0.5073098540306091
SOXL;2013-04-22;0.5770748257637024
SOXL;2013-04-29;0.6400138139724731
SOXL;2013-05-06;0.707200825214386
SOXL;2013-05-13;0.727675199508667
SOXL;2013-05-20;0.6880913972854614
SOXL;2013-05-27;0.7261582612991333
SOXL;2013-06-03;0.7313149571418762
SOXL;2013-06-10;0.7026511430740356
SOXL;2013-06-17;0.679294764995575
SOXL;2013-06-24;0.7115985751152039
SOXL;2013-07-01;0.7473907470703125
SOXL;2013-07-08;0.810937762260437
SOXL;2013-07-15;0.7944062352180481
SOXL;2013-07-22;0.7301012277603149
SOXL;2013-07-29;0.7784817814826965
SOXL;2013-08-05;0.7267652153968811
SOXL;2013-08-12;0.6824796199798584
SOXL;2013-08-19;0.6900623440742493
SOXL;2013-08-26;0.6615500450134277
SOXL;2013-09-02;0.7378358840942383
SOXL;2013-09-09;0.7995630502700806
SOXL;2013-09-16;0.8244354128837585
SOXL;2013-09-23;0.811998724937439
SOXL;2013-09-30;0.8449097275733948
SOXL;2013-10-07;0.8435446619987488
SOXL;2013-10-14;0.8860105276107788
SOXL;2013-10-21;0.8312603831291199
SOXL;2013-10-28;0.8778207898139954
SOXL;2013-11-04;0.8549193739891052
SOXL;2013-11-11;0.8973852396011353
SOXL;2013-11-18;0.8758489489555359
SOXL;2013-11-25;0.9067878127098083
SOXL;2013-12-02;0.9368171095848083
SOXL;2013-12-09;0.880853533744812
SOXL;2013-12-16;0.9704864025115967
SOXL;2013-12-23;1.0129516124725342
SOXL;2013-12-30;0.9961170554161072
SOXL;2014-01-06;1.0344866514205933
SOXL;2014-01-13;1.0564786195755005
SOXL;2014-01-20;1.0006670951843262
SOXL;2014-01-27;1.0018799304962158
SOXL;2014-02-03;1.036610722541809
SOXL;2014-02-10;1.1831166744232178
SOXL;2014-02-17;1.1994962692260742
SOXL;2014-02-24;1.2132970094680786
SOXL;2014-03-03;1.2859433889389038
SOXL;2014-03-10;1.2052587270736694
SOXL;2014-03-17;1.3358399868011475
SOXL;2014-03-24;1.3009581565856934
SOXL;2014-03-31;1.3068729639053345
SOXL;2014-04-07;1.1764426231384277
SOXL;2014-04-14;1.292313575744629
SOXL;2014-04-21;1.2463600635528564
SOXL;2014-04-28;1.2660751342773438
SOXL;2014-05-05;1.2747197151184082
SOXL;2014-05-12;1.272141933441162
SOXL;2014-05-19;1.368144154548645
SOXL;2014-05-26;1.4397293329238892
SOXL;2014-06-02;1.568945050239563
SOXL;2014-06-09;1.6478086709976196
SOXL;2014-06-16;1.7152985334396362
SOXL;2014-06-23;1.6629750728607178
SOXL;2014-06-30;1.8354151248931885
SOXL;2014-07-07;1.7782388925552368
SOXL;2014-07-14;1.7738398313522339
SOXL;2014-07-21;1.5542335510253906
SOXL;2014-07-28;1.5020618438720703
SOXL;2014-08-04;1.478250503540039
SOXL;2014-08-11;1.6164147853851318
SOXL;2014-08-18;1.7404754161834717
SOXL;2014-08-25;1.7868835926055908
SOXL;2014-09-01;1.836931824684143
SOXL;2014-09-08;1.7410809993743896
SOXL;2014-09-15;1.8166086673736572
SOXL;2014-09-22;1.7606452703475952
SOXL;2014-09-29;1.5954850912094116
SOXL;2014-10-06;1.1423187255859375
SOXL;2014-10-13;1.2223966121673584
SOXL;2014-10-20;1.4650561809539795
SOXL;2014-10-27;1.6758668422698975
SOXL;2014-11-03;1.648263692855835
SOXL;2014-11-10;1.7118107080459595
SOXL;2014-11-17;1.8558892011642456
SOXL;2014-11-24;2.047438621520996
SOXL;2014-12-01;2.2139647006988525
SOXL;2014-12-08;1.9227724075317383
SOXL;2014-12-15;2.0465285778045654
SOXL;2014-12-22;2.141090154647827
SOXL;2014-12-29;2.044933319091797
SOXL;2015-01-05;2.0240025520324707
SOXL;2015-01-12;1.8322943449020386
SOXL;2015-01-19;1.9715259075164795
SOXL;2015-01-26;1.7408393621444702
SOXL;2015-02-02;1.8958430290222168
SOXL;2015-02-09;2.1838605403900146
SOXL;2015-02-16;2.243314743041992
SOXL;2015-02-23;2.278500556945801
SOXL;2015-03-02;2.253474473953247
SOXL;2015-03-09;2.2047901153564453
SOXL;2015-03-16;2.4209165573120117
SOXL;2015-03-23;2.052971363067627
SOXL;2015-03-30;2.004133462905884
SOXL;2015-04-06;2.179309606552124
SOXL;2015-04-13;2.0597963333129883
SOXL;2015-04-20;2.035529136657715
SOXL;2015-04-27;2.1327478885650635
SOXL;2015-05-04;2.1025660037994385
SOXL;2015-05-11;2.174001932144165
SOXL;2015-05-18;2.2731924057006836
SOXL;2015-05-25;2.5122199058532715
SOXL;2015-06-01;2.327185869216919
SOXL;2015-06-08;2.2064590454101562
SOXL;2015-06-15;2.2913923263549805
SOXL;2015-06-22;2.059645175933838
SOXL;2015-06-29;1.943770408630371
SOXL;2015-07-06;1.7174822092056274
SOXL;2015-07-13;1.778756856918335
SOXL;2015-07-20;1.5870486497879028
SOXL;2015-07-27;1.6143488883972168
SOXL;2015-08-03;1.5439753532409668
SOXL;2015-08-10;1.4984750747680664
SOXL;2015-08-17;1.162379264831543
SOXL;2015-08-24;1.3516603708267212
SOXL;2015-08-31;1.2418538331985474
SOXL;2015-09-07;1.3486274480819702
SOXL;2015-09-14;1.3128339052200317
SOXL;2015-09-21;1.19999361038208
SOXL;2015-09-28;1.2861400842666626
SOXL;2015-10-05;1.4214280843734741
SOXL;2015-10-12;1.5761289596557617
SOXL;2015-10-19;1.8048430681228638
SOXL;2015-10-26;1.634975790977478
SOXL;2015-11-02;1.7332565784454346
SOXL;2015-11-09;1.4942281246185303
SOXL;2015-11-16;1.655602216720581
SOXL;2015-11-23;1.6920026540756226
SOXL;2015-11-30;1.8497371673583984
SOXL;2015-12-07;1.611921787261963
SOXL;2015-12-14;1.560355305671692
SOXL;2015-12-21;1.7065620422363281
SOXL;2015-12-28;1.624056100845337
SOXL;2016-01-04;1.1927136182785034
SOXL;2016-01-11;1.0319453477859497
SOXL;2016-01-18;1.1635934114456177
SOXL;2016-01-25;1.2442799806594849
SOXL;2016-02-01;1.0816925764083862
SOXL;2016-02-08;0.9973654747009277
SOXL;2016-02-15;1.1787594556808472
SOXL;2016-02-22;1.2903871536254883
SOXL;2016-02-29;1.462074875831604
SOXL;2016-03-07;1.5154613256454468
SOXL;2016-03-14;1.6264820098876953
SOXL;2016-03-21;1.5609616041183472
SOXL;2016-03-28;1.670769214630127
SOXL;2016-04-04;1.5906885862350464
SOXL;2016-04-11;1.6058554649353027
SOXL;2016-04-18;1.5730960369110107
SOXL;2016-04-25;1.4074746370315552
SOXL;2016-05-02;1.354694128036499
SOXL;2016-05-09;1.328607201576233
SOXL;2016-05-16;1.531841516494751
SOXL;2016-05-23;1.7569169998168945
SOXL;2016-05-30;1.8321433067321777
SOXL;2016-06-06;1.7799699306488037
SOXL;2016-06-13;1.7059561014175415
SOXL;2016-06-20;1.5894756317138672
SOXL;2016-06-27;1.6361888647079468
SOXL;2016-07-04;1.7532765865325928
SOXL;2016-07-11;1.9267833232879639
SOXL;2016-07-18;2.074204683303833
SOXL;2016-07-25;2.278045892715454
SOXL;2016-08-01;2.338712692260742
SOXL;2016-08-08;2.397559642791748
SOXL;2016-08-15;2.56136155128479
SOXL;2016-08-22;2.605041265487671
SOXL;2016-08-29;2.664494276046753
SOXL;2016-09-05;2.2889652252197266
SOXL;2016-09-12;2.5916941165924072
SOXL;2016-09-19;2.6171741485595703
SOXL;2016-09-26;2.918689012527466
SOXL;2016-10-03;2.935676097869873
SOXL;2016-10-10;2.6469016075134277
SOXL;2016-10-17;2.692401885986328
SOXL;2016-10-24;2.7336552143096924
SOXL;2016-10-31;2.5807743072509766
SOXL;2016-11-07;2.896848678588867
SOXL;2016-11-14;3.2851176261901855
SOXL;2016-11-21;3.490778923034668
SOXL;2016-11-28;2.991490125656128
SOXL;2016-12-05;3.4774322509765625
SOXL;2016-12-12;3.5696468353271484
SOXL;2016-12-19;3.90212082862854
SOXL;2016-12-26;3.6294357776641846
SOXL;2017-01-02;3.6529529094696045
SOXL;2017-01-09;3.8353796005249023
SOXL;2017-01-16;3.8970351219177246
SOXL;2017-01-23;4.308920860290527
SOXL;2017-01-30;4.331802845001221
SOXL;2017-02-06;4.320362567901611
SOXL;2017-02-13;4.500245571136475
SOXL;2017-02-20;4.453210830688477
SOXL;2017-02-27;4.45956563949585
SOXL;2017-03-06;4.709367275238037
SOXL;2017-03-13;4.897514343261719
SOXL;2017-03-20;4.870815753936768
SOXL;2017-03-27;4.978237152099609
SOXL;2017-04-03;4.793270587921143
SOXL;2017-04-10;4.2440876960754395
SOXL;2017-04-17;4.686484336853027
SOXL;2017-04-24;4.858739852905273
SOXL;2017-05-01;4.933106422424316
SOXL;2017-05-08;5.447968006134033
SOXL;2017-05-15;5.646918296813965
SOXL;2017-05-22;6.037829399108887
SOXL;2017-05-29;6.355644226074219
SOXL;2017-06-05;6.094401836395264
SOXL;2017-06-12;5.701583385467529
SOXL;2017-06-19;6.034650802612305
SOXL;2017-06-26;5.180367946624756
SOXL;2017-07-03;5.458137512207031
SOXL;2017-07-10;6.252036094665527
SOXL;2017-07-17;6.286994934082031
SOXL;2017-07-24;6.058169841766357
SOXL;2017-07-31;5.829344749450684
SOXL;2017-08-07;5.597975254058838
SOXL;2017-08-14;5.6685309410095215
SOXL;2017-08-21;5.792476654052734
SOXL;2017-08-28;6.442723751068115
SOXL;2017-09-04;6.0047760009765625
SOXL;2017-09-11;6.890843868255615
SOXL;2017-09-18;6.94677734375
SOXL;2017-09-25;7.3262481689453125
SOXL;2017-10-02;7.691098213195801
SOXL;2017-10-09;8.237738609313965
SOXL;2017-10-16;8.465925216674805
SOXL;2017-10-23;9.112361907958984
SOXL;2017-10-30;9.943765640258789
SOXL;2017-11-06;9.993341445922852
SOXL;2017-11-13;10.0855073928833
SOXL;2017-11-20;10.888307571411133
SOXL;2017-11-27;8.943921089172363
SOXL;2017-12-04;8.501524925231934
SOXL;2017-12-11;8.742424011230469
SOXL;2017-12-18;9.16122817993164
SOXL;2017-12-25;8.772540092468262
SOXL;2018-01-01;10.32665729522705
SOXL;2018-01-08;10.207060813903809
SOXL;2018-01-15;11.394124984741211
SOXL;2018-01-22;11.522624015808105
SOXL;2018-01-29;9.989500999450684
SOXL;2018-02-05;8.48881721496582
SOXL;2018-02-12;9.762393951416016
SOXL;2018-02-19;10.485696792602539
SOXL;2018-02-26;10.756065368652344
SOXL;2018-03-05;12.417692184448242
SOXL;2018-03-12;12.156233787536621
SOXL;2018-03-19;9.747124671936035
SOXL;2018-03-26;9.721678733825684
SOXL;2018-04-02;8.310056686401367
SOXL;2018-04-09;9.577910423278809
SOXL;2018-04-16;8.284610748291016
SOXL;2018-04-23;8.021242141723633
SOXL;2018-04-30;8.761087417602539
SOXL;2018-05-07;9.860360145568848
SOXL;2018-05-14;9.736949920654297
SOXL;2018-05-21;10.739523887634277
SOXL;2018-05-28;11.214092254638672
SOXL;2018-06-04;11.24589729309082
SOXL;2018-06-11;11.466009140014648
SOXL;2018-06-18;10.262670516967773
SOXL;2018-06-25;9.01967716217041
SOXL;2018-07-02;9.721488952636719
SOXL;2018-07-09;9.499025344848633
SOXL;2018-07-16;9.872559547424316
SOXL;2018-07-23;10.126256942749023
SOXL;2018-07-30;10.326415061950684
SOXL;2018-08-06;9.724039077758789
SOXL;2018-08-13;9.055373191833496
SOXL;2018-08-20;10.14601993560791
SOXL;2018-08-27;10.70887565612793
SOXL;2018-09-03;9.81072998046875
SOXL;2018-09-10;10.143471717834473
SOXL;2018-09-17;10.269684791564941
SOXL;2018-09-24;9.882783889770508
SOXL;2018-10-01;8.7923002243042
SOXL;2018-10-08;7.511326313018799
SOXL;2018-10-15;6.985896587371826
SOXL;2018-10-22;5.684472560882568
SOXL;2018-10-29;6.983340740203857
SOXL;2018-11-05;6.805641174316406
SOXL;2018-11-12;6.587670803070068
SOXL;2018-11-19;5.915864944458008
SOXL;2018-11-26;6.832488059997559
SOXL;2018-12-03;5.509328365325928
SOXL;2018-12-10;5.777795314788818
SOXL;2018-12-17;4.695616722106934
SOXL;2018-12-24;5.245683193206787
SOXL;2018-12-31;5.094927787780762
SOXL;2019-01-07;6.046937942504883
SOXL;2019-01-14;6.254148006439209
SOXL;2019-01-21;6.987401485443115
SOXL;2019-01-28;7.066308498382568
SOXL;2019-02-04;7.3023881912231445
SOXL;2019-02-11;8.134435653686523
SOXL;2019-02-18;8.37500286102295
SOXL;2019-02-25;8.342927932739258
SOXL;2019-03-04;7.546804904937744
SOXL;2019-03-11;8.839461326599121
SOXL;2019-03-18;8.963788986206055
SOXL;2019-03-25;8.839115142822266
SOXL;2019-04-01;10.440617561340332
SOXL;2019-04-08;10.828783988952637
SOXL;2019-04-15;12.15908432006836
SOXL;2019-04-22;11.885313034057617
SOXL;2019-04-29;12.425788879394531
SOXL;2019-05-06;10.339722633361816
SOXL;2019-05-13;8.707368850708008
SOXL;2019-05-20;7.061523914337158
SOXL;2019-05-27;6.8121724128723145
SOXL;2019-06-03;8.159826278686523
SOXL;2019-06-10;7.727960109710693
SOXL;2019-06-17;8.632821083068848
SOXL;2019-06-24;9.543662071228027
SOXL;2019-07-01;9.574557304382324
SOXL;2019-07-08;10.395122528076172
SOXL;2019-07-15;10.782556533813477
SOXL;2019-07-22;12.263437271118164
SOXL;2019-07-29;9.934959411621094
SOXL;2019-08-05;9.36796760559082
SOXL;2019-08-12;9.557178497314453
SOXL;2019-08-19;8.893004417419434
SOXL;2019-08-26;9.972289085388184
SOXL;2019-09-02;11.226629257202148
SOXL;2019-09-09;12.047194480895996
SOXL;2019-09-16;11.09598159790039
SOXL;2019-09-23;10.637829780578613
SOXL;2019-09-30;11.270294189453125
SOXL;2019-10-07;11.5365629196167
SOXL;2019-10-14;11.483051300048828
SOXL;2019-10-21;12.70994758605957
SOXL;2019-10-28;13.664125442504883
SOXL;2019-11-04;14.826553344726562
SOXL;2019-11-11;14.963878631591797
SOXL;2019-11-18;13.649299621582031
SOXL;2019-11-25;14.27660846710205
SOXL;2019-12-02;14.441658020019531
SOXL;2019-12-09;16.26620101928711
SOXL;2019-12-16;17.877355575561523
SOXL;2019-12-23;17.99726676940918
SOXL;2019-12-30;17.824951171875
SOXL;2020-01-06;18.125699996948242
SOXL;2020-01-13;19.562328338623047
SOXL;2020-01-20;19.75723648071289
SOXL;2020-01-27;15.722277641296387
SOXL;2020-02-03;17.682960510253906
SOXL;2020-02-10;20.367774963378906
SOXL;2020-02-17;18.293498992919922
SOXL;2020-02-24;13.230437278747559
SOXL;2020-03-02;12.818033218383789
SOXL;2020-03-09;8.384868621826172
SOXL;2020-03-16;4.127249717712402
SOXL;2020-03-23;5.908098220825195
SOXL;2020-03-30;5.267795085906982
SOXL;2020-04-06;6.987760066986084
SOXL;2020-04-13;8.300025939941406
SOXL;2020-04-20;8.077116012573242
SOXL;2020-04-27;7.178365707397461
SOXL;2020-05-04;8.97973918914795
SOXL;2020-05-11;7.8496809005737305
SOXL;2020-05-18;9.21298885345459
SOXL;2020-05-25;9.957316398620605
SOXL;2020-06-01;12.535325050354004
SOXL;2020-06-08;10.614418983459473
SOXL;2020-06-15;11.69472599029541
SOXL;2020-06-22;10.883538246154785
SOXL;2020-06-29;12.091744422912598
SOXL;2020-07-06;13.484184265136719
SOXL;2020-07-13;13.436347007751465
SOXL;2020-07-20;12.82998275756836
SOXL;2020-07-27;14.642611503601074
SOXL;2020-08-03;15.543109893798828
SOXL;2020-08-10;15.954248428344727
SOXL;2020-08-17;15.895423889160156
SOXL;2020-08-24;17.31501579284668
SOXL;2020-08-31;16.026002883911133
SOXL;2020-09-07;14.212728500366211
SOXL;2020-09-14;14.624513626098633
SOXL;2020-09-21;14.986519813537598
SOXL;2020-09-28;15.834010124206543
SOXL;2020-10-05;19.725605010986328
SOXL;2020-10-12;19.785724639892578
SOXL;2020-10-19;18.782440185546875
SOXL;2020-10-26;16.093231201171875
SOXL;2020-11-02;22.78005599975586
SOXL;2020-11-09;22.04505157470703
SOXL;2020-11-16;23.26941680908203
SOXL;2020-11-23;25.292783737182617
SOXL;2020-11-30;30.20964241027832
SOXL;2020-12-07;27.309043884277344
SOXL;2020-12-14;29.225107192993164
SOXL;2020-12-21;28.75780487060547
SOXL;2020-12-28;30.158811569213867
SOXL;2021-01-04;34.70512771606445
SOXL;2021-01-11;36.680904388427734
SOXL;2021-01-18;39.5572624206543
SOXL;2021-01-25;32.39124298095703
SOXL;2021-02-01;35.61284255981445
SOXL;2021-02-08;44.3886833190918
SOXL;2021-02-15;44.41455841064453
SOXL;2021-02-22;37.540771484375
SOXL;2021-03-01;31.760234832763672
SOXL;2021-03-08;32.40999221801758
SOXL;2021-03-15;33.69980239868164
SOXL;2021-03-22;36.56675720214844
SOXL;2021-03-29;41.146087646484375
SOXL;2021-04-05;43.15439987182617
SOXL;2021-04-12;41.47595977783203
SOXL;2021-04-19;38.95343780517578
SOXL;2021-04-26;35.80030822753906
SOXL;2021-05-03;35.829402923583984
SOXL;2021-05-10;30.978416442871094
SOXL;2021-05-17;33.12255859375
SOXL;2021-05-24;37.62427520751953
SOXL;2021-05-31;38.5556640625
SOXL;2021-06-07;38.313114166259766
SOXL;2021-06-14;36.207786560058594
SOXL;2021-06-21;39.44823455810547
SOXL;2021-06-28;42.028968811035156
SOXL;2021-07-05;40.5251579284668
SOXL;2021-07-12;35.66447448730469
SOXL;2021-07-19;40.31171798706055
SOXL;2021-07-26;43.06708526611328
SOXL;2021-08-02;45.24032974243164
SOXL;2021-08-09;42.1842041015625
SOXL;2021-08-16;39.22509765625
SOXL;2021-08-23;45.890357971191406
SOXL;2021-08-30;45.8321533203125
SOXL;2021-09-06;45.20152282714844
SOXL;2021-09-13;45.35675048828125
SOXL;2021-09-20;46.5209846496582
SOXL;2021-09-27;38.875816345214844
SOXL;2021-10-04;38.157875061035156
SOXL;2021-10-11;40.593082427978516
SOXL;2021-10-18;42.737213134765625
SOXL;2021-10-25;46.22992706298828
SOXL;2021-11-01;59.09475326538086
SOXL;2021-11-08;61.462032318115234
SOXL;2021-11-15;66.56526947021484
SOXL;2021-11-22;59.541038513183594
SOXL;2021-11-29;61.05454635620117
SOXL;2021-12-06;65.58538818359375
SOXL;2021-12-13;57.202857971191406
SOXL;2021-12-20;65.41693878173828
SOXL;2021-12-27;65.99922180175781
SOXL;2022-01-03;57.973724365234375
SOXL;2022-01-10;62.573585510253906
SOXL;2022-01-17;42.41766357421875
SOXL;2022-01-24;37.27436447143555
SOXL;2022-01-31;42.175048828125
SOXL;2022-02-07;38.3709602355957
SOXL;2022-02-14;38.45829391479492
SOXL;2022-02-21;40.54472351074219
SOXL;2022-02-28;33.74198913574219
SOXL;2022-03-07;29.782617568969727
SOXL;2022-03-14;38.01189422607422
SOXL;2022-03-21;40.775245666503906
SOXL;2022-03-28;35.223365783691406
SOXL;2022-04-04;27.4585018157959
SOXL;2022-04-11;24.857276916503906
SOXL;2022-04-18;23.731365203857422
SOXL;2022-04-25;21.58632469177246
SOXL;2022-05-02;22.6637020111084
SOXL;2022-05-09;21.828975677490234
SOXL;2022-05-16;19.761581420898438
SOXL;2022-05-23;24.517562866210938
SOXL;2022-05-30;23.226652145385742
SOXL;2022-06-06;18.257137298583984
SOXL;2022-06-13;13.297329902648926
SOXL;2022-06-20;15.365039825439453
SOXL;2022-06-27;11.273528099060059
SOXL;2022-07-04;13.518512725830078
SOXL;2022-07-11;14.684738159179688
SOXL;2022-07-18;17.15325355529785
SOXL;2022-07-25;19.271896362304688
SOXL;2022-08-01;20.95320701599121
SOXL;2022-08-08;20.992082595825195
SOXL;2022-08-15;18.630475997924805
SOXL;2022-08-22;15.530254364013672
SOXL;2022-08-29;12.498064994812012
SOXL;2022-09-05;14.237687110900879
SOXL;2022-09-12;11.7205810546875
SOXL;2022-09-19;9.779620170593262
SOXL;2022-09-26;8.63882827758789
SOXL;2022-10-03;8.980090141296387
SOXL;2022-10-10;6.7570061683654785
SOXL;2022-10-17;8.365817070007324
SOXL;2022-10-24;9.26285171508789
SOXL;2022-10-31;8.765583038330078
SOXL;2022-11-07;12.889986038208008
SOXL;2022-11-14;12.178211212158203
SOXL;2022-11-21;12.53897476196289
SOXL;2022-11-28;12.704730987548828
SOXL;2022-12-05;12.012455940246582
SOXL;2022-12-12;10.832660675048828
SOXL;2022-12-19;9.560093879699707
SOXL;2022-12-26;9.46224308013916
SOXL;2023-01-02;10.636460304260254
SOXL;2023-01-09;12.671771049499512
SOXL;2023-01-16;12.515209197998047
SOXL;2023-01-23;14.658158302307129
SOXL;2023-01-30;16.566261291503906
SOXL;2023-02-06;15.460541725158691
SOXL;2023-02-13;15.166987419128418
SOXL;2023-02-20;14.002553939819336
SOXL;2023-02-27;15.343118667602539
SOXL;2023-03-06;13.748137474060059
SOXL;2023-03-13;15.78345012664795
SOXL;2023-03-20;16.238439559936523
SOXL;2023-03-27;17.933818817138672
SOXL;2023-04-03;15.346647262573242
SOXL;2023-04-10;15.268247604370117
SOXL;2023-04-17;14.562655448913574
SOXL;2023-04-24;13.945261001586914
SOXL;2023-05-01;14.180458068847656
SOXL;2023-05-08;13.739463806152344
SOXL;2023-05-15;17.04203224182129
SOXL;2023-05-22;22.422176361083984
SOXL;2023-05-29;21.57938575744629
SOXL;2023-06-05;21.951784133911133
SOXL;2023-06-12;24.73495101928711
SOXL;2023-06-19;21.485107421875
SOXL;2023-06-26;24.370729446411133
SOXL;2023-07-03;22.535314559936523
SOXL;2023-07-10;25.744831085205078
SOXL;2023-07-17;24.459064483642578
SOXL;2023-07-24;27.629316329956055
SOXL;2023-07-31;24.4197998046875
SOXL;2023-08-07;20.748977661132812
SOXL;2023-08-14;19.77728843688965
SOXL;2023-08-21;20.277860641479492
SOXL;2023-08-28;23.57571029663086
SOXL;2023-09-04;21.102317810058594
SOXL;2023-09-11;19.423954010009766
SOXL;2023-09-18;17.539060592651367
SOXL;2023-09-25;18.551687240600586
SOXL;2023-10-02;19.141563415527344
SOXL;2023-10-09;18.65983009338379
SOXL;2023-10-16;16.359302520751953
SOXL;2023-10-23;14.845282554626465
SOXL;2023-10-30;18.0699520111084
SOXL;2023-11-06;20.252504348754883
SOXL;2023-11-13;22.739826202392578
SOXL;2023-11-20;22.70050048828125
SOXL;2023-11-27;22.680837631225586
SOXL;2023-12-04;23.300212860107422
SOXL;2023-12-11;30.054323196411133
SOXL;2023-12-18;30.062732696533203
SOXL;2023-12-25;30.939685821533203
SOXL;2024-01-01;25.549875259399414
SOXL;2024-01-08;27.68806266784668
SOXL;2024-01-15;34.34896469116211
SOXL;2024-01-22;33.51142120361328
SOXL;2024-01-29;33.15670394897461
SOXL;2024-02-05;38.743587493896484
SOXL;2024-02-12;37.768096923828125
SOXL;2024-02-19;39.58111572265625
SOXL;2024-02-26;47.62150192260742
SOXL;2024-03-04;48.2324104309082
SOXL;2024-03-11;42.113441467285156
SOXL;2024-03-18;45.787025451660156
SOXL;2024-03-25;45.88563537597656
SOXL;2024-04-01;43.015933990478516
SOXL;2024-04-08;40.93515396118164
SOXL;2024-04-15;30.363611221313477
SOXL;2024-04-22;39.248836517333984
SOXL;2024-04-29;38.43033218383789
SOXL;2024-05-06;40.4618034362793
SOXL;2024-05-13;44.77128601074219
SOXL;2024-05-20;50.72764205932617
SOXL;2024-05-27;47.9171142578125
SOXL;2024-06-03;51.15169143676758
SOXL;2024-06-10;59.26771926879883
SOXL;2024-06-17;57.39402770996094
SOXL;2024-06-24;54.74663162231445
SOXL;2024-07-01;60.136253356933594
SOXL;2024-07-08;63.2315673828125
SOXL;2024-07-15;46.479251861572266
SOXL;2024-07-22;41.455535888671875
SOXL;2024-07-29;29.014923095703125
SOXL;2024-08-05;30.666419982910156
SOXL;2024-08-12;39.2898063659668
SOXL;2024-08-19;39.95238494873047
SOXL;2024-08-26;38.36022186279297
SOXL;2024-09-02;25.672374725341797
SOXL;2024-09-09;33.059608459472656
SOXL;2024-09-16;33.178279876708984
SOXL;2024-09-23;37.30873489379883
SOXL;2024-09-30;36.3378791809082
SOXL;2024-10-07;38.30931091308594
SOXL;2024-10-14;34.94102478027344
SOXL;2024-10-21;34.950931549072266
SOXL;2024-10-28;30.542438507080078
SOXL;2024-11-04;35.07971954345703
SOXL;2024-11-11;26.41133689880371
SOXL;2024-11-18;28.224266052246094
SOXL;2024-11-25;27.798274993896484
SOXL;2024-12-02;29.33382225036621
SOXL;2024-12-09;30.413654327392578
SOXL;2024-12-16;27.045364379882812
SOXL;2024-12-23;29.49626922607422
SOXL;2024-12-30;29.62541961669922
SOXL;2025-01-06;27.876903533935547
SOXL;2025-01-13;32.27799987792969
SOXL;2025-01-20;32.436954498291016
SOXL;2025-01-27;26.84368896484375
SOXL;2025-02-03;26.158191680908203
SOXL;2025-02-10;28.363704681396484
SOXL;2025-02-17;28.62200927734375
SOXL;2025-02-24;22.581684112548828
SOXL;2025-03-03;20.74375343322754
SOXL;2025-03-10;19.670801162719727
SOXL;2025-03-17;19.15419578552246
SOXL;2025-03-24;15.974847793579102
SOXL;2025-03-31;8.699962615966797
SOXL;2025-04-07;10.194802284240723
SOXL;2025-04-14;9.168346405029297
SOXL;2025-04-21;12.2975435256958
SOXL;2025-04-28;13.244274139404297
SOXL;2025-05-05;14.061452865600586
SOXL;2025-05-12;18.32672691345215
SOXL;2025-05-19;15.675878524780273
SOXL;2025-05-26;16.11436653137207
SOXL;2025-06-02;19.114009857177734
SOXL;2025-06-09;19.971050262451172
SOXL;2025-06-16;21.13702392578125
SOXL;2025-06-23;25.102706909179688
SOXL;2025-06-30;26.42232322692871
SOXL;2025-07-07;27.282073974609375
SOXL;2025-07-14;27.32206153869629
SOXL;2025-07-21;25.592565536499023
SOXL;2025-07-28;24.07300567626953
SOXL;2025-08-04;25.702531814575195
SOXL;2025-08-11;27.362051010131836
SOXL;2025-08-18;27.442028045654297
SOXL;2025-08-25;26.032438278198242
SOXL;2025-09-01;26.442317962646484
SOXL;2025-09-08;29.291488647460938
SOXL;2025-09-15;33.01041030883789
SOXL;2025-09-22;34.02000045776367
SOXL;2025-09-29;38.22999954223633
SOXL;2025-10-06;34.209999084472656
SOXL;2025-10-13;40.290000915527344
SOXL;2025-10-20;43.13999938964844
SOXL;2025-10-27;47.779998779296875
SOXL;2025-11-03;41.7400016784668
SOXL;2025-11-10;38.86000061035156
SOXL;2025-11-17;31.729999542236328
SOXL;2025-11-24;41.2599983215332
SOXL;2025-12-01;46.5
SOXL;2025-12-08;41.709999084472656
SOXL;2025-12-15;41.720001220703125
SOXL;2025-12-22;44.209999084472656
SOXL;2025-12-29;47.2400016784668
SOXL;2026-01-05;53.95000076293945
SOXL;2026-01-12;60.75
SOXL;2026-01-19;61.599998474121094
SOXL;2026-01-26;61.790000915527344
SOXL;2026-02-02;61.75
SOXL;2026-02-09;64.58999633789062
SOXL;2026-02-16;67.11000061035156
SOXL;2026-02-23;62.77000045776367
SOXL;2026-03-02;47.88999938964844
SOXL;2026-03-09;50.720001220703125
SOXL;2026-03-16;51.13999938964844
SOXL;2026-03-23;46.61000061035156
SOXL;2026-03-30;52.75
SOXL;2026-04-06;76.38999938964844
SOXL;2026-04-13;94.68000030517578
SOXL;2026-04-20;128.32000732421875
SOXL;2026-04-27;130.39999389648438
SOXL;2026-05-04;176.94000244140625
SOXL;2026-05-11;164.17999267578125
SOXL;2026-05-18;190.55999755859375
SOXL;2026-05-25;224.33999633789062
SOXL;2026-06-01;182.5399932861328
SOXL;2026-06-08;234.67999267578125
SOXL;2026-06-15;279.2900085449219
SOXL;2026-06-22;215.60000610351562
SOXL;2026-06-29;181.47000122070312
SOXL;2026-07-06;192.25999450683594
SOXL;2026-07-13;135.47000122070312
SOXL;2026-07-20;136.80999755859375
SOXL;2026-07-27;114.72000122070312
SOXL;2026-08-03;140.25
SOXL;2026-08-10;144.9499969482422
SOXL;2026-08-17;120.5999984741211
SOXL;2026-08-24;111.33999633789062
SOXL;2026-08-31;117.27999877929688
SOXL;2026-09-07;121.81999969482422
SOXL;2026-09-14;103.97000122070312
SOXL;2026-09-16;103.97000122070312
TNA;2008-11-17;4.503641605377197
TNA;2008-11-24;7.059982776641846
TNA;2008-12-01;5.874492168426514
TNA;2008-12-08;6.043558120727539
TNA;2008-12-15;6.730731964111328
TNA;2008-12-22;6.271817684173584
TNA;2008-12-29;7.32426118850708
TNA;2009-01-05;6.424789905548096
TNA;2009-01-12;5.704805850982666
TNA;2009-01-19;4.868563175201416
TNA;2009-01-26;4.827770233154297
TNA;2009-02-02;5.647695064544678
TNA;2009-02-09;4.840008735656738
TNA;2009-02-16;3.7651307582855225
TNA;2009-02-23;3.167523145675659
TNA;2009-03-02;2.2619333267211914
TNA;2009-03-09;3.0737011432647705
TNA;2009-03-16;3.13284969329834
TNA;2009-03-23;3.800380229949951
TNA;2009-03-30;4.482812404632568
TNA;2009-04-06;4.732085704803467
TNA;2009-04-13;5.014050483703613
TNA;2009-04-20;4.88532829284668
TNA;2009-04-27;5.279667377471924
TNA;2009-05-04;5.927367687225342
TNA;2009-05-11;4.844463348388672
TNA;2009-05-18;4.836289882659912
TNA;2009-05-25;5.51668119430542
TNA;2009-06-01;6.521942138671875
TNA;2009-06-08;6.374831676483154
TNA;2009-06-15;5.859942436218262
TNA;2009-06-22;5.7354655265808105
TNA;2009-06-29;5.393996715545654
TNA;2009-07-06;4.776487827301025
TNA;2009-07-13;5.980834007263184
TNA;2009-07-20;6.9807047843933105
TNA;2009-07-27;7.309907913208008
TNA;2009-08-03;7.941728115081787
TNA;2009-08-10;7.5982160568237305
TNA;2009-08-17;8.279109954833984
TNA;2009-08-24;8.242304801940918
TNA;2009-08-31;7.786329746246338
TNA;2009-09-07;8.765752792358398
TNA;2009-09-14;9.904666900634766
TNA;2009-09-21;9.05173110961914
TNA;2009-09-28;8.232941627502441
TNA;2009-10-05;9.729279518127441
TNA;2009-10-12;9.837774276733398
TNA;2009-10-19;9.068107604980469
TNA;2009-10-26;7.389585971832275
TNA;2009-11-02;8.073277473449707
TNA;2009-11-09;8.310726165771484
TNA;2009-11-16;8.203251838684082
TNA;2009-11-23;7.874378681182861
TNA;2009-11-30;8.92352294921875
TNA;2009-12-07;8.80772590637207
TNA;2009-12-14;9.229236602783203
TNA;2009-12-21;10.375655174255371
TNA;2009-12-28;9.898560523986816
TNA;2010-01-04;10.954652786254883
TNA;2010-01-11;10.530824661254883
TNA;2010-01-18;9.511787414550781
TNA;2010-01-25;8.810044288635254
TNA;2010-02-01;8.430219650268555
TNA;2010-02-08;9.201445579528809
TNA;2010-02-15;10.160266876220703
TNA;2010-02-22;10.014360427856445
TNA;2010-03-01;11.927371978759766
TNA;2010-03-08;12.538795471191406
TNA;2010-03-15;12.32803726196289
TNA;2010-03-22;12.6493501663208
TNA;2010-03-29;12.983509063720703
TNA;2010-04-05;13.997591018676758
TNA;2010-04-12;14.744813919067383
TNA;2010-04-19;16.42490005493164
TNA;2010-04-26;14.723929405212402
TNA;2010-05-03;11.05744743347168
TNA;2010-05-10;13.138989448547363
TNA;2010-05-17;10.637429237365723
TNA;2010-05-24;11.147951126098633
TNA;2010-05-31;9.720808029174805
TNA;2010-06-07;10.284704208374023
TNA;2010-06-14;11.185078620910645
TNA;2010-06-21;10.080495834350586
TNA;2010-06-28;8.0152006149292
TNA;2010-07-05;9.245094299316406
TNA;2010-07-12;8.41201400756836
TNA;2010-07-19;10.034085273742676
TNA;2010-07-26;10.03640365600586
TNA;2010-08-02;10.059611320495605
TNA;2010-08-09;8.2356538772583
TNA;2010-08-16;8.233335494995117
TNA;2010-08-23;8.423617362976074
TNA;2010-08-30;9.458585739135742
TNA;2010-09-06;9.203325271606445
TNA;2010-09-13;9.839157104492188
TNA;2010-09-20;10.67919635772705
TNA;2010-09-27;11.103858947753906
TNA;2010-10-04;11.781462669372559
TNA;2010-10-11;12.291985511779785
TNA;2010-10-18;12.23861312866211
TNA;2010-10-25;12.21308708190918
TNA;2010-11-01;14.083453178405762
TNA;2010-11-08;13.087935447692871
TNA;2010-11-15;13.266618728637695
TNA;2010-11-22;13.679675102233887
TNA;2010-11-29;15.058087348937988
TNA;2010-12-06;16.329753875732422
TNA;2010-12-13;16.464338302612305
TNA;2010-12-20;17.1721134185791
TNA;2010-12-27;16.807790756225586
TNA;2011-01-03;16.998071670532227
TNA;2011-01-10;18.239566802978516
TNA;2011-01-17;16.08609390258789
TNA;2011-01-24;16.15338897705078
TNA;2011-01-31;17.680322647094727
TNA;2011-02-07;19.17939567565918
TNA;2011-02-14;20.06120491027832
TNA;2011-02-21;19.130661010742188
TNA;2011-02-28;19.28382110595703
TNA;2011-03-07;17.66175079345703
TNA;2011-03-14;17.148906707763672
TNA;2011-03-21;19.114416122436523
TNA;2011-03-28;20.70631980895996
TNA;2011-04-04;20.321107864379883
TNA;2011-04-11;19.905733108520508
TNA;2011-04-18;20.55780792236328
TNA;2011-04-25;21.982624053955078
TNA;2011-05-02;19.655109405517578
TNA;2011-05-09;19.810588836669922
TNA;2011-05-16;19.307025909423828
TNA;2011-05-23;19.794340133666992
TNA;2011-05-30;17.838117599487305
TNA;2011-06-06;15.932933807373047
TNA;2011-06-13;16.044326782226562
TNA;2011-06-20;17.067689895629883
TNA;2011-06-27;19.824512481689453
TNA;2011-07-04;20.755050659179688
TNA;2011-07-11;19.033199310302734
TNA;2011-07-18;19.83146858215332
TNA;2011-07-25;16.87275505065918
TNA;2011-08-01;11.878924369812012
TNA;2011-08-08;10.44482135772705
TNA;2011-08-15;8.40969467163086
TNA;2011-08-22;9.855401992797852
TNA;2011-08-29;9.474830627441406
TNA;2011-09-05;9.001436233520508
TNA;2011-09-12;10.65599536895752
TNA;2011-09-19;8.056971549987793
TNA;2011-09-26;7.657835006713867
TNA;2011-10-03;7.896853923797607
TNA;2011-10-10;10.031763076782227
TNA;2011-10-17;9.943583488464355
TNA;2011-10-24;11.994952201843262
TNA;2011-10-31;11.166516304016113
TNA;2011-11-07;10.943742752075195
TNA;2011-11-14;9.901810646057129
TNA;2011-11-21;7.813310146331787
TNA;2011-11-28;10.28702449798584
TNA;2011-12-05;10.693121910095215
TNA;2011-12-12;9.68599796295166
TNA;2011-12-19;10.744174003601074
TNA;2011-12-26;10.405370712280273
TNA;2012-01-02;10.804510116577148
TNA;2012-01-09;11.47282886505127
TNA;2012-01-16;12.340716361999512
TNA;2012-01-23;13.041523933410645
TNA;2012-01-30;14.649670600891113
TNA;2012-02-06;13.730729103088379
TNA;2012-02-13;14.482587814331055
TNA;2012-02-20;14.389766693115234
TNA;2012-02-27;13.164514541625977
TNA;2012-03-05;13.798026084899902
TNA;2012-03-12;14.480267524719238
TNA;2012-03-19;14.454742431640625
TNA;2012-03-26;14.480267524719238
TNA;2012-04-02;13.8235502243042
TNA;2012-04-09;12.72592830657959
TNA;2012-04-16;13.020639419555664
TNA;2012-04-23;14.085774421691895
TNA;2012-04-30;12.417291641235352
TNA;2012-05-07;12.317511558532715
TNA;2012-05-14;10.442502975463867
TNA;2012-05-21;11.217567443847656
TNA;2012-05-28;9.994636535644531
TNA;2012-06-04;11.28022289276123
TNA;2012-06-11;11.340556144714355
TNA;2012-06-18;11.44266128540039
TNA;2012-06-25;12.500836372375488
TNA;2012-07-02;12.951024055480957
TNA;2012-07-09;12.549565315246582
TNA;2012-07-16;12.194524765014648
TNA;2012-07-23;12.312870025634766
TNA;2012-07-30;11.91373348236084
TNA;2012-08-06;12.510117530822754
TNA;2012-08-13;13.364081382751465
TNA;2012-08-20;12.881404876708984
TNA;2012-08-27;13.041523933410645
TNA;2012-09-03;14.556846618652344
TNA;2012-09-10;15.700882911682129
TNA;2012-09-17;15.23444938659668
TNA;2012-09-24;14.273736953735352
TNA;2012-10-01;14.619502067565918
TNA;2012-10-08;13.565969467163086
TNA;2012-10-15;13.429057121276855
TNA;2012-10-22;13.074012756347656
TNA;2012-10-29;13.09953784942627
TNA;2012-11-05;12.182918548583984
TNA;2012-11-12;11.315031051635742
TNA;2012-11-19;12.665595054626465
TNA;2012-11-26;13.39424991607666
TNA;2012-12-03;13.433695793151855
TNA;2012-12-10;13.533483505249023
TNA;2012-12-17;14.791220664978027
TNA;2012-12-24;13.958145141601562
TNA;2012-12-31;16.371522903442383
TNA;2013-01-07;16.457382202148438
TNA;2013-01-14;17.132665634155273
TNA;2013-01-21;17.91701316833496
TNA;2013-01-28;18.211727142333984
TNA;2013-02-04;18.432178497314453
TNA;2013-02-11;18.982152938842773
TNA;2013-02-18;18.524995803833008
TNA;2013-02-25;18.402008056640625
TNA;2013-03-04;20.160991668701172
TNA;2013-03-11;20.775936126708984
TNA;2013-03-18;20.390727996826172
TNA;2013-03-25;20.64366340637207
TNA;2013-04-01;18.935739517211914
TNA;2013-04-08;20.123863220214844
TNA;2013-04-15;18.104976654052734
TNA;2013-04-22;19.511234283447266
TNA;2013-04-29;20.597251892089844
TNA;2013-05-06;21.994230270385742
TNA;2013-05-13;23.460819244384766
TNA;2013-05-20;22.63933753967285
TNA;2013-05-27;22.588294982910156
TNA;2013-06-03;22.7646541595459
TNA;2013-06-10;22.39800262451172
TNA;2013-06-17;21.172752380371094
TNA;2013-06-24;21.854991912841797
TNA;2013-07-01;23.915647506713867
TNA;2013-07-08;26.20371437072754
TNA;2013-07-15;27.34078598022461
TNA;2013-07-22;27.187637329101562
TNA;2013-07-29;28.027671813964844
TNA;2013-08-05;27.071605682373047
TNA;2013-08-12;25.27549171447754
TNA;2013-08-19;26.310462951660156
TNA;2013-08-26;24.240524291992188
TNA;2013-09-02;25.581806182861328
TNA;2013-09-09;27.410402297973633
TNA;2013-09-16;28.849149703979492
TNA;2013-09-23;29.025514602661133
TNA;2013-09-30;29.364316940307617
TNA;2013-10-07;29.842350006103516
TNA;2013-10-14;32.30677795410156
TNA;2013-10-21;32.63629150390625
TNA;2013-10-28;30.566364288330078
TNA;2013-11-04;30.946928024291992
TNA;2013-11-11;32.32534408569336
TNA;2013-11-18;33.14217758178711
TNA;2013-11-25;34.553077697753906
TNA;2013-12-02;33.64805603027344
TNA;2013-12-09;31.58592414855957
TNA;2013-12-16;34.69490051269531
TNA;2013-12-23;36.36279296875
TNA;2013-12-30;35.847782135009766
TNA;2014-01-06;36.59903335571289
TNA;2014-01-13;36.972293853759766
TNA;2014-01-20;34.633480072021484
TNA;2014-01-27;33.33885192871094
TNA;2014-02-03;31.91666603088379
TNA;2014-02-10;34.85554885864258
TNA;2014-02-17;36.21632385253906
TNA;2014-02-24;37.97398376464844
TNA;2014-03-03;40.043487548828125
TNA;2014-03-10;37.88421630859375
TNA;2014-03-17;38.91896057128906
TNA;2014-03-24;35.091793060302734
TNA;2014-03-31;35.08233642578125
TNA;2014-04-07;31.297714233398438
TNA;2014-04-14;33.400291442871094
TNA;2014-04-21;32.21434020996094
TNA;2014-04-28;32.5970458984375
TNA;2014-05-05;30.7968692779541
TNA;2014-05-12;30.314926147460938
TNA;2014-05-19;32.280479431152344
TNA;2014-05-26;33.045921325683594
TNA;2014-06-02;35.720218658447266
TNA;2014-06-09;35.45088577270508
TNA;2014-06-16;37.91728973388672
TNA;2014-06-23;37.94091033935547
TNA;2014-06-30;39.78834915161133
TNA;2014-07-07;35.224098205566406
TNA;2014-07-14;34.3499870300293
TNA;2014-07-21;33.74992370605469
TNA;2014-07-28;31.217384338378906
TNA;2014-08-04;32.47893524169922
TNA;2014-08-11;33.419185638427734
TNA;2014-08-18;35.030372619628906
TNA;2014-08-25;36.235225677490234
TNA;2014-09-01;36.0414924621582
TNA;2014-09-08;35.12013626098633
TNA;2014-09-15;33.79244613647461
TNA;2014-09-22;31.458351135253906
TNA;2014-09-29;30.168455123901367
TNA;2014-10-06;26.17591667175293
TNA;2014-10-13;28.217073440551758
TNA;2014-10-20;31.018938064575195
TNA;2014-10-27;35.734378814697266
TNA;2014-11-03;35.852508544921875
TNA;2014-11-10;35.852508544921875
TNA;2014-11-17;35.6871337890625
TNA;2014-11-24;35.824161529541016
TNA;2014-12-01;36.56123733520508
TNA;2014-12-08;33.762699127197266
TNA;2014-12-15;37.481876373291016
TNA;2014-12-22;39.34146499633789
TNA;2014-12-29;37.84333038330078
TNA;2015-01-05;36.4593391418457
TNA;2015-01-12;35.484371185302734
TNA;2015-01-19;36.75896072387695
TNA;2015-01-26;34.476104736328125
TNA;2015-02-02;38.12393569946289
TNA;2015-02-09;39.73146057128906
TNA;2015-02-16;40.54949188232422
TNA;2015-02-23;40.72545623779297
TNA;2015-03-02;39.31768798828125
TNA;2015-03-09;40.658878326416016
TNA;2015-03-16;44.035621643066406
TNA;2015-03-23;41.40080642700195
TNA;2015-03-30;42.93698501586914
TNA;2015-04-06;43.902462005615234
TNA;2015-04-13;42.6516227722168
TNA;2015-04-20;44.10696029663086
TNA;2015-04-27;39.99779510498047
TNA;2015-05-04;40.601806640625
TNA;2015-05-11;41.60055923461914
TNA;2015-05-18;42.35675048828125
TNA;2015-05-25;41.76701354980469
TNA;2015-06-01;43.2699089050293
TNA;2015-06-08;43.764530181884766
TNA;2015-06-15;45.71448516845703
TNA;2015-06-22;45.38156509399414
TNA;2015-06-29;41.919212341308594
TNA;2015-07-06;42.209327697753906
TNA;2015-07-13;43.7550163269043
TNA;2015-07-20;39.61255645751953
TNA;2015-07-27;40.815818786621094
TNA;2015-08-03;37.87187194824219
TNA;2015-08-10;38.247589111328125
TNA;2015-08-17;33.2680778503418
TNA;2015-08-24;33.458316802978516
TNA;2015-08-31;31.01849937438965
TNA;2015-09-07;32.854312896728516
TNA;2015-09-14;33.29186248779297
TNA;2015-09-21;29.924625396728516
TNA;2015-09-28;29.120864868164062
TNA;2015-10-05;33.22526550292969
TNA;2015-10-12;32.86857223510742
TNA;2015-10-19;33.18722152709961
TNA;2015-10-26;32.70212173461914
TNA;2015-11-02;35.99325180053711
TNA;2015-11-09;31.44178581237793
TNA;2015-11-16;33.69136428833008
TNA;2015-11-23;36.121673583984375
TNA;2015-11-30;34.45707702636719
TNA;2015-12-07;29.487077713012695
TNA;2015-12-14;29.03525733947754
TNA;2015-12-21;31.822256088256836
TNA;2015-12-28;30.214740753173828
TNA;2016-01-04;23.551616668701172
TNA;2016-01-11;20.959606170654297
TNA;2016-01-18;21.7062931060791
TNA;2016-01-25;22.567127227783203
TNA;2016-02-01;19.428176879882812
TNA;2016-02-08;18.529293060302734
TNA;2016-02-15;20.76460838317871
TNA;2016-02-22;22.45774269104004
TNA;2016-02-29;25.49680519104004
TNA;2016-03-07;25.739360809326172
TNA;2016-03-14;26.709585189819336
TNA;2016-03-21;25.173404693603516
TNA;2016-03-28;27.946138381958008
TNA;2016-04-04;26.395694732666016
TNA;2016-04-11;28.849777221679688
TNA;2016-04-18;30.086328506469727
TNA;2016-04-25;28.71185302734375
TNA;2016-05-02;27.551395416259766
TNA;2016-05-09;26.60019874572754
TNA;2016-05-16;27.313596725463867
TNA;2016-05-23;30.186206817626953
TNA;2016-05-30;31.29434585571289
TNA;2016-06-06;31.308618545532227
TNA;2016-06-13;29.729623794555664
TNA;2016-06-20;28.274301528930664
TNA;2016-06-27;30.295595169067383
TNA;2016-07-04;31.831771850585938
TNA;2016-07-11;34.23830795288086
TNA;2016-07-18;34.80426788330078
TNA;2016-07-25;35.360713958740234
TNA;2016-08-01;36.41653823852539
TNA;2016-08-08;36.288124084472656
TNA;2016-08-15;36.89690017700195
TNA;2016-08-22;36.99676513671875
TNA;2016-08-29;38.29039764404297
TNA;2016-09-05;35.25606918334961
TNA;2016-09-12;35.69837951660156
TNA;2016-09-19;38.299903869628906
TNA;2016-09-26;37.971736907958984
TNA;2016-10-03;36.65433120727539
TNA;2016-10-10;34.48561096191406
TNA;2016-10-17;34.98974609375
TNA;2016-10-24;32.43577575683594
TNA;2016-10-31;30.48583221435547
TNA;2016-11-07;40.397300720214844
TNA;2016-11-14;43.797821044921875
TNA;2016-11-21;46.96053695678711
TNA;2016-11-28;43.6361198425293
TNA;2016-12-05;51.30276107788086
TNA;2016-12-12;48.648921966552734
TNA;2016-12-19;49.367069244384766
TNA;2016-12-26;48.10675048828125
TNA;2017-01-02;48.8914794921875
TNA;2017-01-09;49.41463088989258
TNA;2017-01-16;47.33150100708008
TNA;2017-01-23;49.162559509277344
TNA;2017-01-30;49.74755859375
TNA;2017-02-06;50.898494720458984
TNA;2017-02-13;52.182613372802734
TNA;2017-02-20;51.5833625793457
TNA;2017-02-27;51.46921157836914
TNA;2017-03-06;48.4016227722168
TNA;2017-03-13;51.00312805175781
TNA;2017-03-20;47.131771087646484
TNA;2017-03-27;50.30399703979492
TNA;2017-04-03;48.06869125366211
TNA;2017-04-10;46.05691146850586
TNA;2017-04-17;49.65243148803711
TNA;2017-04-24;51.6927604675293
TNA;2017-05-01;51.49774932861328
TNA;2017-05-08;49.87119674682617
TNA;2017-05-15;48.01637649536133
TNA;2017-05-22;49.61438751220703
TNA;2017-05-29;52.10651397705078
TNA;2017-06-05;53.96135330200195
TNA;2017-06-12;52.382354736328125
TNA;2017-06-19;53.05772018432617
TNA;2017-06-26;53.02918243408203
TNA;2017-07-03;53.10527801513672
TNA;2017-07-10;54.48450469970703
TNA;2017-07-17;55.416683197021484
TNA;2017-07-24;54.65571975708008
TNA;2017-07-31;52.59162902832031
TNA;2017-08-07;48.37782669067383
TNA;2017-08-14;46.62762451171875
TNA;2017-08-21;48.615623474121094
TNA;2017-08-28;52.525054931640625
TNA;2017-09-04;51.05068588256836
TNA;2017-09-11;54.4749870300293
TNA;2017-09-18;56.69127655029297
TNA;2017-09-25;61.73261260986328
TNA;2017-10-02;64.08207702636719
TNA;2017-10-09;63.18794631958008
TNA;2017-10-16;63.901336669921875
TNA;2017-10-23;63.606483459472656
TNA;2017-10-30;61.94187927246094
TNA;2017-11-06;59.45924758911133
TNA;2017-11-13;61.580421447753906
TNA;2017-11-20;64.75743103027344
TNA;2017-11-27;67.2685775756836
TNA;2017-12-04;65.1379165649414
TNA;2017-12-11;66.11763763427734
TNA;2017-12-18;67.9484634399414
TNA;2017-12-25;66.93872833251953
TNA;2018-01-01;69.97749328613281
TNA;2018-01-08;74.4737548828125
TNA;2018-01-15;74.92147827148438
TNA;2018-01-22;76.34081268310547
TNA;2018-01-29;68.26282501220703
TNA;2018-02-05;58.60353088378906
TNA;2018-02-12;66.59578704833984
TNA;2018-02-19;67.42454528808594
TNA;2018-02-26;65.17642974853516
TNA;2018-03-05;73.61640167236328
TNA;2018-03-12;71.99700164794922
TNA;2018-03-19;62.185272216796875
TNA;2018-03-26;64.1476058959961
TNA;2018-04-02;62.09001922607422
TNA;2018-04-09;66.4052505493164
TNA;2018-04-16;68.31045532226562
TNA;2018-04-23;67.11971282958984
TNA;2018-04-30;68.22472381591797
TNA;2018-05-07;73.67355346679688
TNA;2018-05-14;76.40750122070312
TNA;2018-05-21;76.25508880615234
TNA;2018-05-28;79.10332489013672
TNA;2018-06-04;82.90418243408203
TNA;2018-06-11;84.54265594482422
TNA;2018-06-18;84.44741821289062
TNA;2018-06-25;78.26505279541016
TNA;2018-07-02;85.73340606689453
TNA;2018-07-09;84.51407623291016
TNA;2018-07-16;85.8381576538086
TNA;2018-07-23;80.88469696044922
TNA;2018-07-30;82.18973541259766
TNA;2018-08-06;83.92345428466797
TNA;2018-08-13;84.99988555908203
TNA;2018-08-20;89.7057113647461
TNA;2018-08-27;91.93478393554688
TNA;2018-09-03;87.88624572753906
TNA;2018-09-10;89.20081329345703
TNA;2018-09-17;87.34326171875
TNA;2018-09-24;85.27977752685547
TNA;2018-10-01;75.65711212158203
TNA;2018-10-08;64.01460266113281
TNA;2018-10-15;63.26194763183594
TNA;2018-10-22;55.78293991088867
TNA;2018-10-29;63.31909942626953
TNA;2018-11-05;63.31909942626953
TNA;2018-11-12;60.38467788696289
TNA;2018-11-19;55.592384338378906
TNA;2018-11-26;60.68954849243164
TNA;2018-12-03;50.62861251831055
TNA;2018-12-10;46.941505432128906
TNA;2018-12-17;35.74680709838867
TNA;2018-12-24;39.38528823852539
TNA;2018-12-31;43.06570053100586
TNA;2019-01-07;49.31763458251953
TNA;2019-01-14;53.045860290527344
TNA;2019-01-21;52.90245819091797
TNA;2019-01-28;54.82392501831055
TNA;2019-02-04;55.39751052856445
TNA;2019-02-11;62.57670974731445
TNA;2019-02-18;64.89966583251953
TNA;2019-02-25;64.88055419921875
TNA;2019-03-04;56.917476654052734
TNA;2019-03-11;60.36845397949219
TNA;2019-03-18;54.62318420410156
TNA;2019-03-25;58.42787170410156
TNA;2019-04-01;63.35103988647461
TNA;2019-04-08;63.54221725463867
TNA;2019-04-15;61.14278030395508
TNA;2019-04-22;64.08711242675781
TNA;2019-04-29;66.65863037109375
TNA;2019-05-06;61.658992767333984
TNA;2019-05-13;57.079978942871094
TNA;2019-05-20;54.47023010253906
TNA;2019-05-27;49.37499237060547
TNA;2019-06-03;54.269474029541016
TNA;2019-06-10;55.22542953491211
TNA;2019-06-17;58.06460952758789
TNA;2019-06-24;59.73585891723633
TNA;2019-07-01;60.99174499511719
TNA;2019-07-08;60.16727828979492
TNA;2019-07-15;57.597999572753906
TNA;2019-07-22;61.15472412109375
TNA;2019-07-29;55.776485443115234
TNA;2019-08-05;53.30306625366211
TNA;2019-08-12;50.95428466796875
TNA;2019-08-19;47.50300598144531
TNA;2019-08-26;50.762542724609375
TNA;2019-09-02;51.69248580932617
TNA;2019-09-09;59.50578308105469
TNA;2019-09-16;57.28162384033203
TNA;2019-09-23;53.17844772338867
TNA;2019-09-30;50.887176513671875
TNA;2019-10-07;51.9321403503418
TNA;2019-10-14;54.26175308227539
TNA;2019-10-21;56.802276611328125
TNA;2019-10-28;60.10016632080078
TNA;2019-11-04;61.1451301574707
TNA;2019-11-11;60.89588165283203
TNA;2019-11-18;59.9659538269043
TNA;2019-11-25;63.982852935791016
TNA;2019-12-02;65.1236801147461
TNA;2019-12-09;65.6509780883789
TNA;2019-12-16;69.54325103759766
TNA;2019-12-23;69.34148406982422
TNA;2019-12-30;68.34239196777344
TNA;2020-01-06;67.94853210449219
TNA;2020-01-13;73.11695861816406
TNA;2020-01-20;68.27515411376953
TNA;2020-01-27;62.46307373046875
TNA;2020-02-03;67.34329986572266
TNA;2020-02-10;70.97464752197266
TNA;2020-02-17;69.85067749023438
TNA;2020-02-24;47.073062896728516
TNA;2020-03-02;43.93165588378906
TNA;2020-03-09;22.076305389404297
TNA;2020-03-16;11.412817001342773
TNA;2020-03-23;15.188267707824707
TNA;2020-03-30;11.864331245422363
TNA;2020-04-06;19.175065994262695
TNA;2020-04-13;18.0991153717041
TNA;2020-04-20;18.185575485229492
TNA;2020-04-27;19.021360397338867
TNA;2020-05-04;22.316478729248047
TNA;2020-05-11;18.694726943969727
TNA;2020-05-18;23.085018157958984
TNA;2020-05-25;24.99675750732422
TNA;2020-06-01;31.44288444519043
TNA;2020-06-08;23.89198112487793
TNA;2020-06-15;25.42906379699707
TNA;2020-06-22;23.02704429626465
TNA;2020-06-29;25.94867515563965
TNA;2020-07-06;25.22787857055664
TNA;2020-07-13;28.005348205566406
TNA;2020-07-20;27.649755477905273
TNA;2020-07-27;28.360942840576172
TNA;2020-08-03;33.617950439453125
TNA;2020-08-10;34.18497085571289
TNA;2020-08-17;32.58961486816406
TNA;2020-08-24;34.1273078918457
TNA;2020-08-31;31.263351440429688
TNA;2020-09-07;29.02407455444336
TNA;2020-09-14;31.38828468322754
TNA;2020-09-21;27.476760864257812
TNA;2020-09-28;31.186464309692383
TNA;2020-10-05;37.43336868286133
TNA;2020-10-12;37.12582015991211
TNA;2020-10-19;37.55830764770508
TNA;2020-10-26;30.93658447265625
TNA;2020-11-02;37.41414260864258
TNA;2020-11-09;44.372230529785156
TNA;2020-11-16;47.32269287109375
TNA;2020-11-23;52.99295425415039
TNA;2020-11-30;56.1356315612793
TNA;2020-12-07;57.92321014404297
TNA;2020-12-14;63.20906066894531
TNA;2020-12-21;66.67903900146484
TNA;2020-12-28;63.747352600097656
TNA;2021-01-04;75.07038879394531
TNA;2021-01-11;78.28083038330078
TNA;2021-01-18;82.94269561767578
TNA;2021-01-25;72.35015869140625
TNA;2021-02-01;90.30554962158203
TNA;2021-02-08;97.02439880371094
TNA;2021-02-15;94.12153625488281
TNA;2021-02-22;85.21114349365234
TNA;2021-03-01;83.63475799560547
TNA;2021-03-08;103.37797546386719
TNA;2021-03-15;94.0638656616211
TNA;2021-03-22;86.10504913330078
TNA;2021-03-29;89.45968627929688
TNA;2021-04-05;87.92174530029297
TNA;2021-04-12;90.38243103027344
TNA;2021-04-19;91.04568481445312
TNA;2021-04-26;90.14214324951172
TNA;2021-05-03;90.55545806884766
TNA;2021-05-10;84.6055679321289
TNA;2021-05-17;83.39445495605469
TNA;2021-05-24;89.76726531982422
TNA;2021-05-31;91.79542541503906
TNA;2021-06-07;97.44731903076172
TNA;2021-06-14;85.48028564453125
TNA;2021-06-21;97.0147705078125
TNA;2021-06-28;93.63134002685547
TNA;2021-07-05;90.08447265625
TNA;2021-07-12;76.89668273925781
TNA;2021-07-19;81.4239730834961
TNA;2021-07-26;83.10609436035156
TNA;2021-08-02;85.58599853515625
TNA;2021-08-09;82.84656524658203
TNA;2021-08-16;76.54103088378906
TNA;2021-08-23;88.39273834228516
TNA;2021-08-30;90.15174865722656
TNA;2021-09-06;82.76966857910156
TNA;2021-09-13;83.39445495605469
TNA;2021-09-20;84.73054504394531
TNA;2021-09-27;83.49057006835938
TNA;2021-10-04;82.59664154052734
TNA;2021-10-11;86.46070861816406
TNA;2021-10-18;89.1040267944336
TNA;2021-10-25;89.6230697631836
TNA;2021-11-01;106.50192260742188
TNA;2021-11-08;103.23379516601562
TNA;2021-11-15;94.6790542602539
TNA;2021-11-22;83.0772476196289
TNA;2021-11-29;73.40750122070312
TNA;2021-12-06;78.54035186767578
TNA;2021-12-13;73.9457778930664
TNA;2021-12-20;80.98873138427734
TNA;2021-12-27;81.51776123046875
TNA;2022-01-03;74.20763397216797
TNA;2022-01-10;72.37044525146484
TNA;2022-01-17;55.85530090332031
TNA;2022-01-24;54.00852966308594
TNA;2022-01-31;56.48051071166992
TNA;2022-02-07;58.673545837402344
TNA;2022-02-14;56.8267822265625
TNA;2022-02-21;59.22181701660156
TNA;2022-02-28;55.643680572509766
TNA;2022-03-07;53.671878814697266
TNA;2022-03-14;62.213199615478516
TNA;2022-03-21;61.60723876953125
TNA;2022-03-28;62.52100372314453
TNA;2022-04-04;54.143184661865234
TNA;2022-04-11;54.81648635864258
TNA;2022-04-18;49.55510711669922
TNA;2022-04-25;43.53385543823242
TNA;2022-05-02;41.48508834838867
TNA;2022-05-09;37.96467971801758
TNA;2022-05-16;36.50265121459961
TNA;2022-05-23;43.793556213378906
TNA;2022-05-30;43.351097106933594
TNA;2022-06-06;37.7626838684082
TNA;2022-06-13;29.394487380981445
TNA;2022-06-20;34.76167297363281
TNA;2022-06-27;32.59748077392578
TNA;2022-07-04;34.944435119628906
TNA;2022-07-11;33.33811950683594
TNA;2022-07-18;36.90662384033203
TNA;2022-07-25;41.75440979003906
TNA;2022-08-01;44.13983154296875
TNA;2022-08-08;50.786285400390625
TNA;2022-08-15;46.38096618652344
TNA;2022-08-22;42.091060638427734
TNA;2022-08-29;36.35837173461914
TNA;2022-09-05;40.773311614990234
TNA;2022-09-12;35.204132080078125
TNA;2022-09-19;28.586523056030273
TNA;2022-09-26;27.71122932434082
TNA;2022-10-03;29.240591049194336
TNA;2022-10-10;28.19216537475586
TNA;2022-10-17;31.020038604736328
TNA;2022-10-24;36.800819396972656
TNA;2022-10-31;34.00180435180664
TNA;2022-11-07;38.3205680847168
TNA;2022-11-14;36.24293518066406
TNA;2022-11-21;37.36832046508789
TNA;2022-11-28;38.618743896484375
TNA;2022-12-05;32.88603973388672
TNA;2022-12-12;30.85651969909668
TNA;2022-12-19;30.743694305419922
TNA;2022-12-26;30.589305877685547
TNA;2023-01-02;32.20077896118164
TNA;2023-01-09;37.4501838684082
TNA;2023-01-16;36.10888671875
TNA;2023-01-23;38.694984436035156
TNA;2023-01-30;43.19169998168945
TNA;2023-02-06;38.78182601928711
TNA;2023-02-13;40.335418701171875
TNA;2023-02-20;36.76505661010742
TNA;2023-02-27;39.071319580078125
TNA;2023-03-06;30.135766983032227
TNA;2023-03-13;27.53036880493164
TNA;2023-03-20;27.86530876159668
TNA;2023-03-27;31.12141227722168
TNA;2023-04-03;28.705902099609375
TNA;2023-04-10;29.903995513916016
TNA;2023-04-17;30.38709831237793
TNA;2023-04-24;28.986101150512695
TNA;2023-05-01;28.474014282226562
TNA;2023-05-08;27.54646110534668
TNA;2023-05-15;29.034414291381836
TNA;2023-05-22;28.928131103515625
TNA;2023-05-29;31.749441146850586
TNA;2023-06-05;33.44029998779297
TNA;2023-06-12;33.797794342041016
TNA;2023-06-19;30.79326629638672
TNA;2023-06-26;34.323890686035156
TNA;2023-07-03;32.971946716308594
TNA;2023-07-10;36.512298583984375
TNA;2023-07-17;38.05876922607422
TNA;2023-07-24;39.148109436035156
TNA;2023-07-31;37.7086181640625
TNA;2023-08-07;35.76337814331055
TNA;2023-08-14;32.20357894897461
TNA;2023-08-21;31.697805404663086
TNA;2023-08-28;35.21870422363281
TNA;2023-09-04;31.513010025024414
TNA;2023-09-11;31.17258644104004
TNA;2023-09-18;27.686119079589844
TNA;2023-09-25;27.968334197998047
TNA;2023-10-02;26.109619140625
TNA;2023-10-09;24.805593490600586
TNA;2023-10-16;23.053926467895508
TNA;2023-10-23;21.234130859375
TNA;2023-10-30;26.197202682495117
TNA;2023-11-06;23.764324188232422
TNA;2023-11-13;27.549880981445312
TNA;2023-11-20;27.919679641723633
TNA;2023-11-27;30.488792419433594
TNA;2023-12-04;31.27704429626465
TNA;2023-12-11;36.43474197387695
TNA;2023-12-18;39.164634704589844
TNA;2023-12-25;38.61647033691406
TNA;2024-01-01;34.27027893066406
TNA;2024-01-08;34.11365509033203
TNA;2024-01-15;33.5948600769043
TNA;2024-01-22;35.31767654418945
TNA;2024-01-29;34.28985595703125
TNA;2024-02-05;36.78597640991211
TNA;2024-02-12;37.578861236572266
TNA;2024-02-19;36.52168273925781
TNA;2024-02-26;39.742164611816406
TNA;2024-03-04;40.09456253051758
TNA;2024-03-11;37.490760803222656
TNA;2024-03-18;39.18195343017578
TNA;2024-03-25;42.042236328125
TNA;2024-04-01;38.457088470458984
TNA;2024-04-08;35.06784439086914
TNA;2024-04-15;32.060630798339844
TNA;2024-04-22;34.60747146606445
TNA;2024-04-29;36.2726936340332
TNA;2024-05-06;37.497127532958984
TNA;2024-05-13;39.4758186340332
TNA;2024-05-20;37.82038497924805
TNA;2024-05-27;37.84976577758789
TNA;2024-06-03;35.31273651123047
TNA;2024-06-10;34.147071838378906
TNA;2024-06-17;34.8719367980957
TNA;2024-06-24;36.0731086730957
TNA;2024-07-01;34.98118209838867
TNA;2024-07-08;41.45407485961914
TNA;2024-07-15;43.33298873901367
TNA;2024-07-22;47.671207427978516
TNA;2024-07-29;38.13893508911133
TNA;2024-08-05;36.446922302246094
TNA;2024-08-12;39.604679107666016
TNA;2024-08-19;43.76582717895508
TNA;2024-08-26;43.49038314819336
TNA;2024-09-02;36.446922302246094
TNA;2024-09-09;41.129451751708984
TNA;2024-09-16;43.77566146850586
TNA;2024-09-23;43.27693557739258
TNA;2024-09-30;42.459835052490234
TNA;2024-10-07;43.54273986816406
TNA;2024-10-14;46.0038948059082
TNA;2024-10-21;41.8986930847168
TNA;2024-10-28;41.760868072509766
TNA;2024-11-04;53.04279708862305
TNA;2024-11-11;46.65364456176758
TNA;2024-11-18;52.94435501098633
TNA;2024-11-25;55.02156448364258
TNA;2024-12-02;52.796688079833984
TNA;2024-12-09;48.89821243286133
TNA;2024-12-16;42.213714599609375
TNA;2024-12-23;42.20976638793945
TNA;2024-12-30;43.3070182800293
TNA;2025-01-06;38.90811538696289
TNA;2025-01-13;43.504730224609375
TNA;2025-01-20;45.2642936706543
TNA;2025-01-27;43.8408203125
TNA;2025-02-03;43.3663330078125
TNA;2025-02-10;43.22793960571289
TNA;2025-02-17;38.47316360473633
TNA;2025-02-24;36.713600158691406
TNA;2025-03-03;32.22572326660156
TNA;2025-03-10;30.584781646728516
TNA;2025-03-17;31.098812103271484
TNA;2025-03-24;29.448732376098633
TNA;2025-03-31;21.139629364013672
TNA;2025-04-07;21.63539695739746
TNA;2025-04-14;22.329477310180664
TNA;2025-04-21;25.006633758544922
TNA;2025-04-28;27.406158447265625
TNA;2025-05-05;27.465654373168945
TNA;2025-05-12;31.17401123046875
TNA;2025-05-19;27.87218475341797
TNA;2025-05-26;28.824060440063477
TNA;2025-06-02;31.64995002746582
TNA;2025-06-09;30.271709442138672
TNA;2025-06-16;30.55925750732422
TNA;2025-06-23;33.29371643066406
TNA;2025-06-30;36.77052307128906
TNA;2025-07-07;35.96358871459961
TNA;2025-07-14;36.11302185058594
TNA;2025-07-21;37.009620666503906
TNA;2025-07-28;32.41704177856445
TNA;2025-08-04;34.788047790527344
TNA;2025-08-11;37.89625930786133
TNA;2025-08-18;41.59223556518555
TNA;2025-08-25;41.67193603515625
TNA;2025-09-01;42.92717742919922
TNA;2025-09-08;43.136383056640625
TNA;2025-09-15;45.816219329833984
TNA;2025-09-22;44.839107513427734
TNA;2025-09-29;47.263648986816406
TNA;2025-10-06;42.55425262451172
TNA;2025-10-13;45.30805587768555
TNA;2025-10-20;48.530799865722656
TNA;2025-10-27;46.615108489990234
TNA;2025-11-03;43.78148651123047
TNA;2025-11-10;41.38687515258789
TNA;2025-11-17;40.159637451171875
TNA;2025-11-24;46.974308013916016
TNA;2025-12-01;48.02194595336914
TNA;2025-12-08;49.68819808959961
TNA;2025-12-15;48.221500396728516
TNA;2025-12-22;48.44017028808594
TNA;2025-12-29;46.84280014038086
TNA;2026-01-05;53.40199279785156
TNA;2026-01-12;56.72651290893555
TNA;2026-01-19;55.86792755126953
TNA;2026-01-26;52.523441314697266
TNA;2026-02-02;55.428653717041016
TNA;2026-02-09;53.881202697753906
TNA;2026-02-16;54.88954162597656
TNA;2026-02-23;52.71312713623047
TNA;2026-03-02;46.293704986572266
TNA;2026-03-09;43.75788879394531
TNA;2026-03-16;41.52157211303711
TNA;2026-03-23;41.75009536743164
TNA;2026-03-30;45.795257568359375
TNA;2026-04-06;51.298683166503906
TNA;2026-04-13;60.01826095581055
TNA;2026-04-20;60.497684478759766
TNA;2026-04-27;62.02585983276367
TNA;2026-05-04;65.0422592163086
TNA;2026-05-11;60.40779495239258
TNA;2026-05-18;65.09219360351562
TNA;2026-05-25;68.60799407958984
TNA;2026-06-01;62.215633392333984
TNA;2026-06-08;69.62677001953125
TNA;2026-06-15;71.68431091308594
TNA;2026-06-22;73.25
TNA;2026-06-29;72.86000061035156
TNA;2026-07-06;71.51000213623047
TNA;2026-07-13;70.0199966430664
TNA;2026-07-20;67.80000305175781
TNA;2026-07-27;67.5999984741211
TNA;2026-08-03;74.68000030517578
TNA;2026-08-10;77.13999938964844
TNA;2026-08-17;73.12000274658203
TNA;2026-08-24;69.94999694824219
TNA;2026-08-31;69.88999938964844
TNA;2026-09-07;64.80999755859375
TNA;2026-09-14;61.970001220703125
TNA;2026-09-16;61.970001220703125
TQQQ;2010-02-08;0.20642319321632385
TQQQ;2010-02-15;0.2221919298171997
TQQQ;2010-02-22;0.2210284322500229
TQQQ;2010-03-01;0.2461782693862915
TQQQ;2010-03-08;0.2610059082508087
TQQQ;2010-03-15;0.2639268636703491
TQQQ;2010-03-22;0.27249231934547424
TQQQ;2010-03-29;0.2748193144798279
TQQQ;2010-04-05;0.2894483208656311
TQQQ;2010-04-12;0.29845863580703735
TQQQ;2010-04-19;0.3164060115814209
TQQQ;2010-04-26;0.2921470105648041
TQQQ;2010-05-03;0.22803404927253723
TQQQ;2010-05-10;0.24729229509830475
TQQQ;2010-05-17;0.21258750557899475
TQQQ;2010-05-24;0.22538483142852783
TQQQ;2010-05-31;0.2168944776058197
TQQQ;2010-06-07;0.2208060324192047
TQQQ;2010-06-14;0.2449406087398529
TQQQ;2010-06-21;0.21845436096191406
TQQQ;2010-06-28;0.1800605207681656
TQQQ;2010-07-05;0.20709237456321716
TQQQ;2010-07-12;0.20305727422237396
TQQQ;2010-07-19;0.22637531161308289
TQQQ;2010-07-26;0.22268718481063843
TQQQ;2010-08-02;0.2364254891872406
TQQQ;2010-08-09;0.20580436289310455
TQQQ;2010-08-16;0.208081915974617
TQQQ;2010-08-23;0.19632354378700256
TQQQ;2010-08-30;0.22268718481063843
TQQQ;2010-09-06;0.23023740947246552
TQQQ;2010-09-13;0.253728449344635
TQQQ;2010-09-20;0.27900272607803345
TQQQ;2010-09-27;0.2697196304798126
TQQQ;2010-10-04;0.2808343768119812
TQQQ;2010-10-11;0.31125688552856445
TQQQ;2010-10-18;0.31321218609809875
TQQQ;2010-10-25;0.3234601318836212
TQQQ;2010-11-01;0.3512837886810303
TQQQ;2010-11-08;0.3282632529735565
TQQQ;2010-11-15;0.32680225372314453
TQQQ;2010-11-22;0.33611011505126953
TQQQ;2010-11-29;0.3523237407207489
TQQQ;2010-12-06;0.3647749423980713
TQQQ;2010-12-13;0.36690419912338257
TQQQ;2010-12-20;0.3715077340602875
TQQQ;2010-12-27;0.3660620450973511
TQQQ;2011-01-03;0.3941080868244171
TQQQ;2011-01-10;0.4186647832393646
TQQQ;2011-01-17;0.3896034061908722
TQQQ;2011-01-24;0.3896034061908722
TQQQ;2011-01-31;0.42458096146583557
TQQQ;2011-02-07;0.44839414954185486
TQQQ;2011-02-14;0.45537513494491577
TQQQ;2011-02-21;0.4283926784992218
TQQQ;2011-02-28;0.43487828969955444
TQQQ;2011-03-07;0.40106430649757385
TQQQ;2011-03-14;0.36017048358917236
TQQQ;2011-03-21;0.4088863134384155
TQQQ;2011-03-28;0.42200595140457153
TQQQ;2011-04-04;0.41022372245788574
TQQQ;2011-04-11;0.4031440317630768
TQQQ;2011-04-18;0.44017571210861206
TQQQ;2011-04-25;0.45750340819358826
TQQQ;2011-05-02;0.4427003860473633
TQQQ;2011-05-09;0.44081929326057434
TQQQ;2011-05-16;0.425670325756073
TQQQ;2011-05-23;0.4176989495754242
TQQQ;2011-05-30;0.39348939061164856
TQQQ;2011-06-06;0.3579433858394623
TQQQ;2011-06-13;0.3437345027923584
TQQQ;2011-06-20;0.3535365164279938
TQQQ;2011-06-27;0.42596685886383057
TQQQ;2011-07-04;0.4506223499774933
TQQQ;2011-07-11;0.4232938587665558
TQQQ;2011-07-18;0.46225619316101074
TQQQ;2011-07-25;0.4251256585121155
TQQQ;2011-08-01;0.33591145277023315
TQQQ;2011-08-08;0.32130709290504456
TQQQ;2011-08-15;0.25927308201789856
TQQQ;2011-08-22;0.30714768171310425
TQQQ;2011-08-29;0.30912765860557556
TQQQ;2011-09-05;0.3062569200992584
TQQQ;2011-09-12;0.3693794012069702
TQQQ;2011-09-19;0.32254481315612793
TQQQ;2011-09-26;0.29308706521987915
TQQQ;2011-10-03;0.31749439239501953
TQQQ;2011-10-10;0.39358922839164734
TQQQ;2011-10-17;0.3747757077217102
TQQQ;2011-10-24;0.4056193232536316
TQQQ;2011-10-31;0.3806178569793701
TQQQ;2011-11-07;0.37913209199905396
TQQQ;2011-11-14;0.3323971927165985
TQQQ;2011-11-21;0.2881366014480591
TQQQ;2011-11-28;0.3504672348499298
TQQQ;2011-12-05;0.35759636759757996
TQQQ;2011-12-12;0.3201190233230591
TQQQ;2011-12-19;0.34130868315696716
TQQQ;2011-12-26;0.33660537004470825
TQQQ;2012-01-02;0.37269601225852966
TQQQ;2012-01-09;0.37987446784973145
TQQQ;2012-01-16;0.41185683012008667
TQQQ;2012-01-23;0.4248281419277191
TQQQ;2012-01-30;0.4595831334590912
TQQQ;2012-02-06;0.4689396023750305
TQQQ;2012-02-13;0.49057507514953613
TQQQ;2012-02-20;0.5023086071014404
TQQQ;2012-02-27;0.5238937735557556
TQQQ;2012-03-05;0.52646803855896
TQQQ;2012-03-12;0.5663219094276428
TQQQ;2012-03-19;0.5773130655288696
TQQQ;2012-03-26;0.5923137068748474
TQQQ;2012-04-02;0.5962253212928772
TQQQ;2012-04-09;0.5549846291542053
TQQQ;2012-04-16;0.5408744215965271
TQQQ;2012-04-23;0.5788472890853882
TQQQ;2012-04-30;0.5151801109313965
TQQQ;2012-05-07;0.5017146468162537
TQQQ;2012-05-14;0.4261645972728729
TQQQ;2012-05-21;0.4520081877708435
TQQQ;2012-05-28;0.4154708981513977
TQQQ;2012-06-04;0.46785110235214233
TQQQ;2012-06-11;0.47240525484085083
TQQQ;2012-06-18;0.47913894057273865
TQQQ;2012-06-25;0.49507978558540344
TQQQ;2012-07-02;0.49250563979148865
TQQQ;2012-07-09;0.4754745662212372
TQQQ;2012-07-16;0.49507978558540344
TQQQ;2012-07-23;0.5091403722763062
TQQQ;2012-07-30;0.5243890881538391
TQQQ;2012-08-06;0.5554799437522888
TQQQ;2012-08-13;0.5918183922767639
TQQQ;2012-08-20;0.5907291173934937
TQQQ;2012-08-27;0.5878584384918213
TQQQ;2012-09-03;0.6185528635978699
TQQQ;2012-09-10;0.6381581425666809
TQQQ;2012-09-17;0.6433071494102478
TQQQ;2012-09-24;0.6004334688186646
TQQQ;2012-10-01;0.6095426678657532
TQQQ;2012-10-08;0.5510245561599731
TQQQ;2012-10-15;0.5238937735557556
TQQQ;2012-10-22;0.516567051410675
TQQQ;2012-10-29;0.5087437629699707
TQQQ;2012-11-05;0.46903929114341736
TQQQ;2012-11-12;0.44408726692199707
TQQQ;2012-11-19;0.5015159249305725
TQQQ;2012-11-26;0.5227056741714478
TQQQ;2012-12-03;0.5013182759284973
TQQQ;2012-12-10;0.49547624588012695
TQQQ;2012-12-17;0.5147847533226013
TQQQ;2012-12-24;0.48121774196624756
TQQQ;2012-12-31;0.5468657612800598
TQQQ;2013-01-07;0.5616185069084167
TQQQ;2013-01-14;0.5576584935188293
TQQQ;2013-01-21;0.554489254951477
TQQQ;2013-01-28;0.5699358582496643
TQQQ;2013-02-04;0.5778577327728271
TQQQ;2013-02-11;0.5714215636253357
TQQQ;2013-02-18;0.5549846291542053
TQQQ;2013-02-25;0.5608265995979309
TQQQ;2013-03-04;0.5950865149497986
TQQQ;2013-03-11;0.5924125909805298
TQQQ;2013-03-18;0.5939971804618835
TQQQ;2013-03-25;0.6036015748977661
TQQQ;2013-04-01;0.5750850439071655
TQQQ;2013-04-08;0.6284546256065369
TQQQ;2013-04-15;0.5768672823905945
TQQQ;2013-04-22;0.6152858138084412
TQQQ;2013-04-29;0.6834083199501038
TQQQ;2013-05-06;0.7107366919517517
TQQQ;2013-05-13;0.7471751570701599
TQQQ;2013-05-20;0.7200443744659424
TQQQ;2013-05-27;0.7145985960960388
TQQQ;2013-06-03;0.7179654836654663
TQQQ;2013-06-10;0.6851905584335327
TQQQ;2013-06-17;0.637563943862915
TQQQ;2013-06-24;0.6572679281234741
TQQQ;2013-07-01;0.6957853436470032
TQQQ;2013-07-08;0.7758894562721252
TQQQ;2013-07-15;0.7549970746040344
TQQQ;2013-07-22;0.7767811417579651
TQQQ;2013-07-29;0.827279269695282
TQQQ;2013-08-05;0.8116341233253479
TQQQ;2013-08-12;0.7770774960517883
TQQQ;2013-08-19;0.8157928586006165
TQQQ;2013-08-26;0.7762857675552368
TQQQ;2013-09-02;0.8213382363319397
TQQQ;2013-09-09;0.8576769828796387
TQQQ;2013-09-16;0.8950062990188599
TQQQ;2013-09-23;0.8976791501045227
TQQQ;2013-09-30;0.9079763889312744
TQQQ;2013-10-07;0.898470938205719
TQQQ;2013-10-14;1.0005565881729126
TQQQ;2013-10-21;1.0260039567947388
TQQQ;2013-10-28;1.022637128829956
TQQQ;2013-11-04;1.0114490985870361
TQQQ;2013-11-11;1.0632344484329224
TQQQ;2013-11-18;1.0641249418258667
TQQQ;2013-11-25;1.1288810968399048
TQQQ;2013-12-02;1.141060709953308
TQQQ;2013-12-09;1.0953154563903809
TQQQ;2013-12-16;1.169180989265442
TQQQ;2013-12-23;1.2115596532821655
TQQQ;2013-12-30;1.1740325689315796
TQQQ;2014-01-06;1.2000738382339478
TQQQ;2014-01-13;1.2211651802062988
TQQQ;2014-01-20;1.1711609363555908
TQQQ;2014-01-27;1.150763988494873
TQQQ;2014-02-03;1.1868062019348145
TQQQ;2014-02-10;1.2919610738754272
TQQQ;2014-02-17;1.295327067375183
TQQQ;2014-02-24;1.3280025720596313
TQQQ;2014-03-03;1.3377065658569336
TQQQ;2014-03-10;1.2555229663848877
TQQQ;2014-03-17;1.27512788772583
TQQQ;2014-03-24;1.1931424140930176
TQQQ;2014-03-31;1.1622498035430908
TQQQ;2014-04-07;1.0671942234039307
TQQQ;2014-04-14;1.1454172134399414
TQQQ;2014-04-21;1.1438326835632324
TQQQ;2014-04-28;1.1969058513641357
TQQQ;2014-05-05;1.1660130023956299
TQQQ;2014-05-12;1.201262354850769
TQQQ;2014-05-19;1.2915648221969604
TQQQ;2014-05-26;1.3531529903411865
TQQQ;2014-06-02;1.4200873374938965
TQQQ;2014-06-09;1.3957293033599854
TQQQ;2014-06-16;1.428009033203125
TQQQ;2014-06-23;1.4702366590499878
TQQQ;2014-06-30;1.566298246383667
TQQQ;2014-07-07;1.5429269075393677
TQQQ;2014-07-14;1.5823414325714111
TQQQ;2014-07-21;1.6122492551803589
TQQQ;2014-07-28;1.5086613893508911
TQQQ;2014-08-04;1.5181684494018555
TQQQ;2014-08-11;1.6387901306152344
TQQQ;2014-08-18;1.7237600088119507
TQQQ;2014-08-25;1.7623826265335083
TQQQ;2014-09-01;1.7679282426834106
TQQQ;2014-09-08;1.7445569038391113
TQQQ;2014-09-15;1.78001070022583
TQQQ;2014-09-22;1.7128665447235107
TQQQ;2014-09-29;1.679789662361145
TQQQ;2014-10-06;1.4856853485107422
TQQQ;2014-10-13;1.4203239679336548
TQQQ;2014-10-20;1.6823638677597046
TQQQ;2014-10-27;1.826158881187439
TQQQ;2014-11-03;1.8362609148025513
TQQQ;2014-11-10;1.9247959852218628
TQQQ;2014-11-17;1.9644087553024292
TQQQ;2014-11-24;2.087209463119507
TQQQ;2014-12-01;2.0454180240631104
TQQQ;2014-12-08;1.888352394104004
TQQQ;2014-12-15;1.9907517433166504
TQQQ;2014-12-22;2.034471273422241
TQQQ;2014-12-29;1.91462242603302
TQQQ;2015-01-05;1.8884732723236084
TQQQ;2015-01-12;1.7908101081848145
TQQQ;2015-01-19;1.9750419855117798
TQQQ;2015-01-26;1.7963577508926392
TQQQ;2015-02-02;1.9037264585494995
TQQQ;2015-02-09;2.116880178451538
TQQQ;2015-02-16;2.2054314613342285
TQQQ;2015-02-23;2.2048370838165283
TQQQ;2015-03-02;2.1404547691345215
TQQQ;2015-03-09;2.0176334381103516
TQQQ;2015-03-16;2.2228634357452393
TQQQ;2015-03-23;2.0324957370758057
TQQQ;2015-03-30;2.0093164443969727
TQQQ;2015-04-06;2.161470890045166
TQQQ;2015-04-13;2.056269884109497
TQQQ;2015-04-20;2.3251163959503174
TQQQ;2015-04-27;2.2323968410491943
TQQQ;2015-05-04;2.2022831439971924
TQQQ;2015-05-11;2.2565677165985107
TQQQ;2015-05-18;2.311049699783325
TQQQ;2015-05-25;2.281926393508911
TQQQ;2015-06-01;2.233783483505249
TQQQ;2015-06-08;2.195150136947632
TQQQ;2015-06-15;2.2747936248779297
TQQQ;2015-06-22;2.2421047687530518
TQQQ;2015-06-29;2.1586971282958984
TQQQ;2015-07-06;2.132347583770752
TQQQ;2015-07-13;2.4960927963256836
TQQQ;2015-07-20;2.337002992630005
TQQQ;2015-07-27;2.3887126445770264
TQQQ;2015-08-03;2.281926393508911
TQQQ;2015-08-10;2.2910399436950684
TQQQ;2015-08-17;1.8211034536361694
TQQQ;2015-08-24;1.9528526067733765
TQQQ;2015-08-31;1.7575072050094604
TQQQ;2015-09-07;1.9298704862594604
TQQQ;2015-09-14;1.932644009590149
TQQQ;2015-09-21;1.7997066974639893
TQQQ;2015-09-28;1.8424999713897705
TQQQ;2015-10-05;1.976824164390564
TQQQ;2015-10-12;2.0665721893310547
TQQQ;2015-10-19;2.335418224334717
TQQQ;2015-10-26;2.370485305786133
TQQQ;2015-11-02;2.4620158672332764
TQQQ;2015-11-09;2.152555465698242
TQQQ;2015-11-16;2.429920196533203
TQQQ;2015-11-23;2.4168450832366943
TQQQ;2015-11-30;2.4624123573303223
TQQQ;2015-12-07;2.1907923221588135
TQQQ;2015-12-14;2.154338836669922
TQQQ;2015-12-21;2.3072853088378906
TQQQ;2015-12-28;2.2631049156188965
TQQQ;2016-01-04;1.8106026649475098
TQQQ;2016-01-11;1.6344759464263916
TQQQ;2016-01-18;1.7731584310531616
TQQQ;2016-01-25;1.7848474979400635
TQQQ;2016-02-01;1.4841041564941406
TQQQ;2016-02-08;1.4734055995941162
TQQQ;2016-02-15;1.6398249864578247
TQQQ;2016-02-22;1.7226381301879883
TQQQ;2016-02-29;1.8323962688446045
TQQQ;2016-03-07;1.8696426153182983
TQQQ;2016-03-14;1.9328423738479614
TQQQ;2016-03-21;1.9257099628448486
TQQQ;2016-03-28;2.096290111541748
TQQQ;2016-04-04;2.0152597427368164
TQQQ;2016-04-11;2.1050069332122803
TQQQ;2016-04-18;2.009711742401123
TQQQ;2016-04-25;1.8347737789154053
TQQQ;2016-05-02;1.8218955993652344
TQQQ;2016-05-09;1.814367651939392
TQQQ;2016-05-16;1.8638970851898193
TQQQ;2016-05-23;2.0580532550811768
TQQQ;2016-05-30;2.054288387298584
TQQQ;2016-06-06;1.9922776222229004
TQQQ;2016-06-13;1.8722177743911743
TQQQ;2016-06-20;1.7489888668060303
TQQQ;2016-06-27;1.9344274997711182
TQQQ;2016-07-04;2.054090976715088
TQQQ;2016-07-11;2.137894630432129
TQQQ;2016-07-18;2.244283676147461
TQQQ;2016-07-25;2.3379945755004883
TQQQ;2016-08-01;2.4324967861175537
TQQQ;2016-08-08;2.457855463027954
TQQQ;2016-08-15;2.4600348472595215
TQQQ;2016-08-22;2.4295248985290527
TQQQ;2016-08-29;2.4469587802886963
TQQQ;2016-09-05;2.2680583000183105
TQQQ;2016-09-12;2.4645915031433105
TQQQ;2016-09-19;2.529376268386841
TQQQ;2016-09-26;2.547602415084839
TQQQ;2016-10-03;2.5331408977508545
TQQQ;2016-10-10;2.4433929920196533
TQQQ;2016-10-17;2.5061967372894287
TQQQ;2016-10-24;2.4439873695373535
TQQQ;2016-10-31;2.2258591651916504
TQQQ;2016-11-07;2.346909284591675
TQQQ;2016-11-14;2.4394302368164062
TQQQ;2016-11-21;2.528979778289795
TQQQ;2016-11-28;2.3312575817108154
TQQQ;2016-12-05;2.5654335021972656
TQQQ;2016-12-12;2.5933678150177
TQQQ;2016-12-19;2.6325953006744385
TQQQ;2016-12-26;2.5206596851348877
TQQQ;2017-01-02;2.7399754524230957
TQQQ;2017-01-09;2.822788953781128
TQQQ;2017-01-16;2.8259596824645996
TQQQ;2017-01-23;3.002284049987793
TQQQ;2017-01-30;2.9915854930877686
TQQQ;2017-02-06;3.1128344535827637
TQQQ;2017-02-13;3.290348529815674
TQQQ;2017-02-20;3.3248214721679688
TQQQ;2017-02-27;3.379105806350708
TQQQ;2017-03-06;3.403275728225708
TQQQ;2017-03-13;3.446861743927002
TQQQ;2017-03-20;3.3592941761016846
TQQQ;2017-03-27;3.4952030181884766
TQQQ;2017-04-03;3.462315082550049
TQQQ;2017-04-10;3.3375003337860107
TQQQ;2017-04-17;3.499957799911499
TQQQ;2017-04-24;3.7773232460021973
TQQQ;2017-05-01;3.9029312133789062
TQQQ;2017-05-08;3.9920830726623535
TQQQ;2017-05-15;3.9136290550231934
TQQQ;2017-05-22;4.205654621124268
TQQQ;2017-05-29;4.404962539672852
TQQQ;2017-06-05;4.091935634613037
TQQQ;2017-06-12;3.954045295715332
TQQQ;2017-06-19;4.211202621459961
TQQQ;2017-06-26;3.8696467876434326
TQQQ;2017-07-03;3.8823256492614746
TQQQ;2017-07-10;4.263505458831787
TQQQ;2017-07-17;4.440227508544922
TQQQ;2017-07-24;4.413283348083496
TQQQ;2017-07-31;4.387527942657471
TQQQ;2017-08-07;4.238147258758545
TQQQ;2017-08-14;4.146615982055664
TQQQ;2017-08-21;4.210806369781494
TQQQ;2017-08-28;4.572173595428467
TQQQ;2017-09-04;4.404567241668701
TQQQ;2017-09-11;4.561079025268555
TQQQ;2017-09-18;4.433095932006836
TQQQ;2017-09-25;4.527002811431885
TQQQ;2017-10-02;4.729084014892578
TQQQ;2017-10-09;4.795650959014893
TQQQ;2017-10-16;4.824973106384277
TQQQ;2017-10-23;5.05914831161499
TQQQ;2017-10-30;5.258852481842041
TQQQ;2017-11-06;5.299665451049805
TQQQ;2017-11-13;5.31868314743042
TQQQ;2017-11-20;5.55642557144165
TQQQ;2017-11-27;5.359891891479492
TQQQ;2017-12-04;5.372967720031738
TQQQ;2017-12-11;5.673710823059082
TQQQ;2017-12-18;5.679258346557617
TQQQ;2017-12-25;5.496593952178955
TQQQ;2018-01-01;6.1634602546691895
TQQQ;2018-01-08;6.450336456298828
TQQQ;2018-01-15;6.671830654144287
TQQQ;2018-01-22;7.211109638214111
TQQQ;2018-01-29;6.425769329071045
TQQQ;2018-02-05;5.39396858215332
TQQQ;2018-02-12;6.350087642669678
TQQQ;2018-02-19;6.702342987060547
TQQQ;2018-02-26;6.442014694213867
TQQQ;2018-03-05;7.280055522918701
TQQQ;2018-03-12;7.018142223358154
TQQQ;2018-03-19;5.5639543533325195
TQQQ;2018-03-26;5.702636241912842
TQQQ;2018-04-02;5.286589622497559
TQQQ;2018-04-09;5.763261318206787
TQQQ;2018-04-16;5.84488582611084
TQQQ;2018-04-23;5.8020920753479
TQQQ;2018-04-30;6.085402011871338
TQQQ;2018-05-07;6.597339630126953
TQQQ;2018-05-14;6.353257179260254
TQQQ;2018-05-21;6.603282928466797
TQQQ;2018-05-28;6.952763080596924
TQQQ;2018-06-04;7.148899555206299
TQQQ;2018-06-11;7.4579644203186035
TQQQ;2018-06-18;7.260639667510986
TQQQ;2018-06-25;6.788721561431885
TQQQ;2018-07-02;7.260639667510986
TQQQ;2018-07-09;7.75752067565918
TQQQ;2018-07-16;7.671933174133301
TQQQ;2018-07-23;7.481738090515137
TQQQ;2018-07-30;7.765841960906982
TQQQ;2018-08-06;7.813389301300049
TQQQ;2018-08-13;7.714727401733398
TQQQ;2018-08-20;8.047565460205078
TQQQ;2018-08-27;8.594372749328613
TQQQ;2018-09-03;7.8538031578063965
TQQQ;2018-09-10;8.20328426361084
TQQQ;2018-09-17;8.14622688293457
TQQQ;2018-09-24;8.45648193359375
TQQQ;2018-10-01;7.696897506713867
TQQQ;2018-10-08;6.898082733154297
TQQQ;2018-10-15;6.704322814941406
TQQQ;2018-10-22;5.9138312339782715
TQQQ;2018-10-29;6.187233924865723
TQQQ;2018-11-05;6.373862266540527
TQQQ;2018-11-12;5.901944160461426
TQQQ;2018-11-19;5.0389404296875
TQQQ;2018-11-26;6.025569438934326
TQQQ;2018-12-03;5.160189151763916
TQQQ;2018-12-10;5.099565029144287
TQQQ;2018-12-17;3.9013450145721436
TQQQ;2018-12-24;4.311324119567871
TQQQ;2018-12-31;4.5553388595581055
TQQQ;2019-01-07;4.9386210441589355
TQQQ;2019-01-14;5.345707893371582
TQQQ;2019-01-21;5.327852725982666
TQQQ;2019-01-28;5.52425479888916
TQQQ;2019-02-04;5.621860980987549
TQQQ;2019-02-11;5.955149173736572
TQQQ;2019-02-18;6.046803951263428
TQQQ;2019-02-25;6.196783065795898
TQQQ;2019-03-04;5.850401878356934
TQQQ;2019-03-11;6.5848259925842285
TQQQ;2019-03-18;6.638364315032959
TQQQ;2019-03-25;6.746721267700195
TQQQ;2019-04-01;7.309940338134766
TQQQ;2019-04-08;7.438540458679199
TQQQ;2019-04-15;7.615960597991943
TQQQ;2019-04-22;8.011284828186035
TQQQ;2019-04-29;8.045817375183105
TQQQ;2019-05-06;7.2801713943481445
TQQQ;2019-05-13;7.006301403045654
TQQQ;2019-05-20;6.437130451202393
TQQQ;2019-05-27;5.979886054992676
TQQQ;2019-06-03;6.688374996185303
TQQQ;2019-06-10;6.8622236251831055
TQQQ;2019-06-17;7.543325901031494
TQQQ;2019-06-24;7.355188369750977
TQQQ;2019-07-01;7.861250877380371
TQQQ;2019-07-08;8.155364036560059
TQQQ;2019-07-15;7.8279128074646
TQQQ;2019-07-22;8.343502044677734
TQQQ;2019-07-29;7.349235534667969
TQQQ;2019-08-05;7.188485622406006
TQQQ;2019-08-12;7.021782875061035
TQQQ;2019-08-19;6.641937255859375
TQQQ;2019-08-26;7.2027740478515625
TQQQ;2019-09-02;7.668352127075195
TQQQ;2019-09-09;7.773136615753174
TQQQ;2019-09-16;7.551661014556885
TQQQ;2019-09-23;7.148000717163086
TQQQ;2019-09-30;7.313512802124023
TQQQ;2019-10-07;7.554042339324951
TQQQ;2019-10-14;7.619533538818359
TQQQ;2019-10-21;8.07558536529541
TQQQ;2019-10-28;8.474482536315918
TQQQ;2019-11-04;8.770977020263672
TQQQ;2019-11-11;8.955538749694824
TQQQ;2019-11-18;8.83527660369873
TQQQ;2019-11-25;9.256797790527344
TQQQ;2019-12-02;9.210357666015625
TQQQ;2019-12-09;9.509232521057129
TQQQ;2019-12-16;10.136752128601074
TQQQ;2019-12-23;10.4596529006958
TQQQ;2019-12-30;10.526360511779785
TQQQ;2020-01-06;11.144574165344238
TQQQ;2020-01-13;11.899774551391602
TQQQ;2020-01-20;11.772320747375488
TQQQ;2020-01-27;11.15410327911377
TQQQ;2020-02-03;12.747884750366211
TQQQ;2020-02-10;13.643644332885742
TQQQ;2020-02-17;12.881296157836914
TQQQ;2020-02-24;9.171998023986816
TQQQ;2020-03-02;9.152938842773438
TQQQ;2020-03-09;6.770603656768799
TQQQ;2020-03-16;4.229840278625488
TQQQ;2020-03-23;5.281641483306885
TQQQ;2020-03-30;5.052937984466553
TQQQ;2020-04-06;6.512118339538574
TQQQ;2020-04-13;7.948668956756592
TQQQ;2020-04-20;7.7545084953308105
TQQQ;2020-04-27;7.565112590789795
TQQQ;2020-05-04;8.908751487731934
TQQQ;2020-05-11;8.682428359985352
TQQQ;2020-05-18;9.436437606811523
TQQQ;2020-05-25;9.859301567077637
TQQQ;2020-06-01;10.707415580749512
TQQQ;2020-06-08;10.101110458374023
TQQQ;2020-06-15;11.187455177307129
TQQQ;2020-06-22;10.658577919006348
TQQQ;2020-06-29;12.303582191467285
TQQQ;2020-07-06;14.073657989501953
TQQQ;2020-07-13;13.32203197479248
TQQQ;2020-07-20;12.660932540893555
TQQQ;2020-07-27;14.220171928405762
TQQQ;2020-08-03;15.126648902893066
TQQQ;2020-08-10;15.190975189208984
TQQQ;2020-08-17;16.833593368530273
TQQQ;2020-08-24;18.785921096801758
TQQQ;2020-08-31;16.871707916259766
TQQQ;2020-09-07;14.497714042663574
TQQQ;2020-09-14;13.874732971191406
TQQQ;2020-09-21;14.587051391601562
TQQQ;2020-09-28;14.976563453674316
TQQQ;2020-10-05;16.80738639831543
TQQQ;2020-10-12;17.283855438232422
TQQQ;2020-10-19;16.592973709106445
TQQQ;2020-10-26;13.990276336669922
TQQQ;2020-11-02;18.03429412841797
TQQQ;2020-11-09;17.28862190246582
TQQQ;2020-11-16;17.184988021850586
TQQQ;2020-11-23;18.726362228393555
TQQQ;2020-11-30;19.962797164916992
TQQQ;2020-12-07;19.213550567626953
TQQQ;2020-12-14;20.765644073486328
TQQQ;2020-12-21;20.803760528564453
TQQQ;2020-12-28;21.655445098876953
TQQQ;2021-01-04;22.66555404663086
TQQQ;2021-01-11;21.127756118774414
TQQQ;2021-01-18;23.947254180908203
TQQQ;2021-01-25;21.553009033203125
TQQQ;2021-02-01;25.086015701293945
TQQQ;2021-02-08;26.231916427612305
TQQQ;2021-02-15;24.97165870666504
TQQQ;2021-02-22;21.255212783813477
TQQQ;2021-03-01;19.95446014404297
TQQQ;2021-03-08;21.08844566345215
TQQQ;2021-03-15;20.602453231811523
TQQQ;2021-03-22;21.119421005249023
TQQQ;2021-03-29;22.846616744995117
TQQQ;2021-04-05;25.55533218383789
TQQQ;2021-04-12;26.636913299560547
TQQQ;2021-04-19;25.981767654418945
TQQQ;2021-04-26;25.64824676513672
TQQQ;2021-05-03;24.728662490844727
TQQQ;2021-05-10;22.863292694091797
TQQQ;2021-05-17;22.977638244628906
TQQQ;2021-05-24;24.44039535522461
TQQQ;2021-05-31;24.771541595458984
TQQQ;2021-06-07;26.019886016845703
TQQQ;2021-06-14;26.29861831665039
TQQQ;2021-06-21;27.994842529296875
TQQQ;2021-06-28;30.18897819519043
TQQQ;2021-07-05;30.767885208129883
TQQQ;2021-07-12;29.905481338500977
TQQQ;2021-07-19;32.533199310302734
TQQQ;2021-07-26;31.623146057128906
TQQQ;2021-08-02;32.50222396850586
TQQQ;2021-08-09;32.67136764526367
TQQQ;2021-08-16;32.352134704589844
TQQQ;2021-08-23;34.567710876464844
TQQQ;2021-08-30;36.08050537109375
TQQQ;2021-09-06;34.674922943115234
TQQQ;2021-09-13;33.88637161254883
TQQQ;2021-09-20;33.77915573120117
TQQQ;2021-09-27;30.217567443847656
TQQQ;2021-10-04;30.37003517150879
TQQQ;2021-10-11;32.33070373535156
TQQQ;2021-10-18;33.65766143798828
TQQQ;2021-10-25;36.964351654052734
TQQQ;2021-11-01;40.633148193359375
TQQQ;2021-11-08;39.415771484375
TQQQ;2021-11-15;42.200721740722656
TQQQ;2021-11-22;38.317508697509766
TQQQ;2021-11-29;35.75411605834961
TQQQ;2021-12-06;39.897003173828125
TQQQ;2021-12-13;35.9256477355957
TQQQ;2021-12-20;39.422916412353516
TQQQ;2021-12-27;39.62541580200195
TQQQ;2022-01-03;34.32233428955078
TQQQ;2022-01-10;34.243717193603516
TQQQ;2022-01-17;27.001407623291016
TQQQ;2022-01-24;26.85846710205078
TQQQ;2022-01-31;27.96864128112793
TQQQ;2022-02-07;25.38618278503418
TQQQ;2022-02-14;24.03302001953125
TQQQ;2022-02-21;24.733423233032227
TQQQ;2022-02-28;22.913320541381836
TQQQ;2022-03-07;20.17363166809082
TQQQ;2022-03-14;25.333772659301758
TQQQ;2022-03-21;27.125289916992188
TQQQ;2022-03-28;27.601760864257812
TQQQ;2022-04-04;24.700071334838867
TQQQ;2022-04-11;22.393970489501953
TQQQ;2022-04-18;19.778160095214844
TQQQ;2022-04-25;17.405353546142578
TQQQ;2022-05-02;16.490535736083984
TQQQ;2022-05-09;15.070667266845703
TQQQ;2022-05-16;13.026619911193848
TQQQ;2022-05-23;15.861600875854492
TQQQ;2022-05-30;15.3136625289917
TQQQ;2022-06-06;12.764562606811523
TQQQ;2022-06-13;10.801517486572266
TQQQ;2022-06-20;13.331559181213379
TQQQ;2022-06-27;11.621041297912598
TQQQ;2022-07-04;13.288678169250488
TQQQ;2022-07-11;12.764562606811523
TQQQ;2022-07-18;14.070084571838379
TQQQ;2022-07-25;15.894953727722168
TQQQ;2022-08-01;16.81453514099121
TQQQ;2022-08-08;18.096233367919922
TQQQ;2022-08-15;16.843124389648438
TQQQ;2022-08-22;14.408373832702637
TQQQ;2022-08-29;12.712153434753418
TQQQ;2022-09-05;14.217787742614746
TQQQ;2022-09-12;11.721096992492676
TQQQ;2022-09-19;10.153521537780762
TQQQ;2022-09-26;9.205349922180176
TQQQ;2022-10-03;9.291114807128906
TQQQ;2022-10-10;8.371532440185547
TQQQ;2022-10-17;9.800935745239258
TQQQ;2022-10-24;10.339344024658203
TQQQ;2022-10-31;8.552591323852539
TQQQ;2022-11-07;10.801517486572266
TQQQ;2022-11-14;10.406047821044922
TQQQ;2022-11-21;10.606165885925293
TQQQ;2022-11-28;11.15410327911377
TQQQ;2022-12-05;9.953405380249023
TQQQ;2022-12-12;9.081469535827637
TQQQ;2022-12-19;8.424562454223633
TQQQ;2022-12-26;8.285669326782227
TQQQ;2023-01-02;8.448508262634277
TQQQ;2023-01-09;9.626700401306152
TQQQ;2023-01-16;9.765592575073242
TQQQ;2023-01-23;11.17367935180664
TQQQ;2023-01-30;12.222558975219727
TQQQ;2023-02-06;11.408358573913574
TQQQ;2023-02-13;11.513728141784668
TQQQ;2023-02-20;10.426533699035645
TQQQ;2023-02-27;11.235940933227539
TQQQ;2023-03-06;10.000275611877441
TQQQ;2023-03-13;11.767565727233887
TQQQ;2023-03-20;12.438333511352539
TQQQ;2023-03-27;13.613760948181152
TQQQ;2023-04-03;13.213921546936035
TQQQ;2023-04-10;13.233189582824707
TQQQ;2023-04-17;12.9441499710083
TQQQ;2023-04-24;13.608942031860352
TQQQ;2023-05-01;13.589673042297363
TQQQ;2023-05-08;13.84017276763916
TQQQ;2023-05-15;15.290188789367676
TQQQ;2023-05-22;16.851001739501953
TQQQ;2023-05-29;17.737390518188477
TQQQ;2023-06-05;17.641042709350586
TQQQ;2023-06-12;19.65468406677246
TQQQ;2023-06-19;18.822824478149414
TQQQ;2023-06-26;19.81349754333496
TQQQ;2023-07-03;19.26741600036621
TQQQ;2023-07-10;21.272930145263672
TQQQ;2023-07-17;20.630199432373047
TQQQ;2023-07-24;21.85283660888672
TQQQ;2023-07-31;19.881155014038086
TQQQ;2023-08-07;18.89047622680664
TQQQ;2023-08-14;17.590518951416016
TQQQ;2023-08-21;18.383060455322266
TQQQ;2023-08-28;20.43689727783203
TQQQ;2023-09-04;19.571868896484375
TQQQ;2023-09-11;19.209426879882812
TQQQ;2023-09-18;17.279064178466797
TQQQ;2023-09-25;17.27421760559082
TQQQ;2023-10-02;18.11319351196289
TQQQ;2023-10-09;18.142292022705078
TQQQ;2023-10-16;16.532228469848633
TQQQ;2023-10-23;15.179195404052734
TQQQ;2023-10-30;18.2247314453125
TQQQ;2023-11-06;19.77174949645996
TQQQ;2023-11-13;20.930797576904297
TQQQ;2023-11-20;21.425458908081055
TQQQ;2023-11-27;21.45455551147461
TQQQ;2023-12-04;21.740680694580078
TQQQ;2023-12-11;23.879344940185547
TQQQ;2023-12-18;24.524843215942383
TQQQ;2023-12-25;24.695323944091797
TQQQ;2024-01-01;22.396270751953125
TQQQ;2024-01-08;24.519973754882812
TQQQ;2024-01-15;26.56574249267578
TQQQ;2024-01-22;27.004117965698242
TQQQ;2024-01-29;27.880876541137695
TQQQ;2024-02-05;29.356752395629883
TQQQ;2024-02-12;27.963682174682617
TQQQ;2024-02-19;29.040143966674805
TQQQ;2024-02-26;30.749818801879883
TQQQ;2024-03-04;29.25446319580078
TQQQ;2024-03-11;28.1341609954834
TQQQ;2024-03-18;30.616352081298828
TQQQ;2024-03-25;30.093286514282227
TQQQ;2024-04-01;29.26224708557129
TQQQ;2024-04-08;28.704967498779297
TQQQ;2024-04-15;24.188039779663086
TQQQ;2024-04-22;27.023340225219727
TQQQ;2024-04-29;27.71750259399414
TQQQ;2024-05-06;28.92494773864746
TQQQ;2024-05-13;30.76789093017578
TQQQ;2024-05-20;31.946002960205078
TQQQ;2024-05-27;30.567461013793945
TQQQ;2024-06-03;32.81126403808594
TQQQ;2024-06-10;36.25761413574219
TQQQ;2024-06-17;36.370052337646484
TQQQ;2024-06-24;36.22453308105469
TQQQ;2024-07-01;40.05702209472656
TQQQ;2024-07-08;39.57120895385742
TQQQ;2024-07-15;34.87016677856445
TQQQ;2024-07-22;31.93569564819336
TQQQ;2024-07-29;28.824565887451172
TQQQ;2024-08-05;28.878541946411133
TQQQ;2024-08-12;33.68263626098633
TQQQ;2024-08-19;34.61008071899414
TQQQ;2024-08-26;33.66791534423828
TQQQ;2024-09-02;27.96581268310547
TQQQ;2024-09-09;33.049617767333984
TQQQ;2024-09-16;34.41379165649414
TQQQ;2024-09-23;35.41075897216797
TQQQ;2024-09-30;35.43045425415039
TQQQ;2024-10-07;36.57749938964844
TQQQ;2024-10-14;36.744876861572266
TQQQ;2024-10-21;36.79410934448242
TQQQ;2024-10-28;34.91846466064453
TQQQ;2024-11-04;40.73738098144531
TQQQ;2024-11-11;36.562721252441406
TQQQ;2024-11-18;38.52206039428711
TQQQ;2024-11-25;39.32942199707031
TQQQ;2024-12-02;43.19393539428711
TQQQ;2024-12-09;44.011146545410156
TQQQ;2024-12-16;40.87522506713867
TQQQ;2024-12-23;41.81616973876953
TQQQ;2024-12-30;40.699886322021484
TQQQ;2025-01-06;37.948692321777344
TQQQ;2025-01-13;41.06539535522461
TQQQ;2025-01-20;42.84848403930664
TQQQ;2025-01-27;40.857940673828125
TQQQ;2025-02-03;40.862884521484375
TQQQ;2025-02-10;44.369789123535156
TQQQ;2025-02-17;41.346927642822266
TQQQ;2025-02-24;37.00528335571289
TQQQ;2025-03-03;33.295867919921875
TQQQ;2025-03-10;30.569364547729492
TQQQ;2025-03-17;30.71260643005371
TQQQ;2025-03-24;28.405540466308594
TQQQ;2025-03-31;20.355485916137695
TQQQ;2025-04-07;24.06594467163086
TQQQ;2025-04-14;22.371715545654297
TQQQ;2025-04-21;26.681591033935547
TQQQ;2025-04-28;29.440900802612305
TQQQ;2025-05-05;29.213022232055664
TQQQ;2025-05-12;35.39545822143555
TQQQ;2025-05-19;32.854122161865234
TQQQ;2025-05-26;34.67715072631836
TQQQ;2025-06-02;36.76272964477539
TQQQ;2025-06-09;36.079097747802734
TQQQ;2025-06-16;35.89085388183594
TQQQ;2025-06-23;40.44738006591797
TQQQ;2025-06-30;42.131446838378906
TQQQ;2025-07-07;41.5899658203125
TQQQ;2025-07-14;43.09518814086914
TQQQ;2025-07-21;44.173187255859375
TQQQ;2025-07-28;41.19253921508789
TQQQ;2025-08-04;45.78274154663086
TQQQ;2025-08-11;46.329193115234375
TQQQ;2025-08-18;44.89847946166992
TQQQ;2025-08-25;44.39177322387695
TQQQ;2025-09-01;45.613834381103516
TQQQ;2025-09-08;48.06790542602539
TQQQ;2025-09-15;51.157840728759766
TQQQ;2025-09-22;50.346500396728516
TQQQ;2025-09-29;52.062007904052734
TQQQ;2025-10-06;48.26799774169922
TQQQ;2025-10-13;51.708961486816406
TQQQ;2025-10-20;54.97589111328125
TQQQ;2025-10-27;58.03894805908203
TQQQ;2025-11-03;52.59904098510742
TQQQ;2025-11-10;52.0818977355957
TQQQ;2025-11-17;47.21879959106445
TQQQ;2025-11-24;54.239967346191406
TQQQ;2025-12-01;55.84111022949219
TQQQ;2025-12-08;52.529422760009766
TQQQ;2025-12-15;53.22557830810547
TQQQ;2025-12-22;55.09185791015625
TQQQ;2025-12-29;52.14352798461914
TQQQ;2026-01-05;55.54008102416992
TQQQ;2026-01-12;53.92647171020508
TQQQ;2026-01-19;54.16552734375
TQQQ;2026-01-26;53.787025451660156
TQQQ;2026-02-02;50.390472412109375
TQQQ;2026-02-09;48.27883529663086
TQQQ;2026-02-16;49.86256408691406
TQQQ;2026-02-23;49.3246955871582
TQQQ;2026-03-02;47.35250473022461
TQQQ;2026-03-09;45.74885559082031
TQQQ;2026-03-16;42.91009521484375
TQQQ;2026-03-23;38.690914154052734
TQQQ;2026-03-30;43.230464935302734
TQQQ;2026-04-06;49.057044982910156
TQQQ;2026-04-13;58.45541000366211
TQQQ;2026-04-20;62.416290283203125
TQQQ;2026-04-27;65.1500015258789
TQQQ;2026-05-04;76.10477447509766
TQQQ;2026-05-11;75.16693115234375
TQQQ;2026-05-18;77.66118621826172
TQQQ;2026-05-25;84.36575317382812
TQQQ;2026-06-01;72.88219451904297
TQQQ;2026-06-08;77.3419189453125
TQQQ;2026-06-15;82.67963409423828
TQQQ;2026-06-22;71.83000183105469
TQQQ;2026-06-29;73.3499984741211
TQQQ;2026-07-06;77.02999877929688
TQQQ;2026-07-13;67.52999877929688
TQQQ;2026-07-20;64.0
TQQQ;2026-07-27;64.62000274658203
TQQQ;2026-08-03;74.47000122070312
TQQQ;2026-08-10;76.79000091552734
TQQQ;2026-08-17;71.16999816894531
TQQQ;2026-08-24;71.8499984741211
TQQQ;2026-08-31;72.37000274658203
TQQQ;2026-09-07;70.9800033569336
TQQQ;2026-09-14;67.93000030517578
TQQQ;2026-09-16;67.93000030517578
VIX;2008-01-01;23.790000915527344
VIX;2008-01-08;22.899999618530273
VIX;2008-01-15;27.18000030517578
VIX;2008-01-22;27.780000686645508
VIX;2008-01-29;25.989999771118164
VIX;2008-02-05;27.600000381469727
VIX;2008-02-12;25.020000457763672
VIX;2008-02-19;23.030000686645508
VIX;2008-02-26;26.280000686645508
VIX;2008-03-04;29.3799991607666
VIX;2008-03-11;32.2400016784668
VIX;2008-03-18;25.729999542236328
VIX;2008-03-25;25.610000610351562
VIX;2008-04-01;22.420000076293945
VIX;2008-04-08;23.81999969482422
VIX;2008-04-15;20.5
VIX;2008-04-22;19.639999389648438
VIX;2008-04-29;18.899999618530273
VIX;2008-05-06;17.790000915527344
VIX;2008-05-13;17.010000228881836
VIX;2008-05-20;19.549999237060547
VIX;2008-05-27;19.829999923706055
VIX;2008-06-03;23.1200008392334
VIX;2008-06-10;20.950000762939453
VIX;2008-06-17;22.639999389648438
VIX;2008-06-24;23.950000762939453
VIX;2008-07-01;25.780000686645508
VIX;2008-07-08;28.479999542236328
VIX;2008-07-15;23.049999237060547
VIX;2008-07-22;24.229999542236328
VIX;2008-07-29;23.489999771118164
VIX;2008-08-05;20.1200008392334
VIX;2008-08-12;20.979999542236328
VIX;2008-08-19;20.969999313354492
VIX;2008-08-26;20.649999618530273
VIX;2008-09-02;22.639999389648438
VIX;2008-09-09;31.700000762939453
VIX;2008-09-16;33.849998474121094
VIX;2008-09-23;46.720001220703125
VIX;2008-09-30;52.04999923706055
VIX;2008-10-07;54.9900016784668
VIX;2008-10-14;52.970001220703125
VIX;2008-10-21;80.05999755859375
VIX;2008-10-28;53.68000030517578
VIX;2008-11-04;59.97999954223633
VIX;2008-11-11;69.1500015258789
VIX;2008-11-18;64.69999694824219
VIX;2008-11-25;68.51000213623047
VIX;2008-12-02;58.4900016784668
VIX;2008-12-09;56.7599983215332
VIX;2008-12-16;44.560001373291016
VIX;2008-12-23;43.900001525878906
VIX;2008-12-30;39.08000183105469
VIX;2009-01-06;45.84000015258789
VIX;2009-01-13;46.11000061035156
VIX;2009-01-20;45.689998626708984
VIX;2009-01-27;45.52000045776367
VIX;2009-02-03;43.63999938964844
VIX;2009-02-10;42.93000030517578
VIX;2009-02-17;52.619998931884766
VIX;2009-02-24;52.650001525878906
VIX;2009-03-03;49.68000030517578
VIX;2009-03-10;43.7400016784668
VIX;2009-03-17;43.22999954223633
VIX;2009-03-24;45.540000915527344
VIX;2009-03-31;40.93000030517578
VIX;2009-04-07;37.810001373291016
VIX;2009-04-14;39.18000030517578
VIX;2009-04-21;38.31999969482422
VIX;2009-04-28;34.529998779296875
VIX;2009-05-05;32.869998931884766
VIX;2009-05-12;30.239999771118164
VIX;2009-05-19;32.630001068115234
VIX;2009-05-26;30.040000915527344
VIX;2009-06-02;29.770000457763672
VIX;2009-06-09;30.809999465942383
VIX;2009-06-16;31.170000076293945
VIX;2009-06-23;25.350000381469727
VIX;2009-06-30;29.0
VIX;2009-07-07;26.309999465942383
VIX;2009-07-14;24.399999618530273
VIX;2009-07-21;24.280000686645508
VIX;2009-07-28;25.559999465942383
VIX;2009-08-04;24.989999771118164
VIX;2009-08-11;27.889999389648438
VIX;2009-08-18;25.139999389648438
VIX;2009-08-25;26.010000228881836
VIX;2009-09-01;25.260000228881836
VIX;2009-09-08;23.860000610351562
VIX;2009-09-15;24.059999465942383
VIX;2009-09-22;24.8799991607666
VIX;2009-09-29;26.84000015258789
VIX;2009-10-06;23.010000228881836
VIX;2009-10-13;21.489999771118164
VIX;2009-10-20;24.309999465942383
VIX;2009-10-27;29.780000686645508
VIX;2009-11-03;23.149999618530273
VIX;2009-11-10;22.889999389648438
VIX;2009-11-17;21.15999984741211
VIX;2009-11-24;24.510000228881836
VIX;2009-12-01;22.100000381469727
VIX;2009-12-08;21.149999618530273
VIX;2009-12-15;20.489999771118164
VIX;2009-12-22;19.93000030517578
VIX;2009-12-29;20.040000915527344
VIX;2010-01-05;17.549999237060547
VIX;2010-01-12;17.90999984741211
VIX;2010-01-19;25.40999984741211
VIX;2010-01-26;22.59000015258789
VIX;2010-02-02;26.510000228881836
VIX;2010-02-09;22.729999542236328
VIX;2010-02-16;19.940000534057617
VIX;2010-02-23;19.260000228881836
VIX;2010-03-02;17.790000915527344
VIX;2010-03-09;18.0
VIX;2010-03-16;16.8700008392334
VIX;2010-03-23;17.59000015258789
VIX;2010-03-30;17.020000457763672
VIX;2010-04-06;15.579999923706055
VIX;2010-04-13;17.34000015258789
VIX;2010-04-20;17.469999313354492
VIX;2010-04-27;20.190000534057617
VIX;2010-05-04;28.84000015258789
VIX;2010-05-11;30.84000015258789
VIX;2010-05-18;38.31999969482422
VIX;2010-05-25;32.06999969482422
VIX;2010-06-01;36.56999969482422
VIX;2010-06-08;28.579999923706055
VIX;2010-06-15;24.8799991607666
VIX;2010-06-22;29.0
VIX;2010-06-29;30.1200008392334
VIX;2010-07-06;24.43000030517578
VIX;2010-07-13;25.969999313354492
VIX;2010-07-20;22.729999542236328
VIX;2010-07-27;22.010000228881836
VIX;2010-08-03;22.139999389648438
VIX;2010-08-10;26.100000381469727
VIX;2010-08-17;25.65999984741211
VIX;2010-08-24;27.209999084472656
VIX;2010-08-31;21.309999465942383
VIX;2010-09-07;21.209999084472656
VIX;2010-09-14;21.5
VIX;2010-09-21;22.540000915527344
VIX;2010-09-28;23.530000686645508
VIX;2010-10-05;18.959999084472656
VIX;2010-10-12;19.09000015258789
VIX;2010-10-19;19.850000381469727
VIX;2010-10-26;21.829999923706055
VIX;2010-11-02;18.290000915527344
VIX;2010-11-09;20.200000762939453
VIX;2010-11-16;18.3700008392334
VIX;2010-11-23;21.530000686645508
VIX;2010-11-30;18.020000457763672
VIX;2010-12-07;17.549999237060547
VIX;2010-12-14;16.40999984741211
VIX;2010-12-21;17.670000076293945
VIX;2010-12-28;17.610000610351562
VIX;2011-01-04;17.540000915527344
VIX;2011-01-11;15.460000038146973
VIX;2011-01-18;17.649999618530273
VIX;2011-01-25;19.530000686645508
VIX;2011-02-01;16.280000686645508
VIX;2011-02-08;15.949999809265137
VIX;2011-02-15;16.43000030517578
VIX;2011-02-22;18.350000381469727
VIX;2011-03-01;20.65999984741211
VIX;2011-03-08;21.1299991607666
VIX;2011-03-15;20.610000610351562
VIX;2011-03-22;19.440000534057617
VIX;2011-03-29;17.5
VIX;2011-04-05;16.59000015258789
VIX;2011-04-12;16.959999084472656
VIX;2011-04-19;15.770000457763672
VIX;2011-04-26;15.989999771118164
VIX;2011-05-03;17.15999984741211
VIX;2011-05-10;18.239999771118164
VIX;2011-05-17;18.270000457763672
VIX;2011-05-24;15.979999542236328
VIX;2011-05-31;18.489999771118164
VIX;2011-06-07;19.610000610351562
VIX;2011-06-14;19.989999771118164
VIX;2011-06-21;20.559999465942383
VIX;2011-06-28;15.869999885559082
VIX;2011-07-05;18.389999389648438
VIX;2011-07-12;20.950000762939453
VIX;2011-07-19;19.350000381469727
VIX;2011-07-26;23.65999984741211
VIX;2011-08-02;48.0
VIX;2011-08-09;31.8700008392334
VIX;2011-08-16;42.439998626708984
VIX;2011-08-23;32.279998779296875
VIX;2011-08-30;33.91999816894531
VIX;2011-09-06;38.59000015258789
VIX;2011-09-13;32.72999954223633
VIX;2011-09-20;39.02000045776367
VIX;2011-09-27;45.45000076293945
VIX;2011-10-04;33.02000045776367
VIX;2011-10-11;33.38999938964844
VIX;2011-10-18;29.260000228881836
VIX;2011-10-25;29.959999084472656
VIX;2011-11-01;29.850000381469727
VIX;2011-11-08;31.1299991607666
VIX;2011-11-15;32.90999984741211
VIX;2011-11-22;32.130001068115234
VIX;2011-11-29;27.84000015258789
VIX;2011-12-06;25.670000076293945
VIX;2011-12-13;24.920000076293945
VIX;2011-12-20;20.729999542236328
VIX;2011-12-27;23.399999618530273
VIX;2012-01-03;21.06999969482422
VIX;2012-01-10;20.90999984741211
VIX;2012-01-17;18.670000076293945
VIX;2012-01-24;19.399999618530273
VIX;2012-01-31;17.760000228881836
VIX;2012-02-07;19.040000915527344
VIX;2012-02-14;17.780000686645508
VIX;2012-02-21;18.190000534057617
VIX;2012-02-28;18.049999237060547
VIX;2012-03-06;15.640000343322754
VIX;2012-03-13;15.039999961853027
VIX;2012-03-20;14.260000228881836
VIX;2012-03-27;15.640000343322754
VIX;2012-04-03;18.809999465942383
VIX;2012-04-10;19.549999237060547
VIX;2012-04-17;18.969999313354492
VIX;2012-04-24;17.149999618530273
VIX;2012-05-01;18.940000534057617
VIX;2012-05-08;21.8700008392334
VIX;2012-05-15;22.010000228881836
VIX;2012-05-22;21.760000228881836
VIX;2012-05-29;26.1200008392334
VIX;2012-06-05;23.559999465942383
VIX;2012-06-12;18.31999969482422
VIX;2012-06-19;20.3799991607666
VIX;2012-06-26;16.799999237060547
VIX;2012-07-03;17.979999542236328
VIX;2012-07-10;17.110000610351562
VIX;2012-07-17;18.6200008392334
VIX;2012-07-24;18.030000686645508
VIX;2012-07-31;15.949999809265137
VIX;2012-08-07;13.699999809265137
VIX;2012-08-14;14.020000457763672
VIX;2012-08-21;16.350000381469727
VIX;2012-08-28;17.469999313354492
VIX;2012-09-04;16.280000686645508
VIX;2012-09-11;14.59000015258789
VIX;2012-09-18;14.149999618530273
VIX;2012-09-25;16.31999969482422
VIX;2012-10-02;15.109999656677246
VIX;2012-10-09;15.270000457763672
VIX;2012-10-16;16.6200008392334
VIX;2012-10-23;17.809999465942383
VIX;2012-10-30;18.420000076293945
VIX;2012-11-06;16.68000030517578
VIX;2012-11-13;15.239999771118164
VIX;2012-11-20;15.5
VIX;2012-11-27;16.639999389648438
VIX;2012-12-04;16.049999237060547
VIX;2012-12-11;16.34000015258789
VIX;2012-12-18;17.84000015258789
VIX;2012-12-25;18.020000457763672
VIX;2013-01-01;13.789999961853027
VIX;2013-01-08;13.520000457763672
VIX;2013-01-15;12.460000038146973
VIX;2013-01-22;13.569999694824219
VIX;2013-01-29;14.670000076293945
VIX;2013-02-05;12.9399995803833
VIX;2013-02-12;12.460000038146973
VIX;2013-02-19;18.989999771118164
VIX;2013-02-26;14.010000228881836
VIX;2013-03-05;11.5600004196167
VIX;2013-03-12;13.359999656677246
VIX;2013-03-19;13.739999771118164
VIX;2013-03-26;13.579999923706055
VIX;2013-04-02;13.1899995803833
VIX;2013-04-09;17.270000457763672
VIX;2013-04-16;14.390000343322754
VIX;2013-04-23;13.710000038146973
VIX;2013-04-30;12.65999984741211
VIX;2013-05-07;12.550000190734863
VIX;2013-05-14;13.020000457763672
VIX;2013-05-21;13.989999771118164
VIX;2013-05-28;16.280000686645508
VIX;2013-06-04;15.4399995803833
VIX;2013-06-11;16.799999237060547
VIX;2013-06-18;20.110000610351562
VIX;2013-06-25;16.3700008392334
VIX;2013-07-02;14.779999732971191
VIX;2013-07-09;13.789999961853027
VIX;2013-07-16;12.289999961853027
VIX;2013-07-23;13.390000343322754
VIX;2013-07-30;11.84000015258789
VIX;2013-08-06;12.8100004196167
VIX;2013-08-13;15.100000381469727
VIX;2013-08-20;14.989999771118164
VIX;2013-08-27;17.010000228881836
VIX;2013-09-03;15.630000114440918
VIX;2013-09-10;14.380000114440918
VIX;2013-09-17;14.3100004196167
VIX;2013-09-24;16.600000381469727
VIX;2013-10-01;19.40999984741211
VIX;2013-10-08;16.06999969482422
VIX;2013-10-15;13.15999984741211
VIX;2013-10-22;13.3100004196167
VIX;2013-10-29;12.930000305175781
VIX;2013-11-05;12.529999732971191
VIX;2013-11-12;13.100000381469727
VIX;2013-11-19;12.789999961853027
VIX;2013-11-26;14.229999542236328
VIX;2013-12-03;13.489999771118164
VIX;2013-12-10;16.030000686645508
VIX;2013-12-17;13.039999961853027
VIX;2013-12-24;13.5600004196167
VIX;2013-12-31;13.550000190734863
VIX;2014-01-07;13.279999732971191
VIX;2014-01-14;12.4399995803833
VIX;2014-01-21;17.420000076293945
VIX;2014-01-28;21.440000534057617
VIX;2014-02-04;15.260000228881836
VIX;2014-02-11;13.569999694824219
VIX;2014-02-18;14.229999542236328
VIX;2014-02-25;16.0
VIX;2014-03-04;14.199999809265137
VIX;2014-03-11;15.640000343322754
VIX;2014-03-18;15.09000015258789
VIX;2014-03-25;13.880000114440918
VIX;2014-04-01;15.569999694824219
VIX;2014-04-08;16.110000610351562
VIX;2014-04-15;13.25
VIX;2014-04-22;13.970000267028809
VIX;2014-04-29;13.289999961853027
VIX;2014-05-06;12.229999542236328
VIX;2014-05-13;12.420000076293945
VIX;2014-05-20;11.359999656677246
VIX;2014-05-27;11.579999923706055
VIX;2014-06-03;11.149999618530273
VIX;2014-06-10;12.649999618530273
VIX;2014-06-17;10.979999542236328
VIX;2014-06-24;11.569999694824219
VIX;2014-07-01;11.329999923706055
VIX;2014-07-08;11.819999694824219
VIX;2014-07-15;12.8100004196167
VIX;2014-07-22;12.5600004196167
VIX;2014-07-29;15.119999885559082
VIX;2014-08-05;14.229999542236328
VIX;2014-08-12;12.319999694824219
VIX;2014-08-19;11.699999809265137
VIX;2014-08-26;12.09000015258789
VIX;2014-09-02;12.65999984741211
VIX;2014-09-09;14.119999885559082
VIX;2014-09-16;13.6899995803833
VIX;2014-09-23;15.979999542236328
VIX;2014-09-30;15.460000038146973
VIX;2014-10-07;24.639999389648438
VIX;2014-10-14;18.56999969482422
VIX;2014-10-21;16.040000915527344
VIX;2014-10-28;14.729999542236328
VIX;2014-11-04;12.670000076293945
VIX;2014-11-11;13.989999771118164
VIX;2014-11-18;12.619999885559082
VIX;2014-11-25;14.15999984741211
VIX;2014-12-02;14.210000038146973
VIX;2014-12-09;20.420000076293945
VIX;2014-12-16;15.25
VIX;2014-12-23;15.0600004196167
VIX;2014-12-30;19.920000076293945
VIX;2015-01-06;19.600000381469727
VIX;2015-01-13;20.950000762939453
VIX;2015-01-20;15.520000457763672
VIX;2015-01-27;19.43000030517578
VIX;2015-02-03;18.549999237060547
VIX;2015-02-10;14.6899995803833
VIX;2015-02-17;14.5600004196167
VIX;2015-02-24;13.039999961853027
VIX;2015-03-03;15.0600004196167
VIX;2015-03-10;15.609999656677246
VIX;2015-03-17;13.40999984741211
VIX;2015-03-24;14.510000228881836
VIX;2015-03-31;14.739999771118164
VIX;2015-04-07;13.9399995803833
VIX;2015-04-14;13.300000190734863
VIX;2015-04-21;13.119999885559082
VIX;2015-04-28;12.850000381469727
VIX;2015-05-05;13.850000381469727
VIX;2015-05-12;12.729999542236328
VIX;2015-05-19;12.130000114440918
VIX;2015-05-26;13.970000267028809
VIX;2015-06-02;15.289999961853027
VIX;2015-06-09;15.390000343322754
VIX;2015-06-16;12.739999771118164
VIX;2015-06-23;18.850000381469727
VIX;2015-06-30;17.010000228881836
VIX;2015-07-07;13.899999618530273
VIX;2015-07-14;12.25
VIX;2015-07-21;15.600000381469727
VIX;2015-07-28;12.5600004196167
VIX;2015-08-04;12.229999542236328
VIX;2015-08-11;13.020000457763672
VIX;2015-08-18;40.7400016784668
VIX;2015-08-25;28.43000030517578
VIX;2015-09-01;27.799999237060547
VIX;2015-09-08;24.25
VIX;2015-09-15;20.139999389648438
VIX;2015-09-22;27.6299991607666
VIX;2015-09-29;19.540000915527344
VIX;2015-10-06;16.170000076293945
VIX;2015-10-13;14.979999542236328
VIX;2015-10-20;15.289999961853027
VIX;2015-10-27;14.149999618530273
VIX;2015-11-03;16.520000457763672
VIX;2015-11-10;18.15999984741211
VIX;2015-11-17;15.619999885559082
VIX;2015-11-24;16.1299991607666
VIX;2015-12-01;15.84000015258789
VIX;2015-12-08;22.729999542236328
VIX;2015-12-15;18.700000762939453
VIX;2015-12-22;16.90999984741211
VIX;2015-12-29;20.700000762939453
VIX;2016-01-05;24.299999237060547
VIX;2016-01-12;27.020000457763672
VIX;2016-01-19;24.149999618530273
VIX;2016-01-26;19.979999542236328
VIX;2016-02-02;26.0
VIX;2016-02-09;25.399999618530273
VIX;2016-02-16;19.3799991607666
VIX;2016-02-23;20.549999237060547
VIX;2016-03-01;17.350000381469727
VIX;2016-03-08;16.920000076293945
VIX;2016-03-15;13.789999961853027
VIX;2016-03-22;15.239999771118164
VIX;2016-03-29;14.119999885559082
VIX;2016-04-05;16.260000228881836
VIX;2016-04-12;13.350000381469727
VIX;2016-04-19;14.079999923706055
VIX;2016-04-26;14.680000305175781
VIX;2016-05-03;14.569999694824219
VIX;2016-05-10;14.680000305175781
VIX;2016-05-17;15.819999694824219
VIX;2016-05-24;13.119999885559082
VIX;2016-05-31;13.649999618530273
VIX;2016-06-07;20.969999313354492
VIX;2016-06-14;18.3700008392334
VIX;2016-06-21;23.850000381469727
VIX;2016-06-28;14.770000457763672
VIX;2016-07-05;13.539999961853027
VIX;2016-07-12;12.4399995803833
VIX;2016-07-19;12.869999885559082
VIX;2016-07-26;12.4399995803833
VIX;2016-08-02;11.5
VIX;2016-08-09;11.8100004196167
VIX;2016-08-16;12.270000457763672
VIX;2016-08-23;12.9399995803833
VIX;2016-08-30;11.979999542236328
VIX;2016-09-06;15.15999984741211
VIX;2016-09-13;15.529999732971191
VIX;2016-09-20;14.5
VIX;2016-09-27;13.569999694824219
VIX;2016-10-04;13.380000114440918
VIX;2016-10-11;16.209999084472656
VIX;2016-10-18;13.020000457763672
VIX;2016-10-25;17.059999465942383
VIX;2016-11-01;18.709999084472656
VIX;2016-11-08;14.479999542236328
VIX;2016-11-15;12.420000076293945
VIX;2016-11-22;13.149999618530273
VIX;2016-11-29;12.140000343322754
VIX;2016-12-06;12.640000343322754
VIX;2016-12-13;11.710000038146973
VIX;2016-12-20;11.4399995803833
VIX;2016-12-27;14.039999961853027
VIX;2017-01-03;11.5600004196167
VIX;2017-01-10;11.229999542236328
VIX;2017-01-17;11.770000457763672
VIX;2017-01-24;11.880000114440918
VIX;2017-01-31;11.369999885559082
VIX;2017-02-07;11.069999694824219
VIX;2017-02-14;11.489999771118164
VIX;2017-02-21;12.09000015258789
VIX;2017-02-28;11.239999771118164
VIX;2017-03-07;11.350000381469727
VIX;2017-03-14;11.34000015258789
VIX;2017-03-21;12.5
VIX;2017-03-28;12.380000114440918
VIX;2017-04-04;14.050000190734863
VIX;2017-04-11;14.65999984741211
VIX;2017-04-18;10.84000015258789
VIX;2017-04-25;10.109999656677246
VIX;2017-05-02;9.770000457763672
VIX;2017-05-09;10.420000076293945
VIX;2017-05-16;10.930000305175781
VIX;2017-05-23;9.8100004196167
VIX;2017-05-30;10.069999694824219
VIX;2017-06-06;11.460000038146973
VIX;2017-06-13;10.369999885559082
VIX;2017-06-20;9.899999618530273
VIX;2017-06-27;11.220000267028809
VIX;2017-07-04;11.109999656677246
VIX;2017-07-11;9.819999694824219
VIX;2017-07-18;9.430000305175781
VIX;2017-07-25;10.260000228881836
VIX;2017-08-01;9.930000305175781
VIX;2017-08-08;12.329999923706055
VIX;2017-08-15;13.1899995803833
VIX;2017-08-22;11.319999694824219
VIX;2017-08-29;10.130000114440918
VIX;2017-09-05;10.729999542236328
VIX;2017-09-12;10.149999618530273
VIX;2017-09-19;10.210000038146973
VIX;2017-09-26;9.449999809265137
VIX;2017-10-03;10.329999923706055
VIX;2017-10-10;9.90999984741211
VIX;2017-10-17;11.069999694824219
VIX;2017-10-24;10.5
VIX;2017-10-31;9.399999618530273
VIX;2017-11-07;11.5
VIX;2017-11-14;10.649999618530273
VIX;2017-11-21;9.869999885559082
VIX;2017-11-28;11.680000305175781
VIX;2017-12-05;9.34000015258789
VIX;2017-12-12;9.529999732971191
VIX;2017-12-19;9.899999618530273
VIX;2017-12-26;11.039999961853027
VIX;2018-01-02;9.520000457763672
VIX;2018-01-09;10.15999984741211
VIX;2018-01-16;11.029999732971191
VIX;2018-01-23;13.84000015258789
VIX;2018-01-30;37.31999969482422
VIX;2018-02-06;25.610000610351562
VIX;2018-02-13;19.459999084472656
VIX;2018-02-20;15.800000190734863
VIX;2018-02-27;18.729999542236328
VIX;2018-03-06;15.779999732971191
VIX;2018-03-13;19.020000457763672
VIX;2018-03-20;21.030000686645508
VIX;2018-03-27;23.6200008392334
VIX;2018-04-03;21.770000457763672
VIX;2018-04-10;16.559999465942383
VIX;2018-04-17;16.34000015258789
VIX;2018-04-24;15.930000305175781
VIX;2018-05-01;14.75
VIX;2018-05-08;12.930000305175781
VIX;2018-05-15;13.079999923706055
VIX;2018-05-22;13.220000267028809
VIX;2018-05-29;12.739999771118164
VIX;2018-06-05;12.350000381469727
VIX;2018-06-12;12.3100004196167
VIX;2018-06-19;17.329999923706055
VIX;2018-06-26;15.600000381469727
VIX;2018-07-03;12.6899995803833
VIX;2018-07-10;12.829999923706055
VIX;2018-07-17;12.619999885559082
VIX;2018-07-24;14.260000228881836
VIX;2018-07-31;11.270000457763672
VIX;2018-08-07;14.779999732971191
VIX;2018-08-14;12.489999771118164
VIX;2018-08-21;12.15999984741211
VIX;2018-08-28;12.859999656677246
VIX;2018-09-04;14.15999984741211
VIX;2018-09-11;13.680000305175781
VIX;2018-09-18;12.199999809265137
VIX;2018-09-25;12.0
VIX;2018-10-02;15.6899995803833
VIX;2018-10-09;21.299999237060547
VIX;2018-10-16;19.639999389648438
VIX;2018-10-23;24.700000762939453
VIX;2018-10-30;19.959999084472656
VIX;2018-11-06;20.450000762939453
VIX;2018-11-13;20.100000381469727
VIX;2018-11-20;18.899999618530273
VIX;2018-11-27;16.440000534057617
VIX;2018-12-04;22.639999389648438
VIX;2018-12-11;24.520000457763672
VIX;2018-12-18;36.06999969482422
VIX;2018-12-25;25.420000076293945
VIX;2019-01-01;21.399999618530273
VIX;2019-01-08;19.06999969482422
VIX;2019-01-15;17.799999237060547
VIX;2019-01-22;18.8700008392334
VIX;2019-01-29;15.729999542236328
VIX;2019-02-05;15.970000267028809
VIX;2019-02-12;14.90999984741211
VIX;2019-02-19;14.850000381469727
VIX;2019-02-26;14.630000114440918
VIX;2019-03-05;14.329999923706055
VIX;2019-03-12;13.100000381469727
VIX;2019-03-19;16.329999923706055
VIX;2019-03-26;13.399999618530273
VIX;2019-04-02;13.180000305175781
VIX;2019-04-09;12.319999694824219
VIX;2019-04-16;12.420000076293945
VIX;2019-04-23;13.109999656677246
VIX;2019-04-30;15.4399995803833
VIX;2019-05-07;20.549999237060547
VIX;2019-05-14;16.309999465942383
VIX;2019-05-21;15.850000381469727
VIX;2019-05-28;18.860000610351562
VIX;2019-06-04;15.9399995803833
VIX;2019-06-11;15.350000381469727
VIX;2019-06-18;15.260000228881836
VIX;2019-06-25;14.0600004196167
VIX;2019-07-02;13.960000038146973
VIX;2019-07-09;12.680000305175781
VIX;2019-07-16;13.529999732971191
VIX;2019-07-23;12.829999923706055
VIX;2019-07-30;24.59000015258789
VIX;2019-08-06;21.09000015258789
VIX;2019-08-13;16.8799991607666
VIX;2019-08-20;19.31999969482422
VIX;2019-08-27;18.979999542236328
VIX;2019-09-03;15.270000457763672
VIX;2019-09-10;14.670000076293945
VIX;2019-09-17;14.90999984741211
VIX;2019-09-24;16.239999771118164
VIX;2019-10-01;17.860000610351562
VIX;2019-10-08;14.569999694824219
VIX;2019-10-15;14.0
VIX;2019-10-22;13.109999656677246
VIX;2019-10-29;12.829999923706055
VIX;2019-11-05;12.6899995803833
VIX;2019-11-12;12.460000038146973
VIX;2019-11-19;11.869999885559082
VIX;2019-11-26;14.90999984741211
VIX;2019-12-03;15.859999656677246
VIX;2019-12-10;12.140000343322754
VIX;2019-12-17;12.609999656677246
VIX;2019-12-24;14.819999694824219
VIX;2019-12-31;13.850000381469727
VIX;2020-01-07;12.319999694824219
VIX;2020-01-14;12.100000381469727
VIX;2020-01-21;18.229999542236328
VIX;2020-01-28;17.969999313354492
VIX;2020-02-04;15.039999961853027
VIX;2020-02-11;13.680000305175781
VIX;2020-02-18;25.030000686645508
VIX;2020-02-25;33.41999816894531
VIX;2020-03-03;54.459999084472656
VIX;2020-03-10;82.69000244140625
VIX;2020-03-17;61.59000015258789
VIX;2020-03-24;57.08000183105469
VIX;2020-03-31;45.2400016784668
VIX;2020-04-07;41.16999816894531
VIX;2020-04-14;43.83000183105469
VIX;2020-04-21;33.290000915527344
VIX;2020-04-28;35.970001220703125
VIX;2020-05-05;27.56999969482422
VIX;2020-05-12;29.299999237060547
VIX;2020-05-19;28.15999984741211
VIX;2020-05-26;28.229999542236328
VIX;2020-06-02;25.809999465942383
VIX;2020-06-09;34.400001525878906
VIX;2020-06-16;31.770000457763672
VIX;2020-06-23;31.780000686645508
VIX;2020-06-30;27.940000534057617
VIX;2020-07-07;32.189998626708984
VIX;2020-07-14;24.459999084472656
VIX;2020-07-21;24.739999771118164
VIX;2020-07-28;24.280000686645508
VIX;2020-08-04;22.1299991607666
VIX;2020-08-11;21.350000381469727
VIX;2020-08-18;22.3700008392334
VIX;2020-08-25;26.40999984741211
VIX;2020-09-01;30.75
VIX;2020-09-08;25.850000381469727
VIX;2020-09-15;27.780000686645508
VIX;2020-09-22;26.190000534057617
VIX;2020-09-29;27.959999084472656
VIX;2020-10-06;25.06999969482422
VIX;2020-10-13;29.18000030517578
VIX;2020-10-20;32.459999084472656
VIX;2020-10-27;37.130001068115234
VIX;2020-11-03;25.75
VIX;2020-11-10;22.450000762939453
VIX;2020-11-17;22.65999984741211
VIX;2020-11-24;20.56999969482422
VIX;2020-12-01;21.299999237060547
VIX;2020-12-08;24.719999313354492
VIX;2020-12-15;25.15999984741211
VIX;2020-12-22;21.700000762939453
VIX;2020-12-29;26.969999313354492
VIX;2021-01-05;24.079999923706055
VIX;2021-01-12;24.34000015258789
VIX;2021-01-19;23.190000534057617
VIX;2021-01-26;30.239999771118164
VIX;2021-02-02;21.239999771118164
VIX;2021-02-09;19.969999313354492
VIX;2021-02-16;23.450000762939453
VIX;2021-02-23;23.350000381469727
VIX;2021-03-02;25.469999313354492
VIX;2021-03-09;20.030000686645508
VIX;2021-03-16;18.8799991607666
VIX;2021-03-23;20.739999771118164
VIX;2021-03-30;17.90999984741211
VIX;2021-04-06;16.90999984741211
VIX;2021-04-13;17.290000915527344
VIX;2021-04-20;17.639999389648438
VIX;2021-04-27;18.309999465942383
VIX;2021-05-04;19.65999984741211
VIX;2021-05-11;19.719999313354492
VIX;2021-05-18;18.399999618530273
VIX;2021-05-25;16.760000228881836
VIX;2021-06-01;16.420000076293945
VIX;2021-06-08;16.389999389648438
VIX;2021-06-15;17.889999389648438
VIX;2021-06-22;15.760000228881836
VIX;2021-06-29;15.069999694824219
VIX;2021-07-06;16.170000076293945
VIX;2021-07-13;22.5
VIX;2021-07-20;17.579999923706055
VIX;2021-07-27;19.459999084472656
VIX;2021-08-03;16.719999313354492
VIX;2021-08-10;16.1200008392334
VIX;2021-08-17;17.149999618530273
VIX;2021-08-24;16.190000534057617
VIX;2021-08-31;16.40999984741211
VIX;2021-09-07;19.3700008392334
VIX;2021-09-14;25.709999084472656
VIX;2021-09-21;18.760000228881836
VIX;2021-09-28;22.959999084472656
VIX;2021-10-05;20.0
VIX;2021-10-12;16.309999465942383
VIX;2021-10-19;15.239999771118164
VIX;2021-10-26;16.40999984741211
VIX;2021-11-02;17.219999313354492
VIX;2021-11-09;16.489999771118164
VIX;2021-11-16;19.170000076293945
VIX;2021-11-23;22.959999084472656
VIX;2021-11-30;27.18000030517578
VIX;2021-12-07;20.309999465942383
VIX;2021-12-14;22.8700008392334
VIX;2021-12-21;17.68000030517578
VIX;2021-12-28;16.600000381469727
VIX;2022-01-04;19.399999618530273
VIX;2022-01-11;19.190000534057617
VIX;2022-01-18;29.899999618530273
VIX;2022-01-25;24.829999923706055
VIX;2022-02-01;22.860000610351562
VIX;2022-02-08;28.329999923706055
VIX;2022-02-15;27.75
VIX;2022-02-22;30.149999618530273
VIX;2022-03-01;36.45000076293945
VIX;2022-03-08;31.770000457763672
VIX;2022-03-15;23.530000686645508
VIX;2022-03-22;19.6299991607666
VIX;2022-03-29;18.56999969482422
VIX;2022-04-05;24.3700008392334
VIX;2022-04-12;22.170000076293945
VIX;2022-04-19;27.020000457763672
VIX;2022-04-26;32.34000015258789
VIX;2022-05-03;34.75
VIX;2022-05-10;27.469999313354492
VIX;2022-05-17;28.479999542236328
VIX;2022-05-24;25.719999313354492
VIX;2022-05-31;25.06999969482422
VIX;2022-06-07;34.02000045776367
VIX;2022-06-14;31.1299991607666
VIX;2022-06-21;26.950000762939453
VIX;2022-06-28;26.700000762939453
VIX;2022-07-05;26.170000076293945
VIX;2022-07-12;25.299999237060547
VIX;2022-07-19;23.360000610351562
VIX;2022-07-26;22.84000015258789
VIX;2022-08-02;21.290000915527344
VIX;2022-08-09;19.950000762939453
VIX;2022-08-16;23.799999237060547
VIX;2022-08-23;26.209999084472656
VIX;2022-08-30;25.469999313354492
VIX;2022-09-06;23.8700008392334
VIX;2022-09-13;25.760000228881836
VIX;2022-09-20;32.2599983215332
VIX;2022-09-27;30.100000381469727
VIX;2022-10-04;32.45000076293945
VIX;2022-10-11;31.3700008392334
VIX;2022-10-18;29.850000381469727
VIX;2022-10-25;25.8799991607666
VIX;2022-11-01;24.350000381469727
VIX;2022-11-08;23.729999542236328
VIX;2022-11-15;22.360000610351562
VIX;2022-11-22;22.209999084472656
VIX;2022-11-29;20.75
VIX;2022-12-06;25.0
VIX;2022-12-13;22.420000076293945
VIX;2022-12-20;20.8700008392334
VIX;2022-12-27;21.670000076293945
VIX;2023-01-03;21.969999313354492
VIX;2023-01-10;18.350000381469727
VIX;2023-01-17;19.809999465942383
VIX;2023-01-24;19.940000534057617
VIX;2023-01-31;19.43000030517578
VIX;2023-02-07;20.34000015258789
VIX;2023-02-14;20.020000457763672
VIX;2023-02-21;20.950000762939453
VIX;2023-02-28;18.610000610351562
VIX;2023-03-07;26.520000457763672
VIX;2023-03-14;24.149999618530273
VIX;2023-03-21;20.600000381469727
VIX;2023-03-28;18.549999237060547
VIX;2023-04-04;18.969999313354492
VIX;2023-04-11;16.950000762939453
VIX;2023-04-18;16.889999389648438
VIX;2023-04-25;16.079999923706055
VIX;2023-05-02;16.979999542236328
VIX;2023-05-09;17.1200008392334
VIX;2023-05-16;17.209999084472656
VIX;2023-05-23;17.950000762939453
VIX;2023-05-30;14.729999542236328
VIX;2023-06-06;15.010000228881836
VIX;2023-06-13;13.539999961853027
VIX;2023-06-20;14.25
VIX;2023-06-27;13.569999694824219
VIX;2023-07-04;15.069999694824219
VIX;2023-07-11;13.479999542236328
VIX;2023-07-18;13.90999984741211
VIX;2023-07-25;13.630000114440918
VIX;2023-08-01;15.770000457763672
VIX;2023-08-08;14.819999694824219
VIX;2023-08-15;17.1299991607666
VIX;2023-08-22;15.079999923706055
VIX;2023-08-29;13.09000015258789
VIX;2023-09-05;13.800000190734863
VIX;2023-09-12;14.0
VIX;2023-09-19;16.899999618530273
VIX;2023-09-26;17.610000610351562
VIX;2023-10-03;17.700000762939453
VIX;2023-10-10;17.209999084472656
VIX;2023-10-17;20.3700008392334
VIX;2023-10-24;19.75
VIX;2023-10-31;14.890000343322754
VIX;2023-11-07;14.760000228881836
VIX;2023-11-14;13.40999984741211
VIX;2023-11-21;12.6899995803833
VIX;2023-11-28;13.079999923706055
VIX;2023-12-05;12.630000114440918
VIX;2023-12-12;12.5600004196167
VIX;2023-12-19;13.029999732971191
VIX;2023-12-26;12.449999809265137
VIX;2024-01-02;13.079999923706055
VIX;2024-01-09;12.699999809265137
VIX;2024-01-16;13.1899995803833
VIX;2024-01-23;13.600000381469727
VIX;2024-01-30;13.670000076293945
VIX;2024-02-06;13.930000305175781
VIX;2024-02-13;14.239999771118164
VIX;2024-02-20;13.739999771118164
VIX;2024-02-27;13.489999771118164
VIX;2024-03-05;15.220000267028809
VIX;2024-03-12;14.329999923706055
VIX;2024-03-19;13.1899995803833
VIX;2024-03-26;13.649999618530273
VIX;2024-04-02;15.1899995803833
VIX;2024-04-09;19.229999542236328
VIX;2024-04-16;16.940000534057617
VIX;2024-04-23;14.670000076293945
VIX;2024-04-30;13.489999771118164
VIX;2024-05-07;13.600000381469727
VIX;2024-05-14;12.149999618530273
VIX;2024-05-21;11.930000305175781
VIX;2024-05-28;13.109999656677246
VIX;2024-06-04;12.739999771118164
VIX;2024-06-11;12.75
VIX;2024-06-18;13.329999923706055
VIX;2024-06-25;12.220000267028809
VIX;2024-07-02;12.369999885559082
VIX;2024-07-09;13.119999885559082
VIX;2024-07-16;14.90999984741211
VIX;2024-07-23;16.600000381469727
VIX;2024-07-30;38.56999969482422
VIX;2024-08-06;20.709999084472656
VIX;2024-08-13;14.649999618530273
VIX;2024-08-20;16.149999618530273
VIX;2024-08-27;15.0
VIX;2024-09-03;19.450000762939453
VIX;2024-09-10;17.139999389648438
VIX;2024-09-17;15.890000343322754
VIX;2024-09-24;16.729999542236328
VIX;2024-10-01;22.639999389648438
VIX;2024-10-08;19.700000762939453
VIX;2024-10-15;18.3700008392334
VIX;2024-10-22;19.799999237060547
VIX;2024-10-29;21.979999542236328
VIX;2024-11-05;14.970000267028809
VIX;2024-11-12;15.579999923706055
VIX;2024-11-19;14.600000381469727
VIX;2024-11-26;13.34000015258789
VIX;2024-12-03;14.1899995803833
VIX;2024-12-10;14.6899995803833
VIX;2024-12-17;16.780000686645508
VIX;2024-12-24;17.399999618530273
VIX;2024-12-31;16.040000915527344
VIX;2025-01-07;19.190000534057617
VIX;2025-01-14;15.970000267028809
VIX;2025-01-21;17.899999618530273
VIX;2025-01-28;18.6200008392334
VIX;2025-02-04;15.8100004196167
VIX;2025-02-11;14.770000457763672
VIX;2025-02-18;18.979999542236328
VIX;2025-02-25;22.780000686645508
VIX;2025-03-04;27.860000610351562
VIX;2025-03-11;20.510000228881836
VIX;2025-03-18;17.479999542236328
VIX;2025-03-25;22.280000686645508
VIX;2025-04-01;46.97999954223633
VIX;2025-04-08;30.889999389648438
VIX;2025-04-15;33.81999969482422
VIX;2025-04-22;25.149999618530273
VIX;2025-04-29;23.639999389648438
VIX;2025-05-06;18.389999389648438
VIX;2025-05-13;18.139999389648438
VIX;2025-05-20;22.290000915527344
VIX;2025-05-27;18.360000610351562
VIX;2025-06-03;17.15999984741211
VIX;2025-06-10;19.110000610351562
VIX;2025-06-17;19.829999923706055
VIX;2025-06-24;16.729999542236328
VIX;2025-07-01;17.790000915527344
VIX;2025-07-08;17.200000762939453
VIX;2025-07-15;16.649999618530273
VIX;2025-07-22;15.029999732971191
VIX;2025-07-29;17.520000457763672
VIX;2025-08-05;16.25
VIX;2025-08-12;14.989999771118164
VIX;2025-08-19;14.789999961853027
VIX;2025-08-26;15.359999656677246
VIX;2025-09-02;15.109999656677246
VIX;2025-09-09;15.6899995803833
VIX;2025-09-16;16.100000381469727
VIX;2025-09-23;16.1200008392334
VIX;2025-09-30;16.3700008392334
VIX;2025-10-07;19.030000686645508
VIX;2025-10-14;18.229999542236328
VIX;2025-10-21;15.789999961853027
VIX;2025-10-28;17.170000076293945
VIX;2025-11-04;17.600000381469727
VIX;2025-11-11;22.3799991607666
VIX;2025-11-18;20.520000457763672
VIX;2025-11-25;17.239999771118164
VIX;2025-12-02;16.65999984741211
VIX;2025-12-09;16.5
VIX;2025-12-16;14.079999923706055
VIX;2025-12-23;14.199999809265137
VIX;2025-12-30;14.899999618530273
VIX;2026-01-06;15.119999885559082
VIX;2026-01-13;15.859999656677246
VIX;2026-01-20;16.149999618530273
VIX;2026-01-27;16.34000015258789
VIX;2026-02-03;17.360000610351562
VIX;2026-02-10;20.600000381469727
VIX;2026-02-17;21.010000228881836
VIX;2026-02-24;21.440000534057617
VIX;2026-03-03;25.5
VIX;2026-03-10;23.510000228881836
VIX;2026-03-17;26.149999618530273
VIX;2026-03-24;30.610000610351562
VIX;2026-03-31;24.170000076293945
VIX;2026-04-07;19.1200008392334
VIX;2026-04-14;18.8700008392334
VIX;2026-04-21;18.020000457763672
VIX;2026-04-28;18.290000915527344
VIX;2026-05-05;18.3799991607666
VIX;2026-05-12;17.81999969482422
VIX;2026-05-19;16.59000015258789
VIX;2026-05-26;16.049999237060547
VIX;2026-06-02;18.920000076293945
VIX;2026-06-09;16.200000762939453
VIX;2026-06-16;17.280000686645508
VIX;2026-06-23;17.649999618530273
VIX;2026-06-30;15.569999694824219
VIX;2026-07-07;17.15999984741211
VIX;2026-07-14;18.649999618530273
VIX;2026-07-21;18.670000076293945
VIX;2026-07-28;15.859999656677246
VIX;2026-08-04;15.460000038146973
VIX;2026-08-11;15.1899995803833
VIX;2026-08-18;15.850000381469727
VIX;2026-08-25;14.920000076293945
VIX;2026-09-01;15.300000190734863
VIX;2026-09-08;17.100000381469727
VIX;2026-09-15;17.709999084472656
VIX;2026-09-16;17.709999084472656
